Source,Kategori,Nama Produk,Extracted,text_cleaned,text_stopwords_removed,clean_text,token_awal,token_akhir,reduksi,persen_%
Shopee,Token Listrik,Token Listrik PLN Prabayar 5rb–50rb | Proses Cepat 24 Jam | Resmi & Aman,token listrik,token listrik pln prabayar rb–rb proses cepat jam resmi aman,token listrik pln prabayar rb–rb proses jam,token listrik pln prabayar rb rb proses jam,14.0,8.0,6.0,42.9
Shopee,Token Listrik,diskon token listrik token listrik murah,token listrik,diskon token listrik token listrik murah,token listrik token listrik,token listrik token listrik,6.0,4.0,2.0,33.3
Shopee,Token Listrik,TOKEN LISTRIK TERMURAH SE-INDONESIA DAN RESMI,token listrik,token listrik termurah seindonesia dan resmi,token listrik seindonesia,token listrik indonesia,6.0,3.0,3.0,50.0
Shopee,Token Listrik,TOKEN PLN - TOKEN PLN PROMO - PLN TOKEN PROMO - PLN TOKEN - TOKEN PLN 5K - TOKEN PLN 5 RIBU - TOKEN PLN 10K - TOKEN PLN 10 RIBU - TOKEN PLN 15K - TOKEN PLN 15 RIBU - TOKEN PLN 20K - TOKEN PLN 20 RIBU,token listrik,token pln token pln promo pln token promo pln token token pln k token pln ribu token pln k token pln ribu token pln k token pln ribu token pln k token pln ribu,token pln token pln pln token pln token token pln token pln ribu token pln token pln ribu token pln token pln ribu token pln token pln ribu,token pln token pln pln token pln token token pln token pln ribu token pln token pln ribu token pln token pln ribu token pln token pln ribu,49.0,28.0,21.0,42.9
Shopee,Token Listrik,Promo Token Listrik 5k 10k 15k 20k 20ribu,token listrik,promo token listrik k k k k ribu,token listrik ribu,token listrik ribu,8.0,3.0,5.0,62.5
Shopee,Token Listrik,Token Listrik PLN Nominal 100.000 murah!,token listrik,token listrik pln nominal murah,token listrik pln,token listrik pln,6.0,3.0,3.0,50.0
Shopee,Token Listrik,Token PLN 5k-25k Proses cepat - TOKEN 5K - TOKEN 10K - TOKEN 15K - TOKEN 20K - TOKEN 25K,token listrik,token pln kk proses cepat token k token k token k token k token k,token pln kk proses token token token token token,token pln kk proses token token token token token,20.0,9.0,11.0,55.0
Shopee,Token Listrik,PLN LISTRIK ISI ULANG TOKEN PLN 20RB,token listrik,pln listrik isi ulang token pln rb,pln listrik ulang token pln rb,pln listrik ulang token pln rb,7.0,6.0,1.0,14.3
Shopee,Token Listrik,Token Listrik Mini Pintar Murah 5000-20000,token listrik,token listrik mini pintar murah,token listrik,token listrik,6.0,2.0,4.0,66.7
Shopee,Token Listrik,TERMURAH!!! TOKEN PLN | TOKEN LISTRIK | PULSA LISTRIK MURAH 20K 50K 100K,token listrik,termurah token pln token listrik pulsa listrik murah k k k,token pln token listrik pulsa listrik,token pln token listrik pulsa listrik,13.0,6.0,7.0,53.8
Shopee,Token Listrik,"Token Listrik Nominal Kecil 5k,10k,15k,20k,50K Proses Cepat",token listrik,token listrik nominal kecil kkkkk proses cepat,token listrik kkkkk proses,token listrik kkkkk proses,7.0,4.0,3.0,42.9
Shopee,Token Listrik,"Token Listrik Murah 5,10,15 Untuk Pembelian Online",token listrik,token listrik murah untuk pembelian online,token listrik pembelian,token listrik beli,7.0,3.0,4.0,57.1
Shopee,Token Listrik,"Token Listrik PLN Termurah 20k, 25k, 50k Promo",token listrik,token listrik pln termurah k k k promo,token listrik pln,token listrik pln,8.0,3.0,5.0,62.5
Shopee,Token Listrik,Token Listrik PLN 5k 10k 15k 20k,token listrik,token listrik pln k k k k,token listrik pln,token listrik pln,7.0,3.0,4.0,57.1
Shopee,Token Listrik,Token listrik,token listrik,token listrik,token listrik,token listrik,2.0,2.0,0.0,0.0
Shopee,Token Listrik,PROMO Token Listrik 50K 50RB Isi Cepat 50000,token listrik,promo token listrik k rb isi cepat,token listrik rb,token listrik rb,8.0,3.0,5.0,62.5
Shopee,Token Listrik,Token Listrik PLN Nominal 15.000 murah!,token listrik,token listrik pln nominal murah,token listrik pln,token listrik pln,6.0,3.0,3.0,50.0
Shopee,Token Listrik,Pulsa Listrik Token PLN 5RB 10RB 15RB Dadakan,token listrik,pulsa listrik token pln rb rb rb dadakan,pulsa listrik token pln rb rb rb,pulsa listrik token pln rb rb rb,8.0,7.0,1.0,12.5
Shopee,Token Listrik,Token Listrik Murah & Aman Rp. 100.000,token listrik,token listrik murah aman rp,token listrik rp,token listrik rp,7.0,3.0,4.0,57.1
Shopee,Token Listrik,Token Listrik PLN Nominal 20.000 murah!,token listrik,token listrik pln nominal murah,token listrik pln,token listrik pln,6.0,3.0,3.0,50.0
Shopee,Token Listrik,Promo Token Listrik PLN Prabayar Dan Paskabayara 1jt-10jt,token listrik,promo token listrik pln prabayar dan paskabayara jtjt,token listrik pln prabayar paskabayara jtjt,token listrik pln prabayar paskabayara jtjt,8.0,6.0,2.0,25.0
Shopee,Token Listrik,TOKEN Pulsa Listrik PLN 5K 5 Ribu 5rb Eceran Murah (Kirim Kode via Chat),token listrik,token pulsa listrik pln k ribu rb eceran murah kirim kode via chat,token pulsa listrik pln ribu rb eceran kode via chat,token pulsa listrik pln ribu rb ecer kode via chat,14.0,10.0,4.0,28.6
Shopee,Token Listrik,"Token Listrik PLN Prabayar 25.000 , 50.000 dengan Pengisian Cepat",token listrik,token listrik pln prabayar dengan pengisian cepat,token listrik pln prabayar pengisian,token listrik pln prabayar isi,10.0,5.0,5.0,50.0
Shopee,Token Listrik,Pulsa Listrik - Voucher listrik - Token Listrik PLN Termurah !!,token listrik,pulsa listrik voucher listrik token listrik pln termurah,pulsa listrik listrik token listrik pln,pulsa listrik listrik token listrik pln,11.0,6.0,5.0,45.5
Shopee,Token Listrik,Token PLN / Harga Admin Termurah / Proses Langsung Masuk,token listrik,token pln harga admin termurah proses langsung masuk,token pln admin proses langsung masuk,token pln admin proses langsung masuk,10.0,6.0,4.0,40.0
Shopee,Token Listrik,Murahhh || Token Listrik 20K 50K 70K 100K,token listrik,murahhh token listrik k k k k,murahhh token listrik,murahhh token listrik,8.0,3.0,5.0,62.5
Shopee,Token Listrik,Token Listrik PLN Nominal 5.000 sampai 50.000 murah!,token listrik,token listrik pln nominal sampai murah,token listrik pln,token listrik pln,8.0,3.0,5.0,62.5
Shopee,Token Listrik,Token Listrik Murah Rafachel Kualitas Konsisten,token listrik,token listrik murah rafachel kualitas konsisten,token listrik rafachel konsisten,token listrik rafachel konsisten,6.0,4.0,2.0,33.3
Shopee,Token Listrik,Token Listrik PLN Termurah Shopee Berbagai Nominal,token listrik,token listrik pln termurah shopee berbagai nominal,token listrik pln shopee,token listrik pln shopee,7.0,4.0,3.0,42.9
Shopee,Token Listrik,Token Listrik Mini/Pln/Listrik Pintar 10k-5rb-100,token listrik,token listrik miniplnlistrik pintar krb,token listrik miniplnlistrik krb,token listrik miniplnlistrik krb,5.0,4.0,1.0,20.0
Shopee,Token Listrik,Token Listrik 5K 5RB 5000 Isi Ulang,token listrik,token listrik k rb isi ulang,token listrik rb ulang,token listrik rb ulang,7.0,4.0,3.0,42.9
Shopee,Token Listrik,Token listrik pulsa PLN 50k,token listrik,token listrik pulsa pln k,token listrik pulsa pln,token listrik pulsa pln,5.0,4.0,1.0,20.0
Shopee,Token Listrik,Token Listrik Pintar | PLN Prabayar | Promo Diskon Biaya Admin,token listrik,token listrik pintar pln prabayar promo diskon biaya admin,token listrik pln prabayar biaya admin,token listrik pln prabayar biaya admin,11.0,6.0,5.0,45.5
Shopee,Token Listrik,Token Listrik Murah PLN Cepat Proses 20k-100k,token listrik,token listrik murah pln cepat proses kk,token listrik pln proses kk,token listrik pln proses kk,7.0,5.0,2.0,28.6
Shopee,Token Listrik,"token listrik mini murah,listrikpintar,token listrik",token listrik,token listrik mini murahlistrikpintartoken listrik,token listrik murahlistrikpintartoken listrik,token listrik murahlistrikpintartoken listrik,5.0,4.0,1.0,20.0
Shopee,Token Listrik,Token Listrik PLN Nominal 10.000 murah!,token listrik,token listrik pln nominal murah,token listrik pln,token listrik pln,6.0,3.0,3.0,50.0
Shopee,Token Listrik,Token Listrik PLN Nominal 5.000 murah!,token listrik,token listrik pln nominal murah,token listrik pln,token listrik pln,6.0,3.0,3.0,50.0
Shopee,Token Listrik,Token Listrik PLN Nominal 25.000 murah!,token listrik,token listrik pln nominal murah,token listrik pln,token listrik pln,6.0,3.0,3.0,50.0
Shopee,Token Listrik,PLN Token | Pulsa Listrik | Token Listrik | Nominal 5.000 sampai 50.000,token listrik,pln token pulsa listrik token listrik nominal sampai,pln token pulsa listrik token listrik,pln token pulsa listrik token listrik,13.0,6.0,7.0,53.8
Shopee,Token Listrik,Token Listrik PLN Nominal 50.000 murah!,token listrik,token listrik pln nominal murah,token listrik pln,token listrik pln,6.0,3.0,3.0,50.0
Shopee,Token Listrik,Isi Ulang Token Pln Nominal 20000 - 100000 Harga Murah,token listrik,isi ulang token pln nominal harga murah,ulang token pln,ulang token pln,10.0,3.0,7.0,70.0
Shopee,Token Listrik,token listrik,token listrik,token listrik,token listrik,token listrik,2.0,2.0,0.0,0.0
Shopee,Token Listrik,Token Listrik PLN PROMO 100RB Original,token listrik,token listrik pln promo rb original,token listrik pln rb,token listrik pln rb,6.0,4.0,2.0,33.3
Shopee,Token Listrik,isi ulang token listrik,token listrik,isi ulang token listrik,ulang token listrik,ulang token listrik,4.0,3.0,1.0,25.0
Shopee,Token Listrik,PROMO Token Listrik Termurah PLN Terbaru,token listrik,promo token listrik termurah pln terbaru,token listrik pln,token listrik pln,6.0,3.0,3.0,50.0
Shopee,Token Listrik,"Termurah Token Listrik 5Rb,10Rb,15Rb,20Rb Proses Cepat",token listrik,termurah token listrik rbrbrbrb proses cepat,token listrik rbrbrbrb proses,token listrik rbrbrbrb proses,6.0,4.0,2.0,33.3
Shopee,Token Listrik,Token Listrik Cepat Masuk Bergaransi harga Murah,token listrik,token listrik cepat masuk bergaransi harga murah,token listrik masuk bergaransi,token listrik masuk garansi,7.0,4.0,3.0,42.9
Shopee,Token Listrik,TERMURAH!!! TOKEN PLN | TOKEN LISTRIK | PULSA PLN | PULSA LISTRIK MURAH 20K 50K 100K,token listrik,termurah token pln token listrik pulsa pln pulsa listrik murah k k k,token pln token listrik pulsa pln pulsa listrik,token pln token listrik pulsa pln pulsa listrik,16.0,8.0,8.0,50.0
Shopee,Token Listrik,TOKEN LISTRIK PLN PROMO TERMURAH,token listrik,token listrik pln promo termurah,token listrik pln,token listrik pln,5.0,3.0,2.0,40.0
Shopee,Token Listrik,PROMO Token Listrik 20 K Ready PLN ID,token listrik,promo token listrik k ready pln id,token listrik pln id,token listrik pln id,8.0,4.0,4.0,50.0
Shopee,Token Listrik,Murah Token Listrik PLN Aman dan Amanah,token listrik,murah token listrik pln aman dan amanah,token listrik pln,token listrik pln,7.0,3.0,4.0,57.1
Shopee,Token Listrik,PROMO TOKEN LISTRIK 20Rb,token listrik,promo token listrik rb,token listrik rb,token listrik rb,4.0,3.0,1.0,25.0
Shopee,Token Listrik,TOKEN LISTRIK 5k-50k,token listrik,token listrik kk,token listrik kk,token listrik kk,3.0,3.0,0.0,0.0
Shopee,Token Listrik,TOKEN LISTRIK PLN 5 10 15 20 50 Best Seller,token listrik,token listrik pln best seller,token listrik pln,token listrik pln,10.0,3.0,7.0,70.0
Shopee,Token Listrik,Token Listrik Mini 5K-20K Asli Proses Cepat,token listrik,token listrik mini kk asli proses cepat,token listrik kk proses,token listrik kk proses,7.0,4.0,3.0,42.9
Shopee,Token Listrik,Promo Token Listrik 200RB-500RB,token listrik,promo token listrik rbrb,token listrik rbrb,token listrik rbrb,4.0,3.0,1.0,25.0
Shopee,Token Listrik,Token listrik pulsa PLN 5k-200k,token listrik,token listrik pulsa pln kk,token listrik pulsa pln kk,token listrik pulsa pln kk,5.0,5.0,0.0,0.0
Shopee,Token Listrik,PLN TOKEN 100RIBU | TOKEN LISTRIK 100.000 | PULSA LISTRIK 100K | NOMINAL 100,token listrik,pln token ribu token listrik pulsa listrik k nominal,pln token ribu token listrik pulsa listrik,pln token ribu token listrik pulsa listrik,14.0,7.0,7.0,50.0
Shopee,Token Listrik,PROMO!!! TOKEN PLN | TOKEN LISTRIK | PULSA PLN | PULSA LISTRIK MURAH 20K 50K 100Kl,token listrik,promo token pln token listrik pulsa pln pulsa listrik murah k k kl,token pln token listrik pulsa pln pulsa listrik kl,token pln token listrik pulsa pln pulsa listrik kl,16.0,9.0,7.0,43.8
Shopee,Token Listrik,Token Listrik Murah dan Cepat  Rp. 20.000,token listrik,token listrik murah dan cepat rp,token listrik rp,token listrik rp,7.0,3.0,4.0,57.1
Shopee,Token Listrik,Token Listrik PLN PROMO 500RB Original 24 Jam,token listrik,token listrik pln promo rb original jam,token listrik pln rb jam,token listrik pln rb jam,8.0,5.0,3.0,37.5
Shopee,Token Listrik,Token Listrik PLN - Pengisian Cepat & Mudah,token listrik,token listrik pln pengisian cepat mudah,token listrik pln pengisian mudah,token listrik pln isi mudah,8.0,5.0,3.0,37.5
Shopee,Token Listrik,PROMO TOKEN LISTRIK CEPAT MUDAH,token listrik,promo token listrik cepat mudah,token listrik mudah,token listrik mudah,5.0,3.0,2.0,40.0
Shopee,Token Listrik,PROMO Token Listrik PLN Termurah Proses Cepat,token listrik,promo token listrik pln termurah proses cepat,token listrik pln proses,token listrik pln proses,7.0,4.0,3.0,42.9
Shopee,Token Listrik,Token Listrik PLN – Murah & Cepat,token listrik,token listrik pln – murah cepat,token listrik pln,token listrik pln,7.0,3.0,4.0,57.1
Shopee,Token Listrik,Token Listrik PLN Nominal Lengkap Harga Murah,token listrik,token listrik pln nominal lengkap harga murah,token listrik pln,token listrik pln,7.0,3.0,4.0,57.1
Shopee,Token Listrik,Assyifa Peduli - Token Listrik Masjid,token listrik,assyifa peduli token listrik masjid,assyifa peduli token listrik masjid,assyifa peduli token listrik masjid,6.0,5.0,1.0,16.7
Shopee,Token Listrik,Token PLN Promo Termurah Cuma Disini Ready 20K 50K,token listrik,token pln promo termurah cuma disini ready k k,token pln,token pln,9.0,2.0,7.0,77.8
Shopee,Token Listrik,TOKEN LISTRIK PLN NOMINAL 15.000 TERMURAH,token listrik,token listrik pln nominal termurah,token listrik pln,token listrik pln,6.0,3.0,3.0,50.0
Shopee,Token Listrik,Token Listrik Murah | 15 20 25 50 100,token listrik,token listrik murah,token listrik,token listrik,9.0,2.0,7.0,77.8
Shopee,Token Listrik,Token Listrik PLN PROMO 1 Juta Original,token listrik,token listrik pln promo juta original,token listrik pln juta,token listrik pln juta,7.0,4.0,3.0,42.9
Shopee,Token Listrik,TOKEN LISTRIK PLN 5/10/15/20 token listrik mini SALE TERMURAH!! Kirim Otomatis & Langsung Aktif,token listrik,token listrik pln token listrik mini sale termurah kirim otomatis langsung aktif,token listrik pln token listrik langsung,token listrik pln token listrik langsung,14.0,6.0,8.0,57.1
Shopee,Token Listrik,TOKEN LISTRIK PLN PROMO NOMINAL 5 10 15 20 50 - ISI ULANG PULSA TOKEN LISTRIK PLN CEPAT LANGSUNG KIRIM,token listrik,token listrik pln promo nominal isi ulang pulsa token listrik pln cepat langsung kirim,token listrik pln ulang pulsa token listrik pln langsung,token listrik pln ulang pulsa token listrik pln langsung,20.0,9.0,11.0,55.0
Shopee,Token Listrik,PROMO TOKEN PLN 20 50 100,token listrik,promo token pln,token pln,token pln,6.0,2.0,4.0,66.7
Shopee,Token Listrik,TOKEN LISTRIK PRABYAR,token listrik,token listrik prabyar,token listrik prabyar,token listrik prabyar,3.0,3.0,0.0,0.0
Shopee,Token Listrik,Token Listrik PLN 20.000 | Isi Token Listrik 20K Cepat & Aman,token listrik,token listrik pln isi token listrik k cepat aman,token listrik pln token listrik,token listrik pln token listrik,12.0,5.0,7.0,58.3
Shopee,Token Listrik,TOKEN PLN 100.000,token listrik,token pln,token pln,token pln,3.0,2.0,1.0,33.3
Shopee,Token Listrik,PLN TOKEN,token listrik,pln token,pln token,pln token,2.0,2.0,0.0,0.0
Shopee,Token Listrik,Token listrik 200 ribu,token listrik,token listrik ribu,token listrik ribu,token listrik ribu,4.0,3.0,1.0,25.0
Shopee,Token Listrik,Promo token listrik 1jutak harga 900ribu,token listrik,promo token listrik jutak harga ribu,token listrik jutak ribu,token listrik jutak ribu,6.0,4.0,2.0,33.3
Shopee,Token Listrik,Token Listrik 15,token listrik,token listrik,token listrik,token listrik,3.0,2.0,1.0,33.3
Shopee,Token Listrik,"Token Listrik 5k , 10k , 15k , 20k",token listrik,token listrik k k k k,token listrik,token listrik,9.0,2.0,7.0,77.8
Shopee,Token Listrik,Token Listrik Pintar Fast Respon 2-5 Menit,token listrik,token listrik pintar fast respon menit,token listrik fast respon menit,token listrik fast respon menit,7.0,5.0,2.0,28.6
Shopee,Token Listrik,Token Listrik 50 Diskon PROMO 500 Ribu,token listrik,token listrik diskon promo ribu,token listrik ribu,token listrik ribu,7.0,3.0,4.0,57.1
Shopee,Token Listrik,Token Listrik 20k 50k 100k Proses Cepat Murah,token listrik,token listrik k k k proses cepat murah,token listrik proses,token listrik proses,8.0,3.0,5.0,62.5
Shopee,Token Listrik,Token Listrik PLN 5k 10k PROMO Termurah,token listrik,token listrik pln k k promo termurah,token listrik pln,token listrik pln,7.0,3.0,4.0,57.1
Shopee,Token Listrik,Token Listrik PLN 5 10 15 20 25,token listrik,token listrik pln,token listrik pln,token listrik pln,8.0,3.0,5.0,62.5
Shopee,Token Listrik,TOKEN LISTRIK PROMO CEPAT 200 500 1J,token listrik,token listrik promo cepat j,token listrik,token listrik,7.0,2.0,5.0,71.4
Shopee,Token Listrik,TOKEN LISTRIK 10K 10.000 10Ribu 10Rb | Promo Pulsa PLN Pintar Eceran Grosir Murah Langsung Kirim Kode Via Chat,token listrik,token listrik k ribu rb promo pulsa pln pintar eceran grosir murah langsung kirim kode via chat,token listrik ribu rb pulsa pln eceran langsung kode via chat,token listrik ribu rb pulsa pln ecer langsung kode via chat,19.0,11.0,8.0,42.1
Shopee,Token Listrik,Token listrik promo 850  bisa saldo,token listrik,token listrik promo bisa saldo,token listrik saldo,token listrik saldo,6.0,3.0,3.0,50.0
Shopee,Token Listrik,Token PLN Listrik Pulsa 200 500 1 juta,token listrik,token pln listrik pulsa juta,token pln listrik pulsa juta,token pln listrik pulsa juta,8.0,5.0,3.0,37.5
Shopee,Token Listrik,Token PLN Langsung 1 Juta 1 Jt 1Jt,token listrik,token pln langsung juta jt jt,token pln langsung juta jt jt,token pln langsung juta jt jt,8.0,6.0,2.0,25.0
Shopee,Token Listrik,Promo token listrik 100 50 20,token listrik,promo token listrik,token listrik,token listrik,6.0,2.0,4.0,66.7
Shopee,Token Listrik,PROMO!!! TOKEN PLN | TOKEN LISTRIK | PULSA PLN | PULSA LISTRIK MURAH 20K 50K 100K,token listrik,promo token pln token listrik pulsa pln pulsa listrik murah k k k,token pln token listrik pulsa pln pulsa listrik,token pln token listrik pulsa pln pulsa listrik,16.0,8.0,8.0,50.0
Shopee,Token Listrik,Token Listrik PLN 5k 10k 15k 20k 25k 50k,token listrik,token listrik pln k k k k k k,token listrik pln,token listrik pln,9.0,3.0,6.0,66.7
Shopee,Token Listrik,"Token Listrik Murah 5k, 10k, 15k, 20k {Baca Deskripsi Dulu}",token listrik,token listrik murah k k k k baca deskripsi dulu,token listrik baca deskripsi,token listrik baca deskripsi,10.0,4.0,6.0,60.0
Shopee,Token Listrik,PROMO Token Listrik PLN10,token listrik,promo token listrik pln,token listrik pln,token listrik pln,4.0,3.0,1.0,25.0
Shopee,Token Listrik,Token Listrik PLN 15k muraaah,token listrik,token listrik pln k muraaah,token listrik pln muraaah,token listrik pln muraaah,5.0,4.0,1.0,20.0
Shopee,Token Listrik,PROMO Token Listrik 20K 50K Pengiriman Cepat,token listrik,promo token listrik k k pengiriman cepat,token listrik pengiriman,token listrik kirim,7.0,3.0,4.0,57.1
Shopee,Token Listrik,Token PlN mini,token listrik,token pln mini,token pln,token pln,3.0,2.0,1.0,33.3
Shopee,Token Listrik,Token Listrik Promo murah cepat bergaransi 10k,token listrik,token listrik promo murah cepat bergaransi k,token listrik bergaransi,token listrik garansi,7.0,3.0,4.0,57.1
Shopee,Token Listrik,Token Listrik PLN 5 10 15 20 50 40 70 100 Pulsa Listrik,token listrik,token listrik pln pulsa listrik,token listrik pln pulsa listrik,token listrik pln pulsa listrik,13.0,5.0,8.0,61.5
Shopee,Token Listrik,Pulsa Token Listrik 200K,token listrik,pulsa token listrik k,pulsa token listrik,pulsa token listrik,4.0,3.0,1.0,25.0
Shopee,Token Listrik,Token Listrik Murah 5k 10k 15k 20k Pengiriman Cepat,token listrik,token listrik murah k k k k pengiriman cepat,token listrik pengiriman,token listrik kirim,9.0,3.0,6.0,66.7
Shopee,Token Listrik,PROMO Token Listrik PLN Proses Cepat,token listrik,promo token listrik pln proses cepat,token listrik pln proses,token listrik pln proses,6.0,4.0,2.0,33.3
Shopee,Token Listrik,TOKEN LISTRIK PLN NOMINAL 10.000 TERMURAH,token listrik,token listrik pln nominal termurah,token listrik pln,token listrik pln,6.0,3.0,3.0,50.0
Shopee,Token Listrik,Token PLN Prabayar,token listrik,token pln prabayar,token pln prabayar,token pln prabayar,3.0,3.0,0.0,0.0
Shopee,Token Listrik,Token listrik 20 50 100,token listrik,token listrik,token listrik,token listrik,5.0,2.0,3.0,60.0
Shopee,Token Listrik,Token listrik termurah di shopee ( Bayar Tagihan listrik),token listrik,token listrik termurah di shopee bayar tagihan listrik,token listrik shopee tagihan listrik,token listrik shopee tagih listrik,9.0,5.0,4.0,44.4
Shopee,Token Listrik,token PLN murah 20,token listrik,token pln murah,token pln,token pln,4.0,2.0,2.0,50.0
Shopee,Token Listrik,Token Listrik [Id Pelanggan Di Catatan Pesanan],token listrik,token listrik id pelanggan di catatan pesanan,token listrik id pelanggan catatan pesanan,token listrik id langgan catat pesan,7.0,6.0,1.0,14.3
Shopee,Token Listrik,token listrik 15k,token listrik,token listrik k,token listrik,token listrik,3.0,2.0,1.0,33.3
Shopee,Token Listrik,Token Listrik Murah Dengan Nomor Meteran,token listrik,token listrik murah dengan nomor meteran,token listrik nomor meteran,token listrik nomor meter,6.0,4.0,2.0,33.3
Shopee,Token Listrik,JUAL TOKEN LISTRIK 100% AMANAH BACA DESKRIPSI,token listrik,jual token listrik amanah baca deskripsi,token listrik baca deskripsi,token listrik baca deskripsi,7.0,4.0,3.0,42.9
Shopee,Token Listrik,Token Listrik 5 10 15 20,token listrik,token listrik,token listrik,token listrik,6.0,2.0,4.0,66.7
Shopee,Token Listrik,Pulsa Token Listrik 200.500,token listrik,pulsa token listrik,pulsa token listrik,pulsa token listrik,4.0,3.0,1.0,25.0
Shopee,Token Listrik,Token listrik 500,token listrik,token listrik,token listrik,token listrik,3.0,2.0,1.0,33.3
Shopee,Token Listrik,Token listrik 10k promo,token listrik,token listrik k promo,token listrik,token listrik,4.0,2.0,2.0,50.0
Shopee,Token Listrik,TOKEN LISTRIK PLN PROMO 200RB,token listrik,token listrik pln promo rb,token listrik pln rb,token listrik pln rb,5.0,4.0,1.0,20.0
Shopee,Token Listrik,TERMURAH Token Listrik PLN Aman dan Amanah,token listrik,termurah token listrik pln aman dan amanah,token listrik pln,token listrik pln,7.0,3.0,4.0,57.1
Shopee,Token Listrik,Token Listrik PLN 100 100000 / Pulsa Listrik 100 Murah,token listrik,token listrik pln pulsa listrik murah,token listrik pln pulsa listrik,token listrik pln pulsa listrik,10.0,5.0,5.0,50.0
Shopee,Token Listrik,Token listrik original pln,token listrik,token listrik original pln,token listrik pln,token listrik pln,4.0,3.0,1.0,25.0
Shopee,Token Listrik,TOKEN LISTRIK PLN5 PLN10 PLN15 PLN20,token listrik,token listrik pln pln pln pln,token listrik pln pln pln pln,token listrik pln pln pln pln,6.0,6.0,0.0,0.0
Shopee,Token Listrik,Token Listrik PLN 20K | Isi Listrik Cepat Tanpa Delay,token listrik,token listrik pln k isi listrik cepat tanpa delay,token listrik pln listrik delay,token listrik pln listrik delay,10.0,5.0,5.0,50.0
Shopee,Token Listrik,Token Listrik PLN 5.000 | Pulsa Listrik 5K Instan Cepat,token listrik,token listrik pln pulsa listrik k instan cepat,token listrik pln pulsa listrik,token listrik pln pulsa listrik,10.0,5.0,5.0,50.0
Shopee,Token Listrik,token listrik 500,token listrik,token listrik,token listrik,token listrik,3.0,2.0,1.0,33.3
Shopee,Token Listrik,Token PLN,token listrik,token pln,token pln,token pln,2.0,2.0,0.0,0.0
Shopee,Token Listrik,Token Listrik 20 20000 / Pulsa Listrik PLN 20K Murah,token listrik,token listrik pulsa listrik pln k murah,token listrik pulsa listrik pln,token listrik pulsa listrik pln,10.0,5.0,5.0,50.0
Shopee,Token Listrik,Token Listrik PLN 5k,token listrik,token listrik pln k,token listrik pln,token listrik pln,4.0,3.0,1.0,25.0
Shopee,Token Listrik,Token Listrik PLN 10k,token listrik,token listrik pln k,token listrik pln,token listrik pln,4.0,3.0,1.0,25.0
Shopee,Token Listrik,Token Listrik PLN Pulsa 20 50 100 Murah,token listrik,token listrik pln pulsa murah,token listrik pln pulsa,token listrik pln pulsa,8.0,4.0,4.0,50.0
Shopee,Token Listrik,TOKEN LISTRIK MURAH DAN AMANAH,token listrik,token listrik murah dan amanah,token listrik,token listrik,5.0,2.0,3.0,60.0
Shopee,Token Listrik,Token Listrik PLN 50K | Pulsa Listrik Best Seller Instan,token listrik,token listrik pln k pulsa listrik best seller instan,token listrik pln pulsa listrik,token listrik pln pulsa listrik,10.0,5.0,5.0,50.0
Shopee,Token Listrik,TOKEN LISTRIK l TOKEN PLN l PULSA LISTRIK MURAH!! 5k 10k 15k 20k 50k,token listrik,token listrik l token pln l pulsa listrik murah k k k k k,token listrik token pln pulsa listrik,token listrik token pln pulsa listrik,14.0,6.0,8.0,57.1
Shopee,Token Listrik,Token Listrik PLN 50.000 100.000 200.000 Murah Cepat,token listrik,token listrik pln murah cepat,token listrik pln,token listrik pln,8.0,3.0,5.0,62.5
Shopee,Token Listrik,Token Listrik PLN Prabayar - Pengiriman Cepat & Langsung Via Chat,token listrik,token listrik pln prabayar pengiriman cepat langsung via chat,token listrik pln prabayar pengiriman langsung via chat,token listrik pln prabayar kirim langsung via chat,11.0,8.0,3.0,27.3
Shopee,Token Listrik,Token Listrik Top Up PLN Murah,token listrik,token listrik top up pln murah,token listrik up pln,token listrik up pln,6.0,4.0,2.0,33.3
Shopee,Token Listrik,TOKEN LISTRIK 50k,token listrik,token listrik k,token listrik,token listrik,3.0,2.0,1.0,33.3
Shopee,Token Listrik,Token Listrik PLN PROMO 50RB Original Sesuai KWH,token listrik,token listrik pln promo rb original sesuai kwh,token listrik pln rb kwh,token listrik pln rb kwh,8.0,5.0,3.0,37.5
Shopee,Token Listrik,"Token Listrik PLN Nominal 5000, 10000, 15000, 20000",token listrik,token listrik pln nominal,token listrik pln,token listrik pln,8.0,3.0,5.0,62.5
Shopee,Token Listrik,"TOKEN LISTRIK 20000, 50000, 100000 | PLN | PULSA LISTRIK",token listrik,token listrik pln pulsa listrik,token listrik pln pulsa listrik,token listrik pln pulsa listrik,10.0,5.0,5.0,50.0
Shopee,Token Listrik,Token PLN Murah,token listrik,token pln murah,token pln,token pln,3.0,2.0,1.0,33.3
Shopee,Token Listrik,Token Listrik PLN 50.000 | Pulsa Listrik 50K Instan 24 Jam,token listrik,token listrik pln pulsa listrik k instan jam,token listrik pln pulsa listrik jam,token listrik pln pulsa listrik jam,11.0,6.0,5.0,45.5
Shopee,Token Listrik,TOKEN PLN 50K,token listrik,token pln k,token pln,token pln,3.0,2.0,1.0,33.3
Shopee,Token Listrik,Token Listrik Prabayar || Listrik PLN 20.000,token listrik,token listrik prabayar listrik pln,token listrik prabayar listrik pln,token listrik prabayar listrik pln,7.0,5.0,2.0,28.6
Shopee,Token Listrik,TOKEN LISTRIK PLN 20 50 100,token listrik,token listrik pln,token listrik pln,token listrik pln,6.0,3.0,3.0,50.0
Shopee,Token Listrik,Token Listrik Pintar Pulsa Khusus Meter 56 Melcoinda,token listrik,token listrik pintar pulsa khusus meter melcoinda,token listrik pulsa melcoinda,token listrik pulsa melcoinda,8.0,4.0,4.0,50.0
Shopee,Token Listrik,LAZ RYDHA - Token Listrik untuk Mushola Yatim & Dhuafa [5000],token listrik,laz rydha token listrik untuk mushola yatim dhuafa,laz rydha token listrik mushola dhuafa,laz rydha token listrik mushola dhuafa,11.0,6.0,5.0,45.5
Shopee,Token Listrik,Isi Pulsa TOKEN LISTRIK PLN Prabayar 20 50 100 200,token listrik,isi pulsa token listrik pln prabayar,pulsa token listrik pln prabayar,pulsa token listrik pln prabayar,10.0,5.0,5.0,50.0
Shopee,Token Listrik,Token 200K - 500K,token listrik,token k k,token,token,4.0,1.0,3.0,75.0
Shopee,Token Listrik,TOKEN LISTRIK PLN NOMINAL 5.000 TERMURAH,token listrik,token listrik pln nominal termurah,token listrik pln,token listrik pln,6.0,3.0,3.0,50.0
Shopee,Token Listrik,Token Listrik 10.000 Cepat dan mudah,token listrik,token listrik cepat dan mudah,token listrik mudah,token listrik mudah,6.0,3.0,3.0,50.0
Shopee,Token Listrik,Token Listrik PLN 10.000 | Isi Ulang Pulsa Listrik 10K Murah,token listrik,token listrik pln isi ulang pulsa listrik k murah,token listrik pln ulang pulsa listrik,token listrik pln ulang pulsa listrik,11.0,6.0,5.0,45.5
Shopee,Token Listrik,TERMURAH!!! TOKEN PLN | TOKEN LISTRIK | PULSA PLN | PULSA LISTRIK MURAH 50K 100K 200Kl,tagihan pln ,termurah token pln token listrik pulsa pln pulsa listrik murah k k kl,token pln token listrik pulsa pln pulsa listrik kl,token pln token listrik pulsa pln pulsa listrik kl,16.0,9.0,7.0,43.8
Shopee,Token Listrik,Token PLN dan tagihan PLN,token listrik,token pln dan tagihan pln,token pln tagihan pln,token pln tagih pln,5.0,4.0,1.0,20.0
Shopee,Token Listrik,TOKEN LISTRIK PLN NOMINAL 5K 10K 15K 20K 25K 50K - TOKEN LISTRIK CEPAT MUDAH PRAKTIS,token listrik,token listrik pln nominal k k k k k k token listrik cepat mudah praktis,token listrik pln token listrik mudah,token listrik pln token listrik mudah,16.0,6.0,10.0,62.5
Shopee,Token Listrik,Token Listrik PLN Prabayar 20.000 dengan Pengisian Cepat,token listrik,token listrik pln prabayar dengan pengisian cepat,token listrik pln prabayar pengisian,token listrik pln prabayar isi,8.0,5.0,3.0,37.5
Shopee,Token Listrik,HARGA PROMO TOKEN LISTRIK PLN 50 PROSES CEPAT!!,token listrik,harga promo token listrik pln proses cepat,token listrik pln proses,token listrik pln proses,8.0,4.0,4.0,50.0
Shopee,Token Listrik,PROMO TERMURAH !!! TOKEN LISTRIK | LISTRIK PRABAYAR,token listrik,promo termurah token listrik listrik prabayar,token listrik listrik prabayar,token listrik listrik prabayar,8.0,4.0,4.0,50.0
Shopee,Token Listrik,TOKEN PLN/PULSA LISTRIK,token listrik,token plnpulsa listrik,token plnpulsa listrik,token plnpulsa listrik,3.0,3.0,0.0,0.0
Shopee,Token Listrik,Token Listrik 20k Termurah Proses Cepat Asli,token listrik,token listrik k termurah proses cepat asli,token listrik proses,token listrik proses,7.0,3.0,4.0,57.1
Shopee,Token Listrik,Token Listrik PLN Prabayar-Nominal 5rb s/d 200rb,token listrik,token listrik pln prabayarnominal rb sd rb,token listrik pln prabayarnominal rb sd rb,token listrik pln prabayarnominal rb sd rb,7.0,7.0,0.0,0.0
Shopee,Token Listrik,TOKEN PLN - TOKEN PLN PROMO - PLN TOKEN PROMO - PLN TOKEN - TOKEN PLN 5K - TOKEN PLN 5 RIBU - TOKEN PLN 10K - TOKEN PLN 10 RIBU - TOKEN PLN 20K - TOKEN PLN 20 RIBU,token listrik,token pln token pln promo pln token promo pln token token pln k token pln ribu token pln k token pln ribu token pln k token pln ribu,token pln token pln pln token pln token token pln token pln ribu token pln token pln ribu token pln token pln ribu,token pln token pln pln token pln token token pln token pln ribu token pln token pln ribu token pln token pln ribu,40.0,23.0,17.0,42.5
Shopee,Token Listrik,"Token Listrik PLN 20.00-100.000 - Promo, Murah, Langsung Dikirim",token listrik,token listrik pln promo murah langsung dikirim,token listrik pln langsung dikirim,token listrik pln langsung kirim,9.0,5.0,4.0,44.4
Shopee,Token Listrik,Pulsa Listrik Token PLN Prabayar Murah Mudah Cepat,token listrik,pulsa listrik token pln prabayar murah mudah cepat,pulsa listrik token pln prabayar mudah,pulsa listrik token pln prabayar mudah,8.0,6.0,2.0,25.0
Shopee,Token Listrik,"Token Listrik  Nominal Kecil 5K, 10K, 15K, 20K, 50K Proses Cepat",token listrik,token listrik nominal kecil k k k k k proses cepat,token listrik proses,token listrik proses,11.0,3.0,8.0,72.7
Shopee,Token Listrik,Token Listrik 10k Termurah Terpercaya Amanah,token listrik,token listrik k termurah terpercaya amanah,token listrik,token listrik,6.0,2.0,4.0,66.7
Shopee,Token Listrik,Token Listrik PLN 50 Ribu Proses Langsung,token listrik,token listrik pln ribu proses langsung,token listrik pln ribu proses langsung,token listrik pln ribu proses langsung,7.0,6.0,1.0,14.3
Shopee,Token Listrik,Token Listrik Pulsa Listrik Token PLN 100 100RB,token listrik,token listrik pulsa listrik token pln rb,token listrik pulsa listrik token pln rb,token listrik pulsa listrik token pln rb,8.0,7.0,1.0,12.5
Shopee,Token Listrik,Token Listrik PLN Murah Promo,token listrik,token listrik pln murah promo,token listrik pln,token listrik pln,5.0,3.0,2.0,40.0
Shopee,Token Listrik,Token Listrik PLN 50 50000 / Pulsa Listrik 50K Murah,token listrik,token listrik pln pulsa listrik k murah,token listrik pln pulsa listrik,token listrik pln pulsa listrik,10.0,5.0,5.0,50.0
Shopee,Token Listrik,PULSA TOKEN LISTRIK PLN Prabayar Murah 20 50 100 200 Isi Ulang,token listrik,pulsa token listrik pln prabayar murah isi ulang,pulsa token listrik pln prabayar ulang,pulsa token listrik pln prabayar ulang,12.0,6.0,6.0,50.0
Shopee,Token Listrik,Token listrik PLN murah,token listrik,token listrik pln murah,token listrik pln,token listrik pln,4.0,3.0,1.0,25.0
Shopee,Token Listrik,Token Listrik Pln,token listrik,token listrik pln,token listrik pln,token listrik pln,3.0,3.0,0.0,0.0
Shopee,Token Listrik,PROMO Jual Token Listrik 100rb 200rb 500rb MURAH,token listrik,promo jual token listrik rb rb rb murah,token listrik rb rb rb,token listrik rb rb rb,8.0,5.0,3.0,37.5
Shopee,Token Listrik,token listrik listrik100  promo,token listrik,token listrik listrik promo,token listrik listrik,token listrik listrik,4.0,3.0,1.0,25.0
Shopee,Token Listrik,Token Listrik PLN 10K | Isi Ulang Listrik Instan Anti Ribet,token listrik,token listrik pln k isi ulang listrik instan anti ribet,token listrik pln ulang listrik anti ribet,token listrik pln ulang listrik anti ribet,11.0,7.0,4.0,36.4
Shopee,Token Listrik,Token 50,token listrik,token,token,token,2.0,1.0,1.0,50.0
Shopee,Token Listrik,Token Listrik Murah 20 50 100 Pengiriman Cepat,token listrik,token listrik murah pengiriman cepat,token listrik pengiriman,token listrik kirim,8.0,3.0,5.0,62.5
Shopee,Token Listrik,Token Listrik Mini 5Rb | 10 | 15 | 20 | 25.,token listrik,token listrik mini rb,token listrik rb,token listrik rb,12.0,3.0,9.0,75.0
Shopee,Token Listrik,Token PLN 5K 10K 5K 20K 30K 40K 50K,token listrik,token pln k k k k k k k,token pln,token pln,9.0,2.0,7.0,77.8
Shopee,Token Listrik,TOKEN PLN PROMO 20K MURAH TERLARIS,token listrik,token pln promo k murah terlaris,token pln,token pln,6.0,2.0,4.0,66.7
Shopee,Token Listrik,[PROMO]TOKEN LISTRIK  / LISTRIK PRABAYAR MURAH 20RB 50RB 100RB,token listrik,promotoken listrik listrik prabayar murah rb rb rb,promotoken listrik listrik prabayar rb rb rb,promotoken listrik listrik prabayar rb rb rb,9.0,7.0,2.0,22.2
Shopee,Token Listrik,Token Listrik PLN 15k,token listrik,token listrik pln k,token listrik pln,token listrik pln,4.0,3.0,1.0,25.0
Shopee,Token Listrik,PROMO TOKEN LISTRIK ISI ULANG PLN 20RB 50RB 100RB MURAH 20K 20000 50K 50000 RIBU 100K PRABAYAR,token listrik,promo token listrik isi ulang pln rb rb rb murah k k ribu k prabayar,token listrik ulang pln rb rb rb ribu prabayar,token listrik ulang pln rb rb rb ribu prabayar,17.0,9.0,8.0,47.1
Shopee,Token Listrik,TOKEN LISTRIK 20K 20000 20Ribu 20Rb | Promo Pulsa PLN Pintar Eceran Grosir Murah Langsung Kirim Kode Via Chat,token listrik,token listrik k ribu rb promo pulsa pln pintar eceran grosir murah langsung kirim kode via chat,token listrik ribu rb pulsa pln eceran langsung kode via chat,token listrik ribu rb pulsa pln ecer langsung kode via chat,19.0,11.0,8.0,42.1
Shopee,Token Listrik,TOKEN LISTRIK PROMO PLN MURAH 15 25k 20 20k 50 50k 100 100k 200 200k 500 500k 1 juta,token listrik,token listrik promo pln murah k k k k k k juta,token listrik pln juta,token listrik pln juta,19.0,4.0,15.0,78.9
Shopee,Token Listrik,Promo Token Listrik 15 PLN,token listrik,promo token listrik pln,token listrik pln,token listrik pln,5.0,3.0,2.0,40.0
Shopee,Token Listrik,Token Listrik PLN 20 50 100 200 500,token listrik,token listrik pln,token listrik pln,token listrik pln,8.0,3.0,5.0,62.5
Shopee,Token Listrik,Token listrik MURAH,token listrik,token listrik murah,token listrik,token listrik,3.0,2.0,1.0,33.3
Shopee,Token Listrik,Stiker Vinyl JUAL PULSA DAN TOKEN LISTRIK 10X23CM,stiker vinyl,stiker vinyl jual pulsa dan token listrik xcm,stiker vinyl pulsa token listrik xcm,stiker vinyl pulsa token listrik xcm,8.0,6.0,2.0,25.0
Shopee,Token Listrik,Struk Nota Pembelian Token Listrik Struk Pembelian Token Listrik Nota Token Listrik,token listrik,struk nota pembelian token listrik struk pembelian token listrik nota token listrik,struk nota pembelian token listrik struk pembelian token listrik nota token listrik,struk nota beli token listrik struk beli token listrik nota token listrik,12.0,12.0,0.0,0.0
Shopee,Token Listrik,Box Meteran Token Telephone Mika Mdf 6mm,box meteran token,box meteran token telephone mika mdf mm,meteran token telephone mika mdf,meter token telephone mika mdf,7.0,5.0,2.0,28.6
Shopee,Token Listrik,Leonardo Ai 8500 token Private,leonardo ai,leonardo ai token private,leonardo ai token private,leonardo ai token private,5.0,4.0,1.0,20.0
Shopee,Token Listrik,Box Kwh Meter Pulsa Transparan Token Listrik 27x19x13 Cm,token listrik,box kwh meter pulsa transparan token listrik xx cm,kwh pulsa token listrik xx,kwh pulsa token listrik xx,9.0,5.0,4.0,44.4
Shopee,Token Listrik,Box Meteran Telephone Pintu Putih MDF 30x21x12,box meteran,box meteran telephone pintu putih mdf xx,meteran telephone pintu mdf xx,meter telephone pintu mdf xx,7.0,5.0,2.0,28.6
Shopee,Token Listrik,papan lampu LED tulisan PULSA TOKEN DANA TRANSFER dimensi 70x20 cm daya 12 watt tinggal colok listrik,papan lampu led,papan lampu led tulisan pulsa token dana transfer dimensi x cm daya watt tinggal colok listrik,papan lampu led tulisan pulsa token dana transfer dimensi daya watt tinggal colok listrik,papan lampu led tulis pulsa token dana transfer dimensi daya watt tinggal colok listrik,17.0,14.0,3.0,17.6
Shopee,Token Listrik,Box Token Pulsa MDF 30x21x12 Mostera,box token pulsa,box token pulsa mdf xx mostera,token pulsa mdf xx mostera,token pulsa mdf xx mostera,6.0,5.0,1.0,16.7
Shopee,Token Listrik,Rumah Saklar / Nero Inbowdus / Flush Box 86,saklar,rumah saklar nero inbowdus flush box,rumah saklar nero inbowdus flush,rumah saklar nero inbowdus flush,9.0,5.0,4.0,44.4
Shopee,Token Listrik,Powerpal Katalog NR Booster Penghemat Listrik UpTo 4400watt,penghemat listrik,powerpal katalog nr booster penghemat listrik upto watt,powerpal katalog nr booster penghemat listrik upto watt,powerpal katalog nr booster hemat listrik upto watt,8.0,8.0,0.0,0.0
Shopee,Token Listrik,Stabilizer Listrik Auto Start 500W-2500W EMI Filter,stabilizer listrik,stabilizer listrik auto start ww emi filter,stabilizer listrik auto start ww emi filter,stabilizer listrik auto start ww emi filter,7.0,7.0,0.0,0.0
Shopee,Token Listrik,Box Meteran Listrik Token PLN Kayu MDF Anti Luntur,token listrik,box meteran listrik token pln kayu mdf anti luntur,meteran listrik token pln kayu mdf anti luntur,meter listrik token pln kayu mdf anti luntur,9.0,8.0,1.0,11.1
Shopee,Token Listrik,TERMURAH!! Token Listrik Prabayar | Pulsa Listrik PLN 10k-20k-50k,token listrik,termurah token listrik prabayar pulsa listrik pln kkk,token listrik prabayar pulsa listrik pln kkk,token listrik prabayar pulsa listrik pln kkk,9.0,7.0,2.0,22.2
Shopee,Token Listrik,Token listrik pulsa listrik 50k murah,token listrik,token listrik pulsa listrik k murah,token listrik pulsa listrik,token listrik pulsa listrik,6.0,4.0,2.0,33.3
Shopee,Token Listrik,TOKEN PLN,token listrik,token pln,token pln,token pln,2.0,2.0,0.0,0.0
Shopee,Token Listrik,Token Listrik 10k Promo,token listrik,token listrik k promo,token listrik,token listrik,4.0,2.0,2.0,50.0
Shopee,Token Listrik,Nota Token Listrik Murah HVS 70g 50 Lembar,token listrik,nota token listrik murah hvs g lembar,nota token listrik hvs,nota token listrik hvs,8.0,4.0,4.0,50.0
Shopee,Token Listrik,Stiker Cek Token Listrik jangan sampai kehabisan,stiker token listrik,stiker cek token listrik jangan sampai kehabisan,stiker cek token listrik kehabisan,stiker cek token listrik habis,7.0,5.0,2.0,28.6
Shopee,Token Listrik,[ 100x50cm ] Print Spanduk Konter Jualan Pulsa dan Token Listrik,spanduk pulsa dan token listrik,xcm print spanduk konter jualan pulsa dan token listrik,xcm print spanduk konter pulsa token listrik,xcm print spanduk konter pulsa token listrik,11.0,7.0,4.0,36.4
Shopee,Token Listrik,Box Kwh Meteran Listrik Token/Box Tutup Kwh Meteran Listrik,tutup kwh meteran listrik,box kwh meteran listrik tokenbox tutup kwh meteran listrik,kwh meteran listrik tokenbox tutup kwh meteran listrik,kwh meter listrik tokenbox tutup kwh meter listrik,9.0,8.0,1.0,11.1
Shopee,Token Listrik,Alat Penghemat Listrik Hemat Daya Listrik Electricity Saving Box Token Meteran Rumah Ac Kulkas Paling Efektif,alat penghemat listrik,alat penghemat listrik hemat daya listrik electricity saving box token meteran rumah ac kulkas paling efektif,alat penghemat listrik daya listrik electricity saving token meteran rumah ac kulkas,alat hemat listrik daya listrik electricity saving token meter rumah ac kulkas,16.0,12.0,4.0,25.0
Shopee,Token Listrik,Struk token listrik murah,token listrik,struk token listrik murah,struk token listrik,struk token listrik,4.0,3.0,1.0,25.0
Shopee,Token Listrik,2025 Penghemat Listrik PLN Electric Saver / Electricity Saving Box Alat Hemat Daya kWh Soft Start Tagihan Pulsa Token / Bulanan-Aura Mobil,penghemat listrik,penghemat listrik pln electric saver electricity saving box alat hemat daya kwh soft start tagihan pulsa token bulananaura mobil,penghemat listrik pln electric saver electricity saving alat daya kwh soft start tagihan pulsa token bulananaura,hemat listrik pln electric saver electricity saving alat daya kwh soft start tagih pulsa token bulananaura,22.0,16.0,6.0,27.3
Shopee,Token Listrik,STRUK PEMBELIAN TOKEN LISTRIK PULSA BISA PAKAI NAMA TOKO UKURAN 10 X 4.5 CM BAHAN HVS,token listrik,struk pembelian token listrik pulsa bisa pakai nama toko ukuran x cm bahan hvs,struk pembelian token listrik pulsa pakai nama hvs,struk beli token listrik pulsa pakai nama hvs,16.0,8.0,8.0,50.0
Shopee,Token Listrik,Alat Penghemat Listrik Hemat Daya 80%-90% Berlaku Untuk Semua Meteran Listrik COD,penghemat listrik,alat penghemat listrik hemat daya berlaku untuk semua meteran listrik cod,alat penghemat listrik daya berlaku meteran listrik,alat hemat listrik daya laku meter listrik,12.0,7.0,5.0,41.7
Shopee,Token Listrik,SPANDUK TRANSFER / TOKEN LISTRIK / FREE EDIT,token listrik,spanduk transfer token listrik free edit,spanduk transfer token listrik edit,spanduk transfer token listrik edit,8.0,5.0,3.0,37.5
Shopee,Token Listrik,PROMO!!Bok Meteran Desain Telephone Meteran Token/Listrik Tempat Pelindung Bok Meteran Listrik Token,bok meteran listrik,promobok meteran desain telephone meteran tokenlistrik tempat pelindung bok meteran listrik token,promobok meteran desain telephone meteran tokenlistrik pelindung bok meteran listrik token,promobok meter desain telephone meter tokenlistrik lindung bok meter listrik token,12.0,11.0,1.0,8.3
Shopee,Token Listrik,STRUK TOKEN LISTRIK/nota struk token listrik isi 50lembar,token listrik,struk token listriknota struk token listrik isi lembar,struk token listriknota struk token listrik,struk token listriknota struk token listrik,8.0,6.0,2.0,25.0
Shopee,Token Listrik,Bok Meteran PLN Desain Telephone Prabayar token/listrik | Pelindung Meteran hiasan dekorasi Rumah,meteran pln,bok meteran pln desain telephone prabayar tokenlistrik pelindung meteran hiasan dekorasi rumah,bok meteran pln desain telephone prabayar tokenlistrik pelindung meteran hiasan dekorasi rumah,bok meter pln desain telephone prabayar tokenlistrik lindung meter hias dekorasi rumah,13.0,12.0,1.0,7.7
Shopee,Token Listrik,KOTAK BOX PENGAMAN PLN KWH METER PULSA TOKEN,token listrik,kotak box pengaman pln kwh meter pulsa token,pengaman pln kwh pulsa token,kam pln kwh pulsa token,8.0,5.0,3.0,37.5
Shopee,Token Listrik,Stiker Jual Pulsa Dan Token Listrik Tahan Air,pulsa listrik,stiker jual pulsa dan token listrik tahan air,stiker pulsa token listrik tahan air,stiker pulsa token listrik tahan air,8.0,6.0,2.0,25.0
Shopee,Token Listrik,BOX KWH METERAN LISTRIK TOKEN PELINDUNG BOX PLN TOKEN LISTRIK PRABAYAR MURAH KERAS,token listrik,box kwh meteran listrik token pelindung box pln token listrik prabayar murah keras,kwh meteran listrik token pelindung pln token listrik prabayar,kwh meter listrik token lindung pln token listrik prabayar,13.0,9.0,4.0,30.8
Shopee,Token Listrik,Struk Token Listrik Struk Pembelian Token Listrik Ukuran 10 X 4.5 Cm,token listrik,struk token listrik struk pembelian token listrik ukuran x cm,struk token listrik struk pembelian token listrik,struk token listrik struk beli token listrik,12.0,7.0,5.0,41.7
Shopee,Token Listrik,STIKER KONTER JUAL PULSA PAKET DATA / TOKEN LISTRIK / TERIMA TARIK TUNAI,token listrik,stiker konter jual pulsa paket data token listrik terima tarik tunai,stiker konter pulsa data token listrik terima tarik tunai,stiker konter pulsa data token listrik terima tarik tunai,13.0,9.0,4.0,30.8
Shopee,Token Listrik,Struk Nota Token Listrik PLN Perforasi 50 Lembar,token listrik,struk nota token listrik pln perforasi lembar,struk nota token listrik pln perforasi,struk nota token listrik pln perforasi,8.0,6.0,2.0,25.0
Shopee,Token Listrik,Box Meteran Listrik Token Akrilik Estetik,token listrik,box meteran listrik token akrilik estetik,meteran listrik token akrilik estetik,meter listrik token akrilik estetik,6.0,5.0,1.0,16.7
Shopee,Token Listrik,Alat Penghemat Listrik Hemat Daya Electricity Saving Box Token Meteran Rumah Colokan Ac Kulkas Paling Efektif Bayar Listrik Lebih Murah,penghemat listrik,alat penghemat listrik hemat daya electricity saving box token meteran rumah colokan ac kulkas paling efektif bayar listrik lebih murah,alat penghemat listrik daya electricity saving token meteran rumah colokan ac kulkas listrik,alat hemat listrik daya electricity saving token meter rumah colok ac kulkas listrik,20.0,13.0,7.0,35.0
Shopee,Token Listrik,2025 Penghemat Listrik PLN Electric Saver / Electricity Saving Box Alat Hemat Daya Kwh Soft Start Tagihan Pulsa Token / Bulanan,penghemat listrik,penghemat listrik pln electric saver electricity saving box alat hemat daya kwh soft start tagihan pulsa token bulanan,penghemat listrik pln electric saver electricity saving alat daya kwh soft start tagihan pulsa token bulanan,hemat listrik pln electric saver electricity saving alat daya kwh soft start tagih pulsa token bulan,21.0,16.0,5.0,23.8
Shopee,Token Listrik,BOX METERAN TOKEN LISTRIK DEXICON KOTAK PELINDUNG KWH METERAN LISTRIK,kotak meteran listrik,box meteran token listrik dexicon kotak pelindung kwh meteran listrik,meteran token listrik dexicon pelindung kwh meteran listrik,meter token listrik dexicon lindung kwh meter listrik,10.0,8.0,2.0,20.0
Shopee,Token Listrik,Box Meteran Listrik Token Anti Air ABS Plastik,token listrik,box meteran listrik token anti air abs plastik,meteran listrik token anti air abs plastik,meter listrik token anti air abs plastik,8.0,7.0,1.0,12.5
Shopee,Token Listrik,Tutup Meteran Listrik Token Uchiro Plastik Kuat,tutup meteran listrik,tutup meteran listrik token uchiro plastik kuat,tutup meteran listrik token uchiro plastik,tutup meter listrik token uchiro plastik,7.0,6.0,1.0,14.3
Shopee,Token Listrik,Bok Meteran  meteran token/listrik tempat pelindung bok meteran,bok meteran,bok meteran meteran tokenlistrik tempat pelindung bok meteran,bok meteran meteran tokenlistrik pelindung bok meteran,bok meter meter tokenlistrik lindung bok meter,8.0,7.0,1.0,12.5
Shopee,Token Listrik,HKY Electric Saver Penghemat Listrik PLN Alat Hemat Daya kWh SoftStart Hemat Tagihan Token Bulanan,penghemat listrik,hky electric saver penghemat listrik pln alat hemat daya kwh softstart hemat tagihan token bulanan,hky electric saver penghemat listrik pln alat daya kwh softstart tagihan token bulanan,hky electric saver hemat listrik pln alat daya kwh softstart tagih token bulan,15.0,13.0,2.0,13.3
Shopee,Token Listrik,Penghemat Listrik Alat Hemat Daya Listrik Token Electric Energy Saver,penghemat listrik,penghemat listrik alat hemat daya listrik token electric energy saver,penghemat listrik alat daya listrik token electric energy saver,hemat listrik alat daya listrik token electric energy saver,10.0,9.0,1.0,10.0
Shopee,Token Listrik,Stiker Jual Pulsa & Token Listrik + Laminating Glossy,pulsa listrik,stiker jual pulsa token listrik laminating glossy,stiker pulsa token listrik laminating glossy,stiker pulsa token listrik laminating glossy,9.0,6.0,3.0,33.3
Shopee,Token Listrik,®°LOVINA_STORE® Bok Meteran Desain telephone meteran token/listrik tempat pelindung bok meteran,bok meteran,®°lovinastore® bok meteran desain telephone meteran tokenlistrik tempat pelindung bok meteran,®°lovinastore® bok meteran desain telephone meteran tokenlistrik pelindung bok meteran,lovinastore bok meter desain telephone meter tokenlistrik lindung bok meter,11.0,10.0,1.0,9.1
Shopee,Token Listrik,DECRYPT TOKEN DIAG OPPO DAN REALME,decrypt token,decrypt token diag oppo dan realme,decrypt token diag oppo realme,decrypt token diag oppo realme,6.0,5.0,1.0,16.7
Shopee,Token Listrik,"159 - Stiker Jual Pulsa dan Token Listrik, Sticker Vinyl, Tahan Air, Termurah, Bisa Custom",stiker,stiker jual pulsa dan token listrik sticker vinyl tahan air termurah bisa custom,stiker pulsa token listrik sticker vinyl tahan air custom,stiker pulsa token listrik sticker vinyl tahan air custom,15.0,9.0,6.0,40.0
Shopee,Token Listrik,BOX KWH HIRO PASCABAYAR / BOX KWH TOKEN TUTUP METERAN LISTRIK HIRO,box kwh,box kwh hiro pascabayar box kwh token tutup meteran listrik hiro,kwh hiro pascabayar kwh token tutup meteran listrik hiro,kwh hiro pascabayar kwh token tutup meter listrik hiro,12.0,9.0,3.0,25.0
Shopee,Token Listrik,(100 lembar) STRUK PEMBELIAN TOKEN LISTRIK | NOTA TOKEN LISTRIK KECIL,token listrik,lembar struk pembelian token listrik nota token listrik kecil,struk pembelian token listrik nota token listrik,struk beli token listrik nota token listrik,11.0,7.0,4.0,36.4
Shopee,Token Listrik,2025 Penghemat Listrik PLN Electric Saver / Electricity Saving Box Alat Hemat Daya kWh Soft Start Tagihan Pulsa Token / Bulanan,penghemat listrik,penghemat listrik pln electric saver electricity saving box alat hemat daya kwh soft start tagihan pulsa token bulanan,penghemat listrik pln electric saver electricity saving alat daya kwh soft start tagihan pulsa token bulanan,hemat listrik pln electric saver electricity saving alat daya kwh soft start tagih pulsa token bulan,21.0,16.0,5.0,23.8
Shopee,Token Listrik,STIKER VINYL JUAL PULSA Paket Data Internet & Token Listrik 31 X 11 CM -SIAP KIRIM,token listrik,stiker vinyl jual pulsa paket data internet token listrik x cm siap kirim,stiker vinyl pulsa data internet token listrik,stiker vinyl pulsa data internet token listrik,16.0,7.0,9.0,56.2
Shopee,Token Listrik,Spanduk Jual Pulsa dan Token Listrik tersedia - Part 4,pulsa listrik,spanduk jual pulsa dan token listrik tersedia part,spanduk pulsa token listrik part,spanduk pulsa token listrik part,10.0,5.0,5.0,50.0
Shopee,Token Listrik,Alat Penghemat Hemat Daya Kwh Listrik 80 90 Persen Listrik Rumah Tangga Kantor AC TV Kulkas Mesin Cuci Rice Cooker Magiccom Electricity Saving Box Power Factor Saver All In Semua Meteran Prabayar Bulanan Token Pulsa Multifungsi Serbaguna Original Jerman,penghemat listrik,alat penghemat hemat daya kwh listrik persen listrik rumah tangga kantor ac tv kulkas mesin cuci rice cooker magiccom electricity saving box power factor saver all in semua meteran prabayar bulanan token pulsa multifungsi serbaguna original jerman,alat penghemat daya kwh listrik persen listrik rumah tangga kantor ac tv kulkas mesin rice cooker magiccom electricity saving power factor saver in meteran prabayar bulanan token pulsa jerman,alat hemat daya kwh listrik persen listrik rumah tangga kantor ac tv kulkas mesin rice cooker magiccom electricity saving power factor saver in meter prabayar bulan token pulsa jerman,39.0,29.0,10.0,25.6
Shopee,Token Listrik,Box Meteran PLN Desain Unik Telephone Prabayar Listrik/Token Pelindung Meteran Hiasan Dekorasi ruma,box meteran pln,box meteran pln desain unik telephone prabayar listriktoken pelindung meteran hiasan dekorasi ruma,meteran pln desain telephone prabayar listriktoken pelindung meteran hiasan dekorasi ruma,meter pln desain telephone prabayar listriktoken lindung meter hias dekorasi ruma,13.0,11.0,2.0,15.4
Shopee,Token Listrik,Box Meteran Listrik KWH Meter Box Listrik Tutup Meteran Listrik Box Panel Listrik Outdoor Pengaman Pelindung KWH Meteran Token,box meteran listrik,box meteran listrik kwh meter box listrik tutup meteran listrik box panel listrik outdoor pengaman pelindung kwh meteran token,meteran listrik kwh listrik tutup meteran listrik panel listrik outdoor pengaman pelindung kwh meteran token,meter listrik kwh listrik tutup meter listrik panel listrik outdoor kam lindung kwh meter token,19.0,15.0,4.0,21.1
Shopee,Token Listrik,2025 Penghemat Listrik Electric Saver / Electricity Saving Box Alat Hemat Daya Kwh Soft Start Tagihan Pulsa Token / Bulanan,penghemat listrik,penghemat listrik electric saver electricity saving box alat hemat daya kwh soft start tagihan pulsa token bulanan,penghemat listrik electric saver electricity saving alat daya kwh soft start tagihan pulsa token bulanan,hemat listrik electric saver electricity saving alat daya kwh soft start tagih pulsa token bulan,20.0,15.0,5.0,25.0
Shopee,Token Listrik,(100 Lembr ) STRUK TOKEN LISTRIK UK.10.5X4.5 CM | NOTA TOKEN LISTRIK MURAH,token listrik,lembr struk token listrik ukx cm nota token listrik murah,lembr struk token listrik ukx nota token listrik,lembr struk token listrik ukx nota token listrik,13.0,8.0,5.0,38.5
Shopee,Token Listrik,Box Meteran Token Akrilik Desain Telephone London Hiasan dekorasi dinding pelindung Meteran Token,token meteran,box meteran token akrilik desain telephone london hiasan dekorasi dinding pelindung meteran token,meteran token akrilik desain telephone london hiasan dekorasi dinding pelindung meteran token,meter token akrilik desain telephone london hias dekorasi dinding lindung meter token,13.0,12.0,1.0,7.7
Shopee,Token Listrik,Voucher tambah daya PLN Promo,tambah daya pln,voucher tambah daya pln promo,daya pln,daya pln,5.0,2.0,3.0,60.0
Shopee,Token Listrik,"Nota token listrik - BACA DESKRIPSI YAH KAK,,,",token listrik,nota token listrik baca deskripsi yah kak,nota token listrik baca deskripsi yah kak,nota token listrik baca deskripsi yah kak,8.0,7.0,1.0,12.5
Shopee,Token Listrik,Tutup Meteran KWH Token Tutup Meteran Listrik Uchiro,token listrik,tutup meteran kwh token tutup meteran listrik uchiro,tutup meteran kwh token tutup meteran listrik uchiro,tutup meter kwh token tutup meter listrik uchiro,8.0,8.0,0.0,0.0
Shopee,Token Listrik,Simple Furniture - Box Meteran Listrik Prabayar Token London Kayu Natural,box meteran listrik,simple furniture box meteran listrik prabayar token london kayu natural,simple furniture meteran listrik prabayar token london kayu,simple furniture meter listrik prabayar token london kayu,11.0,8.0,3.0,27.3
Shopee,Token Listrik,Alat Penghemat Listrik Hemat Daya 80%-90% Listrik Electricity Saving Box Token Meteran Rumah Ac Kulkas Paling Efektif Hemat Daya Penghemat Daya,penghemat listrik,alat penghemat listrik hemat daya listrik electricity saving box token meteran rumah ac kulkas paling efektif hemat daya penghemat daya,alat penghemat listrik daya listrik electricity saving token meteran rumah ac kulkas daya penghemat daya,alat hemat listrik daya listrik electricity saving token meter rumah ac kulkas daya hemat daya,21.0,15.0,6.0,28.6
Shopee,Token Listrik,STIKER VINYL JUAL PULSA & TOKEN LISTRIK,stiker vinyl,stiker vinyl jual pulsa token listrik,stiker vinyl pulsa token listrik,stiker vinyl pulsa token listrik,7.0,5.0,2.0,28.6
Shopee,Token Listrik,Alat penghemat listrik hemat daya 99% box meteran listrik token Electricity power saver Berlaku untuk semua meteran listrik Pasang dan mainkan,alat penghemat listrik,alat penghemat listrik hemat daya box meteran listrik token electricity power saver berlaku untuk semua meteran listrik pasang dan mainkan,alat penghemat listrik daya meteran listrik token electricity power saver berlaku meteran listrik mainkan,alat hemat listrik daya meter listrik token electricity power saver laku meter listrik main,21.0,14.0,7.0,33.3
Shopee,Token Listrik,BOX KWH Pelindung Meteran Listrik Token Pulsa Merk MASKO Tebal Kokoh [COD],box kwh,box kwh pelindung meteran listrik token pulsa merk masko tebal kokoh cod,kwh pelindung meteran listrik token pulsa merk masko,kwh lindung meter listrik token pulsa merk masko,12.0,8.0,4.0,33.3
Shopee,Token Listrik,tulisan lampu LED SIGN PULSA DANA TOKEN DATA new 60x20 cm tinggal colok listrik,lampu led sign,tulisan lampu led sign pulsa dana token data new x cm tinggal colok listrik,tulisan lampu led sign pulsa dana token data tinggal colok listrik,tulis lampu led sign pulsa dana token data tinggal colok listrik,14.0,11.0,3.0,21.4
Shopee,Token Listrik,(Pilih Tipe) Andoda HSA Electric Saver | Bambang Sugiyanto | PT Hikmat Sukses Abadi,penghemat listrik,pilih tipe andoda hsa electric saver bambang sugiyanto pt hikmat sukses abadi,andoda hsa electric saver sugiyanto pt hikmat,andoda hsa electric saver sugiyanto pt hikmat,14.0,7.0,7.0,50.0
Shopee,Token Listrik,"Stiker Murah Jual Pulsa, Paket Data, & Token Listrik Untuk Warung Serta Tempat Usaha",token listrik,stiker murah jual pulsa paket data token listrik untuk warung serta tempat usaha,stiker pulsa data token listrik warung usaha,stiker pulsa data token listrik warung usaha,14.0,7.0,7.0,50.0
Shopee,Token Listrik,"159 - Stiker Jual Pulsa dan Token Listrik, Sticker Vinyl, Tahan Air, Termurah, dan Bisa Custom",stiker,stiker jual pulsa dan token listrik sticker vinyl tahan air termurah dan bisa custom,stiker pulsa token listrik sticker vinyl tahan air custom,stiker pulsa token listrik sticker vinyl tahan air custom,16.0,9.0,7.0,43.8
Shopee,Token Listrik,( Isi 100 Lembar ) Struk Token Listrik Struk Pembelian Token Listrik / Nota Token Listrik.,token listrik,isi lembar struk token listrik struk pembelian token listrik nota token listrik,struk token listrik struk pembelian token listrik nota token listrik,struk token listrik struk beli token listrik nota token listrik,16.0,10.0,6.0,37.5
Shopee,Token Listrik,token listrik prabayar 200k,token listrik,token listrik prabayar k,token listrik prabayar,token listrik prabayar,4.0,3.0,1.0,25.0
Shopee,Token Listrik,PROMO TOKEN LISTRIK PLN 500 RIBU,token listrik,promo token listrik pln ribu,token listrik pln ribu,token listrik pln ribu,6.0,4.0,2.0,33.3
Shopee,Token Listrik,TOKEN LISTRIK  5 RB TERMURAH - TOKEN LISTRIK 10 TERMURAH - TOKEN LISTRIK 15 TERMURAH - TOKEN LISTRIK 20 TERMURAH -PULSA LISTRIK PROMO,token listrik,token listrik rb termurah token listrik termurah token listrik termurah token listrik termurah pulsa listrik promo,token listrik rb token listrik token listrik token listrik pulsa listrik,token listrik rb token listrik token listrik token listrik pulsa listrik,23.0,11.0,12.0,52.2
Shopee,Token Listrik,"TOKEN LISTRIK MURAH / LISTRIK PULSA PLN 20K, 50K, 100K",token listrik,token listrik murah listrik pulsa pln k k k,token listrik listrik pulsa pln,token listrik listrik pulsa pln,10.0,5.0,5.0,50.0
Shopee,Token Listrik,"TOKEN PLN - TOKEN LISTRIK PROMO, Termurah di SHOPEE Nominal 20.000, 50.000, 100.000, 200.000.",token listrik,token pln token listrik promo termurah di shopee nominal,token pln token listrik shopee,token pln token listrik shopee,14.0,5.0,9.0,64.3
Shopee,Token Listrik,TOKEN 20,token listrik,token,token,token,2.0,1.0,1.0,50.0
Shopee,Token Listrik,Promo token listrik 200 500 1j,token listrik,promo token listrik j,token listrik,token listrik,6.0,2.0,4.0,66.7
Shopee,Token Listrik,TOKEN LISTRIK 100 PROMO  - TOKEN LISTRIK 200 PROMO - TOKEN LISTRIK 500 PROMO - TOKEN LISTRIK  PAYLATTER -TOKEN LISTRIK MURAH PROMO,token listrik,token listrik promo token listrik promo token listrik promo token listrik paylatter token listrik murah promo,token listrik token listrik token listrik token listrik paylatter token listrik,token listrik token listrik token listrik token listrik paylatter token listrik,22.0,11.0,11.0,50.0
Shopee,Token Listrik,Isi ulang Token PLN Listrik 50,token listrik,isi ulang token pln listrik,ulang token pln listrik,ulang token pln listrik,6.0,4.0,2.0,33.3
Shopee,Token Listrik,PROMO TOKEN LISTRIK PLN 100 RIBU,token listrik,promo token listrik pln ribu,token listrik pln ribu,token listrik pln ribu,6.0,4.0,2.0,33.3
Shopee,Token Listrik,Token Listrik 200.000,token listrik,token listrik,token listrik,token listrik,3.0,2.0,1.0,33.3
Shopee,Token Listrik,Token Listrik PLN,token listrik,token listrik pln,token listrik pln,token listrik pln,3.0,3.0,0.0,0.0
Shopee,Token Listrik,Token listrik pln 50rb 100rb 200rb,token listrik,token listrik pln rb rb rb,token listrik pln rb rb rb,token listrik pln rb rb rb,6.0,6.0,0.0,0.0
Shopee,Token Listrik,Token Listrik / Pulsa PLN Prabayar 200 500 ribu 1 Juta 200000 500000 1000000,token listrik,token listrik pulsa pln prabayar ribu juta,token listrik pulsa pln prabayar ribu juta,token listrik pulsa pln prabayar ribu juta,14.0,7.0,7.0,50.0
Shopee,Token Listrik,PROMO TOKEN LISTRIK 20K / 50k,token listrik,promo token listrik k k,token listrik,token listrik,6.0,2.0,4.0,66.7
Shopee,Token Listrik,"Token listrik dan pulsa kouta all operator xl,3,simpati,dll",token listrik,token listrik dan pulsa kouta all operator xlsimpatidll,token listrik pulsa kouta operator xlsimpatidll,token listrik pulsa kouta operator xlsimpatidll,8.0,6.0,2.0,25.0
Shopee,Token Listrik,TOKEN LISTRIK PRABAYAR PROMO PLN 15 15k 20 20k 50 50k 100 100k 200 200k 500 500k 1 juta 1jt 1 juta 1000k dan Pulsa hp Isi Ulang all operator termurah,token listrik,token listrik prabayar promo pln k k k k k k juta jt juta k dan pulsa hp isi ulang all operator termurah,token listrik prabayar pln juta jt juta pulsa hp ulang operator,token listrik prabayar pln juta jt juta pulsa hp ulang operator,31.0,11.0,20.0,64.5
Shopee,Token Listrik,TOKEN LISTRIK 500000 PRABAYAR MURAH PROSES CEPAT ( ID METER KIRIM KE CHAT ),token listrik,token listrik prabayar murah proses cepat id meter kirim ke chat,token listrik prabayar proses id chat,token listrik prabayar proses id chat,14.0,6.0,8.0,57.1
Shopee,Token Listrik,Token PLN Murah!,token listrik,token pln murah,token pln,token pln,3.0,2.0,1.0,33.3
Shopee,Token Listrik,Token Listrik 20ribu-100ribu Proses Cepat,token listrik,token listrik riburibu proses cepat,token listrik riburibu proses,token listrik riburibu proses,5.0,4.0,1.0,20.0
Shopee,Token Listrik,"Token Listrik PLN Prabayar | Kirim Cepat Via Chat (50K, 100K, 200K)",token listrik,token listrik pln prabayar kirim cepat via chat k k k,token listrik pln prabayar via chat,token listrik pln prabayar via chat,12.0,6.0,6.0,50.0
Shopee,Token Listrik,TOKEN LISTRIK 200,token listrik,token listrik,token listrik,token listrik,3.0,2.0,1.0,33.3
Shopee,Token Listrik,Token PLN murah 100rb 200rb 500rb,token listrik,token pln murah rb rb rb,token pln rb rb rb,token pln rb rb rb,6.0,5.0,1.0,16.7
Shopee,Token Listrik,TOKEN PLN HARGA 50/100 /200,token listrik,token pln harga,token pln,token pln,5.0,2.0,3.0,60.0
Shopee,Token Listrik,Promo token listrik pintar,token listrik,promo token listrik pintar,token listrik,token listrik,4.0,2.0,2.0,50.0
Shopee,Token Listrik,TOKEN LISTRIK PROMO PLN 20 20k 50 50k 100 100k 200 200k 500 500k 1 Juta  dan Pulsa Isi Ulang,token listrik,token listrik promo pln k k k k k juta dan pulsa isi ulang,token listrik pln juta pulsa ulang,token listrik pln juta pulsa ulang,20.0,6.0,14.0,70.0
Shopee,Token Listrik,Token PLN 200.000 Murah,token listrik,token pln murah,token pln,token pln,4.0,2.0,2.0,50.0
Shopee,Token Listrik,Token Listrik || Token 100k || Token 200k,token listrik,token listrik token k token k,token listrik token token,token listrik token token,8.0,4.0,4.0,50.0
Shopee,Token Listrik,Token Listrik 200 500 1000,token listrik,token listrik,token listrik,token listrik,5.0,2.0,3.0,60.0
Shopee,Token Listrik,"Token listrik 20rb , 20 rb , 20 ribu , 20ribu, 100rb 100ribu 100 rb 100 ribu",token listrik,token listrik rb rb ribu ribu rb ribu rb ribu,token listrik rb rb ribu ribu rb ribu rb ribu,token listrik rb rb ribu ribu rb ribu rb ribu,17.0,10.0,7.0,41.2
Shopee,Token Listrik,Token PLN 500 Promo#Listrik#Prabayar#,token listrik,token pln promolistrikprabayar,token pln promolistrikprabayar,token pln promolistrikprabayar,4.0,3.0,1.0,25.0
Shopee,Token Listrik,TOKEN LISTRIK PLN 1 JUTA,token listrik,token listrik pln juta,token listrik pln juta,token listrik pln juta,5.0,4.0,1.0,20.0
Shopee,Token Listrik,Token PLN Prabayar 500rb 1juta Proses Cepat,token listrik,token pln prabayar rb juta proses cepat,token pln prabayar rb juta proses,token pln prabayar rb juta proses,7.0,6.0,1.0,14.3
Shopee,Token Listrik,TOKEN LISTRIK PLN PROMO 500rb,token listrik,token listrik pln promo rb,token listrik pln rb,token listrik pln rb,5.0,4.0,1.0,20.0
Shopee,Token Listrik,"MURAH!!Token Listrik 20,50,100",token listrik,murahtoken listrik,murahtoken listrik,murahtoken listrik,3.0,2.0,1.0,33.3
Shopee,Token Listrik,Token Listrik PLN Rp=1Juta 100% Aman,token listrik,token listrik pln rpjuta aman,token listrik pln rpjuta,token listrik pln rpjuta,6.0,4.0,2.0,33.3
Shopee,Token Listrik,Token listrik 200,token listrik,token listrik,token listrik,token listrik,3.0,2.0,1.0,33.3
Shopee,Token Listrik,Token Listrik Prabayar Murah Nominal 20k-100k,token listrik,token listrik prabayar murah nominal kk,token listrik prabayar kk,token listrik prabayar kk,6.0,4.0,2.0,33.3
Shopee,Token Listrik,Token listrik prabayar 20RB 50RB 100RB,token listrik,token listrik prabayar rb rb rb,token listrik prabayar rb rb rb,token listrik prabayar rb rb rb,6.0,6.0,0.0,0.0
Shopee,Token Listrik,TOKEN LISTRIK PLN PROMO 200rb,token listrik,token listrik pln promo rb,token listrik pln rb,token listrik pln rb,5.0,4.0,1.0,20.0
Shopee,Token Listrik,Token Listrik Fast Respon,token listrik,token listrik fast respon,token listrik fast respon,token listrik fast respon,4.0,4.0,0.0,0.0
Shopee,Token Listrik,TOKEN LISTRIK 500.000,token listrik,token listrik,token listrik,token listrik,3.0,2.0,1.0,33.3
Shopee,Token Listrik,TOKEN LISTRIK PROMO HARGA 100,token listrik,token listrik promo harga,token listrik,token listrik,5.0,2.0,3.0,60.0
Shopee,Token Listrik,PROMO TOKEN LISTRIK PLN 200 RIBU,token listrik,promo token listrik pln ribu,token listrik pln ribu,token listrik pln ribu,6.0,4.0,2.0,33.3
Shopee,Token Listrik,Token PLN 50.000,token listrik,token pln,token pln,token pln,3.0,2.0,1.0,33.3
Shopee,Token Listrik,Voucher Token Listrik 100.000,token listrik,voucher token listrik,token listrik,token listrik,4.0,2.0,2.0,50.0
Shopee,Token Listrik,TOKEN PLN 1JUTA BAYAR 1JUTA,token listrik,token pln juta bayar juta,token pln juta juta,token pln juta juta,5.0,4.0,1.0,20.0
Shopee,Token Listrik,token listrik prabayar 500k,token listrik,token listrik prabayar k,token listrik prabayar,token listrik prabayar,4.0,3.0,1.0,25.0
Shopee,Token Listrik,promo token listrik 20ribu,token listrik,promo token listrik ribu,token listrik ribu,token listrik ribu,4.0,3.0,1.0,25.0
Shopee,Token Listrik,TOKEN LISTRIK PLN PROMO 500RB/500.000,token listrik,token listrik pln promo rb,token listrik pln rb,token listrik pln rb,5.0,4.0,1.0,20.0
Shopee,Token Listrik,Token listrik 500k-1000k,token listrik,token listrik kk,token listrik kk,token listrik kk,3.0,3.0,0.0,0.0
Shopee,Token Listrik,TOKEN LISTRIK 500,token listrik,token listrik,token listrik,token listrik,3.0,2.0,1.0,33.3
Shopee,Token Listrik,Token listrik 200 500 1j,token listrik,token listrik j,token listrik,token listrik,5.0,2.0,3.0,60.0
Shopee,Token Listrik,TOKEN PLN / ISI ULANG PULSA LISTRIK 20 50 100 200 RIBU | MURAH CEPAT RESMI,token listrik,token pln isi ulang pulsa listrik ribu murah cepat resmi,token pln ulang pulsa listrik ribu,token pln ulang pulsa listrik ribu,16.0,6.0,10.0,62.5
Shopee,Token Listrik,TERMURAH TOKEN LISTRIK  100 RB TOKEN PLN LISTRIK PINTAR,token listrik,termurah token listrik rb token pln listrik pintar,token listrik rb token pln listrik,token listrik rb token pln listrik,9.0,6.0,3.0,33.3
Shopee,Token Listrik,PROMO TOKEN LISTRIK 500K TERMURAHH !!!!,token listrik,promo token listrik k termurahh,token listrik termurahh,token listrik termurahh,6.0,3.0,3.0,50.0
Shopee,Token Listrik,Token Listrik PLN Rp=500Ribu 100% Aman,token listrik,token listrik pln rpribu aman,token listrik pln rpribu,token listrik pln rpribu,6.0,4.0,2.0,33.3
Shopee,Token Listrik,Kwh Pulsa Token 1P 5/60A Melcoinda Mitsubishi Digital,token listrik,kwh pulsa token p a melcoinda mitsubishi digital,kwh pulsa token melcoinda mitsubishi,kwh pulsa token melcoinda mitsubishi,8.0,5.0,3.0,37.5
Shopee,Token Listrik,Token PLN 200-1jt,token listrik,token pln jt,token pln jt,token pln jt,3.0,3.0,0.0,0.0
Shopee,Token Listrik,Token Listrik PLN MURAH | Listrik Prabayar 20k | 50k | 100k | 200k,token listrik,token listrik pln murah listrik prabayar k k k k,token listrik pln listrik prabayar,token listrik pln listrik prabayar,14.0,5.0,9.0,64.3
Shopee,Token Listrik,Token Listrik PLN Rp=200Ribu Aman,token listrik,token listrik pln rpribu aman,token listrik pln rpribu,token listrik pln rpribu,5.0,4.0,1.0,20.0
Shopee,Token Listrik,Token Listrik PLN Termurah Nominal 200.000,token listrik,token listrik pln termurah nominal,token listrik pln,token listrik pln,6.0,3.0,3.0,50.0
Shopee,Token Listrik,TOKEN PLN 500.000 / Token 500,token listrik,token pln token,token pln token,token pln token,6.0,3.0,3.0,50.0
Shopee,Token Listrik,Voucher Token Listrik 200.000,token listrik,voucher token listrik,token listrik,token listrik,4.0,2.0,2.0,50.0
Shopee,Token Listrik,TOKEN PLN 200.000,token listrik,token pln,token pln,token pln,3.0,2.0,1.0,33.3
Shopee,Token Listrik,Token PLN 1 Juta / Token Listrik 1.000.000 / Token 1jt,token listrik,token pln juta token listrik token jt,token pln juta token listrik token jt,token pln juta token listrik token jt,11.0,7.0,4.0,36.4
Shopee,Token Listrik,Token PLN murah 500rb 1jt,token listrik,token pln murah rb jt,token pln rb jt,token pln rb jt,5.0,4.0,1.0,20.0
Shopee,Token Listrik,TOKEN PLN PULSA LISTRIK 500ribu 1Juta (Proses Cepat),token listrik,token pln pulsa listrik ribu juta proses cepat,token pln pulsa listrik ribu juta proses,token pln pulsa listrik ribu juta proses,8.0,7.0,1.0,12.5
Shopee,Token Listrik,TOKEN LISTRIK 1 JUTA TIDAK PECAHAN,token listrik,token listrik juta tidak pecahan,token listrik juta pecahan,token listrik juta pecah,6.0,4.0,2.0,33.3
Shopee,Token Listrik,Token Listrik PLN 1jt,token listrik,token listrik pln jt,token listrik pln jt,token listrik pln jt,4.0,4.0,0.0,0.0
Shopee,Token Listrik,TOKEN PULSA PLN LISTRIK 1 JUTA (DIISI 1X LANGSUNG),token listrik,token pulsa pln listrik juta diisi x langsung,token pulsa pln listrik juta diisi langsung,token pulsa pln listrik juta isi langsung,9.0,7.0,2.0,22.2
Shopee,Token Listrik,TOKEN Listrik PLN Prabayar 1 Juta (Proses Cepat),token listrik,token listrik pln prabayar juta proses cepat,token listrik pln prabayar juta proses,token listrik pln prabayar juta proses,8.0,6.0,2.0,25.0
Shopee,Token Listrik,TOKEN PLN LISTRIK 200&500&1JT TIDAK PECAHAN,token listrik,token pln listrik jt tidak pecahan,token pln listrik jt pecahan,token pln listrik jt pecah,6.0,5.0,1.0,16.7
Shopee,Token Listrik,TOKEN Listrik PLN Prabayar 500.000 (Proses Cepat),token listrik,token listrik pln prabayar proses cepat,token listrik pln prabayar proses,token listrik pln prabayar proses,7.0,5.0,2.0,28.6
Shopee,Token Listrik,PROMO TOKEN LISTRIK 1JT TERMURAHH !!!!,token listrik,promo token listrik jt termurahh,token listrik jt termurahh,token listrik jt termurahh,6.0,4.0,2.0,33.3
Shopee,Token Listrik,TOKEN PLN 1.000.000,token listrik,token pln,token pln,token pln,3.0,2.0,1.0,33.3
Shopee,Token Listrik,Token Listrik Prabayar 500rb Proses Cepat,token listrik,token listrik prabayar rb proses cepat,token listrik prabayar rb proses,token listrik prabayar rb proses,6.0,5.0,1.0,16.7
Shopee,Token Listrik,Token Listrik PLN 500Kwh,token listrik,token listrik pln kwh,token listrik pln kwh,token listrik pln kwh,4.0,4.0,0.0,0.0
Shopee,Token Listrik,Token200/Token1000/Token500/Token PLN Murah/Prabayar/Promo,token listrik,tokentokentokentoken pln murahprabayarpromo,tokentokentokentoken pln murahprabayarpromo,tokentokentokentoken pln murahprabayarpromo,3.0,3.0,0.0,0.0
Shopee,Token Listrik,Token Listrik Prabayar 1juta Proses Cepat,token listrik,token listrik prabayar juta proses cepat,token listrik prabayar juta proses,token listrik prabayar juta proses,6.0,5.0,1.0,16.7
Shopee,Token Listrik,Isi Ulang Token PLN - Isi Ulang Pulsa Listrik,token listrik,isi ulang token pln isi ulang pulsa listrik,ulang token pln ulang pulsa listrik,ulang token pln ulang pulsa listrik,9.0,6.0,3.0,33.3
Shopee,Token Listrik,PLN PRABAYAR 20/50/100,token listrik,pln prabayar,pln prabayar,pln prabayar,3.0,2.0,1.0,33.3
Shopee,Token Listrik,token murah,token listrik,token murah,token,token,2.0,1.0,1.0,50.0
Shopee,Token Listrik,pulsa listrik murah cuma disini,pulsa listrik,pulsa listrik murah cuma disini,pulsa listrik,pulsa listrik,5.0,2.0,3.0,60.0
Shopee,Token Listrik,"BAYAR TAGIHAN MU SEKARANG, TOKEN PLN, PDAM, LISTRIK PASCABAYAR DAN PRABAYAR",token listrik,bayar tagihan mu sekarang token pln pdam listrik pascabayar dan prabayar,tagihan mu token pln pdam listrik pascabayar prabayar,tagih mu token pln pdam listrik pascabayar prabayar,11.0,8.0,3.0,27.3
Shopee,Token Listrik,ISI ULANG TOKEN LISTRIK DENGAN CEPAT / ISI ULANG PULSA LISTRIK / ISI TOKEN PLN,token listrik,isi ulang token listrik dengan cepat isi ulang pulsa listrik isi token pln,ulang token listrik ulang pulsa listrik token pln,ulang token listrik ulang pulsa listrik token pln,15.0,8.0,7.0,46.7
Shopee,Token Listrik,Box Token Listrik PVC Low-Profile Estetik,token listrik,box token listrik pvc lowprofile estetik,token listrik pvc lowprofile estetik,token listrik pvc lowprofile estetik,6.0,5.0,1.0,16.7
Shopee,Token Listrik,Spandul Jual Pulsa Token Listrik dan Paket Data Internet - Part 5,pulsa token listrik,spandul jual pulsa token listrik dan paket data internet part,spandul pulsa token listrik data internet part,spandul pulsa token listrik data internet part,12.0,7.0,5.0,41.7
Shopee,Token Listrik,LEBIH HEMAT LEBIH TEPAT - PULSA ALL OPERATOR DAN TOKEN LISTRIK,pulsa dan token listrik,lebih hemat lebih tepat pulsa all operator dan token listrik,pulsa operator token listrik,pulsa operator token listrik,11.0,4.0,7.0,63.6
Shopee,Token Listrik,TOKEN MANDIRI,token mandiri,token mandiri,token,token,2.0,1.0,1.0,50.0
Shopee,Token Listrik,"Agen Pulsa, kuota internet, token pln, ppob dll.",pulsa listrik,agen pulsa kuota internet token pln ppob dll,agen pulsa kuota internet token pln ppob,agen pulsa kuota internet token pln ppob,8.0,7.0,1.0,12.5
Shopee,Token Listrik,Vantage Skill Token Upgrade Pack,token,vantage skill token upgrade pack,vantage skill token upgrade,vantage skill token upgrade,5.0,4.0,1.0,20.0
Shopee,Token Listrik,Box Token Listrik Box KWH PLN Meteran Listrik Token / Boks Tutup Pulsa Prabayar,token listrik,box token listrik box kwh pln meteran listrik token boks tutup pulsa prabayar,token listrik kwh pln meteran listrik token boks tutup pulsa prabayar,token listrik kwh pln meter listrik token boks tutup pulsa prabayar,14.0,11.0,3.0,21.4
Shopee,Token Listrik,Kotak Token Listrik PLN Pelindung Meteran Pulsa Warna Putih,token listrik,kotak token listrik pln pelindung meteran pulsa warna putih,token listrik pln pelindung meteran pulsa,token listrik pln lindung meter pulsa,9.0,6.0,3.0,33.3
Shopee,Token Listrik,《 Termurah 》Caver Box Token Listrik Box Token Listrik model Untuk Pulsa & Token,token listrik,《 termurah 》caver box token listrik box token listrik model untuk pulsa token,》caver token listrik token listrik pulsa token,caver token listrik token listrik pulsa token,14.0,7.0,7.0,50.0
Shopee,Token Listrik,box tutup token listrik,token listrik,box tutup token listrik,tutup token listrik,tutup token listrik,4.0,3.0,1.0,25.0
Shopee,Token Listrik,Pelindung Token Listrik Khusus Pulsa Bahan Kayu MDF Berkualitas,pelindung token listrik,pelindung token listrik khusus pulsa bahan kayu mdf berkualitas,pelindung token listrik pulsa kayu mdf,lindung token listrik pulsa kayu mdf,9.0,6.0,3.0,33.3
Shopee,Token Listrik,KWH TOKEN PRABAYAR MERK SMART METER 5(60)A ORIGINAL,token listrik,kwh token prabayar merk smart meter a original,kwh token prabayar merk smart,kwh token prabayar merk smart,8.0,5.0,3.0,37.5
Shopee,Token Listrik,Box Token listrik / Bok Box pulsa listrik,token listrik,box token listrik bok box pulsa listrik,token listrik bok pulsa listrik,token listrik bok pulsa listrik,8.0,5.0,3.0,37.5
Shopee,Token Listrik,[BUKAN METERAN] BOX TOKEN LISTRIK PLN DESAIN TERBARU/DEKORASI RUMAH LUCU,token listrik,bukan meteran box token listrik pln desain terbarudekorasi rumah lucu,meteran token listrik pln desain terbarudekorasi rumah,meter token listrik pln desain terbarudekorasi rumah,10.0,7.0,3.0,30.0
Shopee,Token Listrik,Box Token Listrik Kotak Meteran Token BX01,token listrik,box token listrik kotak meteran token bx,token listrik meteran token bx,token listrik meter token bx,7.0,5.0,2.0,28.6
Shopee,Token Listrik,BOX TOKEN LISTRIK BOX KWH COVER TOKEN LISTRIK BOX TOKEN LISTRIK,token listrik,box token listrik box kwh cover token listrik box token listrik,token listrik kwh cover token listrik token listrik,token listrik kwh cover token listrik token listrik,11.0,8.0,3.0,27.3
Shopee,Token Listrik,[BEST SELLER] Pelindung Token Listrik Kayu MDF Aman Berkualitas,pelindung token listrik,best seller pelindung token listrik kayu mdf aman berkualitas,pelindung token listrik kayu mdf,lindung token listrik kayu mdf,9.0,5.0,4.0,44.4
Shopee,Token Listrik,Rumah Token Listrik Hello Kitty Desain Lucu Mdf,token listrik,rumah token listrik hello kitty desain lucu mdf,rumah token listrik hello kitty desain mdf,rumah token listrik hello kitty desain mdf,8.0,7.0,1.0,12.5
Shopee,Token Listrik,Box/kotak Token Listrik Prabayar Minimalis,token listrik,boxkotak token listrik prabayar minimalis,boxkotak token listrik prabayar minimalis,boxkotak token listrik prabayar minimal,5.0,5.0,0.0,0.0
Shopee,Token Listrik,BOX COVER TUTUP TOKEN LISTRIK | TUTUP METERAN LISTRIK,tutup token listrik,box cover tutup token listrik tutup meteran listrik,cover tutup token listrik tutup meteran listrik,cover tutup token listrik tutup meter listrik,9.0,7.0,2.0,22.2
Shopee,Token Listrik,Rumah Token Listrik Karakter Keropi Mdf Glossy,token listrik,rumah token listrik karakter keropi mdf glossy,rumah token listrik karakter keropi mdf glossy,rumah token listrik karakter kerop mdf glossy,7.0,7.0,0.0,0.0
Shopee,Token Listrik,TERMURAH!!!Cover Token Listrik Prabayar/Token Listrik Pulsa Kayu MDF Anti Luntur,token listrik,termurahcover token listrik prabayartoken listrik pulsa kayu mdf anti luntur,termurahcover token listrik prabayartoken listrik pulsa kayu mdf anti luntur,termurahcover token listrik prabayartoken listrik pulsa kayu mdf anti luntur,10.0,10.0,0.0,0.0
Shopee,Token Listrik,[BEST SELLER] Pelindung Token Listrik Bahan Kayu MDF Aman Berkualitas Model Telephone,pelindung token listrik,best seller pelindung token listrik bahan kayu mdf aman berkualitas model telephone,pelindung token listrik kayu mdf telephone,lindung token listrik kayu mdf telephone,12.0,6.0,6.0,50.0
Shopee,Token Listrik,Box Listrik Token Miki Kayu MDF Anti Luntur,box listrik,box listrik token miki kayu mdf anti luntur,listrik token miki kayu mdf anti luntur,listrik token mik kayu mdf anti luntur,8.0,7.0,1.0,12.5
Shopee,Token Listrik,TERMURAH!!!Pelindung Token Listrik Elegan Model Telephone/Cover Box Meteran Best Seller,pelindung token listrik,termurahpelindung token listrik elegan model telephonecover box meteran best seller,termurahpelindung token listrik elegan telephonecover meteran,termurahpelindung token listrik elegan telephonecover meter,10.0,6.0,4.0,40.0
Shopee,Token Listrik,Rumah Token Listrik Karakter Micky Mouse Mdf Glossy,token listrik,rumah token listrik karakter micky mouse mdf glossy,rumah token listrik karakter micky mouse mdf glossy,rumah token listrik karakter micky mouse mdf glossy,8.0,8.0,0.0,0.0
Shopee,Token Listrik,Box Meteran Listrik Kayu Jati Unik Akrilik Bening,meteran listrik,box meteran listrik kayu jati unik akrilik bening,meteran listrik kayu jati akrilik bening,meter listrik kayu jati akrilik bening,8.0,6.0,2.0,25.0
Shopee,Token Listrik,KWH Token Prabayar Smart Meter 5(60)A Listrik Pintar,token listrik,kwh token prabayar smart meter a listrik pintar,kwh token prabayar smart listrik,kwh token prabayar smart listrik,8.0,5.0,3.0,37.5
Shopee,Token Listrik,Token Test,token test,token test,token test,token test,2.0,2.0,0.0,0.0
Shopee,Token Listrik,PLN Home Number Token Box Meteran Listrik Prabayar,token listrik,pln home number token box meteran listrik prabayar,pln home number token meteran listrik prabayar,pln home number token meter listrik prabayar,8.0,7.0,1.0,12.5
Shopee,Token Listrik,BOX CAVER TUTUP TOKEN LISTRIK | TUTUP METERAN LISTRIK,token listrik,box caver tutup token listrik tutup meteran listrik,caver tutup token listrik tutup meteran listrik,caver tutup token listrik tutup meter listrik,9.0,7.0,2.0,22.2
Shopee,Token Listrik,Cover Token Listrik Model Lucu Telephone/Pelindung Token Listrik Kayu MDF Berkualitas,token listrik,cover token listrik model lucu telephonepelindung token listrik kayu mdf berkualitas,cover token listrik telephonepelindung token listrik kayu mdf,cover token listrik telephonepelindung token listrik kayu mdf,11.0,8.0,3.0,27.3
Shopee,Token Listrik,Indosaver hemat listrik 10~40%token pra bayar OkHemat,token listrik,indosaver hemat listrik token pra bayar okhemat,indosaver listrik token pra okhemat,indosaver listrik token pra okhemat,7.0,5.0,2.0,28.6
Shopee,Token Listrik,Box Cover Khusus Token Listrik - Box Meteran Listrik DM,box meteran listrik,box cover khusus token listrik box meteran listrik dm,cover token listrik meteran listrik dm,cover token listrik meter listrik dm,10.0,6.0,4.0,40.0
Shopee,Token Listrik,BOX COVER KHUSUS TOKEN LISTRIK - BOX METERAN LISTRIK TH2810,token listrik,box cover khusus token listrik box meteran listrik th,cover token listrik meteran listrik th,cover token listrik meter listrik th,10.0,6.0,4.0,40.0
Shopee,Token Listrik,bok  token listrik keropi/hello Kitty/ Doraemon/Mickey mouse,token listrik,bok token listrik keropihello kitty doraemonmickey mouse,bok token listrik keropihello kitty doraemonmickey mouse,bok token listrik keropihello kitty doraemonmickey mouse,7.0,7.0,0.0,0.0
Shopee,Token Listrik,Struk Penjualan Token Listrik Custom 50 Lembar,token listrik,struk penjualan token listrik custom lembar,struk penjualan token listrik custom,struk jual token listrik custom,7.0,5.0,2.0,28.6
Shopee,Token Listrik,Voucher Tambah Daya Listrik PLN PROMO 2025,tambah daya listrik,voucher tambah daya listrik pln promo,daya listrik pln,daya listrik pln,7.0,3.0,4.0,57.1
Shopee,Token Listrik,KWH TOKEN PRABAYAR MEREK SMART METER murah,token listrik,kwh token prabayar merek smart meter murah,kwh token prabayar merek smart,kwh token prabayar merek smart,7.0,5.0,2.0,28.6
Shopee,Token Listrik,Promo Kotak meteran listik Box TOKEN PULSA PLN PRABAYAR Diskon,token listrik,promo kotak meteran listik box token pulsa pln prabayar diskon,meteran listik token pulsa pln prabayar,meter listik token pulsa pln prabayar,10.0,6.0,4.0,40.0
Shopee,Token Listrik,nota token listrik,token listrik,nota token listrik,nota token listrik,nota token listrik,3.0,3.0,0.0,0.0
Shopee,Token Listrik,Bolt New Pro Plan – Private & 10M Token,token,bolt new pro plan – private m token,bolt pro plan private token,bolt pro plan private token,9.0,5.0,4.0,44.4
Shopee,Token Listrik,PROMO DISKON - KWH TOKEN PRABAYAR MEREK SMART METER,token listrik,promo diskon kwh token prabayar merek smart meter,kwh token prabayar merek smart,kwh token prabayar merek smart,9.0,5.0,4.0,44.4
Shopee,Token Listrik,bok listrik token pulsa,token listrik,bok listrik token pulsa,bok listrik token pulsa,bok listrik token pulsa,4.0,4.0,0.0,0.0
Shopee,Token Listrik,Stiker Vinyl JUAL PULSA DAN TOKEN LISTRIK Ukuran 10 x 23 CM,stiker,stiker vinyl jual pulsa dan token listrik ukuran x cm,stiker vinyl pulsa token listrik,stiker vinyl pulsa token listrik,12.0,5.0,7.0,58.3
Shopee,Token Listrik,Stiker Vinyl JUAL PULSA DAN PAKET DATA TOKEN LISTRIK 10X23 CM,stiker vinyl,stiker vinyl jual pulsa dan paket data token listrik x cm,stiker vinyl pulsa data token listrik,stiker vinyl pulsa data token listrik,11.0,6.0,5.0,45.5
Shopee,Token Listrik,Alat Penghemat Listrik Token Listrik 2 Kwh - Hemat Daya Teknologi Jerman,token listrik,alat penghemat listrik token listrik kwh hemat daya teknologi jerman,alat penghemat listrik token listrik kwh daya teknologi jerman,alat hemat listrik token listrik kwh daya teknologi jerman,12.0,9.0,3.0,25.0
Shopee,Token Listrik,UCHIRO Box KWH Meter Mini MCB Prabayar / Token / Pulsa – Box Listrik Outdoor Ukuran Kecil Tahan Air & Debu Pelindung Meteran PLN,box kwh meter,uchiro box kwh meter mini mcb prabayar token pulsa – box listrik outdoor ukuran kecil tahan air debu pelindung meteran pln,uchiro kwh mcb prabayar token pulsa listrik outdoor tahan air debu pelindung meteran pln,uchiro kwh mcb prabayar token pulsa listrik outdoor tahan air debu lindung meter pln,24.0,14.0,10.0,41.7
Shopee,Token Listrik,TERMURAH!!! Box Meteran Listrik Token PLN Prabayar Kayu Minimalis Pelindung Meteran Listrik,token listrik,termurah box meteran listrik token pln prabayar kayu minimalis pelindung meteran listrik,meteran listrik token pln prabayar kayu minimalis pelindung meteran listrik,meter listrik token pln prabayar kayu minimal lindung meter listrik,12.0,10.0,2.0,16.7
Shopee,Token Listrik,Stiker Pulsa & Token Listrik + Laminasi Glossy,pulsa listrik,stiker pulsa token listrik laminasi glossy,stiker pulsa token listrik laminasi glossy,stiker pulsa token listrik laminasi glossy,8.0,6.0,2.0,25.0
Shopee,Token Listrik,Struk Pembelian Token Listrik 50 Lembar HVS 75 Gsm,token listrik,struk pembelian token listrik lembar hvs gsm,struk pembelian token listrik hvs gsm,struk beli token listrik hvs gsm,9.0,6.0,3.0,33.3
Shopee,Token Listrik,®°LOVINA_STORE® PROMO!!Bok Meteran Desain Telephone Meteran Token/Listrik Tempat Pelindung Bok Meteran Listrik Token,bok meteran listrik,®°lovinastore® promobok meteran desain telephone meteran tokenlistrik tempat pelindung bok meteran listrik token,®°lovinastore® promobok meteran desain telephone meteran tokenlistrik pelindung bok meteran listrik token,lovinastore promobok meter desain telephone meter tokenlistrik lindung bok meter listrik token,13.0,12.0,1.0,7.7
Shopee,Token Listrik,Box Meteran Listrik Token Kayu MDF Estetik,box meteran listrik,box meteran listrik token kayu mdf estetik,meteran listrik token kayu mdf estetik,meter listrik token kayu mdf estetik,7.0,6.0,1.0,14.3
Shopee,Token Listrik,Struk Pembelian Token Listrik – Isi 100 Lembar | Nota Token Listrik Pintar Warung Konter Agen,token listrik,struk pembelian token listrik – isi lembar nota token listrik pintar warung konter agen,struk pembelian token listrik nota token listrik warung konter agen,struk beli token listrik nota token listrik warung konter agen,16.0,10.0,6.0,37.5
Shopee,Token Listrik,Struk Pembelian Token Listrik | Nota Token Listrik,token listrik,struk pembelian token listrik nota token listrik,struk pembelian token listrik nota token listrik,struk beli token listrik nota token listrik,8.0,7.0,1.0,12.5
Shopee,Token Listrik,Struk Token Listrik 100 Lembar Struk Pembelian Token Listrik Nota Token Listrik,token listrik,struk token listrik lembar struk pembelian token listrik nota token listrik,struk token listrik struk pembelian token listrik nota token listrik,struk token listrik struk beli token listrik nota token listrik,12.0,10.0,2.0,16.7
Shopee,Token Listrik,(100 lembar) STRUK PEMBELIAN TOKEN LISTRIK | NOTA TOKEN LISTRIK,token listrik,lembar struk pembelian token listrik nota token listrik,struk pembelian token listrik nota token listrik,struk beli token listrik nota token listrik,10.0,7.0,3.0,30.0
Shopee,Token Listrik,Bok Listrik kWh Terbaru / Token Listrik Pulsa,token listrik,bok listrik kwh terbaru token listrik pulsa,bok listrik kwh token listrik pulsa,bok listrik kwh token listrik pulsa,8.0,6.0,2.0,25.0
Shopee,Token Listrik,BISA CUSTOM !!! Box Cover Meteran Listrik Tutup Token Listrik Lama Baru Pulsa Lemari Kecil Nakas Semua Bisa,tutup meteran listrik,bisa custom box cover meteran listrik tutup token listrik lama baru pulsa lemari kecil nakas semua bisa,custom cover meteran listrik tutup token listrik pulsa lemari nakas,custom cover meter listrik tutup token listrik pulsa lemari nakas,18.0,10.0,8.0,44.4
Shopee,Token Listrik,Box Meteran Listrik Token / Pulsa - Kotak Meteran Listrik Token,kotak meteran listrik token,box meteran listrik token pulsa kotak meteran listrik token,meteran listrik token pulsa meteran listrik token,meter listrik token pulsa meter listrik token,11.0,7.0,4.0,36.4
Shopee,Token Listrik,Tutup Kwh Meter Token /Box Meteran Listrik Token #Gratisongkir,token listrik,tutup kwh meter token box meteran listrik token gratisongkir,tutup kwh token meteran listrik token gratisongkir,tutup kwh token meter listrik token gratisongkir,9.0,7.0,2.0,22.2
Shopee,Token Listrik,BOX PLN PELINDUNG KWH METER LISTRIK TOKEN  / BOX METERAN PLN BOX TOKEN LISTRIK METERAN,box token listrik,box pln pelindung kwh meter listrik token box meteran pln box token listrik meteran,pln pelindung kwh listrik token meteran pln token listrik meteran,pln lindung kwh listrik token meter pln token listrik meter,15.0,10.0,5.0,33.3
Shopee,Token Listrik,Rumah Token Listrik Shabby Chic Mdf Glossy,token listrik,rumah token listrik shabby chic mdf glossy,rumah token listrik shabby chic mdf glossy,rumah token listrik shabby chic mdf glossy,7.0,7.0,0.0,0.0
Shopee,Token Listrik,Darin Masko Box Token Listrik Prabayar PLN Kwh Meter Tebal Dan Kuat,token listrik,darin masko box token listrik prabayar pln kwh meter tebal dan kuat,darin masko token listrik prabayar pln kwh,darin masko token listrik prabayar pln kwh,12.0,7.0,5.0,41.7
Shopee,Token Listrik,Alat Penghemat Listrik Hemat Energi Token Voucher Meteran Pulsa Listrik,token listrik,alat penghemat listrik hemat energi token voucher meteran pulsa listrik,alat penghemat listrik energi token meteran pulsa listrik,alat hemat listrik energi token meter pulsa listrik,10.0,8.0,2.0,20.0
Shopee,Token Listrik,Lampu tulisan JUAL PULSA & TOKEN LISTRIK,token listrik,lampu tulisan jual pulsa token listrik,lampu tulisan pulsa token listrik,lampu tulis pulsa token listrik,7.0,5.0,2.0,28.6
Shopee,Token Listrik,Box Meteran Token Listrik PLN Kayu MDF Anti Luntur,token listrik,box meteran token listrik pln kayu mdf anti luntur,meteran token listrik pln kayu mdf anti luntur,meter token listrik pln kayu mdf anti luntur,9.0,8.0,1.0,11.1
Shopee,Token Listrik,Lampu tulisan JUAL PULSA HP & TOKEN LISTRIK,token listrik,lampu tulisan jual pulsa hp token listrik,lampu tulisan pulsa hp token listrik,lampu tulis pulsa hp token listrik,8.0,6.0,2.0,25.0
Shopee,Token Listrik,Lampu Tulisan PULSA PAKET DATA TOKEN LISTRIK TOP UP EWALLET,token listrik,lampu tulisan pulsa paket data token listrik top up ewallet,lampu tulisan pulsa data token listrik up ewallet,lampu tulis pulsa data token listrik up ewallet,10.0,8.0,2.0,20.0
Shopee,Token Listrik,SINTE MASKO Box Token Listrik Prabayar PLN Kwh Meter Tebal dan Kuat Warna Putih Kualitas Bagus Murah,token listrik,sinte masko box token listrik prabayar pln kwh meter tebal dan kuat warna putih kualitas bagus murah,sinte masko token listrik prabayar pln kwh bagus,sinte masko token listrik prabayar pln kwh bagus,17.0,8.0,9.0,52.9
Shopee,Token Listrik,Tulisan lampu led sign PULSA BPJS TOKEN LISTRIK TRANSFER new,lampu led,tulisan lampu led sign pulsa bpjs token listrik transfer new,tulisan lampu led sign pulsa bpjs token listrik transfer,tulis lampu led sign pulsa bpjs token listrik transfer,10.0,9.0,1.0,10.0
Shopee,Token Listrik,AULIART BOX METERAN LISTRIK TOKEN PLN TUTUP LISTRIK MCB COVER SHABBY KWH METER CUSTOM,meter listrik,auliart box meteran listrik token pln tutup listrik mcb cover shabby kwh meter custom,auliart meteran listrik token pln tutup listrik mcb cover shabby kwh custom,auliart meter listrik token pln tutup listrik mcb cover shabby kwh custom,14.0,12.0,2.0,14.3
Shopee,Token Listrik,Lampu Display Jual Token PLN Terang 3 Warna,lampu display,lampu display jual token pln terang warna,lampu display token pln,lampu display token pln,8.0,4.0,4.0,50.0
Shopee,Token Listrik,Tulisan lampu led sign jual pulsa kuota token listrik air full variasi,token listrik,tulisan lampu led sign jual pulsa kuota token listrik air full variasi,tulisan lampu led sign pulsa kuota token listrik air,tulis lampu led sign pulsa kuota token listrik air,12.0,9.0,3.0,25.0
Shopee,Token Listrik,Lampu Jual Pulsa Token Listrik / Open Gantung,token listrik,lampu jual pulsa token listrik open gantung,lampu pulsa token listrik open gantung,lampu pulsa token listrik open gantung,8.0,6.0,2.0,25.0
Shopee,Token Listrik,Taffware kwh meter token listrik digital multifungsi,token listrik,taffware kwh meter token listrik digital multifungsi,taffware kwh token listrik,taffware kwh token listrik,7.0,4.0,3.0,42.9
Shopee,Token Listrik,Box KWH meter/Box Meteran Listrik Token model rumah / Kotak PLN / PLN Pulsa / Dekorasi rumah  / kotak pln model rumah,kotak meteran listrik,box kwh meterbox meteran listrik token model rumah kotak pln pln pulsa dekorasi rumah kotak pln model rumah,kwh meterbox meteran listrik token rumah pln pln pulsa dekorasi rumah pln rumah,kwh meterbox meter listrik token rumah pln pln pulsa dekorasi rumah pln rumah,22.0,13.0,9.0,40.9
Shopee,Token Listrik,TERMURAH!!! Box Meteran Listrik Prabayar Token London Kayu Natural Termurah,token listrik,termurah box meteran listrik prabayar token london kayu natural termurah,meteran listrik prabayar token london kayu,meter listrik prabayar token london kayu,10.0,6.0,4.0,40.0
Shopee,Token Listrik,Box Meteran Listrik Token Kayu MDF Cantik,box meteran listrik,box meteran listrik token kayu mdf cantik,meteran listrik token kayu mdf,meter listrik token kayu mdf,7.0,5.0,2.0,28.6
Shopee,Token Listrik,Box Meteran Listrik Token Kayu Solid 17x10x30 Cm,token listrik,box meteran listrik token kayu solid xx cm,meteran listrik token kayu xx,meter listrik token kayu xx,8.0,5.0,3.0,37.5
Shopee,Token Listrik,Software Penambah Token Listrik Murah,token listrik,software penambah token listrik murah,software penambah token listrik,software tambah token listrik,5.0,4.0,1.0,20.0
Shopee,Token Listrik,"BAYAR TAGIHAN ANDA JADI MUDAH ( LISTRIK, TOKEN , PRABAYAR, PASCA BAYAR )",token listrik,bayar tagihan anda jadi mudah listrik token prabayar pasca bayar,tagihan mudah listrik token prabayar pasca,tagih mudah listrik token prabayar pasca,13.0,6.0,7.0,53.8
Shopee,Token Listrik,Stiker Vinyl JUAL PULSA & TOKEN LISTRIK ukuran 10x23 CM,stiker vinyl,stiker vinyl jual pulsa token listrik ukuran x cm,stiker vinyl pulsa token listrik,stiker vinyl pulsa token listrik,10.0,5.0,5.0,50.0
Shopee,Token Listrik,Stiker vinyl JUAL PULSA DAN TOKEN LISTRIK 10X23 CM,stiker vinyl,stiker vinyl jual pulsa dan token listrik x cm,stiker vinyl pulsa token listrik,stiker vinyl pulsa token listrik,9.0,5.0,4.0,44.4
Shopee,Token Listrik,"""New"" Kotak meteran listik Box TOKEN PULSA PLN PRABAYAR",token listrik,new kotak meteran listik box token pulsa pln prabayar,meteran listik token pulsa pln prabayar,meter listik token pulsa pln prabayar,9.0,6.0,3.0,33.3
Shopee,Token Listrik,Meteran listrik KWH Pulsa Token Berkualitas / BOX KOTAK TUTUP METERAN PLN PRABAYAR,token listrik,meteran listrik kwh pulsa token berkualitas box kotak tutup meteran pln prabayar,meteran listrik kwh pulsa token tutup meteran pln prabayar,meter listrik kwh pulsa token tutup meter pln prabayar,13.0,9.0,4.0,30.8
Shopee,Token Listrik,:=:=:=:=] Tutup Kwh Meter Token SNI Body Tebal Pintu / Box Meteran Listrik Token,token listrik,tutup kwh meter token sni body tebal pintu box meteran listrik token,tutup kwh token sni body pintu meteran listrik token,tutup kwh token sni body pintu meter listrik token,14.0,9.0,5.0,35.7
Shopee,Token Listrik,READY STOCK Box Meteran Listrik Token PLN Kayu MDF Anti Luntur,token listrik,ready stock box meteran listrik token pln kayu mdf anti luntur,meteran listrik token pln kayu mdf anti luntur,meter listrik token pln kayu mdf anti luntur,11.0,8.0,3.0,27.3
Shopee,Token Listrik,"Stiker Vinyl JUAL PULSA, PAKET DATA, TOKEN LISTRIK ukuran 10x23 CM",stiker vinyl,stiker vinyl jual pulsa paket data token listrik ukuran x cm,stiker vinyl pulsa data token listrik,stiker vinyl pulsa data token listrik,11.0,6.0,5.0,45.5
Shopee,Token Listrik,Cod!!! Box Listrik Tutup Token Listrik Pulsa Pintu Kayu Termurah,token listrik,cod box listrik tutup token listrik pulsa pintu kayu termurah,listrik tutup token listrik pulsa pintu kayu,listrik tutup token listrik pulsa pintu kayu,10.0,7.0,3.0,30.0
Shopee,Token Listrik,READY STOCK Box Listrik Tutup Token Listrik Pulsa Pintu Kayu,token listrik,ready stock box listrik tutup token listrik pulsa pintu kayu,listrik tutup token listrik pulsa pintu kayu,listrik tutup token listrik pulsa pintu kayu,10.0,7.0,3.0,30.0
Shopee,Token Listrik,READY STOCK Nanhayu Tkisi - Box Cover Token Listrik KWH Meter Listrik Prabayar/Digital,token listrik,ready stock nanhayu tkisi box cover token listrik kwh meter listrik prabayardigital,nanhayu tkisi cover token listrik kwh listrik prabayardigital,nanhayu tkisi cover token listrik kwh listrik prabayardigital,13.0,8.0,5.0,38.5
Shopee,Token Listrik,Alat Penghemat Daya Listrik Hemat kWh Tagihan Pulsa Token / Bulanan PLN Soft Start,penghemat daya listrik,alat penghemat daya listrik hemat kwh tagihan pulsa token bulanan pln soft start,alat penghemat daya listrik kwh tagihan pulsa token bulanan pln soft start,alat hemat daya listrik kwh tagih pulsa token bulan pln soft start,14.0,12.0,2.0,14.3
Shopee,Token Listrik,Tutup KWH Token Pulsa Meteran Listrik Kuncian Gembok,token listrik,tutup kwh token pulsa meteran listrik kuncian gembok,tutup kwh token pulsa meteran listrik kuncian gembok,tutup kwh token pulsa meter listrik kunci gembok,8.0,8.0,0.0,0.0
Shopee,Token Listrik,Box Meteran Listrik PLN Estetik - Penutup Box Token MDF 17x10x30 cm,box meteran listrik,box meteran listrik pln estetik penutup box token mdf xx cm,meteran listrik pln estetik penutup token mdf xx,meter listrik pln estetik tutup token mdf xx,12.0,8.0,4.0,33.3
Shopee,Token Listrik,Casing Box Meteran Listrik Wood MDF - Pelindung Token PLN 17x10x30 cm,casing meteran listrik,casing box meteran listrik wood mdf pelindung token pln xx cm,casing meteran listrik wood mdf pelindung token pln xx,casing meter listrik wood mdf lindung token pln xx,12.0,9.0,3.0,25.0
Shopee,Token Listrik,READY STOCK AULIART BOX METERAN LISTRIK TOKEN PLN TUTUP LISTRIK MCB COVER SHABBY KWH METER CUSTOM,token listrik,ready stock auliart box meteran listrik token pln tutup listrik mcb cover shabby kwh meter custom,auliart meteran listrik token pln tutup listrik mcb cover shabby kwh custom,auliart meter listrik token pln tutup listrik mcb cover shabby kwh custom,16.0,12.0,4.0,25.0
Shopee,Token Listrik,Box Listrik Tutup Token Listrik Pulsa Pintu Kayu,token listrik,box listrik tutup token listrik pulsa pintu kayu,listrik tutup token listrik pulsa pintu kayu,listrik tutup token listrik pulsa pintu kayu,8.0,7.0,1.0,12.5
Shopee,Token Listrik,[isi 100 pcs] STRUK TOKEN LISTRIK PLN | NOTA TOKEN LISTRIK,token listrik,isi pcs struk token listrik pln nota token listrik,struk token listrik pln nota token listrik,struk token listrik pln nota token listrik,11.0,7.0,4.0,36.4
Shopee,Token Listrik,Box Tutup Meteran Listrik Token.Untuk Meteran Model Baru Token Bok Tutup Meteran Prabayar,tutup meteran listrik,box tutup meteran listrik tokenuntuk meteran model baru token bok tutup meteran prabayar,tutup meteran listrik tokenuntuk meteran token bok tutup meteran prabayar,tutup meter listrik tokenuntuk meter token bok tutup meter prabayar,13.0,10.0,3.0,23.1
Shopee,Token Listrik,tokozeifang | 2025 Penghemat Listrik PLN Electric Saver / Electricity Saving Box Alat Hemat Daya kWh Soft Start Tagihan Pulsa Token / Bulanan,penghemat listrik,tokozeifang penghemat listrik pln electric saver electricity saving box alat hemat daya kwh soft start tagihan pulsa token bulanan,tokozeifang penghemat listrik pln electric saver electricity saving alat daya kwh soft start tagihan pulsa token bulanan,tokozeifang hemat listrik pln electric saver electricity saving alat daya kwh soft start tagih pulsa token bulan,23.0,17.0,6.0,26.1
Shopee,Token Listrik,Box listrik mesin baru pascabayar / box token listrik polos putih #standart,box token listrik,box listrik mesin baru pascabayar box token listrik polos putih standart,listrik mesin pascabayar token listrik standart,listrik mesin pascabayar token listrik standart,12.0,6.0,6.0,50.0
Shopee,Token Listrik,Wadah Meteran Listrik Token & Pascabayar MDF - Tutup Box PLN 17x10x30,wadah meteran listrik,wadah meteran listrik token pascabayar mdf tutup box pln xx,meteran listrik token pascabayar mdf tutup pln xx,meter listrik token pascabayar mdf tutup pln xx,12.0,8.0,4.0,33.3
Shopee,Token Listrik,Osy - Box Listrik Tutup Token Listrik Pulsa Pintu Kayu,token listrik,osy box listrik tutup token listrik pulsa pintu kayu,osy listrik tutup token listrik pulsa pintu kayu,osy listrik tutup token listrik pulsa pintu kayu,10.0,8.0,2.0,20.0
Shopee,Token PLN,Token Listrik Diskon Murah PROMO PLN 1 Juta,token listrik,token listrik diskon murah promo pln juta,token listrik pln juta,token listrik pln juta,8.0,4.0,4.0,50.0
Shopee,Token PLN,Pulsa Listrik Token Listrik PLN Amanah 100%,token listrik,pulsa listrik token listrik pln amanah,pulsa listrik token listrik pln,pulsa listrik token listrik pln,7.0,5.0,2.0,28.6
Shopee,Token PLN,TOKEN PLN | PLN TOKEN MINI PROMO  | TOKEN PLN 5K - TOKEN PLN 10K,token listrik,token pln pln token mini promo token pln k token pln k,token pln pln token token pln token pln,token pln pln token token pln token pln,15.0,8.0,7.0,46.7
Shopee,Token PLN,Token Listrik PLN Aman Murah dan Amanah,token listrik,token listrik pln aman murah dan amanah,token listrik pln,token listrik pln,7.0,3.0,4.0,57.1
Shopee,Token PLN,TOKEN PLN CEPAT & MURAH 20K - 100K,token listrik,token pln cepat murah k k,token pln,token pln,8.0,2.0,6.0,75.0
Shopee,Token PLN,Isi Ulang Token Pln Nominal Besar Termurah,token listrik,isi ulang token pln nominal besar termurah,ulang token pln,ulang token pln,7.0,3.0,4.0,57.1
Shopee,Token PLN,Token Listrik Mini 5K 10K 15K Asli Cepat Listrik PLN Nominal Lengkap,token listrik,token listrik mini k k k asli cepat listrik pln nominal lengkap,token listrik listrik pln,token listrik listrik pln,12.0,4.0,8.0,66.7
Shopee,Token PLN,TOKEN LISTRIK PLN MURAH 20K 50K 100K PROSES CEPAT!!!,token listrik,token listrik pln murah k k k proses cepat,token listrik pln proses,token listrik pln proses,9.0,4.0,5.0,55.6
Shopee,Token PLN,TOKEN PLN  20/50/100 murah dan cepat,token listrik,token pln murah dan cepat,token pln,token pln,6.0,2.0,4.0,66.7
Shopee,Token PLN,Token Listrik PLN 15.000 | Pulsa Listrik 15K Proses Instan,token listrik,token listrik pln pulsa listrik k proses instan,token listrik pln pulsa listrik proses,token listrik pln pulsa listrik proses,10.0,6.0,4.0,40.0
Shopee,Token PLN,TOKEN LISTRIK PLN NOMINAL 25.000 TERMURAH,token listrik,token listrik pln nominal termurah,token listrik pln,token listrik pln,6.0,3.0,3.0,50.0
Shopee,Token PLN,TOKEN PLN MURAH,token listrik,token pln murah,token pln,token pln,3.0,2.0,1.0,33.3
Shopee,Token PLN,TOKEN LISTRIK PLN NOMINAL 50.000 TERMURAH,token listrik,token listrik pln nominal termurah,token listrik pln,token listrik pln,6.0,3.0,3.0,50.0
Shopee,Token PLN,Token Listrik PLN Nominal Besar - Pengisian Cepat dan Mudah,token listrik,token listrik pln nominal besar pengisian cepat dan mudah,token listrik pln pengisian mudah,token listrik pln isi mudah,10.0,5.0,5.0,50.0
Shopee,Token PLN,Token Listrik 20 | 25 | 50 | 100 | 200.,token listrik,token listrik,token listrik,token listrik,11.0,2.0,9.0,81.8
Shopee,Token PLN,pulsa listrik pln,token listrik,pulsa listrik pln,pulsa listrik pln,pulsa listrik pln,3.0,3.0,0.0,0.0
Shopee,Token PLN,TOKEN LISTRIK PLN NOMINAL 20.000 TERMURAH,token listrik,token listrik pln nominal termurah,token listrik pln,token listrik pln,6.0,3.0,3.0,50.0
Shopee,Token PLN,TOKEN LISTRIK (PLN) HOT PROMO,token listrik,token listrik pln hot promo,token listrik pln hot,token listrik pln hot,5.0,4.0,1.0,20.0
Shopee,Token PLN,[Promo] Token Listrik PLN Murah,token listrik,promo token listrik pln murah,token listrik pln,token listrik pln,5.0,3.0,2.0,40.0
Shopee,Token PLN,"Token Listrik 20K, 50K Termurah Hemat Asli",token listrik,token listrik k k termurah hemat asli,token listrik,token listrik,7.0,2.0,5.0,71.4
Shopee,Token PLN,TOKEN LISTRIK PLN 100K & 200K PROMO TERMURAH TERLARIS DISKON,token listrik,token listrik pln k k promo termurah terlaris diskon,token listrik pln,token listrik pln,10.0,3.0,7.0,70.0
Shopee,Token PLN,Token Listrik PLN promo 20 50 100,token listrik,token listrik pln promo,token listrik pln,token listrik pln,7.0,3.0,4.0,57.1
Shopee,Token PLN,"Token Listrik PLN 5.000 10.000 15.000 20.000 25.000 50.000 - Promo, Murah, Langsung Dikirim",token listrik,token listrik pln promo murah langsung dikirim,token listrik pln langsung dikirim,token listrik pln langsung kirim,14.0,5.0,9.0,64.3
Shopee,Token PLN,TOKEN LISTRIK PRABAYAR PROMO  PLN 15 15k 20 20k 50 50k 100 100k 200 200k 500 500k 1 juta 1 jt 1jt 1000k,token listrik,token listrik prabayar promo pln k k k k k k juta jt jt k,token listrik prabayar pln juta jt jt,token listrik prabayar pln juta jt jt,23.0,7.0,16.0,69.6
Shopee,Token PLN,20K Token Listrik PLN Prabayar - Pengiriman Cepat & Langsung Via Chat,token listrik,k token listrik pln prabayar pengiriman cepat langsung via chat,token listrik pln prabayar pengiriman langsung via chat,token listrik pln prabayar kirim langsung via chat,12.0,8.0,4.0,33.3
Shopee,Token PLN,Token PROMO Listrik 100 Dan 200 Murah Proses Cepat,token listrik,token promo listrik dan murah proses cepat,token listrik proses,token listrik proses,9.0,3.0,6.0,66.7
Shopee,Token PLN,TOKEN LISTRIK PLN 20 RIBU / 20000,token listrik,token listrik pln ribu,token listrik pln ribu,token listrik pln ribu,7.0,4.0,3.0,42.9
Shopee,Token PLN,TOKEN PLN ECERAN MULAI DARI 5K - WARUNG KOMUNIKA,token listrik,token pln eceran mulai dari k warung komunika,token pln eceran warung komunika,token pln ecer warung komunika,9.0,5.0,4.0,44.4
Shopee,Token PLN,TOKEN LISTRIK 25K 25000 25Ribu 25Rb | Promo Pulsa PLN Pintar Eceran Grosir Murah Langsung Kirim Kode Via Chat | Serba 0 Rupiah,token listrik,token listrik k ribu rb promo pulsa pln pintar eceran grosir murah langsung kirim kode via chat serba rupiah,token listrik ribu rb pulsa pln eceran langsung kode via chat serba rupiah,token listrik ribu rb pulsa pln ecer langsung kode via chat serba rupiah,23.0,13.0,10.0,43.5
Shopee,Token PLN,Token Listrik Prabayar Digital 20 Digit,token listrik,token listrik prabayar digital digit,token listrik prabayar digit,token listrik prabayar digit,6.0,4.0,2.0,33.3
Shopee,Token PLN,Promo Token Listrik 100K 100Rb,token listrik,promo token listrik k rb,token listrik rb,token listrik rb,5.0,3.0,2.0,40.0
Shopee,Token PLN,TOKEN LISTRIK PROMO PLN MURAH 15 15k 20 20k 50 50k 100 100k 200 200k 500 500k 1 juta,token listrik,token listrik promo pln murah k k k k k k juta,token listrik pln juta,token listrik pln juta,19.0,4.0,15.0,78.9
Shopee,Token PLN,Token Listrik 500Rb PROMO Dikirim Via Kurir,token listrik,token listrik rb promo dikirim via kurir,token listrik rb dikirim via kurir,token listrik rb kirim via kurir,7.0,6.0,1.0,14.3
Shopee,Token PLN,Pulsa/Token/PLN Listrik Proses Cepat Murah,token listrik,pulsatokenpln listrik proses cepat murah,pulsatokenpln listrik proses,pulsatokenpln listrik proses,5.0,3.0,2.0,40.0
Shopee,Token PLN,Token Listrik promo 15k proses cepat,token listrik,token listrik promo k proses cepat,token listrik proses,token listrik proses,6.0,3.0,3.0,50.0
Shopee,Token PLN,TOKEN PLN 100K,token listrik,token pln k,token pln,token pln,3.0,2.0,1.0,33.3
Shopee,Token PLN,TOKEN LISTRIK 20K MURAH DAN CEPAT,token listrik,token listrik k murah dan cepat,token listrik,token listrik,6.0,2.0,4.0,66.7
Shopee,Token PLN,Token Listrik / Pulsa PLN Prabayar 20 50 100 ribu 20000 50000 100000,token listrik,token listrik pulsa pln prabayar ribu,token listrik pulsa pln prabayar ribu,token listrik pulsa pln prabayar ribu,13.0,6.0,7.0,53.8
Shopee,Token PLN,Token Listrik 200,token listrik,token listrik,token listrik,token listrik,3.0,2.0,1.0,33.3
Shopee,Token PLN,TOKEN LISTRIK PLN PROMO 15/20/50/100  (20x5  100 100k) (20x10 200 200k) (20x25 500 500k) PALING MURAH,token listrik,token listrik pln promo x k x k x k paling murah,token listrik pln,token listrik pln,16.0,3.0,13.0,81.2
Shopee,Token PLN,TOKEN LISTRIK 15K 15000 15Ribu 15Rb | Promo Pulsa PLN Pintar Eceran Grosir Murah Langsung Kirim Kode Via Chat,token listrik,token listrik k ribu rb promo pulsa pln pintar eceran grosir murah langsung kirim kode via chat,token listrik ribu rb pulsa pln eceran langsung kode via chat,token listrik ribu rb pulsa pln ecer langsung kode via chat,19.0,11.0,8.0,42.1
Shopee,Token PLN,TERMURAH TOP BANGET UP SALDO/REGULER ALL  OPERATOR SELULER,pulsa,termurah top banget up saldoreguler all operator seluler,banget up saldoreguler operator,banget up saldoreguler operator,8.0,4.0,4.0,50.0
Shopee,Token PLN,BISA COD NOMOR CANTIK TELKOMSEL 10 DIGIT BISA DIGUNAKAN DI WILAYAH INDONESIA BONUS KUOTA INTERNET 5000GB,nomor telkomsel,bisa cod nomor cantik telkomsel digit bisa digunakan di wilayah indonesia bonus kuota internet gb,nomor telkomsel digit wilayah indonesia bonus kuota internet gb,nomor telkomsel digit wilayah indonesia bonus kuota internet gb,16.0,9.0,7.0,43.8
Shopee,Token PLN,MCB Pln modif request anti jegglek anti panas,mcb pln,mcb pln modif request anti jegglek anti panas,mcb pln modif request anti jegglek anti panas,mcb pln modif request anti jegglek anti panas,8.0,8.0,0.0,0.0
Shopee,Token PLN,"MCB Schneider Biru PLN 1P 2A/4A/6A/10A/16A/20A/25A/35A/40A - Perlindungan Listrik, SNI Standar, Anti Jeglek",mcb schneider,mcb schneider biru pln p aaaaaaaaa perlindungan listrik sni standar anti jeglek,mcb schneider pln aaaaaaaaa perlindungan listrik sni anti jeglek,mcb schneider pln aaaaaaaaa lindung listrik sni anti jeglek,13.0,9.0,4.0,30.8
Shopee,Token PLN,ijuk duri penghalang panjat /ijuk PLN / ijuk pengusir tikus &ular ukuran 50 cm,ijuk duri penghalang,ijuk duri penghalang panjat ijuk pln ijuk pengusir tikus ular ukuran cm,ijuk duri penghalang panjat ijuk pln ijuk pengusir tikus ular,ijuk duri halang panjat ijuk pln ijuk usir tikus ular,14.0,10.0,4.0,28.6
Shopee,Token PLN,MCB modif Schneider pln anti jeglek bisa regues,mcb schneider,mcb modif schneider pln anti jeglek bisa regues,mcb modif schneider pln anti jeglek regues,mcb modif schneider pln anti jeglek regues,8.0,7.0,1.0,12.5
Shopee,Token PLN,MCB PLN modif ABB SH 201 biru anti jeglek bisah request second original 2a 4a 6a 10a 16a 20a 25a 35a 50a,mcb pln,mcb pln modif abb sh biru anti jeglek bisah request second original a a a a a a a a a,mcb pln modif abb sh anti jeglek bisah request second,mcb pln modif abb sh anti jeglek bisah request second,22.0,10.0,12.0,54.5
Shopee,Token PLN,MCB Modif schneider pln 1 phase anti jeglek siap pake di jamin normal,mcb schneider,mcb modif schneider pln phase anti jeglek siap pake di jamin normal,mcb modif schneider pln phase anti jeglek pake jamin,mcb modif schneider pln phase anti jeglek pake jamin,13.0,9.0,4.0,30.8
Shopee,Token PLN,MCB Modif Anti-Jeglek Merlin Gerin Pln 1P,mcb,mcb modif antijeglek merlin gerin pln p,mcb modif antijeglek merlin gerin pln,mcb modif antijeglek merlin gin pln,7.0,6.0,1.0,14.3
Shopee,Token PLN,MCB modif Merlin gerin pln 1pas anti jeglek siap pakai di jamin normal,mcb,mcb modif merlin gerin pln pas anti jeglek siap pakai di jamin normal,mcb modif merlin gerin pln pas anti jeglek pakai jamin,mcb modif merlin gin pln pas anti jeglek pakai jamin,13.0,10.0,3.0,23.1
Shopee,Token PLN,MCB MODIF ABB SH201 PLN 1PAS ORGINAL SIAP PAKEK DI JAMIN NURMAL,mcb,mcb modif abb sh pln pas orginal siap pakek di jamin nurmal,mcb modif abb sh pln pas orginal pakek jamin nurmal,mcb modif abb sh pln pas orginal pakek jamin nurmal,12.0,10.0,2.0,16.7
Shopee,Token PLN,TOKEN LISTRIK PLN PRABAYAR 20.000 - 50.000 - 100.000,token listrik,token listrik pln prabayar,token listrik pln prabayar,token listrik pln prabayar,9.0,4.0,5.0,55.6
Shopee,Token PLN,"TOKEN LISTRIK PROMO PLN PRABAYAR [5.000, 10.000, 15.000, 20.000, 50.000, 100.000] 5 5k 10 10k 15 15k 20 20k 50 50k 100 100k  TERMURAH",token listrik,token listrik promo pln prabayar k k k k k k termurah,token listrik pln prabayar,token listrik pln prabayar,24.0,4.0,20.0,83.3
Shopee,Token PLN,Token Listrik Murah,token listrik,token listrik murah,token listrik,token listrik,3.0,2.0,1.0,33.3
Shopee,Token PLN,TOKEN Listrik/PLN Prabayar 200.000 Proses Cepat,token listrik,token listrikpln prabayar proses cepat,token listrikpln prabayar proses,token listrikpln prabayar proses,6.0,4.0,2.0,33.3
Shopee,Token PLN,TOKEN LISTRIK PRABAYAR PROMO PLN 5 5k 10 10k 15 15k 20 20k 50 50k 100 100k 200 200k 500 500k 1 Juta 1jt 1 jt,token listrik,token listrik prabayar promo pln k k k k k k k k juta jt jt,token listrik prabayar pln juta jt jt,token listrik prabayar pln juta jt jt,26.0,7.0,19.0,73.1
Shopee,Token PLN,Token Listrik MURAH,token listrik,token listrik murah,token listrik,token listrik,3.0,2.0,1.0,33.3
Shopee,Token PLN,SUPER MURAH TOKEN PLN CEPAT  200K - 1 JUTA,token listrik,super murah token pln cepat k juta,token pln juta,token pln juta,9.0,3.0,6.0,66.7
Shopee,Token PLN,Token Listrik Murah 50K,token listrik,token listrik murah k,token listrik,token listrik,4.0,2.0,2.0,50.0
Shopee,Token PLN,Token Listrik,token listrik,token listrik,token listrik,token listrik,2.0,2.0,0.0,0.0
Shopee,Token PLN,Token Listrik 20k,token listrik,token listrik k,token listrik,token listrik,3.0,2.0,1.0,33.3
Shopee,Token PLN,PROMO TOKEN PLN 100K,token listrik,promo token pln k,token pln,token pln,4.0,2.0,2.0,50.0
Shopee,Token PLN,"PROMO TOKEN PLN//Token listrik murah 20k, 50k, 100k murah",token listrik,promo token plntoken listrik murah k k k murah,token plntoken listrik,token plntoken listrik,9.0,3.0,6.0,66.7
Shopee,Token PLN,Token Listrik PLN Prabayar 20k 50k 100k,token listrik,token listrik pln prabayar k k k,token listrik pln prabayar,token listrik pln prabayar,7.0,4.0,3.0,42.9
Shopee,Token PLN,Token Pulsa Listrik Pengiriman Cepat Terjangkau,token listrik,token pulsa listrik pengiriman cepat terjangkau,token pulsa listrik pengiriman,token pulsa listrik kirim,6.0,4.0,2.0,33.3
Shopee,Token PLN,Token Listrik PLN Murah Nominal 20.000 PROMO Termurah,token listrik,token listrik pln murah nominal promo termurah,token listrik pln,token listrik pln,8.0,3.0,5.0,62.5
Shopee,Token PLN,token listrik 20/50/100,token listrik,token listrik,token listrik,token listrik,3.0,2.0,1.0,33.3
Shopee,Token PLN,Token Listrik BUKA 24 JAM,token listrik,token listrik buka jam,token listrik buka jam,token listrik buka jam,5.0,4.0,1.0,20.0
Shopee,Token PLN,Jual Token Listrik,token listrik,jual token listrik,token listrik,token listrik,3.0,2.0,1.0,33.3
Shopee,Token PLN,TOKEN LISTRIK,token listrik,token listrik,token listrik,token listrik,2.0,2.0,0.0,0.0
Shopee,Token PLN,Token listrik termurah,token listrik,token listrik termurah,token listrik,token listrik,3.0,2.0,1.0,33.3
Shopee,Token PLN,Token listrik 100k,token listrik,token listrik k,token listrik,token listrik,3.0,2.0,1.0,33.3
Shopee,Token PLN,Token Listrik PLN Murah dan Cepat 20K 25K 50K 100K,token listrik,token listrik pln murah dan cepat k k k k,token listrik pln,token listrik pln,10.0,3.0,7.0,70.0
Shopee,Token PLN,"Token PLN - TOKEN LISTRIK PROMO, Termurah di Shopee Nominal 5.000, 10.000.",token listrik,token pln token listrik promo termurah di shopee nominal,token pln token listrik shopee,token pln token listrik shopee,12.0,5.0,7.0,58.3
Shopee,Token PLN,LANGSUNG PROSES 200K UTUH❗TOKEN PLN200 || PLN200 || TOKEN200 || PLN 200RB || PLN 200.000 || PLN 200K,token listrik,langsung proses k utuh❗token pln pln token pln rb pln pln k,langsung proses utuh❗token pln pln token pln rb pln pln,langsung proses utuh token pln pln token pln rb pln pln,18.0,11.0,7.0,38.9
Shopee,Token PLN,Token Listrik 15k/20/50/100/200 15/20k/50k/100k/200k,token listrik,token listrik k kkkk,token listrik kkkk,token listrik kkkk,4.0,3.0,1.0,25.0
Shopee,Token PLN,Token PLN 20000 Proses Cepat,token listrik,token pln proses cepat,token pln proses,token pln proses,5.0,3.0,2.0,40.0
Shopee,Token PLN,Token pulsa listrik,token listrik,token pulsa listrik,token pulsa listrik,token pulsa listrik,3.0,3.0,0.0,0.0
Shopee,Token PLN,Token Listrik 100,token listrik,token listrik,token listrik,token listrik,3.0,2.0,1.0,33.3
Shopee,Token PLN,Token PLN Promo / Voucher Listrik Murah 20RB 50RB 100RB,token listrik,token pln promo voucher listrik murah rb rb rb,token pln listrik rb rb rb,token pln listrik rb rb rb,10.0,6.0,4.0,40.0
Shopee,Token PLN,TOKEN LISTRIK PLN PROMO 50RIBU/50.000,token listrik,token listrik pln promo ribu,token listrik pln ribu,token listrik pln ribu,5.0,4.0,1.0,20.0
Shopee,Token PLN,token listrik pln,token listrik,token listrik pln,token listrik pln,token listrik pln,3.0,3.0,0.0,0.0
Shopee,Token PLN,PROMO TOKEN LISTRIK PLN 20k 50k,token listrik,promo token listrik pln k k,token listrik pln,token listrik pln,6.0,3.0,3.0,50.0
Shopee,Token PLN,TOKEN LISTRIK PLN PROMO 200K Proses Cepat,token listrik,token listrik pln promo k proses cepat,token listrik pln proses,token listrik pln proses,7.0,4.0,3.0,42.9
Shopee,Token PLN,TOKEN LISTRIK PROMO 200K 500K 1000K,token listrik,token listrik promo k k k,token listrik,token listrik,6.0,2.0,4.0,66.7
Shopee,Token PLN,TOKEN LISTRIK 300K,token listrik,token listrik k,token listrik,token listrik,3.0,2.0,1.0,33.3
Shopee,Token PLN,Token Listrik Promo,token listrik,token listrik promo,token listrik,token listrik,3.0,2.0,1.0,33.3
Shopee,Token PLN,Token listrik 20,token listrik,token listrik,token listrik,token listrik,3.0,2.0,1.0,33.3
Shopee,Token PLN,PROMO Token Listrik PLN 20RB-100RB,token listrik,promo token listrik pln rbrb,token listrik pln rbrb,token listrik pln rbrb,5.0,4.0,1.0,20.0
Shopee,Token PLN,"Token Listrik PLN Prabayar | Kirim Cepat via Chat (5K, 10K, 20K)",token listrik,token listrik pln prabayar kirim cepat via chat k k k,token listrik pln prabayar via chat,token listrik pln prabayar via chat,12.0,6.0,6.0,50.0
Shopee,Token PLN,"TOKEN PLN - TOKEN LISTRIK PROMO, Termurah di SHOPEE Nominal 5.000, 10.000, 15.000, 20.000.",token listrik,token pln token listrik promo termurah di shopee nominal,token pln token listrik shopee,token pln token listrik shopee,14.0,5.0,9.0,64.3
Shopee,Token PLN,Token Listrik Bersahabat,token listrik,token listrik bersahabat,token listrik bersahabat,token listrik sahabat,3.0,3.0,0.0,0.0
Shopee,Token PLN,Token Listrik Murah 200K-500K,token listrik,token listrik murah kk,token listrik kk,token listrik kk,4.0,3.0,1.0,25.0
Shopee,Token PLN,Token Listrik Murah 100%,token listrik,token listrik murah,token listrik,token listrik,4.0,2.0,2.0,50.0
Shopee,Token PLN,Token PLN nominal 20000,token listrik,token pln nominal,token pln,token pln,4.0,2.0,2.0,50.0
Shopee,Token PLN,Token listrik 500k,token listrik,token listrik k,token listrik,token listrik,3.0,2.0,1.0,33.3
Shopee,Token PLN,Token listrik FASTRESPON,token listrik,token listrik fastrespon,token listrik fastrespon,token listrik fastrespon,3.0,3.0,0.0,0.0
Shopee,Token PLN,Token listrik PLN Langsung 500,token listrik,token listrik pln langsung,token listrik pln langsung,token listrik pln langsung,5.0,4.0,1.0,20.0
Shopee,Token PLN,TOKEN PLN LISTRIK 200&500&1JT TIDAK PECAHAN!,token listrik,token pln listrik jt tidak pecahan,token pln listrik jt pecahan,token pln listrik jt pecah,6.0,5.0,1.0,16.7
Shopee,Token PLN,TOKEN LISTRIK PLN MURAH,token listrik,token listrik pln murah,token listrik pln,token listrik pln,4.0,3.0,1.0,25.0
Shopee,Token PLN,TOKEN LISTRIK PROMO token PLN 20K/Token PLN 50K/Token PLN100K,token listrik,token listrik promo token pln ktoken pln ktoken plnk,token listrik token pln ktoken pln ktoken plnk,token listrik token pln ktoken pln ktoken plnk,9.0,8.0,1.0,11.1
Shopee,Token PLN,Token PLN 50 / 50.000,token listrik,token pln,token pln,token pln,5.0,2.0,3.0,60.0
Shopee,Token PLN,Token Listrik Murah 20 Ribu - 100 Ribu Proses Cepat Terpercaya,token listrik,token listrik murah ribu ribu proses cepat terpercaya,token listrik ribu ribu proses,token listrik ribu ribu proses,11.0,5.0,6.0,54.5
Shopee,Token PLN,"Struk Pembelian Token Listrik PLN, MINI ATM Bersama Transfer - Setor, Agen Brilink",token listrik,struk pembelian token listrik pln mini atm bersama transfer setor agen brilink,struk pembelian token listrik pln atm transfer setor agen brilink,struk beli token listrik pln atm transfer setor agen brilink,13.0,10.0,3.0,23.1
Shopee,Token PLN,"Listrik pln 20K, 50K, 100K",token listrik,listrik pln k k k,listrik pln,listrik pln,5.0,2.0,3.0,60.0
Shopee,Token PLN,Token Listrik PLN Prabayar 5K 10K 15K 20K,token listrik,token listrik pln prabayar k k k k,token listrik pln prabayar,token listrik pln prabayar,8.0,4.0,4.0,50.0
Shopee,Token PLN,Alat Penghemat Listrik Original 1300 Watt,penghemat listrik,alat penghemat listrik original watt,alat penghemat listrik watt,alat hemat listrik watt,6.0,4.0,2.0,33.3
Shopee,Token PLN,Box Kotak Cover Meteran Listrik Token Kayu Model Telephone London Hiasan Dekorasi Dinding,hiasan dinding,box kotak cover meteran listrik token kayu model telephone london hiasan dekorasi dinding,cover meteran listrik token kayu telephone london hiasan dekorasi dinding,cover meter listrik token kayu telephone london hias dekorasi dinding,13.0,10.0,3.0,23.1
Shopee,Token PLN,TOKEN LISTRIK PLN 20K PROMO,token listrik,token listrik pln k promo,token listrik pln,token listrik pln,5.0,3.0,2.0,40.0
Shopee,Token PLN,Alat Penghemat Listrik Hemat Daya 80%-90% Listrik Electricity Saving Box Token Meteran Rumah Ac Kulkas Paling Efektif COD,penghemat listrik,alat penghemat listrik hemat daya listrik electricity saving box token meteran rumah ac kulkas paling efektif cod,alat penghemat listrik daya listrik electricity saving token meteran rumah ac kulkas,alat hemat listrik daya listrik electricity saving token meter rumah ac kulkas,18.0,12.0,6.0,33.3
Shopee,Token PLN,[ BISA COD ] Alat Penghemat Listrik Hemat Daya Listrik Electricity Saving Box Token Meteran Rumah Ac Kulkas Paling Efektif Praktis,penghemat listrik,bisa cod alat penghemat listrik hemat daya listrik electricity saving box token meteran rumah ac kulkas paling efektif praktis,alat penghemat listrik daya listrik electricity saving token meteran rumah ac kulkas,alat hemat listrik daya listrik electricity saving token meter rumah ac kulkas,21.0,12.0,9.0,42.9
Shopee,Token PLN,TOKEN PULSA PLN 20.000,token listrik,token pulsa pln,token pulsa pln,token pulsa pln,4.0,3.0,1.0,25.0
Shopee,Token PLN,Token Listrik/PLN,token listrik,token listrikpln,token listrikpln,token listrikpln,2.0,2.0,0.0,0.0
Shopee,Token PLN,[RESMI] Promo Tambah Daya Listrik 450-7700VA Se-Indonesia,tambah daya listrik,resmi promo tambah daya listrik va seindonesia,daya listrik va seindonesia,daya listrik va indonesia,7.0,4.0,3.0,42.9
Shopee,Token PLN,(100 LEMBAR) STRUK PEMBELIAN TOKEN LISTRIK | NOTA TOKEN LISTRIK KECIL | STRUK TOKEN LISTRIK,token listrik,lembar struk pembelian token listrik nota token listrik kecil struk token listrik,struk pembelian token listrik nota token listrik struk token listrik,struk beli token listrik nota token listrik struk token listrik,15.0,10.0,5.0,33.3
Shopee,Token PLN,(100 lembar) STRUK PEMBELIAN TOKEN LISTRIK | NOTA TOKEN LISTRUK BESAR,token listrik,lembar struk pembelian token listrik nota token listruk besar,struk pembelian token listrik nota token listruk,struk beli token listrik nota token listruk,11.0,7.0,4.0,36.4
Shopee,Token PLN,Spanduk Token Listrik PLN - 50x100 Cm Flexy,token listrik,spanduk token listrik pln x cm flexy,spanduk token listrik pln flexy,spanduk token listrik pln flexy,8.0,5.0,3.0,37.5
Shopee,Token PLN,TOKEN PLN20 / PLN 20 / TOKEN PLN50 / PLN 50,token listrik,token pln pln token pln pln,token pln pln token pln pln,token pln pln token pln pln,11.0,6.0,5.0,45.5
Shopee,Token PLN,"Kabel Nya (lidi) 1x2,5 (1.1mm) Merk Aichi Panjang 80m",kabel,kabel nya lidi x mm merk aichi panjang m,kabel nya lidi merk aichi,kabel nya lidi merk aichi,9.0,5.0,4.0,44.4
Shopee,Token PLN,token PLN,token listrik,token pln,token pln,token pln,2.0,2.0,0.0,0.0
Shopee,Token PLN,Alat Penghemat Listrik Hemat Daya Listrik Electricity Saving Box,penghemat listrik,alat penghemat listrik hemat daya listrik electricity saving box,alat penghemat listrik daya listrik electricity saving,alat hemat listrik daya listrik electricity saving,9.0,7.0,2.0,22.2
Shopee,Token PLN,E-Voucher Tambah Daya April  2026,voucher tambah daya,evoucher tambah daya april,evoucher daya april,evoucher daya april,5.0,3.0,2.0,40.0
Shopee,Token PLN,VOUCHER TAMBAH DAYA LISTRIK APRIL 2026,voucher tambah daya listrik,voucher tambah daya listrik april,daya listrik april,daya listrik april,6.0,3.0,3.0,50.0
Shopee,Token PLN,Large Angle Assembly 50-70mm Spek PLN Tarikan Kabel untuk Project PLN,tarikan kabel,large angle assembly mm spek pln tarikan kabel untuk project pln,angle assembly spek pln tarikan kabel project pln,angle assembly spek pln tari kabel project pln,11.0,8.0,3.0,27.3
Shopee,Token PLN,[ CANGGIH ] Alat Penghemat Listrik Hemat Daya Listrik Praktis Electricity Saving Box Token Meteran Rumah Ac Kulkas Paling Efektif,alat penghemat listrik,canggih alat penghemat listrik hemat daya listrik praktis electricity saving box token meteran rumah ac kulkas paling efektif,alat penghemat listrik daya listrik electricity saving token meteran rumah ac kulkas,alat hemat listrik daya listrik electricity saving token meter rumah ac kulkas,20.0,12.0,8.0,40.0
Shopee,Token PLN,KWH Meter Merk Smart 5(60)A SMI-810 V3 (Prabayar) 1Phase,kwh meter,kwh meter merk smart a smi v prabayar phase,kwh merk smart smi prabayar phase,kwh merk smart smi prabayar phase,9.0,6.0,3.0,33.3
Shopee,Token PLN,Alat Penghemat Listrik Hemat Daya Listrik PLN Electricity Saving Box TPB,penghemat listrik,alat penghemat listrik hemat daya listrik pln electricity saving box tpb,alat penghemat listrik daya listrik pln electricity saving tpb,alat hemat listrik daya listrik pln electricity saving tpb,11.0,9.0,2.0,18.2
Shopee,Token PLN,Penghemat Listrik Hemat 75% Alat Penghemat Listrik Token Meter,penghemat listrik,penghemat listrik hemat alat penghemat listrik token meter,penghemat listrik alat penghemat listrik token,hemat listrik alat hemat listrik token,9.0,6.0,3.0,33.3
Shopee,Token PLN,PROMO - Penghemat Listrik Hemat 75% Alat Penghemat Listrik Token Meteran,alat penghemat listrik,promo penghemat listrik hemat alat penghemat listrik token meteran,penghemat listrik alat penghemat listrik token meteran,hemat listrik alat hemat listrik token meter,11.0,7.0,4.0,36.4
Shopee,Token PLN,ALAT MENSTABILKAN & PENGHEMAT ARUS LISTRIK PLN RUMAH. TOKO. PABRIK & MENSTABILKAN ARUS LISTRIK PLN Penghemat Peralatan Rumah Tangga dengan Efektivitas Tinggi Peralatan Hemat Energi Cerdas Hemat Listrik,penghemat listrik,alat menstabilkan penghemat arus listrik pln rumah toko pabrik menstabilkan arus listrik pln penghemat peralatan rumah tangga dengan efektivitas tinggi peralatan hemat energi cerdas hemat listrik,alat menstabilkan penghemat arus listrik pln rumah pabrik menstabilkan arus listrik pln penghemat peralatan rumah tangga efektivitas peralatan energi listrik,alat stabil hemat arus listrik pln rumah pabrik stabil arus listrik pln hemat alat rumah tangga efektivitas alat energi listrik,28.0,20.0,8.0,28.6
Shopee,Token PLN,Anti Jeglek PLN Super Power Saver 450-2000W,anti jeglek pln,anti jeglek pln super power saver w,anti jeglek pln power saver,anti jeglek pln power saver,7.0,5.0,2.0,28.6
Shopee,Token PLN,KABEL TC SR PLN Twisted 100 Meter NFA 2X10MM SNI SPLN / KABEL Listrik / KABEL PLN 2 x 10 MM / KABEL Listrik PLN SPLN LMK,kabel listrik,kabel tc sr pln twisted meter nfa xmm sni spln kabel listrik kabel pln x mm kabel listrik pln spln lmk,kabel tc sr pln twisted nfa xmm sni spln kabel listrik kabel pln kabel listrik pln spln lmk,kabel tc sr pln twisted nfa xmm sni spln kabel listrik kabel pln kabel listrik pln spln lmk,27.0,18.0,9.0,33.3
Shopee,Token PLN,Box Token Telephone Motif Bunga Mdf Glossy,box token telephone,box token telephone motif bunga mdf glossy,token telephone bunga mdf glossy,token telephone bunga mdf glossy,7.0,5.0,2.0,28.6
Shopee,Token PLN,Hemat Listrik Rumahan Royal Energy Saver 5-40%,hemat listrik,hemat listrik rumahan royal energy saver,listrik rumahan energy saver,listrik rumah energy saver,7.0,4.0,3.0,42.9
Shopee,Token PLN,Cover Meteran Listrik Token Kayu Pinus Rotan,cover meteran listrik,cover meteran listrik token kayu pinus rotan,cover meteran listrik token kayu pinus rotan,cover meter listrik token kayu pinus rotan,7.0,7.0,0.0,0.0
Shopee,Token PLN,Tutup Box Token Listrik PRABAYAR I Kotak Pelindung Meteran PLN Isi Ulang Pulsa KwH Romusha Ibagstore,token listrik,tutup box token listrik prabayar i kotak pelindung meteran pln isi ulang pulsa kwh romusha ibagstore,tutup token listrik prabayar pelindung meteran pln ulang pulsa kwh romusha ibagstore,tutup token listrik prabayar lindung meter pln ulang pulsa kwh romusha ibagstore,16.0,12.0,4.0,25.0
Shopee,Token PLN,Box PLN Rumah PLN / Box PLN | Box Token Box Pengaman MCB,box pln,box pln rumah pln box pln box token box pengaman mcb,pln rumah pln pln token pengaman mcb,pln rumah pln pln token kam mcb,13.0,7.0,6.0,46.2
Shopee,Token PLN,Hiasan dinding Box Meteran Listrik Token Karakter Hello Kitty,hiasan dinding,hiasan dinding box meteran listrik token karakter hello kitty,hiasan dinding meteran listrik token karakter hello kitty,hias dinding meter listrik token karakter hello kitty,9.0,8.0,1.0,11.1
Shopee,Token PLN,Alat Penghemat Daya Listrik Untuk 1300 watt 2200 watt 3500 watt 4400 watt 5500 watt sd 11000 watt,penghemat daya listrik,alat penghemat daya listrik untuk watt watt watt watt watt sd watt,alat penghemat daya listrik watt watt watt watt watt sd watt,alat hemat daya listrik watt watt watt watt watt sd watt,18.0,11.0,7.0,38.9
Shopee,Token PLN,Simple Furniture - Box Meteran Listrik Prabayar Token Dan Pascabayar Pendek,box meteran listrik,simple furniture box meteran listrik prabayar token dan pascabayar pendek,simple furniture meteran listrik prabayar token pascabayar,simple furniture meter listrik prabayar token pascabayar,11.0,7.0,4.0,36.4
Shopee,Token PLN,Trillion - Inverator Automatic Soft Slow Start Anti Jeglek (5000W),inverter,trillion inverator automatic soft slow start anti jeglek w,trillion inverator automatic soft slow start anti jeglek,trillion inverator automatic soft slow start anti jeglek,10.0,8.0,2.0,20.0
Shopee,Token PLN,The VEXTRA Dua Alat Elektronik Max 2500 W Penghemat Listrik Body Besi Auto Start Power Saving Fuse,penghemat listrik,the vextra dua alat elektronik max w penghemat listrik body besi auto start power saving fuse,the vextra alat elektronik max penghemat listrik body besi auto start power saving fuse,the vextra alat elektronik max hemat listrik body besi auto start power saving fuse,17.0,14.0,3.0,17.6
Shopee,Token PLN,READY STOCK Trillion - Inverator Anti Jeglek 1500W Stabil Listrik,stabil listrik,ready stock trillion inverator anti jeglek w stabil listrik,trillion inverator anti jeglek listrik,trillion inverator anti jeglek listrik,10.0,5.0,5.0,50.0
Shopee,Token PLN,BOX KWH TOKEN / BOX KWH PRABAYAR MERK UCHIRO / BOX KWH TOKEN UCHIRO,token kwh,box kwh token box kwh prabayar merk uchiro box kwh token uchiro,kwh token kwh prabayar merk uchiro kwh token uchiro,kwh token kwh prabayar merk uchiro kwh token uchiro,14.0,9.0,5.0,35.7
Shopee,Token PLN,"Nanhayu Neo - Box Cover Meteran Listrik Prabayar / Token dan Kwh smart / Digital , Cover Meteran Listrik Baru",cover meteran listrik,nanhayu neo box cover meteran listrik prabayar token dan kwh smart digital cover meteran listrik baru,nanhayu neo cover meteran listrik prabayar token kwh smart cover meteran listrik,nanhayu neo cover meter listrik prabayar token kwh smart cover meter listrik,20.0,12.0,8.0,40.0
Shopee,Token PLN,Trillion - Inverator Automatic Soft Slow Start Anti Jeglek (3500W),inverter,trillion inverator automatic soft slow start anti jeglek w,trillion inverator automatic soft slow start anti jeglek,trillion inverator automatic soft slow start anti jeglek,10.0,8.0,2.0,20.0
Shopee,Token PLN,Box Meteran Listrik Token/Pulsa Kayu MDF Warna Pilihan,box meteran listrik,box meteran listrik tokenpulsa kayu mdf warna pilihan,meteran listrik tokenpulsa kayu mdf,meter listrik tokenpulsa kayu mdf,8.0,5.0,3.0,37.5
Shopee,Token PLN,(Voltify) Tutup Box Meteran KWH MINI Token Voucher Prabayar UCHIRO Kotak Listrik Eficiency Rapi,kotak meteran listrik,voltify tutup box meteran kwh mini token voucher prabayar uchiro kotak listrik eficiency rapi,voltify tutup meteran kwh token prabayar uchiro listrik eficiency,voltify tutup meter kwh token prabayar uchiro listrik eficiency,14.0,9.0,5.0,35.7
Shopee,Token PLN,Struk Pembelian Token Listrik | Nota Token Listrik Isi 100 Lembar,token listrik,struk pembelian token listrik nota token listrik isi lembar,struk pembelian token listrik nota token listrik,struk beli token listrik nota token listrik,11.0,7.0,4.0,36.4
Shopee,Token PLN,NIDI SLO SATU PAKET DAYA 1300 2200 UNTUK DAFTAR PASANG BARU LISTRIK PLN,token listrik,nidi slo satu paket daya untuk daftar pasang baru listrik pln,nidi slo daya daftar listrik pln,nidi slo daya daftar listrik pln,13.0,6.0,7.0,53.8
Shopee,Token PLN,NIDI SLO Listrik Nusantara Pasang Baru Listrik KWH Meter Meteran PLN seluruh lokasi Kepulauan Riau,pasang listrik,nidi slo listrik nusantara pasang baru listrik kwh meter meteran pln seluruh lokasi kepulauan riau,nidi slo listrik nusantara listrik kwh meteran pln lokasi kepulauan riau,nidi slo listrik nusantara listrik kwh meter pln lokasi pulau riau,15.0,11.0,4.0,26.7
Shopee,Token PLN,Paket Nidi Dan Slo Pln Daya 16500 Va Proses Cepat Dan Mudah Se Indonesia,token listrik,paket nidi dan slo pln daya va proses cepat dan mudah se indonesia,nidi slo pln daya va proses mudah indonesia,nidi slo pln daya va proses mudah indonesia,14.0,8.0,6.0,42.9
Shopee,Token PLN,Nidi Dan Slo Pln Daya 6600 Va Proses cepat Dan Mudah Se Indonesia,token listrik,nidi dan slo pln daya va proses cepat dan mudah se indonesia,nidi slo pln daya va proses mudah indonesia,nidi slo pln daya va proses mudah indonesia,13.0,8.0,5.0,38.5
Shopee,Token PLN,Paket Nidi Dan Slo Pln Daya 7700 Va Proses Cepat Dan Mudah Se Indonesia,token listrik,paket nidi dan slo pln daya va proses cepat dan mudah se indonesia,nidi slo pln daya va proses mudah indonesia,nidi slo pln daya va proses mudah indonesia,14.0,8.0,6.0,42.9
Shopee,Token PLN,Paket Nidi Dan Slo Pln Daya 6600 Va Proses Cepat Dan Mudah Se Indonesia,token listrik,paket nidi dan slo pln daya va proses cepat dan mudah se indonesia,nidi slo pln daya va proses mudah indonesia,nidi slo pln daya va proses mudah indonesia,14.0,8.0,6.0,42.9
Shopee,Token PLN,SLO dan NIDI 3 PHASE,slo nidi phase,slo dan nidi phase,slo nidi phase,slo nidi phase,5.0,3.0,2.0,40.0
Shopee,Token PLN,Paket Nidi Dan Slo Pln Daya 10600 Va Proses Cepat Dan Mudah Se Indonesia,token listrik,paket nidi dan slo pln daya va proses cepat dan mudah se indonesia,nidi slo pln daya va proses mudah indonesia,nidi slo pln daya va proses mudah indonesia,14.0,8.0,6.0,42.9
Shopee,Token PLN,Paket Nidi Dan Slo Pln Daya 33000 Va Proses Cepat Dan Mudah Se Indonesia,token listrik,paket nidi dan slo pln daya va proses cepat dan mudah se indonesia,nidi slo pln daya va proses mudah indonesia,nidi slo pln daya va proses mudah indonesia,14.0,8.0,6.0,42.9
Shopee,Token PLN,JASA PENERBITAN SLO DAN NIDI PLN,slo pln,jasa penerbitan slo dan nidi pln,jasa penerbitan slo nidi pln,jasa terbit slo nidi pln,6.0,5.0,1.0,16.7
Shopee,Token PLN,Paket Nidi Dan Slo Pln Daya 13200 Va Proses Cepat Dan Mudah Se Indonesia,token listrik,paket nidi dan slo pln daya va proses cepat dan mudah se indonesia,nidi slo pln daya va proses mudah indonesia,nidi slo pln daya va proses mudah indonesia,14.0,8.0,6.0,42.9
Shopee,Token PLN,SLO NIDI 3PHASE LENGKAP RESMI,slo nidi 3phase,slo nidi phase lengkap resmi,slo nidi phase,slo nidi phase,5.0,3.0,2.0,40.0
Shopee,Token PLN,Pembayaran Tagihan Listrik Pascabayar free admin,tagihan listrik,pembayaran tagihan listrik pascabayar free admin,pembayaran tagihan listrik pascabayar admin,bayar tagih listrik pascabayar admin,6.0,5.0,1.0,16.7
Shopee,Token PLN,Paket Nidi Dan Slo Pln Daya 23000 Va Proses Cepat Dan Mudah Se Indonesia,token listrik,paket nidi dan slo pln daya va proses cepat dan mudah se indonesia,nidi slo pln daya va proses mudah indonesia,nidi slo pln daya va proses mudah indonesia,14.0,8.0,6.0,42.9
Shopee,Token PLN,Paket Nidi Dan Slo Pln Daya 41500 Va Proses Cepat Dan Mudah Se Indonesia,token listrik,paket nidi dan slo pln daya va proses cepat dan mudah se indonesia,nidi slo pln daya va proses mudah indonesia,nidi slo pln daya va proses mudah indonesia,14.0,8.0,6.0,42.9
Shopee,Token PLN,(Admin mulai 5ribu ) BAYAR TAGIHAN LISTRIK PLN,tagihan listrik,admin mulai ribu bayar tagihan listrik pln,admin ribu tagihan listrik pln,admin ribu tagih listrik pln,8.0,5.0,3.0,37.5
Shopee,Token PLN,Jasa Pemasangan Listrik Jabodetabek,pemasangan listrik,jasa pemasangan listrik jabodetabek,jasa pemasangan listrik jabodetabek,jasa pasang listrik jabodetabek,4.0,4.0,0.0,0.0
Shopee,Token PLN,NIDI DAN SLO PLN LISTRIK SEPAKET LANGSUNG JADI DAYA 900 1300 2200 3500 4500 5500 6600 7700 DST UNTUK PASANG BARU DAN TAMBAH DAYA,token listrik,nidi dan slo pln listrik sepaket langsung jadi daya dst untuk pasang baru dan tambah daya,nidi slo pln listrik sepaket langsung daya daya,nidi slo pln listrik paket langsung daya daya,24.0,8.0,16.0,66.7
Shopee,Token PLN,Nota/Struk Pembelian Token Listrik,token listrik,notastruk pembelian token listrik,notastruk pembelian token listrik,notastruk beli token listrik,4.0,4.0,0.0,0.0
Shopee,Token PLN,SLO NIDI PLN DAYA 900 PASANG BARU LISTRIK SELURUH INDONESIA,pasang listrik,slo nidi pln daya pasang baru listrik seluruh indonesia,slo nidi pln daya listrik indonesia,slo nidi pln daya listrik indonesia,10.0,6.0,4.0,40.0
Shopee,Token PLN,[50Lembar] Struk Token Listrik Struk Pembelian Token Listrik Nota Token Listrik Ready Tanpa PreOrder,token listrik,lembar struk token listrik struk pembelian token listrik nota token listrik ready tanpa preorder,struk token listrik struk pembelian token listrik nota token listrik preorder,struk token listrik struk beli token listrik nota token listrik preorder,14.0,11.0,3.0,21.4
Shopee,Token PLN,NIDI SLO Paket Daftar Listrik PLN Baru daya 450 900 1300 2200 4400 5500 6600 7700,daftar listrik pln,nidi slo paket daftar listrik pln baru daya,nidi slo daftar listrik pln daya,nidi slo daftar listrik pln daya,16.0,6.0,10.0,62.5
Shopee,Token PLN,Struk Pembelian Token Listrik,token listrik,struk pembelian token listrik,struk pembelian token listrik,struk beli token listrik,4.0,4.0,0.0,0.0
Shopee,Token PLN,(100 Lembar) STRUK PEMBELIAN TOKEN LISTRIK | NOTA TOKEN LISTRIK KECIL / REKOMENDASI,token listrik,lembar struk pembelian token listrik nota token listrik kecil rekomendasi,struk pembelian token listrik nota token listrik,struk beli token listrik nota token listrik,13.0,7.0,6.0,46.2
Shopee,Token PLN,Custom / nota listrik/token listrik||struk pembelian listrik/token,token listrik,custom nota listriktoken listrikstruk pembelian listriktoken,custom nota listriktoken listrikstruk pembelian listriktoken,custom nota listriktoken listrikstruk beli listriktoken,7.0,6.0,1.0,14.3
Shopee,Token PLN,Struk Token Listrik 100 Lembar HVS 75 Grm || Struk Token Listrik 100 Lembar 5x10.5 Cm,struk token listrik,struk token listrik lembar hvs grm struk token listrik lembar x cm,struk token listrik hvs grm struk token listrik,struk token listrik hvs grm struk token listrik,16.0,8.0,8.0,50.0
Shopee,Token PLN,NOTA / STRUK PEMBELIAN TOKEN LISTRIK,token listrik,nota struk pembelian token listrik,nota struk pembelian token listrik,nota struk beli token listrik,6.0,5.0,1.0,16.7
Shopee,Token PLN,NOTA TOKEN LISTRIK ISI 50 LEMBAR,token listrik,nota token listrik isi lembar,nota token listrik,nota token listrik,6.0,3.0,3.0,50.0
Shopee,Token PLN,Resmi Pembuatan Paket NIDI & SLO Seluruh Indonesia,nidi slo,resmi pembuatan paket nidi slo seluruh indonesia,pembuatan nidi slo indonesia,buat nidi slo indonesia,8.0,4.0,4.0,50.0
Shopee,Token PLN,UCHIRO Box KWH Meter Listrik Token Prabayar Pascabayar Ukuran Besar Box PLN Outdoor Tahan Air Anti Karat Pelindung Meteran,box meter listrik,uchiro box kwh meter listrik token prabayar pascabayar ukuran besar box pln outdoor tahan air anti karat pelindung meteran,uchiro kwh listrik token prabayar pascabayar pln outdoor tahan air anti karat pelindung meteran,uchiro kwh listrik token prabayar pascabayar pln outdoor tahan air anti karat lindung meter,19.0,14.0,5.0,26.3
Shopee,Token PLN,struk token listrik tinggal sobek bahan hvs 75gsm tebal isi 50 lembar,struk token listrik,struk token listrik tinggal sobek bahan hvs gsm tebal isi lembar,struk token listrik tinggal sobek hvs gsm,struk token listrik tinggal sobek hvs gsm,12.0,7.0,5.0,41.7
Shopee,Token PLN,STRUK PEMVBELIAN TOKEN LISTRIK- NOTA TOEKN LISTRIK READY STOK SIAP PAKAI MURAH,token listrik,struk pemvbelian token listrik nota toekn listrik ready stok siap pakai murah,struk pemvbelian token listrik nota toekn listrik pakai,struk pemvbelian token listrik nota toekn listrik pakai,12.0,8.0,4.0,33.3
Shopee,Token PLN,Buku Struk Pemesanan Token Listrik Pulsa HVS 75gsm 10x5cm 50 Lembar,buku struk,buku struk pemesanan token listrik pulsa hvs gsm xcm lembar,buku struk pemesanan token listrik pulsa hvs gsm xcm,buku struk mesan token listrik pulsa hvs gsm xcm,11.0,9.0,2.0,18.2
Shopee,Token PLN,struk pemesanan token listrik pulsa bisa pakai nama toko isi 50 lembar,token listrik,struk pemesanan token listrik pulsa bisa pakai nama toko isi lembar,struk pemesanan token listrik pulsa pakai nama,struk mesan token listrik pulsa pakai nama,12.0,7.0,5.0,41.7
Shopee,Token PLN,Tutup Meter Prabayar Token Listrik Uchiro Plastik Kuat,token listrik,tutup meter prabayar token listrik uchiro plastik kuat,tutup prabayar token listrik uchiro plastik,tutup prabayar token listrik uchiro plastik,8.0,6.0,2.0,25.0
Shopee,Token PLN,Bok Meteran Desain telephone meteran token/listrik tempat pelindung bok meteran,bok meteran,bok meteran desain telephone meteran tokenlistrik tempat pelindung bok meteran,bok meteran desain telephone meteran tokenlistrik pelindung bok meteran,bok meter desain telephone meter tokenlistrik lindung bok meter,10.0,9.0,1.0,10.0
Shopee,Token PLN,[READYSTOCK] Buku Nota STRUK PEMBELIAN TOKEN LISTRIK | Invoice Bon TOKEN LISTRIK,buku nota token listrik,readystock buku nota struk pembelian token listrik invoice bon token listrik,readystock buku nota struk pembelian token listrik invoice bon token listrik,readystock buku nota struk beli token listrik invoice bon token listrik,12.0,11.0,1.0,8.3
Shopee,Token PLN,Token PLN 100.000,token listrik,token pln,token pln,token pln,3.0,2.0,1.0,33.3
Shopee,Token PLN,( Isi 100 Lembar ) Struk Token Listrik Struk Pembelian Token Listrik Nota Token Listrik,token listrik,isi lembar struk token listrik struk pembelian token listrik nota token listrik,struk token listrik struk pembelian token listrik nota token listrik,struk token listrik struk beli token listrik nota token listrik,15.0,10.0,5.0,33.3
Shopee,Token PLN,TOKEN LISTRIK PROMO PLN MURAH  500 500k 500 rb 500 ribu 1 juta 1jt 1 jt  DISKON,token listrik,token listrik promo pln murah k rb ribu juta jt jt diskon,token listrik pln rb ribu juta jt jt,token listrik pln rb ribu juta jt jt,17.0,8.0,9.0,52.9
Shopee,Token PLN,Promo Token Listrik PLN15,token listrik,promo token listrik pln,token listrik pln,token listrik pln,4.0,3.0,1.0,25.0
Shopee,Token PLN,"Token Listrik PLN 50.000 - Promo, Murah, Langsung Dikirim",token listrik,token listrik pln promo murah langsung dikirim,token listrik pln langsung dikirim,token listrik pln langsung kirim,9.0,5.0,4.0,44.4
Shopee,Token PLN,"Token Listrik PLN 50.000 - 2.000.000 Promo, Murah, Langsung Dikirim",token listrik,token listrik pln promo murah langsung dikirim,token listrik pln langsung dikirim,token listrik pln langsung kirim,10.0,5.0,5.0,50.0
Shopee,Token PLN,Token listrik promo 200 500 1jeti,token listrik,token listrik promo jeti,token listrik jeti,token listrik jet,6.0,3.0,3.0,50.0
Shopee,Token PLN,TOKEN PLN - TOKEN PLN PROMO - PROMO TOKEN PLN - TOKEN LISTRIK,token listrik,token pln token pln promo promo token pln token listrik,token pln token pln token pln token listrik,token pln token pln token pln token listrik,13.0,8.0,5.0,38.5
Shopee,Token PLN,"JTTOP"" TOKEN LISTRIK 100RB",token listrik,jttop token listrik rb,jttop token listrik rb,jttop token listrik rb,4.0,4.0,0.0,0.0
Shopee,Token PLN,Daftar agen pulsa token listrik data  game dll,agen pulsa token listrik,daftar agen pulsa token listrik data game dll,daftar agen pulsa token listrik data game,daftar agen pulsa token listrik data game,8.0,7.0,1.0,12.5
Shopee,Token PLN,JUAL PULSA ALL OPERATOR DAN TOKEN LISTRIK,pulsa listrik,jual pulsa all operator dan token listrik,pulsa operator token listrik,pulsa operator token listrik,7.0,4.0,3.0,42.9
Shopee,Token PLN,pulsa token,token listrik,pulsa token,pulsa token,pulsa token,2.0,2.0,0.0,0.0
Shopee,Token PLN,Voucher Tambah Daya PLN 2025 Dengan Souvenir,voucher tambah daya pln,voucher tambah daya pln dengan souvenir,daya pln souvenir,daya pln souvenir,7.0,3.0,4.0,57.1
Shopee,Token PLN,Voucher Tambah Daya Listrik PLN Harga Normal,tambah daya listrik,voucher tambah daya listrik pln harga normal,daya listrik pln,daya listrik pln,7.0,3.0,4.0,57.1
Shopee,Token PLN,"E Voucher Belanja Alfamart, Token Listrik Prabayar, Pulsa All Operator, GRAB Transport & R0bloxxx","e voucher 
 token listrik 
 pulsa 
 grab",e voucher belanja alfamart token listrik prabayar pulsa all operator grab transport rbloxxx,belanja alfamart token listrik prabayar pulsa operator grab transport rbloxxx,belanja alfamart token listrik prabayar pulsa operator grab transport rbloxxx,14.0,10.0,4.0,28.6
Shopee,Token PLN,KWH TOKEN PRABAYAR MERK SMART METER 5(60)A,token listrik,kwh token prabayar merk smart meter a,kwh token prabayar merk smart,kwh token prabayar merk smart,7.0,5.0,2.0,28.6
Shopee,Token PLN,"Pulsa, Token dan Lainnya",pulsa,pulsa token dan lainnya,pulsa token,pulsa token,4.0,2.0,2.0,50.0
Shopee,Token PLN,Token Ongkir 50K - Kurir Toko Jasa Pengiriman,token ongkir,token ongkir k kurir toko jasa pengiriman,token kurir jasa pengiriman,token kurir jasa kirim,8.0,4.0,4.0,50.0
Shopee,Token PLN,Token Ongkir 100K - Kurir Toko,token ongkir,token ongkir k kurir toko,token kurir,token kurir,6.0,2.0,4.0,66.7
Shopee,Token PLN,"( Isi 100 Lembar ) Struk Token Listrik Struk Pembelian Token Listrik, Nota Token Listrik.",token listrik,isi lembar struk token listrik struk pembelian token listrik nota token listrik,struk token listrik struk pembelian token listrik nota token listrik,struk token listrik struk beli token listrik nota token listrik,15.0,10.0,5.0,33.3
Shopee,Token PLN,Struk Token Listrik Struk Pembelian Token Listrik Nota Token Listrik,token listrik,struk token listrik struk pembelian token listrik nota token listrik,struk token listrik struk pembelian token listrik nota token listrik,struk token listrik struk beli token listrik nota token listrik,10.0,10.0,0.0,0.0
Shopee,Token PLN,Nota token listrik isi 100 lembar,token listrik,nota token listrik isi lembar,nota token listrik,nota token listrik,6.0,3.0,3.0,50.0
Shopee,Token PLN,(Isi 100 Lembar) Struk Token Listrik Struk Pembelian Token Listrik Nota Token Listrik,token listrik,isi lembar struk token listrik struk pembelian token listrik nota token listrik,struk token listrik struk pembelian token listrik nota token listrik,struk token listrik struk beli token listrik nota token listrik,13.0,10.0,3.0,23.1
Shopee,Token PLN,Jasa Isi Token Listrik 500k Proses 24 Jam,token listrik,jasa isi token listrik k proses jam,jasa token listrik proses jam,jasa token listrik proses jam,8.0,5.0,3.0,37.5
Shopee,Token PLN,Jasa isi Token Listrik digital nominal 200.000,token listrik,jasa isi token listrik digital nominal,jasa token listrik,jasa token listrik,7.0,3.0,4.0,57.1
Shopee,Token PLN,vocherr,voucher,vocherr,vocherr,vocherr,1.0,1.0,0.0,0.0
Shopee,Token PLN,Tag PLN PASCABAYAR free adm,tag pln pascabayar,tag pln pascabayar free adm,tag pln pascabayar adm,tag pln pascabayar adm,5.0,4.0,1.0,20.0
Shopee,Token PLN,pembayaran listrik,token listrik,pembayaran listrik,pembayaran listrik,bayar listrik,2.0,2.0,0.0,0.0
Shopee,Token PLN,NIDI SLO PLN METERAN LISTRIK TOKEN UNTUK KWH METER PASANG LISTRIK BARU B004,token listrik,nidi slo pln meteran listrik token untuk kwh meter pasang listrik baru b,nidi slo pln meteran listrik token kwh listrik,nidi slo pln meter listrik token kwh listrik,13.0,8.0,5.0,38.5
Shopee,Token PLN,nota token/pulsa listrik bisa pakai nama toko,token listrik,nota tokenpulsa listrik bisa pakai nama toko,nota tokenpulsa listrik pakai nama,nota tokenpulsa listrik pakai nama,7.0,5.0,2.0,28.6
Shopee,Token PLN,NIDI SLO PLN METERAN LISTRIK TOKEN UNTUK KWH METER PASANG LISTRIK BARU A004,token listrik,nidi slo pln meteran listrik token untuk kwh meter pasang listrik baru a,nidi slo pln meteran listrik token kwh listrik,nidi slo pln meter listrik token kwh listrik,13.0,8.0,5.0,38.5
Shopee,Token PLN,NIDI SLO PLN METERAN LISTRIK TOKEN UNTUK KWH METER PASANG LISTRIK BARU,token listrik,nidi slo pln meteran listrik token untuk kwh meter pasang listrik baru,nidi slo pln meteran listrik token kwh listrik,nidi slo pln meter listrik token kwh listrik,12.0,8.0,4.0,33.3
Shopee,PLN Prabayar,Token / Pulsa Isi Ulang Listrik PLN Prabayar 500rb 100rb x5,token listrik,token pulsa isi ulang listrik pln prabayar rb rb x,token pulsa ulang listrik pln prabayar rb rb,token pulsa ulang listrik pln prabayar rb rb,11.0,8.0,3.0,27.3
Shopee,PLN Prabayar,[PROSES CEPAT] Token Listrik PLN Prabayar - Nominal 50K Termurah,token listrik,proses cepat token listrik pln prabayar nominal k termurah,proses token listrik pln prabayar,proses token listrik pln prabayar,10.0,5.0,5.0,50.0
Shopee,PLN Prabayar,TOKEN PLN PRABAYAR,token listrik,token pln prabayar,token pln prabayar,token pln prabayar,3.0,3.0,0.0,0.0
Shopee,PLN Prabayar,TOKEN LISTRIK 20000 PRABAYAR MURAH PROSES CEPAT ( ID METER KIRIM KE CHAT ),token listrik,token listrik prabayar murah proses cepat id meter kirim ke chat,token listrik prabayar proses id chat,token listrik prabayar proses id chat,14.0,6.0,8.0,57.1
Shopee,PLN Prabayar,KWh prabayar merk ITRON 1fasa 230V 5(60)A,kwh prabayar,kwh prabayar merk itron fasa v a,kwh prabayar merk itron fasa,kwh prabayar merk itron fasa,7.0,5.0,2.0,28.6
Shopee,PLN Prabayar,Token Listrik Pintar PLN Prabayar 20k,token listrik,token listrik pintar pln prabayar k,token listrik pln prabayar,token listrik pln prabayar,6.0,4.0,2.0,33.3
Shopee,PLN Prabayar,token listrik/ listrik prabayar 23.000-505.000,token listrik,token listrik listrik prabayar,token listrik listrik prabayar,token listrik listrik prabayar,5.0,4.0,1.0,20.0
Shopee,PLN Prabayar,TOKEN LISTRIK 200000 PRABAYAR MURAH PROSES CEPAT ( ID METER KIRIM KE CHAT ),token listrik,token listrik prabayar murah proses cepat id meter kirim ke chat,token listrik prabayar proses id chat,token listrik prabayar proses id chat,14.0,6.0,8.0,57.1
Shopee,PLN Prabayar,Token pln prabayar 200RB 500RB 1JT,token listrik,token pln prabayar rb rb jt,token pln prabayar rb rb jt,token pln prabayar rb rb jt,6.0,6.0,0.0,0.0
Shopee,PLN Prabayar,Token Listrik PLN Prabayar Proses Cepat dan Aman,token listrik,token listrik pln prabayar proses cepat dan aman,token listrik pln prabayar proses,token listrik pln prabayar proses,8.0,5.0,3.0,37.5
Shopee,PLN Prabayar,KWH TOKEN PRABAYAR MEREK MELCOINDA,token listrik,kwh token prabayar merek melcoinda,kwh token prabayar merek melcoinda,kwh token prabayar merek melcoinda,5.0,5.0,0.0,0.0
Shopee,PLN Prabayar,KWH TOKEN PRABAYAR MERK ITRON METER 5(60)A 3PHASA,token listrik,kwh token prabayar merk itron meter a phasa,kwh token prabayar merk itron phasa,kwh token prabayar merk itron phasa,8.0,6.0,2.0,25.0
Shopee,PLN Prabayar,Voucher Tambah Daya PLN 2026 Diskon 50%,tambah daya pln ,voucher tambah daya pln diskon,daya pln,daya pln,7.0,2.0,5.0,71.4
Shopee,PLN Prabayar,Cetak Kartu Pln Listrik Prabayar Dan Pascabayar // Kartu Listrik Pvc / Id Card Satuan,kartu listrik,cetak kartu pln listrik prabayar dan pascabayar kartu listrik pvc id card satuan,cetak kartu pln listrik prabayar pascabayar kartu listrik pvc id card satuan,cetak kartu pln listrik prabayar pascabayar kartu listrik pvc id card satu,15.0,12.0,3.0,20.0
Shopee,PLN Prabayar,Voucher Diskon Tambah Daya PLN 2026 Ramadhan,tambah daya pln,voucher diskon tambah daya pln ramadhan,daya pln ramadhan,daya pln ramadhan,7.0,3.0,4.0,57.1
Shopee,PLN Prabayar,Pulsa Reguler Lengkap Token Listrik PLN,token listrik,pulsa reguler lengkap token listrik pln,pulsa token listrik pln,pulsa token listrik pln,6.0,4.0,2.0,33.3
Shopee,PLN Prabayar,TOKEN PLN 25K,token listrik,token pln k,token pln,token pln,3.0,2.0,1.0,33.3
Shopee,PLN Prabayar,Token pln 20.000-50.000,token listrik,token pln,token pln,token pln,3.0,2.0,1.0,33.3
Shopee,PLN Prabayar,Box KWH/PLN Prabayar Grey Mini/Box Tutup Meteran Listrik Box KWH Meter Listrik Prabayar Token,box kwh,box kwhpln prabayar grey minibox tutup meteran listrik box kwh meter listrik prabayar token,kwhpln prabayar grey minibox tutup meteran listrik kwh listrik prabayar token,kwhpln prabayar grey minibox tutup meter listrik kwh listrik prabayar token,14.0,11.0,3.0,21.4
Shopee,PLN Prabayar,Paket Nidi Dan Slo Pln Daya 450 Va Proses Cepat Dan Mudah Se Indonesia,token listrik,paket nidi dan slo pln daya va proses cepat dan mudah se indonesia,nidi slo pln daya va proses mudah indonesia,nidi slo pln daya va proses mudah indonesia,14.0,8.0,6.0,42.9
Shopee,PLN Prabayar,Promo Token Listrik PLN,token listrik,promo token listrik pln,token listrik pln,token listrik pln,4.0,3.0,1.0,25.0
Shopee,PLN Prabayar,"Token listrik termurah 20k, 50k, 100k, tercepat",token listrik,token listrik termurah k k k tercepat,token listrik tercepat,token listrik cepat,7.0,3.0,4.0,57.1
Shopee,PLN Prabayar,Promo Token Listrik 10k PLN Cepat Murah dan Mudah,token listrik,promo token listrik k pln cepat murah dan mudah,token listrik pln mudah,token listrik pln mudah,9.0,4.0,5.0,55.6
Shopee,PLN Prabayar,TOKEN PLN 20.000,token listrik,token pln,token pln,token pln,3.0,2.0,1.0,33.3
Shopee,PLN Prabayar,TOKEN LISTRIK PLN MURAH 20K/50K/100K/500K,token listrik,token listrik pln murah kkkk,token listrik pln kkkk,token listrik pln kkkk,5.0,4.0,1.0,20.0
Shopee,PLN Prabayar,Box Cover Listrik Token PLN – Pelindung Meteran Prabayar Aman & Tahan Lama,token listrik,box cover listrik token pln – pelindung meteran prabayar aman tahan lama,cover listrik token pln pelindung meteran prabayar tahan,cover listrik token pln lindung meter prabayar tahan,13.0,8.0,5.0,38.5
Shopee,PLN Prabayar,TOKEN PLN TERBARU DAN TERMURAH,token listrik,token pln terbaru dan termurah,token pln,token pln,5.0,2.0,3.0,60.0
Shopee,PLN Prabayar,TOKEN LISTRIK 50K 50000 50Ribu 50Rb | Promo Pulsa PLN Pintar Eceran Grosir Murah Langsung Kirim Kode Via Chat | Serba 0 Rupiah,token listrik,token listrik k ribu rb promo pulsa pln pintar eceran grosir murah langsung kirim kode via chat serba rupiah,token listrik ribu rb pulsa pln eceran langsung kode via chat serba rupiah,token listrik ribu rb pulsa pln ecer langsung kode via chat serba rupiah,23.0,13.0,10.0,43.5
Shopee,PLN Prabayar,Token Listrik PLN 5K | Pulsa Listrik Murah Proses Cepat,token listrik,token listrik pln k pulsa listrik murah proses cepat,token listrik pln pulsa listrik proses,token listrik pln pulsa listrik proses,10.0,6.0,4.0,40.0
Shopee,PLN Prabayar,TOKEN LISTRIK PLN  PROMO TIDAK BOLEH BELI DOUBLE DIMANAPUN,token listrik,token listrik pln promo tidak boleh beli double dimanapun,token listrik pln beli double dimanapun,token listrik pln beli double mana,9.0,6.0,3.0,33.3
Shopee,PLN Prabayar,NIDI DAN SLO PLN LISTRIK SEPAKET LANGSUNG JADI DAYA 900 1300 2200 3500 4500 5500 6600 7700 DST UNTUK PASANG BARU DAN TAMBAH DAYA B002,token listrik,nidi dan slo pln listrik sepaket langsung jadi daya dst untuk pasang baru dan tambah daya b,nidi slo pln listrik sepaket langsung daya daya,nidi slo pln listrik paket langsung daya daya,25.0,8.0,17.0,68.0
Shopee,PLN Prabayar,Box KWH Meter Listrik Token Prabayar Pascabayar Ukuran Besar Box PLN Outdoor Tahan Air Anti Karat Pelindung Meteran,box kwh meter listrik,box kwh meter listrik token prabayar pascabayar ukuran besar box pln outdoor tahan air anti karat pelindung meteran,kwh listrik token prabayar pascabayar pln outdoor tahan air anti karat pelindung meteran,kwh listrik token prabayar pascabayar pln outdoor tahan air anti karat lindung meter,18.0,13.0,5.0,27.8
Shopee,PLN Prabayar,NIDI DAN SLO PLN LISTRIK SEPAKET LANGSUNG JADI DAYA 900 1300 2200 3500 4500 5500 6600 7700 DST UNTUK PASANG BARU DAN TAMBAH DAYA A002,token listrik,nidi dan slo pln listrik sepaket langsung jadi daya dst untuk pasang baru dan tambah daya a,nidi slo pln listrik sepaket langsung daya daya,nidi slo pln listrik paket langsung daya daya,25.0,8.0,17.0,68.0
Shopee,PLN Prabayar,Token Listrik PLN  20 | 25 | 50 | 100.,token listrik,token listrik pln,token listrik pln,token listrik pln,10.0,3.0,7.0,70.0
Shopee,PLN Prabayar,jual token listrik proses cepat ready stok 20k 50k 100k,token listrik,jual token listrik proses cepat ready stok k k k,token listrik proses,token listrik proses,10.0,3.0,7.0,70.0
Shopee,PLN Prabayar,MCB BIRU MULTI 9 MERLIN GERIN S PLN 2A 4A 6A 10A 16A 20A 25A 32A 40A BREKER PEMUTUS TEGANGAN LISTRIK,mcb listrik,mcb biru multi merlin gerin s pln a a a a a a a a a breker pemutus tegangan listrik,mcb multi merlin gerin pln breker pemutus tegangan listrik,mcb multi merlin gin pln breker putus tegang listrik,21.0,9.0,12.0,57.1
Shopee,PLN Prabayar,MCB PLN BBC S161 ANTI JEKLEK 2A RASA 4A,mcb pln,mcb pln bbc s anti jeklek a rasa a,mcb pln bbc anti jeklek,mcb pln bbc anti jeklek,9.0,5.0,4.0,44.4
Shopee,PLN Prabayar,MCB ABB 1Phase 35A Kepala Biru SNI Original Standar PLN,mcb,mcb abb phase a kepala biru sni original standar pln,mcb abb phase kepala sni pln,mcb abb phase kepala sni pln,10.0,6.0,4.0,40.0
Shopee,PLN Prabayar,McB Pln Modif ANTI JEKLEK Bisa Regues Smper,mcb pln,mcb pln modif anti jeklek bisa regues smper,mcb pln modif anti jeklek regues smper,mcb pln modif anti jeklek regues smper,8.0,7.0,1.0,12.5
Shopee,PLN Prabayar,MCB PLN SNI 1Pase 2A-25A ELEKTRO  (Miniature Circuit Breaker),mcb,mcb pln sni pase aa elektro miniature circuit breaker,mcb pln sni pase aa elektro miniature circuit breaker,mcb pln sni pase aa elektro miniature circuit breaker,9.0,9.0,0.0,0.0
Shopee,PLN Prabayar,MCB modif schneider PLN 3 phase anti jeglek siap pakai dijamin normal,mcb schneider,mcb modif schneider pln phase anti jeglek siap pakai dijamin normal,mcb modif schneider pln phase anti jeglek pakai dijamin,mcb modif schneider pln phase anti jeglek pakai jamin,12.0,9.0,3.0,25.0
Shopee,PLN Prabayar,MCB ABB 1Phase 4A Kepala Biru SNI Original Standar PLN,mcb,mcb abb phase a kepala biru sni original standar pln,mcb abb phase kepala sni pln,mcb abb phase kepala sni pln,10.0,6.0,4.0,40.0
Shopee,PLN Prabayar,MCB ABB 1 Phase 6A Kepala Biru Standar PLN Original,mcb,mcb abb phase a kepala biru standar pln original,mcb abb phase kepala pln,mcb abb phase kepala pln,10.0,5.0,5.0,50.0
Shopee,PLN Prabayar,Token Listrik  murah meriah,token listrik,token listrik murah meriah,token listrik meriah,token listrik riah,4.0,3.0,1.0,25.0
Shopee,PLN Prabayar,TOKEN LISTRIK PLN AMAN DAN BERSAHABAT,token listrik,token listrik pln aman dan bersahabat,token listrik pln bersahabat,token listrik pln sahabat,6.0,4.0,2.0,33.3
Shopee,PLN Prabayar,Token PLN 20K Redy Setok MOBLE B003 (silahkan kirim nomer Meteran anda),token listrik,token pln k redy setok moble b silahkan kirim nomer meteran anda,token pln redy setok moble silahkan nomer meteran,token pln redy tok moble silah nomer meter,12.0,8.0,4.0,33.3
Shopee,PLN Prabayar,Token Listrik Murah 20K 50K 100K Cepat Pengiriman,token listrik,token listrik murah k k k cepat pengiriman,token listrik pengiriman,token listrik kirim,8.0,3.0,5.0,62.5
Shopee,PLN Prabayar,TOKEN LISTRIK 20 RIBU,token listrik,token listrik ribu,token listrik ribu,token listrik ribu,4.0,3.0,1.0,25.0
Shopee,PLN Prabayar,TOKEN LISTRIK 15/20/50/100  (20x5  100 100k) (20x10 200 200k) (20x25 500 500k) PROMO PLN MURAH,token listrik,token listrik x k x k x k promo pln murah,token listrik pln,token listrik pln,15.0,3.0,12.0,80.0
Shopee,PLN Prabayar,Pulsa Token Listrik 20 50 100 murah promo PLN,token listrik,pulsa token listrik murah promo pln,pulsa token listrik pln,pulsa token listrik pln,9.0,4.0,5.0,55.6
Shopee,PLN Prabayar,Token PLN/Listrik,token listrik,token plnlistrik,token plnlistrik,token plnlistrik,2.0,2.0,0.0,0.0
Shopee,PLN Prabayar,TOKEN LISTRIK MURAH,token listrik,token listrik murah,token listrik,token listrik,3.0,2.0,1.0,33.3
Shopee,PLN Prabayar,Promo token listrik 20k,token listrik,promo token listrik k,token listrik,token listrik,4.0,2.0,2.0,50.0
Shopee,PLN Prabayar,Token Listrik 20.000,token listrik,token listrik,token listrik,token listrik,3.0,2.0,1.0,33.3
Shopee,PLN Prabayar,JUAL TOKEN/ PULSA LISTRIK PLN 20K,token listrik,jual token pulsa listrik pln k,token pulsa listrik pln,token pulsa listrik pln,6.0,4.0,2.0,33.3
Shopee,PLN Prabayar,TOKEN LISTRIK PLN 20 RIBU,token listrik,token listrik pln ribu,token listrik pln ribu,token listrik pln ribu,5.0,4.0,1.0,20.0
Shopee,PLN Prabayar,PULSA LISTRIK TERMURAH,pulsa listrik,pulsa listrik termurah,pulsa listrik,pulsa listrik,3.0,2.0,1.0,33.3
Shopee,PLN Prabayar,TOKEN LISTRIK PLN PROMO 100K Proses Cepat,token listrik,token listrik pln promo k proses cepat,token listrik pln proses,token listrik pln proses,7.0,4.0,3.0,42.9
Shopee,PLN Prabayar,Token listrik PLN 200 500,token listrik,token listrik pln,token listrik pln,token listrik pln,5.0,3.0,2.0,40.0
Shopee,PLN Prabayar,Token PLN 20K MOBLE Redy B002 ( kirim nomer Meteran anda),token listrik,token pln k moble redy b kirim nomer meteran anda,token pln moble redy nomer meteran,token pln moble redy nomer meter,11.0,6.0,5.0,45.5
Shopee,PLN Prabayar,Token Listrik promo 20,token listrik,token listrik promo,token listrik,token listrik,4.0,2.0,2.0,50.0
Shopee,PLN Prabayar,PROMO Token PLN resmi Murah,token listrik,promo token pln resmi murah,token pln,token pln,5.0,2.0,3.0,60.0
Shopee,PLN Prabayar,TOKEN PLN 20K MURAH PROMO TERBATAS,token listrik,token pln k murah promo terbatas,token pln,token pln,6.0,2.0,4.0,66.7
Shopee,PLN Prabayar,Token Listrik PLN 5k 10K 15K 20K 25K- Cepat Langsung Dikirim,token listrik,token listrik pln k k k k k cepat langsung dikirim,token listrik pln langsung dikirim,token listrik pln langsung kirim,11.0,5.0,6.0,54.5
Shopee,PLN Prabayar,Token listrik lestrick PLN 5k 10k 15k 20k 25k 50k promo proses cepat,token listrik,token listrik lestrick pln k k k k k k promo proses cepat,token listrik lestrick pln proses,token listrik lestrick pln proses,13.0,5.0,8.0,61.5
Shopee,PLN Prabayar,TOKEN LISTRIK PROMO 20K 50K 100K,token listrik,token listrik promo k k k,token listrik,token listrik,6.0,2.0,4.0,66.7
Shopee,PLN Prabayar,kWh meter merek Metbelosa 5(60)A 1phasa prabayar,kwh meter,kwh meter merek metbelosa a phasa prabayar,kwh merek metbelosa phasa prabayar,kwh merek metbelosa phasa prabayar,7.0,5.0,2.0,28.6
Shopee,PLN Prabayar,"Pln 20,50,100",token listrik,pln,pln,pln,2.0,1.0,1.0,50.0
Shopee,PLN Prabayar,Box Meteran Listrik PLN With Home Number Token Prabayar,token listrik,box meteran listrik pln with home number token prabayar,meteran listrik pln with home number token prabayar,meter listrik pln with home number token prabayar,9.0,8.0,1.0,11.1
Shopee,PLN Prabayar,Uchiro Box Kwh Mtr Listrik Pln Token Prabayar / Pulsa / Plastik Tebal,token listrik,uchiro box kwh mtr listrik pln token prabayar pulsa plastik tebal,uchiro kwh mtr listrik pln token prabayar pulsa plastik,uchiro kwh mtr listrik pln token prabayar pulsa plastik,13.0,9.0,4.0,30.8
Shopee,PLN Prabayar,Kwh Meter Token Prabayar Pra Bayar Prepaid Sistem Online Aplikasi Gratis,kwh meter token,kwh meter token prabayar pra bayar prepaid sistem online aplikasi gratis,kwh token prabayar pra prepaid sistem aplikasi,kwh token prabayar pra prepaid sistem aplikasi,11.0,7.0,4.0,36.4
Shopee,PLN Prabayar,meteran listrik PLN digital prabayar vocher voucher pulsa kos kosan,token listrik,meteran listrik pln digital prabayar vocher voucher pulsa kos kosan,meteran listrik pln prabayar vocher pulsa kos kosan,meter listrik pln prabayar vocher pulsa kos kosan,10.0,8.0,2.0,20.0
Shopee,PLN Prabayar,New Box Tutup Meteran Listrik Box KWH Meter Listrik - Box KWH Meter Token Kotak PLN Penutup Prabayar,box kwh meter listrik,new box tutup meteran listrik box kwh meter listrik box kwh meter token kotak pln penutup prabayar,tutup meteran listrik kwh listrik kwh token pln penutup prabayar,tutup meter listrik kwh listrik kwh token pln tutup prabayar,18.0,10.0,8.0,44.4
Shopee,PLN Prabayar,1 Dus Box KWH Prabayar MINI 10pcs / 40pcs Meteran Listrik Token PLN Harga Grosir,token listrik,dus box kwh prabayar mini pcs pcs meteran listrik token pln harga grosir,kwh prabayar meteran listrik token pln,kwh prabayar meter listrik token pln,15.0,6.0,9.0,60.0
Shopee,PLN Prabayar,jual token pln murah 20k 50k 100k,token listrik,jual token pln murah k k k,token pln,token pln,7.0,2.0,5.0,71.4
Shopee,PLN Prabayar,Nanhayu Tkisi - Box Cover Token Listrik KWH Meter Listrik Prabayar/Digital,token listrik,nanhayu tkisi box cover token listrik kwh meter listrik prabayardigital,nanhayu tkisi cover token listrik kwh listrik prabayardigital,nanhayu tkisi cover token listrik kwh listrik prabayardigital,11.0,8.0,3.0,27.3
Shopee,PLN Prabayar,TOKEN LISTRIK PLN 20K-100K,token listrik,token listrik pln kk,token listrik pln kk,token listrik pln kk,4.0,4.0,0.0,0.0
Shopee,PLN Prabayar,promo token listrik,token listrik,promo token listrik,token listrik,token listrik,3.0,2.0,1.0,33.3
Shopee,PLN Prabayar,Token Listrik PLN 20.000 20k 20ribu Murah,token listrik,token listrik pln k ribu murah,token listrik pln ribu,token listrik pln ribu,7.0,4.0,3.0,42.9
Shopee,PLN Prabayar,TOKEN ISI ULANG PLN 200.000 - 1.000.000,token listrik,token isi ulang pln,token ulang pln,token ulang pln,7.0,3.0,4.0,57.1
Shopee,PLN Prabayar,PLN Nidi Slo Pln khusus jabodetabek 1300W 2200W 3500W 4500W 5500W 6600W 7700W Untuk Pasang Baru Tambah Daya,pln nidi slo,pln nidi slo pln khusus jabodetabek w w w w w w w untuk pasang baru tambah daya,pln nidi slo pln jabodetabek daya,pln nidi slo pln jabodetabek daya,18.0,6.0,12.0,66.7
Shopee,PLN Prabayar,Box Tutup Meteran Listrik Box KWH Meter Listrik - Box KWH Meter Token Kotak PLN Penutup Prabayar,box kwh meter,box tutup meteran listrik box kwh meter listrik box kwh meter token kotak pln penutup prabayar,tutup meteran listrik kwh listrik kwh token pln penutup prabayar,tutup meter listrik kwh listrik kwh token pln tutup prabayar,17.0,10.0,7.0,41.2
Shopee,PLN Prabayar,1 Dus Box KWH Prabayar MINI isi 10pcs / 40pcs Box Meteran Listrik PLN Prabayar Harga Grosir,box meteran listrik,dus box kwh prabayar mini isi pcs pcs box meteran listrik pln prabayar harga grosir,kwh prabayar meteran listrik pln prabayar,kwh prabayar meter listrik pln prabayar,17.0,6.0,11.0,64.7
Shopee,PLN Prabayar,Nidi Dan Slo Pln Daya 900 Va Proses Cepat Dan Mudah Se Indonesia,token listrik,nidi dan slo pln daya va proses cepat dan mudah se indonesia,nidi slo pln daya va proses mudah indonesia,nidi slo pln daya va proses mudah indonesia,13.0,8.0,5.0,38.5
Shopee,PLN Prabayar,TOKEN LISTRIK RP 20.000,token listrik,token listrik rp,token listrik rp,token listrik rp,4.0,3.0,1.0,25.0
Shopee,PLN Prabayar,meteran listrik pln digital prabayar vocher voucher pulsa kos kosan,token listrik,meteran listrik pln digital prabayar vocher voucher pulsa kos kosan,meteran listrik pln prabayar vocher pulsa kos kosan,meter listrik pln prabayar vocher pulsa kos kosan,10.0,8.0,2.0,20.0
Shopee,PLN Prabayar,Nanhayu Rotan - Box KWH Meter Listrik Prabayar Pulsa Dan Panel Listrik MCB Tempat Meteran Listrik,kwh meter listrik,nanhayu rotan box kwh meter listrik prabayar pulsa dan panel listrik mcb tempat meteran listrik,nanhayu rotan kwh listrik prabayar pulsa panel listrik mcb meteran listrik,nanhayu rotan kwh listrik prabayar pulsa panel listrik mcb meter listrik,16.0,11.0,5.0,31.2
Shopee,PLN Prabayar,PLN Nidi Slo Pln 1300W 2200W 3500W 4500W 5500W 6600W 7700W Untuk Pasang Baru,pln nidi slo,pln nidi slo pln w w w w w w w untuk pasang baru,pln nidi slo pln,pln nidi slo pln,14.0,4.0,10.0,71.4
Shopee,PLN Prabayar,NEW!!! Box token listrik meteran tutup box KWH meter listrik prabayar,token listrik,new box token listrik meteran tutup box kwh meter listrik prabayar,token listrik meteran tutup kwh listrik prabayar,token listrik meter tutup kwh listrik prabayar,11.0,7.0,4.0,36.4
Shopee,PLN Prabayar,Token Listrik PLN Nominal 5K 10K 15K 20K 50K,token listrik,token listrik pln nominal k k k k k,token listrik pln,token listrik pln,9.0,3.0,6.0,66.7
Shopee,PLN Prabayar,Voucher Diskon Tambah Daya Listrik PLN Ramadhan 2026,tambah daya listrik,voucher diskon tambah daya listrik pln ramadhan,daya listrik pln ramadhan,daya listrik pln ramadhan,8.0,4.0,4.0,50.0
Shopee,PLN Prabayar,"TERMURAH!!! TOKEN LISTRIK PLN 20k, 50k, 100k, 200k",token listrik,termurah token listrik pln k k k k,token listrik pln,token listrik pln,8.0,3.0,5.0,62.5
Shopee,PLN Prabayar,"Token Listrik 20k,50k,100k",token listrik,token listrik kkk,token listrik kkk,token listrik kkk,3.0,3.0,0.0,0.0
Shopee,PLN Prabayar,PULSA TOKEN PLN MURAHHHH,token listrik,pulsa token pln murahhhh,pulsa token pln murahhhh,pulsa token pln murahhhh,4.0,4.0,0.0,0.0
Shopee,PLN Prabayar,PROMO TOKEN LISTRIK 50K TERMURAHH !!!!,token listrik,promo token listrik k termurahh,token listrik termurahh,token listrik termurahh,6.0,3.0,3.0,50.0
Shopee,PLN Prabayar,token listrik murah,token listrik,token listrik murah,token listrik,token listrik,3.0,2.0,1.0,33.3
Shopee,PLN Prabayar,TOKEN LISTRIK PLN PROMO 100rb,token listrik,token listrik pln promo rb,token listrik pln rb,token listrik pln rb,5.0,4.0,1.0,20.0
Shopee,PLN Prabayar,"PROMO TOKEN LISTRIK 20K, 50K, 100K",token listrik,promo token listrik k k k,token listrik,token listrik,6.0,2.0,4.0,66.7
Shopee,PLN Prabayar,TOKEN PLN || TOKEN PLN 100 || PLN100 || TOKEN 100,token listrik,token pln token pln pln token,token pln token pln pln token,token pln token pln pln token,11.0,6.0,5.0,45.5
Shopee,PLN Prabayar,"Token Listrik PLN 5K 10K 15K 20K 25K 50K - PROMO, Murah, Langsung Dikirim",token listrik,token listrik pln k k k k k k promo murah langsung dikirim,token listrik pln langsung dikirim,token listrik pln langsung kirim,14.0,5.0,9.0,64.3
Shopee,PLN Prabayar,Token listrik gratis tanpa ongkos kirim,token listrik,token listrik gratis tanpa ongkos kirim,token listrik,token listrik,6.0,2.0,4.0,66.7
Shopee,PLN Prabayar,NCB Merlin standar PLN (harga satuan) anti jeklek mampuh daya besar,mcb pln,ncb merlin standar pln harga satuan anti jeklek mampuh daya besar,ncb merlin pln satuan anti jeklek mampuh daya,ncb merlin pln satu anti jeklek mampuh daya,11.0,8.0,3.0,27.3
Shopee,PLN Prabayar,Voucher Tambah Daya PLN Untuk Seluruh Indonesia,tambah daya pln,voucher tambah daya pln untuk seluruh indonesia,daya pln indonesia,daya pln indonesia,7.0,3.0,4.0,57.1
Shopee,PLN Prabayar,Token PLN Rp. 1.000.000 Diskon Murah,token listrik,token pln rp diskon murah,token pln rp,token pln rp,6.0,3.0,3.0,50.0
Shopee,PLN Prabayar,TOKEN LISTRIK PLN PROMO 1JT Proses Cepat,token listrik,token listrik pln promo jt proses cepat,token listrik pln jt proses,token listrik pln jt proses,7.0,5.0,2.0,28.6
Shopee,PLN Prabayar,token listrik 50rb - 200rb,token listrik,token listrik rb rb,token listrik rb rb,token listrik rb rb,5.0,4.0,1.0,20.0
Shopee,PLN Prabayar,Promo Voucher Tambah Daya Pln Terbaru Terima Beres (Gratis Ongkir),tambah daya pln,promo voucher tambah daya pln terbaru terima beres gratis ongkir,daya pln terima,daya pln terima,10.0,3.0,7.0,70.0
Shopee,PLN Prabayar,Box Listrik Akrilik KWH Meter PLN Token Prabayar Besar Listrik Pintar,token listrik,box listrik akrilik kwh meter pln token prabayar besar listrik pintar,listrik akrilik kwh pln token prabayar listrik,listrik akrilik kwh pln token prabayar listrik,11.0,7.0,4.0,36.4
Shopee,PLN Prabayar,Voucher Tambah Daya PLN Terbaru Tambah Daya Listrik PLN,tambah daya listrik,voucher tambah daya pln terbaru tambah daya listrik pln,daya pln daya listrik pln,daya pln daya listrik pln,9.0,5.0,4.0,44.4
Shopee,PLN Prabayar,Token PLN 100.000 Murah,token listrik,token pln murah,token pln,token pln,4.0,2.0,2.0,50.0
Shopee,PLN Prabayar,PULSA / TOKEN LISTRIK TAGIHAN PDAM,pulsa listrik,pulsa token listrik tagihan pdam,pulsa token listrik tagihan pdam,pulsa token listrik tagih pdam,6.0,5.0,1.0,16.7
Shopee,PLN Prabayar,Jual paket data dan token listrik,token listrik,jual paket data dan token listrik,data token listrik,data token listrik,6.0,3.0,3.0,50.0
Shopee,PLN Prabayar,TOKEN LISTRIK MURMER,token listrik,token listrik murmer,token listrik murmer,token listrik murmer,3.0,3.0,0.0,0.0
Shopee,PLN Prabayar,Kartu PLN Pelanggan Listrik Rumah Sehari Jadi,kartu pln,kartu pln pelanggan listrik rumah sehari jadi,kartu pln pelanggan listrik rumah sehari,kartu pln langgan listrik rumah hari,7.0,6.0,1.0,14.3
Shopee,PLN Prabayar,KWh METER PRABAYAR Merk Fuji 1fasa 230 V 5(60)A,kwh meter,kwh meter prabayar merk fuji fasa v a,kwh prabayar merk fuji fasa,kwh prabayar merk fuji fasa,9.0,5.0,4.0,44.4
Shopee,PLN Prabayar,KWh meter PRABAYAR Merk CANNET 1 fasa 5(60) A,kwh meter,kwh meter prabayar merk cannet fasa a,kwh prabayar merk cannet fasa,kwh prabayar merk cannet fasa,9.0,5.0,4.0,44.4
Shopee,PLN Prabayar,KWH Meter Token Prabayar Merk Smart 1 Fase,kwh meter token,kwh meter token prabayar merk smart fase,kwh token prabayar merk smart fase,kwh token prabayar merk smart fase,8.0,6.0,2.0,25.0
Shopee,PLN Prabayar,Pulsa & Token Listrik.Telkomsel.IM3.Fren & PLN,pulsa listrik,pulsa token listriktelkomselimfren pln,pulsa token listriktelkomselimfren pln,pulsa token listriktelkomselimfren pln,6.0,4.0,2.0,33.3
Shopee,PLN Prabayar,KWh Meter HEXING 5(60)A Prabayar 1Phasa,kwh meter,kwh meter hexing a prabayar phasa,kwh hexing prabayar phasa,kwh hexing prabayar phasa,6.0,4.0,2.0,33.3
Shopee,PLN Prabayar,1 Dus Box KWH Prabayar MAX 20pcs Waterproof Meteran PLN Listrik Harga Grosir | ACELEKTRIK Original,meteran listrik,dus box kwh prabayar max pcs waterproof meteran pln listrik harga grosir acelektrik original,kwh prabayar max waterproof meteran pln listrik acelektrik,kwh prabayar max waterproof meter pln listrik acelektrik,16.0,8.0,8.0,50.0
Shopee,PLN Prabayar,1 DUS Box KWH Prabayar MAX isi 20pcs Meteran Listrik PLN Waterproof Outdoor Tahan Cuaca Harga Grosir,meteran listrik,dus box kwh prabayar max isi pcs meteran listrik pln waterproof outdoor tahan cuaca harga grosir,kwh prabayar max meteran listrik pln waterproof outdoor tahan cuaca,kwh prabayar max meter listrik pln waterproof outdoor tahan cuaca,17.0,10.0,7.0,41.2
Shopee,PLN Prabayar,1 Dus Box KWH Prabayar MINI 40pcs/10pcs Waterproof Tutup Meteran PLN Grosir | ACELEKTRIK Official,tutup meteran pln,dus box kwh prabayar mini pcspcs waterproof tutup meteran pln grosir acelektrik official,kwh prabayar pcspcs waterproof tutup meteran pln acelektrik official,kwh prabayar pcspcs waterproof tutup meter pln acelektrik official,15.0,9.0,6.0,40.0
Shopee,PLN Prabayar,1 DUS Box KWH Prabayar MINI isi 40pcs/10pcs Meteran Listrik PLN Waterproof Tahan Cuaca Harga Grosir,meteran listrik,dus box kwh prabayar mini isi pcspcs meteran listrik pln waterproof tahan cuaca harga grosir,kwh prabayar pcspcs meteran listrik pln waterproof tahan cuaca,kwh prabayar pcspcs meter listrik pln waterproof tahan cuaca,16.0,9.0,7.0,43.8
Shopee,PLN Prabayar,box kwh meter token kotak pln penutup prabayar pelindung kunci pengaman tutup pln meteran listrik,kotak meteran listrik,box kwh meter token kotak pln penutup prabayar pelindung kunci pengaman tutup pln meteran listrik,kwh token pln penutup prabayar pelindung kunci pengaman tutup pln meteran listrik,kwh token pln tutup prabayar lindung kunci kam tutup pln meter listrik,15.0,12.0,3.0,20.0
Shopee,PLN Prabayar,Box Kwh PLN Token Prabayar Uchiro,token listrik,box kwh pln token prabayar uchiro,kwh pln token prabayar uchiro,kwh pln token prabayar uchiro,6.0,5.0,1.0,16.7
Shopee,PLN Prabayar,Tutup Box Meter KWH Token / Box meteran PLN prabayar dan pasca Bayar,box meter pln,tutup box meter kwh token box meteran pln prabayar dan pasca bayar,tutup kwh token meteran pln prabayar pasca,tutup kwh token meter pln prabayar pasca,13.0,7.0,6.0,46.2
Shopee,PLN Prabayar,"Box MCB KWH Listrik Pelindung Meteran Token Prabayar & Pascabayar, Outdoor Tahan Cuaca",mcb listrik,box mcb kwh listrik pelindung meteran token prabayar pascabayar outdoor tahan cuaca,mcb kwh listrik pelindung meteran token prabayar pascabayar outdoor tahan cuaca,mcb kwh listrik lindung meter token prabayar pascabayar outdoor tahan cuaca,13.0,11.0,2.0,15.4
Shopee,PLN Prabayar,Box Kwh PLN Token Prabayar Uchiro Max,token listrik,box kwh pln token prabayar uchiro max,kwh pln token prabayar uchiro max,kwh pln token prabayar uchiro max,7.0,6.0,1.0,14.3
Shopee,PLN Prabayar,UCHIRO Box KWH MAX 1 DUS ISI 20pcs HARGA GROSIR Meter Listrik Token Prabayar Pascabayar Ukuran Besar Box PLN Outdoor Tahan Air Anti Karat Pelindung Meteran,box token listrik,uchiro box kwh max dus isi pcs harga grosir meter listrik token prabayar pascabayar ukuran besar box pln outdoor tahan air anti karat pelindung meteran,uchiro kwh max listrik token prabayar pascabayar pln outdoor tahan air anti karat pelindung meteran,uchiro kwh max listrik token prabayar pascabayar pln outdoor tahan air anti karat lindung meter,26.0,15.0,11.0,42.3
Shopee,PLN Prabayar,pulsa dan token pln murah,token listrik,pulsa dan token pln murah,pulsa token pln,pulsa token pln,5.0,3.0,2.0,40.0
Shopee,PLN Prabayar,Box KWH Tutup Meteran Listrik Box KWH Meter Listrik - Box KWH  Meter Token Kotak PLN Penutup Prabayar,box kwh meter listrik,box kwh tutup meteran listrik box kwh meter listrik box kwh meter token kotak pln penutup prabayar,kwh tutup meteran listrik kwh listrik kwh token pln penutup prabayar,kwh tutup meter listrik kwh listrik kwh token pln tutup prabayar,18.0,11.0,7.0,38.9
Shopee,PLN Prabayar,Box kWh Meter Listrik Prabayar Pra Bayar Cover Tutup Tutupan Kotak Penutup Pengaman Pelindung Meteran Token Pulsa Voucher Tagihan PLN,kwh meter,box kwh meter listrik prabayar pra bayar cover tutup tutupan kotak penutup pengaman pelindung meteran token pulsa voucher tagihan pln,kwh listrik prabayar pra cover tutup tutupan penutup pengaman pelindung meteran token pulsa tagihan pln,kwh listrik prabayar pra cover tutup tutup tutup kam lindung meter token pulsa tagih pln,20.0,15.0,5.0,25.0
Shopee,PLN Prabayar,Box KWH Baru Box Token Listrik Prabayar Box Tutup Pengaman Meteran Prabayar Box token listrik pulsa,box token listrik,box kwh baru box token listrik prabayar box tutup pengaman meteran prabayar box token listrik pulsa,kwh token listrik prabayar tutup pengaman meteran prabayar token listrik pulsa,kwh token listrik prabayar tutup kam meter prabayar token listrik pulsa,16.0,11.0,5.0,31.2
Shopee,PLN Prabayar,1 Dus Box KWH Prabayar MAX isi 20pcs Meteran Listrik Token PLN Outdoor Indoor Rapi Harga Grosir,token listrik,dus box kwh prabayar max isi pcs meteran listrik token pln outdoor indoor rapi harga grosir,kwh prabayar max meteran listrik token pln outdoor indoor,kwh prabayar max meter listrik token pln outdoor indoor,17.0,9.0,8.0,47.1
Shopee,PLN Prabayar,Fourclub_ Box Kwh Meteran Listrik Token Pelindung Box Pln Token Listrik Prabayar,token listrik,fourclub box kwh meteran listrik token pelindung box pln token listrik prabayar,fourclub kwh meteran listrik token pelindung pln token listrik prabayar,fourclub kwh meter listrik token lindung pln token listrik prabayar,12.0,10.0,2.0,16.7
Shopee,PLN Prabayar,NEW!!! Box Cover Listrik Token PLN Pelindung Meteran Prabayar Aman & Tahan Lama,token listrik,new box cover listrik token pln pelindung meteran prabayar aman tahan lama,cover listrik token pln pelindung meteran prabayar tahan,cover listrik token pln lindung meter prabayar tahan,13.0,8.0,5.0,38.5
Shopee,PLN Prabayar,box kwh meter token kotak pln penutup prabayar pelindung kunci pengaman tutup pln meteran listrik tutup listrik,tutup meteran listrik,box kwh meter token kotak pln penutup prabayar pelindung kunci pengaman tutup pln meteran listrik tutup listrik,kwh token pln penutup prabayar pelindung kunci pengaman tutup pln meteran listrik tutup listrik,kwh token pln tutup prabayar lindung kunci kam tutup pln meter listrik tutup listrik,17.0,14.0,3.0,17.6
Shopee,PLN Prabayar,Box Pln Pelindung Kwh Meteran Listrik Pintar Prabayar Kecil Bahan Akrilik,box pln,box pln pelindung kwh meteran listrik pintar prabayar kecil bahan akrilik,pln pelindung kwh meteran listrik prabayar akrilik,pln lindung kwh meter listrik prabayar akrilik,11.0,7.0,4.0,36.4
Shopee,PLN Prabayar,siapkirim- Kotak meteran listik Box TOKEN PULSA PLN PRABAYAR,token listrik,siapkirim kotak meteran listik box token pulsa pln prabayar,siapkirim meteran listik token pulsa pln prabayar,siapkirim meter listik token pulsa pln prabayar,9.0,7.0,2.0,22.2
Shopee,PLN Prabayar,Box Pln Pelindung Kwh Meteran Listrik Pintar Prabayar Besar Bahan Akrilik,box pln,box pln pelindung kwh meteran listrik pintar prabayar besar bahan akrilik,pln pelindung kwh meteran listrik prabayar akrilik,pln lindung kwh meter listrik prabayar akrilik,11.0,7.0,4.0,36.4
Shopee,PLN Prabayar,Uchiro Box Cover Kwh Prabayar Plastik Tahan Debu,box cover kwh,uchiro box cover kwh prabayar plastik tahan debu,uchiro cover kwh prabayar plastik tahan debu,uchiro cover kwh prabayar plastik tahan debu,8.0,7.0,1.0,12.5
Shopee,PLN Prabayar,Uj-53 Box Kwh Meter Token Kotak Pln Penutup Prabayar Pelindung Kunci Pengaman Tutup Pln Meteran Listrik Tutup Listrik Premium,kwh meter,uj box kwh meter token kotak pln penutup prabayar pelindung kunci pengaman tutup pln meteran listrik tutup listrik premium,uj kwh token pln penutup prabayar pelindung kunci pengaman tutup pln meteran listrik tutup listrik,uj kwh token pln tutup prabayar lindung kunci kam tutup pln meter listrik tutup listrik,19.0,15.0,4.0,21.1
Shopee,PLN Prabayar,Sinte Masko Box Token Listrik Prabayar Pln Kwh Meter Tebal Dan Kuat Putih Cat Pasti Diskon,token listrik,sinte masko box token listrik prabayar pln kwh meter tebal dan kuat putih cat pasti diskon,sinte masko token listrik prabayar pln kwh cat,sinte masko token listrik prabayar pln kwh cat,16.0,8.0,8.0,50.0
Shopee,PLN Prabayar,Erke Box MCB KWH Prabayar - Box mcb pelindung meteran listrik Token Anti Debu Tahan Lama - Box MCB Listrik Token,box mcb listrik token,erke box mcb kwh prabayar box mcb pelindung meteran listrik token anti debu tahan lama box mcb listrik token,erke mcb kwh prabayar mcb pelindung meteran listrik token anti debu tahan mcb listrik token,erke mcb kwh prabayar mcb lindung meter listrik token anti debu tahan mcb listrik token,21.0,15.0,6.0,28.6
Shopee,PLN Prabayar,( BISA COD ) Box Cover Token Listrik KWH Meter Listrik Prabayar/Digital,token listrik,bisa cod box cover token listrik kwh meter listrik prabayardigital,cover token listrik kwh listrik prabayardigital,cover token listrik kwh listrik prabayardigital,12.0,6.0,6.0,50.0
Shopee,PLN Prabayar,Erke Box Kwh Meter Listrik Pln Token Prabayar / Pulsa / Plastik Tebal,kwh meter listrik,erke box kwh meter listrik pln token prabayar pulsa plastik tebal,erke kwh listrik pln token prabayar pulsa plastik,erke kwh listrik pln token prabayar pulsa plastik,13.0,8.0,5.0,38.5
Shopee,PLN Prabayar,Box token listrik meteran tutup box KWH meter listrik prabayar,token listrik,box token listrik meteran tutup box kwh meter listrik prabayar,token listrik meteran tutup kwh listrik prabayar,token listrik meter tutup kwh listrik prabayar,10.0,7.0,3.0,30.0
Shopee,PLN Prabayar,Box Listrik Akrilik KWH Meter  PLN Token Prabayar Kecil/Pascabayar/Listrik Pintar,token listrik,box listrik akrilik kwh meter pln token prabayar kecilpascabayarlistrik pintar,listrik akrilik kwh pln token prabayar kecilpascabayarlistrik,listrik akrilik kwh pln token prabayar kecilpascabayarlistrik,10.0,7.0,3.0,30.0
Shopee,PLN Prabayar,Box Listrik Akrilik KWH Meter PLN Token Prabayar Kecil,token listrik,box listrik akrilik kwh meter pln token prabayar kecil,listrik akrilik kwh pln token prabayar,listrik akrilik kwh pln token prabayar,9.0,6.0,3.0,33.3
Shopee,PLN Prabayar,Box Listrik Akrilik KWH Meter PLN Token Prabayar Kecil Listrik Pintar,token listrik,box listrik akrilik kwh meter pln token prabayar kecil listrik pintar,listrik akrilik kwh pln token prabayar listrik,listrik akrilik kwh pln token prabayar listrik,11.0,7.0,4.0,36.4
Shopee,PLN Prabayar,TRIKTRIK- Box Kwh Prabayar Box Meteran Isi Ulang Pulsa Listrik Meter,box meteran prabayar,triktrik box kwh prabayar box meteran isi ulang pulsa listrik meter,triktrik kwh prabayar meteran ulang pulsa listrik,triktrik kwh prabayar meter ulang pulsa listrik,11.0,7.0,4.0,36.4
Shopee,PLN Prabayar,Tutup Box Meter KWH MINI Token Voucher Prabayar UCHIRO untuk Perlindungan Meteran Listrik,tutup meter listrik,tutup box meter kwh mini token voucher prabayar uchiro untuk perlindungan meteran listrik,tutup kwh token prabayar uchiro perlindungan meteran listrik,tutup kwh token prabayar uchiro lindung meter listrik,13.0,8.0,5.0,38.5
Shopee,PLN Prabayar,Box Kwh Pelindung Pengaman Meteran Listrik Token Cover Sekring Sekering - BOX KWH LISTRIK PRABAYAR,box kwh listrik,box kwh pelindung pengaman meteran listrik token cover sekring sekering box kwh listrik prabayar,kwh pelindung pengaman meteran listrik token cover sekring sekering kwh listrik prabayar,kwh lindung kam meter listrik token cover sekring sekering kwh listrik prabayar,15.0,12.0,3.0,20.0
Shopee,PLN Prabayar,KWH Prabayar Token Merek Smart Meter Listrik Pintar,token listrik,kwh prabayar token merek smart meter listrik pintar,kwh prabayar token merek smart listrik,kwh prabayar token merek smart listrik,8.0,6.0,2.0,25.0
Shopee,PLN Prabayar,Box Kwh Token Listrik Prabayar Bahan Multipleks Tahan Cuaca,token listrik,box kwh token listrik prabayar bahan multipleks tahan cuaca,kwh token listrik prabayar multipleks tahan cuaca,kwh token listrik prabayar multipleks tahan cuaca,9.0,7.0,2.0,22.2
Shopee,PLN Prabayar,Box Cover Kwh Prabayar Pulsa / Kotak Tutup Meteran PLN,box cover kwh prabayar,box cover kwh prabayar pulsa kotak tutup meteran pln,cover kwh prabayar pulsa tutup meteran pln,cover kwh prabayar pulsa tutup meter pln,10.0,7.0,3.0,30.0
Shopee,PLN Prabayar,Box Kwh Meteran Listrik Pln Prabayar Plastik,meter listrik,box kwh meteran listrik pln prabayar plastik,kwh meteran listrik pln prabayar plastik,kwh meter listrik pln prabayar plastik,7.0,6.0,1.0,14.3
Shopee,PLN Prabayar,Box KWH Meteran Listrik Token Pelindung Box PLN Token Listrik Prabayar,token listrik,box kwh meteran listrik token pelindung box pln token listrik prabayar,kwh meteran listrik token pelindung pln token listrik prabayar,kwh meter listrik token lindung pln token listrik prabayar,11.0,9.0,2.0,18.2
Shopee,PLN Prabayar,Box KWH Listrik PLN Token/ Pulsa Prabayar 1 Phase,token listrik,box kwh listrik pln token pulsa prabayar phase,kwh listrik pln token pulsa prabayar phase,kwh listrik pln token pulsa prabayar phase,9.0,7.0,2.0,22.2
Shopee,PLN Prabayar,Box Meteran Listrik KWH Prabayar  Box Meteran Pulsa  PLN Tutup Meteran KWH Token Dexicon,token listrik,box meteran listrik kwh prabayar box meteran pulsa pln tutup meteran kwh token dexicon,meteran listrik kwh prabayar meteran pulsa pln tutup meteran kwh token dexicon,meter listrik kwh prabayar meter pulsa pln tutup meter kwh token dexicon,14.0,12.0,2.0,14.3
Shopee,PLN Prabayar,Box KWH Box Token Listrik Prabayar  Box Tutup Pengaman Meteran Prabayar Box token listrik pulsa,box token listrik,box kwh box token listrik prabayar box tutup pengaman meteran prabayar box token listrik pulsa,kwh token listrik prabayar tutup pengaman meteran prabayar token listrik pulsa,kwh token listrik prabayar tutup kam meter prabayar token listrik pulsa,15.0,11.0,4.0,26.7
Shopee,PLN Prabayar,KWH METER METERAN LISTRIK TOKEN PRABAYAR PREPAID 1 PHASE UNTUK AREA USAHA / KOMERSIAL,kwh meter,kwh meter meteran listrik token prabayar prepaid phase untuk area usaha komersial,kwh meteran listrik token prabayar prepaid phase area usaha,kwh meter listrik token prabayar prepaid phase area usaha,14.0,9.0,5.0,35.7
Shopee,PLN Prabayar,Uchiro Tutup meteran Kwh prabayar token PLN Box cover mika plastik,token pln,uchiro tutup meteran kwh prabayar token pln box cover mika plastik,uchiro tutup meteran kwh prabayar token pln cover mika plastik,uchiro tutup meter kwh prabayar token pln cover mika plastik,11.0,10.0,1.0,9.1
Shopee,PLN Prabayar,Box Tutup Kotak KWh Listrik Prabayar Token PLN Meter Pelindung,token listrik,box tutup kotak kwh listrik prabayar token pln meter pelindung,tutup kwh listrik prabayar token pln pelindung,tutup kwh listrik prabayar token pln lindung,10.0,7.0,3.0,30.0
Shopee,PLN Prabayar,Box Listrik Akrilik KWH Meter PLN Token Prabayar Besar,token listrik,box listrik akrilik kwh meter pln token prabayar besar,listrik akrilik kwh pln token prabayar,listrik akrilik kwh pln token prabayar,9.0,6.0,3.0,33.3
Shopee,PLN Prabayar,Box KWH Prabayar / Tutup Box Meteran Listrik PLN,box meteran listrik,box kwh prabayar tutup box meteran listrik pln,kwh prabayar tutup meteran listrik pln,kwh prabayar tutup meter listrik pln,9.0,6.0,3.0,33.3
Shopee,PLN Prabayar,Kwh Token Prabayar Merek Smart Meter,token listrik,kwh token prabayar merek smart meter,kwh token prabayar merek smart,kwh token prabayar merek smart,6.0,5.0,1.0,16.7
Shopee,PLN Prabayar,Box KWH Prabayar Tutup Box Meteran Prabayar Box Kwh Pulsa Listrik,box kwh prabayar,box kwh prabayar tutup box meteran prabayar box kwh pulsa listrik,kwh prabayar tutup meteran prabayar kwh pulsa listrik,kwh prabayar tutup meter prabayar kwh pulsa listrik,11.0,8.0,3.0,27.3
Shopee,PLN Prabayar,"Pembayaran tagihan bulanan, Kredivo , Home credit, PLN, BPJS, INDIHOME, TV Kabel, PBB, kartu Pasca",pembayaran tagihan ,pembayaran tagihan bulanan kredivo home credit pln bpjs indihome tv kabel pbb kartu pasca,pembayaran tagihan bulanan kredivo home credit pln bpjs indihome tv kabel pbb kartu pasca,bayar tagih bulan kredivo home credit pln bpjs indihome tv kabel pbb kartu pasca,15.0,14.0,1.0,6.7
Shopee,PLN Prabayar,Tokon PLN Murah,token listrik,tokon pln murah,tokon pln,tokon pln,3.0,2.0,1.0,33.3
Shopee,PLN Prabayar,NIDI SLO Listrik Nusantara Pasang Baru Listrik KWH Meter Meteran PLN seluruh lokasi Jawa Indonesia,listrik,nidi slo listrik nusantara pasang baru listrik kwh meter meteran pln seluruh lokasi jawa indonesia,nidi slo listrik nusantara listrik kwh meteran pln lokasi jawa indonesia,nidi slo listrik nusantara listrik kwh meter pln lokasi jawa indonesia,15.0,11.0,4.0,26.7
Shopee,PLN Prabayar,Slo Nidi Pln Daya 900 Va Paket Lengkap,token listrik,slo nidi pln daya va paket lengkap,slo nidi pln daya va,slo nidi pln daya va,8.0,5.0,3.0,37.5
Shopee,PLN Prabayar,pulsa listrik murah,pulsa listrik,pulsa listrik murah,pulsa listrik,pulsa listrik,3.0,2.0,1.0,33.3
Shopee,PLN Prabayar,SLO NIDI PLN DAYA 900 PASANG BARU LISTRIK SELURUH INDONESIA B001,pasang listrik,slo nidi pln daya pasang baru listrik seluruh indonesia b,slo nidi pln daya listrik indonesia,slo nidi pln daya listrik indonesia,11.0,6.0,5.0,45.5
Shopee,PLN Prabayar,SLO NIDI PLN DAYA 900 PASANG BARU LISTRIK SELURUH INDONESIA A001,pasang listrik,slo nidi pln daya pasang baru listrik seluruh indonesia a,slo nidi pln daya listrik indonesia,slo nidi pln daya listrik indonesia,11.0,6.0,5.0,45.5
Shopee,PLN Prabayar,NIDI SLO SATU PAKET UNTUK DAFTAR PASANG BARU LISTRIK PLN WILAYAH JABODETABEK,token listrik,nidi slo satu paket untuk daftar pasang baru listrik pln wilayah jabodetabek,nidi slo daftar listrik pln wilayah jabodetabek,nidi slo daftar listrik pln wilayah jabodetabek,12.0,7.0,5.0,41.7
Shopee,PLN Prabayar,SLO NIDI PLN SATU PAKET DAYA 900 1300 2200 3500 4500 5500 6600 7700 DST UNTUK PASANG BARU LISTRIK DAN TAMBAH DAYA A003,slo pln,slo nidi pln satu paket daya dst untuk pasang baru listrik dan tambah daya a,slo nidi pln daya listrik daya,slo nidi pln daya listrik daya,23.0,6.0,17.0,73.9
Shopee,PLN Prabayar,NIDI DAN SLO PLN PASANG BARU LISTRIK B005,pasang listrik,nidi dan slo pln pasang baru listrik b,nidi slo pln listrik,nidi slo pln listrik,8.0,4.0,4.0,50.0
Shopee,PLN Prabayar,SLO NIDI PLN SATU PAKET DAYA 900 1300 2200 3500 4500 5500 6600 7700 DST UNTUK PASANG BARU LISTRIK DAN TAMBAH DAYA B003,slo pln,slo nidi pln satu paket daya dst untuk pasang baru listrik dan tambah daya b,slo nidi pln daya listrik daya,slo nidi pln daya listrik daya,23.0,6.0,17.0,73.9
Shopee,PLN Prabayar,NIDI DAN SLO PLN PASANG BARU LISTRIK,pasang listrik,nidi dan slo pln pasang baru listrik,nidi slo pln listrik,nidi slo pln listrik,7.0,4.0,3.0,42.9
Shopee,PLN Prabayar,SLO NIDI PLN SATU PAKET DAYA 900 1300 2200 3500 4500 5500 6600 7700 DST UNTUK PASANG BARU LISTRIK DAN TAMBAH DAYA,slo pln,slo nidi pln satu paket daya dst untuk pasang baru listrik dan tambah daya,slo nidi pln daya listrik daya,slo nidi pln daya listrik daya,22.0,6.0,16.0,72.7
Shopee,PLN Prabayar,HIRO Box Meteran KWH PLN Besar Pascabayar – Box KWH Listrik Outdoor,box kwh listrik,hiro box meteran kwh pln besar pascabayar – box kwh listrik outdoor,hiro meteran kwh pln pascabayar kwh listrik outdoor,hiro meter kwh pln pascabayar kwh listrik outdoor,12.0,8.0,4.0,33.3
Shopee,PLN Prabayar,MCB PLN ABB SH201 1PHASE. TERSEDIA 2A. 4A. 6A. 10A. 16A. 25A. 35A. KUWALITAS ORIGINAL,mcb,mcb pln abb sh phase tersedia a a a a a a a kuwalitas original,mcb pln abb sh phase kuwalitas,mcb pln abb sh phase kuwalitas,15.0,6.0,9.0,60.0
Shopee,PLN Prabayar,MCB PLN TYPE SH201 1ps 2A 4A 6A 10A 16A 20A 25A 35A  50A,mcb pln,mcb pln type sh ps a a a a a a a a a,mcb pln sh ps,mcb pln sh ps,14.0,4.0,10.0,71.4
Shopee,PLN Prabayar,UORRIS Penghemat Listrik PLN Electric Saver / Electricity Saving Box Alat Hemat Daya kWh Soft Start Tagihan Pulsa Token / Bulanan,penghemat listrik,uorris penghemat listrik pln electric saver electricity saving box alat hemat daya kwh soft start tagihan pulsa token bulanan,uorris penghemat listrik pln electric saver electricity saving alat daya kwh soft start tagihan pulsa token bulanan,uorris hemat listrik pln electric saver electricity saving alat daya kwh soft start tagih pulsa token bulan,21.0,17.0,4.0,19.0
Shopee,PLN Prabayar,Tarikan kabel Listrik PLN Service wedge clamp dead end /SWC klem Buaya Tarikan kabel PLN,klem kabel listrik,tarikan kabel listrik pln service wedge clamp dead end swc klem buaya tarikan kabel pln,tarikan kabel listrik pln service wedge clamp dead end swc klem buaya tarikan kabel pln,tari kabel listrik pln service wedge clamp dead end swc klem buaya tari kabel pln,15.0,15.0,0.0,0.0
Shopee,PLN Prabayar,mcb pLN Bekas Siap Pakai dengan Kapasitas Ampere Beragam,mcb pln,mcb pln bekas siap pakai dengan kapasitas ampere beragam,mcb pln bekas pakai kapasitas ampere,mcb pln bekas pakai kapasitas ampere,9.0,6.0,3.0,33.3
Shopee,PLN Prabayar,"segel PLN, segel meteran listrik, segel putar,",segel meteran listrik,segel pln segel meteran listrik segel putar,segel pln segel meteran listrik segel putar,segel pln segel meter listrik segel putar,7.0,7.0,0.0,0.0
Shopee,PLN Prabayar,MCCB ABB PLN TYPE SH201 2A 4A 6A 10A 16A 20A 25A 35A 50A 63A,mccb abb,mccb abb pln type sh a a a a a a a a a a,mccb abb pln sh,mccb abb pln sh,15.0,4.0,11.0,73.3
Shopee,PLN Prabayar,mcb pln 1phase 20A sampai 50A,mcb pln,mcb pln phase a sampai a,mcb pln phase,mcb pln phase,6.0,3.0,3.0,50.0
Shopee,PLN Prabayar,Segel Meteran Listrik PLN 20pcs/Segel Meteran Air/Segel Putar PLN,segel meteran listrik,segel meteran listrik pln pcssegel meteran airsegel putar pln,segel meteran listrik pln pcssegel meteran airsegel putar pln,segel meter listrik pln pcssegel meter airsegel putar pln,9.0,9.0,0.0,0.0
Shopee,PLN Prabayar,MCB PLN Multi 1Pas Bagus Mulus Ori,mcb pln,mcb pln multi pas bagus mulus ori,mcb pln multi pas bagus,mcb pln multi pas bagus,7.0,5.0,2.0,28.6
Shopee,PLN Prabayar,BOX METERAN LISTRIK DEXICON / TUTUP BOX PELINDUNG METERAN LISTRIK PLN / BOX KWH / BOX METERAN PULSA,box meteran listrik,box meteran listrik dexicon tutup box pelindung meteran listrik pln box kwh box meteran pulsa,meteran listrik dexicon tutup pelindung meteran listrik pln kwh meteran pulsa,meter listrik dexicon tutup lindung meter listrik pln kwh meter pulsa,18.0,11.0,7.0,38.9
Shopee,PLN Prabayar,Tutup Meter UCHIRO Box KWH Listrik Prabayar Token,token listrik,tutup meter uchiro box kwh listrik prabayar token,tutup uchiro kwh listrik prabayar token,tutup uchiro kwh listrik prabayar token,8.0,6.0,2.0,25.0
Shopee,PLN Prabayar,TERMURAH!!! Bok Meteran PLN Desain Telephone Prabayar token/listrik | Pelindung Meteran hiasan dekorasi Rumah,token listrik,termurah bok meteran pln desain telephone prabayar tokenlistrik pelindung meteran hiasan dekorasi rumah,bok meteran pln desain telephone prabayar tokenlistrik pelindung meteran hiasan dekorasi rumah,bok meter pln desain telephone prabayar tokenlistrik lindung meter hias dekorasi rumah,14.0,12.0,2.0,14.3
Shopee,PLN Prabayar,Segel Pln Resmi Untuk Meteran Kwh Air,segel pln,segel pln resmi untuk meteran kwh air,segel pln meteran kwh air,segel pln meter kwh air,7.0,5.0,2.0,28.6
Shopee,Bayar PDAM,BAYAR PDAM AIR SEMUA WILAYAH SIMPLE,bayar pdam,bayar pdam air semua wilayah simple,pdam air wilayah simple,pdam air wilayah simple,6.0,4.0,2.0,33.3
Shopee,Bayar PDAM,Pembayaran Tagihan Pdam,tagihan pdam,pembayaran tagihan pdam,pembayaran tagihan pdam,bayar tagih pdam,3.0,3.0,0.0,0.0
Shopee,Bayar PDAM,Bayar Tagihan PDAM & Listrik Dengan Layanan Shopee,pdam & listrik,bayar tagihan pdam listrik dengan layanan shopee,tagihan pdam listrik layanan shopee,tagih pdam listrik layan shopee,8.0,5.0,3.0,37.5
Shopee,Bayar PDAM,Pembayaran INDIHOME/LISTRIK/BPJS/PDAM cepat,listrik,pembayaran indihomelistrikbpjspdam cepat,pembayaran indihomelistrikbpjspdam,bayar indihomelistrikbpjspdam,3.0,2.0,1.0,33.3
Shopee,Bayar PDAM,"( ADMIN mulai 5K ) BAYAR TAGIHAN BPJS, PDAM, INDIHOME DAN LISTRIK",bayar tagihan,admin mulai k bayar tagihan bpjs pdam indihome dan listrik,admin tagihan bpjs pdam indihome listrik,admin tagih bpjs pdam indihome listrik,12.0,6.0,6.0,50.0
Shopee,Bayar PDAM,(ADMIN MULAI 5K) BAYAR TAGIHAN PDAM,bayar pdam,admin mulai k bayar tagihan pdam,admin tagihan pdam,admin tagih pdam,6.0,3.0,3.0,50.0
Shopee,Bayar PDAM,Pembayaran Tagihan Pam PDAM Tanpa Biaya Administrasi,tagihan pdam,pembayaran tagihan pam pdam tanpa biaya administrasi,pembayaran tagihan pam pdam biaya administrasi,bayar tagih pam pdam biaya administrasi,7.0,6.0,1.0,14.3
Shopee,Bayar PDAM,"BAYAR TAGIHAN BPJS, INDIHOME, LISTRIK DAN PDAM ADMIN MULAI 5RIBU",bayar tagihan,bayar tagihan bpjs indihome listrik dan pdam admin mulai ribu,tagihan bpjs indihome listrik pdam admin ribu,tagih bpjs indihome listrik pdam admin ribu,10.0,7.0,3.0,30.0
Shopee,Bayar PDAM,"BAYAR TAGIHAN PDAM, LISTRIK, BPJS DAN INDIHOME, ADMIN MULAI 5K",bayar tagihan,bayar tagihan pdam listrik bpjs dan indihome admin mulai k,tagihan pdam listrik bpjs indihome admin,tagih pdam listrik bpjs indihome admin,10.0,6.0,4.0,40.0
Shopee,Bayar PDAM,"Bayar PDAM bea admin 2,500",bayar pdam,bayar pdam bea admin,pdam bea admin,pdam bea admin,5.0,3.0,2.0,40.0
Shopee,Bayar PDAM,pembayaran pdam,bayar pdam ,pembayaran pdam,pembayaran pdam,bayar pdam,2.0,2.0,0.0,0.0
Shopee,Bayar PDAM,Bayar PDAM Sesuai Tagihan Dengan Cek Terlebih Dahulu,bayar pdam,bayar pdam sesuai tagihan dengan cek terlebih dahulu,pdam tagihan cek,pdam tagih cek,8.0,3.0,5.0,62.5
Shopee,Bayar PDAM,Tagihan Air PDAM,tagihan pdam,tagihan air pdam,tagihan air pdam,tagih air pdam,3.0,3.0,0.0,0.0
Shopee,Bayar PDAM,Tagihan PLN Listrik PLN Bill,tagihan listrik,tagihan pln listrik pln bill,tagihan pln listrik pln bill,tagih pln listrik pln bill,5.0,5.0,0.0,0.0
Shopee,Bayar PDAM,Bayar Tagihan Terlengkap,bayar tagihan,bayar tagihan terlengkap,tagihan terlengkap,tagih lengkap,3.0,2.0,1.0,33.3
Shopee,Bayar PDAM,Bayar Tagihan apapun bea admin cuma 2.500 s/d 5.000,bayar tagihan,bayar tagihan apapun bea admin cuma sd,tagihan apapun bea admin sd,tagih apa bea admin sd,9.0,5.0,4.0,44.4
Shopee,Bayar PDAM,Bayar tagihan listrik bulanan tanpa biaya admin,tagihan listrik,bayar tagihan listrik bulanan tanpa biaya admin,tagihan listrik bulanan biaya admin,tagih listrik bulan biaya admin,7.0,5.0,2.0,28.6
Shopee,Bayar PDAM,"Miami Meteran Air PDAM Besi 1/2"" Lengkap",meteran air,miami meteran air pdam besi lengkap,miami meteran air pdam besi,miami meter air pdam besi,7.0,5.0,2.0,28.6
Shopee,Bayar PDAM,Kertas PPOB 1ply 9.5x11dibagi 4  isi 2000set,kertas ppob,kertas ppob ply xdibagi isi set,kertas ppob ply xdibagi,kertas ppob ply xdibagi,7.0,4.0,3.0,42.9
Shopee,Bayar PDAM,NASAA PAPAN METERAN PLN PAM Listrik Air Meteran Kenmaster - Kuning,meteran listrik,nasaa papan meteran pln pam listrik air meteran kenmaster kuning,nasaa papan meteran pln pam listrik air meteran kenmaster,nasaa papan meter pln pam listrik air meter kenmaster,11.0,9.0,2.0,18.2
Shopee,Bayar PDAM,Kenmaster Papan Meteran PLN PAM Meter - Random,papan meteran pln,kenmaster papan meteran pln pam meter random,kenmaster papan meteran pln pam,kenmaster papan meter pln pam,8.0,5.0,3.0,37.5
Shopee,Bayar PDAM,PROMO! Papan Meter PLN & PAM Kenmaster,papan meter,promo papan meter pln pam kenmaster,papan pln pam kenmaster,papan pln pam kenmaster,7.0,4.0,3.0,42.9
Shopee,Bayar PDAM,"Silicone Mold Blind Box,Random Epoxy Resin Moulds Blessing Bags, Random Silicone Mold For Handmade",silicone mold,silicone mold blind boxrandom epoxy resin moulds blessing bags random silicone mold for handmade,silicone mold blind boxrandom epoxy resin moulds blessing bags silicone mold for handmade,silicone mold blind boxrandom epoxy resin moulds blessing bags silicone mold for handmade,14.0,13.0,1.0,7.1
Shopee,Bayar PDAM,"Kertas PPOB 1 Ply 9,5x11"" Dibagi 4 Berkualitas",kertas ppob,kertas ppob ply x dibagi berkualitas,kertas ppob ply dibagi,kertas ppob ply bagi,8.0,4.0,4.0,50.0
Shopee,Bayar PDAM,New Sale Kenmaster Papan Meteran PLN PAM Meter,papan meteran pln,new sale kenmaster papan meteran pln pam meter,kenmaster papan meteran pln pam,kenmaster papan meter pln pam,8.0,5.0,3.0,37.5
Shopee,Bayar PDAM,Bst Ready Papan Informasi Meteran Pln Dan Pam Best Seller,papan informasi meteran pln,bst ready papan informasi meteran pln dan pam best seller,bst papan informasi meteran pln pam,bst papan informasi meter pln pam,10.0,6.0,4.0,40.0
Shopee,Bayar PDAM,Papan Meter PLN Papan Meter PAM Papan Meter PAM dan PLN BAGUS SUCCESS KENMASTER,papan meter,papan meter pln papan meter pam papan meter pam dan pln bagus success kenmaster,papan pln papan pam papan pam pln bagus success kenmaster,papan pln papan pam papan pam pln bagus success kenmaster,14.0,10.0,4.0,28.6
Shopee,Bayar PDAM,PAPAN METER AKRILIK PLN PDAM BOYKO - ACRYLIC PAPAN LISTRIK PAM METERAN KODE 1091,papan meter,papan meter akrilik pln pdam boyko acrylic papan listrik pam meteran kode,papan akrilik pln pdam boyko acrylic papan listrik pam meteran kode,papan akrilik pln pdam boyko acrylic papan listrik pam meter kode,14.0,11.0,3.0,21.4
Shopee,Bayar PDAM,PROMO! Papan Movitext PLN & PAM,papan movitext,promo papan movitext pln pam,papan movitext pln pam,papan movitext pln pam,6.0,4.0,2.0,33.3
Shopee,Bayar PDAM,‚ B.i.g Promo PAPAN PETUNJUK ANGKA PLN PAM RUMAH SERBAGUNA WATERPROOF KENMASTER ♮,papan petunjuk,‚ big promo papan petunjuk angka pln pam rumah serbaguna waterproof kenmaster ♮,big papan petunjuk angka pln pam rumah waterproof kenmaster,big papan tunjuk angka pln pam rumah waterproof kenmaster,13.0,9.0,4.0,30.8
Shopee,Bayar PDAM,Papan Meteran Pln Pam Listrik Air Meteran Kenmaster,meteran listrik,papan meteran pln pam listrik air meteran kenmaster,papan meteran pln pam listrik air meteran kenmaster,papan meter pln pam listrik air meter kenmaster,8.0,8.0,0.0,0.0
Shopee,Bayar PDAM,TERBARU! Papan Movitext PLN & PAM,papan movitext,terbaru papan movitext pln pam,papan movitext pln pam,papan movitext pln pam,6.0,4.0,2.0,33.3
Shopee,Bayar PDAM,HOT SALE! Papan Movitext PLN & PAM,papan movitext,hot sale papan movitext pln pam,hot papan movitext pln pam,hot papan movitext pln pam,7.0,5.0,2.0,28.6
Shopee,Bayar PDAM,Langsung Order Papan Meteran PLN & PAM Limited,papan meteran,langsung order papan meteran pln pam limited,langsung order papan meteran pln pam,langsung order papan meter pln pam,8.0,6.0,2.0,25.0
Shopee,tagihan indihome wifi,TAGIHAN INDIHOM ANDA,tagihan indihome,tagihan indihom anda,tagihan indihom,tagih indihom,3.0,2.0,1.0,33.3
Shopee,tagihan indihome wifi,"BAYAR TAGIHAN INDHOME, WIFI ALL, DLL",indhome,bayar tagihan indhome wifi all dll,tagihan indhome wifi,tagih indhome wifi,6.0,3.0,3.0,50.0
Shopee,tagihan indihome wifi,Tagihan indihome,tagihan indihome,tagihan indihome,tagihan indihome,tagih indihome,2.0,2.0,0.0,0.0
Shopee,tagihan indihome wifi,Pembayaran Tagihan Tv Kabel Internet free admin,tagihan tv kabel internet,pembayaran tagihan tv kabel internet free admin,pembayaran tagihan tv kabel internet admin,bayar tagih tv kabel internet admin,7.0,6.0,1.0,14.3
Shopee,tagihan indihome wifi,Aplikasi tagihan internet rt rw bisa online dan offline,aplikasi tagihan internet,aplikasi tagihan internet rt rw bisa online dan offline,aplikasi tagihan internet rt rw offline,aplikasi tagih internet rt rw offline,9.0,6.0,3.0,33.3
Shopee,tagihan indihome wifi,Speed On Demand Indihome | 50 - 300 Mbps | 1 - 7 Hari | Unlimited Tanpa Fup | Sod Indihome | Sod wifi | Upgrade Speed Sementara Indihome | Upgrade Speed Indihome Sementara | Upgrade Indihome Sementara | Jasa Layanan Indihome by Telkomsel | Wifi Indihome,indihome,speed on demand indihome mbps hari unlimited tanpa fup sod indihome sod wifi upgrade speed sementara indihome upgrade speed indihome sementara upgrade indihome sementara jasa layanan indihome by telkomsel wifi indihome,speed on demand indihome mbps unlimited fup sod indihome sod wifi upgrade speed indihome upgrade speed indihome upgrade indihome jasa layanan indihome by telkomsel wifi indihome,speed on demand indihome mbps unlimited fup sod indihome sod wifi upgrade speed indihome upgrade speed indihome upgrade indihome jasa layan indihome by telkomsel wifi indihome,47.0,26.0,21.0,44.7
Shopee,tagihan indihome wifi,Aplikasi Pembukuan Tagihan Wifi (Support Remote Mikrotik Via API),aplikasi pembukuan tagihan wifi,aplikasi pembukuan tagihan wifi support remote mikrotik via api,aplikasi pembukuan tagihan wifi support remote mikrotik via api,aplikasi buku tagih wifi support remote mikrotik via api,9.0,9.0,0.0,0.0
Shopee,tagihan indihome wifi,Berhenti Atau Stop Berlangganan INDIHOME,berhenti inidhome,berhenti atau stop berlangganan indihome,berhenti stop berlangganan indihome,henti stop langgan indihome,5.0,4.0,1.0,20.0
Shopee,tagihan indihome wifi,Aplikasi Tagihan wifi RT RW berbasis web bisa online dan offline,aplikasi tagihan wifi,aplikasi tagihan wifi rt rw berbasis web bisa online dan offline,aplikasi tagihan wifi rt rw berbasis web offline,aplikasi tagih wifi rt rw bas web offline,11.0,8.0,3.0,27.3
Shopee,tagihan indihome wifi,System Tagihan Internet V8.5 Full Source Code,source code sistem tagihan internet,system tagihan internet v full source code,system tagihan internet source code,system tagih internet source code,7.0,5.0,2.0,28.6
Shopee,tagihan indihome wifi,Resmi pembuat Aplikasi tagihan wifi RT RW net  Suport link tagih lewat WA,aplikasi tagihan wifi,resmi pembuat aplikasi tagihan wifi rt rw net suport link tagih lewat wa,pembuat aplikasi tagihan wifi rt rw suport link tagih wa,buat aplikasi tagih wifi rt rw suport link tagih wa,13.0,10.0,3.0,23.1
Shopee,tagihan indihome wifi,Berhenti Berlangganan Indihome Dengan Syarat 12 Bulan,indihome,berhenti berlangganan indihome dengan syarat bulan,berhenti berlangganan indihome syarat,henti langgan indihome syarat,7.0,4.0,3.0,42.9
Shopee,tagihan indihome wifi,Nota RT RW Net Siap Pakai | Kwitansi Iuran WiFi | Bon Tagihan Internet 1/4 Folio,nota internet,nota rt rw net siap pakai kwitansi iuran wifi bon tagihan internet folio,nota rt rw pakai kwitansi iuran wifi bon tagihan internet folio,nota rt rw pakai kwitansi iur wifi bon tagih internet folio,16.0,11.0,5.0,31.2
Shopee,tagihan indihome wifi,Resmi pembuat Versi 3 Aplikasi tagihan wifi RT RW  net Suport link tagih lewat WA dan map,aplikasi tagihan wifi,resmi pembuat versi aplikasi tagihan wifi rt rw net suport link tagih lewat wa dan map,pembuat versi aplikasi tagihan wifi rt rw suport link tagih wa map,buat versi aplikasi tagih wifi rt rw suport link tagih wa map,17.0,12.0,5.0,29.4
Shopee,tagihan indihome wifi,Resmi pembuat Versi 2 Aplikasi tagihan wifi RT RW  net Suport link tagih lewat WA,aplikasi tagihan wifi,resmi pembuat versi aplikasi tagihan wifi rt rw net suport link tagih lewat wa,pembuat versi aplikasi tagihan wifi rt rw suport link tagih wa,buat versi aplikasi tagih wifi rt rw suport link tagih wa,15.0,11.0,4.0,26.7
Shopee,tagihan indihome wifi,Pindah Rumah / Alamat Indihome | PDA,indihome,pindah rumah alamat indihome pda,pindah rumah alamat indihome pda,pindah rumah alamat indihome pda,7.0,5.0,2.0,28.6
Shopee,tagihan indihome wifi,Tagihan indihome disc 20%,tagihan indihome,tagihan indihome disc,tagihan indihome disc,tagih indihome disc,4.0,3.0,1.0,25.0
Shopee,tagihan indihome wifi,Pemasang wifi Indihome | One dynamic  | Pendaftaran baru,wifi indihome,pemasang wifi indihome one dynamic pendaftaran baru,pemasang wifi indihome one dynamic pendaftaran,pasang wifi indihome one dynamic daftar,9.0,6.0,3.0,33.3
Shopee,tagihan indihome wifi,Nota Tagihan Wifi Internet Rt Rw Buku HVS 1/4 Folio,nota tagihan wifi internet,nota tagihan wifi internet rt rw buku hvs folio,nota tagihan wifi internet rt rw buku hvs folio,nota tagih wifi internet rt rw buku hvs folio,10.0,9.0,1.0,10.0
Shopee,tagihan indihome wifi,Aplikasi Tagihan Internet/Wifi RT RW Berbasis Web,tagihan internet,aplikasi tagihan internetwifi rt rw berbasis web,aplikasi tagihan internetwifi rt rw berbasis web,aplikasi tagih internetwifi rt rw bas web,7.0,7.0,0.0,0.0
Shopee,tagihan indihome wifi,Resmi pembuat Versi 3 Aplikasi tagihan wifi RT RW  net Suport link tagih lewat WA dan map APD DIGITAL APD,aplikasi tagihan wifi,resmi pembuat versi aplikasi tagihan wifi rt rw net suport link tagih lewat wa dan map apd digital apd,pembuat versi aplikasi tagihan wifi rt rw suport link tagih wa map apd apd,buat versi aplikasi tagih wifi rt rw suport link tagih wa map apd apd,20.0,14.0,6.0,30.0
Shopee,tagihan indihome wifi,Pasang Wifi Indihome | Eznet Telkomsel Terpercaya,pasang wifi indihome,pasang wifi indihome eznet telkomsel terpercaya,wifi indihome eznet telkomsel,wifi indihome eznet telkomsel,7.0,4.0,3.0,42.9
Shopee,tagihan indihome wifi,Wifi indihome,wifi indihome ,wifi indihome,wifi indihome,wifi indihome,2.0,2.0,0.0,0.0
Shopee,tagihan indihome wifi,Software Aplikasi Tagihan langganan billing TV atau internet atau wifi CBMS 01,aplikasi billing,software aplikasi tagihan langganan billing tv atau internet atau wifi cbms,software aplikasi tagihan langganan billing tv internet wifi cbms,software aplikasi tagih langgan billing tv internet wifi cbms,12.0,9.0,3.0,25.0
Shopee,tagihan indihome wifi,Daftar pasang Baru wifi indihome,wifi indihome,daftar pasang baru wifi indihome,daftar wifi indihome,daftar wifi indihome,5.0,3.0,2.0,40.0
Shopee,tagihan indihome wifi,"Wifi IndiHome Terbaik,Termudah,Tercepat",wifi indihome,wifi indihome terbaiktermudahtercepat,wifi indihome terbaiktermudahtercepat,wifi indihome terbaiktermudahtercepat,3.0,3.0,0.0,0.0
Shopee,tagihan indihome wifi,Aplikasi Android petugas tagihan wify Rt rw net baca deskripsi,aplikasi tagihan,aplikasi android petugas tagihan wify rt rw net baca deskripsi,aplikasi android petugas tagihan wify rt rw baca deskripsi,aplikasi android tugas tagih wify rt rw baca deskripsi,10.0,9.0,1.0,10.0
Shopee,tagihan indihome wifi,Wifi Indihome,wifi indihome,wifi indihome,wifi indihome,wifi indihome,2.0,2.0,0.0,0.0
Shopee,tagihan indihome wifi,Solusi indihome ke indibiz tagihan murah.,indihome,solusi indihome ke indibiz tagihan murah,solusi indihome indibiz tagihan,solusi indihome indibiz tagih,6.0,4.0,2.0,33.3
Shopee,tagihan indihome wifi,Indibiz 300mbps Tagihan 1Jt,indibiz,indibiz mbps tagihan jt,indibiz mbps tagihan jt,indibiz mbps tagih jt,4.0,4.0,0.0,0.0
Shopee,tagihan indihome wifi,WiFi indihome,wifi indihome ,wifi indihome,wifi indihome,wifi indihome,2.0,2.0,0.0,0.0
Shopee,tagihan indihome wifi,WiFi IndiHome,wifi indihome,wifi indihome,wifi indihome,wifi indihome,2.0,2.0,0.0,0.0
Shopee,tagihan indihome wifi,Wifi Indihome Putih Melayani Pemasangan Se-Jabodetabek,wifi indihome,wifi indihome putih melayani pemasangan sejabodetabek,wifi indihome melayani pemasangan sejabodetabek,wifi indihome layan pasang sejabodetabek,6.0,5.0,1.0,16.7
Shopee,tagihan indihome wifi,Wifi Indihome Unlimited siap pakai,wifi indihome,wifi indihome unlimited siap pakai,wifi indihome unlimited pakai,wifi indihome unlimited pakai,5.0,4.0,1.0,20.0
Shopee,tagihan indihome wifi,Indihome Migrasi to 300Mbps,indihome,indihome migrasi to mbps,indihome migrasi to mbps,indihome migrasi to mbps,4.0,4.0,0.0,0.0
Shopee,tagihan indihome wifi,wifi indihome 100mbps,wifi indihome,wifi indihome mbps,wifi indihome mbps,wifi indihome mbps,3.0,3.0,0.0,0.0
Shopee,tagihan indihome wifi,WiFi IndiHome Telkom Bandung,wifi indihome,wifi indihome telkom bandung,wifi indihome telkom bandung,wifi indihome telkom bandung,4.0,4.0,0.0,0.0
Shopee,tagihan indihome wifi,INDIHOME Telkom Bill,indihome,indihome telkom bill,indihome telkom bill,indihome telkom bill,3.0,3.0,0.0,0.0
Shopee,tagihan indihome wifi,INDIHOME TV Kabel Bill,indihome tv kabel,indihome tv kabel bill,indihome tv kabel bill,indihome tv kabel bill,4.0,4.0,0.0,0.0
Shopee,tagihan indihome wifi,(ADMIN MULAI 5K) BAYAR TAGIHAN WIFI TV FIRST CBN COMET XLHOME BIZNET ICONNET MYREPUBLIC CENTRINonline MNCPLAY  NET1INDONESIA INDIHOME,bayar tagihan wifi,admin mulai k bayar tagihan wifi tv first cbn comet xlhome biznet iconnet myrepublic centrinonline mncplay netindonesia indihome,admin tagihan wifi tv first cbn comet xlhome biznet iconnet myrepublic centrinonline mncplay netindonesia indihome,admin tagih wifi tv first cbn comet xlhome biznet iconnet myrepublic centrinonline mncplay netindonesia indihome,18.0,15.0,3.0,16.7
Shopee,tagihan indihome wifi,Voucher Akun WIFI.ID Seamless Indihome Permanent,voucher wifi indihome,voucher akun wifiid seamless indihome permanent,akun wifiid seamless indihome permanent,akun wifiid seamless indihome permanent,6.0,5.0,1.0,16.7
Shopee,tagihan indihome wifi,UPGRADE / DOWNGRADE INDIBIZ 50Mbps / 300Mbps,indibiz,upgrade downgrade indibiz mbps mbps,upgrade downgrade indibiz mbps mbps,upgrade downgrade indibiz mbps mbps,7.0,5.0,2.0,28.6
Shopee,tagihan indihome wifi,"Template Rekap Pembayaran Wifi – Auto Dashboard, Pembukuan Pelanggan & Tagihan",wifi,template rekap pembayaran wifi – auto dashboard pembukuan pelanggan tagihan,template rekap pembayaran wifi auto dashboard pembukuan pelanggan tagihan,template rekap bayar wifi auto dashboard buku langgan tagih,11.0,9.0,2.0,18.2
Shopee,tagihan indihome wifi,internet indihome,indihome,internet indihome,internet indihome,internet indihome,2.0,2.0,0.0,0.0
Shopee,tagihan indihome wifi,INDIHOME PROMO SUPER MURAH!!!,indihome,indihome promo super murah,indihome,indihome,4.0,1.0,3.0,75.0
Shopee,tagihan indihome wifi,paaang wifi murah,wifi,paaang wifi murah,paaang wifi,paaang wifi,3.0,2.0,1.0,33.3
Shopee,tagihan indihome wifi,indihome,indihome,indihome,indihome,indihome,1.0,1.0,0.0,0.0
Shopee,tagihan indihome wifi,Fiberhome Type HG6145D2 Dualband Port Biru Lengkap Adaptor,fiberhome,fiberhome type hgd dualband port biru lengkap adaptor,fiberhome hgd dualband port adaptor,fiberhome hgd dualband port adaptor,8.0,5.0,3.0,37.5
Shopee,tagihan indihome wifi,indihome jabodetabek promo,indihome,indihome jabodetabek promo,indihome jabodetabek,indihome jabodetabek,3.0,2.0,1.0,33.3
Shopee,tagihan indihome wifi,100mbps indihome instan upgrade,indihome,mbps indihome instan upgrade,mbps indihome upgrade,mbps indihome upgrade,4.0,3.0,1.0,25.0
Shopee,tagihan indihome wifi,Promo Terbatas Migrasi Indihome 100Mbps Spesial,indihome,promo terbatas migrasi indihome mbps spesial,migrasi indihome mbps,migrasi indihome mbps,6.0,3.0,3.0,50.0
Shopee,tagihan indihome wifi,BORONGAN ZTE  indihome ada( 15 )baru sisa toko  tanpa dus,zte,borongan zte indihome ada baru sisa toko tanpa dus,borongan zte indihome sisa,borong zte indihome sisa,10.0,4.0,6.0,60.0
Shopee,tagihan indihome wifi,Paket resmi indibiz tagihan dibawah 1Jtan,tagihan indibiz,paket resmi indibiz tagihan dibawah jtan,indibiz tagihan dibawah jtan,indibiz tagih bawah jtan,6.0,4.0,2.0,33.3
Shopee,tagihan indihome wifi,Wi-Fi indihome pekanbaru riau,wifi indihome,wifi indihome pekanbaru riau,wifi indihome pekanbaru riau,wifi indihome pekanbaru riau,4.0,4.0,0.0,0.0
Shopee,tagihan indihome wifi,Wifi Indihome Huawei Router 4G LTE Cepat,wifi indihome,wifi indihome huawei router g lte cepat,wifi indihome huawei router lte,wifi indihome huawei router lte,7.0,5.0,2.0,28.6
Shopee,tagihan indihome wifi,Indibiz Migrasi/PSB 300Mbps Tagihan 400k Permanen,indibiz,indibiz migrasipsb mbps tagihan k permanen,indibiz migrasipsb mbps tagihan,indibiz migrasipsb mbps tagih,6.0,4.0,2.0,33.3
Shopee,tagihan indihome wifi,Pasang Internet Indihome Resmi,indihome,pasang internet indihome resmi,internet indihome,internet indihome,4.0,2.0,2.0,50.0
Shopee,tagihan indihome wifi,Modem Indihome TP - LINK,modem indihome,modem indihome tp link,modem indihome tp link,modem indihome tp link,5.0,4.0,1.0,20.0
Shopee,tagihan indihome wifi,WiFi Indihome Speedy--Router TP-Link TL-WR845RN 300Mbps,wifi indihome,wifi indihome speedyrouter tplink tlwrrn mbps,wifi indihome speedyrouter tplink tlwrrn mbps,wifi indihome speedyrouter tplink tlwrrn mbps,6.0,6.0,0.0,0.0
Shopee,tagihan indihome wifi,Pasang wifi murah indihome,pasang wifi indihome,pasang wifi murah indihome,wifi indihome,wifi indihome,4.0,2.0,2.0,50.0
Shopee,tagihan indihome wifi,indihome myrepublic intouch TP-Link MR6400 Wireless N 4G LTE Router Sim wi-fi network jaringan wifi tplink mr 6400 300mbps 300 mbps LAN WAN,router wifi,indihome myrepublic intouch tplink mr wireless n g lte router sim wifi network jaringan wifi tplink mr mbps mbps lan wan,indihome myrepublic intouch tplink mr wireless lte router sim wifi network jaringan wifi tplink mr mbps mbps lan wan,indihome myrepublic intouch tplink mr wireless lte router sim wifi network jaring wifi tplink mr mbps mbps lan wan,23.0,19.0,4.0,17.4
Shopee,tagihan indihome wifi,Wifi indihome unlimited/promo wifi/wifi rumah,wifi indihome,wifi indihome unlimitedpromo wifiwifi rumah,wifi indihome unlimitedpromo wifiwifi rumah,wifi indihome unlimitedpromo wifiwifi rumah,5.0,5.0,0.0,0.0
Shopee,tagihan indihome wifi,Jasa Hemat Tagihan WiFi MyRepublic Hingga 50% | Promo 6 Bulan | Jasa Layanan Akses Internet Myrepublic,wifi myrepublic,jasa hemat tagihan wifi myrepublic hingga promo bulan jasa layanan akses internet myrepublic,jasa tagihan wifi myrepublic jasa layanan akses internet myrepublic,jasa tagih wifi myrepublic jasa layan akses internet myrepublic,17.0,9.0,8.0,47.1
Shopee,tagihan indihome wifi,Migrasi Paket Indihome 10Mbps 1P Internet Only,indihome,migrasi paket indihome mbps p internet only,migrasi indihome mbps internet only,migrasi indihome mbps internet only,7.0,5.0,2.0,28.6
Shopee,tagihan indihome wifi,COD Repeater WiFi 1200Mbps Dual Band 2.4G Penguat Sinyal Internet Tinggi 8/6/4 Antena Extender Jaringan Wireless Long Range Dukungan Mode AP Repeater Mudah Dipasang untuk Rumah Kantor,repeater wifi,cod repeater wifi mbps dual band g penguat sinyal internet tinggi antena extender jaringan wireless long range dukungan mode ap repeater mudah dipasang untuk rumah kantor,repeater wifi mbps dual band penguat sinyal internet antena extender jaringan wireless long range dukungan mode ap repeater mudah dipasang rumah kantor,repeater wifi mbps dual band kuat sinyal internet antena extender jaring wireless long range dukung mode ap repeater mudah pasang rumah kantor,27.0,22.0,5.0,18.5
Shopee,tagihan indihome wifi,ISOLIR SEMENTARA  LAYANAN INDIHOME 1 - 3 BULAN,isolir indihome,isolir sementara layanan indihome bulan,isolir layanan indihome,isolir layan indihome,8.0,3.0,5.0,62.5
Shopee,tagihan indihome wifi,Bayar Tagihan Listrik Bulanan,tagihan listrik,bayar tagihan listrik bulanan,tagihan listrik bulanan,tagih listrik bulan,4.0,3.0,1.0,25.0
Shopee,tagihan indihome wifi,Voucher Wifi Id Violet Unlimited 100Mbps Garansi,voucher wifi,voucher wifi id violet unlimited mbps garansi,wifi id violet unlimited mbps,wifi id violet unlimited mbps,7.0,5.0,2.0,28.6
Shopee,tagihan indihome wifi,Migrasi Paket Indihome / Downgrade Upgrade ke 1P Internet Only. 10 - 75 Mbps,indihome,migrasi paket indihome downgrade upgrade ke p internet only mbps,migrasi indihome downgrade upgrade internet only mbps,migrasi indihome downgrade upgrade internet only mbps,14.0,7.0,7.0,50.0
Shopee,tagihan indihome wifi,RUBAH EMAIL / RUBAH NOMOR HP YANG TERDAFTAR DI INDIHOME MYTELKOMSEL,indihome,rubah email rubah nomor hp yang terdaftar di indihome mytelkomsel,rubah email rubah nomor hp terdaftar indihome mytelkomsel,rubah email rubah nomor hp daftar indihome mytelkomsel,11.0,8.0,3.0,27.3
Shopee,tagihan indihome wifi,Migrasi Indihome Paket 1P Internet Only | 10 - 100 Mbps | Downgrade & Upgrade l Rubah Paket IndiHome Legal,indihome internet,migrasi indihome paket p internet only mbps downgrade upgrade l rubah paket indihome legal,migrasi indihome internet only mbps downgrade upgrade rubah indihome,migrasi indihome internet only mbps downgrade upgrade rubah indihome,20.0,9.0,11.0,55.0
Shopee,tagihan indihome wifi,PENCABUTAN ADD ON / LAYANAN TAMBAHAN INDIHOME,indihome,pencabutan add on layanan tambahan indihome,pencabutan add on layanan tambahan indihome,cabut add on layan tambah indihome,7.0,6.0,1.0,14.3
Shopee,tagihan indihome wifi,Lampu Tindakan medis/Lampu sorot/Lampu sorot stainless,lampu sorot,lampu tindakan medislampu sorotlampu sorot stainless,lampu tindakan medislampu sorotlampu sorot stainless,lampu tindak medislampu sorotlampu sorot stainless,6.0,6.0,0.0,0.0
Shopee,tagihan indihome wifi,Pemasangan Indihome,indihome,pemasangan indihome,pemasangan indihome,pasang indihome,2.0,2.0,0.0,0.0
Shopee,tagihan indihome wifi,Jasa Layanan Isolir Sementara Indibiz IndiHome Bisnis Selama 3 Bulan / Isolir Internet Indibiz,isolir internet,jasa layanan isolir sementara indibiz indihome bisnis selama bulan isolir internet indibiz,jasa layanan isolir indibiz indihome bisnis isolir internet indibiz,jasa layan isolir indibiz indihome bisnis isolir internet indibiz,14.0,9.0,5.0,35.7
Shopee,tagihan indihome wifi,MIGRASI 10-150 MBPS PAKET INDIHOME 1P INET ONLY|| MIGRASI SPEED INDIHOME || DOWNGRADE UPGRADE PAKET INDIHOME,indihome,migrasi mbps paket indihome p inet only migrasi speed indihome downgrade upgrade paket indihome,migrasi mbps indihome inet only migrasi speed indihome downgrade upgrade indihome,migrasi mbps indihome inet only migrasi speed indihome downgrade upgrade indihome,16.0,11.0,5.0,31.2
Shopee,tagihan indihome wifi,Migrasi Indihome Paket 1P Internet Only 10-100 Mbps Downgrade Upgrade,indihome internet,migrasi indihome paket p internet only mbps downgrade upgrade,migrasi indihome internet only mbps downgrade upgrade,migrasi indihome internet only mbps downgrade upgrade,10.0,7.0,3.0,30.0
Shopee,tagihan indihome wifi,ADMIN MULAI 5K / BAYAR TAGIHAN PGN,tagihan pgn,admin mulai k bayar tagihan pgn,admin tagihan pgn,admin tagih pgn,7.0,3.0,4.0,57.1
Shopee,tagihan indihome wifi,ZYXEL INDIHOME P-660HN-T1 V2 ROUTER WIRELESS,router wireless,zyxel indihome phnt v router wireless,zyxel indihome phnt router wireless,zyxel indihome phnt router wireless,6.0,5.0,1.0,16.7
Shopee,tagihan indihome wifi,Migrasi Indibiz Paket 1P Internet Only 50 - 300 Mbps Unlimited Tanpa Kuota Fup / Downgrade Upgrade / Jasa Migrasi,internet,migrasi indibiz paket p internet only mbps unlimited tanpa kuota fup downgrade upgrade jasa migrasi,migrasi indibiz internet only mbps unlimited kuota fup downgrade upgrade jasa migrasi,migrasi indibiz internet only mbps unlimited kuota fup downgrade upgrade jasa migrasi,20.0,12.0,8.0,40.0
Shopee,tagihan indihome wifi,Remot / Remote Receiver STB Android TV BOX ZTE ZXV10 B860H B760H Indi MNC PLAY Speedy TV ZTE HITAM / ecer dan grosir,remote tv box,remot remote receiver stb android tv box zte zxv bh bh indi mnc play speedy tv zte hitam ecer dan grosir,remot remote receiver stb android tv zte zxv bh bh indi mnc play speedy tv zte,remot remote receiver stb android tv zte zxv bh bh indi mnc play speedy tv zte,23.0,16.0,7.0,30.4
Shopee,tagihan indihome wifi,Remot Remote Original Untuk TV Indihome Control USEE TV/TELKOM SPEEDY/ ZTE/ STB/ INDI HOME/ OXYGEN,remot tv,remot remote original untuk tv indihome control usee tvtelkom speedy zte stb indi home oxygen,remot remote tv indihome control usee tvtelkom speedy zte stb indi home oxygen,remot remote tv indihome control usee tvtelkom speedy zte stb indi home oxygen,15.0,13.0,2.0,13.3
Shopee,tagihan indihome wifi,Kemeja Indihome terbaru Bordir Telkom Akses Lengan Pendek,kemeja,kemeja indihome terbaru bordir telkom akses lengan pendek,kemeja indihome bordir telkom akses lengan,kemeja indihome bordir telkom akses lengan,8.0,6.0,2.0,25.0
Shopee,tagihan indihome wifi,PROMO Indihome TV Premium Dengan Android TV,indihome tv,promo indihome tv premium dengan android tv,indihome tv android tv,indihome tv android tv,7.0,4.0,3.0,42.9
Shopee,tagihan indihome wifi,Remote STB INDIH@ME Fiberh@me HG680P RM-001+A1 berkualitas tombol empuk,remote stb indihome,remote stb indihme fiberhme hgp rma berkualitas tombol empuk,remote stb indihme fiberhme hgp rma tombol,remote stb indihme fiberhme hgp rma tombol,9.0,7.0,2.0,22.2
Shopee,tagihan indihome wifi,baju seragam kerja Indihome/kemeja promosi Indihome/custom bordir Indihome/Baju Indihome merah putih,baju indihome,baju seragam kerja indihomekemeja promosi indihomecustom bordir indihomebaju indihome merah putih,baju seragam kerja indihomekemeja indihomecustom bordir indihomebaju indihome,baju seragam kerja indihomekemeja indihomecustom bordir indihomebaju indihome,11.0,8.0,3.0,27.3
Shopee,tagihan indihome wifi,RECIVER REMOTE STB INDIHOME SPEEDY TV ZTE ZX V10 HITAM PUTIH,stb indihome,reciver remote stb indihome speedy tv zte zx v hitam putih,reciver remote stb indihome speedy tv zte zx,reciver remote stb indihome speedy tv zte zx,11.0,8.0,3.0,27.3
Shopee,tagihan indihome wifi,Migrasi Paket 100 Mbps 1P Jitu Only Internet,internet,migrasi paket mbps p jitu only internet,migrasi mbps only internet,migrasi mbps only internet,8.0,4.0,4.0,50.0
Shopee,tagihan indihome wifi,Baju Seragam Telkom Indihome Kemeja Kerja lengan pendek bordir,kemeja kerja,baju seragam telkom indihome kemeja kerja lengan pendek bordir,baju seragam telkom indihome kemeja kerja lengan bordir,baju seragam telkom indihome kemeja kerja lengan bordir,9.0,8.0,1.0,11.1
Shopee,tagihan indihome wifi,"STB V1, V2, V5, HG680P, B760, B866, HGFJ",stb,stb v v v hgp b b hgfj,stb hgp hgfj,stb hgp hgfj,8.0,3.0,5.0,62.5
Shopee,tagihan indihome wifi,vocher indihome,voucher indihome,vocher indihome,vocher indihome,vocher indihome,2.0,2.0,0.0,0.0
Shopee,tagihan indihome wifi,ISOLIR SEMENTARA INDIHOME,indihome,isolir sementara indihome,isolir indihome,isolir indihome,3.0,2.0,1.0,33.3
Shopee,tagihan indihome wifi,"STB ROOT & ORIGINAL ZXV10 B860H V1, V2, V5 - ZXV10 B866F & HG680 P/FJ",stb,stb root original zxv bh v v v zxv bf hg pfj,stb root zxv bh zxv bf hg pfj,stb root zxv bh zxv bf hg pfj,15.0,8.0,7.0,46.7
Shopee,tagihan indihome wifi,STB Smart TV Box Open All Channel 4K Dolby Atmos,stb smart tv box,stb smart tv box open all channel k dolby atmos,stb smart tv open channel dolby atmos,stb smart tv open channel dolby atmos,10.0,7.0,3.0,30.0
Shopee,tagihan indihome wifi,remotestb Indihome,remote indihome,remotestb indihome,remotestb indihome,remotestb indihome,2.0,2.0,0.0,0.0
Shopee,tagihan indihome wifi,Rompi Kerja Telkom Indihome-bisa costume dan reques logo dan nama,rompi kerja,rompi kerja telkom indihomebisa costume dan reques logo dan nama,rompi kerja telkom indihomebisa costume reques logo nama,rompi kerja telkom indihomebisa costume reques logo nama,10.0,8.0,2.0,20.0
Shopee,tagihan indihome wifi,"power supply adaptor bulat ont stb cctv 12v 1a 5,5 x 2,1mm hitam bawaan original dan adapter eu DC murni jack 5.5 Indihome china telecom ori router",adaptor,power supply adaptor bulat ont stb cctv v a x mm hitam bawaan original dan adapter eu dc murni jack indihome china telecom ori router,power supply adaptor ont stb cctv bawaan adapter eu dc murni jack indihome china telecom router,power supply adaptor ont stb cctv bawa adapter eu dc murni jack indihome china telecom router,27.0,16.0,11.0,40.7
Shopee,tagihan indihome wifi,"Terbaru,,,Seragam Kerja Lapangan Indihome Telkom - Rompi Indihome-bisa costume dan reques logo,Ready scok",seragam indihome,terbaruseragam kerja lapangan indihome telkom rompi indihomebisa costume dan reques logoready scok,terbaruseragam kerja lapangan indihome telkom rompi indihomebisa costume reques logoready scok,terbaruseragam kerja lapang indihome telkom rompi indihomebisa costume reques logoready scok,13.0,11.0,2.0,15.4
Shopee,tagihan indihome wifi,JASA LAYANAN ADMINISTRASI MIGRASI PAKET INDIHOME,indihome,jasa layanan administrasi migrasi paket indihome,jasa layanan administrasi migrasi indihome,jasa layan administrasi migrasi indihome,6.0,5.0,1.0,16.7
Shopee,tagihan indihome wifi,Remote STB ZTE Indihome Hitam Dan Putih Tanpa Setting,remote stb zte indihome,remote stb zte indihome hitam dan putih tanpa setting,remote stb zte indihome setting,remote stb zte indihome setting,9.0,5.0,4.0,44.4
Shopee,Toko Pengangguran Suksess,Bayar Semua Tagihan Bulanan,bayar tagihan,bayar semua tagihan bulanan,tagihan bulanan,tagih bulan,4.0,2.0,2.0,50.0
Shopee,Toko Pengangguran Suksess,Voucher Alfamart 50K 50RB 50000,voucher alfamart,voucher alfamart k rb,alfamart rb,alfamart rb,5.0,2.0,3.0,60.0
Shopee,Toko Pengangguran Suksess,Paket internet axis xl 30hr Config zivpn,paket internet axis,paket internet axis xl hr config zivpn,internet axis hr config zivpn,internet axis hr config zivpn,7.0,5.0,2.0,28.6
Shopee,Toko Pengangguran Suksess,Config Zivpn XL Axis 1bln,config vpn,config zivpn xl axis bln,config zivpn axis bln,config zivpn axis bln,5.0,4.0,1.0,20.0
Shopee,Toko Pengangguran Suksess,Voucher Indomaret 100k Non Fisik,voucher indomaret,voucher indomaret k non fisik,indomaret non,indomaret non,5.0,2.0,3.0,60.0
Shopee,Toko Pengangguran Suksess,Config Zivpn Axis XL 30hr,config vpn,config zivpn axis xl hr,config zivpn axis hr,config zivpn axis hr,5.0,4.0,1.0,20.0
Shopee,Toko Pengangguran Suksess,Voucher Pluang 100K Dikirim Langsung Via Permatta,voucher pluang,voucher pluang k dikirim langsung via permatta,pluang dikirim langsung via permatta,pluang kirim langsung via permatta,7.0,5.0,2.0,28.6
Shopee,Toko Pengangguran Suksess,Masa Aktif Axis Xl 30hr,masa aktif axis,masa aktif axis xl hr,axis hr,axis hr,5.0,2.0,3.0,60.0
Shopee,Toko Pengangguran Suksess,Perpanjang Masa Aktif Axis XL 1 Bulan,perpanjang masa aktif axis,perpanjang masa aktif axis xl bulan,perpanjang axis,panjang axis,7.0,2.0,5.0,71.4
Shopee,Toko Pengangguran Suksess,Voucher Alfamart 100K 100RB Kode Digital,voucher alfamart,voucher alfamart k rb kode digital,alfamart rb kode,alfamart rb kode,6.0,3.0,3.0,50.0
Shopee,Toko Pengangguran Suksess,TOKEN LISTRIK 10K 10RB 10000,token listrik,token listrik k rb,token listrik rb,token listrik rb,5.0,3.0,2.0,40.0
Shopee,Toko Pengangguran Suksess,VOUCHER ALFAMART 25K 50K 100K,voucher alfamart,voucher alfamart k k k,alfamart,alfamart,5.0,1.0,4.0,80.0
Shopee,Toko Pengangguran Suksess,Isi Pulsa 3 Three Murah 1rb 2rb 3rb 4rb 5rb,isi pulsa,isi pulsa three murah rb rb rb rb rb,pulsa three rb rb rb rb rb,pulsa three rb rb rb rb rb,10.0,7.0,3.0,30.0
Shopee,Toko Pengangguran Suksess,ISI ULANG PULSA TEKOMSEL 2K 2RB 2000,pulsa,isi ulang pulsa tekomsel k rb,ulang pulsa tekomsel rb,ulang pulsa tekomsel rb,7.0,4.0,3.0,42.9
Shopee,Toko Pengangguran Suksess,Masa Aktif Three Tri 4 bln,kartu tri,masa aktif three tri bln,three tri bln,three tri bln,6.0,3.0,3.0,50.0
Shopee,Toko Pengangguran Suksess,Pulsa Telkomsel  2k 3k 4k 5k 10k Murah,pulsa telkomsel,pulsa telkomsel k k k k k murah,pulsa telkomsel,pulsa telkomsel,8.0,2.0,6.0,75.0
Shopee,Toko Pengangguran Suksess,Bayar Tagihan Iconnet,tagihan iconnet,bayar tagihan iconnet,tagihan iconnet,tagih iconnet,3.0,2.0,1.0,33.3
Shopee,Toko Pengangguran Suksess,PULSA TELKOMSEL REGULER MURAH,pulsa telkomsel,pulsa telkomsel reguler murah,pulsa telkomsel,pulsa telkomsel,4.0,2.0,2.0,50.0
Shopee,Toko Pengangguran Suksess,PULSA TELKOMSEL 10K MURAH,pulsa telkomsel,pulsa telkomsel k murah,pulsa telkomsel,pulsa telkomsel,4.0,2.0,2.0,50.0
Shopee,Toko Pengangguran Suksess,Perpanjang Masa Aktif Three Tri 4bln,perpanjang masa aktif tri,perpanjang masa aktif three tri bln,perpanjang three tri bln,panjang three tri bln,6.0,4.0,2.0,33.3
Shopee,Toko Pengangguran Suksess,INJEK KUOTA AXIS 50GB 60HARI,injek kuota axis,injek kuota axis gb hari,injek kuota axis gb,injek kuota axis gb,5.0,4.0,1.0,20.0
Shopee,Toko Pengangguran Suksess,PROMO VOUCHER ALFAMART 25K 25RB 25000,voucher alfamart,promo voucher alfamart k rb,alfamart rb,alfamart rb,6.0,2.0,4.0,66.7
Deals,Wifi,Indihome,Indihome,indihome,indihome,indihome,1.0,1.0,0.0,0.0
Deals,Wifi,Biznet,Biznet,biznet,biznet,biznet,1.0,1.0,0.0,0.0
Deals,Wifi,Megavision,Megavision,megavision,megavision,megavision,1.0,1.0,0.0,0.0
Deals,Wifi,First Media,First Media,first media,first media,first media,2.0,2.0,0.0,0.0
Deals,Wifi,MyRepublic,MyRepublic,myrepublic,myrepublic,myrepublic,1.0,1.0,0.0,0.0
Deals,Wifi,Oxygen,Oxygen,oxygen,oxygen,oxygen,1.0,1.0,0.0,0.0
Deals,Wifi,Bali Fiber,Bali Fiber,bali fiber,bali fiber,bal fiber,2.0,2.0,0.0,0.0
Deals,Wifi,MNC Play,MNC Play,mnc play,mnc play,mnc play,2.0,2.0,0.0,0.0
Deals,Wifi,ICONNET,ICONNET,iconnet,iconnet,iconnet,1.0,1.0,0.0,0.0
Deals,Wifi,Indosat Hi-Fi,Indosat Hi-Fi,indosat hifi,indosat hifi,indosat hifi,2.0,2.0,0.0,0.0
Deals,Wifi,Corpnet,Corpnet,corpnet,corpnet,corpnet,1.0,1.0,0.0,0.0
Deals,Wifi,CBN Fiber,CBN Fiber,cbn fiber,cbn fiber,cbn fiber,2.0,2.0,0.0,0.0
Deals,Wifi,XL Fiber,XL Fiber,xl fiber,fiber,fiber,2.0,1.0,1.0,50.0
Deals,Wifi,Telkomsel Orbit ,Telkomsel Orbit ,telkomsel orbit,telkomsel orbit,telkomsel orbit,2.0,2.0,0.0,0.0
Deals,Wifi,Groovy,Groovy,groovy,groovy,groovy,1.0,1.0,0.0,0.0
IDNTimes,Asuransi Kesehatan,Allianz,Allianz,allianz,allianz,allianz,1.0,1.0,0.0,0.0
IDNTimes,Asuransi Kesehatan,Prudential,Prudential,prudential,prudential,prudential,1.0,1.0,0.0,0.0
IDNTimes,Asuransi Kesehatan,AIA,AIA,aia,aia,aia,1.0,1.0,0.0,0.0
IDNTimes,Asuransi Kesehatan,Manulife,Manulife,manulife,manulife,manulife,1.0,1.0,0.0,0.0
IDNTimes,Asuransi Kesehatan,Sun Life,Sun Life,sun life,sun life,sun life,2.0,2.0,0.0,0.0
IDNTimes,Asuransi Kesehatan,AXA Mandiri,AXA Mandiri,axa mandiri,axa,axa,2.0,1.0,1.0,50.0
IDNTimes,Asuransi Kesehatan,FWD,FWD,fwd,fwd,fwd,1.0,1.0,0.0,0.0
IDNTimes,Asuransi Kesehatan,Generali,Generali,generali,generali,generali,1.0,1.0,0.0,0.0
IDNTimes,Asuransi Kesehatan,BNI Life,BNI Life,bni life,bni life,bni life,2.0,2.0,0.0,0.0
IDNTimes,Asuransi Kesehatan,BRI Life,BRI Life,bri life,bri life,bri life,2.0,2.0,0.0,0.0
IDNTimes,Asuransi Kesehatan,BCA Life,BCA Life,bca life,bca life,bca life,2.0,2.0,0.0,0.0
IDNTimes,Asuransi Kesehatan,Mandiri Inhealth,Mandiri Inhealth,mandiri inhealth,inhealth,inhealth,2.0,1.0,1.0,50.0
IDNTimes,Asuransi Kesehatan,Sequis,Sequis,sequis,sequis,sequis,1.0,1.0,0.0,0.0
IDNTimes,Asuransi Kesehatan,CAR,CAR,car,car,car,1.0,1.0,0.0,0.0
IDNTimes,Asuransi Kesehatan,Sinarmas MSIG,Sinarmas MSIG,sinarmas msig,sinarmas msig,sinarmas msig,2.0,2.0,0.0,0.0
IDNTimes,Asuransi Kesehatan,ACA,ACA,aca,aca,aca,1.0,1.0,0.0,0.0
IDNTimes,Asuransi Kesehatan,Asuransi Astra,Asuransi Astra,asuransi astra,asuransi astra,asuransi astra,2.0,2.0,0.0,0.0
IDNTimes,Asuransi Kesehatan,Zurich,Zurich,zurich,zurich,zurich,1.0,1.0,0.0,0.0
IDNTimes,Asuransi Kesehatan,Tokio Marine,Tokio Marine,tokio marine,tokio marine,tokio marine,2.0,2.0,0.0,0.0
IDNTimes,Asuransi Kesehatan,Sompo,Sompo,sompo,sompo,sompo,1.0,1.0,0.0,0.0
Generate,Asuransi Kesehatan,BPJS Kesehatan,BPJS Kesehatan,bpjs kesehatan,bpjs kesehatan,bpjs sehat,2.0,2.0,0.0,0.0
Generate,Asuransi Kesehatan,Allianz Indonesia,Allianz Indonesia,allianz indonesia,allianz indonesia,allianz indonesia,2.0,2.0,0.0,0.0
Generate,Asuransi Kesehatan,Prudential Indonesia,Prudential Indonesia,prudential indonesia,prudential indonesia,prudential indonesia,2.0,2.0,0.0,0.0
Generate,Asuransi Kesehatan,AIA Financial,AIA Financial,aia financial,aia financial,aia financial,2.0,2.0,0.0,0.0
Generate,Asuransi Kesehatan,Manulife Indonesia,Manulife Indonesia,manulife indonesia,manulife indonesia,manulife indonesia,2.0,2.0,0.0,0.0
Generate,Asuransi Kesehatan,Sun Life Indonesia,Sun Life Indonesia,sun life indonesia,sun life indonesia,sun life indonesia,3.0,3.0,0.0,0.0
Generate,Asuransi Kesehatan,FWD Insurance,FWD Insurance,fwd insurance,fwd insurance,fwd insurance,2.0,2.0,0.0,0.0
Generate,Asuransi Kesehatan,Generali Indonesia,Generali Indonesia,generali indonesia,generali indonesia,generali indonesia,2.0,2.0,0.0,0.0
Generate,Asuransi Kesehatan,Hanwha Life Indonesia,Hanwha Life Indonesia,hanwha life indonesia,hanwha life indonesia,hanwha life indonesia,3.0,3.0,0.0,0.0
Generate,Asuransi Kesehatan,Sequis Life,Sequis Life,sequis life,sequis life,sequis life,2.0,2.0,0.0,0.0
Generate,Asuransi Kesehatan,Sinarmas MSIG Life,Sinarmas MSIG Life,sinarmas msig life,sinarmas msig life,sinarmas msig life,3.0,3.0,0.0,0.0
Generate,Asuransi Kesehatan,Central Asia Raya (CAR),Central Asia Raya (CAR),central asia raya car,central asia car,central asia car,4.0,3.0,1.0,25.0
Generate,Asuransi Kesehatan,Bumiputera 1912,Bumiputera 1912,bumiputera,bumiputera,bumiputera,2.0,1.0,1.0,50.0
Generate,Asuransi Kesehatan,MNC Life,MNC Life,mnc life,mnc life,mnc life,2.0,2.0,0.0,0.0
Generate,Asuransi Kesehatan,Zurich Indonesia,Zurich Indonesia,zurich indonesia,zurich indonesia,zurich indonesia,2.0,2.0,0.0,0.0
Generate,Asuransi Kesehatan,Tokio Marine Indonesia,Tokio Marine Indonesia,tokio marine indonesia,tokio marine indonesia,tokio marine indonesia,3.0,3.0,0.0,0.0
Generate,Asuransi Kesehatan,Sompo Insurance Indonesia,Sompo Insurance Indonesia,sompo insurance indonesia,sompo insurance indonesia,sompo insurance indonesia,3.0,3.0,0.0,0.0
Generate,Asuransi Kesehatan,MSIG Indonesia,MSIG Indonesia,msig indonesia,msig indonesia,msig indonesia,2.0,2.0,0.0,0.0
Generate,Asuransi Kendaraan,Asuransi Astra Buana,Asuransi Astra Buana,asuransi astra buana,asuransi astra buana,asuransi astra buana,3.0,3.0,0.0,0.0
Generate,Asuransi Kendaraan,Allianz Utama Indonesia,Allianz Utama Indonesia,allianz utama indonesia,allianz indonesia,allianz indonesia,3.0,2.0,1.0,33.3
Generate,Asuransi Kendaraan,Zurich Asuransi Indonesia,Zurich Asuransi Indonesia,zurich asuransi indonesia,zurich asuransi indonesia,zurich asuransi indonesia,3.0,3.0,0.0,0.0
Generate,Asuransi Kendaraan,Tugu Insurance,Tugu Insurance,tugu insurance,tugu insurance,tugu insurance,2.0,2.0,0.0,0.0
Generate,Asuransi Kendaraan,Sinar Mas Insurance,Sinar Mas Insurance,sinar mas insurance,sinar mas insurance,sinar mas insurance,3.0,3.0,0.0,0.0
Generate,Asuransi Kendaraan,Adira Insurance,Adira Insurance,adira insurance,adira insurance,adira insurance,2.0,2.0,0.0,0.0
Generate,Asuransi Kendaraan,BCA Insurance,BCA Insurance,bca insurance,bca insurance,bca insurance,2.0,2.0,0.0,0.0
Generate,Asuransi Kendaraan,Mega Insurance,Mega Insurance,mega insurance,mega insurance,mega insurance,2.0,2.0,0.0,0.0
Generate,Asuransi Kendaraan,Jasindo,Jasindo,jasindo,jasindo,jasindo,1.0,1.0,0.0,0.0
Generate,Asuransi Kendaraan,Reliance Insurance,Reliance Insurance,reliance insurance,reliance insurance,reliance insurance,2.0,2.0,0.0,0.0
Generate,Asuransi Kendaraan,MAG Insurance,MAG Insurance,mag insurance,mag insurance,mag insurance,2.0,2.0,0.0,0.0
Generate,Asuransi Kendaraan,Askrida,Askrida,askrida,askrida,askrida,1.0,1.0,0.0,0.0
Generate,Asuransi Kendaraan,AXA Insurance Indonesia,AXA Insurance Indonesia,axa insurance indonesia,axa insurance indonesia,axa insurance indonesia,3.0,3.0,0.0,0.0
Generate,Asuransi Kendaraan,Chubb General Insurance Indonesia,Chubb General Insurance Indonesia,chubb general insurance indonesia,chubb general insurance indonesia,chubb general insurance indonesia,4.0,4.0,0.0,0.0
Generate,Asuransi Kendaraan,Multi Artha Guna Insurance,Multi Artha Guna Insurance,multi artha guna insurance,multi artha insurance,multi artha insurance,4.0,3.0,1.0,25.0
Generate,Asuransi Kendaraan,KB Insurance Indonesia,KB Insurance Indonesia,kb insurance indonesia,kb insurance indonesia,kb insurance indonesia,3.0,3.0,0.0,0.0
Generate,Asuransi Kendaraan,Rama Satria Wibawa,Rama Satria Wibawa,rama satria wibawa,rama satria wibawa,rama satria wibawa,3.0,3.0,0.0,0.0
Generate,Asuransi Kendaraan,Oona Insurance,Oona Insurance,oona insurance,oona insurance,oona insurance,2.0,2.0,0.0,0.0
Generate,Asuransi Kendaraan,Great Eastern General Insurance,Great Eastern General Insurance,great eastern general insurance,great eastern general insurance,great eastern general insurance,4.0,4.0,0.0,0.0
Generate,Asuransi Kendaraan,QBE General Insurance Indonesia,QBE General Insurance Indonesia,qbe general insurance indonesia,qbe general insurance indonesia,qbe general insurance indonesia,4.0,4.0,0.0,0.0
Generate,Asuransi Kendaraan,Simas Insurtech,Simas Insurtech,simas insurtech,simas insurtech,simas insurtech,2.0,2.0,0.0,0.0
Generate,Asuransi Kendaraan,Tripakarta Insurance,Tripakarta Insurance,tripakarta insurance,tripakarta insurance,tripakarta insurance,2.0,2.0,0.0,0.0
Generate,Asuransi Jiwa,Allianz Life Indonesia,Allianz Life Indonesia,allianz life indonesia,allianz life indonesia,allianz life indonesia,3.0,3.0,0.0,0.0
Generate,Asuransi Jiwa,AXA Mandiri Financial Services,AXA Mandiri Financial Services,axa mandiri financial services,axa financial services,axa financial services,4.0,3.0,1.0,25.0
Generate,Asuransi Jiwa,BNI Life Insurance,BNI Life Insurance,bni life insurance,bni life insurance,bni life insurance,3.0,3.0,0.0,0.0
Generate,Asuransi Jiwa,Central Asia Raya (CAR Life),Central Asia Raya (CAR Life),central asia raya car life,central asia car life,central asia car life,5.0,4.0,1.0,20.0
Generate,Asuransi Jiwa,Chubb Life Indonesia,Chubb Life Indonesia,chubb life indonesia,chubb life indonesia,chubb life indonesia,3.0,3.0,0.0,0.0
Generate,Asuransi Jiwa,Avrist Assurance,Avrist Assurance,avrist assurance,avrist assurance,avrist assurance,2.0,2.0,0.0,0.0
Generate,Asuransi Jiwa,Astra Life,Astra Life,astra life,astra life,astra life,2.0,2.0,0.0,0.0
Generate,Asuransi Jiwa,IFG Life,IFG Life,ifg life,ifg life,ifg life,2.0,2.0,0.0,0.0
Generate,Asuransi Jiwa,OCBC Life Assurance,OCBC Life Assurance,ocbc life assurance,ocbc life assurance,ocbc life assurance,3.0,3.0,0.0,0.0
Generate,Asuransi Jiwa,Ciputra Life,Ciputra Life,ciputra life,ciputra life,ciputra life,2.0,2.0,0.0,0.0
Generate,Asuransi Jiwa,Tokio Marine Life Insurance Indonesia,Tokio Marine Life Insurance Indonesia,tokio marine life insurance indonesia,tokio marine life insurance indonesia,tokio marine life insurance indonesia,5.0,5.0,0.0,0.0
Generate,Asuransi Jiwa,Great Eastern Life Indonesia,Great Eastern Life Indonesia,great eastern life indonesia,great eastern life indonesia,great eastern life indonesia,4.0,4.0,0.0,0.0
Generate,Data Realistis Asuransi,Bayar Premi Allianz,Bayar Premi Allianz,bayar premi allianz,premi allianz,premi allianz,3.0,2.0,1.0,33.3
Generate,Data Realistis Asuransi,Autodebet Prudential,Autodebet Prudential,autodebet prudential,autodebet prudential,autodebet prudential,2.0,2.0,0.0,0.0
Generate,Data Realistis Asuransi,BPJS Kesehatan April,BPJS Kesehatan April,bpjs kesehatan april,bpjs kesehatan april,bpjs sehat april,3.0,3.0,0.0,0.0
Generate,Data Realistis Asuransi,Premi AIA Financial,Premi AIA Financial,premi aia financial,premi aia financial,premi aia financial,3.0,3.0,0.0,0.0
Generate,Data Realistis Asuransi,Transfer Manulife Bulanan,Transfer Manulife Bulanan,transfer manulife bulanan,transfer manulife bulanan,transfer manulife bulan,3.0,3.0,0.0,0.0
Generate,Data Realistis Asuransi,Sun Life Auto Debit,Sun Life Auto Debit,sun life auto debit,sun life auto debit,sun life auto debit,4.0,4.0,0.0,0.0
Generate,Data Realistis Asuransi,AXA Mandiri Premi,AXA Mandiri Premi,axa mandiri premi,axa premi,axa premi,3.0,2.0,1.0,33.3
Generate,Data Realistis Asuransi,FWD Insurance Payment,FWD Insurance Payment,fwd insurance payment,fwd insurance payment,fwd insurance payment,3.0,3.0,0.0,0.0
Generate,Data Realistis Asuransi,Generali Tagihan,Generali Tagihan,generali tagihan,generali tagihan,generali tagih,2.0,2.0,0.0,0.0
Generate,Data Realistis Asuransi,Hanwha Life Premi,Hanwha Life Premi,hanwha life premi,hanwha life premi,hanwha life premi,3.0,3.0,0.0,0.0
Generate,Data Realistis Asuransi,BCA Life Bulanan,BCA Life Bulanan,bca life bulanan,bca life bulanan,bca life bulan,3.0,3.0,0.0,0.0
Generate,Data Realistis Asuransi,BNI Life Payment,BNI Life Payment,bni life payment,bni life payment,bni life payment,3.0,3.0,0.0,0.0
Generate,Data Realistis Asuransi,BRI Life Premi,BRI Life Premi,bri life premi,bri life premi,bri life premi,3.0,3.0,0.0,0.0
Generate,Data Realistis Asuransi,Mandiri Inhealth Tagihan,Mandiri Inhealth Tagihan,mandiri inhealth tagihan,inhealth tagihan,inhealth tagih,3.0,2.0,1.0,33.3
Generate,Data Realistis Asuransi,Sequis Auto Debit,Sequis Auto Debit,sequis auto debit,sequis auto debit,sequis auto debit,3.0,3.0,0.0,0.0
Generate,Data Realistis Asuransi,Sinarmas MSIG Premi,Sinarmas MSIG Premi,sinarmas msig premi,sinarmas msig premi,sinarmas msig premi,3.0,3.0,0.0,0.0
Generate,Data Realistis Asuransi,CAR Life Bulanan,CAR Life Bulanan,car life bulanan,car life bulanan,car life bulan,3.0,3.0,0.0,0.0
Generate,Data Realistis Asuransi,Bumiputera Premi,Bumiputera Premi,bumiputera premi,bumiputera premi,bumiputera premi,2.0,2.0,0.0,0.0
Generate,Data Realistis Asuransi,MNC Life Payment,MNC Life Payment,mnc life payment,mnc life payment,mnc life payment,3.0,3.0,0.0,0.0
Generate,Data Realistis Asuransi,ACA Asuransi Kendaraan,ACA Asuransi Kendaraan,aca asuransi kendaraan,aca asuransi kendaraan,aca asuransi kendara,3.0,3.0,0.0,0.0
Generate,Data Realistis Asuransi,Astra Buana Mobil,Astra Buana Mobil,astra buana mobil,astra buana,astra buana,3.0,2.0,1.0,33.3
Generate,Data Realistis Asuransi,Zurich Motor Insurance,Zurich Motor Insurance,zurich motor insurance,zurich motor insurance,zurich motor insurance,3.0,3.0,0.0,0.0
Generate,Data Realistis Asuransi,Tokio Marine Car Premium,Tokio Marine Car Premium,tokio marine car premium,tokio marine car,tokio marine car,4.0,3.0,1.0,25.0
Generate,Data Realistis Asuransi,Sompo Asuransi Mobil,Sompo Asuransi Mobil,sompo asuransi mobil,sompo asuransi,sompo asuransi,3.0,2.0,1.0,33.3
Generate,Data Realistis Asuransi,Tugu Insurance Mobil,Tugu Insurance Mobil,tugu insurance mobil,tugu insurance,tugu insurance,3.0,2.0,1.0,33.3
Generate,Data Realistis Asuransi,Sinar Mas Kendaraan,Sinar Mas Kendaraan,sinar mas kendaraan,sinar mas kendaraan,sinar mas kendara,3.0,3.0,0.0,0.0
Generate,Data Realistis Asuransi,Adira Autocillin,Adira Autocillin,adira autocillin,adira autocillin,adira autocillin,2.0,2.0,0.0,0.0
Generate,Data Realistis Asuransi,BCA Insurance Car,BCA Insurance Car,bca insurance car,bca insurance car,bca insurance car,3.0,3.0,0.0,0.0
Generate,Data Realistis Asuransi,Mega Insurance Vehicle,Mega Insurance Vehicle,mega insurance vehicle,mega insurance vehicle,mega insurance vehicle,3.0,3.0,0.0,0.0
Generate,Data Realistis Asuransi,Jasindo Mobil,Jasindo Mobil,jasindo mobil,jasindo,jasindo,2.0,1.0,1.0,50.0
Generate,Data Realistis Asuransi,Reliance Car Premium,Reliance Car Premium,reliance car premium,reliance car,reliance car,3.0,2.0,1.0,33.3
Generate,Data Realistis Asuransi,MAG Insurance Motor,MAG Insurance Motor,mag insurance motor,mag insurance motor,mag insurance motor,3.0,3.0,0.0,0.0
Generate,Data Realistis Asuransi,Askrida Kendaraan,Askrida Kendaraan,askrida kendaraan,askrida kendaraan,askrida kendara,2.0,2.0,0.0,0.0
Generate,Data Realistis Asuransi,Chubb Vehicle Cover,Chubb Vehicle Cover,chubb vehicle cover,chubb vehicle cover,chubb vehicle cover,3.0,3.0,0.0,0.0
Generate,Data Realistis Asuransi,KB Insurance Mobil,KB Insurance Mobil,kb insurance mobil,kb insurance,kb insurance,3.0,2.0,1.0,33.3
Generate,Data Realistis Asuransi,Tripakarta Motor,Tripakarta Motor,tripakarta motor,tripakarta motor,tripakarta motor,2.0,2.0,0.0,0.0
Generate,Data Realistis Asuransi,Oona Car Insurance,Oona Car Insurance,oona car insurance,oona car insurance,oona car insurance,3.0,3.0,0.0,0.0
Generate,Data Realistis Asuransi,QBE Vehicle Premium,QBE Vehicle Premium,qbe vehicle premium,qbe vehicle,qbe vehicle,3.0,2.0,1.0,33.3
Generate,Data Realistis Asuransi,Great Eastern Mobil,Great Eastern Mobil,great eastern mobil,great eastern,great eastern,3.0,2.0,1.0,33.3
Generate,Data Realistis Asuransi,Simas Insurtech Motor,Simas Insurtech Motor,simas insurtech motor,simas insurtech motor,simas insurtech motor,3.0,3.0,0.0,0.0
Generate,Data Realistis Asuransi,Bayar BPJS Mei,Bayar BPJS Mei,bayar bpjs mei,bpjs mei,bpjs mei,3.0,2.0,1.0,33.3
Generate,Data Realistis Asuransi,Premi Allianz Mei,Premi Allianz Mei,premi allianz mei,premi allianz mei,premi allianz mei,3.0,3.0,0.0,0.0
Generate,Data Realistis Asuransi,Prudential Auto Debit Mei,Prudential Auto Debit Mei,prudential auto debit mei,prudential auto debit mei,prudential auto debit mei,4.0,4.0,0.0,0.0
Generate,Data Realistis Asuransi,AIA Premi Mei,AIA Premi Mei,aia premi mei,aia premi mei,aia premi mei,3.0,3.0,0.0,0.0
Generate,Data Realistis Asuransi,Manulife Transfer Mei,Manulife Transfer Mei,manulife transfer mei,manulife transfer mei,manulife transfer mei,3.0,3.0,0.0,0.0
Generate,Data Realistis Asuransi,Sun Life Premi Mei,Sun Life Premi Mei,sun life premi mei,sun life premi mei,sun life premi mei,4.0,4.0,0.0,0.0
Generate,Data Realistis Asuransi,AXA Mandiri Mei,AXA Mandiri Mei,axa mandiri mei,axa mei,axa mei,3.0,2.0,1.0,33.3
Generate,Data Realistis Asuransi,FWD Bulanan Mei,FWD Bulanan Mei,fwd bulanan mei,fwd bulanan mei,fwd bulan mei,3.0,3.0,0.0,0.0
Generate,Data Realistis Asuransi,Generali Mei,Generali Mei,generali mei,generali mei,generali mei,2.0,2.0,0.0,0.0
Generate,Data Realistis Asuransi,Hanwha Life Mei,Hanwha Life Mei,hanwha life mei,hanwha life mei,hanwha life mei,3.0,3.0,0.0,0.0
Generate,Data Realistis Asuransi,BCA Life Mei,BCA Life Mei,bca life mei,bca life mei,bca life mei,3.0,3.0,0.0,0.0
Generate,Data Realistis Asuransi,BNI Life Mei,BNI Life Mei,bni life mei,bni life mei,bni life mei,3.0,3.0,0.0,0.0
Generate,Data Realistis Asuransi,BRI Life Mei,BRI Life Mei,bri life mei,bri life mei,bri life mei,3.0,3.0,0.0,0.0
Generate,Data Realistis Asuransi,Inhealth Mei,Inhealth Mei,inhealth mei,inhealth mei,inhealth mei,2.0,2.0,0.0,0.0
Generate,Data Realistis Asuransi,Sequis Mei,Sequis Mei,sequis mei,sequis mei,sequis mei,2.0,2.0,0.0,0.0
Generate,Data Realistis Asuransi,Sinarmas Life Mei,Sinarmas Life Mei,sinarmas life mei,sinarmas life mei,sinarmas life mei,3.0,3.0,0.0,0.0
Generate,Data Realistis Asuransi,CAR Mei,CAR Mei,car mei,car mei,car mei,2.0,2.0,0.0,0.0
Generate,Data Realistis Asuransi,Bumiputera Mei,Bumiputera Mei,bumiputera mei,bumiputera mei,bumiputera mei,2.0,2.0,0.0,0.0
Generate,Data Realistis Asuransi,MNC Life Mei,MNC Life Mei,mnc life mei,mnc life mei,mnc life mei,3.0,3.0,0.0,0.0
Generate,Data Realistis Asuransi,ACA Mobil Mei,ACA Mobil Mei,aca mobil mei,aca mei,aca mei,3.0,2.0,1.0,33.3
Generate,Data Realistis Asuransi,Astra Buana Mei,Astra Buana Mei,astra buana mei,astra buana mei,astra buana mei,3.0,3.0,0.0,0.0
Generate,Data Realistis Asuransi,Zurich Mei,Zurich Mei,zurich mei,zurich mei,zurich mei,2.0,2.0,0.0,0.0
Generate,Data Realistis Asuransi,Tokio Marine Mei,Tokio Marine Mei,tokio marine mei,tokio marine mei,tokio marine mei,3.0,3.0,0.0,0.0
Generate,Data Realistis Asuransi,Sompo Mei,Sompo Mei,sompo mei,sompo mei,sompo mei,2.0,2.0,0.0,0.0
Generate,Data Realistis Asuransi,Tugu Mei,Tugu Mei,tugu mei,tugu mei,tugu mei,2.0,2.0,0.0,0.0
Generate,Data Realistis Asuransi,Sinar Mas Mei,Sinar Mas Mei,sinar mas mei,sinar mas mei,sinar mas mei,3.0,3.0,0.0,0.0
Generate,Data Realistis Asuransi,Adira Mei,Adira Mei,adira mei,adira mei,adira mei,2.0,2.0,0.0,0.0
Generate,Data Realistis Asuransi,BCA Insurance Mei,BCA Insurance Mei,bca insurance mei,bca insurance mei,bca insurance mei,3.0,3.0,0.0,0.0
Generate,Data Realistis Asuransi,Mega Insurance Mei,Mega Insurance Mei,mega insurance mei,mega insurance mei,mega insurance mei,3.0,3.0,0.0,0.0
Generate,Data Realistis Asuransi,Jasindo Mei,Jasindo Mei,jasindo mei,jasindo mei,jasindo mei,2.0,2.0,0.0,0.0
Generate,Data Realistis Asuransi,Reliance Mei,Reliance Mei,reliance mei,reliance mei,reliance mei,2.0,2.0,0.0,0.0
Generate,Data Realistis Asuransi,MAG Mei,MAG Mei,mag mei,mag mei,mag mei,2.0,2.0,0.0,0.0
Generate,Data Realistis Asuransi,Askrida Mei,Askrida Mei,askrida mei,askrida mei,askrida mei,2.0,2.0,0.0,0.0
Generate,Data Realistis Asuransi,Chubb Mei,Chubb Mei,chubb mei,chubb mei,chubb mei,2.0,2.0,0.0,0.0
Generate,Data Realistis Asuransi,KB Insurance Mei,KB Insurance Mei,kb insurance mei,kb insurance mei,kb insurance mei,3.0,3.0,0.0,0.0
Generate,Data Realistis Asuransi,Tripakarta Mei,Tripakarta Mei,tripakarta mei,tripakarta mei,tripakarta mei,2.0,2.0,0.0,0.0
Generate,Data Realistis Asuransi,Oona Mei,Oona Mei,oona mei,oona mei,oona mei,2.0,2.0,0.0,0.0
Generate,Data Realistis Asuransi,QBE Mei,QBE Mei,qbe mei,qbe mei,qbe mei,2.0,2.0,0.0,0.0
Generate,Data Realistis Asuransi,Great Eastern Mei,Great Eastern Mei,great eastern mei,great eastern mei,great eastern mei,3.0,3.0,0.0,0.0
Generate,Data Realistis Asuransi,Simas Mei,Simas Mei,simas mei,simas mei,simas mei,2.0,2.0,0.0,0.0
Generate,Data Realistis Asuransi,BPJS Juni,BPJS Juni,bpjs juni,bpjs juni,bpjs juni,2.0,2.0,0.0,0.0
Generate,Data Realistis Asuransi,Allianz Juni,Allianz Juni,allianz juni,allianz juni,allianz juni,2.0,2.0,0.0,0.0
Generate,Data Realistis Asuransi,Prudential Juni,Prudential Juni,prudential juni,prudential juni,prudential juni,2.0,2.0,0.0,0.0
Generate,Data Realistis Asuransi,AIA Juni,AIA Juni,aia juni,aia juni,aia juni,2.0,2.0,0.0,0.0
Generate,Data Realistis Asuransi,Manulife Juni,Manulife Juni,manulife juni,manulife juni,manulife juni,2.0,2.0,0.0,0.0
Generate,Data Realistis Asuransi,Sun Life Juni,Sun Life Juni,sun life juni,sun life juni,sun life juni,3.0,3.0,0.0,0.0
Generate,Data Realistis Asuransi,AXA Juni,AXA Juni,axa juni,axa juni,axa juni,2.0,2.0,0.0,0.0
Generate,Data Realistis Asuransi,FWD Juni,FWD Juni,fwd juni,fwd juni,fwd juni,2.0,2.0,0.0,0.0
Generate,Data Realistis Asuransi,Generali Juni,Generali Juni,generali juni,generali juni,generali juni,2.0,2.0,0.0,0.0
Generate,Data Realistis Asuransi,Hanwha Juni,Hanwha Juni,hanwha juni,hanwha juni,hanwha juni,2.0,2.0,0.0,0.0
Generate,Data Realistis Asuransi,BCA Life Juni,BCA Life Juni,bca life juni,bca life juni,bca life juni,3.0,3.0,0.0,0.0
Generate,Data Realistis Asuransi,BNI Life Juni,BNI Life Juni,bni life juni,bni life juni,bni life juni,3.0,3.0,0.0,0.0
Generate,Data Realistis Asuransi,BRI Life Juni,BRI Life Juni,bri life juni,bri life juni,bri life juni,3.0,3.0,0.0,0.0
Generate,Data Realistis Asuransi,Mandiri Inhealth Juni,Mandiri Inhealth Juni,mandiri inhealth juni,inhealth juni,inhealth juni,3.0,2.0,1.0,33.3
Generate,Data Realistis Asuransi,Sequis Juni,Sequis Juni,sequis juni,sequis juni,sequis juni,2.0,2.0,0.0,0.0
Generate,Data Realistis Asuransi,Sinarmas Juni,Sinarmas Juni,sinarmas juni,sinarmas juni,sinarmas juni,2.0,2.0,0.0,0.0
Generate,Data Realistis Asuransi,CAR Juni,CAR Juni,car juni,car juni,car juni,2.0,2.0,0.0,0.0
Generate,Data Realistis Asuransi,Bumiputera Juni,Bumiputera Juni,bumiputera juni,bumiputera juni,bumiputera juni,2.0,2.0,0.0,0.0
Generate,Data Realistis Asuransi,MNC Life Juni,MNC Life Juni,mnc life juni,mnc life juni,mnc life juni,3.0,3.0,0.0,0.0
Generate,Data Realistis Asuransi,ACA Juni,ACA Juni,aca juni,aca juni,aca juni,2.0,2.0,0.0,0.0
Generate,Data Realistis Asuransi,Astra Buana Juni,Astra Buana Juni,astra buana juni,astra buana juni,astra buana juni,3.0,3.0,0.0,0.0
Generate,Data Realistis Asuransi,Zurich Juni,Zurich Juni,zurich juni,zurich juni,zurich juni,2.0,2.0,0.0,0.0
Generate,Data Realistis Asuransi,Tokio Marine Juni,Tokio Marine Juni,tokio marine juni,tokio marine juni,tokio marine juni,3.0,3.0,0.0,0.0
Generate,Data Realistis Asuransi,Sompo Juni,Sompo Juni,sompo juni,sompo juni,sompo juni,2.0,2.0,0.0,0.0
Generate,Data Realistis Asuransi,Tugu Juni,Tugu Juni,tugu juni,tugu juni,tugu juni,2.0,2.0,0.0,0.0
Generate,Data Realistis Asuransi,Sinar Mas Juni,Sinar Mas Juni,sinar mas juni,sinar mas juni,sinar mas juni,3.0,3.0,0.0,0.0
Generate,Data Realistis Asuransi,Adira Juni,Adira Juni,adira juni,adira juni,adira juni,2.0,2.0,0.0,0.0
Generate,Data Realistis Asuransi,BCA Insurance Juni,BCA Insurance Juni,bca insurance juni,bca insurance juni,bca insurance juni,3.0,3.0,0.0,0.0
Generate,Data Realistis Asuransi,Mega Insurance Juni,Mega Insurance Juni,mega insurance juni,mega insurance juni,mega insurance juni,3.0,3.0,0.0,0.0
Generate,Data Realistis Asuransi,Jasindo Juni,Jasindo Juni,jasindo juni,jasindo juni,jasindo juni,2.0,2.0,0.0,0.0
Generate,Data Realistis Asuransi,Reliance Juni,Reliance Juni,reliance juni,reliance juni,reliance juni,2.0,2.0,0.0,0.0
Generate,Data Realistis Asuransi,MAG Juni,MAG Juni,mag juni,mag juni,mag juni,2.0,2.0,0.0,0.0
Generate,Data Realistis Asuransi,Askrida Juni,Askrida Juni,askrida juni,askrida juni,askrida juni,2.0,2.0,0.0,0.0
Generate,Data Realistis Asuransi,Chubb Juni,Chubb Juni,chubb juni,chubb juni,chubb juni,2.0,2.0,0.0,0.0
Generate,Data Realistis Asuransi,KB Insurance Juni,KB Insurance Juni,kb insurance juni,kb insurance juni,kb insurance juni,3.0,3.0,0.0,0.0
Generate,Data Realistis Asuransi,Tripakarta Juni,Tripakarta Juni,tripakarta juni,tripakarta juni,tripakarta juni,2.0,2.0,0.0,0.0
Generate,Data Realistis Asuransi,Oona Juni,Oona Juni,oona juni,oona juni,oona juni,2.0,2.0,0.0,0.0
Generate,Data Realistis Asuransi,QBE Juni,QBE Juni,qbe juni,qbe juni,qbe juni,2.0,2.0,0.0,0.0
Generate,Data Realistis Asuransi,Great Eastern Juni,Great Eastern Juni,great eastern juni,great eastern juni,great eastern juni,3.0,3.0,0.0,0.0
Generate,Data Realistis Asuransi,Simas Juni,Simas Juni,simas juni,simas juni,simas juni,2.0,2.0,0.0,0.0
Generate,Data Realistis Asuransi,Premi Jiwa Allianz,Premi Jiwa Allianz,premi jiwa allianz,premi jiwa allianz,premi jiwa allianz,3.0,3.0,0.0,0.0
Generate,Data Realistis Asuransi,Asuransi Jiwa Prudential,Asuransi Jiwa Prudential,asuransi jiwa prudential,asuransi jiwa prudential,asuransi jiwa prudential,3.0,3.0,0.0,0.0
Generate,Data Realistis Asuransi,Life Cover AIA,Life Cover AIA,life cover aia,life cover aia,life cover aia,3.0,3.0,0.0,0.0
Generate,Data Realistis Asuransi,Proteksi Manulife,Proteksi Manulife,proteksi manulife,proteksi manulife,proteksi manulife,2.0,2.0,0.0,0.0
Generate,Data Realistis Asuransi,Premi Sun Life,Premi Sun Life,premi sun life,premi sun life,premi sun life,3.0,3.0,0.0,0.0
Generate,Data Realistis Asuransi,AXA Life Payment,AXA Life Payment,axa life payment,axa life payment,axa life payment,3.0,3.0,0.0,0.0
Generate,Data Realistis Asuransi,FWD Life Premi,FWD Life Premi,fwd life premi,fwd life premi,fwd life premi,3.0,3.0,0.0,0.0
Generate,Data Realistis Asuransi,Generali Life Cover,Generali Life Cover,generali life cover,generali life cover,generali life cover,3.0,3.0,0.0,0.0
Generate,Data Realistis Asuransi,Hanwha Life Cover,Hanwha Life Cover,hanwha life cover,hanwha life cover,hanwha life cover,3.0,3.0,0.0,0.0
Generate,Data Realistis Asuransi,BCA Life Premi,BCA Life Premi,bca life premi,bca life premi,bca life premi,3.0,3.0,0.0,0.0
Generate,Data Realistis Asuransi,BNI Life Premi,BNI Life Premi,bni life premi,bni life premi,bni life premi,3.0,3.0,0.0,0.0
Generate,Data Realistis Asuransi,Sequis Life Premi,Sequis Life Premi,sequis life premi,sequis life premi,sequis life premi,3.0,3.0,0.0,0.0
Generate,Data Realistis Asuransi,Sinarmas Life Premi,Sinarmas Life Premi,sinarmas life premi,sinarmas life premi,sinarmas life premi,3.0,3.0,0.0,0.0
Generate,Data Realistis Asuransi,CAR Life Premi,CAR Life Premi,car life premi,car life premi,car life premi,3.0,3.0,0.0,0.0
Generate,Data Realistis Asuransi,MNC Life Premi,MNC Life Premi,mnc life premi,mnc life premi,mnc life premi,3.0,3.0,0.0,0.0
Generate,Data Realistis Asuransi,Avrist Assurance Premi,Avrist Assurance Premi,avrist assurance premi,avrist assurance premi,avrist assurance premi,3.0,3.0,0.0,0.0
Generate,Data Realistis Asuransi,Astra Life Premi,Astra Life Premi,astra life premi,astra life premi,astra life premi,3.0,3.0,0.0,0.0
Generate,Data Realistis Asuransi,IFG Life Premi,IFG Life Premi,ifg life premi,ifg life premi,ifg life premi,3.0,3.0,0.0,0.0
Generate,Data Realistis Asuransi,OCBC Life Premi,OCBC Life Premi,ocbc life premi,ocbc life premi,ocbc life premi,3.0,3.0,0.0,0.0
Generate,Data Realistis Asuransi,Ciputra Life Premi,Ciputra Life Premi,ciputra life premi,ciputra life premi,ciputra life premi,3.0,3.0,0.0,0.0
Generate,Data Realistis Asuransi,Tokio Marine Life Premi,Tokio Marine Life Premi,tokio marine life premi,tokio marine life premi,tokio marine life premi,4.0,4.0,0.0,0.0
Generate,Data Realistis Asuransi,Great Eastern Life Premi,Great Eastern Life Premi,great eastern life premi,great eastern life premi,great eastern life premi,4.0,4.0,0.0,0.0
Generate,Data Realistis Asuransi,Allianz Car Insurance,Allianz Car Insurance,allianz car insurance,allianz car insurance,allianz car insurance,3.0,3.0,0.0,0.0
Generate,Data Realistis Asuransi,Prudential Health Cover,Prudential Health Cover,prudential health cover,prudential health cover,prudential health cover,3.0,3.0,0.0,0.0
Generate,Data Realistis Asuransi,AIA Hospital Cover,AIA Hospital Cover,aia hospital cover,aia hospital cover,aia hospital cover,3.0,3.0,0.0,0.0
Generate,Data Realistis Asuransi,Manulife Health Plan,Manulife Health Plan,manulife health plan,manulife health plan,manulife health plan,3.0,3.0,0.0,0.0
Generate,Data Realistis Asuransi,Sun Life Medical Cover,Sun Life Medical Cover,sun life medical cover,sun life medical cover,sun life medical cover,4.0,4.0,0.0,0.0
Generate,Data Realistis Asuransi,BPJS Mandiri Bayar,BPJS Mandiri Bayar,bpjs mandiri bayar,bpjs,bpjs,3.0,1.0,2.0,66.7
Generate,Data Realistis Asuransi,Premi Rawat Inap Allianz,Premi Rawat Inap Allianz,premi rawat inap allianz,premi rawat inap allianz,premi rawat inap allianz,4.0,4.0,0.0,0.0
Generate,Data Realistis Asuransi,Asuransi Mobil ACA,Asuransi Mobil ACA,asuransi mobil aca,asuransi aca,asuransi aca,3.0,2.0,1.0,33.3
Generate,Data Realistis Asuransi,Proteksi Kendaraan Astra,Proteksi Kendaraan Astra,proteksi kendaraan astra,proteksi kendaraan astra,proteksi kendara astra,3.0,3.0,0.0,0.0
Generate,Data Realistis Asuransi,Autocillin Adira Bayar,Autocillin Adira Bayar,autocillin adira bayar,autocillin adira,autocillin adira,3.0,2.0,1.0,33.3
Generate,Data Realistis Asuransi,Motor Insurance Sompo,Motor Insurance Sompo,motor insurance sompo,motor insurance sompo,motor insurance sompo,3.0,3.0,0.0,0.0
Generate,Data Realistis Asuransi,Mobil Cover Zurich,Mobil Cover Zurich,mobil cover zurich,cover zurich,cover zurich,3.0,2.0,1.0,33.3
Generate,Data Realistis Asuransi,Premi Kendaraan Tugu,Premi Kendaraan Tugu,premi kendaraan tugu,premi kendaraan tugu,premi kendara tugu,3.0,3.0,0.0,0.0
Generate,Data Realistis Asuransi,Asuransi Mobil Sinar Mas,Asuransi Mobil Sinar Mas,asuransi mobil sinar mas,asuransi sinar mas,asuransi sinar mas,4.0,3.0,1.0,25.0
Generate,Data Realistis Asuransi,Tokio Marine Vehicle,Tokio Marine Vehicle,tokio marine vehicle,tokio marine vehicle,tokio marine vehicle,3.0,3.0,0.0,0.0
Generate,Data Realistis Asuransi,Reliance Motor Cover,Reliance Motor Cover,reliance motor cover,reliance motor cover,reliance motor cover,3.0,3.0,0.0,0.0
Generate,Data Realistis Asuransi,MAG Vehicle Payment,MAG Vehicle Payment,mag vehicle payment,mag vehicle payment,mag vehicle payment,3.0,3.0,0.0,0.0
Generate,Data Realistis Asuransi,Askrida Car Cover,Askrida Car Cover,askrida car cover,askrida car cover,askrida car cover,3.0,3.0,0.0,0.0
Generate,Data Realistis Asuransi,Chubb Auto Cover,Chubb Auto Cover,chubb auto cover,chubb auto cover,chubb auto cover,3.0,3.0,0.0,0.0
Generate,Data Realistis Asuransi,KB Car Insurance,KB Car Insurance,kb car insurance,kb car insurance,kb car insurance,3.0,3.0,0.0,0.0
Generate,Data Realistis Asuransi,Tripakarta Vehicle,Tripakarta Vehicle,tripakarta vehicle,tripakarta vehicle,tripakarta vehicle,2.0,2.0,0.0,0.0
Generate,Data Realistis Asuransi,Oona Premium,Oona Premium,oona premium,oona,oona,2.0,1.0,1.0,50.0
Generate,Data Realistis Asuransi,QBE Mobil Cover,QBE Mobil Cover,qbe mobil cover,qbe cover,qbe cover,3.0,2.0,1.0,33.3
Generate,Data Realistis Asuransi,Great Eastern Auto,Great Eastern Auto,great eastern auto,great eastern auto,great eastern auto,3.0,3.0,0.0,0.0
Generate,Data Realistis Asuransi,Simas Motor Premi,Simas Motor Premi,simas motor premi,simas motor premi,simas motor premi,3.0,3.0,0.0,0.0
Generate,Data Realistis Asuransi,BPJS Auto Debit,BPJS Auto Debit,bpjs auto debit,bpjs auto debit,bpjs auto debit,3.0,3.0,0.0,0.0
Generate,Data Realistis Asuransi,Prudential Virtual Account,Prudential Virtual Account,prudential virtual account,prudential virtual account,prudential virtual account,3.0,3.0,0.0,0.0
Generate,Data Realistis Asuransi,Allianz Transfer BCA,Allianz Transfer BCA,allianz transfer bca,allianz transfer bca,allianz transfer bca,3.0,3.0,0.0,0.0
Generate,Data Realistis Asuransi,AIA Debit Mandiri,AIA Debit Mandiri,aia debit mandiri,aia debit,aia debit,3.0,2.0,1.0,33.3
Generate,Data Realistis Asuransi,Manulife VA Payment,Manulife VA Payment,manulife va payment,manulife va payment,manulife va payment,3.0,3.0,0.0,0.0
Generate,Data Realistis Asuransi,Sun Life Tokopedia,Sun Life Tokopedia,sun life tokopedia,sun life tokopedia,sun life tokopedia,3.0,3.0,0.0,0.0
Generate,Data Realistis Asuransi,AXA Mandiri Autodebet,AXA Mandiri Autodebet,axa mandiri autodebet,axa autodebet,axa autodebet,3.0,2.0,1.0,33.3
Generate,Data Realistis Asuransi,FWD ShopeePay,FWD ShopeePay,fwd shopeepay,fwd shopeepay,fwd shopeepay,2.0,2.0,0.0,0.0
Generate,Data Realistis Asuransi,Generali Gopay,Generali Gopay,generali gopay,generali gopay,generali gopay,2.0,2.0,0.0,0.0
Generate,Data Realistis Asuransi,Hanwha Transfer BNI,Hanwha Transfer BNI,hanwha transfer bni,hanwha transfer bni,hanwha transfer bni,3.0,3.0,0.0,0.0
Shopee,Bayar Pulsa/Tagihan/Game/Digital,Indosat Ooredoo,Indosat Ooredoo,indosat ooredoo,indosat ooredoo,indosat ooredoo,2.0,2.0,0.0,0.0
Shopee,Bayar Pulsa/Tagihan/Game/Digital,IM3,IM3,im,im,im,1.0,1.0,0.0,0.0
Shopee,Bayar Pulsa/Tagihan/Game/Digital,Telkomsel,Telkomsel,telkomsel,telkomsel,telkomsel,1.0,1.0,0.0,0.0
Shopee,Bayar Pulsa/Tagihan/Game/Digital,simPATI,simPATI,simpati,simpati,simpati,1.0,1.0,0.0,0.0
Shopee,Bayar Pulsa/Tagihan/Game/Digital,Kartu As,Kartu As,kartu as,kartu as,kartu as,2.0,2.0,0.0,0.0
Shopee,Bayar Pulsa/Tagihan/Game/Digital,Smartfren,Smartfren,smartfren,smartfren,smartfren,1.0,1.0,0.0,0.0
Shopee,Bayar Pulsa/Tagihan/Game/Digital,XL,XL,xl,,,1.0,0.0,1.0,100.0
Shopee,Bayar Pulsa/Tagihan/Game/Digital,AXIS,AXIS,axis,axis,axis,1.0,1.0,0.0,0.0
Shopee,Bayar Pulsa/Tagihan/Game/Digital,Three / 3 Tri,Three / 3 Tri,three tri,three tri,three tri,4.0,2.0,2.0,50.0
Shopee,Bayar Pulsa/Tagihan/Game/Digital,Esia,Esia,esia,esia,esia,1.0,1.0,0.0,0.0
Shopee,Bayar Pulsa/Tagihan/Game/Digital,StarOne,StarOne,starone,starone,starone,1.0,1.0,0.0,0.0
Shopee,Bayar Pulsa/Tagihan/Game/Digital,Telkom Indonesia,Telkom Indonesia,telkom indonesia,telkom indonesia,telkom indonesia,2.0,2.0,0.0,0.0
Shopee,Bayar Pulsa/Tagihan/Game/Digital,Indosat Mentari,Indosat Mentari,indosat mentari,indosat mentari,indosat mentari,2.0,2.0,0.0,0.0
Shopee,Bayar Pulsa/Tagihan/Game/Digital,BOLT!,BOLT!,bolt,bolt,bolt,1.0,1.0,0.0,0.0
Shopee,Bayar Pulsa/Tagihan/Game/Digital,Flexi,Flexi,flexi,flexi,flexi,1.0,1.0,0.0,0.0
Generate,Tagihan Pulsa dan Internet,Bayar Pulsa Telkomsel,Bayar Pulsa Telkomsel,bayar pulsa telkomsel,pulsa telkomsel,pulsa telkomsel,3.0,2.0,1.0,33.3
Generate,Tagihan Pulsa dan Internet,Bayar Pulsa XL,Bayar Pulsa XL,bayar pulsa xl,pulsa,pulsa,3.0,1.0,2.0,66.7
Generate,Tagihan Pulsa dan Internet,Bayar Pulsa Indosat,Bayar Pulsa Indosat,bayar pulsa indosat,pulsa indosat,pulsa indosat,3.0,2.0,1.0,33.3
Generate,Tagihan Pulsa dan Internet,Bayar Pulsa Tri,Bayar Pulsa Tri,bayar pulsa tri,pulsa tri,pulsa tri,3.0,2.0,1.0,33.3
Generate,Tagihan Pulsa dan Internet,Bayar Pulsa Axis,Bayar Pulsa Axis,bayar pulsa axis,pulsa axis,pulsa axis,3.0,2.0,1.0,33.3
Generate,Tagihan Pulsa dan Internet,Bayar Pulsa Smartfren,Bayar Pulsa Smartfren,bayar pulsa smartfren,pulsa smartfren,pulsa smartfren,3.0,2.0,1.0,33.3
Generate,Tagihan Pulsa dan Internet,Pembayaran Pulsa Telkomsel,Pembayaran Pulsa Telkomsel,pembayaran pulsa telkomsel,pembayaran pulsa telkomsel,bayar pulsa telkomsel,3.0,3.0,0.0,0.0
Generate,Tagihan Pulsa dan Internet,Pembayaran Pulsa XL,Pembayaran Pulsa XL,pembayaran pulsa xl,pembayaran pulsa,bayar pulsa,3.0,2.0,1.0,33.3
Generate,Tagihan Pulsa dan Internet,Pembayaran Pulsa IM3,Pembayaran Pulsa IM3,pembayaran pulsa im,pembayaran pulsa im,bayar pulsa im,3.0,3.0,0.0,0.0
Generate,Tagihan Pulsa dan Internet,Pembayaran Pulsa Tri,Pembayaran Pulsa Tri,pembayaran pulsa tri,pembayaran pulsa tri,bayar pulsa tri,3.0,3.0,0.0,0.0
Generate,Tagihan Pulsa dan Internet,Pembayaran Pulsa Axis,Pembayaran Pulsa Axis,pembayaran pulsa axis,pembayaran pulsa axis,bayar pulsa axis,3.0,3.0,0.0,0.0
Generate,Tagihan Pulsa dan Internet,Pembayaran Pulsa Smartfren,Pembayaran Pulsa Smartfren,pembayaran pulsa smartfren,pembayaran pulsa smartfren,bayar pulsa smartfren,3.0,3.0,0.0,0.0
Generate,Tagihan Pulsa dan Internet,Tagihan Pulsa Telkomsel,Tagihan Pulsa Telkomsel,tagihan pulsa telkomsel,tagihan pulsa telkomsel,tagih pulsa telkomsel,3.0,3.0,0.0,0.0
Generate,Tagihan Pulsa dan Internet,Tagihan Pulsa XL,Tagihan Pulsa XL,tagihan pulsa xl,tagihan pulsa,tagih pulsa,3.0,2.0,1.0,33.3
Generate,Tagihan Pulsa dan Internet,Tagihan Pulsa Indosat,Tagihan Pulsa Indosat,tagihan pulsa indosat,tagihan pulsa indosat,tagih pulsa indosat,3.0,3.0,0.0,0.0
Generate,Tagihan Pulsa dan Internet,Tagihan Pulsa Tri,Tagihan Pulsa Tri,tagihan pulsa tri,tagihan pulsa tri,tagih pulsa tri,3.0,3.0,0.0,0.0
Generate,Tagihan Pulsa dan Internet,Tagihan Pulsa Axis,Tagihan Pulsa Axis,tagihan pulsa axis,tagihan pulsa axis,tagih pulsa axis,3.0,3.0,0.0,0.0
Generate,Tagihan Pulsa dan Internet,Tagihan Pulsa Smartfren,Tagihan Pulsa Smartfren,tagihan pulsa smartfren,tagihan pulsa smartfren,tagih pulsa smartfren,3.0,3.0,0.0,0.0
Generate,Tagihan Pulsa dan Internet,Isi Pulsa Telkomsel 10K,Isi Pulsa Telkomsel 10K,isi pulsa telkomsel k,pulsa telkomsel,pulsa telkomsel,4.0,2.0,2.0,50.0
Generate,Tagihan Pulsa dan Internet,Isi Pulsa Telkomsel 25K,Isi Pulsa Telkomsel 25K,isi pulsa telkomsel k,pulsa telkomsel,pulsa telkomsel,4.0,2.0,2.0,50.0
Generate,Tagihan Pulsa dan Internet,Isi Pulsa Telkomsel 50K,Isi Pulsa Telkomsel 50K,isi pulsa telkomsel k,pulsa telkomsel,pulsa telkomsel,4.0,2.0,2.0,50.0
Generate,Tagihan Pulsa dan Internet,Isi Pulsa XL 10K,Isi Pulsa XL 10K,isi pulsa xl k,pulsa,pulsa,4.0,1.0,3.0,75.0
Generate,Tagihan Pulsa dan Internet,Isi Pulsa XL 25K,Isi Pulsa XL 25K,isi pulsa xl k,pulsa,pulsa,4.0,1.0,3.0,75.0
Generate,Tagihan Pulsa dan Internet,Isi Pulsa XL 50K,Isi Pulsa XL 50K,isi pulsa xl k,pulsa,pulsa,4.0,1.0,3.0,75.0
Generate,Tagihan Pulsa dan Internet,Isi Pulsa IM3 10K,Isi Pulsa IM3 10K,isi pulsa im k,pulsa im,pulsa im,4.0,2.0,2.0,50.0
Generate,Tagihan Pulsa dan Internet,Isi Pulsa IM3 25K,Isi Pulsa IM3 25K,isi pulsa im k,pulsa im,pulsa im,4.0,2.0,2.0,50.0
Generate,Tagihan Pulsa dan Internet,Isi Pulsa IM3 50K,Isi Pulsa IM3 50K,isi pulsa im k,pulsa im,pulsa im,4.0,2.0,2.0,50.0
Generate,Tagihan Pulsa dan Internet,Isi Pulsa Tri 10K,Isi Pulsa Tri 10K,isi pulsa tri k,pulsa tri,pulsa tri,4.0,2.0,2.0,50.0
Generate,Tagihan Pulsa dan Internet,Isi Pulsa Tri 25K,Isi Pulsa Tri 25K,isi pulsa tri k,pulsa tri,pulsa tri,4.0,2.0,2.0,50.0
Generate,Tagihan Pulsa dan Internet,Isi Pulsa Axis 10K,Isi Pulsa Axis 10K,isi pulsa axis k,pulsa axis,pulsa axis,4.0,2.0,2.0,50.0
Generate,Tagihan Pulsa dan Internet,Isi Pulsa Axis 25K,Isi Pulsa Axis 25K,isi pulsa axis k,pulsa axis,pulsa axis,4.0,2.0,2.0,50.0
Generate,Tagihan Pulsa dan Internet,Isi Pulsa Smartfren 10K,Isi Pulsa Smartfren 10K,isi pulsa smartfren k,pulsa smartfren,pulsa smartfren,4.0,2.0,2.0,50.0
Generate,Tagihan Pulsa dan Internet,Isi Pulsa Smartfren 25K,Isi Pulsa Smartfren 25K,isi pulsa smartfren k,pulsa smartfren,pulsa smartfren,4.0,2.0,2.0,50.0
Generate,Tagihan Pulsa dan Internet,Topup Pulsa Telkomsel,Topup Pulsa Telkomsel,topup pulsa telkomsel,topup pulsa telkomsel,topup pulsa telkomsel,3.0,3.0,0.0,0.0
Generate,Tagihan Pulsa dan Internet,Topup Pulsa XL,Topup Pulsa XL,topup pulsa xl,topup pulsa,topup pulsa,3.0,2.0,1.0,33.3
Generate,Tagihan Pulsa dan Internet,Topup Pulsa IM3,Topup Pulsa IM3,topup pulsa im,topup pulsa im,topup pulsa im,3.0,3.0,0.0,0.0
Generate,Tagihan Pulsa dan Internet,Topup Pulsa Tri,Topup Pulsa Tri,topup pulsa tri,topup pulsa tri,topup pulsa tri,3.0,3.0,0.0,0.0
Generate,Tagihan Pulsa dan Internet,Topup Pulsa Axis,Topup Pulsa Axis,topup pulsa axis,topup pulsa axis,topup pulsa axis,3.0,3.0,0.0,0.0
Generate,Tagihan Pulsa dan Internet,Topup Pulsa Smartfren,Topup Pulsa Smartfren,topup pulsa smartfren,topup pulsa smartfren,topup pulsa smartfren,3.0,3.0,0.0,0.0
Generate,Tagihan Pulsa dan Internet,Shopee Pulsa Telkomsel,Shopee Pulsa Telkomsel,shopee pulsa telkomsel,shopee pulsa telkomsel,shopee pulsa telkomsel,3.0,3.0,0.0,0.0
Generate,Tagihan Pulsa dan Internet,Shopee Pulsa XL,Shopee Pulsa XL,shopee pulsa xl,shopee pulsa,shopee pulsa,3.0,2.0,1.0,33.3
Generate,Tagihan Pulsa dan Internet,Shopee Pulsa Tri,Shopee Pulsa Tri,shopee pulsa tri,shopee pulsa tri,shopee pulsa tri,3.0,3.0,0.0,0.0
Generate,Tagihan Pulsa dan Internet,Shopee Pulsa Axis,Shopee Pulsa Axis,shopee pulsa axis,shopee pulsa axis,shopee pulsa axis,3.0,3.0,0.0,0.0
Generate,Tagihan Pulsa dan Internet,Shopee Pulsa IM3,Shopee Pulsa IM3,shopee pulsa im,shopee pulsa im,shopee pulsa im,3.0,3.0,0.0,0.0
Generate,Tagihan Pulsa dan Internet,Shopee Pulsa Smartfren,Shopee Pulsa Smartfren,shopee pulsa smartfren,shopee pulsa smartfren,shopee pulsa smartfren,3.0,3.0,0.0,0.0
Generate,Tagihan Pulsa dan Internet,Tokopedia Pulsa Telkomsel,Tokopedia Pulsa Telkomsel,tokopedia pulsa telkomsel,tokopedia pulsa telkomsel,tokopedia pulsa telkomsel,3.0,3.0,0.0,0.0
Generate,Tagihan Pulsa dan Internet,OVO Pulsa XL,OVO Pulsa XL,ovo pulsa xl,ovo pulsa,ovo pulsa,3.0,2.0,1.0,33.3
Generate,Tagihan Pulsa dan Internet,Dana Pulsa IM3,Dana Pulsa IM3,dana pulsa im,dana pulsa im,dana pulsa im,3.0,3.0,0.0,0.0
Generate,Tagihan Pulsa dan Internet,Gopay Pulsa Tri,Gopay Pulsa Tri,gopay pulsa tri,gopay pulsa tri,gopay pulsa tri,3.0,3.0,0.0,0.0
Generate,Tagihan Pulsa dan Internet,LinkAja Pulsa Axis,LinkAja Pulsa Axis,linkaja pulsa axis,linkaja pulsa axis,linkaja pulsa axis,3.0,3.0,0.0,0.0
Generate,Tagihan Pulsa dan Internet,Bayar Paket Data Telkomsel,Bayar Paket Data Telkomsel,bayar paket data telkomsel,data telkomsel,data telkomsel,4.0,2.0,2.0,50.0
Generate,Tagihan Pulsa dan Internet,Bayar Paket Data XL,Bayar Paket Data XL,bayar paket data xl,data,data,4.0,1.0,3.0,75.0
Generate,Tagihan Pulsa dan Internet,Bayar Paket Data Indosat,Bayar Paket Data Indosat,bayar paket data indosat,data indosat,data indosat,4.0,2.0,2.0,50.0
Generate,Tagihan Pulsa dan Internet,Bayar Paket Data Tri,Bayar Paket Data Tri,bayar paket data tri,data tri,data tri,4.0,2.0,2.0,50.0
Generate,Tagihan Pulsa dan Internet,Bayar Paket Data Axis,Bayar Paket Data Axis,bayar paket data axis,data axis,data axis,4.0,2.0,2.0,50.0
Generate,Tagihan Pulsa dan Internet,Bayar Paket Data Smartfren,Bayar Paket Data Smartfren,bayar paket data smartfren,data smartfren,data smartfren,4.0,2.0,2.0,50.0
Generate,Tagihan Pulsa dan Internet,Pembayaran Paket Data Telkomsel,Pembayaran Paket Data Telkomsel,pembayaran paket data telkomsel,pembayaran data telkomsel,bayar data telkomsel,4.0,3.0,1.0,25.0
Generate,Tagihan Pulsa dan Internet,Pembayaran Paket Data XL,Pembayaran Paket Data XL,pembayaran paket data xl,pembayaran data,bayar data,4.0,2.0,2.0,50.0
Generate,Tagihan Pulsa dan Internet,Pembayaran Paket Data IM3,Pembayaran Paket Data IM3,pembayaran paket data im,pembayaran data im,bayar data im,4.0,3.0,1.0,25.0
Generate,Tagihan Pulsa dan Internet,Pembayaran Paket Data Tri,Pembayaran Paket Data Tri,pembayaran paket data tri,pembayaran data tri,bayar data tri,4.0,3.0,1.0,25.0
Generate,Tagihan Pulsa dan Internet,Pembayaran Paket Data Axis,Pembayaran Paket Data Axis,pembayaran paket data axis,pembayaran data axis,bayar data axis,4.0,3.0,1.0,25.0
Generate,Tagihan Pulsa dan Internet,Pembayaran Paket Data Smartfren,Pembayaran Paket Data Smartfren,pembayaran paket data smartfren,pembayaran data smartfren,bayar data smartfren,4.0,3.0,1.0,25.0
Generate,Tagihan Pulsa dan Internet,Tagihan Paket Data Telkomsel,Tagihan Paket Data Telkomsel,tagihan paket data telkomsel,tagihan data telkomsel,tagih data telkomsel,4.0,3.0,1.0,25.0
Generate,Tagihan Pulsa dan Internet,Tagihan Paket Data XL,Tagihan Paket Data XL,tagihan paket data xl,tagihan data,tagih data,4.0,2.0,2.0,50.0
Generate,Tagihan Pulsa dan Internet,Tagihan Paket Data IM3,Tagihan Paket Data IM3,tagihan paket data im,tagihan data im,tagih data im,4.0,3.0,1.0,25.0
Generate,Tagihan Pulsa dan Internet,Tagihan Paket Data Tri,Tagihan Paket Data Tri,tagihan paket data tri,tagihan data tri,tagih data tri,4.0,3.0,1.0,25.0
Generate,Tagihan Pulsa dan Internet,Tagihan Paket Data Axis,Tagihan Paket Data Axis,tagihan paket data axis,tagihan data axis,tagih data axis,4.0,3.0,1.0,25.0
Generate,Tagihan Pulsa dan Internet,Tagihan Paket Data Smartfren,Tagihan Paket Data Smartfren,tagihan paket data smartfren,tagihan data smartfren,tagih data smartfren,4.0,3.0,1.0,25.0
Generate,Tagihan Pulsa dan Internet,Paket Data Telkomsel 2GB,Paket Data Telkomsel 2GB,paket data telkomsel gb,data telkomsel gb,data telkomsel gb,4.0,3.0,1.0,25.0
Generate,Tagihan Pulsa dan Internet,Paket Data Telkomsel 5GB,Paket Data Telkomsel 5GB,paket data telkomsel gb,data telkomsel gb,data telkomsel gb,4.0,3.0,1.0,25.0
Generate,Tagihan Pulsa dan Internet,Paket Data Telkomsel 10GB,Paket Data Telkomsel 10GB,paket data telkomsel gb,data telkomsel gb,data telkomsel gb,4.0,3.0,1.0,25.0
Generate,Tagihan Pulsa dan Internet,Paket Data XL 2GB,Paket Data XL 2GB,paket data xl gb,data gb,data gb,4.0,2.0,2.0,50.0
Generate,Tagihan Pulsa dan Internet,Paket Data XL 5GB,Paket Data XL 5GB,paket data xl gb,data gb,data gb,4.0,2.0,2.0,50.0
Generate,Tagihan Pulsa dan Internet,Paket Data XL 10GB,Paket Data XL 10GB,paket data xl gb,data gb,data gb,4.0,2.0,2.0,50.0
Generate,Tagihan Pulsa dan Internet,Paket Data IM3 2GB,Paket Data IM3 2GB,paket data im gb,data im gb,data im gb,4.0,3.0,1.0,25.0
Generate,Tagihan Pulsa dan Internet,Paket Data IM3 5GB,Paket Data IM3 5GB,paket data im gb,data im gb,data im gb,4.0,3.0,1.0,25.0
Generate,Tagihan Pulsa dan Internet,Paket Data IM3 10GB,Paket Data IM3 10GB,paket data im gb,data im gb,data im gb,4.0,3.0,1.0,25.0
Generate,Tagihan Pulsa dan Internet,Paket Data Tri 2GB,Paket Data Tri 2GB,paket data tri gb,data tri gb,data tri gb,4.0,3.0,1.0,25.0
Generate,Tagihan Pulsa dan Internet,Paket Data Tri 5GB,Paket Data Tri 5GB,paket data tri gb,data tri gb,data tri gb,4.0,3.0,1.0,25.0
Generate,Tagihan Pulsa dan Internet,Paket Data Axis 2GB,Paket Data Axis 2GB,paket data axis gb,data axis gb,data axis gb,4.0,3.0,1.0,25.0
Generate,Tagihan Pulsa dan Internet,Paket Data Axis 5GB,Paket Data Axis 5GB,paket data axis gb,data axis gb,data axis gb,4.0,3.0,1.0,25.0
Generate,Tagihan Pulsa dan Internet,Paket Data Smartfren 5GB,Paket Data Smartfren 5GB,paket data smartfren gb,data smartfren gb,data smartfren gb,4.0,3.0,1.0,25.0
Generate,Tagihan Pulsa dan Internet,Paket Data Smartfren 10GB,Paket Data Smartfren 10GB,paket data smartfren gb,data smartfren gb,data smartfren gb,4.0,3.0,1.0,25.0
Generate,Tagihan Pulsa dan Internet,Kuota Internet Telkomsel,Kuota Internet Telkomsel,kuota internet telkomsel,kuota internet telkomsel,kuota internet telkomsel,3.0,3.0,0.0,0.0
Generate,Tagihan Pulsa dan Internet,Kuota Internet XL,Kuota Internet XL,kuota internet xl,kuota internet,kuota internet,3.0,2.0,1.0,33.3
Generate,Tagihan Pulsa dan Internet,Kuota Internet IM3,Kuota Internet IM3,kuota internet im,kuota internet im,kuota internet im,3.0,3.0,0.0,0.0
Generate,Tagihan Pulsa dan Internet,Kuota Internet Tri,Kuota Internet Tri,kuota internet tri,kuota internet tri,kuota internet tri,3.0,3.0,0.0,0.0
Generate,Tagihan Pulsa dan Internet,Kuota Internet Axis,Kuota Internet Axis,kuota internet axis,kuota internet axis,kuota internet axis,3.0,3.0,0.0,0.0
Generate,Tagihan Pulsa dan Internet,Kuota Internet Smartfren,Kuota Internet Smartfren,kuota internet smartfren,kuota internet smartfren,kuota internet smartfren,3.0,3.0,0.0,0.0
Generate,Tagihan Pulsa dan Internet,Beli Kuota Telkomsel,Beli Kuota Telkomsel,beli kuota telkomsel,beli kuota telkomsel,beli kuota telkomsel,3.0,3.0,0.0,0.0
Generate,Tagihan Pulsa dan Internet,Beli Kuota XL,Beli Kuota XL,beli kuota xl,beli kuota,beli kuota,3.0,2.0,1.0,33.3
Generate,Tagihan Pulsa dan Internet,Beli Kuota IM3,Beli Kuota IM3,beli kuota im,beli kuota im,beli kuota im,3.0,3.0,0.0,0.0
Generate,Tagihan Pulsa dan Internet,Beli Kuota Tri,Beli Kuota Tri,beli kuota tri,beli kuota tri,beli kuota tri,3.0,3.0,0.0,0.0
Generate,Tagihan Pulsa dan Internet,Beli Kuota Axis,Beli Kuota Axis,beli kuota axis,beli kuota axis,beli kuota axis,3.0,3.0,0.0,0.0
Generate,Tagihan Pulsa dan Internet,Beli Kuota Smartfren,Beli Kuota Smartfren,beli kuota smartfren,beli kuota smartfren,beli kuota smartfren,3.0,3.0,0.0,0.0
Generate,Tagihan Pulsa dan Internet,Voucher Data Telkomsel,Voucher Data Telkomsel,voucher data telkomsel,data telkomsel,data telkomsel,3.0,2.0,1.0,33.3
Generate,Tagihan Pulsa dan Internet,Voucher Data XL,Voucher Data XL,voucher data xl,data,data,3.0,1.0,2.0,66.7
Generate,Tagihan Pulsa dan Internet,Voucher Data IM3,Voucher Data IM3,voucher data im,data im,data im,3.0,2.0,1.0,33.3
Generate,Tagihan Pulsa dan Internet,Voucher Data Tri,Voucher Data Tri,voucher data tri,data tri,data tri,3.0,2.0,1.0,33.3
Generate,Tagihan Pulsa dan Internet,Voucher Data Axis,Voucher Data Axis,voucher data axis,data axis,data axis,3.0,2.0,1.0,33.3
Generate,Tagihan Pulsa dan Internet,Voucher Data Smartfren,Voucher Data Smartfren,voucher data smartfren,data smartfren,data smartfren,3.0,2.0,1.0,33.3
Generate,Tagihan Pulsa dan Internet,Telkomsel Combo Sakti,Telkomsel Combo Sakti,telkomsel combo sakti,telkomsel combo,telkomsel combo,3.0,2.0,1.0,33.3
Generate,Tagihan Pulsa dan Internet,Telkomsel OMG Package,Telkomsel OMG Package,telkomsel omg package,telkomsel omg package,telkomsel omg package,3.0,3.0,0.0,0.0
Generate,Tagihan Pulsa dan Internet,XL Xtra Combo,XL Xtra Combo,xl xtra combo,xtra combo,xtra combo,3.0,2.0,1.0,33.3
Generate,Tagihan Pulsa dan Internet,XL Prioritas Data,XL Prioritas Data,xl prioritas data,prioritas data,prioritas data,3.0,2.0,1.0,33.3
Generate,Tagihan Pulsa dan Internet,IM3 Freedom Internet,IM3 Freedom Internet,im freedom internet,im freedom internet,im freedom internet,3.0,3.0,0.0,0.0
Generate,Tagihan Pulsa dan Internet,Tri AlwaysOn,Tri AlwaysOn,tri alwayson,tri alwayson,tri alwayson,2.0,2.0,0.0,0.0
Generate,Tagihan Pulsa dan Internet,Tri Happy Package,Tri Happy Package,tri happy package,tri happy package,tri happy package,3.0,3.0,0.0,0.0
Generate,Tagihan Pulsa dan Internet,Axis Bronet,Axis Bronet,axis bronet,axis bronet,axis bronet,2.0,2.0,0.0,0.0
Generate,Tagihan Pulsa dan Internet,Axis Owsem,Axis Owsem,axis owsem,axis owsem,axis owsem,2.0,2.0,0.0,0.0
Generate,Tagihan Pulsa dan Internet,Smartfren Unlimited,Smartfren Unlimited,smartfren unlimited,smartfren unlimited,smartfren unlimited,2.0,2.0,0.0,0.0
Generate,Tagihan Pulsa dan Internet,Smartfren Nonstop,Smartfren Nonstop,smartfren nonstop,smartfren nonstop,smartfren nonstop,2.0,2.0,0.0,0.0
Generate,Tagihan Pulsa dan Internet,Shopee Paket Data Telkomsel,Shopee Paket Data Telkomsel,shopee paket data telkomsel,shopee data telkomsel,shopee data telkomsel,4.0,3.0,1.0,25.0
Generate,Tagihan Pulsa dan Internet,Shopee Paket Data XL,Shopee Paket Data XL,shopee paket data xl,shopee data,shopee data,4.0,2.0,2.0,50.0
Generate,Tagihan Pulsa dan Internet,Shopee Paket Data IM3,Shopee Paket Data IM3,shopee paket data im,shopee data im,shopee data im,4.0,3.0,1.0,25.0
Generate,Tagihan Pulsa dan Internet,Shopee Paket Data Tri,Shopee Paket Data Tri,shopee paket data tri,shopee data tri,shopee data tri,4.0,3.0,1.0,25.0
Generate,Tagihan Pulsa dan Internet,Shopee Paket Data Axis,Shopee Paket Data Axis,shopee paket data axis,shopee data axis,shopee data axis,4.0,3.0,1.0,25.0
Generate,Tagihan Pulsa dan Internet,Shopee Paket Data Smartfren,Shopee Paket Data Smartfren,shopee paket data smartfren,shopee data smartfren,shopee data smartfren,4.0,3.0,1.0,25.0
Generate,Tagihan Pulsa dan Internet,Tokopedia Paket Data XL,Tokopedia Paket Data XL,tokopedia paket data xl,tokopedia data,tokopedia data,4.0,2.0,2.0,50.0
Generate,Tagihan Pulsa dan Internet,OVO Paket Data Tri,OVO Paket Data Tri,ovo paket data tri,ovo data tri,ovo data tri,4.0,3.0,1.0,25.0
Generate,Tagihan Pulsa dan Internet,Dana Paket Data IM3,Dana Paket Data IM3,dana paket data im,dana data im,dana data im,4.0,3.0,1.0,25.0
Generate,Tagihan Pulsa dan Internet,Gopay Paket Data Axis,Gopay Paket Data Axis,gopay paket data axis,gopay data axis,gopay data axis,4.0,3.0,1.0,25.0
Generate,Tagihan Pulsa dan Internet,LinkAja Paket Data Telkomsel,LinkAja Paket Data Telkomsel,linkaja paket data telkomsel,linkaja data telkomsel,linkaja data telkomsel,4.0,3.0,1.0,25.0
Generate,Tagihan Pulsa dan Internet,Autodebet Telkomsel Halo,Autodebet Telkomsel Halo,autodebet telkomsel halo,autodebet telkomsel halo,autodebet telkomsel halo,3.0,3.0,0.0,0.0
Generate,Tagihan Pulsa dan Internet,Tagihan kartuHalo,Tagihan kartuHalo,tagihan kartuhalo,tagihan kartuhalo,tagih kartuhalo,2.0,2.0,0.0,0.0
Generate,Tagihan Pulsa dan Internet,Bayar kartuHalo,Bayar kartuHalo,bayar kartuhalo,kartuhalo,kartuhalo,2.0,1.0,1.0,50.0
Generate,Tagihan Pulsa dan Internet,Pembayaran Halo Telkomsel,Pembayaran Halo Telkomsel,pembayaran halo telkomsel,pembayaran halo telkomsel,bayar halo telkomsel,3.0,3.0,0.0,0.0
Generate,Tagihan Pulsa dan Internet,Tagihan Pascabayar XL,Tagihan Pascabayar XL,tagihan pascabayar xl,tagihan pascabayar,tagih pascabayar,3.0,2.0,1.0,33.3
Generate,Tagihan Pulsa dan Internet,Bayar XL Prioritas,Bayar XL Prioritas,bayar xl prioritas,prioritas,prioritas,3.0,1.0,2.0,66.7
Generate,Tagihan Pulsa dan Internet,Pembayaran XL Prioritas,Pembayaran XL Prioritas,pembayaran xl prioritas,pembayaran prioritas,bayar prioritas,3.0,2.0,1.0,33.3
Generate,Tagihan Pulsa dan Internet,Tagihan Indosat Pascabayar,Tagihan Indosat Pascabayar,tagihan indosat pascabayar,tagihan indosat pascabayar,tagih indosat pascabayar,3.0,3.0,0.0,0.0
Generate,Tagihan Pulsa dan Internet,Bayar Matrix Indosat,Bayar Matrix Indosat,bayar matrix indosat,matrix indosat,matrix indosat,3.0,2.0,1.0,33.3
Generate,Tagihan Pulsa dan Internet,Pembayaran Matrix Ooredoo,Pembayaran Matrix Ooredoo,pembayaran matrix ooredoo,pembayaran matrix ooredoo,bayar matrix ooredoo,3.0,3.0,0.0,0.0
Generate,Tagihan Pulsa dan Internet,Tagihan Smartfren Pascabayar,Tagihan Smartfren Pascabayar,tagihan smartfren pascabayar,tagihan smartfren pascabayar,tagih smartfren pascabayar,3.0,3.0,0.0,0.0
Generate,Tagihan Pulsa dan Internet,Bayar Smartfren Postpaid,Bayar Smartfren Postpaid,bayar smartfren postpaid,smartfren postpaid,smartfren postpaid,3.0,2.0,1.0,33.3
Generate,Tagihan Pulsa dan Internet,Tagihan Tri Pascabayar,Tagihan Tri Pascabayar,tagihan tri pascabayar,tagihan tri pascabayar,tagih tri pascabayar,3.0,3.0,0.0,0.0
Generate,Tagihan Pulsa dan Internet,Bayar Tri Postpaid,Bayar Tri Postpaid,bayar tri postpaid,tri postpaid,tri postpaid,3.0,2.0,1.0,33.3
Generate,Tagihan Pulsa dan Internet,Telkomsel Pascabayar,Telkomsel Pascabayar,telkomsel pascabayar,telkomsel pascabayar,telkomsel pascabayar,2.0,2.0,0.0,0.0
Generate,Tagihan Pulsa dan Internet,XL Pascabayar,XL Pascabayar,xl pascabayar,pascabayar,pascabayar,2.0,1.0,1.0,50.0
Generate,Tagihan Pulsa dan Internet,Indosat Pascabayar,Indosat Pascabayar,indosat pascabayar,indosat pascabayar,indosat pascabayar,2.0,2.0,0.0,0.0
Generate,Tagihan Pulsa dan Internet,Smartfren Pascabayar,Smartfren Pascabayar,smartfren pascabayar,smartfren pascabayar,smartfren pascabayar,2.0,2.0,0.0,0.0
Generate,Tagihan Pulsa dan Internet,Tri Pascabayar,Tri Pascabayar,tri pascabayar,tri pascabayar,tri pascabayar,2.0,2.0,0.0,0.0
Generate,Tagihan Pulsa dan Internet,Pulsa Darurat Telkomsel,Pulsa Darurat Telkomsel,pulsa darurat telkomsel,pulsa darurat telkomsel,pulsa darurat telkomsel,3.0,3.0,0.0,0.0
Generate,Tagihan Pulsa dan Internet,Pulsa Transfer XL,Pulsa Transfer XL,pulsa transfer xl,pulsa transfer,pulsa transfer,3.0,2.0,1.0,33.3
Generate,Tagihan Pulsa dan Internet,Pulsa Transfer Tri,Pulsa Transfer Tri,pulsa transfer tri,pulsa transfer tri,pulsa transfer tri,3.0,3.0,0.0,0.0
Generate,Tagihan Pulsa dan Internet,Pulsa Reguler Axis,Pulsa Reguler Axis,pulsa reguler axis,pulsa axis,pulsa axis,3.0,2.0,1.0,33.3
Generate,Tagihan Pulsa dan Internet,Recharge Telkomsel,Recharge Telkomsel,recharge telkomsel,recharge telkomsel,recharge telkomsel,2.0,2.0,0.0,0.0
Generate,Tagihan Pulsa dan Internet,Recharge XL,Recharge XL,recharge xl,recharge,recharge,2.0,1.0,1.0,50.0
Generate,Tagihan Pulsa dan Internet,Recharge IM3,Recharge IM3,recharge im,recharge im,recharge im,2.0,2.0,0.0,0.0
Generate,Tagihan Pulsa dan Internet,Recharge Tri,Recharge Tri,recharge tri,recharge tri,recharge tri,2.0,2.0,0.0,0.0
Generate,Tagihan Pulsa dan Internet,Recharge Axis,Recharge Axis,recharge axis,recharge axis,recharge axis,2.0,2.0,0.0,0.0
Generate,Tagihan Pulsa dan Internet,Recharge Smartfren,Recharge Smartfren,recharge smartfren,recharge smartfren,recharge smartfren,2.0,2.0,0.0,0.0
Generate,Tagihan Pulsa dan Internet,Mobile Credit Telkomsel,Mobile Credit Telkomsel,mobile credit telkomsel,mobile credit telkomsel,mobile credit telkomsel,3.0,3.0,0.0,0.0
Generate,Tagihan Pulsa dan Internet,Mobile Credit XL,Mobile Credit XL,mobile credit xl,mobile credit,mobile credit,3.0,2.0,1.0,33.3
Generate,Tagihan Pulsa dan Internet,Mobile Credit IM3,Mobile Credit IM3,mobile credit im,mobile credit im,mobile credit im,3.0,3.0,0.0,0.0
Generate,Tagihan Pulsa dan Internet,Mobile Credit Tri,Mobile Credit Tri,mobile credit tri,mobile credit tri,mobile credit tri,3.0,3.0,0.0,0.0
Generate,Tagihan Pulsa dan Internet,Internet Bill Telkomsel,Internet Bill Telkomsel,internet bill telkomsel,internet bill telkomsel,internet bill telkomsel,3.0,3.0,0.0,0.0
Generate,Tagihan Pulsa dan Internet,Internet Bill XL,Internet Bill XL,internet bill xl,internet bill,internet bill,3.0,2.0,1.0,33.3
Generate,Tagihan Pulsa dan Internet,Internet Bill IM3,Internet Bill IM3,internet bill im,internet bill im,internet bill im,3.0,3.0,0.0,0.0
Generate,Tagihan Pulsa dan Internet,Internet Bill Tri,Internet Bill Tri,internet bill tri,internet bill tri,internet bill tri,3.0,3.0,0.0,0.0
Generate,Tagihan Pulsa dan Internet,Internet Bill Axis,Internet Bill Axis,internet bill axis,internet bill axis,internet bill axis,3.0,3.0,0.0,0.0
Generate,Tagihan Pulsa dan Internet,Internet Bill Smartfren,Internet Bill Smartfren,internet bill smartfren,internet bill smartfren,internet bill smartfren,3.0,3.0,0.0,0.0
Generate,Tagihan Pulsa dan Internet,Tagihan Telkomsel Halo,Tagihan Telkomsel Halo,tagihan telkomsel halo,tagihan telkomsel halo,tagih telkomsel halo,3.0,3.0,0.0,0.0
Generate,Tagihan Pulsa dan Internet,Bayar Telkomsel Halo,Bayar Telkomsel Halo,bayar telkomsel halo,telkomsel halo,telkomsel halo,3.0,2.0,1.0,33.3
Generate,Tagihan Pulsa dan Internet,Telkomsel Halo Bulanan,Telkomsel Halo Bulanan,telkomsel halo bulanan,telkomsel halo bulanan,telkomsel halo bulan,3.0,3.0,0.0,0.0
Generate,Tagihan Pulsa dan Internet,Invoice Telkomsel Halo,Invoice Telkomsel Halo,invoice telkomsel halo,invoice telkomsel halo,invoice telkomsel halo,3.0,3.0,0.0,0.0
Generate,Tagihan Pulsa dan Internet,Kartu Halo Monthly Bill,Kartu Halo Monthly Bill,kartu halo monthly bill,kartu halo monthly bill,kartu halo monthly bill,4.0,4.0,0.0,0.0
Generate,Tagihan Pulsa dan Internet,Postpaid Telkomsel Halo,Postpaid Telkomsel Halo,postpaid telkomsel halo,postpaid telkomsel halo,postpaid telkomsel halo,3.0,3.0,0.0,0.0
Generate,Tagihan Pulsa dan Internet,Tagihan XL Prioritas,Tagihan XL Prioritas,tagihan xl prioritas,tagihan prioritas,tagih prioritas,3.0,2.0,1.0,33.3
Generate,Tagihan Pulsa dan Internet,Autodebet XL Prioritas,Autodebet XL Prioritas,autodebet xl prioritas,autodebet prioritas,autodebet prioritas,3.0,2.0,1.0,33.3
Generate,Tagihan Pulsa dan Internet,XL Prioritas Bulanan,XL Prioritas Bulanan,xl prioritas bulanan,prioritas bulanan,prioritas bulan,3.0,2.0,1.0,33.3
Generate,Tagihan Pulsa dan Internet,Invoice XL Prioritas,Invoice XL Prioritas,invoice xl prioritas,invoice prioritas,invoice prioritas,3.0,2.0,1.0,33.3
Generate,Tagihan Pulsa dan Internet,Tagihan XL Pascabayar,Tagihan XL Pascabayar,tagihan xl pascabayar,tagihan pascabayar,tagih pascabayar,3.0,2.0,1.0,33.3
Generate,Tagihan Pulsa dan Internet,Bayar XL Pascabayar,Bayar XL Pascabayar,bayar xl pascabayar,pascabayar,pascabayar,3.0,1.0,2.0,66.7
Generate,Tagihan Pulsa dan Internet,XL Postpaid Bill,XL Postpaid Bill,xl postpaid bill,postpaid bill,postpaid bill,3.0,2.0,1.0,33.3
Generate,Tagihan Pulsa dan Internet,Tagihan Indosat Matrix,Tagihan Indosat Matrix,tagihan indosat matrix,tagihan indosat matrix,tagih indosat matrix,3.0,3.0,0.0,0.0
Generate,Tagihan Pulsa dan Internet,Bayar Indosat Matrix,Bayar Indosat Matrix,bayar indosat matrix,indosat matrix,indosat matrix,3.0,2.0,1.0,33.3
Generate,Tagihan Pulsa dan Internet,Autodebet Matrix,Autodebet Matrix,autodebet matrix,autodebet matrix,autodebet matrix,2.0,2.0,0.0,0.0
Generate,Tagihan Pulsa dan Internet,Matrix Bulanan,Matrix Bulanan,matrix bulanan,matrix bulanan,matrix bulan,2.0,2.0,0.0,0.0
Generate,Tagihan Pulsa dan Internet,Invoice Matrix Indosat,Invoice Matrix Indosat,invoice matrix indosat,invoice matrix indosat,invoice matrix indosat,3.0,3.0,0.0,0.0
Generate,Tagihan Pulsa dan Internet,Bayar Indosat Pascabayar,Bayar Indosat Pascabayar,bayar indosat pascabayar,indosat pascabayar,indosat pascabayar,3.0,2.0,1.0,33.3
Generate,Tagihan Pulsa dan Internet,Indosat Postpaid Bill,Indosat Postpaid Bill,indosat postpaid bill,indosat postpaid bill,indosat postpaid bill,3.0,3.0,0.0,0.0
Generate,Tagihan Pulsa dan Internet,Bayar Smartfren Pascabayar,Bayar Smartfren Pascabayar,bayar smartfren pascabayar,smartfren pascabayar,smartfren pascabayar,3.0,2.0,1.0,33.3
Generate,Tagihan Pulsa dan Internet,Pembayaran Smartfren Postpaid,Pembayaran Smartfren Postpaid,pembayaran smartfren postpaid,pembayaran smartfren postpaid,bayar smartfren postpaid,3.0,3.0,0.0,0.0
Generate,Tagihan Pulsa dan Internet,Autodebet Smartfren,Autodebet Smartfren,autodebet smartfren,autodebet smartfren,autodebet smartfren,2.0,2.0,0.0,0.0
Generate,Tagihan Pulsa dan Internet,Smartfren Bulanan,Smartfren Bulanan,smartfren bulanan,smartfren bulanan,smartfren bulan,2.0,2.0,0.0,0.0
Generate,Tagihan Pulsa dan Internet,Invoice Smartfren,Invoice Smartfren,invoice smartfren,invoice smartfren,invoice smartfren,2.0,2.0,0.0,0.0
Generate,Tagihan Pulsa dan Internet,Smartfren Postpaid Bill,Smartfren Postpaid Bill,smartfren postpaid bill,smartfren postpaid bill,smartfren postpaid bill,3.0,3.0,0.0,0.0
Generate,Tagihan Pulsa dan Internet,Bayar Tri Pascabayar,Bayar Tri Pascabayar,bayar tri pascabayar,tri pascabayar,tri pascabayar,3.0,2.0,1.0,33.3
Generate,Tagihan Pulsa dan Internet,Pembayaran Tri Postpaid,Pembayaran Tri Postpaid,pembayaran tri postpaid,pembayaran tri postpaid,bayar tri postpaid,3.0,3.0,0.0,0.0
Generate,Tagihan Pulsa dan Internet,Autodebet Tri,Autodebet Tri,autodebet tri,autodebet tri,autodebet tri,2.0,2.0,0.0,0.0
Generate,Tagihan Pulsa dan Internet,Tri Bulanan,Tri Bulanan,tri bulanan,tri bulanan,tri bulan,2.0,2.0,0.0,0.0
Generate,Tagihan Pulsa dan Internet,Invoice Tri,Invoice Tri,invoice tri,invoice tri,invoice tri,2.0,2.0,0.0,0.0
Generate,Tagihan Pulsa dan Internet,Tri Postpaid Bill,Tri Postpaid Bill,tri postpaid bill,tri postpaid bill,tri postpaid bill,3.0,3.0,0.0,0.0
Generate,Tagihan Pulsa dan Internet,Tagihan Axis Pascabayar,Tagihan Axis Pascabayar,tagihan axis pascabayar,tagihan axis pascabayar,tagih axis pascabayar,3.0,3.0,0.0,0.0
Generate,Tagihan Pulsa dan Internet,Bayar Axis Pascabayar,Bayar Axis Pascabayar,bayar axis pascabayar,axis pascabayar,axis pascabayar,3.0,2.0,1.0,33.3
Generate,Tagihan Pulsa dan Internet,Pembayaran Axis Postpaid,Pembayaran Axis Postpaid,pembayaran axis postpaid,pembayaran axis postpaid,bayar axis postpaid,3.0,3.0,0.0,0.0
Generate,Tagihan Pulsa dan Internet,Autodebet Axis,Autodebet Axis,autodebet axis,autodebet axis,autodebet axis,2.0,2.0,0.0,0.0
Generate,Tagihan Pulsa dan Internet,Axis Bulanan,Axis Bulanan,axis bulanan,axis bulanan,axis bulan,2.0,2.0,0.0,0.0
Generate,Tagihan Pulsa dan Internet,Invoice Axis,Invoice Axis,invoice axis,invoice axis,invoice axis,2.0,2.0,0.0,0.0
Generate,Tagihan Pulsa dan Internet,Axis Postpaid Bill,Axis Postpaid Bill,axis postpaid bill,axis postpaid bill,axis postpaid bill,3.0,3.0,0.0,0.0
Generate,Tagihan Pulsa dan Internet,Tagihan IM3 Pascabayar,Tagihan IM3 Pascabayar,tagihan im pascabayar,tagihan im pascabayar,tagih im pascabayar,3.0,3.0,0.0,0.0
Generate,Tagihan Pulsa dan Internet,Bayar IM3 Pascabayar,Bayar IM3 Pascabayar,bayar im pascabayar,im pascabayar,im pascabayar,3.0,2.0,1.0,33.3
Generate,Tagihan Pulsa dan Internet,Pembayaran IM3 Postpaid,Pembayaran IM3 Postpaid,pembayaran im postpaid,pembayaran im postpaid,bayar im postpaid,3.0,3.0,0.0,0.0
Generate,Tagihan Pulsa dan Internet,Autodebet IM3,Autodebet IM3,autodebet im,autodebet im,autodebet im,2.0,2.0,0.0,0.0
Generate,Tagihan Pulsa dan Internet,IM3 Bulanan,IM3 Bulanan,im bulanan,im bulanan,im bulan,2.0,2.0,0.0,0.0
Generate,Tagihan Pulsa dan Internet,Invoice IM3,Invoice IM3,invoice im,invoice im,invoice im,2.0,2.0,0.0,0.0
Generate,Tagihan Pulsa dan Internet,IM3 Postpaid Bill,IM3 Postpaid Bill,im postpaid bill,im postpaid bill,im postpaid bill,3.0,3.0,0.0,0.0
Generate,Tagihan Pulsa dan Internet,Bayar Nomor Halo,Bayar Nomor Halo,bayar nomor halo,nomor halo,nomor halo,3.0,2.0,1.0,33.3
Generate,Tagihan Pulsa dan Internet,Tagihan Nomor XL Prioritas,Tagihan Nomor XL Prioritas,tagihan nomor xl prioritas,tagihan nomor prioritas,tagih nomor prioritas,4.0,3.0,1.0,25.0
Generate,Tagihan Pulsa dan Internet,Bayar Nomor Matrix,Bayar Nomor Matrix,bayar nomor matrix,nomor matrix,nomor matrix,3.0,2.0,1.0,33.3
Generate,Tagihan Pulsa dan Internet,Tagihan Nomor Smartfren,Tagihan Nomor Smartfren,tagihan nomor smartfren,tagihan nomor smartfren,tagih nomor smartfren,3.0,3.0,0.0,0.0
Generate,Tagihan Pulsa dan Internet,Pembayaran Nomor Tri,Pembayaran Nomor Tri,pembayaran nomor tri,pembayaran nomor tri,bayar nomor tri,3.0,3.0,0.0,0.0
Generate,Tagihan Pulsa dan Internet,Invoice Nomor Axis,Invoice Nomor Axis,invoice nomor axis,invoice nomor axis,invoice nomor axis,3.0,3.0,0.0,0.0
Generate,Tagihan Pulsa dan Internet,Tagihan Provider Bulanan,Tagihan Provider Bulanan,tagihan provider bulanan,tagihan provider bulanan,tagih provider bulan,3.0,3.0,0.0,0.0
Generate,Tagihan Pulsa dan Internet,Bayar Kartu Pascabayar,Bayar Kartu Pascabayar,bayar kartu pascabayar,kartu pascabayar,kartu pascabayar,3.0,2.0,1.0,33.3
Generate,Tagihan Pulsa dan Internet,Pembayaran Seluler Pascabayar,Pembayaran Seluler Pascabayar,pembayaran seluler pascabayar,pembayaran pascabayar,bayar pascabayar,3.0,2.0,1.0,33.3
Generate,Tagihan Pulsa dan Internet,Autodebet Nomor Pascabayar,Autodebet Nomor Pascabayar,autodebet nomor pascabayar,autodebet nomor pascabayar,autodebet nomor pascabayar,3.0,3.0,0.0,0.0
Generate,Tagihan Pulsa dan Internet,Tagihan Telekomunikasi Bulanan,Tagihan Telekomunikasi Bulanan,tagihan telekomunikasi bulanan,tagihan telekomunikasi bulanan,tagih telekomunikasi bulan,3.0,3.0,0.0,0.0
Generate,Tagihan Pulsa dan Internet,Bayar Bill Telkomsel,Bayar Bill Telkomsel,bayar bill telkomsel,bill telkomsel,bill telkomsel,3.0,2.0,1.0,33.3
Generate,Tagihan Pulsa dan Internet,Bayar Bill XL,Bayar Bill XL,bayar bill xl,bill,bill,3.0,1.0,2.0,66.7
Generate,Tagihan Pulsa dan Internet,Bayar Bill Indosat,Bayar Bill Indosat,bayar bill indosat,bill indosat,bill indosat,3.0,2.0,1.0,33.3
Generate,Tagihan Pulsa dan Internet,Bayar Bill Smartfren,Bayar Bill Smartfren,bayar bill smartfren,bill smartfren,bill smartfren,3.0,2.0,1.0,33.3
Generate,Tagihan Pulsa dan Internet,Bayar Bill Tri,Bayar Bill Tri,bayar bill tri,bill tri,bill tri,3.0,2.0,1.0,33.3
Generate,Tagihan Pulsa dan Internet,Bayar Bill Axis,Bayar Bill Axis,bayar bill axis,bill axis,bill axis,3.0,2.0,1.0,33.3
Generate,Tagihan Pulsa dan Internet,Monthly Bill Telkomsel Halo,Monthly Bill Telkomsel Halo,monthly bill telkomsel halo,monthly bill telkomsel halo,monthly bill telkomsel halo,4.0,4.0,0.0,0.0
Generate,Tagihan Pulsa dan Internet,Monthly Bill XL Prioritas,Monthly Bill XL Prioritas,monthly bill xl prioritas,monthly bill prioritas,monthly bill prioritas,4.0,3.0,1.0,25.0
Generate,Tagihan Pulsa dan Internet,Monthly Bill Matrix,Monthly Bill Matrix,monthly bill matrix,monthly bill matrix,monthly bill matrix,3.0,3.0,0.0,0.0
Generate,Tagihan Pulsa dan Internet,Monthly Bill Smartfren,Monthly Bill Smartfren,monthly bill smartfren,monthly bill smartfren,monthly bill smartfren,3.0,3.0,0.0,0.0
Generate,Tagihan Pulsa dan Internet,Monthly Bill Tri,Monthly Bill Tri,monthly bill tri,monthly bill tri,monthly bill tri,3.0,3.0,0.0,0.0
Generate,Tagihan Pulsa dan Internet,Monthly Bill Axis,Monthly Bill Axis,monthly bill axis,monthly bill axis,monthly bill axis,3.0,3.0,0.0,0.0
Generate,Tagihan Pulsa dan Internet,Postpaid Payment Telkomsel,Postpaid Payment Telkomsel,postpaid payment telkomsel,postpaid payment telkomsel,postpaid payment telkomsel,3.0,3.0,0.0,0.0
Generate,Tagihan Pulsa dan Internet,Postpaid Payment XL,Postpaid Payment XL,postpaid payment xl,postpaid payment,postpaid payment,3.0,2.0,1.0,33.3
Generate,Tagihan Pulsa dan Internet,Postpaid Payment Indosat,Postpaid Payment Indosat,postpaid payment indosat,postpaid payment indosat,postpaid payment indosat,3.0,3.0,0.0,0.0
Generate,Tagihan Pulsa dan Internet,Postpaid Payment Smartfren,Postpaid Payment Smartfren,postpaid payment smartfren,postpaid payment smartfren,postpaid payment smartfren,3.0,3.0,0.0,0.0
Generate,Tagihan Pulsa dan Internet,Postpaid Payment Tri,Postpaid Payment Tri,postpaid payment tri,postpaid payment tri,postpaid payment tri,3.0,3.0,0.0,0.0
Generate,Tagihan Pulsa dan Internet,Postpaid Payment Axis,Postpaid Payment Axis,postpaid payment axis,postpaid payment axis,postpaid payment axis,3.0,3.0,0.0,0.0
Generate,Tagihan Pulsa dan Internet,Tagihan Mobile Postpaid,Tagihan Mobile Postpaid,tagihan mobile postpaid,tagihan mobile postpaid,tagih mobile postpaid,3.0,3.0,0.0,0.0
Generate,Tagihan Pulsa dan Internet,Bayar Mobile Postpaid,Bayar Mobile Postpaid,bayar mobile postpaid,mobile postpaid,mobile postpaid,3.0,2.0,1.0,33.3
Generate,Tagihan Pulsa dan Internet,Pembayaran Paket Pascabayar,Pembayaran Paket Pascabayar,pembayaran paket pascabayar,pembayaran pascabayar,bayar pascabayar,3.0,2.0,1.0,33.3
Generate,Tagihan Pulsa dan Internet,Tagihan Data Pascabayar,Tagihan Data Pascabayar,tagihan data pascabayar,tagihan data pascabayar,tagih data pascabayar,3.0,3.0,0.0,0.0
Generate,Tagihan Pulsa dan Internet,Bayar Data Pascabayar,Bayar Data Pascabayar,bayar data pascabayar,data pascabayar,data pascabayar,3.0,2.0,1.0,33.3
Generate,Tagihan Pulsa dan Internet,Tagihan Telepon Bulanan,Tagihan Telepon Bulanan,tagihan telepon bulanan,tagihan telepon bulanan,tagih telepon bulan,3.0,3.0,0.0,0.0
Generate,Tagihan Pulsa dan Internet,Bayar Telepon Seluler Bulanan,Bayar Telepon Seluler Bulanan,bayar telepon seluler bulanan,telepon bulanan,telepon bulan,4.0,2.0,2.0,50.0
Generate,Tagihan Pulsa dan Internet,Invoice Provider Seluler,Invoice Provider Seluler,invoice provider seluler,invoice provider,invoice provider,3.0,2.0,1.0,33.3
Generate,Tagihan Pulsa dan Internet,Autodebet Provider Mobile,Autodebet Provider Mobile,autodebet provider mobile,autodebet provider mobile,autodebet provider mobile,3.0,3.0,0.0,0.0
Generate,Tagihan Pulsa dan Internet,Tagihan Kartu Halo Mei,Tagihan Kartu Halo Mei,tagihan kartu halo mei,tagihan kartu halo mei,tagih kartu halo mei,4.0,4.0,0.0,0.0
Generate,Tagihan Pulsa dan Internet,Tagihan XL Prioritas Mei,Tagihan XL Prioritas Mei,tagihan xl prioritas mei,tagihan prioritas mei,tagih prioritas mei,4.0,3.0,1.0,25.0
Generate,Tagihan Pulsa dan Internet,Tagihan Matrix Mei,Tagihan Matrix Mei,tagihan matrix mei,tagihan matrix mei,tagih matrix mei,3.0,3.0,0.0,0.0
Generate,Tagihan Pulsa dan Internet,Tagihan Smartfren Mei,Tagihan Smartfren Mei,tagihan smartfren mei,tagihan smartfren mei,tagih smartfren mei,3.0,3.0,0.0,0.0
Generate,Tagihan Pulsa dan Internet,Tagihan Tri Mei,Tagihan Tri Mei,tagihan tri mei,tagihan tri mei,tagih tri mei,3.0,3.0,0.0,0.0
Generate,Tagihan Pulsa dan Internet,Tagihan Axis Mei,Tagihan Axis Mei,tagihan axis mei,tagihan axis mei,tagih axis mei,3.0,3.0,0.0,0.0
Generate,Tagihan Pulsa dan Internet,Tagihan Halo Juni,Tagihan Halo Juni,tagihan halo juni,tagihan halo juni,tagih halo juni,3.0,3.0,0.0,0.0
Generate,Tagihan Pulsa dan Internet,Tagihan XL Juni,Tagihan XL Juni,tagihan xl juni,tagihan juni,tagih juni,3.0,2.0,1.0,33.3
Generate,Tagihan Pulsa dan Internet,Tagihan Matrix Juni,Tagihan Matrix Juni,tagihan matrix juni,tagihan matrix juni,tagih matrix juni,3.0,3.0,0.0,0.0
Generate,Tagihan Pulsa dan Internet,Tagihan Smartfren Juni,Tagihan Smartfren Juni,tagihan smartfren juni,tagihan smartfren juni,tagih smartfren juni,3.0,3.0,0.0,0.0
Generate,Tagihan Pulsa dan Internet,Tagihan Tri Juni,Tagihan Tri Juni,tagihan tri juni,tagihan tri juni,tagih tri juni,3.0,3.0,0.0,0.0
Generate,Tagihan Pulsa dan Internet,Tagihan Axis Juni,Tagihan Axis Juni,tagihan axis juni,tagihan axis juni,tagih axis juni,3.0,3.0,0.0,0.0
Generate,Tagihan Kos dan Hunian,Bayar Kos Bulanan,Bayar Kos Bulanan,bayar kos bulanan,kos bulanan,kos bulan,3.0,2.0,1.0,33.3
Generate,Tagihan Kos dan Hunian,Tagihan Kos Bulan Ini,Tagihan Kos Bulan Ini,tagihan kos bulan ini,tagihan kos,tagih kos,4.0,2.0,2.0,50.0
Generate,Tagihan Kos dan Hunian,Pembayaran Kos April,Pembayaran Kos April,pembayaran kos april,pembayaran kos april,bayar kos april,3.0,3.0,0.0,0.0
Generate,Tagihan Kos dan Hunian,Sewa Kos Bulanan,Sewa Kos Bulanan,sewa kos bulanan,sewa kos bulanan,sewa kos bulan,3.0,3.0,0.0,0.0
Generate,Tagihan Kos dan Hunian,Bayar Kost Bulanan,Bayar Kost Bulanan,bayar kost bulanan,kost bulanan,kost bulan,3.0,2.0,1.0,33.3
Generate,Tagihan Kos dan Hunian,Tagihan Kost Putri,Tagihan Kost Putri,tagihan kost putri,tagihan kost putri,tagih kost putri,3.0,3.0,0.0,0.0
Generate,Tagihan Kos dan Hunian,Tagihan Kost Putra,Tagihan Kost Putra,tagihan kost putra,tagihan kost putra,tagih kost putra,3.0,3.0,0.0,0.0
Generate,Tagihan Kos dan Hunian,Bayar Kontrakan Bulanan,Bayar Kontrakan Bulanan,bayar kontrakan bulanan,kontrakan bulanan,kontra bulan,3.0,2.0,1.0,33.3
Generate,Tagihan Kos dan Hunian,Pembayaran Kontrakan April,Pembayaran Kontrakan April,pembayaran kontrakan april,pembayaran kontrakan april,bayar kontra april,3.0,3.0,0.0,0.0
Generate,Tagihan Kos dan Hunian,Sewa Rumah Bulanan,Sewa Rumah Bulanan,sewa rumah bulanan,sewa rumah bulanan,sewa rumah bulan,3.0,3.0,0.0,0.0
Generate,Tagihan Kos dan Hunian,Tagihan Sewa Rumah,Tagihan Sewa Rumah,tagihan sewa rumah,tagihan sewa rumah,tagih sewa rumah,3.0,3.0,0.0,0.0
Generate,Tagihan Kos dan Hunian,Bayar Apartemen Bulanan,Bayar Apartemen Bulanan,bayar apartemen bulanan,apartemen bulanan,apartemen bulan,3.0,2.0,1.0,33.3
Generate,Tagihan Kos dan Hunian,Pembayaran Apartemen Mei,Pembayaran Apartemen Mei,pembayaran apartemen mei,pembayaran apartemen mei,bayar apartemen mei,3.0,3.0,0.0,0.0
Generate,Tagihan Kos dan Hunian,Tagihan Apartemen Bulanan,Tagihan Apartemen Bulanan,tagihan apartemen bulanan,tagihan apartemen bulanan,tagih apartemen bulan,3.0,3.0,0.0,0.0
Generate,Tagihan Kos dan Hunian,Bayar Indekos Bulanan,Bayar Indekos Bulanan,bayar indekos bulanan,indekos bulanan,indekos bulan,3.0,2.0,1.0,33.3
Generate,Tagihan Kos dan Hunian,Pembayaran Rumah Sewa,Pembayaran Rumah Sewa,pembayaran rumah sewa,pembayaran rumah sewa,bayar rumah sewa,3.0,3.0,0.0,0.0
Generate,Tagihan Kos dan Hunian,Tagihan Hunian Bulanan,Tagihan Hunian Bulanan,tagihan hunian bulanan,tagihan hunian bulanan,tagih huni bulan,3.0,3.0,0.0,0.0
Generate,Tagihan Kos dan Hunian,Bayar Tempat Tinggal,Bayar Tempat Tinggal,bayar tempat tinggal,tinggal,tinggal,3.0,1.0,2.0,66.7
Generate,Tagihan Kos dan Hunian,Sewa Kamar Bulanan,Sewa Kamar Bulanan,sewa kamar bulanan,sewa kamar bulanan,sewa kamar bulan,3.0,3.0,0.0,0.0
Generate,Tagihan Kos dan Hunian,Bayar Kamar Kost,Bayar Kamar Kost,bayar kamar kost,kamar kost,kamar kost,3.0,2.0,1.0,33.3
Generate,Tagihan Kos dan Hunian,Tagihan Kamar Kost,Tagihan Kamar Kost,tagihan kamar kost,tagihan kamar kost,tagih kamar kost,3.0,3.0,0.0,0.0
Generate,Tagihan Kos dan Hunian,Bayar Kost Gejayan,Bayar Kost Gejayan,bayar kost gejayan,kost gejayan,kost gejayan,3.0,2.0,1.0,33.3
Generate,Tagihan Kos dan Hunian,Bayar Kos Seturan,Bayar Kos Seturan,bayar kos seturan,kos seturan,kos tur,3.0,2.0,1.0,33.3
Generate,Tagihan Kos dan Hunian,Bayar Kos Condongcatur,Bayar Kos Condongcatur,bayar kos condongcatur,kos condongcatur,kos condongcatur,3.0,2.0,1.0,33.3
Generate,Tagihan Kos dan Hunian,Bayar Kos Pogung,Bayar Kos Pogung,bayar kos pogung,kos pogung,kos pogung,3.0,2.0,1.0,33.3
Generate,Tagihan Kos dan Hunian,Bayar Kos Babarsari,Bayar Kos Babarsari,bayar kos babarsari,kos babarsari,kos babarsari,3.0,2.0,1.0,33.3
Generate,Tagihan Kos dan Hunian,Tagihan Kos Gejayan,Tagihan Kos Gejayan,tagihan kos gejayan,tagihan kos gejayan,tagih kos gejayan,3.0,3.0,0.0,0.0
Generate,Tagihan Kos dan Hunian,Tagihan Kost Seturan,Tagihan Kost Seturan,tagihan kost seturan,tagihan kost seturan,tagih kost tur,3.0,3.0,0.0,0.0
Generate,Tagihan Kos dan Hunian,Pembayaran Kost Pogung,Pembayaran Kost Pogung,pembayaran kost pogung,pembayaran kost pogung,bayar kost pogung,3.0,3.0,0.0,0.0
Generate,Tagihan Kos dan Hunian,Sewa Kos Jogja,Sewa Kos Jogja,sewa kos jogja,sewa kos jogja,sewa kos jogja,3.0,3.0,0.0,0.0
Generate,Tagihan Kos dan Hunian,Bayar Kontrakan Sleman,Bayar Kontrakan Sleman,bayar kontrakan sleman,kontrakan sleman,kontra sleman,3.0,2.0,1.0,33.3
Generate,Tagihan Kos dan Hunian,Tagihan Rumah Bantul,Tagihan Rumah Bantul,tagihan rumah bantul,tagihan rumah bantul,tagih rumah bantul,3.0,3.0,0.0,0.0
Generate,Tagihan Kos dan Hunian,Bayar Kost UGM,Bayar Kost UGM,bayar kost ugm,kost ugm,kost ugm,3.0,2.0,1.0,33.3
Generate,Tagihan Kos dan Hunian,Pembayaran Kost Mahasiswa,Pembayaran Kost Mahasiswa,pembayaran kost mahasiswa,pembayaran kost mahasiswa,bayar kost mahasiswa,3.0,3.0,0.0,0.0
Generate,Tagihan Kos dan Hunian,Tagihan Kost Karyawan,Tagihan Kost Karyawan,tagihan kost karyawan,tagihan kost karyawan,tagih kost karyawan,3.0,3.0,0.0,0.0
Generate,Tagihan Kos dan Hunian,Bayar Kos Campur,Bayar Kos Campur,bayar kos campur,kos,kos,3.0,1.0,2.0,66.7
Generate,Tagihan Kos dan Hunian,Bayar Kost Exclusive,Bayar Kost Exclusive,bayar kost exclusive,kost exclusive,kost exclusive,3.0,2.0,1.0,33.3
Generate,Tagihan Kos dan Hunian,Tagihan Kost AC,Tagihan Kost AC,tagihan kost ac,tagihan kost ac,tagih kost ac,3.0,3.0,0.0,0.0
Generate,Tagihan Kos dan Hunian,Tagihan Kost Include Listrik,Tagihan Kost Include Listrik,tagihan kost include listrik,tagihan kost include listrik,tagih kost include listrik,4.0,4.0,0.0,0.0
Generate,Tagihan Kos dan Hunian,Bayar Kost Include Wifi,Bayar Kost Include Wifi,bayar kost include wifi,kost include wifi,kost include wifi,4.0,3.0,1.0,25.0
Generate,Tagihan Kos dan Hunian,Bayar Kos Harian,Bayar Kos Harian,bayar kos harian,kos harian,kos hari,3.0,2.0,1.0,33.3
Generate,Tagihan Kos dan Hunian,Bayar Kos Mingguan,Bayar Kos Mingguan,bayar kos mingguan,kos mingguan,kos minggu,3.0,2.0,1.0,33.3
Generate,Tagihan Kos dan Hunian,Bayar Kos Bulanan Transfer,Bayar Kos Bulanan Transfer,bayar kos bulanan transfer,kos bulanan transfer,kos bulan transfer,4.0,3.0,1.0,25.0
Generate,Tagihan Kos dan Hunian,Bayar Kost Cash,Bayar Kost Cash,bayar kost cash,kost cash,kost cash,3.0,2.0,1.0,33.3
Generate,Tagihan Kos dan Hunian,Bayar Kost via BCA,Bayar Kost via BCA,bayar kost via bca,kost via bca,kost via bca,4.0,3.0,1.0,25.0
Generate,Tagihan Kos dan Hunian,Bayar Kost via Mandiri,Bayar Kost via Mandiri,bayar kost via mandiri,kost via,kost via,4.0,2.0,2.0,50.0
Generate,Tagihan Kos dan Hunian,Bayar Kost via BNI,Bayar Kost via BNI,bayar kost via bni,kost via bni,kost via bni,4.0,3.0,1.0,25.0
Generate,Tagihan Kos dan Hunian,Bayar Kost via BRI,Bayar Kost via BRI,bayar kost via bri,kost via bri,kost via bri,4.0,3.0,1.0,25.0
Generate,Tagihan Kos dan Hunian,Bayar Kost via Dana,Bayar Kost via Dana,bayar kost via dana,kost via dana,kost via dana,4.0,3.0,1.0,25.0
Generate,Tagihan Kos dan Hunian,Bayar Kost via OVO,Bayar Kost via OVO,bayar kost via ovo,kost via ovo,kost via ovo,4.0,3.0,1.0,25.0
Generate,Tagihan Kos dan Hunian,Bayar Kost via Gopay,Bayar Kost via Gopay,bayar kost via gopay,kost via gopay,kost via gopay,4.0,3.0,1.0,25.0
Generate,Tagihan Kos dan Hunian,Bayar Kost via ShopeePay,Bayar Kost via ShopeePay,bayar kost via shopeepay,kost via shopeepay,kost via shopeepay,4.0,3.0,1.0,25.0
Generate,Tagihan Kos dan Hunian,Transfer Sewa Kost,Transfer Sewa Kost,transfer sewa kost,transfer sewa kost,transfer sewa kost,3.0,3.0,0.0,0.0
Generate,Tagihan Kos dan Hunian,Transfer Sewa Rumah,Transfer Sewa Rumah,transfer sewa rumah,transfer sewa rumah,transfer sewa rumah,3.0,3.0,0.0,0.0
Generate,Tagihan Kos dan Hunian,Transfer Uang Kost,Transfer Uang Kost,transfer uang kost,transfer uang kost,transfer uang kost,3.0,3.0,0.0,0.0
Generate,Tagihan Kos dan Hunian,Bayar Uang Kost,Bayar Uang Kost,bayar uang kost,uang kost,uang kost,3.0,2.0,1.0,33.3
Generate,Tagihan Kos dan Hunian,Tagihan Uang Kost,Tagihan Uang Kost,tagihan uang kost,tagihan uang kost,tagih uang kost,3.0,3.0,0.0,0.0
Generate,Tagihan Kos dan Hunian,Pembayaran Uang Kos,Pembayaran Uang Kos,pembayaran uang kos,pembayaran uang kos,bayar uang kos,3.0,3.0,0.0,0.0
Generate,Tagihan Kos dan Hunian,Tagihan Sewa Kamar,Tagihan Sewa Kamar,tagihan sewa kamar,tagihan sewa kamar,tagih sewa kamar,3.0,3.0,0.0,0.0
Generate,Tagihan Kos dan Hunian,Bayar Sewa Kamar Bulanan,Bayar Sewa Kamar Bulanan,bayar sewa kamar bulanan,sewa kamar bulanan,sewa kamar bulan,4.0,3.0,1.0,25.0
Generate,Tagihan Kos dan Hunian,Pembayaran Tempat Tinggal,Pembayaran Tempat Tinggal,pembayaran tempat tinggal,pembayaran tinggal,bayar tinggal,3.0,2.0,1.0,33.3
Generate,Tagihan Kos dan Hunian,Tagihan Tempat Tinggal,Tagihan Tempat Tinggal,tagihan tempat tinggal,tagihan tinggal,tagih tinggal,3.0,2.0,1.0,33.3
Generate,Tagihan Kos dan Hunian,Bayar Rent Room,Bayar Rent Room,bayar rent room,rent room,rent room,3.0,2.0,1.0,33.3
Generate,Tagihan Kos dan Hunian,Monthly Rent Payment,Monthly Rent Payment,monthly rent payment,monthly rent payment,monthly rent payment,3.0,3.0,0.0,0.0
Generate,Tagihan Kos dan Hunian,Room Rent April,Room Rent April,room rent april,room rent april,room rent april,3.0,3.0,0.0,0.0
Generate,Tagihan Kos dan Hunian,House Rent Payment,House Rent Payment,house rent payment,house rent payment,house rent payment,3.0,3.0,0.0,0.0
Generate,Tagihan Kos dan Hunian,Apartment Rent Payment,Apartment Rent Payment,apartment rent payment,apartment rent payment,apartment rent payment,3.0,3.0,0.0,0.0
Generate,Tagihan Kos dan Hunian,Boarding House Payment,Boarding House Payment,boarding house payment,boarding house payment,boarding house payment,3.0,3.0,0.0,0.0
Generate,Tagihan Kos dan Hunian,Kost Monthly Bill,Kost Monthly Bill,kost monthly bill,kost monthly bill,kost monthly bill,3.0,3.0,0.0,0.0
Generate,Tagihan Kos dan Hunian,Kos Monthly Payment,Kos Monthly Payment,kos monthly payment,kos monthly payment,kos monthly payment,3.0,3.0,0.0,0.0
Generate,Tagihan Kos dan Hunian,Tagihan Hunian April,Tagihan Hunian April,tagihan hunian april,tagihan hunian april,tagih huni april,3.0,3.0,0.0,0.0
Generate,Tagihan Kos dan Hunian,Tagihan Hunian Mei,Tagihan Hunian Mei,tagihan hunian mei,tagihan hunian mei,tagih huni mei,3.0,3.0,0.0,0.0
Generate,Tagihan Kos dan Hunian,Tagihan Hunian Juni,Tagihan Hunian Juni,tagihan hunian juni,tagihan hunian juni,tagih huni juni,3.0,3.0,0.0,0.0
Generate,Tagihan Kos dan Hunian,Bayar Kost April,Bayar Kost April,bayar kost april,kost april,kost april,3.0,2.0,1.0,33.3
Generate,Tagihan Kos dan Hunian,Bayar Kost Mei,Bayar Kost Mei,bayar kost mei,kost mei,kost mei,3.0,2.0,1.0,33.3
Generate,Tagihan Kos dan Hunian,Bayar Kost Juni,Bayar Kost Juni,bayar kost juni,kost juni,kost juni,3.0,2.0,1.0,33.3
Generate,Tagihan Kos dan Hunian,Bayar Kos Juli,Bayar Kos Juli,bayar kos juli,kos juli,kos juli,3.0,2.0,1.0,33.3
Generate,Tagihan Kos dan Hunian,Bayar Kos Agustus,Bayar Kos Agustus,bayar kos agustus,kos agustus,kos agustus,3.0,2.0,1.0,33.3
Generate,Tagihan Kos dan Hunian,Bayar Kontrakan Mei,Bayar Kontrakan Mei,bayar kontrakan mei,kontrakan mei,kontra mei,3.0,2.0,1.0,33.3
Generate,Tagihan Kos dan Hunian,Bayar Kontrakan Juni,Bayar Kontrakan Juni,bayar kontrakan juni,kontrakan juni,kontra juni,3.0,2.0,1.0,33.3
Generate,Tagihan Kos dan Hunian,Bayar Rumah Juli,Bayar Rumah Juli,bayar rumah juli,rumah juli,rumah juli,3.0,2.0,1.0,33.3
Generate,Tagihan Kos dan Hunian,Tagihan Sewa Agustus,Tagihan Sewa Agustus,tagihan sewa agustus,tagihan sewa agustus,tagih sewa agustus,3.0,3.0,0.0,0.0
Generate,Tagihan Kos dan Hunian,Bayar Apartemen Juni,Bayar Apartemen Juni,bayar apartemen juni,apartemen juni,apartemen juni,3.0,2.0,1.0,33.3
Generate,Tagihan Kos dan Hunian,Tagihan Apartemen Juli,Tagihan Apartemen Juli,tagihan apartemen juli,tagihan apartemen juli,tagih apartemen juli,3.0,3.0,0.0,0.0
Generate,Tagihan Kos dan Hunian,Pembayaran Apartemen Agustus,Pembayaran Apartemen Agustus,pembayaran apartemen agustus,pembayaran apartemen agustus,bayar apartemen agustus,3.0,3.0,0.0,0.0
Generate,Tagihan Kos dan Hunian,Bayar Deposit Kost,Bayar Deposit Kost,bayar deposit kost,deposit kost,deposit kost,3.0,2.0,1.0,33.3
Generate,Tagihan Kos dan Hunian,Bayar DP Kost,Bayar DP Kost,bayar dp kost,dp kost,dp kost,3.0,2.0,1.0,33.3
Generate,Tagihan Kos dan Hunian,Pembayaran Uang Muka Kost,Pembayaran Uang Muka Kost,pembayaran uang muka kost,pembayaran uang muka kost,bayar uang muka kost,4.0,4.0,0.0,0.0
Generate,Tagihan Kos dan Hunian,Tagihan Maintenance Apartemen,Tagihan Maintenance Apartemen,tagihan maintenance apartemen,tagihan maintenance apartemen,tagih maintenance apartemen,3.0,3.0,0.0,0.0
Generate,Tagihan Kos dan Hunian,Bayar IPL Apartemen,Bayar IPL Apartemen,bayar ipl apartemen,ipl apartemen,ipl apartemen,3.0,2.0,1.0,33.3
Generate,Tagihan Kos dan Hunian,Bayar Service Charge Apartemen,Bayar Service Charge Apartemen,bayar service charge apartemen,service charge apartemen,service charge apartemen,4.0,3.0,1.0,25.0
Generate,Tagihan Kos dan Hunian,Tagihan Air Kost,Tagihan Air Kost,tagihan air kost,tagihan air kost,tagih air kost,3.0,3.0,0.0,0.0
Generate,Tagihan Kos dan Hunian,Tagihan Listrik Kost,Tagihan Listrik Kost,tagihan listrik kost,tagihan listrik kost,tagih listrik kost,3.0,3.0,0.0,0.0
Generate,Tagihan Kos dan Hunian,Tagihan Wifi Kost,Tagihan Wifi Kost,tagihan wifi kost,tagihan wifi kost,tagih wifi kost,3.0,3.0,0.0,0.0
Generate,Tagihan Kos dan Hunian,Bayar Kost Include Air,Bayar Kost Include Air,bayar kost include air,kost include air,kost include air,4.0,3.0,1.0,25.0
Generate,Tagihan Kos dan Hunian,Bayar Kost Include Laundry,Bayar Kost Include Laundry,bayar kost include laundry,kost include laundry,kost include laundry,4.0,3.0,1.0,25.0
Generate,Tagihan Kos dan Hunian,Tagihan Kos Harian,Tagihan Kos Harian,tagihan kos harian,tagihan kos harian,tagih kos hari,3.0,3.0,0.0,0.0
Generate,Tagihan Kos dan Hunian,Tagihan Kos Mingguan,Tagihan Kos Mingguan,tagihan kos mingguan,tagihan kos mingguan,tagih kos minggu,3.0,3.0,0.0,0.0
Generate,Tagihan Kos dan Hunian,Bayar Guest House Bulanan,Bayar Guest House Bulanan,bayar guest house bulanan,guest house bulanan,guest house bulan,4.0,3.0,1.0,25.0
Generate,Tagihan Kos dan Hunian,Pembayaran Sewa Studio,Pembayaran Sewa Studio,pembayaran sewa studio,pembayaran sewa studio,bayar sewa studio,3.0,3.0,0.0,0.0
Generate,Tagihan Kos dan Hunian,Bayar Sewa Residence,Bayar Sewa Residence,bayar sewa residence,sewa residence,sewa residence,3.0,2.0,1.0,33.3
Generate,Tagihan Kos dan Hunian,Tagihan Residence Bulanan,Tagihan Residence Bulanan,tagihan residence bulanan,tagihan residence bulanan,tagih residence bulan,3.0,3.0,0.0,0.0
Generate,Tagihan Kos dan Hunian,Bayar Co Living Space,Bayar Co Living Space,bayar co living space,co living space,co living space,4.0,3.0,1.0,25.0
Generate,Tagihan Kos dan Hunian,Pembayaran Co Living Bulanan,Pembayaran Co Living Bulanan,pembayaran co living bulanan,pembayaran co living bulanan,bayar co living bulan,4.0,4.0,0.0,0.0
Generate,Tagihan Kos dan Hunian,Bayar Sewa Ruko Tinggal,Bayar Sewa Ruko Tinggal,bayar sewa ruko tinggal,sewa ruko tinggal,sewa ruko tinggal,4.0,3.0,1.0,25.0
Generate,Tagihan Kos dan Hunian,Tagihan Sewa Flat,Tagihan Sewa Flat,tagihan sewa flat,tagihan sewa flat,tagih sewa flat,3.0,3.0,0.0,0.0
Generate,Tagihan Kos dan Hunian,Bayar Flat Bulanan,Bayar Flat Bulanan,bayar flat bulanan,flat bulanan,flat bulan,3.0,2.0,1.0,33.3
Generate,Tagihan Kos dan Hunian,Pembayaran Dormitory,Pembayaran Dormitory,pembayaran dormitory,pembayaran dormitory,bayar dormitory,2.0,2.0,0.0,0.0
Generate,Tagihan Kos dan Hunian,Tagihan Asrama Bulanan,Tagihan Asrama Bulanan,tagihan asrama bulanan,tagihan asrama bulanan,tagih asrama bulan,3.0,3.0,0.0,0.0
Generate,Tagihan Kos dan Hunian,Bayar Asrama Mahasiswa,Bayar Asrama Mahasiswa,bayar asrama mahasiswa,asrama mahasiswa,asrama mahasiswa,3.0,2.0,1.0,33.3
Generate,Tagihan Kos dan Hunian,Pembayaran Mess Karyawan,Pembayaran Mess Karyawan,pembayaran mess karyawan,pembayaran mess karyawan,bayar mess karyawan,3.0,3.0,0.0,0.0
Generate,Tagihan Kos dan Hunian,Tagihan Mess Bulanan,Tagihan Mess Bulanan,tagihan mess bulanan,tagihan mess bulanan,tagih mess bulan,3.0,3.0,0.0,0.0
Generate,Tagihan Kos dan Hunian,Bayar Mess Perusahaan,Bayar Mess Perusahaan,bayar mess perusahaan,mess perusahaan,mess usaha,3.0,2.0,1.0,33.3
Generate,Tagihan Kos dan Hunian,Tagihan Kamar Bulanan,Tagihan Kamar Bulanan,tagihan kamar bulanan,tagihan kamar bulanan,tagih kamar bulan,3.0,3.0,0.0,0.0
Generate,Tagihan Kos dan Hunian,Bayar Tempat Kost Putri,Bayar Tempat Kost Putri,bayar tempat kost putri,kost putri,kost putri,4.0,2.0,2.0,50.0
Generate,Tagihan Kos dan Hunian,Bayar Tempat Kost Putra,Bayar Tempat Kost Putra,bayar tempat kost putra,kost putra,kost putra,4.0,2.0,2.0,50.0
Generate,Tagihan Kos dan Hunian,Pembayaran Kost Exclusive,Pembayaran Kost Exclusive,pembayaran kost exclusive,pembayaran kost exclusive,bayar kost exclusive,3.0,3.0,0.0,0.0
Generate,Tagihan Kos dan Hunian,Tagihan Kost Premium,Tagihan Kost Premium,tagihan kost premium,tagihan kost,tagih kost,3.0,2.0,1.0,33.3
Generate,Tagihan Kos dan Hunian,Bayar Kost Full Furnished,Bayar Kost Full Furnished,bayar kost full furnished,kost furnished,kost furnished,4.0,2.0,2.0,50.0
Generate,Tagihan Kos dan Hunian,Bayar Kost Furnished,Bayar Kost Furnished,bayar kost furnished,kost furnished,kost furnished,3.0,2.0,1.0,33.3
Generate,Tagihan Kos dan Hunian,Tagihan Kost Dekat Kampus,Tagihan Kost Dekat Kampus,tagihan kost dekat kampus,tagihan kost kampus,tagih kost kampus,4.0,3.0,1.0,25.0
Generate,Tagihan Kos dan Hunian,Bayar Kost Dekat Kantor,Bayar Kost Dekat Kantor,bayar kost dekat kantor,kost kantor,kost kantor,4.0,2.0,2.0,50.0
Generate,Tagihan Kos dan Hunian,Pembayaran Sewa Tahunan,Pembayaran Sewa Tahunan,pembayaran sewa tahunan,pembayaran sewa tahunan,bayar sewa tahun,3.0,3.0,0.0,0.0
Generate,Tagihan Kos dan Hunian,Bayar Sewa 6 Bulan,Bayar Sewa 6 Bulan,bayar sewa bulan,sewa,sewa,4.0,1.0,3.0,75.0
Generate,Tagihan Kos dan Hunian,Tagihan Perpanjangan Kost,Tagihan Perpanjangan Kost,tagihan perpanjangan kost,tagihan perpanjangan kost,tagih panjang kost,3.0,3.0,0.0,0.0
Generate,Tagihan Kos dan Hunian,Bayar Perpanjang Kontrak Rumah,Bayar Perpanjang Kontrak Rumah,bayar perpanjang kontrak rumah,perpanjang kontrak rumah,panjang kontrak rumah,4.0,3.0,1.0,25.0
Generate,Tagihan Kos dan Hunian,Pembayaran Renewal Rent,Pembayaran Renewal Rent,pembayaran renewal rent,pembayaran renewal rent,bayar renewal rent,3.0,3.0,0.0,0.0
Generate,Tagihan Kontrakan,Tagihan Kontrakan Bulan Ini,Tagihan Kontrakan Bulan Ini,tagihan kontrakan bulan ini,tagihan kontrakan,tagih kontra,4.0,2.0,2.0,50.0
Generate,Tagihan Kontrakan,Sewa Kontrakan Bulanan,Sewa Kontrakan Bulanan,sewa kontrakan bulanan,sewa kontrakan bulanan,sewa kontra bulan,3.0,3.0,0.0,0.0
Generate,Tagihan Kontrakan,Bayar Rumah Kontrakan,Bayar Rumah Kontrakan,bayar rumah kontrakan,rumah kontrakan,rumah kontra,3.0,2.0,1.0,33.3
Generate,Tagihan Kontrakan,Tagihan Rumah Kontrakan,Tagihan Rumah Kontrakan,tagihan rumah kontrakan,tagihan rumah kontrakan,tagih rumah kontra,3.0,3.0,0.0,0.0
Generate,Tagihan Kontrakan,Pembayaran Sewa Kontrakan,Pembayaran Sewa Kontrakan,pembayaran sewa kontrakan,pembayaran sewa kontrakan,bayar sewa kontra,3.0,3.0,0.0,0.0
Generate,Tagihan Kontrakan,Bayar Kontrak Rumah,Bayar Kontrak Rumah,bayar kontrak rumah,kontrak rumah,kontrak rumah,3.0,2.0,1.0,33.3
Generate,Tagihan Kontrakan,Tagihan Kontrak Rumah,Tagihan Kontrak Rumah,tagihan kontrak rumah,tagihan kontrak rumah,tagih kontrak rumah,3.0,3.0,0.0,0.0
Generate,Tagihan Kontrakan,Bayar Rumah Sewa Bulanan,Bayar Rumah Sewa Bulanan,bayar rumah sewa bulanan,rumah sewa bulanan,rumah sewa bulan,4.0,3.0,1.0,25.0
Generate,Tagihan Kontrakan,Tagihan Hunian Kontrakan,Tagihan Hunian Kontrakan,tagihan hunian kontrakan,tagihan hunian kontrakan,tagih huni kontra,3.0,3.0,0.0,0.0
Generate,Tagihan Kontrakan,Bayar Tempat Tinggal Kontrakan,Bayar Tempat Tinggal Kontrakan,bayar tempat tinggal kontrakan,tinggal kontrakan,tinggal kontra,4.0,2.0,2.0,50.0
Generate,Tagihan Kontrakan,Sewa Rumah Per Bulan,Sewa Rumah Per Bulan,sewa rumah per bulan,sewa rumah,sewa rumah,4.0,2.0,2.0,50.0
Generate,Tagihan Kontrakan,Bayar Kontrakan Tahunan,Bayar Kontrakan Tahunan,bayar kontrakan tahunan,kontrakan tahunan,kontra tahun,3.0,2.0,1.0,33.3
Generate,Tagihan Kontrakan,Pembayaran Kontrakan 6 Bulan,Pembayaran Kontrakan 6 Bulan,pembayaran kontrakan bulan,pembayaran kontrakan,bayar kontra,4.0,2.0,2.0,50.0
Generate,Tagihan Kontrakan,Tagihan Kontrakan Mei,Tagihan Kontrakan Mei,tagihan kontrakan mei,tagihan kontrakan mei,tagih kontra mei,3.0,3.0,0.0,0.0
Generate,Tagihan Kontrakan,Tagihan Kontrakan Juni,Tagihan Kontrakan Juni,tagihan kontrakan juni,tagihan kontrakan juni,tagih kontra juni,3.0,3.0,0.0,0.0
Generate,Tagihan Kontrakan,Tagihan Kontrakan Juli,Tagihan Kontrakan Juli,tagihan kontrakan juli,tagihan kontrakan juli,tagih kontra juli,3.0,3.0,0.0,0.0
Generate,Tagihan Kontrakan,Bayar Kontrakan Agustus,Bayar Kontrakan Agustus,bayar kontrakan agustus,kontrakan agustus,kontra agustus,3.0,2.0,1.0,33.3
Generate,Tagihan Kontrakan,Bayar Kontrakan September,Bayar Kontrakan September,bayar kontrakan september,kontrakan september,kontra september,3.0,2.0,1.0,33.3
Generate,Tagihan Kontrakan,Transfer Kontrakan Bulanan,Transfer Kontrakan Bulanan,transfer kontrakan bulanan,transfer kontrakan bulanan,transfer kontra bulan,3.0,3.0,0.0,0.0
Generate,Tagihan Kontrakan,Transfer Uang Kontrakan,Transfer Uang Kontrakan,transfer uang kontrakan,transfer uang kontrakan,transfer uang kontra,3.0,3.0,0.0,0.0
Generate,Tagihan Kontrakan,Bayar Uang Kontrakan,Bayar Uang Kontrakan,bayar uang kontrakan,uang kontrakan,uang kontra,3.0,2.0,1.0,33.3
Generate,Tagihan Kontrakan,Tagihan Uang Kontrakan,Tagihan Uang Kontrakan,tagihan uang kontrakan,tagihan uang kontrakan,tagih uang kontra,3.0,3.0,0.0,0.0
Generate,Tagihan Kontrakan,Pembayaran Kontrakan via BCA,Pembayaran Kontrakan via BCA,pembayaran kontrakan via bca,pembayaran kontrakan via bca,bayar kontra via bca,4.0,4.0,0.0,0.0
Generate,Tagihan Kontrakan,Pembayaran Kontrakan via Mandiri,Pembayaran Kontrakan via Mandiri,pembayaran kontrakan via mandiri,pembayaran kontrakan via,bayar kontra via,4.0,3.0,1.0,25.0
Generate,Tagihan Kontrakan,Pembayaran Kontrakan via BNI,Pembayaran Kontrakan via BNI,pembayaran kontrakan via bni,pembayaran kontrakan via bni,bayar kontra via bni,4.0,4.0,0.0,0.0
Generate,Tagihan Kontrakan,Pembayaran Kontrakan via BRI,Pembayaran Kontrakan via BRI,pembayaran kontrakan via bri,pembayaran kontrakan via bri,bayar kontra via bri,4.0,4.0,0.0,0.0
Generate,Tagihan Kontrakan,Pembayaran Kontrakan via Dana,Pembayaran Kontrakan via Dana,pembayaran kontrakan via dana,pembayaran kontrakan via dana,bayar kontra via dana,4.0,4.0,0.0,0.0
Generate,Tagihan Kontrakan,Pembayaran Kontrakan via OVO,Pembayaran Kontrakan via OVO,pembayaran kontrakan via ovo,pembayaran kontrakan via ovo,bayar kontra via ovo,4.0,4.0,0.0,0.0
Generate,Tagihan Kontrakan,Pembayaran Kontrakan via Gopay,Pembayaran Kontrakan via Gopay,pembayaran kontrakan via gopay,pembayaran kontrakan via gopay,bayar kontra via gopay,4.0,4.0,0.0,0.0
Generate,Tagihan Kontrakan,Pembayaran Kontrakan via ShopeePay,Pembayaran Kontrakan via ShopeePay,pembayaran kontrakan via shopeepay,pembayaran kontrakan via shopeepay,bayar kontra via shopeepay,4.0,4.0,0.0,0.0
Generate,Tagihan Kontrakan,Bayar Kontrakan Bantul,Bayar Kontrakan Bantul,bayar kontrakan bantul,kontrakan bantul,kontra bantul,3.0,2.0,1.0,33.3
Generate,Tagihan Kontrakan,Bayar Kontrakan Jogja,Bayar Kontrakan Jogja,bayar kontrakan jogja,kontrakan jogja,kontra jogja,3.0,2.0,1.0,33.3
Generate,Tagihan Kontrakan,Bayar Kontrakan Jakarta,Bayar Kontrakan Jakarta,bayar kontrakan jakarta,kontrakan jakarta,kontra jakarta,3.0,2.0,1.0,33.3
Generate,Tagihan Kontrakan,Bayar Kontrakan Bekasi,Bayar Kontrakan Bekasi,bayar kontrakan bekasi,kontrakan bekasi,kontra bekas,3.0,2.0,1.0,33.3
Generate,Tagihan Kontrakan,Bayar Kontrakan Depok,Bayar Kontrakan Depok,bayar kontrakan depok,kontrakan depok,kontra depok,3.0,2.0,1.0,33.3
Generate,Tagihan Kontrakan,Bayar Kontrakan Tangerang,Bayar Kontrakan Tangerang,bayar kontrakan tangerang,kontrakan tangerang,kontra tangerang,3.0,2.0,1.0,33.3
Generate,Tagihan Kontrakan,Bayar Kontrakan Bandung,Bayar Kontrakan Bandung,bayar kontrakan bandung,kontrakan bandung,kontra bandung,3.0,2.0,1.0,33.3
Generate,Tagihan Kontrakan,Tagihan Rumah Sewa Sleman,Tagihan Rumah Sewa Sleman,tagihan rumah sewa sleman,tagihan rumah sewa sleman,tagih rumah sewa sleman,4.0,4.0,0.0,0.0
Generate,Tagihan Kontrakan,Tagihan Rumah Sewa Jogja,Tagihan Rumah Sewa Jogja,tagihan rumah sewa jogja,tagihan rumah sewa jogja,tagih rumah sewa jogja,4.0,4.0,0.0,0.0
Generate,Tagihan Kontrakan,Bayar Kontrakan Keluarga,Bayar Kontrakan Keluarga,bayar kontrakan keluarga,kontrakan keluarga,kontra keluarga,3.0,2.0,1.0,33.3
Generate,Tagihan Kontrakan,Bayar Kontrakan Petakan,Bayar Kontrakan Petakan,bayar kontrakan petakan,kontrakan petakan,kontra peta,3.0,2.0,1.0,33.3
Generate,Tagihan Kontrakan,Bayar Kontrakan Cluster,Bayar Kontrakan Cluster,bayar kontrakan cluster,kontrakan cluster,kontra cluster,3.0,2.0,1.0,33.3
Generate,Tagihan Kontrakan,Bayar Kontrakan Perumahan,Bayar Kontrakan Perumahan,bayar kontrakan perumahan,kontrakan perumahan,kontra rumah,3.0,2.0,1.0,33.3
Generate,Tagihan Kontrakan,Tagihan Rumah Petak,Tagihan Rumah Petak,tagihan rumah petak,tagihan rumah petak,tagih rumah petak,3.0,3.0,0.0,0.0
Generate,Tagihan Kontrakan,Bayar Rumah Petakan,Bayar Rumah Petakan,bayar rumah petakan,rumah petakan,rumah peta,3.0,2.0,1.0,33.3
Generate,Tagihan Kontrakan,Pembayaran Rumah Petak,Pembayaran Rumah Petak,pembayaran rumah petak,pembayaran rumah petak,bayar rumah petak,3.0,3.0,0.0,0.0
Generate,Tagihan Kontrakan,Bayar Kontrakan 2 Kamar,Bayar Kontrakan 2 Kamar,bayar kontrakan kamar,kontrakan kamar,kontra kamar,4.0,2.0,2.0,50.0
Generate,Tagihan Kontrakan,Bayar Kontrakan 3 Kamar,Bayar Kontrakan 3 Kamar,bayar kontrakan kamar,kontrakan kamar,kontra kamar,4.0,2.0,2.0,50.0
Generate,Tagihan Kontrakan,Bayar Kontrakan Furnished,Bayar Kontrakan Furnished,bayar kontrakan furnished,kontrakan furnished,kontra furnished,3.0,2.0,1.0,33.3
Generate,Tagihan Kontrakan,Bayar Kontrakan Semi Furnished,Bayar Kontrakan Semi Furnished,bayar kontrakan semi furnished,kontrakan semi furnished,kontra semi furnished,4.0,3.0,1.0,25.0
Generate,Tagihan Kontrakan,Bayar Kontrakan Kosong,Bayar Kontrakan Kosong,bayar kontrakan kosong,kontrakan,kontra,3.0,1.0,2.0,66.7
Generate,Tagihan Kontrakan,Tagihan Kontrakan Include Air,Tagihan Kontrakan Include Air,tagihan kontrakan include air,tagihan kontrakan include air,tagih kontra include air,4.0,4.0,0.0,0.0
Generate,Tagihan Kontrakan,Tagihan Kontrakan Include Listrik,Tagihan Kontrakan Include Listrik,tagihan kontrakan include listrik,tagihan kontrakan include listrik,tagih kontra include listrik,4.0,4.0,0.0,0.0
Generate,Tagihan Kontrakan,Bayar Kontrakan Include Wifi,Bayar Kontrakan Include Wifi,bayar kontrakan include wifi,kontrakan include wifi,kontra include wifi,4.0,3.0,1.0,25.0
Generate,Tagihan Kontrakan,Bayar Kontrakan Full Furnished,Bayar Kontrakan Full Furnished,bayar kontrakan full furnished,kontrakan furnished,kontra furnished,4.0,2.0,2.0,50.0
Generate,Tagihan Kontrakan,Tagihan Perpanjangan Kontrak,Tagihan Perpanjangan Kontrak,tagihan perpanjangan kontrak,tagihan perpanjangan kontrak,tagih panjang kontrak,3.0,3.0,0.0,0.0
Generate,Tagihan Kontrakan,Bayar Perpanjang Kontrakan,Bayar Perpanjang Kontrakan,bayar perpanjang kontrakan,perpanjang kontrakan,panjang kontra,3.0,2.0,1.0,33.3
Generate,Tagihan Kontrakan,Renewal Kontrakan,Renewal Kontrakan,renewal kontrakan,renewal kontrakan,renewal kontra,2.0,2.0,0.0,0.0
Generate,Tagihan Kontrakan,Bayar Deposit Kontrakan,Bayar Deposit Kontrakan,bayar deposit kontrakan,deposit kontrakan,deposit kontra,3.0,2.0,1.0,33.3
Generate,Tagihan Kontrakan,Bayar DP Kontrakan,Bayar DP Kontrakan,bayar dp kontrakan,dp kontrakan,dp kontra,3.0,2.0,1.0,33.3
Generate,Tagihan Kontrakan,Pembayaran Uang Muka Kontrakan,Pembayaran Uang Muka Kontrakan,pembayaran uang muka kontrakan,pembayaran uang muka kontrakan,bayar uang muka kontra,4.0,4.0,0.0,0.0
Generate,Tagihan Kontrakan,Tagihan Maintenance Rumah Sewa,Tagihan Maintenance Rumah Sewa,tagihan maintenance rumah sewa,tagihan maintenance rumah sewa,tagih maintenance rumah sewa,4.0,4.0,0.0,0.0
Generate,Tagihan Kontrakan,Bayar IPL Rumah Sewa,Bayar IPL Rumah Sewa,bayar ipl rumah sewa,ipl rumah sewa,ipl rumah sewa,4.0,3.0,1.0,25.0
Generate,Tagihan Kontrakan,Bayar Security Deposit Rumah,Bayar Security Deposit Rumah,bayar security deposit rumah,security deposit rumah,security deposit rumah,4.0,3.0,1.0,25.0
Generate,Tagihan Kontrakan,Monthly House Rent,Monthly House Rent,monthly house rent,monthly house rent,monthly house rent,3.0,3.0,0.0,0.0
Generate,Tagihan Kontrakan,Rental House Payment,Rental House Payment,rental house payment,rental house payment,rental house payment,3.0,3.0,0.0,0.0
Generate,Tagihan Kontrakan,Rent Payment April,Rent Payment April,rent payment april,rent payment april,rent payment april,3.0,3.0,0.0,0.0
Generate,Tagihan Kontrakan,Home Lease Payment,Home Lease Payment,home lease payment,home lease payment,home lease payment,3.0,3.0,0.0,0.0
Generate,Tagihan Kontrakan,Property Rent Monthly,Property Rent Monthly,property rent monthly,property rent monthly,property rent monthly,3.0,3.0,0.0,0.0
Generate,Tagihan Kontrakan,Bayar Sewa Rumah Tahunan,Bayar Sewa Rumah Tahunan,bayar sewa rumah tahunan,sewa rumah tahunan,sewa rumah tahun,4.0,3.0,1.0,25.0
Generate,Tagihan Kontrakan,Pembayaran Sewa Rumah Semester,Pembayaran Sewa Rumah Semester,pembayaran sewa rumah semester,pembayaran sewa rumah semester,bayar sewa rumah semester,4.0,4.0,0.0,0.0
Generate,Tagihan Kontrakan,Bayar Tempat Tinggal Bulanan,Bayar Tempat Tinggal Bulanan,bayar tempat tinggal bulanan,tinggal bulanan,tinggal bulan,4.0,2.0,2.0,50.0
Generate,Tagihan Kontrakan,Bayar Rumah Kontrak Kampung,Bayar Rumah Kontrak Kampung,bayar rumah kontrak kampung,rumah kontrak,rumah kontrak,4.0,2.0,2.0,50.0
Generate,Tagihan Kontrakan,Bayar Rumah Kontrak Kota,Bayar Rumah Kontrak Kota,bayar rumah kontrak kota,rumah kontrak kota,rumah kontrak kota,4.0,3.0,1.0,25.0
Generate,Tagihan Kontrakan,Pembayaran Kontrakan Dekat Kampus,Pembayaran Kontrakan Dekat Kampus,pembayaran kontrakan dekat kampus,pembayaran kontrakan kampus,bayar kontra kampus,4.0,3.0,1.0,25.0
Generate,Tagihan Kontrakan,Pembayaran Kontrakan Dekat Kantor,Pembayaran Kontrakan Dekat Kantor,pembayaran kontrakan dekat kantor,pembayaran kontrakan kantor,bayar kontra kantor,4.0,3.0,1.0,25.0
Generate,Tagihan Kontrakan,Bayar Kontrakan Mahasiswa,Bayar Kontrakan Mahasiswa,bayar kontrakan mahasiswa,kontrakan mahasiswa,kontra mahasiswa,3.0,2.0,1.0,33.3
Generate,Tagihan Kontrakan,Bayar Kontrakan Karyawan,Bayar Kontrakan Karyawan,bayar kontrakan karyawan,kontrakan karyawan,kontra karyawan,3.0,2.0,1.0,33.3
Generate,Tagihan Kontrakan,Tagihan Kontrakan Premium,Tagihan Kontrakan Premium,tagihan kontrakan premium,tagihan kontrakan,tagih kontra,3.0,2.0,1.0,33.3
Generate,Tagihan Kontrakan,Bayar Kontrakan Murah,Bayar Kontrakan Murah,bayar kontrakan murah,kontrakan,kontra,3.0,1.0,2.0,66.7
Generate,Tagihan Kontrakan,Pembayaran Rumah Sewa Cash,Pembayaran Rumah Sewa Cash,pembayaran rumah sewa cash,pembayaran rumah sewa cash,bayar rumah sewa cash,4.0,4.0,0.0,0.0
Generate,Tagihan Kontrakan,Pembayaran Rumah Sewa Transfer,Pembayaran Rumah Sewa Transfer,pembayaran rumah sewa transfer,pembayaran rumah sewa transfer,bayar rumah sewa transfer,4.0,4.0,0.0,0.0
Generate,Tagihan Kontrakan,Bayar Kontrakan Otodebet,Bayar Kontrakan Otodebet,bayar kontrakan otodebet,kontrakan otodebet,kontra otodebet,3.0,2.0,1.0,33.3
Generate,Tagihan Kontrakan,Tagihan Sewa Rumah Oktober,Tagihan Sewa Rumah Oktober,tagihan sewa rumah oktober,tagihan sewa rumah oktober,tagih sewa rumah oktober,4.0,4.0,0.0,0.0
Generate,Tagihan Kontrakan,Tagihan Sewa Rumah November,Tagihan Sewa Rumah November,tagihan sewa rumah november,tagihan sewa rumah november,tagih sewa rumah november,4.0,4.0,0.0,0.0
Generate,Tagihan Kontrakan,Tagihan Sewa Rumah Desember,Tagihan Sewa Rumah Desember,tagihan sewa rumah desember,tagihan sewa rumah desember,tagih sewa rumah desember,4.0,4.0,0.0,0.0
Generate,Tagihan Kontrakan,Bayar Kontrakan Januari,Bayar Kontrakan Januari,bayar kontrakan januari,kontrakan januari,kontra januari,3.0,2.0,1.0,33.3
Generate,Tagihan Kontrakan,Bayar Kontrakan Februari,Bayar Kontrakan Februari,bayar kontrakan februari,kontrakan februari,kontra februari,3.0,2.0,1.0,33.3
Generate,Tagihan Kontrakan,Bayar Kontrakan Maret,Bayar Kontrakan Maret,bayar kontrakan maret,kontrakan maret,kontra maret,3.0,2.0,1.0,33.3
Generate,Cicilan,Bayar Cicilan Motor,Bayar Cicilan Motor,bayar cicilan motor,cicilan motor,cicil motor,3.0,2.0,1.0,33.3
Generate,Cicilan,Bayar Cicilan Mobil,Bayar Cicilan Mobil,bayar cicilan mobil,cicilan,cicil,3.0,1.0,2.0,66.7
Generate,Cicilan,Bayar Cicilan Rumah,Bayar Cicilan Rumah,bayar cicilan rumah,cicilan rumah,cicil rumah,3.0,2.0,1.0,33.3
Generate,Cicilan,Bayar Cicilan KPR,Bayar Cicilan KPR,bayar cicilan kpr,cicilan kpr,cicil kpr,3.0,2.0,1.0,33.3
Generate,Cicilan,Bayar Cicilan Kredit Rumah,Bayar Cicilan Kredit Rumah,bayar cicilan kredit rumah,cicilan kredit rumah,cicil kredit rumah,4.0,3.0,1.0,25.0
Generate,Cicilan,Bayar Cicilan Kredit Mobil,Bayar Cicilan Kredit Mobil,bayar cicilan kredit mobil,cicilan kredit,cicil kredit,4.0,2.0,2.0,50.0
Generate,Cicilan,Bayar Cicilan Kredit Motor,Bayar Cicilan Kredit Motor,bayar cicilan kredit motor,cicilan kredit motor,cicil kredit motor,4.0,3.0,1.0,25.0
Generate,Cicilan,Tagihan Cicilan Motor,Tagihan Cicilan Motor,tagihan cicilan motor,tagihan cicilan motor,tagih cicil motor,3.0,3.0,0.0,0.0
Generate,Cicilan,Tagihan Cicilan Mobil,Tagihan Cicilan Mobil,tagihan cicilan mobil,tagihan cicilan,tagih cicil,3.0,2.0,1.0,33.3
Generate,Cicilan,Tagihan Cicilan Rumah,Tagihan Cicilan Rumah,tagihan cicilan rumah,tagihan cicilan rumah,tagih cicil rumah,3.0,3.0,0.0,0.0
Generate,Cicilan,Pembayaran Cicilan Motor,Pembayaran Cicilan Motor,pembayaran cicilan motor,pembayaran cicilan motor,bayar cicil motor,3.0,3.0,0.0,0.0
Generate,Cicilan,Pembayaran Cicilan Mobil,Pembayaran Cicilan Mobil,pembayaran cicilan mobil,pembayaran cicilan,bayar cicil,3.0,2.0,1.0,33.3
Generate,Cicilan,Pembayaran Cicilan Rumah,Pembayaran Cicilan Rumah,pembayaran cicilan rumah,pembayaran cicilan rumah,bayar cicil rumah,3.0,3.0,0.0,0.0
Generate,Cicilan,Autodebet Cicilan Motor,Autodebet Cicilan Motor,autodebet cicilan motor,autodebet cicilan motor,autodebet cicil motor,3.0,3.0,0.0,0.0
Generate,Cicilan,Autodebet Cicilan Mobil,Autodebet Cicilan Mobil,autodebet cicilan mobil,autodebet cicilan,autodebet cicil,3.0,2.0,1.0,33.3
Generate,Cicilan,Autodebet KPR Bulanan,Autodebet KPR Bulanan,autodebet kpr bulanan,autodebet kpr bulanan,autodebet kpr bulan,3.0,3.0,0.0,0.0
Generate,Cicilan,Cicilan Motor Bulanan,Cicilan Motor Bulanan,cicilan motor bulanan,cicilan motor bulanan,cicil motor bulan,3.0,3.0,0.0,0.0
Generate,Cicilan,Cicilan Mobil Bulanan,Cicilan Mobil Bulanan,cicilan mobil bulanan,cicilan bulanan,cicil bulan,3.0,2.0,1.0,33.3
Generate,Cicilan,Cicilan Rumah Bulanan,Cicilan Rumah Bulanan,cicilan rumah bulanan,cicilan rumah bulanan,cicil rumah bulan,3.0,3.0,0.0,0.0
Generate,Cicilan,KPR Bulanan,KPR Bulanan,kpr bulanan,kpr bulanan,kpr bulan,2.0,2.0,0.0,0.0
Generate,Cicilan,Bayar KPR BCA,Bayar KPR BCA,bayar kpr bca,kpr bca,kpr bca,3.0,2.0,1.0,33.3
Generate,Cicilan,Bayar KPR BTN,Bayar KPR BTN,bayar kpr btn,kpr btn,kpr btn,3.0,2.0,1.0,33.3
Generate,Cicilan,Bayar KPR Mandiri,Bayar KPR Mandiri,bayar kpr mandiri,kpr,kpr,3.0,1.0,2.0,66.7
Generate,Cicilan,Bayar KPR BNI,Bayar KPR BNI,bayar kpr bni,kpr bni,kpr bni,3.0,2.0,1.0,33.3
Generate,Cicilan,Bayar KPR BRI,Bayar KPR BRI,bayar kpr bri,kpr bri,kpr bri,3.0,2.0,1.0,33.3
Generate,Cicilan,Pembayaran KPR BTN,Pembayaran KPR BTN,pembayaran kpr btn,pembayaran kpr btn,bayar kpr btn,3.0,3.0,0.0,0.0
Generate,Cicilan,Pembayaran KPR BCA,Pembayaran KPR BCA,pembayaran kpr bca,pembayaran kpr bca,bayar kpr bca,3.0,3.0,0.0,0.0
Generate,Cicilan,Tagihan KPR Mandiri,Tagihan KPR Mandiri,tagihan kpr mandiri,tagihan kpr,tagih kpr,3.0,2.0,1.0,33.3
Generate,Cicilan,Tagihan KPR BNI,Tagihan KPR BNI,tagihan kpr bni,tagihan kpr bni,tagih kpr bni,3.0,3.0,0.0,0.0
Generate,Cicilan,Tagihan KPR BRI,Tagihan KPR BRI,tagihan kpr bri,tagihan kpr bri,tagih kpr bri,3.0,3.0,0.0,0.0
Generate,Cicilan,Bayar Leasing FIF,Bayar Leasing FIF,bayar leasing fif,leasing fif,leasing fif,3.0,2.0,1.0,33.3
Generate,Cicilan,Bayar Leasing Adira,Bayar Leasing Adira,bayar leasing adira,leasing adira,leasing adira,3.0,2.0,1.0,33.3
Generate,Cicilan,Bayar Leasing OTO,Bayar Leasing OTO,bayar leasing oto,leasing oto,leasing oto,3.0,2.0,1.0,33.3
Generate,Cicilan,Bayar Leasing BAF,Bayar Leasing BAF,bayar leasing baf,leasing baf,leasing baf,3.0,2.0,1.0,33.3
Generate,Cicilan,Bayar Leasing WOM,Bayar Leasing WOM,bayar leasing wom,leasing wom,leasing wom,3.0,2.0,1.0,33.3
Generate,Cicilan,Tagihan FIF Motor,Tagihan FIF Motor,tagihan fif motor,tagihan fif motor,tagih fif motor,3.0,3.0,0.0,0.0
Generate,Cicilan,Tagihan Adira Finance,Tagihan Adira Finance,tagihan adira finance,tagihan adira finance,tagih adira finance,3.0,3.0,0.0,0.0
Generate,Cicilan,Tagihan OTO Finance,Tagihan OTO Finance,tagihan oto finance,tagihan oto finance,tagih oto finance,3.0,3.0,0.0,0.0
Generate,Cicilan,Tagihan BAF Motor,Tagihan BAF Motor,tagihan baf motor,tagihan baf motor,tagih baf motor,3.0,3.0,0.0,0.0
Generate,Cicilan,Tagihan WOM Finance,Tagihan WOM Finance,tagihan wom finance,tagihan wom finance,tagih wom finance,3.0,3.0,0.0,0.0
Generate,Cicilan,Pembayaran FIF,Pembayaran FIF,pembayaran fif,pembayaran fif,bayar fif,2.0,2.0,0.0,0.0
Generate,Cicilan,Pembayaran Adira,Pembayaran Adira,pembayaran adira,pembayaran adira,bayar adira,2.0,2.0,0.0,0.0
Generate,Cicilan,Pembayaran OTO,Pembayaran OTO,pembayaran oto,pembayaran oto,bayar oto,2.0,2.0,0.0,0.0
Generate,Cicilan,Pembayaran BAF,Pembayaran BAF,pembayaran baf,pembayaran baf,bayar baf,2.0,2.0,0.0,0.0
Generate,Cicilan,Pembayaran WOM,Pembayaran WOM,pembayaran wom,pembayaran wom,bayar wom,2.0,2.0,0.0,0.0
Generate,Cicilan,Bayar Kredit Motor Honda,Bayar Kredit Motor Honda,bayar kredit motor honda,kredit motor honda,kredit motor honda,4.0,3.0,1.0,25.0
Generate,Cicilan,Bayar Kredit Motor Yamaha,Bayar Kredit Motor Yamaha,bayar kredit motor yamaha,kredit motor yamaha,kredit motor yamaha,4.0,3.0,1.0,25.0
Generate,Cicilan,Bayar Kredit Motor Suzuki,Bayar Kredit Motor Suzuki,bayar kredit motor suzuki,kredit motor suzuki,kredit motor suzuki,4.0,3.0,1.0,25.0
Generate,Cicilan,Bayar Kredit Mobil Toyota,Bayar Kredit Mobil Toyota,bayar kredit mobil toyota,kredit toyota,kredit toyota,4.0,2.0,2.0,50.0
Generate,Cicilan,Bayar Kredit Mobil Daihatsu,Bayar Kredit Mobil Daihatsu,bayar kredit mobil daihatsu,kredit daihatsu,kredit daihatsu,4.0,2.0,2.0,50.0
Generate,Cicilan,Bayar Kredit Mobil Honda,Bayar Kredit Mobil Honda,bayar kredit mobil honda,kredit honda,kredit honda,4.0,2.0,2.0,50.0
Generate,Cicilan,Bayar Kredit Mobil Mitsubishi,Bayar Kredit Mobil Mitsubishi,bayar kredit mobil mitsubishi,kredit mitsubishi,kredit mitsubishi,4.0,2.0,2.0,50.0
Generate,Cicilan,Cicilan Toyota Avanza,Cicilan Toyota Avanza,cicilan toyota avanza,cicilan toyota avanza,cicil toyota avanza,3.0,3.0,0.0,0.0
Generate,Cicilan,Cicilan Honda Brio,Cicilan Honda Brio,cicilan honda brio,cicilan honda brio,cicil honda brio,3.0,3.0,0.0,0.0
Generate,Cicilan,Cicilan Daihatsu Sigra,Cicilan Daihatsu Sigra,cicilan daihatsu sigra,cicilan daihatsu sigra,cicil daihatsu sigra,3.0,3.0,0.0,0.0
Generate,Cicilan,Cicilan Honda Beat,Cicilan Honda Beat,cicilan honda beat,cicilan honda beat,cicil honda beat,3.0,3.0,0.0,0.0
Generate,Cicilan,Cicilan Yamaha Nmax,Cicilan Yamaha Nmax,cicilan yamaha nmax,cicilan yamaha nmax,cicil yamaha nmax,3.0,3.0,0.0,0.0
Generate,Cicilan,Cicilan Vario Bulanan,Cicilan Vario Bulanan,cicilan vario bulanan,cicilan vario bulanan,cicil vario bulan,3.0,3.0,0.0,0.0
Generate,Cicilan,Bayar Kredivo,Bayar Kredivo,bayar kredivo,kredivo,kredivo,2.0,1.0,1.0,50.0
Generate,Cicilan,Tagihan Kredivo,Tagihan Kredivo,tagihan kredivo,tagihan kredivo,tagih kredivo,2.0,2.0,0.0,0.0
Generate,Cicilan,Pembayaran Kredivo,Pembayaran Kredivo,pembayaran kredivo,pembayaran kredivo,bayar kredivo,2.0,2.0,0.0,0.0
Generate,Cicilan,Kredivo Bulanan,Kredivo Bulanan,kredivo bulanan,kredivo bulanan,kredivo bulan,2.0,2.0,0.0,0.0
Generate,Cicilan,Autodebet Kredivo,Autodebet Kredivo,autodebet kredivo,autodebet kredivo,autodebet kredivo,2.0,2.0,0.0,0.0
Generate,Cicilan,Bayar Akulaku,Bayar Akulaku,bayar akulaku,akulaku,akulaku,2.0,1.0,1.0,50.0
Generate,Cicilan,Tagihan Akulaku,Tagihan Akulaku,tagihan akulaku,tagihan akulaku,tagih akulaku,2.0,2.0,0.0,0.0
Generate,Cicilan,Pembayaran Akulaku,Pembayaran Akulaku,pembayaran akulaku,pembayaran akulaku,bayar akulaku,2.0,2.0,0.0,0.0
Generate,Cicilan,Akulaku Bulanan,Akulaku Bulanan,akulaku bulanan,akulaku bulanan,akulaku bulan,2.0,2.0,0.0,0.0
Generate,Cicilan,Autodebet Akulaku,Autodebet Akulaku,autodebet akulaku,autodebet akulaku,autodebet akulaku,2.0,2.0,0.0,0.0
Generate,Cicilan,Bayar Home Credit,Bayar Home Credit,bayar home credit,home credit,home credit,3.0,2.0,1.0,33.3
Generate,Cicilan,Tagihan Home Credit,Tagihan Home Credit,tagihan home credit,tagihan home credit,tagih home credit,3.0,3.0,0.0,0.0
Generate,Cicilan,Pembayaran Home Credit,Pembayaran Home Credit,pembayaran home credit,pembayaran home credit,bayar home credit,3.0,3.0,0.0,0.0
Generate,Cicilan,Home Credit Bulanan,Home Credit Bulanan,home credit bulanan,home credit bulanan,home credit bulan,3.0,3.0,0.0,0.0
Generate,Cicilan,Autodebet Home Credit,Autodebet Home Credit,autodebet home credit,autodebet home credit,autodebet home credit,3.0,3.0,0.0,0.0
Generate,Cicilan,Bayar SPayLater,Bayar SPayLater,bayar spaylater,spaylater,spaylater,2.0,1.0,1.0,50.0
Generate,Cicilan,Tagihan SPayLater,Tagihan SPayLater,tagihan spaylater,tagihan spaylater,tagih spaylater,2.0,2.0,0.0,0.0
Generate,Cicilan,Pembayaran SPayLater,Pembayaran SPayLater,pembayaran spaylater,pembayaran spaylater,bayar spaylater,2.0,2.0,0.0,0.0
Generate,Cicilan,SPayLater Bulanan,SPayLater Bulanan,spaylater bulanan,spaylater bulanan,spaylater bulan,2.0,2.0,0.0,0.0
Generate,Cicilan,Autodebet SPayLater,Autodebet SPayLater,autodebet spaylater,autodebet spaylater,autodebet spaylater,2.0,2.0,0.0,0.0
Generate,Cicilan,Bayar GoPayLater,Bayar GoPayLater,bayar gopaylater,gopaylater,gopaylater,2.0,1.0,1.0,50.0
Generate,Cicilan,Tagihan GoPayLater,Tagihan GoPayLater,tagihan gopaylater,tagihan gopaylater,tagih gopaylater,2.0,2.0,0.0,0.0
Generate,Cicilan,Pembayaran GoPayLater,Pembayaran GoPayLater,pembayaran gopaylater,pembayaran gopaylater,bayar gopaylater,2.0,2.0,0.0,0.0
Generate,Cicilan,GoPayLater Bulanan,GoPayLater Bulanan,gopaylater bulanan,gopaylater bulanan,gopaylater bulan,2.0,2.0,0.0,0.0
Generate,Cicilan,Bayar OVO PayLater,Bayar OVO PayLater,bayar ovo paylater,ovo paylater,ovo paylater,3.0,2.0,1.0,33.3
Generate,Cicilan,Tagihan OVO PayLater,Tagihan OVO PayLater,tagihan ovo paylater,tagihan ovo paylater,tagih ovo paylater,3.0,3.0,0.0,0.0
Generate,Cicilan,Pembayaran OVO PayLater,Pembayaran OVO PayLater,pembayaran ovo paylater,pembayaran ovo paylater,bayar ovo paylater,3.0,3.0,0.0,0.0
Generate,Cicilan,OVO PayLater Bulanan,OVO PayLater Bulanan,ovo paylater bulanan,ovo paylater bulanan,ovo paylater bulan,3.0,3.0,0.0,0.0
Generate,Cicilan,Bayar Traveloka PayLater,Bayar Traveloka PayLater,bayar traveloka paylater,traveloka paylater,traveloka paylater,3.0,2.0,1.0,33.3
Generate,Cicilan,Tagihan Traveloka PayLater,Tagihan Traveloka PayLater,tagihan traveloka paylater,tagihan traveloka paylater,tagih traveloka paylater,3.0,3.0,0.0,0.0
Generate,Cicilan,Traveloka PayLater Bulanan,Traveloka PayLater Bulanan,traveloka paylater bulanan,traveloka paylater bulanan,traveloka paylater bulan,3.0,3.0,0.0,0.0
Generate,Cicilan,Bayar Kredit HP,Bayar Kredit HP,bayar kredit hp,kredit hp,kredit hp,3.0,2.0,1.0,33.3
Generate,Cicilan,Bayar Cicilan Laptop,Bayar Cicilan Laptop,bayar cicilan laptop,cicilan laptop,cicil laptop,3.0,2.0,1.0,33.3
Generate,Cicilan,Bayar Kredit Elektronik,Bayar Kredit Elektronik,bayar kredit elektronik,kredit elektronik,kredit elektronik,3.0,2.0,1.0,33.3
Generate,Cicilan,Tagihan Kredit TV,Tagihan Kredit TV,tagihan kredit tv,tagihan kredit tv,tagih kredit tv,3.0,3.0,0.0,0.0
Generate,Cicilan,Pembayaran Kredit Kulkas,Pembayaran Kredit Kulkas,pembayaran kredit kulkas,pembayaran kredit kulkas,bayar kredit kulkas,3.0,3.0,0.0,0.0
Generate,Cicilan,Bayar Kredit AC,Bayar Kredit AC,bayar kredit ac,kredit ac,kredit ac,3.0,2.0,1.0,33.3
Generate,Cicilan,Bayar Kredit Mesin Cuci,Bayar Kredit Mesin Cuci,bayar kredit mesin cuci,kredit mesin,kredit mesin,4.0,2.0,2.0,50.0
Generate,Cicilan,Bayar Kredit iPhone,Bayar Kredit iPhone,bayar kredit iphone,kredit iphone,kredit iphone,3.0,2.0,1.0,33.3
Generate,Cicilan,Bayar Kredit Samsung,Bayar Kredit Samsung,bayar kredit samsung,kredit samsung,kredit samsung,3.0,2.0,1.0,33.3
Generate,Cicilan,Bayar Kredit Oppo,Bayar Kredit Oppo,bayar kredit oppo,kredit oppo,kredit oppo,3.0,2.0,1.0,33.3
Generate,Cicilan,Bayar Kredit Vivo,Bayar Kredit Vivo,bayar kredit vivo,kredit vivo,kredit vivo,3.0,2.0,1.0,33.3
Generate,Cicilan,Bayar Kredit Xiaomi,Bayar Kredit Xiaomi,bayar kredit xiaomi,kredit xiaomi,kredit xiaomi,3.0,2.0,1.0,33.3
Generate,Cicilan,Tagihan Kredit Gadget,Tagihan Kredit Gadget,tagihan kredit gadget,tagihan kredit gadget,tagih kredit gadget,3.0,3.0,0.0,0.0
Generate,Cicilan,Cicilan HP Bulanan,Cicilan HP Bulanan,cicilan hp bulanan,cicilan hp bulanan,cicil hp bulan,3.0,3.0,0.0,0.0
Generate,Cicilan,Cicilan Laptop Bulanan,Cicilan Laptop Bulanan,cicilan laptop bulanan,cicilan laptop bulanan,cicil laptop bulan,3.0,3.0,0.0,0.0
Generate,Cicilan,Cicilan Elektronik Bulanan,Cicilan Elektronik Bulanan,cicilan elektronik bulanan,cicilan elektronik bulanan,cicil elektronik bulan,3.0,3.0,0.0,0.0
Generate,Cicilan,Bayar Pinjaman Tunaiku,Bayar Pinjaman Tunaiku,bayar pinjaman tunaiku,pinjaman tunaiku,pinjam tunai,3.0,2.0,1.0,33.3
Generate,Cicilan,Tagihan Tunaiku,Tagihan Tunaiku,tagihan tunaiku,tagihan tunaiku,tagih tunai,2.0,2.0,0.0,0.0
Generate,Cicilan,Bayar Pinjaman Kredit Pintar,Bayar Pinjaman Kredit Pintar,bayar pinjaman kredit pintar,pinjaman kredit,pinjam kredit,4.0,2.0,2.0,50.0
Generate,Cicilan,Tagihan Kredit Pintar,Tagihan Kredit Pintar,tagihan kredit pintar,tagihan kredit,tagih kredit,3.0,2.0,1.0,33.3
Generate,Cicilan,Bayar Pinjaman Danafix,Bayar Pinjaman Danafix,bayar pinjaman danafix,pinjaman danafix,pinjam danafix,3.0,2.0,1.0,33.3
Generate,Cicilan,Tagihan Danafix,Tagihan Danafix,tagihan danafix,tagihan danafix,tagih danafix,2.0,2.0,0.0,0.0
Generate,Cicilan,Bayar Pinjaman Easycash,Bayar Pinjaman Easycash,bayar pinjaman easycash,pinjaman easycash,pinjam easycash,3.0,2.0,1.0,33.3
Generate,Cicilan,Tagihan Easycash,Tagihan Easycash,tagihan easycash,tagihan easycash,tagih easycash,2.0,2.0,0.0,0.0
Generate,Cicilan,Pembayaran Pinjaman Online,Pembayaran Pinjaman Online,pembayaran pinjaman online,pembayaran pinjaman,bayar pinjam,3.0,2.0,1.0,33.3
Generate,Cicilan,Cicilan Pinjaman Bulanan,Cicilan Pinjaman Bulanan,cicilan pinjaman bulanan,cicilan pinjaman bulanan,cicil pinjam bulan,3.0,3.0,0.0,0.0
Generate,Cicilan,Bayar Angsuran Motor,Bayar Angsuran Motor,bayar angsuran motor,angsuran motor,angsur motor,3.0,2.0,1.0,33.3
Generate,Cicilan,Bayar Angsuran Mobil,Bayar Angsuran Mobil,bayar angsuran mobil,angsuran,angsur,3.0,1.0,2.0,66.7
Generate,Cicilan,Bayar Angsuran Rumah,Bayar Angsuran Rumah,bayar angsuran rumah,angsuran rumah,angsur rumah,3.0,2.0,1.0,33.3
Generate,Cicilan,Angsuran Bulanan FIF,Angsuran Bulanan FIF,angsuran bulanan fif,angsuran bulanan fif,angsur bulan fif,3.0,3.0,0.0,0.0
Generate,Cicilan,Angsuran Adira,Angsuran Adira,angsuran adira,angsuran adira,angsur adira,2.0,2.0,0.0,0.0
Generate,Cicilan,Angsuran OTO Finance,Angsuran OTO Finance,angsuran oto finance,angsuran oto finance,angsur oto finance,3.0,3.0,0.0,0.0
Generate,Cicilan,Angsuran Kredivo,Angsuran Kredivo,angsuran kredivo,angsuran kredivo,angsur kredivo,2.0,2.0,0.0,0.0
Generate,Cicilan,Angsuran Akulaku,Angsuran Akulaku,angsuran akulaku,angsuran akulaku,angsur akulaku,2.0,2.0,0.0,0.0
Generate,Cicilan,Angsuran Home Credit,Angsuran Home Credit,angsuran home credit,angsuran home credit,angsur home credit,3.0,3.0,0.0,0.0
Generate,Cicilan,Bayar Termin Rumah,Bayar Termin Rumah,bayar termin rumah,termin rumah,termin rumah,3.0,2.0,1.0,33.3
Generate,Cicilan,Pembayaran DP Mobil,Pembayaran DP Mobil,pembayaran dp mobil,pembayaran dp,bayar dp,3.0,2.0,1.0,33.3
Generate,Cicilan,Pembayaran DP Motor,Pembayaran DP Motor,pembayaran dp motor,pembayaran dp motor,bayar dp motor,3.0,3.0,0.0,0.0
Generate,Cicilan,Bayar Uang Muka Kredit,Bayar Uang Muka Kredit,bayar uang muka kredit,uang muka kredit,uang muka kredit,4.0,3.0,1.0,25.0
Generate,Cicilan,Tagihan Lease Mobil,Tagihan Lease Mobil,tagihan lease mobil,tagihan lease,tagih lease,3.0,2.0,1.0,33.3
Generate,Cicilan,Lease Payment Car,Lease Payment Car,lease payment car,lease payment car,lease payment car,3.0,3.0,0.0,0.0
Generate,Cicilan,Monthly Installment,Monthly Installment,monthly installment,monthly installment,monthly installment,2.0,2.0,0.0,0.0
Generate,Cicilan,Loan Payment Monthly,Loan Payment Monthly,loan payment monthly,loan payment monthly,loan payment monthly,3.0,3.0,0.0,0.0
Generate,Cicilan,Car Loan Payment,Car Loan Payment,car loan payment,car loan payment,car loan payment,3.0,3.0,0.0,0.0
Generate,Cicilan,Motorcycle Installment,Motorcycle Installment,motorcycle installment,motorcycle installment,motorcycle installment,2.0,2.0,0.0,0.0
Generate,Cicilan,Mortgage Payment,Mortgage Payment,mortgage payment,mortgage payment,mortgage payment,2.0,2.0,0.0,0.0
Generate,Cicilan,Housing Loan Payment,Housing Loan Payment,housing loan payment,housing loan payment,housing loan payment,3.0,3.0,0.0,0.0
Generate,Cicilan,Bayar Cicilan Januari,Bayar Cicilan Januari,bayar cicilan januari,cicilan januari,cicil januari,3.0,2.0,1.0,33.3
Generate,Cicilan,Bayar Cicilan Februari,Bayar Cicilan Februari,bayar cicilan februari,cicilan februari,cicil februari,3.0,2.0,1.0,33.3
Generate,Cicilan,Bayar Cicilan Maret,Bayar Cicilan Maret,bayar cicilan maret,cicilan maret,cicil maret,3.0,2.0,1.0,33.3
Generate,Cicilan,Bayar Cicilan April,Bayar Cicilan April,bayar cicilan april,cicilan april,cicil april,3.0,2.0,1.0,33.3
Generate,Cicilan,Bayar Cicilan Mei,Bayar Cicilan Mei,bayar cicilan mei,cicilan mei,cicil mei,3.0,2.0,1.0,33.3
Generate,Cicilan,Bayar Cicilan Juni,Bayar Cicilan Juni,bayar cicilan juni,cicilan juni,cicil juni,3.0,2.0,1.0,33.3
Generate,Cicilan,Bayar Cicilan Juli,Bayar Cicilan Juli,bayar cicilan juli,cicilan juli,cicil juli,3.0,2.0,1.0,33.3
Generate,Cicilan,Bayar Cicilan Agustus,Bayar Cicilan Agustus,bayar cicilan agustus,cicilan agustus,cicil agustus,3.0,2.0,1.0,33.3
Generate,Cicilan,Bayar Cicilan September,Bayar Cicilan September,bayar cicilan september,cicilan september,cicil september,3.0,2.0,1.0,33.3
Generate,Cicilan,Bayar Cicilan Oktober,Bayar Cicilan Oktober,bayar cicilan oktober,cicilan oktober,cicil oktober,3.0,2.0,1.0,33.3
Generate,Cicilan,Bayar Cicilan November,Bayar Cicilan November,bayar cicilan november,cicilan november,cicil november,3.0,2.0,1.0,33.3
Generate,Cicilan,Bayar Cicilan Desember,Bayar Cicilan Desember,bayar cicilan desember,cicilan desember,cicil desember,3.0,2.0,1.0,33.3
Generate,Cicilan,Transfer Cicilan Motor,Transfer Cicilan Motor,transfer cicilan motor,transfer cicilan motor,transfer cicil motor,3.0,3.0,0.0,0.0
Generate,Cicilan,Transfer Cicilan Mobil,Transfer Cicilan Mobil,transfer cicilan mobil,transfer cicilan,transfer cicil,3.0,2.0,1.0,33.3
Generate,Cicilan,Transfer Cicilan Rumah,Transfer Cicilan Rumah,transfer cicilan rumah,transfer cicilan rumah,transfer cicil rumah,3.0,3.0,0.0,0.0
Generate,Cicilan,Bayar Cicilan via BCA,Bayar Cicilan via BCA,bayar cicilan via bca,cicilan via bca,cicil via bca,4.0,3.0,1.0,25.0
Generate,Cicilan,Bayar Cicilan via Mandiri,Bayar Cicilan via Mandiri,bayar cicilan via mandiri,cicilan via,cicil via,4.0,2.0,2.0,50.0
Generate,Cicilan,Bayar Cicilan via BNI,Bayar Cicilan via BNI,bayar cicilan via bni,cicilan via bni,cicil via bni,4.0,3.0,1.0,25.0
Generate,Cicilan,Bayar Cicilan via BRI,Bayar Cicilan via BRI,bayar cicilan via bri,cicilan via bri,cicil via bri,4.0,3.0,1.0,25.0
Generate,Cicilan,Bayar Cicilan via Dana,Bayar Cicilan via Dana,bayar cicilan via dana,cicilan via dana,cicil via dana,4.0,3.0,1.0,25.0
Generate,Cicilan,Bayar Cicilan via OVO,Bayar Cicilan via OVO,bayar cicilan via ovo,cicilan via ovo,cicil via ovo,4.0,3.0,1.0,25.0
Generate,Cicilan,Bayar Cicilan via Gopay,Bayar Cicilan via Gopay,bayar cicilan via gopay,cicilan via gopay,cicil via gopay,4.0,3.0,1.0,25.0
Generate,Cicilan,Bayar Cicilan via ShopeePay,Bayar Cicilan via ShopeePay,bayar cicilan via shopeepay,cicilan via shopeepay,cicil via shopeepay,4.0,3.0,1.0,25.0
Generate,Cicilan,Virtual Account Kredivo,Virtual Account Kredivo,virtual account kredivo,virtual account kredivo,virtual account kredivo,3.0,3.0,0.0,0.0
Generate,Cicilan,Virtual Account Akulaku,Virtual Account Akulaku,virtual account akulaku,virtual account akulaku,virtual account akulaku,3.0,3.0,0.0,0.0
Generate,Cicilan,Virtual Account FIF,Virtual Account FIF,virtual account fif,virtual account fif,virtual account fif,3.0,3.0,0.0,0.0
Generate,Cicilan,Virtual Account Adira,Virtual Account Adira,virtual account adira,virtual account adira,virtual account adira,3.0,3.0,0.0,0.0
Generate,Cicilan,Virtual Account Home Credit,Virtual Account Home Credit,virtual account home credit,virtual account home credit,virtual account home credit,4.0,4.0,0.0,0.0
Generate,Pajak,Bayar Pajak Motor,Bayar Pajak Motor,bayar pajak motor,pajak motor,pajak motor,3.0,2.0,1.0,33.3
Generate,Pajak,Bayar Pajak Mobil,Bayar Pajak Mobil,bayar pajak mobil,pajak,pajak,3.0,1.0,2.0,66.7
Generate,Pajak,Bayar Pajak Kendaraan,Bayar Pajak Kendaraan,bayar pajak kendaraan,pajak kendaraan,pajak kendara,3.0,2.0,1.0,33.3
Generate,Pajak,Pembayaran Pajak Motor,Pembayaran Pajak Motor,pembayaran pajak motor,pembayaran pajak motor,bayar pajak motor,3.0,3.0,0.0,0.0
Generate,Pajak,Pembayaran Pajak Mobil,Pembayaran Pajak Mobil,pembayaran pajak mobil,pembayaran pajak,bayar pajak,3.0,2.0,1.0,33.3
Generate,Pajak,Tagihan Pajak Kendaraan,Tagihan Pajak Kendaraan,tagihan pajak kendaraan,tagihan pajak kendaraan,tagih pajak kendara,3.0,3.0,0.0,0.0
Generate,Pajak,Bayar PKB Motor,Bayar PKB Motor,bayar pkb motor,pkb motor,pkb motor,3.0,2.0,1.0,33.3
Generate,Pajak,Bayar PKB Mobil,Bayar PKB Mobil,bayar pkb mobil,pkb,pkb,3.0,1.0,2.0,66.7
Generate,Pajak,Pembayaran PKB Tahunan,Pembayaran PKB Tahunan,pembayaran pkb tahunan,pembayaran pkb tahunan,bayar pkb tahun,3.0,3.0,0.0,0.0
Generate,Pajak,Tagihan PKB Kendaraan,Tagihan PKB Kendaraan,tagihan pkb kendaraan,tagihan pkb kendaraan,tagih pkb kendara,3.0,3.0,0.0,0.0
Generate,Pajak,Bayar STNK Tahunan,Bayar STNK Tahunan,bayar stnk tahunan,stnk tahunan,stnk tahun,3.0,2.0,1.0,33.3
Generate,Pajak,Perpanjang STNK,Perpanjang STNK,perpanjang stnk,perpanjang stnk,panjang stnk,2.0,2.0,0.0,0.0
Generate,Pajak,Pembayaran Perpanjang STNK,Pembayaran Perpanjang STNK,pembayaran perpanjang stnk,pembayaran perpanjang stnk,bayar panjang stnk,3.0,3.0,0.0,0.0
Generate,Pajak,Tagihan STNK Motor,Tagihan STNK Motor,tagihan stnk motor,tagihan stnk motor,tagih stnk motor,3.0,3.0,0.0,0.0
Generate,Pajak,Tagihan STNK Mobil,Tagihan STNK Mobil,tagihan stnk mobil,tagihan stnk,tagih stnk,3.0,2.0,1.0,33.3
Generate,Pajak,Bayar SWDKLLJ,Bayar SWDKLLJ,bayar swdkllj,swdkllj,swdkllj,2.0,1.0,1.0,50.0
Generate,Pajak,Pembayaran SWDKLLJ,Pembayaran SWDKLLJ,pembayaran swdkllj,pembayaran swdkllj,bayar swdkllj,2.0,2.0,0.0,0.0
Generate,Pajak,Tagihan SWDKLLJ Motor,Tagihan SWDKLLJ Motor,tagihan swdkllj motor,tagihan swdkllj motor,tagih swdkllj motor,3.0,3.0,0.0,0.0
Generate,Pajak,Tagihan SWDKLLJ Mobil,Tagihan SWDKLLJ Mobil,tagihan swdkllj mobil,tagihan swdkllj,tagih swdkllj,3.0,2.0,1.0,33.3
Generate,Pajak,Bayar Samsat Online,Bayar Samsat Online,bayar samsat online,samsat,samsat,3.0,1.0,2.0,66.7
Generate,Pajak,Pembayaran Samsat Nasional,Pembayaran Samsat Nasional,pembayaran samsat nasional,pembayaran samsat nasional,bayar samsat nasional,3.0,3.0,0.0,0.0
Generate,Pajak,Bayar E-Samsat,Bayar E-Samsat,bayar esamsat,esamsat,esamsat,2.0,1.0,1.0,50.0
Generate,Pajak,Tagihan E-Samsat,Tagihan E-Samsat,tagihan esamsat,tagihan esamsat,tagih esamsat,2.0,2.0,0.0,0.0
Generate,Pajak,Bayar Pajak Motor Honda,Bayar Pajak Motor Honda,bayar pajak motor honda,pajak motor honda,pajak motor honda,4.0,3.0,1.0,25.0
Generate,Pajak,Bayar Pajak Motor Yamaha,Bayar Pajak Motor Yamaha,bayar pajak motor yamaha,pajak motor yamaha,pajak motor yamaha,4.0,3.0,1.0,25.0
Generate,Pajak,Bayar Pajak Motor Suzuki,Bayar Pajak Motor Suzuki,bayar pajak motor suzuki,pajak motor suzuki,pajak motor suzuki,4.0,3.0,1.0,25.0
Generate,Pajak,Bayar Pajak Mobil Toyota,Bayar Pajak Mobil Toyota,bayar pajak mobil toyota,pajak toyota,pajak toyota,4.0,2.0,2.0,50.0
Generate,Pajak,Bayar Pajak Mobil Honda,Bayar Pajak Mobil Honda,bayar pajak mobil honda,pajak honda,pajak honda,4.0,2.0,2.0,50.0
Generate,Pajak,Bayar Pajak Mobil Daihatsu,Bayar Pajak Mobil Daihatsu,bayar pajak mobil daihatsu,pajak daihatsu,pajak daihatsu,4.0,2.0,2.0,50.0
Generate,Pajak,Bayar Pajak Mobil Mitsubishi,Bayar Pajak Mobil Mitsubishi,bayar pajak mobil mitsubishi,pajak mitsubishi,pajak mitsubishi,4.0,2.0,2.0,50.0
Generate,Pajak,Pajak Beat Tahunan,Pajak Beat Tahunan,pajak beat tahunan,pajak beat tahunan,pajak beat tahun,3.0,3.0,0.0,0.0
Generate,Pajak,Pajak Nmax Tahunan,Pajak Nmax Tahunan,pajak nmax tahunan,pajak nmax tahunan,pajak nmax tahun,3.0,3.0,0.0,0.0
Generate,Pajak,Pajak Vario Tahunan,Pajak Vario Tahunan,pajak vario tahunan,pajak vario tahunan,pajak vario tahun,3.0,3.0,0.0,0.0
Generate,Pajak,Pajak Avanza Tahunan,Pajak Avanza Tahunan,pajak avanza tahunan,pajak avanza tahunan,pajak avanza tahun,3.0,3.0,0.0,0.0
Generate,Pajak,Pajak Brio Tahunan,Pajak Brio Tahunan,pajak brio tahunan,pajak brio tahunan,pajak brio tahun,3.0,3.0,0.0,0.0
Generate,Pajak,Pajak Xenia Tahunan,Pajak Xenia Tahunan,pajak xenia tahunan,pajak xenia tahunan,pajak xenia tahun,3.0,3.0,0.0,0.0
Generate,Pajak,Bayar Pajak Kendaraan Januari,Bayar Pajak Kendaraan Januari,bayar pajak kendaraan januari,pajak kendaraan januari,pajak kendara januari,4.0,3.0,1.0,25.0
Generate,Pajak,Bayar Pajak Kendaraan Februari,Bayar Pajak Kendaraan Februari,bayar pajak kendaraan februari,pajak kendaraan februari,pajak kendara februari,4.0,3.0,1.0,25.0
Generate,Pajak,Bayar Pajak Kendaraan Maret,Bayar Pajak Kendaraan Maret,bayar pajak kendaraan maret,pajak kendaraan maret,pajak kendara maret,4.0,3.0,1.0,25.0
Generate,Pajak,Bayar Pajak Kendaraan April,Bayar Pajak Kendaraan April,bayar pajak kendaraan april,pajak kendaraan april,pajak kendara april,4.0,3.0,1.0,25.0
Generate,Pajak,Bayar Pajak Kendaraan Mei,Bayar Pajak Kendaraan Mei,bayar pajak kendaraan mei,pajak kendaraan mei,pajak kendara mei,4.0,3.0,1.0,25.0
Generate,Pajak,Bayar Pajak Kendaraan Juni,Bayar Pajak Kendaraan Juni,bayar pajak kendaraan juni,pajak kendaraan juni,pajak kendara juni,4.0,3.0,1.0,25.0
Generate,Pajak,Bayar Pajak Kendaraan Juli,Bayar Pajak Kendaraan Juli,bayar pajak kendaraan juli,pajak kendaraan juli,pajak kendara juli,4.0,3.0,1.0,25.0
Generate,Pajak,Bayar Pajak Kendaraan Agustus,Bayar Pajak Kendaraan Agustus,bayar pajak kendaraan agustus,pajak kendaraan agustus,pajak kendara agustus,4.0,3.0,1.0,25.0
Generate,Pajak,Bayar Pajak Kendaraan September,Bayar Pajak Kendaraan September,bayar pajak kendaraan september,pajak kendaraan september,pajak kendara september,4.0,3.0,1.0,25.0
Generate,Pajak,Bayar Pajak Kendaraan Oktober,Bayar Pajak Kendaraan Oktober,bayar pajak kendaraan oktober,pajak kendaraan oktober,pajak kendara oktober,4.0,3.0,1.0,25.0
Generate,Pajak,Bayar Pajak Kendaraan November,Bayar Pajak Kendaraan November,bayar pajak kendaraan november,pajak kendaraan november,pajak kendara november,4.0,3.0,1.0,25.0
Generate,Pajak,Bayar Pajak Kendaraan Desember,Bayar Pajak Kendaraan Desember,bayar pajak kendaraan desember,pajak kendaraan desember,pajak kendara desember,4.0,3.0,1.0,25.0
Generate,Pajak,Bayar PBB,Bayar PBB,bayar pbb,pbb,pbb,2.0,1.0,1.0,50.0
Generate,Pajak,Pembayaran PBB,Pembayaran PBB,pembayaran pbb,pembayaran pbb,bayar pbb,2.0,2.0,0.0,0.0
Generate,Pajak,Tagihan PBB Rumah,Tagihan PBB Rumah,tagihan pbb rumah,tagihan pbb rumah,tagih pbb rumah,3.0,3.0,0.0,0.0
Generate,Pajak,Tagihan PBB Tanah,Tagihan PBB Tanah,tagihan pbb tanah,tagihan pbb tanah,tagih pbb tanah,3.0,3.0,0.0,0.0
Generate,Pajak,Bayar Pajak Bumi Bangunan,Bayar Pajak Bumi Bangunan,bayar pajak bumi bangunan,pajak bumi bangunan,pajak bumi bangun,4.0,3.0,1.0,25.0
Generate,Pajak,Pembayaran Pajak Properti,Pembayaran Pajak Properti,pembayaran pajak properti,pembayaran pajak properti,bayar pajak properti,3.0,3.0,0.0,0.0
Generate,Pajak,Bayar PBB Sleman,Bayar PBB Sleman,bayar pbb sleman,pbb sleman,pbb sleman,3.0,2.0,1.0,33.3
Generate,Pajak,Bayar PBB Bantul,Bayar PBB Bantul,bayar pbb bantul,pbb bantul,pbb bantul,3.0,2.0,1.0,33.3
Generate,Pajak,Bayar PBB Jogja,Bayar PBB Jogja,bayar pbb jogja,pbb jogja,pbb jogja,3.0,2.0,1.0,33.3
Generate,Pajak,Bayar PBB Jakarta,Bayar PBB Jakarta,bayar pbb jakarta,pbb jakarta,pbb jakarta,3.0,2.0,1.0,33.3
Generate,Pajak,Bayar PBB Bandung,Bayar PBB Bandung,bayar pbb bandung,pbb bandung,pbb bandung,3.0,2.0,1.0,33.3
Generate,Pajak,Bayar PBB Surabaya,Bayar PBB Surabaya,bayar pbb surabaya,pbb surabaya,pbb surabaya,3.0,2.0,1.0,33.3
Generate,Pajak,PBB Tahunan Rumah,PBB Tahunan Rumah,pbb tahunan rumah,pbb tahunan rumah,pbb tahun rumah,3.0,3.0,0.0,0.0
Generate,Pajak,PBB Tahunan Tanah,PBB Tahunan Tanah,pbb tahunan tanah,pbb tahunan tanah,pbb tahun tanah,3.0,3.0,0.0,0.0
Generate,Pajak,Tagihan Pajak Rumah,Tagihan Pajak Rumah,tagihan pajak rumah,tagihan pajak rumah,tagih pajak rumah,3.0,3.0,0.0,0.0
Generate,Pajak,Bayar Pajak Rumah,Bayar Pajak Rumah,bayar pajak rumah,pajak rumah,pajak rumah,3.0,2.0,1.0,33.3
Generate,Pajak,Bayar Pajak Ruko,Bayar Pajak Ruko,bayar pajak ruko,pajak ruko,pajak ruko,3.0,2.0,1.0,33.3
Generate,Pajak,Pembayaran Pajak Ruko,Pembayaran Pajak Ruko,pembayaran pajak ruko,pembayaran pajak ruko,bayar pajak ruko,3.0,3.0,0.0,0.0
Generate,Pajak,Bayar Pajak Apartemen,Bayar Pajak Apartemen,bayar pajak apartemen,pajak apartemen,pajak apartemen,3.0,2.0,1.0,33.3
Generate,Pajak,Tagihan Pajak Apartemen,Tagihan Pajak Apartemen,tagihan pajak apartemen,tagihan pajak apartemen,tagih pajak apartemen,3.0,3.0,0.0,0.0
Generate,Pajak,Bayar NPWP,Bayar NPWP,bayar npwp,npwp,npwp,2.0,1.0,1.0,50.0
Generate,Pajak,Pembayaran Pajak Pribadi,Pembayaran Pajak Pribadi,pembayaran pajak pribadi,pembayaran pajak pribadi,bayar pajak pribadi,3.0,3.0,0.0,0.0
Generate,Pajak,Tagihan Pajak Penghasilan,Tagihan Pajak Penghasilan,tagihan pajak penghasilan,tagihan pajak penghasilan,tagih pajak hasil,3.0,3.0,0.0,0.0
Generate,Pajak,Bayar PPh 21,Bayar PPh 21,bayar pph,pph,pph,3.0,1.0,2.0,66.7
Generate,Pajak,Bayar PPh Final,Bayar PPh Final,bayar pph final,pph final,pph final,3.0,2.0,1.0,33.3
Generate,Pajak,Pembayaran Pajak Online,Pembayaran Pajak Online,pembayaran pajak online,pembayaran pajak,bayar pajak,3.0,2.0,1.0,33.3
Generate,Pajak,Tagihan DJP Online,Tagihan DJP Online,tagihan djp online,tagihan djp,tagih djp,3.0,2.0,1.0,33.3
Generate,Pajak,Bayar eBilling Pajak,Bayar eBilling Pajak,bayar ebilling pajak,ebilling pajak,ebilling pajak,3.0,2.0,1.0,33.3
Generate,Pajak,Pembayaran Billing Pajak,Pembayaran Billing Pajak,pembayaran billing pajak,pembayaran billing pajak,bayar billing pajak,3.0,3.0,0.0,0.0
Generate,Pajak,Bayar Pajak UMKM,Bayar Pajak UMKM,bayar pajak umkm,pajak umkm,pajak umkm,3.0,2.0,1.0,33.3
Generate,Pajak,Tagihan Pajak Usaha,Tagihan Pajak Usaha,tagihan pajak usaha,tagihan pajak usaha,tagih pajak usaha,3.0,3.0,0.0,0.0
Generate,Pajak,Bayar Pajak Toko,Bayar Pajak Toko,bayar pajak toko,pajak,pajak,3.0,1.0,2.0,66.7
Generate,Pajak,Pembayaran Pajak Dagang,Pembayaran Pajak Dagang,pembayaran pajak dagang,pembayaran pajak dagang,bayar pajak dagang,3.0,3.0,0.0,0.0
Generate,Pajak,Bayar Pajak Restoran,Bayar Pajak Restoran,bayar pajak restoran,pajak restoran,pajak restoran,3.0,2.0,1.0,33.3
Generate,Pajak,Bayar Pajak Hotel,Bayar Pajak Hotel,bayar pajak hotel,pajak hotel,pajak hotel,3.0,2.0,1.0,33.3
Generate,Pajak,Bayar Pajak Reklame,Bayar Pajak Reklame,bayar pajak reklame,pajak reklame,pajak reklame,3.0,2.0,1.0,33.3
Generate,Pajak,Bayar Bea Balik Nama,Bayar Bea Balik Nama,bayar bea balik nama,bea nama,bea nama,4.0,2.0,2.0,50.0
Generate,Pajak,Pembayaran BBNKB,Pembayaran BBNKB,pembayaran bbnkb,pembayaran bbnkb,bayar bbnkb,2.0,2.0,0.0,0.0
Generate,Pajak,Tagihan BBNKB Mobil,Tagihan BBNKB Mobil,tagihan bbnkb mobil,tagihan bbnkb,tagih bbnkb,3.0,2.0,1.0,33.3
Generate,Pajak,Tagihan BBNKB Motor,Tagihan BBNKB Motor,tagihan bbnkb motor,tagihan bbnkb motor,tagih bbnkb motor,3.0,3.0,0.0,0.0
Generate,Pajak,Bayar Balik Nama Motor,Bayar Balik Nama Motor,bayar balik nama motor,nama motor,nama motor,4.0,2.0,2.0,50.0
Generate,Pajak,Bayar Balik Nama Mobil,Bayar Balik Nama Mobil,bayar balik nama mobil,nama,nama,4.0,1.0,3.0,75.0
Generate,Pajak,Bayar Retribusi Sampah,Bayar Retribusi Sampah,bayar retribusi sampah,retribusi sampah,retribusi sampah,3.0,2.0,1.0,33.3
Generate,Pajak,Tagihan Retribusi Kebersihan,Tagihan Retribusi Kebersihan,tagihan retribusi kebersihan,tagihan retribusi kebersihan,tagih retribusi bersih,3.0,3.0,0.0,0.0
Generate,Pajak,Pembayaran Iuran Sampah,Pembayaran Iuran Sampah,pembayaran iuran sampah,pembayaran iuran sampah,bayar iur sampah,3.0,3.0,0.0,0.0
Generate,Pajak,Bayar Retribusi Parkir,Bayar Retribusi Parkir,bayar retribusi parkir,retribusi parkir,retribusi parkir,3.0,2.0,1.0,33.3
Generate,Pajak,Tagihan Pajak Parkir,Tagihan Pajak Parkir,tagihan pajak parkir,tagihan pajak parkir,tagih pajak parkir,3.0,3.0,0.0,0.0
Generate,Pajak,Bayar Pajak Air Tanah,Bayar Pajak Air Tanah,bayar pajak air tanah,pajak air tanah,pajak air tanah,4.0,3.0,1.0,25.0
Generate,Pajak,Pembayaran Pajak Daerah,Pembayaran Pajak Daerah,pembayaran pajak daerah,pembayaran pajak daerah,bayar pajak daerah,3.0,3.0,0.0,0.0
Generate,Pajak,Tagihan Pajak Daerah,Tagihan Pajak Daerah,tagihan pajak daerah,tagihan pajak daerah,tagih pajak daerah,3.0,3.0,0.0,0.0
Generate,Pajak,Bayar Pajak Tahunan,Bayar Pajak Tahunan,bayar pajak tahunan,pajak tahunan,pajak tahun,3.0,2.0,1.0,33.3
Generate,Pajak,Pembayaran Pajak Bulanan,Pembayaran Pajak Bulanan,pembayaran pajak bulanan,pembayaran pajak bulanan,bayar pajak bulan,3.0,3.0,0.0,0.0
Generate,Pajak,Tagihan Pajak Bulan Ini,Tagihan Pajak Bulan Ini,tagihan pajak bulan ini,tagihan pajak,tagih pajak,4.0,2.0,2.0,50.0
Generate,Pajak,Bayar Pajak via BCA,Bayar Pajak via BCA,bayar pajak via bca,pajak via bca,pajak via bca,4.0,3.0,1.0,25.0
Generate,Pajak,Bayar Pajak via Mandiri,Bayar Pajak via Mandiri,bayar pajak via mandiri,pajak via,pajak via,4.0,2.0,2.0,50.0
Generate,Pajak,Bayar Pajak via BNI,Bayar Pajak via BNI,bayar pajak via bni,pajak via bni,pajak via bni,4.0,3.0,1.0,25.0
Generate,Pajak,Bayar Pajak via BRI,Bayar Pajak via BRI,bayar pajak via bri,pajak via bri,pajak via bri,4.0,3.0,1.0,25.0
Generate,Pajak,Bayar Pajak via Dana,Bayar Pajak via Dana,bayar pajak via dana,pajak via dana,pajak via dana,4.0,3.0,1.0,25.0
Generate,Pajak,Bayar Pajak via OVO,Bayar Pajak via OVO,bayar pajak via ovo,pajak via ovo,pajak via ovo,4.0,3.0,1.0,25.0
Generate,Pajak,Bayar Pajak via Gopay,Bayar Pajak via Gopay,bayar pajak via gopay,pajak via gopay,pajak via gopay,4.0,3.0,1.0,25.0
Generate,Pajak,Bayar Pajak via ShopeePay,Bayar Pajak via ShopeePay,bayar pajak via shopeepay,pajak via shopeepay,pajak via shopeepay,4.0,3.0,1.0,25.0
Generate,Pajak,Transfer Pajak Kendaraan,Transfer Pajak Kendaraan,transfer pajak kendaraan,transfer pajak kendaraan,transfer pajak kendara,3.0,3.0,0.0,0.0
Generate,Pajak,Transfer Pajak Properti,Transfer Pajak Properti,transfer pajak properti,transfer pajak properti,transfer pajak properti,3.0,3.0,0.0,0.0
Generate,Pajak,Transfer Pajak Tahunan,Transfer Pajak Tahunan,transfer pajak tahunan,transfer pajak tahunan,transfer pajak tahun,3.0,3.0,0.0,0.0
Generate,Pajak,Tax Payment Vehicle,Tax Payment Vehicle,tax payment vehicle,tax payment vehicle,tax payment vehicle,3.0,3.0,0.0,0.0
Generate,Pajak,Property Tax Payment,Property Tax Payment,property tax payment,property tax payment,property tax payment,3.0,3.0,0.0,0.0
Generate,Pajak,Annual Vehicle Tax,Annual Vehicle Tax,annual vehicle tax,annual vehicle tax,annual vehicle tax,3.0,3.0,0.0,0.0
Generate,Pajak,Motorcycle Tax Payment,Motorcycle Tax Payment,motorcycle tax payment,motorcycle tax payment,motorcycle tax payment,3.0,3.0,0.0,0.0
Generate,Pajak,Car Tax Payment,Car Tax Payment,car tax payment,car tax payment,car tax payment,3.0,3.0,0.0,0.0
Generate,Pajak,House Tax Payment,House Tax Payment,house tax payment,house tax payment,house tax payment,3.0,3.0,0.0,0.0
Generate,Pajak,Land Tax Payment,Land Tax Payment,land tax payment,land tax payment,land tax payment,3.0,3.0,0.0,0.0
Generate,Pajak,Income Tax Payment,Income Tax Payment,income tax payment,income tax payment,income tax payment,3.0,3.0,0.0,0.0
Generate,Pajak,Online Tax Payment,Online Tax Payment,online tax payment,tax payment,tax payment,3.0,2.0,1.0,33.3
Generate,Pajak,Bayar Pajak Plat AB,Bayar Pajak Plat AB,bayar pajak plat ab,pajak plat ab,pajak plat ab,4.0,3.0,1.0,25.0
Generate,Pajak,Bayar Pajak Plat B,Bayar Pajak Plat B,bayar pajak plat b,pajak plat,pajak plat,4.0,2.0,2.0,50.0
Generate,Pajak,Bayar Pajak Plat D,Bayar Pajak Plat D,bayar pajak plat d,pajak plat,pajak plat,4.0,2.0,2.0,50.0
Generate,Pajak,Bayar Pajak Plat L,Bayar Pajak Plat L,bayar pajak plat l,pajak plat,pajak plat,4.0,2.0,2.0,50.0
Generate,Pajak,Bayar Pajak Plat N,Bayar Pajak Plat N,bayar pajak plat n,pajak plat,pajak plat,4.0,2.0,2.0,50.0
Generate,Pajak,Bayar Pajak Telat,Bayar Pajak Telat,bayar pajak telat,pajak,pajak,3.0,1.0,2.0,66.7
Generate,Pajak,Denda Pajak Motor,Denda Pajak Motor,denda pajak motor,denda pajak motor,denda pajak motor,3.0,3.0,0.0,0.0
Generate,Pajak,Denda Pajak Mobil,Denda Pajak Mobil,denda pajak mobil,denda pajak,denda pajak,3.0,2.0,1.0,33.3
Generate,Pajak,Pembayaran Denda Pajak,Pembayaran Denda Pajak,pembayaran denda pajak,pembayaran denda pajak,bayar denda pajak,3.0,3.0,0.0,0.0
Generate,Pajak,Tagihan Pajak + Denda,Tagihan Pajak + Denda,tagihan pajak denda,tagihan pajak denda,tagih pajak denda,4.0,3.0,1.0,25.0
Generate,Pajak,Bayar Pajak Lima Tahunan,Bayar Pajak Lima Tahunan,bayar pajak lima tahunan,pajak tahunan,pajak tahun,4.0,2.0,2.0,50.0
Generate,Pajak,Perpanjang Plat Nomor,Perpanjang Plat Nomor,perpanjang plat nomor,perpanjang plat nomor,panjang plat nomor,3.0,3.0,0.0,0.0
Generate,Pajak,Ganti Plat Kendaraan,Ganti Plat Kendaraan,ganti plat kendaraan,ganti plat kendaraan,ganti plat kendara,3.0,3.0,0.0,0.0
Generate,Pajak,Pembayaran Ganti TNKB,Pembayaran Ganti TNKB,pembayaran ganti tnkb,pembayaran ganti tnkb,bayar ganti tnkb,3.0,3.0,0.0,0.0
Generate,Pajak,Tagihan TNKB Baru,Tagihan TNKB Baru,tagihan tnkb baru,tagihan tnkb,tagih tnkb,3.0,2.0,1.0,33.3
Generate,Pajak,Bayar Pajak Motor Beat,Bayar Pajak Motor Beat,bayar pajak motor beat,pajak motor beat,pajak motor beat,4.0,3.0,1.0,25.0
Generate,Pajak,Bayar Pajak Motor Vario,Bayar Pajak Motor Vario,bayar pajak motor vario,pajak motor vario,pajak motor vario,4.0,3.0,1.0,25.0
Generate,Pajak,Bayar Pajak Motor Scoopy,Bayar Pajak Motor Scoopy,bayar pajak motor scoopy,pajak motor scoopy,pajak motor scoopy,4.0,3.0,1.0,25.0
Generate,Pajak,Bayar Pajak Motor Nmax,Bayar Pajak Motor Nmax,bayar pajak motor nmax,pajak motor nmax,pajak motor nmax,4.0,3.0,1.0,25.0
Generate,Pajak,Bayar Pajak Motor Aerox,Bayar Pajak Motor Aerox,bayar pajak motor aerox,pajak motor aerox,pajak motor aerox,4.0,3.0,1.0,25.0
Generate,Pajak,Bayar Pajak Motor Mio,Bayar Pajak Motor Mio,bayar pajak motor mio,pajak motor mio,pajak motor mio,4.0,3.0,1.0,25.0
Generate,Pajak,Bayar Pajak Motor Jupiter,Bayar Pajak Motor Jupiter,bayar pajak motor jupiter,pajak motor jupiter,pajak motor jupiter,4.0,3.0,1.0,25.0
Generate,Pajak,Bayar Pajak Motor Supra,Bayar Pajak Motor Supra,bayar pajak motor supra,pajak motor supra,pajak motor supra,4.0,3.0,1.0,25.0
Generate,Pajak,Bayar Pajak Motor PCX,Bayar Pajak Motor PCX,bayar pajak motor pcx,pajak motor pcx,pajak motor pcx,4.0,3.0,1.0,25.0
Generate,Pajak,Bayar Pajak Motor Lexi,Bayar Pajak Motor Lexi,bayar pajak motor lexi,pajak motor lexi,pajak motor lexi,4.0,3.0,1.0,25.0
Generate,Pajak,Bayar Pajak Mobil Avanza,Bayar Pajak Mobil Avanza,bayar pajak mobil avanza,pajak avanza,pajak avanza,4.0,2.0,2.0,50.0
Generate,Pajak,Bayar Pajak Mobil Xenia,Bayar Pajak Mobil Xenia,bayar pajak mobil xenia,pajak xenia,pajak xenia,4.0,2.0,2.0,50.0
Generate,Pajak,Bayar Pajak Mobil Brio,Bayar Pajak Mobil Brio,bayar pajak mobil brio,pajak brio,pajak brio,4.0,2.0,2.0,50.0
Generate,Pajak,Bayar Pajak Mobil Mobilio,Bayar Pajak Mobil Mobilio,bayar pajak mobil mobilio,pajak mobilio,pajak mobilio,4.0,2.0,2.0,50.0
Generate,Pajak,Bayar Pajak Mobil Jazz,Bayar Pajak Mobil Jazz,bayar pajak mobil jazz,pajak jazz,pajak jazz,4.0,2.0,2.0,50.0
Generate,Pajak,Bayar Pajak Mobil HRV,Bayar Pajak Mobil HRV,bayar pajak mobil hrv,pajak hrv,pajak hrv,4.0,2.0,2.0,50.0
Generate,Pajak,Bayar Pajak Mobil CRV,Bayar Pajak Mobil CRV,bayar pajak mobil crv,pajak crv,pajak crv,4.0,2.0,2.0,50.0
Generate,Pajak,Bayar Pajak Mobil Innova,Bayar Pajak Mobil Innova,bayar pajak mobil innova,pajak innova,pajak innova,4.0,2.0,2.0,50.0
Generate,Pajak,Bayar Pajak Mobil Fortuner,Bayar Pajak Mobil Fortuner,bayar pajak mobil fortuner,pajak fortuner,pajak fortuner,4.0,2.0,2.0,50.0
Generate,Pajak,Bayar Pajak Mobil Pajero,Bayar Pajak Mobil Pajero,bayar pajak mobil pajero,pajak pajero,pajak pajero,4.0,2.0,2.0,50.0
Generate,Pajak,Bayar Pajak Mobil Sigra,Bayar Pajak Mobil Sigra,bayar pajak mobil sigra,pajak sigra,pajak sigra,4.0,2.0,2.0,50.0
Generate,Pajak,Bayar Pajak Mobil Ayla,Bayar Pajak Mobil Ayla,bayar pajak mobil ayla,pajak ayla,pajak ayla,4.0,2.0,2.0,50.0
Generate,Pajak,Bayar Pajak Mobil Agya,Bayar Pajak Mobil Agya,bayar pajak mobil agya,pajak agya,pajak agya,4.0,2.0,2.0,50.0
Generate,Pajak,Bayar Pajak Mobil Calya,Bayar Pajak Mobil Calya,bayar pajak mobil calya,pajak calya,pajak calya,4.0,2.0,2.0,50.0
Generate,Pajak,Bayar Pajak Mobil Ertiga,Bayar Pajak Mobil Ertiga,bayar pajak mobil ertiga,pajak ertiga,pajak ertiga,4.0,2.0,2.0,50.0
Generate,Pajak,Bayar Pajak Mobil XL7,Bayar Pajak Mobil XL7,bayar pajak mobil xl,pajak,pajak,4.0,1.0,3.0,75.0
Generate,Pajak,Bayar Pajak Mobil Rush,Bayar Pajak Mobil Rush,bayar pajak mobil rush,pajak rush,pajak rush,4.0,2.0,2.0,50.0
Generate,Pajak,Bayar Pajak Mobil Terios,Bayar Pajak Mobil Terios,bayar pajak mobil terios,pajak terios,pajak terios,4.0,2.0,2.0,50.0
Generate,Pajak,Bayar Pajak Mobil Yaris,Bayar Pajak Mobil Yaris,bayar pajak mobil yaris,pajak yaris,pajak yaris,4.0,2.0,2.0,50.0
Generate,Pajak,Bayar Pajak Mobil Raize,Bayar Pajak Mobil Raize,bayar pajak mobil raize,pajak raize,pajak raize,4.0,2.0,2.0,50.0
Generate,Pajak,Pajak Beat Bulanan,Pajak Beat Bulanan,pajak beat bulanan,pajak beat bulanan,pajak beat bulan,3.0,3.0,0.0,0.0
Generate,Pajak,Pajak Aerox Tahunan,Pajak Aerox Tahunan,pajak aerox tahunan,pajak aerox tahunan,pajak aerox tahun,3.0,3.0,0.0,0.0
Generate,Pajak,Pajak Scoopy Tahunan,Pajak Scoopy Tahunan,pajak scoopy tahunan,pajak scoopy tahunan,pajak scoopy tahun,3.0,3.0,0.0,0.0
Generate,Pajak,Pajak Sigra Tahunan,Pajak Sigra Tahunan,pajak sigra tahunan,pajak sigra tahunan,pajak sigra tahun,3.0,3.0,0.0,0.0
Generate,Pajak,Pajak Ayla Tahunan,Pajak Ayla Tahunan,pajak ayla tahunan,pajak ayla tahunan,pajak ayla tahun,3.0,3.0,0.0,0.0
Generate,Pajak,Pajak Agya Tahunan,Pajak Agya Tahunan,pajak agya tahunan,pajak agya tahunan,pajak agya tahun,3.0,3.0,0.0,0.0
Generate,Pajak,Pajak Rush Tahunan,Pajak Rush Tahunan,pajak rush tahunan,pajak rush tahunan,pajak rush tahun,3.0,3.0,0.0,0.0
Generate,Pajak,Pajak Pajero Tahunan,Pajak Pajero Tahunan,pajak pajero tahunan,pajak pajero tahunan,pajak pajero tahun,3.0,3.0,0.0,0.0
Generate,Pajak,Pajak Fortuner Tahunan,Pajak Fortuner Tahunan,pajak fortuner tahunan,pajak fortuner tahunan,pajak fortuner tahun,3.0,3.0,0.0,0.0
Generate,Pajak,Bayar Samsat Jogja,Bayar Samsat Jogja,bayar samsat jogja,samsat jogja,samsat jogja,3.0,2.0,1.0,33.3
Generate,Pajak,Bayar Samsat Sleman,Bayar Samsat Sleman,bayar samsat sleman,samsat sleman,samsat sleman,3.0,2.0,1.0,33.3
Generate,Pajak,Bayar Samsat Bantul,Bayar Samsat Bantul,bayar samsat bantul,samsat bantul,samsat bantul,3.0,2.0,1.0,33.3
Generate,Pajak,Bayar Samsat Gunungkidul,Bayar Samsat Gunungkidul,bayar samsat gunungkidul,samsat gunungkidul,samsat gunungkidul,3.0,2.0,1.0,33.3
Generate,Pajak,Bayar Samsat Kulon Progo,Bayar Samsat Kulon Progo,bayar samsat kulon progo,samsat kulon progo,samsat kulon progo,4.0,3.0,1.0,25.0
Generate,Pajak,Bayar Samsat Jakarta,Bayar Samsat Jakarta,bayar samsat jakarta,samsat jakarta,samsat jakarta,3.0,2.0,1.0,33.3
Generate,Pajak,Bayar Samsat Bekasi,Bayar Samsat Bekasi,bayar samsat bekasi,samsat bekasi,samsat bekas,3.0,2.0,1.0,33.3
Generate,Pajak,Bayar Samsat Depok,Bayar Samsat Depok,bayar samsat depok,samsat depok,samsat depok,3.0,2.0,1.0,33.3
Generate,Pajak,Bayar Samsat Tangerang,Bayar Samsat Tangerang,bayar samsat tangerang,samsat tangerang,samsat tangerang,3.0,2.0,1.0,33.3
Generate,Pajak,Bayar Samsat Bandung,Bayar Samsat Bandung,bayar samsat bandung,samsat bandung,samsat bandung,3.0,2.0,1.0,33.3
Generate,Pajak,Bayar Samsat Surabaya,Bayar Samsat Surabaya,bayar samsat surabaya,samsat surabaya,samsat surabaya,3.0,2.0,1.0,33.3
Generate,Pajak,Bayar Samsat Semarang,Bayar Samsat Semarang,bayar samsat semarang,samsat semarang,samsat semarang,3.0,2.0,1.0,33.3
Generate,Pajak,Bayar Samsat Solo,Bayar Samsat Solo,bayar samsat solo,samsat,samsat,3.0,1.0,2.0,66.7
Generate,Pajak,Bayar Samsat Medan,Bayar Samsat Medan,bayar samsat medan,samsat medan,samsat medan,3.0,2.0,1.0,33.3
Generate,Pajak,Bayar Samsat Makassar,Bayar Samsat Makassar,bayar samsat makassar,samsat makassar,samsat makassar,3.0,2.0,1.0,33.3
Generate,Pajak,Pembayaran Pajak Kendaraan Online,Pembayaran Pajak Kendaraan Online,pembayaran pajak kendaraan online,pembayaran pajak kendaraan,bayar pajak kendara,4.0,3.0,1.0,25.0
Generate,Pajak,Pembayaran Pajak Kendaraan Offline,Pembayaran Pajak Kendaraan Offline,pembayaran pajak kendaraan offline,pembayaran pajak kendaraan offline,bayar pajak kendara offline,4.0,4.0,0.0,0.0
Generate,Pajak,Tagihan Pajak Kendaraan Tahunan,Tagihan Pajak Kendaraan Tahunan,tagihan pajak kendaraan tahunan,tagihan pajak kendaraan tahunan,tagih pajak kendara tahun,4.0,4.0,0.0,0.0
Generate,Pajak,Tagihan Pajak Kendaraan 5 Tahunan,Tagihan Pajak Kendaraan 5 Tahunan,tagihan pajak kendaraan tahunan,tagihan pajak kendaraan tahunan,tagih pajak kendara tahun,5.0,4.0,1.0,20.0
Generate,Pajak,Bayar Pajak STNK Mati,Bayar Pajak STNK Mati,bayar pajak stnk mati,pajak stnk mati,pajak stnk mati,4.0,3.0,1.0,25.0
Generate,Pajak,Bayar Pajak Telat 1 Tahun,Bayar Pajak Telat 1 Tahun,bayar pajak telat tahun,pajak,pajak,5.0,1.0,4.0,80.0
Generate,Pajak,Bayar Pajak Telat 2 Tahun,Bayar Pajak Telat 2 Tahun,bayar pajak telat tahun,pajak,pajak,5.0,1.0,4.0,80.0
Generate,Pajak,Bayar Denda STNK,Bayar Denda STNK,bayar denda stnk,denda stnk,denda stnk,3.0,2.0,1.0,33.3
Generate,Pajak,Denda Pajak Telat Bayar,Denda Pajak Telat Bayar,denda pajak telat bayar,denda pajak,denda pajak,4.0,2.0,2.0,50.0
Generate,Pajak,Pembayaran Denda Samsat,Pembayaran Denda Samsat,pembayaran denda samsat,pembayaran denda samsat,bayar denda samsat,3.0,3.0,0.0,0.0
Generate,Pajak,Bayar Ganti Plat Motor,Bayar Ganti Plat Motor,bayar ganti plat motor,ganti plat motor,ganti plat motor,4.0,3.0,1.0,25.0
Generate,Pajak,Bayar Ganti Plat Mobil,Bayar Ganti Plat Mobil,bayar ganti plat mobil,ganti plat,ganti plat,4.0,2.0,2.0,50.0
Generate,Pajak,Pembayaran TNKB Baru,Pembayaran TNKB Baru,pembayaran tnkb baru,pembayaran tnkb,bayar tnkb,3.0,2.0,1.0,33.3
Generate,Pajak,Tagihan TNKB 5 Tahunan,Tagihan TNKB 5 Tahunan,tagihan tnkb tahunan,tagihan tnkb tahunan,tagih tnkb tahun,4.0,3.0,1.0,25.0
Generate,Pajak,Bayar Cek Fisik Kendaraan,Bayar Cek Fisik Kendaraan,bayar cek fisik kendaraan,cek kendaraan,cek kendara,4.0,2.0,2.0,50.0
Generate,Pajak,Bayar Mutasi Kendaraan,Bayar Mutasi Kendaraan,bayar mutasi kendaraan,mutasi kendaraan,mutasi kendara,3.0,2.0,1.0,33.3
Generate,Pajak,Biaya Mutasi Motor,Biaya Mutasi Motor,biaya mutasi motor,biaya mutasi motor,biaya mutasi motor,3.0,3.0,0.0,0.0
Generate,Pajak,Biaya Mutasi Mobil,Biaya Mutasi Mobil,biaya mutasi mobil,biaya mutasi,biaya mutasi,3.0,2.0,1.0,33.3
Generate,Pajak,Bayar Balik Nama Avanza,Bayar Balik Nama Avanza,bayar balik nama avanza,nama avanza,nama avanza,4.0,2.0,2.0,50.0
Generate,Pajak,Bayar Balik Nama Beat,Bayar Balik Nama Beat,bayar balik nama beat,nama beat,nama beat,4.0,2.0,2.0,50.0
Generate,Pajak,Bayar Balik Nama Nmax,Bayar Balik Nama Nmax,bayar balik nama nmax,nama nmax,nama nmax,4.0,2.0,2.0,50.0
Generate,Pajak,Bayar BBNKB Motor,Bayar BBNKB Motor,bayar bbnkb motor,bbnkb motor,bbnkb motor,3.0,2.0,1.0,33.3
Generate,Pajak,Bayar BBNKB Mobil,Bayar BBNKB Mobil,bayar bbnkb mobil,bbnkb,bbnkb,3.0,1.0,2.0,66.7
Generate,Pajak,PBB Rumah Tahunan,PBB Rumah Tahunan,pbb rumah tahunan,pbb rumah tahunan,pbb rumah tahun,3.0,3.0,0.0,0.0
Generate,Pajak,PBB Tanah Tahunan,PBB Tanah Tahunan,pbb tanah tahunan,pbb tanah tahunan,pbb tanah tahun,3.0,3.0,0.0,0.0
Generate,Pajak,PBB Ruko Tahunan,PBB Ruko Tahunan,pbb ruko tahunan,pbb ruko tahunan,pbb ruko tahun,3.0,3.0,0.0,0.0
Generate,Pajak,PBB Apartemen Tahunan,PBB Apartemen Tahunan,pbb apartemen tahunan,pbb apartemen tahunan,pbb apartemen tahun,3.0,3.0,0.0,0.0
Generate,Pajak,Bayar PBB Perumahan,Bayar PBB Perumahan,bayar pbb perumahan,pbb perumahan,pbb rumah,3.0,2.0,1.0,33.3
Generate,Pajak,Bayar PBB Cluster,Bayar PBB Cluster,bayar pbb cluster,pbb cluster,pbb cluster,3.0,2.0,1.0,33.3
Generate,Pajak,Bayar PBB Kos,Bayar PBB Kos,bayar pbb kos,pbb kos,pbb kos,3.0,2.0,1.0,33.3
Generate,Pajak,Bayar PBB Kontrakan,Bayar PBB Kontrakan,bayar pbb kontrakan,pbb kontrakan,pbb kontra,3.0,2.0,1.0,33.3
Generate,Pajak,Bayar PBB Sleman April,Bayar PBB Sleman April,bayar pbb sleman april,pbb sleman april,pbb sleman april,4.0,3.0,1.0,25.0
Generate,Pajak,Bayar PBB Bantul Mei,Bayar PBB Bantul Mei,bayar pbb bantul mei,pbb bantul mei,pbb bantul mei,4.0,3.0,1.0,25.0
Generate,Pajak,Bayar PBB Jogja Juni,Bayar PBB Jogja Juni,bayar pbb jogja juni,pbb jogja juni,pbb jogja juni,4.0,3.0,1.0,25.0
Generate,Pajak,Bayar PBB Jakarta Juli,Bayar PBB Jakarta Juli,bayar pbb jakarta juli,pbb jakarta juli,pbb jakarta juli,4.0,3.0,1.0,25.0
Generate,Pajak,Tagihan PBB 2026,Tagihan PBB 2026,tagihan pbb,tagihan pbb,tagih pbb,3.0,2.0,1.0,33.3
Generate,Pajak,Tagihan PBB 2025,Tagihan PBB 2025,tagihan pbb,tagihan pbb,tagih pbb,3.0,2.0,1.0,33.3
Generate,Pajak,Pembayaran SPPT PBB,Pembayaran SPPT PBB,pembayaran sppt pbb,pembayaran sppt pbb,bayar sppt pbb,3.0,3.0,0.0,0.0
Generate,Pajak,Bayar Pajak Tanah Warisan,Bayar Pajak Tanah Warisan,bayar pajak tanah warisan,pajak tanah warisan,pajak tanah waris,4.0,3.0,1.0,25.0
Generate,Pajak,Bayar Pajak Jual Beli Rumah,Bayar Pajak Jual Beli Rumah,bayar pajak jual beli rumah,pajak beli rumah,pajak beli rumah,5.0,3.0,2.0,40.0
Generate,Pajak,BPHTB Rumah,BPHTB Rumah,bphtb rumah,bphtb rumah,bphtb rumah,2.0,2.0,0.0,0.0
Generate,Pajak,Bayar BPHTB Tanah,Bayar BPHTB Tanah,bayar bphtb tanah,bphtb tanah,bphtb tanah,3.0,2.0,1.0,33.3
Generate,Pajak,Pajak Properti Bulanan,Pajak Properti Bulanan,pajak properti bulanan,pajak properti bulanan,pajak properti bulan,3.0,3.0,0.0,0.0
Generate,Pajak,Pajak Properti Tahunan,Pajak Properti Tahunan,pajak properti tahunan,pajak properti tahunan,pajak properti tahun,3.0,3.0,0.0,0.0
Generate,Pajak,Bayar Pajak NPWP,Bayar Pajak NPWP,bayar pajak npwp,pajak npwp,pajak npwp,3.0,2.0,1.0,33.3
Generate,Pajak,Bayar Pajak Pribadi Online,Bayar Pajak Pribadi Online,bayar pajak pribadi online,pajak pribadi,pajak pribadi,4.0,2.0,2.0,50.0
Generate,Pajak,Bayar Pajak Orang Pribadi,Bayar Pajak Orang Pribadi,bayar pajak orang pribadi,pajak orang pribadi,pajak orang pribadi,4.0,3.0,1.0,25.0
Generate,Pajak,Bayar SPT Tahunan,Bayar SPT Tahunan,bayar spt tahunan,spt tahunan,spt tahun,3.0,2.0,1.0,33.3
Generate,Pajak,Pembayaran SPT Online,Pembayaran SPT Online,pembayaran spt online,pembayaran spt,bayar spt,3.0,2.0,1.0,33.3
Generate,Pajak,Bayar eFiling Pajak,Bayar eFiling Pajak,bayar efiling pajak,efiling pajak,efiling pajak,3.0,2.0,1.0,33.3
Generate,Pajak,Bayar eBilling DJP,Bayar eBilling DJP,bayar ebilling djp,ebilling djp,ebilling djp,3.0,2.0,1.0,33.3
Generate,Pajak,Tagihan DJP Pajak,Tagihan DJP Pajak,tagihan djp pajak,tagihan djp pajak,tagih djp pajak,3.0,3.0,0.0,0.0
Generate,Pajak,Bayar PPh21 Gaji,Bayar PPh21 Gaji,bayar pph gaji,pph gaji,pph gaji,3.0,2.0,1.0,33.3
Generate,Pajak,Bayar PPh23 Vendor,Bayar PPh23 Vendor,bayar pph vendor,pph vendor,pph vendor,3.0,2.0,1.0,33.3
Generate,Pajak,Bayar PPh25 Bulanan,Bayar PPh25 Bulanan,bayar pph bulanan,pph bulanan,pph bulan,3.0,2.0,1.0,33.3
Generate,Pajak,Bayar PPN Usaha,Bayar PPN Usaha,bayar ppn usaha,ppn usaha,ppn usaha,3.0,2.0,1.0,33.3
Generate,Pajak,Bayar PPN Toko,Bayar PPN Toko,bayar ppn toko,ppn,ppn,3.0,1.0,2.0,66.7
Generate,Pajak,Bayar Pajak UMKM Final,Bayar Pajak UMKM Final,bayar pajak umkm final,pajak umkm final,pajak umkm final,4.0,3.0,1.0,25.0
Generate,Pajak,Bayar Pajak Freelancer,Bayar Pajak Freelancer,bayar pajak freelancer,pajak freelancer,pajak freelancer,3.0,2.0,1.0,33.3
Generate,Pajak,Bayar Pajak Konsultan,Bayar Pajak Konsultan,bayar pajak konsultan,pajak konsultan,pajak konsultan,3.0,2.0,1.0,33.3
Generate,Pajak,Bayar Pajak Karyawan,Bayar Pajak Karyawan,bayar pajak karyawan,pajak karyawan,pajak karyawan,3.0,2.0,1.0,33.3
Generate,Pajak,Bayar Pajak CV,Bayar Pajak CV,bayar pajak cv,pajak cv,pajak cv,3.0,2.0,1.0,33.3
Generate,Pajak,Bayar Pajak PT,Bayar Pajak PT,bayar pajak pt,pajak pt,pajak pt,3.0,2.0,1.0,33.3
Generate,Pajak,Bayar Pajak Usaha Kecil,Bayar Pajak Usaha Kecil,bayar pajak usaha kecil,pajak usaha,pajak usaha,4.0,2.0,2.0,50.0
Generate,Pajak,Bayar Pajak Warung,Bayar Pajak Warung,bayar pajak warung,pajak warung,pajak warung,3.0,2.0,1.0,33.3
Generate,Pajak,Bayar Pajak Restoran Online,Bayar Pajak Restoran Online,bayar pajak restoran online,pajak restoran,pajak restoran,4.0,2.0,2.0,50.0
Generate,Pajak,Bayar Pajak Cafe,Bayar Pajak Cafe,bayar pajak cafe,pajak cafe,pajak cafe,3.0,2.0,1.0,33.3
Generate,Pajak,Bayar Pajak Hotel Bulanan,Bayar Pajak Hotel Bulanan,bayar pajak hotel bulanan,pajak hotel bulanan,pajak hotel bulan,4.0,3.0,1.0,25.0
Generate,Pajak,Bayar Pajak Reklame Toko,Bayar Pajak Reklame Toko,bayar pajak reklame toko,pajak reklame,pajak reklame,4.0,2.0,2.0,50.0
Generate,Pajak,Bayar Pajak Billboard,Bayar Pajak Billboard,bayar pajak billboard,pajak billboard,pajak billboard,3.0,2.0,1.0,33.3
Generate,Pajak,Bayar Pajak Parkir Mall,Bayar Pajak Parkir Mall,bayar pajak parkir mall,pajak parkir mall,pajak parkir mall,4.0,3.0,1.0,25.0
Generate,Pajak,Bayar Pajak Hiburan,Bayar Pajak Hiburan,bayar pajak hiburan,pajak hiburan,pajak hibur,3.0,2.0,1.0,33.3
Generate,Pajak,Bayar Pajak Karaoke,Bayar Pajak Karaoke,bayar pajak karaoke,pajak karaoke,pajak karaoke,3.0,2.0,1.0,33.3
Generate,Pajak,Bayar Pajak Event,Bayar Pajak Event,bayar pajak event,pajak event,pajak event,3.0,2.0,1.0,33.3
Generate,Pajak,Bayar Pajak Air Tanah Bulanan,Bayar Pajak Air Tanah Bulanan,bayar pajak air tanah bulanan,pajak air tanah bulanan,pajak air tanah bulan,5.0,4.0,1.0,20.0
Generate,Pajak,Bayar Pajak Sumur Bor,Bayar Pajak Sumur Bor,bayar pajak sumur bor,pajak sumur bor,pajak sumur bor,4.0,3.0,1.0,25.0
Generate,Pajak,Bayar Retribusi Sampah Rumah,Bayar Retribusi Sampah Rumah,bayar retribusi sampah rumah,retribusi sampah rumah,retribusi sampah rumah,4.0,3.0,1.0,25.0
Generate,Pajak,Bayar Retribusi Sampah Toko,Bayar Retribusi Sampah Toko,bayar retribusi sampah toko,retribusi sampah,retribusi sampah,4.0,2.0,2.0,50.0
Generate,Pajak,Bayar Iuran Kebersihan Bulanan,Bayar Iuran Kebersihan Bulanan,bayar iuran kebersihan bulanan,iuran kebersihan bulanan,iur bersih bulan,4.0,3.0,1.0,25.0
Generate,Pajak,Bayar Pajak Daerah Online,Bayar Pajak Daerah Online,bayar pajak daerah online,pajak daerah,pajak daerah,4.0,2.0,2.0,50.0
Generate,Pajak,Pembayaran Pajak Daerah Kota,Pembayaran Pajak Daerah Kota,pembayaran pajak daerah kota,pembayaran pajak daerah kota,bayar pajak daerah kota,4.0,4.0,0.0,0.0
Generate,Pajak,Tagihan Pajak Kabupaten,Tagihan Pajak Kabupaten,tagihan pajak kabupaten,tagihan pajak kabupaten,tagih pajak kabupaten,3.0,3.0,0.0,0.0
Generate,Pajak,Bayar Pajak via Tokopedia,Bayar Pajak via Tokopedia,bayar pajak via tokopedia,pajak via tokopedia,pajak via tokopedia,4.0,3.0,1.0,25.0
Generate,Pajak,Bayar Pajak via Shopee,Bayar Pajak via Shopee,bayar pajak via shopee,pajak via shopee,pajak via shopee,4.0,3.0,1.0,25.0
Generate,Pajak,Bayar Pajak via Bukalapak,Bayar Pajak via Bukalapak,bayar pajak via bukalapak,pajak via bukalapak,pajak via bukalapak,4.0,3.0,1.0,25.0
Generate,Pajak,Bayar Pajak via Livin,Bayar Pajak via Livin,bayar pajak via livin,pajak via livin,pajak via livin,4.0,3.0,1.0,25.0
Generate,Pajak,Bayar Pajak via BCA Mobile,Bayar Pajak via BCA Mobile,bayar pajak via bca mobile,pajak via bca mobile,pajak via bca mobile,5.0,4.0,1.0,20.0
Generate,Pajak,Bayar Pajak via BRImo,Bayar Pajak via BRImo,bayar pajak via brimo,pajak via brimo,pajak via brimo,4.0,3.0,1.0,25.0
Generate,Pajak,Bayar Pajak via LinkAja,Bayar Pajak via LinkAja,bayar pajak via linkaja,pajak via linkaja,pajak via linkaja,4.0,3.0,1.0,25.0
Generate,Pajak,Transfer Pajak PBB,Transfer Pajak PBB,transfer pajak pbb,transfer pajak pbb,transfer pajak pbb,3.0,3.0,0.0,0.0
Generate,Pajak,Transfer Pajak Penghasilan,Transfer Pajak Penghasilan,transfer pajak penghasilan,transfer pajak penghasilan,transfer pajak hasil,3.0,3.0,0.0,0.0
Generate,Pajak,Tax Payment Indonesia,Tax Payment Indonesia,tax payment indonesia,tax payment indonesia,tax payment indonesia,3.0,3.0,0.0,0.0
Generate,Pajak,Vehicle Tax Indonesia,Vehicle Tax Indonesia,vehicle tax indonesia,vehicle tax indonesia,vehicle tax indonesia,3.0,3.0,0.0,0.0
Generate,Pajak,Property Tax Indonesia,Property Tax Indonesia,property tax indonesia,property tax indonesia,property tax indonesia,3.0,3.0,0.0,0.0
Generate,Pajak,Income Tax Indonesia,Income Tax Indonesia,income tax indonesia,income tax indonesia,income tax indonesia,3.0,3.0,0.0,0.0
Generate,Pajak,Annual Tax Payment,Annual Tax Payment,annual tax payment,annual tax payment,annual tax payment,3.0,3.0,0.0,0.0
Generate,Pajak,Monthly Tax Payment,Monthly Tax Payment,monthly tax payment,monthly tax payment,monthly tax payment,3.0,3.0,0.0,0.0
Generate,Iuran Lingkungan,Bayar Iuran RT,Bayar Iuran RT,bayar iuran rt,iuran rt,iur rt,3.0,2.0,1.0,33.3
Generate,Iuran Lingkungan,Bayar Iuran RW,Bayar Iuran RW,bayar iuran rw,iuran rw,iur rw,3.0,2.0,1.0,33.3
Generate,Iuran Lingkungan,Bayar Iuran RT RW,Bayar Iuran RT RW,bayar iuran rt rw,iuran rt rw,iur rt rw,4.0,3.0,1.0,25.0
Generate,Iuran Lingkungan,Pembayaran Iuran RT,Pembayaran Iuran RT,pembayaran iuran rt,pembayaran iuran rt,bayar iur rt,3.0,3.0,0.0,0.0
Generate,Iuran Lingkungan,Pembayaran Iuran RW,Pembayaran Iuran RW,pembayaran iuran rw,pembayaran iuran rw,bayar iur rw,3.0,3.0,0.0,0.0
Generate,Iuran Lingkungan,Tagihan Iuran RT,Tagihan Iuran RT,tagihan iuran rt,tagihan iuran rt,tagih iur rt,3.0,3.0,0.0,0.0
Generate,Iuran Lingkungan,Tagihan Iuran RW,Tagihan Iuran RW,tagihan iuran rw,tagihan iuran rw,tagih iur rw,3.0,3.0,0.0,0.0
Generate,Iuran Lingkungan,Iuran Warga Bulanan,Iuran Warga Bulanan,iuran warga bulanan,iuran warga bulanan,iur warga bulan,3.0,3.0,0.0,0.0
Generate,Iuran Lingkungan,Iuran Lingkungan Bulanan,Iuran Lingkungan Bulanan,iuran lingkungan bulanan,iuran lingkungan bulanan,iur lingkung bulan,3.0,3.0,0.0,0.0
Generate,Iuran Lingkungan,Iuran Kompleks Bulanan,Iuran Kompleks Bulanan,iuran kompleks bulanan,iuran kompleks bulanan,iur kompleks bulan,3.0,3.0,0.0,0.0
Generate,Iuran Lingkungan,Bayar Kas RT,Bayar Kas RT,bayar kas rt,kas rt,kas rt,3.0,2.0,1.0,33.3
Generate,Iuran Lingkungan,Bayar Kas Warga,Bayar Kas Warga,bayar kas warga,kas warga,kas warga,3.0,2.0,1.0,33.3
Generate,Iuran Lingkungan,Bayar Dana Lingkungan,Bayar Dana Lingkungan,bayar dana lingkungan,dana lingkungan,dana lingkung,3.0,2.0,1.0,33.3
Generate,Iuran Lingkungan,Pembayaran Uang Kas RT,Pembayaran Uang Kas RT,pembayaran uang kas rt,pembayaran uang kas rt,bayar uang kas rt,4.0,4.0,0.0,0.0
Generate,Iuran Lingkungan,Tagihan Kas Bulanan,Tagihan Kas Bulanan,tagihan kas bulanan,tagihan kas bulanan,tagih kas bulan,3.0,3.0,0.0,0.0
Generate,Iuran Lingkungan,Bayar Satpam,Bayar Satpam,bayar satpam,satpam,satpam,2.0,1.0,1.0,50.0
Generate,Iuran Lingkungan,Bayar Iuran Satpam,Bayar Iuran Satpam,bayar iuran satpam,iuran satpam,iur satpam,3.0,2.0,1.0,33.3
Generate,Iuran Lingkungan,Pembayaran Satpam Bulanan,Pembayaran Satpam Bulanan,pembayaran satpam bulanan,pembayaran satpam bulanan,bayar satpam bulan,3.0,3.0,0.0,0.0
Generate,Iuran Lingkungan,Tagihan Satpam Kompleks,Tagihan Satpam Kompleks,tagihan satpam kompleks,tagihan satpam kompleks,tagih satpam kompleks,3.0,3.0,0.0,0.0
Generate,Iuran Lingkungan,Iuran Security Bulanan,Iuran Security Bulanan,iuran security bulanan,iuran security bulanan,iur security bulan,3.0,3.0,0.0,0.0
Generate,Iuran Lingkungan,Bayar Keamanan Lingkungan,Bayar Keamanan Lingkungan,bayar keamanan lingkungan,keamanan lingkungan,aman lingkung,3.0,2.0,1.0,33.3
Generate,Iuran Lingkungan,Bayar Jaga Malam,Bayar Jaga Malam,bayar jaga malam,jaga malam,jaga malam,3.0,2.0,1.0,33.3
Generate,Iuran Lingkungan,Iuran Pos Ronda,Iuran Pos Ronda,iuran pos ronda,iuran pos ronda,iur pos ronda,3.0,3.0,0.0,0.0
Generate,Iuran Lingkungan,Pembayaran Security Perumahan,Pembayaran Security Perumahan,pembayaran security perumahan,pembayaran security perumahan,bayar security rumah,3.0,3.0,0.0,0.0
Generate,Iuran Lingkungan,Tagihan Security Cluster,Tagihan Security Cluster,tagihan security cluster,tagihan security cluster,tagih security cluster,3.0,3.0,0.0,0.0
Generate,Iuran Lingkungan,Bayar Sampah,Bayar Sampah,bayar sampah,sampah,sampah,2.0,1.0,1.0,50.0
Generate,Iuran Lingkungan,Iuran Sampah Bulanan,Iuran Sampah Bulanan,iuran sampah bulanan,iuran sampah bulanan,iur sampah bulan,3.0,3.0,0.0,0.0
Generate,Iuran Lingkungan,Pembayaran Sampah Rumah,Pembayaran Sampah Rumah,pembayaran sampah rumah,pembayaran sampah rumah,bayar sampah rumah,3.0,3.0,0.0,0.0
Generate,Iuran Lingkungan,Tagihan Sampah Bulanan,Tagihan Sampah Bulanan,tagihan sampah bulanan,tagihan sampah bulanan,tagih sampah bulan,3.0,3.0,0.0,0.0
Generate,Iuran Lingkungan,Bayar Kebersihan Sampah,Bayar Kebersihan Sampah,bayar kebersihan sampah,kebersihan sampah,bersih sampah,3.0,2.0,1.0,33.3
Generate,Iuran Lingkungan,Retribusi Sampah Rumah,Retribusi Sampah Rumah,retribusi sampah rumah,retribusi sampah rumah,retribusi sampah rumah,3.0,3.0,0.0,0.0
Generate,Iuran Lingkungan,Iuran Angkut Sampah,Iuran Angkut Sampah,iuran angkut sampah,iuran angkut sampah,iur angkut sampah,3.0,3.0,0.0,0.0
Generate,Iuran Lingkungan,Bayar Petugas Sampah,Bayar Petugas Sampah,bayar petugas sampah,petugas sampah,tugas sampah,3.0,2.0,1.0,33.3
Generate,Iuran Lingkungan,Tagihan Sampah Kompleks,Tagihan Sampah Kompleks,tagihan sampah kompleks,tagihan sampah kompleks,tagih sampah kompleks,3.0,3.0,0.0,0.0
Generate,Iuran Lingkungan,Bayar Kebersihan,Bayar Kebersihan,bayar kebersihan,kebersihan,bersih,2.0,1.0,1.0,50.0
Generate,Iuran Lingkungan,Iuran Kebersihan Bulanan,Iuran Kebersihan Bulanan,iuran kebersihan bulanan,iuran kebersihan bulanan,iur bersih bulan,3.0,3.0,0.0,0.0
Generate,Iuran Lingkungan,Pembayaran Kebersihan Lingkungan,Pembayaran Kebersihan Lingkungan,pembayaran kebersihan lingkungan,pembayaran kebersihan lingkungan,bayar bersih lingkung,3.0,3.0,0.0,0.0
Generate,Iuran Lingkungan,Tagihan Kebersihan Kompleks,Tagihan Kebersihan Kompleks,tagihan kebersihan kompleks,tagihan kebersihan kompleks,tagih bersih kompleks,3.0,3.0,0.0,0.0
Generate,Iuran Lingkungan,Bayar Cleaning Service Cluster,Bayar Cleaning Service Cluster,bayar cleaning service cluster,cleaning service cluster,cleaning service cluster,4.0,3.0,1.0,25.0
Generate,Iuran Lingkungan,Iuran Bersih Lingkungan,Iuran Bersih Lingkungan,iuran bersih lingkungan,iuran lingkungan,iur lingkung,3.0,2.0,1.0,33.3
Generate,Iuran Lingkungan,Bayar Petugas Kebersihan,Bayar Petugas Kebersihan,bayar petugas kebersihan,petugas kebersihan,tugas bersih,3.0,2.0,1.0,33.3
Generate,Iuran Lingkungan,Tagihan Kebersihan Rumah,Tagihan Kebersihan Rumah,tagihan kebersihan rumah,tagihan kebersihan rumah,tagih bersih rumah,3.0,3.0,0.0,0.0
Generate,Iuran Lingkungan,Bayar Parkir Bulanan,Bayar Parkir Bulanan,bayar parkir bulanan,parkir bulanan,parkir bulan,3.0,2.0,1.0,33.3
Generate,Iuran Lingkungan,Iuran Parkir Bulanan,Iuran Parkir Bulanan,iuran parkir bulanan,iuran parkir bulanan,iur parkir bulan,3.0,3.0,0.0,0.0
Generate,Iuran Lingkungan,Pembayaran Parkir Resident,Pembayaran Parkir Resident,pembayaran parkir resident,pembayaran parkir resident,bayar parkir resident,3.0,3.0,0.0,0.0
Generate,Iuran Lingkungan,Tagihan Parkir Apartemen,Tagihan Parkir Apartemen,tagihan parkir apartemen,tagihan parkir apartemen,tagih parkir apartemen,3.0,3.0,0.0,0.0
Generate,Iuran Lingkungan,Bayar Parkir Motor Bulanan,Bayar Parkir Motor Bulanan,bayar parkir motor bulanan,parkir motor bulanan,parkir motor bulan,4.0,3.0,1.0,25.0
Generate,Iuran Lingkungan,Bayar Parkir Mobil Bulanan,Bayar Parkir Mobil Bulanan,bayar parkir mobil bulanan,parkir bulanan,parkir bulan,4.0,2.0,2.0,50.0
Generate,Iuran Lingkungan,Monthly Parking Fee,Monthly Parking Fee,monthly parking fee,monthly parking fee,monthly parking fee,3.0,3.0,0.0,0.0
Generate,Iuran Lingkungan,Parking Subscription,Parking Subscription,parking subscription,parking subscription,parking subscription,2.0,2.0,0.0,0.0
Generate,Iuran Lingkungan,Bayar Parkir Kost,Bayar Parkir Kost,bayar parkir kost,parkir kost,parkir kost,3.0,2.0,1.0,33.3
Generate,Iuran Lingkungan,Tagihan Parkir Perumahan,Tagihan Parkir Perumahan,tagihan parkir perumahan,tagihan parkir perumahan,tagih parkir rumah,3.0,3.0,0.0,0.0
Generate,Iuran Lingkungan,Bayar IPL,Bayar IPL,bayar ipl,ipl,ipl,2.0,1.0,1.0,50.0
Generate,Iuran Lingkungan,Pembayaran IPL Apartemen,Pembayaran IPL Apartemen,pembayaran ipl apartemen,pembayaran ipl apartemen,bayar ipl apartemen,3.0,3.0,0.0,0.0
Generate,Iuran Lingkungan,Tagihan IPL Bulanan,Tagihan IPL Bulanan,tagihan ipl bulanan,tagihan ipl bulanan,tagih ipl bulan,3.0,3.0,0.0,0.0
Generate,Iuran Lingkungan,Iuran Pengelolaan Lingkungan,Iuran Pengelolaan Lingkungan,iuran pengelolaan lingkungan,iuran pengelolaan lingkungan,iur kelola lingkung,3.0,3.0,0.0,0.0
Generate,Iuran Lingkungan,Bayar Maintenance Apartemen,Bayar Maintenance Apartemen,bayar maintenance apartemen,maintenance apartemen,maintenance apartemen,3.0,2.0,1.0,33.3
Generate,Iuran Lingkungan,Service Charge Apartemen,Service Charge Apartemen,service charge apartemen,service charge apartemen,service charge apartemen,3.0,3.0,0.0,0.0
Generate,Iuran Lingkungan,Tagihan Service Charge,Tagihan Service Charge,tagihan service charge,tagihan service charge,tagih service charge,3.0,3.0,0.0,0.0
Generate,Iuran Lingkungan,Bayar Dana Sosial RT,Bayar Dana Sosial RT,bayar dana sosial rt,dana rt,dana rt,4.0,2.0,2.0,50.0
Generate,Iuran Lingkungan,Iuran Sosial Warga,Iuran Sosial Warga,iuran sosial warga,iuran warga,iur warga,3.0,2.0,1.0,33.3
Generate,Iuran Lingkungan,Pembayaran Dana Sosial,Pembayaran Dana Sosial,pembayaran dana sosial,pembayaran dana,bayar dana,3.0,2.0,1.0,33.3
Generate,Iuran Lingkungan,Tagihan Dana Sosial,Tagihan Dana Sosial,tagihan dana sosial,tagihan dana,tagih dana,3.0,2.0,1.0,33.3
Generate,Iuran Lingkungan,Bayar Uang Jimpitan,Bayar Uang Jimpitan,bayar uang jimpitan,uang jimpitan,uang jimpit,3.0,2.0,1.0,33.3
Generate,Iuran Lingkungan,Iuran Jimpitan Bulanan,Iuran Jimpitan Bulanan,iuran jimpitan bulanan,iuran jimpitan bulanan,iur jimpit bulan,3.0,3.0,0.0,0.0
Generate,Iuran Lingkungan,Bayar Arisan Warga,Bayar Arisan Warga,bayar arisan warga,arisan warga,arisan warga,3.0,2.0,1.0,33.3
Generate,Iuran Lingkungan,Iuran Kegiatan Warga,Iuran Kegiatan Warga,iuran kegiatan warga,iuran kegiatan warga,iur giat warga,3.0,3.0,0.0,0.0
Generate,Iuran Lingkungan,Bayar Dana 17 Agustus,Bayar Dana 17 Agustus,bayar dana agustus,dana agustus,dana agustus,4.0,2.0,2.0,50.0
Generate,Iuran Lingkungan,Iuran Acara Kompleks,Iuran Acara Kompleks,iuran acara kompleks,iuran acara kompleks,iur acara kompleks,3.0,3.0,0.0,0.0
Generate,Iuran Lingkungan,Tagihan Kegiatan Lingkungan,Tagihan Kegiatan Lingkungan,tagihan kegiatan lingkungan,tagihan kegiatan lingkungan,tagih giat lingkung,3.0,3.0,0.0,0.0
Generate,Iuran Lingkungan,Bayar Iuran Masjid Kompleks,Bayar Iuran Masjid Kompleks,bayar iuran masjid kompleks,iuran masjid kompleks,iur masjid kompleks,4.0,3.0,1.0,25.0
Generate,Iuran Lingkungan,Iuran Mushola Warga,Iuran Mushola Warga,iuran mushola warga,iuran mushola warga,iur mushola warga,3.0,3.0,0.0,0.0
Generate,Iuran Lingkungan,Dana Keagamaan Lingkungan,Dana Keagamaan Lingkungan,dana keagamaan lingkungan,dana keagamaan lingkungan,dana agama lingkung,3.0,3.0,0.0,0.0
Generate,Iuran Lingkungan,Bayar Lampu Jalan,Bayar Lampu Jalan,bayar lampu jalan,lampu jalan,lampu jalan,3.0,2.0,1.0,33.3
Generate,Iuran Lingkungan,Iuran Lampu Jalan,Iuran Lampu Jalan,iuran lampu jalan,iuran lampu jalan,iur lampu jalan,3.0,3.0,0.0,0.0
Generate,Iuran Lingkungan,Tagihan PJU Lingkungan,Tagihan PJU Lingkungan,tagihan pju lingkungan,tagihan pju lingkungan,tagih pju lingkung,3.0,3.0,0.0,0.0
Generate,Iuran Lingkungan,Pembayaran Lampu Kompleks,Pembayaran Lampu Kompleks,pembayaran lampu kompleks,pembayaran lampu kompleks,bayar lampu kompleks,3.0,3.0,0.0,0.0
Generate,Iuran Lingkungan,Bayar Air Komunal,Bayar Air Komunal,bayar air komunal,air komunal,air komunal,3.0,2.0,1.0,33.3
Generate,Iuran Lingkungan,Iuran Air Lingkungan,Iuran Air Lingkungan,iuran air lingkungan,iuran air lingkungan,iur air lingkung,3.0,3.0,0.0,0.0
Generate,Iuran Lingkungan,Tagihan Air Warga,Tagihan Air Warga,tagihan air warga,tagihan air warga,tagih air warga,3.0,3.0,0.0,0.0
Generate,Iuran Lingkungan,Bayar Internet Komplek,Bayar Internet Komplek,bayar internet komplek,internet komplek,internet komplek,3.0,2.0,1.0,33.3
Generate,Iuran Lingkungan,Iuran Wifi RT,Iuran Wifi RT,iuran wifi rt,iuran wifi rt,iur wifi rt,3.0,3.0,0.0,0.0
Generate,Iuran Lingkungan,Tagihan Wifi Lingkungan,Tagihan Wifi Lingkungan,tagihan wifi lingkungan,tagihan wifi lingkungan,tagih wifi lingkung,3.0,3.0,0.0,0.0
Generate,Iuran Lingkungan,Bayar Gerbang Kompleks,Bayar Gerbang Kompleks,bayar gerbang kompleks,gerbang kompleks,gerbang kompleks,3.0,2.0,1.0,33.3
Generate,Iuran Lingkungan,Iuran Gate Security,Iuran Gate Security,iuran gate security,iuran gate security,iur gate security,3.0,3.0,0.0,0.0
Generate,Iuran Lingkungan,Tagihan Access Card Apartemen,Tagihan Access Card Apartemen,tagihan access card apartemen,tagihan access card apartemen,tagih access card apartemen,4.0,4.0,0.0,0.0
Generate,Iuran Lingkungan,Bayar Kartu Akses,Bayar Kartu Akses,bayar kartu akses,kartu akses,kartu akses,3.0,2.0,1.0,33.3
Generate,Iuran Lingkungan,Pembayaran CCTV Kompleks,Pembayaran CCTV Kompleks,pembayaran cctv kompleks,pembayaran cctv kompleks,bayar cctv kompleks,3.0,3.0,0.0,0.0
Generate,Iuran Lingkungan,Iuran CCTV Bulanan,Iuran CCTV Bulanan,iuran cctv bulanan,iuran cctv bulanan,iur cctv bulan,3.0,3.0,0.0,0.0
Generate,Iuran Lingkungan,Tagihan CCTV Lingkungan,Tagihan CCTV Lingkungan,tagihan cctv lingkungan,tagihan cctv lingkungan,tagih cctv lingkung,3.0,3.0,0.0,0.0
Generate,Iuran Lingkungan,Bayar Kebun Kompleks,Bayar Kebun Kompleks,bayar kebun kompleks,kebun kompleks,kebun kompleks,3.0,2.0,1.0,33.3
Generate,Iuran Lingkungan,Iuran Taman Bulanan,Iuran Taman Bulanan,iuran taman bulanan,iuran bulanan,iur bulan,3.0,2.0,1.0,33.3
Generate,Iuran Lingkungan,Tagihan Perawatan Taman,Tagihan Perawatan Taman,tagihan perawatan taman,tagihan perawatan,tagih awat,3.0,2.0,1.0,33.3
Generate,Iuran Lingkungan,Bayar Landscaping,Bayar Landscaping,bayar landscaping,landscaping,landscaping,2.0,1.0,1.0,50.0
Generate,Iuran Lingkungan,Pembayaran Tukang Kebun,Pembayaran Tukang Kebun,pembayaran tukang kebun,pembayaran tukang kebun,bayar tukang kebun,3.0,3.0,0.0,0.0
Generate,Iuran Lingkungan,Bayar Iuran RT Januari,Bayar Iuran RT Januari,bayar iuran rt januari,iuran rt januari,iur rt januari,4.0,3.0,1.0,25.0
Generate,Iuran Lingkungan,Bayar Iuran RT Februari,Bayar Iuran RT Februari,bayar iuran rt februari,iuran rt februari,iur rt februari,4.0,3.0,1.0,25.0
Generate,Iuran Lingkungan,Bayar Iuran RT Maret,Bayar Iuran RT Maret,bayar iuran rt maret,iuran rt maret,iur rt maret,4.0,3.0,1.0,25.0
Generate,Iuran Lingkungan,Bayar Iuran RT April,Bayar Iuran RT April,bayar iuran rt april,iuran rt april,iur rt april,4.0,3.0,1.0,25.0
Generate,Iuran Lingkungan,Bayar Iuran RT Mei,Bayar Iuran RT Mei,bayar iuran rt mei,iuran rt mei,iur rt mei,4.0,3.0,1.0,25.0
Generate,Iuran Lingkungan,Bayar Iuran RT Juni,Bayar Iuran RT Juni,bayar iuran rt juni,iuran rt juni,iur rt juni,4.0,3.0,1.0,25.0
Generate,Iuran Lingkungan,Bayar Iuran RT Juli,Bayar Iuran RT Juli,bayar iuran rt juli,iuran rt juli,iur rt juli,4.0,3.0,1.0,25.0
Generate,Iuran Lingkungan,Bayar Iuran RT Agustus,Bayar Iuran RT Agustus,bayar iuran rt agustus,iuran rt agustus,iur rt agustus,4.0,3.0,1.0,25.0
Generate,Iuran Lingkungan,Bayar Iuran RT September,Bayar Iuran RT September,bayar iuran rt september,iuran rt september,iur rt september,4.0,3.0,1.0,25.0
Generate,Iuran Lingkungan,Bayar Iuran RT Oktober,Bayar Iuran RT Oktober,bayar iuran rt oktober,iuran rt oktober,iur rt oktober,4.0,3.0,1.0,25.0
Generate,Iuran Lingkungan,Bayar Iuran RT November,Bayar Iuran RT November,bayar iuran rt november,iuran rt november,iur rt november,4.0,3.0,1.0,25.0
Generate,Iuran Lingkungan,Bayar Iuran RT Desember,Bayar Iuran RT Desember,bayar iuran rt desember,iuran rt desember,iur rt desember,4.0,3.0,1.0,25.0
Generate,Iuran Lingkungan,Bayar Satpam Januari,Bayar Satpam Januari,bayar satpam januari,satpam januari,satpam januari,3.0,2.0,1.0,33.3
Generate,Iuran Lingkungan,Bayar Sampah Februari,Bayar Sampah Februari,bayar sampah februari,sampah februari,sampah februari,3.0,2.0,1.0,33.3
Generate,Iuran Lingkungan,Bayar Kebersihan Maret,Bayar Kebersihan Maret,bayar kebersihan maret,kebersihan maret,bersih maret,3.0,2.0,1.0,33.3
Generate,Iuran Lingkungan,Bayar Parkir April,Bayar Parkir April,bayar parkir april,parkir april,parkir april,3.0,2.0,1.0,33.3
Generate,Iuran Lingkungan,Bayar IPL Mei,Bayar IPL Mei,bayar ipl mei,ipl mei,ipl mei,3.0,2.0,1.0,33.3
Generate,Iuran Lingkungan,Bayar Security Juni,Bayar Security Juni,bayar security juni,security juni,security juni,3.0,2.0,1.0,33.3
Generate,Iuran Lingkungan,Bayar Kas RT Juli,Bayar Kas RT Juli,bayar kas rt juli,kas rt juli,kas rt juli,4.0,3.0,1.0,25.0
Generate,Iuran Lingkungan,Bayar Dana Lingkungan Agustus,Bayar Dana Lingkungan Agustus,bayar dana lingkungan agustus,dana lingkungan agustus,dana lingkung agustus,4.0,3.0,1.0,25.0
Generate,Iuran Lingkungan,Bayar Iuran via BCA,Bayar Iuran via BCA,bayar iuran via bca,iuran via bca,iur via bca,4.0,3.0,1.0,25.0
Generate,Iuran Lingkungan,Bayar Iuran via Mandiri,Bayar Iuran via Mandiri,bayar iuran via mandiri,iuran via,iur via,4.0,2.0,2.0,50.0
Generate,Iuran Lingkungan,Bayar Iuran via BNI,Bayar Iuran via BNI,bayar iuran via bni,iuran via bni,iur via bni,4.0,3.0,1.0,25.0
Generate,Iuran Lingkungan,Bayar Iuran via BRI,Bayar Iuran via BRI,bayar iuran via bri,iuran via bri,iur via bri,4.0,3.0,1.0,25.0
Generate,Iuran Lingkungan,Bayar Iuran via Dana,Bayar Iuran via Dana,bayar iuran via dana,iuran via dana,iur via dana,4.0,3.0,1.0,25.0
Generate,Iuran Lingkungan,Bayar Iuran via OVO,Bayar Iuran via OVO,bayar iuran via ovo,iuran via ovo,iur via ovo,4.0,3.0,1.0,25.0
Generate,Iuran Lingkungan,Bayar Iuran via Gopay,Bayar Iuran via Gopay,bayar iuran via gopay,iuran via gopay,iur via gopay,4.0,3.0,1.0,25.0
Generate,Iuran Lingkungan,Bayar Iuran via ShopeePay,Bayar Iuran via ShopeePay,bayar iuran via shopeepay,iuran via shopeepay,iur via shopeepay,4.0,3.0,1.0,25.0
Generate,Iuran Lingkungan,Transfer Iuran RT,Transfer Iuran RT,transfer iuran rt,transfer iuran rt,transfer iur rt,3.0,3.0,0.0,0.0
Generate,Iuran Lingkungan,Transfer Uang Sampah,Transfer Uang Sampah,transfer uang sampah,transfer uang sampah,transfer uang sampah,3.0,3.0,0.0,0.0
Generate,Iuran Lingkungan,Transfer Satpam Bulanan,Transfer Satpam Bulanan,transfer satpam bulanan,transfer satpam bulanan,transfer satpam bulan,3.0,3.0,0.0,0.0
Generate,Iuran Lingkungan,Transfer Parkir Bulanan,Transfer Parkir Bulanan,transfer parkir bulanan,transfer parkir bulanan,transfer parkir bulan,3.0,3.0,0.0,0.0
Generate,Iuran Lingkungan,Tagihan Warga Bulan Ini,Tagihan Warga Bulan Ini,tagihan warga bulan ini,tagihan warga,tagih warga,4.0,2.0,2.0,50.0
Generate,Iuran Lingkungan,Pembayaran Lingkungan Bulanan,Pembayaran Lingkungan Bulanan,pembayaran lingkungan bulanan,pembayaran lingkungan bulanan,bayar lingkung bulan,3.0,3.0,0.0,0.0
Generate,Iuran Lingkungan,Resident Fee Monthly,Resident Fee Monthly,resident fee monthly,resident fee monthly,resident fee monthly,3.0,3.0,0.0,0.0
Generate,Iuran Lingkungan,Community Fee Payment,Community Fee Payment,community fee payment,community fee payment,community fee payment,3.0,3.0,0.0,0.0
Generate,Iuran Lingkungan,Neighborhood Fee Payment,Neighborhood Fee Payment,neighborhood fee payment,neighborhood fee payment,neighborhood fee payment,3.0,3.0,0.0,0.0
Generate,Iuran Lingkungan,Security Fee Monthly,Security Fee Monthly,security fee monthly,security fee monthly,security fee monthly,3.0,3.0,0.0,0.0
Generate,Iuran Lingkungan,Cleaning Fee Monthly,Cleaning Fee Monthly,cleaning fee monthly,cleaning fee monthly,cleaning fee monthly,3.0,3.0,0.0,0.0
Generate,Iuran Lingkungan,Waste Fee Monthly,Waste Fee Monthly,waste fee monthly,waste fee monthly,waste fee monthly,3.0,3.0,0.0,0.0
Tokopedia,Prabayar & Pascabayar,Indosat,Indosat,indosat,indosat,indosat,1.0,1.0,0.0,0.0
Tokopedia,Prabayar & Pascabayar,Pulsa,Pulsa,pulsa,pulsa,pulsa,1.0,1.0,0.0,0.0
Tokopedia,Prabayar & Pascabayar,Pascabayar,Pascabayar,pascabayar,pascabayar,pascabayar,1.0,1.0,0.0,0.0
Tokopedia,Prabayar & Pascabayar,Telkomsel - Halo,Telkomsel - Halo,telkomsel halo,telkomsel halo,telkomsel halo,3.0,2.0,1.0,33.3
Tokopedia,Prabayar & Pascabayar,XL Prioritas,XL Prioritas,xl prioritas,prioritas,prioritas,2.0,1.0,1.0,50.0
Tokopedia,Prabayar & Pascabayar,Indosat Platinum,Indosat Platinum,indosat platinum,indosat platinum,indosat platinum,2.0,2.0,0.0,0.0
Tokopedia,Prabayar & Pascabayar,Paket Data,Paket Data,paket data,data,data,2.0,1.0,1.0,50.0
Tokopedia,Prabayar & Pascabayar,Roaming,Roaming,roaming,roaming,roaming,1.0,1.0,0.0,0.0
Tokopedia,Prabayar & Pascabayar,eSim,eSim,esim,esim,esim,1.0,1.0,0.0,0.0
Tokopedia,Prabayar & Pascabayar,Gopay Later,Gopay Later,gopay later,gopay later,gopay later,2.0,2.0,0.0,0.0
Tokopedia,Prabayar & Pascabayar,Tagihan Listrik,Tagihan Listrik,tagihan listrik,tagihan listrik,tagih listrik,2.0,2.0,0.0,0.0
Tokopedia,Prabayar & Pascabayar,E-Invoicing,E-Invoicing,einvoicing,einvoicing,einvoicing,1.0,1.0,0.0,0.0
Tokopedia,Prabayar & Pascabayar,Upgrade Internet & TV,Upgrade Internet & TV,upgrade internet tv,upgrade internet tv,upgrade internet tv,4.0,3.0,1.0,25.0
Tokopedia,Prabayar & Pascabayar,Tagihan Kartu Kredit,Tagihan Kartu Kredit,tagihan kartu kredit,tagihan kartu kredit,tagih kartu kredit,3.0,3.0,0.0,0.0
Tokopedia,Prabayar & Pascabayar,Premi Asuransi,Premi Asuransi,premi asuransi,premi asuransi,premi asuransi,2.0,2.0,0.0,0.0
Tokopedia,Prabayar & Pascabayar,Angsuran Kredit,Angsuran Kredit,angsuran kredit,angsuran kredit,angsur kredit,2.0,2.0,0.0,0.0
Tokopedia,Prabayar & Pascabayar,Properti,Properti,properti,properti,properti,1.0,1.0,0.0,0.0
Tokopedia,Prabayar & Pascabayar,Langganan,Langganan,langganan,langganan,langgan,1.0,1.0,0.0,0.0
Tokopedia,Prabayar & Pascabayar,Internet dan TV Kabel,Internet dan TV Kabel,internet dan tv kabel,internet tv kabel,internet tv kabel,4.0,3.0,1.0,25.0
Tokopedia,Prabayar & Pascabayar,XL Satu,XL Satu,xl satu,,,2.0,0.0,2.0,100.0
