Source,Nama Produk,Extracted,text_cleaned,text_stopwords_removed,clean_text,token_awal,token_akhir,reduksi,persen_%
Klik K24,GLUCOPHAGE XR 500MG TABLET,glucophage xr,glucophage xr mg tablet,glucophage xr mg tablet,glucophage xr mg tablet,4.0,4.0,0.0,0.0
Klik K24,METFORMIN GEN DEXA 500MG TABLET,metformin,metformin gen dexa mg tablet,metformin gen dexa mg tablet,metformin gen dexa mg tablet,5.0,5.0,0.0,0.0
Klik K24,GLUCOPHAGE 500MG TABLET,glucophage,glucophage mg tablet,glucophage mg tablet,glucophage mg tablet,3.0,3.0,0.0,0.0
Klik K24,THERMOLYTE DIET SUGAR (1 Dos isi 25),thermolyte diet sugar,thermolyte diet sugar dos isi,thermolyte diet sugar dos,thermolyte diet sugar dos,7.0,4.0,3.0,42.9
Klik K24,THERMOLYTE DIET SUGAR (1 Dos isi 50),thermolite diet sugar,thermolyte diet sugar dos isi,thermolyte diet sugar dos,thermolyte diet sugar dos,7.0,4.0,3.0,42.9
Klik K24,NUTRISALIN GARAM DIET 200G,nutrisalin garam,nutrisalin garam diet g,nutrisalin garam diet,nutrisalin garam diet,4.0,3.0,1.0,25.0
Klik K24,THERMOLYTE PLUS (1 DOS ISI 60),thermolite plus,thermolyte plus dos isi,thermolyte dos,thermolyte dos,6.0,2.0,4.0,66.7
Klik K24,THERMOLYTE PLUS (1 DOS ISI 30),thermolite plus,thermolyte plus dos isi,thermolyte dos,thermolyte dos,6.0,2.0,4.0,66.7
Klik K24,THERMOLYTE PLUS (1 DOS ISI 10),thermolite plus,thermolyte plus dos isi,thermolyte dos,thermolyte dos,6.0,2.0,4.0,66.7
Klik K24,MUSTIKA RATU SLIMMING TEA (1 dos isi 30 sachet),mustika ratu slimming tea,mustika ratu slimming tea dos isi sachet,mustika ratu slimming tea dos,mustika ratu slimming tea dos,9.0,5.0,4.0,44.4
Klik K24,T ORGANA SWEET TEA (isi 10 kantong teh),t organa sweet tea,t organa sweet tea isi kantong teh,organa sweet tea kantong teh,organa sweet tea kantong teh,8.0,5.0,3.0,37.5
Klik K24,T ORGANA SWEET TEA (isi 20 kantong teh),t organa sweet tea,t organa sweet tea isi kantong teh,organa sweet tea kantong teh,organa sweet tea kantong teh,8.0,5.0,3.0,37.5
Klik K24,FITAMINO COKLAT 30G SACH,fitamino coklat,fitamino coklat g sach,fitamino coklat sach,fitamino coklat sach,4.0,3.0,1.0,25.0
Klik K24,TROPICANA SLIM DIABETICS (1 Box isi 100 Sachet),tropicana slim diabetics,tropicana slim diabetics box isi sachet,tropicana slim diabetics,tropicana slim diabetics,8.0,3.0,5.0,62.5
Klik K24,TROPICANA SLIM DIABETICS (1 Box isi 50 Sachet),tropicana slim diabetics,tropicana slim diabetics box isi sachet,tropicana slim diabetics,tropicana slim diabetics,8.0,3.0,5.0,62.5
Klik K24,TROPICANA SLIM DIABETICS (1 Box isi 25 Sachet),tropicana slim diabetics,tropicana slim diabetics box isi sachet,tropicana slim diabetics,tropicana slim diabetics,8.0,3.0,5.0,62.5
Klik K24,TROPICANA SLIM CLASSIC (1 Dos isi 25 Sachet),tropicana slim classic,tropicana slim classic dos isi sachet,tropicana slim classic dos,tropicana slim classic dos,8.0,4.0,4.0,50.0
Klik K24,TROPICANA SLIM CLASSIC (1 Dos isi 50 Sachet),tropicana slim classic,tropicana slim classic dos isi sachet,tropicana slim classic dos,tropicana slim classic dos,8.0,4.0,4.0,50.0
Klik K24,TROPICANA SLIM CLASSIC (1 Dos isi 100 Sachet),tropicana slim classic,tropicana slim classic dos isi sachet,tropicana slim classic dos,tropicana slim classic dos,8.0,4.0,4.0,50.0
Klik K24,TROPICANA SLIM SWEETENER STEVIA (1 Box isi 50 Sachet),tropicana stevia,tropicana slim sweetener stevia box isi sachet,tropicana slim sweetener stevia,tropicana slim sweetener stevia,9.0,4.0,5.0,55.6
Klik K24,FLIMEAL 50G SACH 12S,flimeal,flimeal g sach s,flimeal sach,flimeal sach,4.0,2.0,2.0,50.0
Klik K24,JARDIANCE 25MG FC TABLET,jardiance,jardiance mg fc tablet,jardiance mg fc tablet,jardiance mg fc tablet,4.0,4.0,0.0,0.0
Klik K24,NUTRICAN MILK JERUK 245G,nutrican milk jeruk,nutrican milk jeruk g,nutrican milk jeruk,nutrican milk jeruk,4.0,3.0,1.0,25.0
Klik K24,GLIBENCLAMIDE INDOFARMA 5MG TABLET,glibenclamide,glibenclamide indofarma mg tablet,glibenclamide indofarma mg tablet,glibenclamide indofarma mg tablet,4.0,4.0,0.0,0.0
Klik K24,GALVUS 50MG TABLET,galvus,galvus mg tablet,galvus mg tablet,galvus mg tablet,3.0,3.0,0.0,0.0
Klik K24,METRIX 3MG TABLET,metrix,metrix mg tablet,metrix mg tablet,metrix mg tablet,3.0,3.0,0.0,0.0
Klik K24,STATOR 20MG TABLET,stator,stator mg tablet,stator mg tablet,stator mg tablet,3.0,3.0,0.0,0.0
Klik K24,ROSUFER 10MG TAB 30S,rosufer,rosufer mg tab s,rosufer mg tab,rosufer mg tab,4.0,3.0,1.0,25.0
Klik K24,ROSUFER 20MG TAB 30S,rosufer,rosufer mg tab s,rosufer mg tab,rosufer mg tab,4.0,3.0,1.0,25.0
Klik K24,GLUVAS 2MG TABLET,gluvas,gluvas mg tablet,gluvas mg tablet,gluvas mg tablet,3.0,3.0,0.0,0.0
Klik K24,GLUVAS 4MG TABLET,gluvas,gluvas mg tablet,gluvas mg tablet,gluvas mg tablet,3.0,3.0,0.0,0.0
Klik K24,GLIMEPIRIDE DEXA 1MG TABLET (1 Dos isi 5 Strip @10 Tablet),glimepiride dexametason,glimepiride dexa mg tablet dos isi strip tablet,glimepiride dexa mg tablet dos strip tablet,glimepiride dexa mg tablet dos strip tablet,11.0,7.0,4.0,36.4
Klik K24,GLIMEPIRIDE DEXA 2MG TABLET (1 Dos isi 50 Tablet),glimepiride dexametason,glimepiride dexa mg tablet dos isi tablet,glimepiride dexa mg tablet dos tablet,glimepiride dexa mg tablet dos tablet,9.0,6.0,3.0,33.3
Klik K24,RHINOS SR KAPSUL,rhinos sr,rhinos sr kapsul,rhinos sr kapsul,rhinos sr kapsul,3.0,3.0,0.0,0.0
Klik K24,TREMENZA TABLET,tremenza,tremenza tablet,tremenza tablet,tremenza tablet,2.0,2.0,0.0,0.0
Klik K24,AMOXICILLIN HEXPHARM 500MG KAPLET (1 Dos isi 20 Strip @10 Tablet),amoxicillin hexpharm,amoxicillin hexpharm mg kaplet dos isi strip tablet,amoxicillin hexpharm mg dos strip tablet,amoxicillin hexpharm mg dos strip tablet,11.0,6.0,5.0,45.5
Klik K24,SAGESTAM TETES MATA/ TETES TELINGA,sagestam tetes mata,sagestam tetes mata tetes telinga,sagestam tetes mata tetes telinga,sagestam tetes mata tetes telinga,5.0,5.0,0.0,0.0
Klik K24,ACLAM 500MG TABLET,aclam,aclam mg tablet,aclam mg tablet,aclam mg tablet,3.0,3.0,0.0,0.0
Klik K24,OTOPAIN TETES TELINGA 8ML,otopain tetes telinga,otopain tetes telinga ml,otopain tetes telinga,otopain tetes telinga,4.0,3.0,1.0,25.0
Klik K24,OTILON TETES TELINGA 8ML,otilon tetes telinga,otilon tetes telinga ml,otilon tetes telinga,otilon tetes telinga,4.0,3.0,1.0,25.0
Klik K24,FORUMEN TETES TELINGA 10ML,forumen tetes telinga,forumen tetes telinga ml,forumen tetes telinga,forumen tetes telinga,4.0,3.0,1.0,25.0
Klik K24,COLME TETES TELINGA 8ML,colme tetes telinga,colme tetes telinga ml,colme tetes telinga,colme tetes telinga,4.0,3.0,1.0,25.0
Klik K24,ERLAMYCETIN EAR DROP 10ML,erlamycin ear drop,erlamycetin ear drop ml,erlamycetin ear drop,erlamycetin ear drop,4.0,3.0,1.0,25.0
Klik K24,OTOLIN EAR DROP 10ML,otolin ear drop,otolin ear drop ml,otolin ear drop,otolin ear drop,4.0,3.0,1.0,25.0
Klik K24,HUKI COTTON BUDS TUTUP PINK,huki cotton buds,huki cotton buds tutup pink,huki cotton buds tutup pink,huki cotton buds tutup pink,5.0,5.0,0.0,0.0
Klik K24,HUKI COTTON BUDS POT TUTUP BIRU,huki cotton buds,huki cotton buds pot tutup biru,huki cotton buds pot tutup,huki cotton buds pot tutup,6.0,5.0,1.0,16.7
Klik K24,AMOXSAN 250MG KAPSUL,amoxsan,amoxsan mg kapsul,amoxsan mg kapsul,amoxsan mg kapsul,3.0,3.0,0.0,0.0
Klik K24,ABBOTIC XL 500MG TABLET,abbotic,abbotic xl mg tablet,abbotic mg tablet,abbotic mg tablet,4.0,3.0,1.0,25.0
Klik K24,ETAFLOX 500MG TABLET,etaflox,etaflox mg tablet,etaflox mg tablet,etaflox mg tablet,3.0,3.0,0.0,0.0
Klik K24,ZELAVEL 3MG/ML OTIC SOL 5ML,zelavel otic,zelavel mgml otic sol ml,zelavel mgml otic sol,zelavel mgml otic sol,5.0,4.0,1.0,20.0
Klik K24,CEFIXIME NOVELL 100MG KAPSUL,cefixime novell,cefixime novell mg kapsul,cefixime novell mg kapsul,cefixime novell mg kapsul,4.0,4.0,0.0,0.0
Klik K24,AMICLAV 625MG FC KAPLET,amiclav,amiclav mg fc kaplet,amiclav mg fc,amiclav mg fc,4.0,3.0,1.0,25.0
Klik K24,CO AMOXICLAV DEXA 500/125MG FC KAPLET,co amoxiclav dexametason,co amoxiclav dexa mg fc kaplet,co amoxiclav dexa mg fc,co amoxiclav dexa mg fc,6.0,5.0,1.0,16.7
Klik K24,CO AMOXICLAV MEPRO 625MG FC TABLET,co amoxiclav mepro,co amoxiclav mepro mg fc tablet,co amoxiclav mepro mg fc tablet,co amoxiclav mepro mg fc tablet,6.0,6.0,0.0,0.0
Klik K24,AMOXICILLIN BERNOFARM 500MG CAPL 100S,amoxicillin,amoxicillin bernofarm mg capl s,amoxicillin bernofarm mg capl,amoxicillin bernofarm mg capl,5.0,4.0,1.0,20.0
Klik K24,YUSIMOX 500MG KAPLET,yusimox,yusimox mg kaplet,yusimox mg,yusimox mg,3.0,2.0,1.0,33.3
Klik K24,INFATRIM F 960MG TABLET,infatrim,infatrim f mg tablet,infatrim mg tablet,infatrim mg tablet,4.0,3.0,1.0,25.0
Klik K24,SUPRAMOX 500MG TABLET,supramox,supramox mg tablet,supramox mg tablet,supramox mg tablet,3.0,3.0,0.0,0.0
Klik K24,KALMOXILIN 500MG KAPLET,kalmoxilin,kalmoxilin mg kaplet,kalmoxilin mg,kalmoxilin mg,3.0,2.0,1.0,33.3
Klik K24,HUKI COTTON BUDS BOX,huki cotton buds,huki cotton buds box,huki cotton buds,huki cotton buds,4.0,3.0,1.0,25.0
Klik K24,HUKI COTTON BUDS POT,huki cotton buds,huki cotton buds pot,huki cotton buds pot,huki cotton buds pot,4.0,4.0,0.0,0.0
Klik K24,LIZOR TABLET 500MG,lizor,lizor tablet mg,lizor tablet mg,lizor tablet mg,3.0,3.0,0.0,0.0
Klik K24,CLABAT F 500MG TABLET,clabat,clabat f mg tablet,clabat mg tablet,clabat mg tablet,4.0,3.0,1.0,25.0
Klik K24,LINDACYN 150MG KAPSUL,lindacyn kapsul,lindacyn mg kapsul,lindacyn mg kapsul,lindacyn mg kapsul,3.0,3.0,0.0,0.0
Klik K24,LINDACYN 300MG KAPSUL,lindacyn kapsul,lindacyn mg kapsul,lindacyn mg kapsul,lindacyn mg kapsul,3.0,3.0,0.0,0.0
Klik K24,SANPRIMA SYR,sanprima sirup,sanprima syr,sanprima syr,sanprima syr,2.0,2.0,0.0,0.0
Klik K24,CATAFLAM 50MG TABLET,cataflam,cataflam mg tablet,cataflam mg tablet,cataflam mg tablet,3.0,3.0,0.0,0.0
Klik K24,NEURALGIN RX TABLET,neuralgin rx,neuralgin rx tablet,neuralgin rx tablet,neuralgin rx tablet,3.0,3.0,0.0,0.0
Klik K24,PONSTAN 500MG TABLET,ponstan,ponstan mg tablet,ponstan mg tablet,ponstan mg tablet,3.0,3.0,0.0,0.0
Klik K24,CHARM BODYFIT EXT MAXI WING,charm bodyfit,charm bodyfit ext maxi wing,charm bodyfit ext maxi wing,charm bodyfit ext maxi wing,5.0,5.0,0.0,0.0
Klik K24,CHARM BODY FIT EXTRA COMFORT WING 26CM ISI 8PCS,charm body fit,charm body fit extra comfort wing cm isi pcs,charm body extra comfort wing,charm body extra comfort wing,9.0,5.0,4.0,44.4
Klik K24,CHARM BODYFIT EXTRA MAXI WING,charm bodyfit,charm bodyfit extra maxi wing,charm bodyfit extra maxi wing,charm bodyfit extra maxi wing,5.0,5.0,0.0,0.0
Klik K24,LAURIER AD SUPER MAXI WING,laurier ad,laurier ad super maxi wing,laurier ad maxi wing,laurier ad maxi wing,5.0,4.0,1.0,20.0
Klik K24,LAURIER AD SUPER MAXI,laurier ad,laurier ad super maxi,laurier ad maxi,laurier ad maxi,4.0,3.0,1.0,25.0
Klik K24,LAURIER AD SUPER MAXI NON WING,laurier ad,laurier ad super maxi non wing,laurier ad maxi non wing,laurier ad maxi non wing,6.0,5.0,1.0,16.7
Klik K24,AVAIL BEAUTY PANTILINER (HIJAU),avail beauty pantiliner,avail beauty pantiliner hijau,avail beauty pantiliner,avail beauty pantiliner,4.0,3.0,1.0,25.0
Klik K24,CHARM BF EXT MAXI,charm bf ext,charm bf ext maxi,charm bf ext maxi,charm bf ext maxi,4.0,4.0,0.0,0.0
Klik K24,AVAIL BEAUTY DAY USE (BIRU),avail beauty,avail beauty day use biru,avail beauty day use,avail beauty day use,5.0,4.0,1.0,20.0
Klik K24,AVAIL BEAUTY NIGHT USE (PINK),avail beauty,avail beauty night use pink,avail beauty night use pink,avail beauty night use pink,5.0,5.0,0.0,0.0
Klik K24,LAURIER RELAX NIGHT WING 35CM,laurier relax night,laurier relax night wing cm,laurier relax night wing,laurier relax night wing,5.0,4.0,1.0,20.0
Klik K24,PYTRAMIC 500MG KAPSUL,pytramic,pytramic mg kapsul,pytramic mg kapsul,pytramic mg kapsul,3.0,3.0,0.0,0.0
Klik K24,FEMINAX LANCAR HAID CAIR 15ML (isi 12 sachet),feminax lancar haid,feminax lancar haid cair ml isi sachet,feminax haid,feminax haid,8.0,2.0,6.0,75.0
Klik K24,CHARM BODYFIT EXT MAXI NON WING,charm bodyfit,charm bodyfit ext maxi non wing,charm bodyfit ext maxi non wing,charm bodyfit ext maxi non wing,6.0,6.0,0.0,0.0
Klik K24,DACCO PEMBALUT WANITA BERSALIN&NIFAS M,dacco pembalut,dacco pembalut wanita bersalinnifas m,dacco pembalut bersalinnifas,dacco balut bersalinnifas,5.0,3.0,2.0,40.0
Klik K24,IFREE PAD TERAPI HANGAT PEREDA NYERI HAID (1 Pack isi 2),ifree pad terapi,ifree pad terapi hangat pereda nyeri haid pack isi,ifree pad terapi pereda nyeri haid,ifree pad terapi reda nyeri haid,11.0,6.0,5.0,45.5
Klik K24,FEMINAX LANCAR HAID CAIR 15ML (1 Dos isi 5 Sachet),feminax lancar haid,feminax lancar haid cair ml dos isi sachet,feminax haid dos,feminax haid dos,10.0,3.0,7.0,70.0
Klik K24,KAPAS PEMBALUT 25G,kapas pembalut,kapas pembalut g,kapas pembalut,kapas balut,3.0,2.0,1.0,33.3
Klik K24,DUPHASTON 10MG TABLET,duphaston,duphaston mg tablet,duphaston mg tablet,duphaston mg tablet,3.0,3.0,0.0,0.0
Klik K24,ADINDA KAPAS PEMBALUT 50G,adinda kapas,adinda kapas pembalut g,adinda kapas pembalut,adinda kapas balut,4.0,3.0,1.0,25.0
Klik K24,KAPAS PEMBALUT ADINDA 25G,kapas pembalut adinda,kapas pembalut adinda g,kapas pembalut adinda,kapas balut adinda,4.0,3.0,1.0,25.0
Klik K24,KAPAS PEMBALUT ADINDA 500G,kapas pembalut adinda,kapas pembalut adinda g,kapas pembalut adinda,kapas balut adinda,4.0,3.0,1.0,25.0
Klik K24,DRC KAPAS PEMBALUT 25G,drc kapas pembalut,drc kapas pembalut g,drc kapas pembalut,drc kapas balut,4.0,3.0,1.0,25.0
Klik K24,ADINDA KAPAS PEMBALUT 250G,adinda kapas,adinda kapas pembalut g,adinda kapas pembalut,adinda kapas balut,4.0,3.0,1.0,25.0
Klik K24,HUSADA KAPAS PEMBALUT 250G,husada kapas,husada kapas pembalut g,husada kapas pembalut,husada kapas balut,4.0,3.0,1.0,25.0
Klik K24,NASACO KAPAS PEMBALUT 50G,nasaco kapas,nasaco kapas pembalut g,nasaco kapas pembalut,nasaco kapas balut,4.0,3.0,1.0,25.0
Klik K24,HDC KAPAS PEMBALUT 100G,hdc kapas,hdc kapas pembalut g,hdc kapas pembalut,hdc kapas balut,4.0,3.0,1.0,25.0
Klik K24,HK KAPAS PEMBALUT 500G,hk kapas pembalut,hk kapas pembalut g,hk kapas pembalut,hk kapas balut,4.0,3.0,1.0,25.0
Klik K24,Q LIFE MENSTRUAL CARE SACHET,q life menstrual care,q life menstrual care sachet,life menstrual care,life menstrual care,5.0,3.0,2.0,40.0
Klik K24,LACTO B SACHET,lacto b,lacto b sachet,lacto,lacto,3.0,1.0,2.0,66.7
Klik K24,PROVE D3 5000IU CHEW TABLET,prove d3,prove d iu chew tablet,prove iu chew tablet,prove iu chew tablet,5.0,4.0,1.0,20.0
Klik K24,DOHIXAT 100MG TABLET,dohixat,dohixat mg tablet,dohixat mg tablet,dohixat mg tablet,3.0,3.0,0.0,0.0
Klik K24,KAPAS SELECTION 35G,kapas selection,kapas selection g,kapas selection,kapas selection,3.0,2.0,1.0,33.3
Klik K24,KAPAS SELECTION 75G,kapas selection,kapas selection g,kapas selection,kapas selection,3.0,2.0,1.0,33.3
Klik K24,KAPAS SELECTION 50G,kapas selection,kapas selection g,kapas selection,kapas selection,3.0,2.0,1.0,33.3
Klik K24,NATURE PLUS VITAMIN D3 400IU,vitamin d3,nature plus vitamin d iu,nature vitamin iu,nature vitamin iu,5.0,3.0,2.0,40.0
Klik K24,NATURE HEALTH VITAMIN E400IU KAPSUL,vitamin e,nature health vitamin eiu kapsul,nature health vitamin eiu kapsul,nature health vitamin eiu kapsul,5.0,5.0,0.0,0.0
Klik K24,DARSI KAPSUL (1 Dos isi 12 Kapsul),darsi kapsul,darsi kapsul dos isi kapsul,darsi kapsul dos kapsul,darsi kapsul dos kapsul,7.0,4.0,3.0,42.9
Klik K24,HEMAVITON C1000 ORANGE 330ML,hemaviton,hemaviton c orange ml,hemaviton orange,hemaviton orange,4.0,2.0,2.0,50.0
Klik K24,MELANOX ES 15GR,melanox es,melanox es gr,melanox es,melanox es,3.0,2.0,1.0,33.3
Klik K24,MELANOX PREMIUM CR 14G,melanox premium cr,melanox premium cr g,melanox cr,melanox cr,4.0,2.0,2.0,50.0
Klik K24,CETAPHIL MOISTURIZING CREAM 100G,cetaphil moisturizing cream,cetaphil moisturizing cream g,cetaphil moisturizing cream,cetaphil moisturizing cream,4.0,3.0,1.0,25.0
Klik K24,CETAPHIL MOISTURIZING LOTION 200ML,cetaphil moisturizing lotion,cetaphil moisturizing lotion ml,cetaphil moisturizing lotion,cetaphil moisturizing lotion,4.0,3.0,1.0,25.0
Klik K24,ONE MED KAPAS PEMBALUT 50G,one med kapas,one med kapas pembalut g,one med kapas pembalut,one med kapas balut,5.0,4.0,1.0,20.0
Klik K24,KAPAS PEMBALUT MASA HUSADA INDONESIA 100G,kapsa pembalut,kapas pembalut masa husada indonesia g,kapas pembalut husada indonesia,kapas balut husada indonesia,6.0,4.0,2.0,33.3
Klik K24,ONE MED KAPAS BOLA BESAR (isi 100),one med kapas,one med kapas bola besar isi,one med kapas bola,one med kapas bola,7.0,4.0,3.0,42.9
Klik K24,MARCKS BEDAK BEAUTY POWDER PUTIH 40G,marcks bedak beauty powder,marcks bedak beauty powder putih g,marcks bedak beauty powder,marcks bedak beauty powder,6.0,4.0,2.0,33.3
Klik K24,BEDAK BIANG KERINGAT KONICARE 80G,bedak biang keringat,bedak biang keringat konicare g,bedak biang keringat konicare,bedak biang keringat konicare,5.0,4.0,1.0,20.0
Klik K24,DRAGON SALICYL MENTHOL BEDAK 100G,dragon salicyl menthol bedak,dragon salicyl menthol bedak g,dragon salicyl menthol bedak,dragon salicyl menthol bedak,5.0,4.0,1.0,20.0
Klik K24,BEDAK SALICYL CAP GAJAH 100G,bedak salicyl gajah,bedak salicyl cap gajah g,bedak salicyl cap gajah,bedak salicyl cap gajah,5.0,4.0,1.0,20.0
Klik K24,ACNE COVER FUN PACK NEXCARE,acne cover fun pack nexcare,acne cover fun pack nexcare,acne cover fun nexcare,acne cover fun nexcare,5.0,4.0,1.0,20.0
Klik K24,NOURISH ACNE PLAST FUN PATCH (isi 24 pcs),nourish acne plast fun patch,nourish acne plast fun patch isi pcs,nourish acne plast fun patch,nourish acne plast fun patch,8.0,5.0,3.0,37.5
Klik K24,VITACID 0.05% GEL 20G,vitacid gel,vitacid gel g,vitacid gel,vitacid gel,4.0,2.0,2.0,50.0
Klik K24,VITACID 0.1% GEL 20G,vitacid gel,vitacid gel g,vitacid gel,vitacid gel,4.0,2.0,2.0,50.0
Klik K24,CETAPHIL DAILY ADVANCE ULTRA HYDRATING LOTION 85G,cetaphil daily advance lotion,cetaphil daily advance ultra hydrating lotion g,cetaphil daily advance hydrating lotion,cetaphil daily advance hydrating lotion,7.0,5.0,2.0,28.6
Klik K24,VITAMIN B1 IPI,vitamin b1,vitamin b ipi,vitamin ipi,vitamin ipi,3.0,2.0,1.0,33.3
Klik K24,MEFINAL 500MG TABLET,mefinal,mefinal mg tablet,mefinal mg tablet,mefinal mg tablet,3.0,3.0,0.0,0.0
Klik K24,AMOXSAN 500MG KAPSUL,amoxsan,amoxsan mg kapsul,amoxsan mg kapsul,amoxsan mg kapsul,3.0,3.0,0.0,0.0
Klik K24,SUMAGESIC TABLET,sumagesic,sumagesic tablet,sumagesic tablet,sumagesic tablet,2.0,2.0,0.0,0.0
Klik K24,ULTRACAP,ultracap,ultracap,ultracap,ultracap,1.0,1.0,0.0,0.0
Klik K24,SUMBAWA HOT IN CREAM AROMATHERAPY PUMP 120ML,sumbawa hot in cream,sumbawa hot in cream aromatherapy pump ml,sumbawa hot in cream aromatherapy pump,sumbawa hot in cream aromatherapy pump,7.0,6.0,1.0,14.3
Klik K24,NEO RHEUMACYL EXTRA HOT CR 25G,neo rheumacyl,neo rheumacyl extra hot cr g,neo rheumacyl extra hot cr,neo rheumacyl extra hot cr,6.0,5.0,1.0,16.7
Klik K24,HANSAPLAST HANGAT KOYO RENCENG,hansaplast hangat koyo,hansaplast hangat koyo renceng,hansaplast koyo renceng,hansaplast koyo renceng,4.0,3.0,1.0,25.0
Klik K24,SALONPAS CREAM 30G,salonpas cream,salonpas cream g,salonpas cream,salonpas cream,3.0,2.0,1.0,33.3
Klik K24,SALONPAS KOYO HIJAU,salonpas koyo,salonpas koyo hijau,salonpas koyo,salonpas koyo,3.0,2.0,1.0,33.3
Klik K24,PARAMEX NYERI OTOT TABLET,parameks nyeri otot,paramex nyeri otot tablet,paramex nyeri otot tablet,paramex nyeri otot tablet,4.0,4.0,0.0,0.0
Klik K24,PILKITA PEGAL LINU TABLET,pilkita pegal linu,pilkita pegal linu tablet,pilkita linu tablet,pilkita linu tablet,4.0,3.0,1.0,25.0
Klik K24,KIRANTI PEGAL LINU 150ML,kiran pegal linu,kiranti pegal linu ml,kiranti linu,kiranti linu,4.0,2.0,2.0,50.0
Klik K24,HOTIN STRONG TUBE 60G,hotin strong,hotin strong tube g,hotin strong tube,hotin strong tube,4.0,3.0,1.0,25.0
Klik K24,SUMBAWA HOT IN CR PUMP 120ML,sumbawa hot in cr pump,sumbawa hot in cr pump ml,sumbawa hot in cr pump,sumbawa hot in cr pump,6.0,5.0,1.0,16.7
Klik K24,OPPO ANKLE SUPPORT M 1001,oppo ankle support,oppo ankle support m,oppo ankle support,oppo ankle support,5.0,3.0,2.0,40.0
Klik K24,OPPO ANKLE SUPPORT S 1001,oppo ankle support,oppo ankle support s,oppo ankle support,oppo ankle support,5.0,3.0,2.0,40.0
Klik K24,NEO RHEUMACYL HOT CR 108ML BOTOL,neo rheumacyl,neo rheumacyl hot cr ml botol,neo rheumacyl hot cr,neo rheumacyl hot cr,6.0,4.0,2.0,33.3
Klik K24,STOP X CR 30G,stop x cr,stop x cr g,stop cr,stop cr,4.0,2.0,2.0,50.0
Klik K24,ARTRODAR TABLET,artrodar,artrodar tablet,artrodar tablet,artrodar tablet,2.0,2.0,0.0,0.0
Klik K24,NUTRAFOR JOINTS PWD VANILA MILK 21G,nutrafor joints pwd vanila milk,nutrafor joints pwd vanila milk g,nutrafor joints pwd vanila milk,nutrafor joints pwd vanila milk,6.0,5.0,1.0,16.7
Klik K24,SYALOX 300P TABLET,syalox,syalox p tablet,syalox tablet,syalox tablet,3.0,2.0,1.0,33.3
Klik K24,NUTRIMAX OSTEOGARD (1 botol isi 30 tablet salut selaput),nutrimax osteogard,nutrimax osteogard botol isi tablet salut selaput,nutrimax osteogard tablet salut selaput,nutrimax osteogard tablet salut selaput,9.0,5.0,4.0,44.4
Klik K24,BENVIT ETAWA PLATINUM GINSENG JAHE 200G BOX,benvit etawa ginseng jahe,benvit etawa platinum ginseng jahe g box,benvit etawa platinum ginseng jahe,benvit etawa platinum ginseng jahe,7.0,5.0,2.0,28.6
Klik K24,NEO RHEUMACYL EUCALYPTUS CR 25G,neo rheumacyl eucalyptus,neo rheumacyl eucalyptus cr g,neo rheumacyl eucalyptus cr,neo rheumacyl eucalyptus cr,5.0,4.0,1.0,20.0
Klik K24,FLEXAMINE CR 30G,flexamine cr,flexamine cr g,flexamine cr,flexamine cr,3.0,2.0,1.0,33.3
Klik K24,FLEXAMINE CR 15G,flexamine cr,flexamine cr g,flexamine cr,flexamine cr,3.0,2.0,1.0,33.3
Klik K24,NEO RHEUMACYL ORALINU 15ML SACH,neo rheumacyl oralinu,neo rheumacyl oralinu ml sach,neo rheumacyl oralinu sach,neo rheumacyl oralinu sach,5.0,4.0,1.0,20.0
Klik K24,BLACKMORES CALCIMAG MULTI TABLET (1 Botol isi 60),blackmores calcimag,blackmores calcimag multi tablet botol isi,blackmores calcimag multi tablet,blackmores calcimag multi tablet,8.0,4.0,4.0,50.0
Klik K24,LAFALOS CR 20G,lafalos cr,lafalos cr g,lafalos cr,lafalos cr,3.0,2.0,1.0,33.3
Klik K24,HOTIN DCL EMULGEL 30GR,hotin dcl emulgel,hotin dcl emulgel gr,hotin dcl emulgel,hotin dcl emulgel,4.0,3.0,1.0,25.0
Klik K24,HOTIN DCL EMULGEL 60G,hotin dcl emulgel,hotin dcl emulgel g,hotin dcl emulgel,hotin dcl emulgel,4.0,3.0,1.0,25.0
Klik K24,SALONPAS KOYO MERAH HOT (1 Sachet isi 12 lembar),salonpas koyo merah,salonpas koyo merah hot sachet isi lembar,salonpas koyo hot,salonpas koyo hot,9.0,3.0,6.0,66.7
Klik K24,HOTIN CREAM STRONG 120G TUBE,hotin cream,hotin cream strong g tube,hotin cream strong tube,hotin cream strong tube,5.0,4.0,1.0,20.0
Klik K24,BECOM C TABLET,become c,becom c tablet,becom tablet,becom tablet,3.0,2.0,1.0,33.3
Klik K24,TOLAK ANGIN CAIR PLUS MADU 15ML (1 Box isi 12 Sachet),tolak angin cair plus madu,tolak angin cair plus madu ml box isi sachet,tolak angin madu,tolak angin madu,11.0,3.0,8.0,72.7
Klik K24,ANTANGIN CAIR JUNIOR HONEY MINT SACH,antangin cair junior honey mint,antangin cair junior honey mint sach,antangin honey mint sach,antangin honey mint sach,6.0,4.0,2.0,33.3
Klik K24,MADU TJ MASUK ANGIN 140G,madu tj masuk angin,madu tj masuk angin g,madu tj masuk angin,madu tj masuk angin,5.0,4.0,1.0,20.0
Klik K24,TAMR SARI KURMA 250ML,tamr sari kurma,tamr sari kurma ml,tamr sari kurma,tamr sari kurma,4.0,3.0,1.0,25.0
Klik K24,SAHARA SARI KURMA 330G,sahara sari kurma,sahara sari kurma g,sahara sari kurma,sahara sari kurma,4.0,3.0,1.0,25.0
Klik K24,AMIRA SARI KURMA 175G,amira sari kurma,amira sari kurma g,amira sari kurma,amira sari kurma,4.0,3.0,1.0,25.0
Klik K24,KAROMAH SARI KURMA 250G,karomah sari kurma,karomah sari kurma g,karomah sari kurma,karomah sari kurma,4.0,3.0,1.0,25.0
Klik K24,SIDOLA MKP 15ML,sidola mkp,sidola mkp ml,sidola mkp,sidola mkp,3.0,2.0,1.0,33.3
Klik K24,SIDOLA MKP 30ML,sidola mkp,sidola mkp ml,sidola mkp,sidola mkp,3.0,2.0,1.0,33.3
Klik K24,ANTANGIN LOZ HONEY MINT,antangin loz honey mint,antangin loz honey mint,antangin loz honey mint,antangin loz honey mint,4.0,4.0,0.0,0.0
Klik K24,SIDOLA MKP 100ML,sidola mkp,sidola mkp ml,sidola mkp,sidola mkp,3.0,2.0,1.0,33.3
Klik K24,SIDOLA MINYAK TELON 60ML,sidola minyak telon,sidola minyak telon ml,sidola minyak telon,sidola minyak ton,4.0,3.0,1.0,25.0
Klik K24,SIDOLA MINYAK TELON 100ML,sidola minyak telon,sidola minyak telon ml,sidola minyak telon,sidola minyak ton,4.0,3.0,1.0,25.0
Klik K24,V FRESH LANG MINYAK ANGIN AROMATHERAPHY 8ML,v fresh lang minyak angin,v fresh lang minyak angin aromatheraphy ml,fresh lang minyak angin aromatheraphy,fresh lang minyak angin aromatheraphy,7.0,5.0,2.0,28.6
Klik K24,SAFE CARE 3 POINT OIL TELON AROMATHERAPY 30ML,safe care oil,safe care point oil telon aromatherapy ml,safe care point oil telon aromatherapy,safe care point oil ton aromatherapy,8.0,6.0,2.0,25.0
Klik K24,SIDOLA MKP 60ML,sidola mkp,sidola mkp ml,sidola mkp,sidola mkp,3.0,2.0,1.0,33.3
Klik K24,IBOE NATURAL DRINK JAHE 25G SACH,iboe jahe,iboe natural drink jahe g sach,iboe drink jahe sach,iboe drink jahe sach,6.0,4.0,2.0,33.3
Klik K24,HOT IN CREAM AROMATHERAPY 60ML,hot in cream,hot in cream aromatherapy ml,hot in cream aromatherapy,hot in cream aromatherapy,5.0,4.0,1.0,20.0
Klik K24,ENTROSTOP HERBAL ANAK SACH,entrostop herbal,entrostop herbal anak sach,entrostop herbal sach,entrostop herbal sach,4.0,3.0,1.0,25.0
Klik K24,MIXAGRIP HERBAL GREGES 15ML SACHET,mixagrip herbal greges,mixagrip herbal greges ml sachet,mixagrip herbal greges,mixagrip herbal greges,5.0,3.0,2.0,40.0
Klik K24,BALPIRIK AROMATHERAPY LAVENDER 20G,balpirik aromatherapy lavender,balpirik aromatherapy lavender g,balpirik aromatherapy lavender,balpirik aromatherapy lavender,4.0,3.0,1.0,25.0
Klik K24,GAJAH MINYAK TELON 120ML,gajah minyak telon,gajah minyak telon ml,gajah minyak telon,gajah minyak ton,4.0,3.0,1.0,25.0
Klik K24,GAJAH MINYAK TELON 30ML,gajah minyak telon,gajah minyak telon ml,gajah minyak telon,gajah minyak ton,4.0,3.0,1.0,25.0
Klik K24,MY BABY MINYAK TELON PLUS LAVENDER 150ML,baby minyak telon,my baby minyak telon plus lavender ml,my baby minyak telon lavender,my baby minyak ton lavender,7.0,5.0,2.0,28.6
Klik K24,BAN LENG YOE 100ML,ban leng yoe,ban leng yoe ml,ban leng yoe,ban leng yoe,4.0,3.0,1.0,25.0
Klik K24,MINYAK ANGIN V FRESH LAVENDER ROLL ON 8ML,minyak angin,minyak angin v fresh lavender roll on ml,minyak angin fresh lavender on,minyak angin fresh lavender on,8.0,5.0,3.0,37.5
Klik K24,TOLAK ANGIN CARE MINYAK ANGIN AROMATHERAPY 10ML,tolak angin care minyak angin,tolak angin care minyak angin aromatherapy ml,tolak angin care minyak angin aromatherapy,tolak angin care minyak angin aromatherapy,7.0,6.0,1.0,14.3
Klik K24,LASERIN HERBAL SIRUP 30ML,laserin herbal sirup,laserin herbal sirup ml,laserin herbal sirup,laserin herbal sirup,4.0,3.0,1.0,25.0
Klik K24,MADU TJ KURMA 150G,madu tj kurma,madu tj kurma g,madu tj kurma,madu tj kurma,4.0,3.0,1.0,25.0
Klik K24,MADU TJ KURMA 250G,madu tj kurma,madu tj kurma g,madu tj kurma,madu tj kurma,4.0,3.0,1.0,25.0
Klik K24,TOLAK ANGIN TABLET (1 Strip isi 4 Tablet),tolak angin,tolak angin tablet strip isi tablet,tolak angin tablet strip tablet,tolak angin tablet strip tablet,8.0,5.0,3.0,37.5
Klik K24,CAVIPLEX TABLET,caviplex,caviplex tablet,caviplex tablet,caviplex tablet,2.0,2.0,0.0,0.0
Klik K24,SURBEX Z TABLET (1 Strip isi 6 tablet),surbex z,surbex z tablet strip isi tablet,surbex tablet strip tablet,surbex tablet strip tablet,8.0,4.0,4.0,50.0
Klik K24,SURBEX T TABLET (1 Strip isi 6 Tablet),surbex t,surbex t tablet strip isi tablet,surbex tablet strip tablet,surbex tablet strip tablet,8.0,4.0,4.0,50.0
Klik K24,MOTHERS CHOICE PREGNANCY&BREAST FEEDING (1 botol isi 30 kapsul),mothers choice pregnancy,mothers choice pregnancybreast feeding botol isi kapsul,mothers choice pregnancybreast feeding kapsul,mothers choice pregnancybreast feeding kapsul,9.0,5.0,4.0,44.4
Klik K24,PIGEON BREAST PADS HONEYCOMB (1 Dos isi 36),pigeon breast pads honeycomb,pigeon breast pads honeycomb dos isi,pigeon breast pads honeycomb dos,pigeon breast pads honeycomb dos,8.0,5.0,3.0,37.5
Klik K24,PIGEON BREAST PAD COMFY FEEL (1 Dos isi 12 Pcs),pigeon breast pad,pigeon breast pad comfy feel dos isi pcs,pigeon breast pad comfy feel dos,pigeon breast pad comfy feel dos,10.0,6.0,4.0,40.0
Klik K24,FOLAVICAP 400MCG TABLET,folavicap,folavicap mcg tablet,folavicap mcg tablet,folavicap mcg tablet,3.0,3.0,0.0,0.0
Klik K24,STARFOLAT TABLET,starfolat,starfolat tablet,starfolat tablet,starfolat tablet,2.0,2.0,0.0,0.0
Klik K24,ANEMOLAT 1MG TABLET,anemolat,anemolat mg tablet,anemolat mg tablet,anemolat mg tablet,3.0,3.0,0.0,0.0
Klik K24,FOLAVICAP 1000MCG TABLET,folavicap,folavicap mcg tablet,folavicap mcg tablet,folavicap mcg tablet,3.0,3.0,0.0,0.0
Klik K24,SAMBUNGAN ASI / NIPPLE SHIELD JENNY,sambungan asi nipple shield jenny,sambungan asi nipple shield jenny,sambungan asi nipple shield jenny,sambung asi nipple shield jenny,6.0,5.0,1.0,16.7
Klik K24,MOM UUNG SUNFLOWER LECITHIN (1 botol isi 30 kapsul),mom uung sunflower lecithin,mom uung sunflower lecithin botol isi kapsul,mom uung sunflower lecithin kapsul,mom uung sunflower lecithin kapsul,9.0,5.0,4.0,44.4
Klik K24,NULACTA UNTUK IBU,nulacta,nulacta untuk ibu,nulacta,nulacta,3.0,1.0,2.0,66.7
Klik K24,PIGEON BREAST PAD (1 Dos isi 36 Pcs),pigeon breast pad,pigeon breast pad dos isi pcs,pigeon breast pad dos,pigeon breast pad dos,8.0,4.0,4.0,50.0
Klik K24,PROCALMA CAPSUL,procalma capsur,procalma capsul,procalma capsul,procalma capsul,2.0,2.0,0.0,0.0
Klik K24,NUVITA NUTRI FOLIC 1000MCG (1 strip isi 10 tablet),nuvita nutri folic,nuvita nutri folic mcg strip isi tablet,nuvita nutri folic mcg strip tablet,nuvita nutri folic mcg strip tablet,9.0,6.0,3.0,33.3
Klik K24,HERBA ASIMOR 10G SACHET (1 dos isi 10 sachet),herba asimor,herba asimor g sachet dos isi sachet,herba asimor dos,herba asimor dos,9.0,3.0,6.0,66.7
Klik K24,CALCID PEPPERMINT CHEW TABLET,peppermint chew,calcid peppermint chew tablet,calcid peppermint chew tablet,calcid peppermint chew tablet,4.0,4.0,0.0,0.0
Klik K24,MOLOCO PLUS B12 TABLET,molo co plus b12,moloco plus b tablet,moloco tablet,moloco tablet,4.0,2.0,2.0,50.0
Klik K24,BLACKMORES LACTA WELL (1 botol isi 30 kapsul lunak),blackmores lacta well,blackmores lacta well botol isi kapsul lunak,blackmores lacta well kapsul,blackmores lacta well kapsul,9.0,4.0,5.0,55.6
Klik K24,BLACKMORES LACTA WELL (1 botol isi 60 kapsul lunak),blackmores lacta well,blackmores lacta well botol isi kapsul lunak,blackmores lacta well kapsul,blackmores lacta well kapsul,9.0,4.0,5.0,55.6
Klik K24,LACTASIN KAPSUL,lactasin kapsul,lactasin kapsul,lactasin kapsul,lactasin kapsul,2.0,2.0,0.0,0.0
Klik K24,OBICAL TABLET,obical,obical tablet,obical tablet,obical tablet,2.0,2.0,0.0,0.0
Klik K24,PRENAGEN ESENSIS MOKA 360G,prengen esensis moka,prenagen esensis moka g,prenagen esensis moka,prenagen esens moka,4.0,3.0,1.0,25.0
Klik K24,PRENAGEN LACTAMOM MOKA 400G,prenagen lactamom moka,prenagen lactamom moka g,prenagen lactamom moka,prenagen lactamom moka,4.0,3.0,1.0,25.0
Klik K24,PRENAGEN ESENSIS COKL 180GR,prenagen esensis,prenagen esensis cokl gr,prenagen esensis cokl,prenagen esens cokl,4.0,3.0,1.0,25.0
Klik K24,PRENAGEN ESENSIS VAN 180GR,prenagen esensis van,prenagen esensis van gr,prenagen esensis van,prenagen esens van,4.0,3.0,1.0,25.0
Klik K24,PRENAGEN LACTAMOM VANILA 200GR,prenagen lactamom vanila,prenagen lactamom vanila gr,prenagen lactamom vanila,prenagen lactamom vanila,4.0,3.0,1.0,25.0
Klik K24,PRENAGEN EMESIS PLAIN 200G,prenagen emesis plain,prenagen emesis plain g,prenagen emesis plain,prenagen emesis plain,4.0,3.0,1.0,25.0
Klik K24,PRENAGEN EMESIS COKLAT 200GR,prenagen emesis coklat,prenagen emesis coklat gr,prenagen emesis coklat,prenagen emesis coklat,4.0,3.0,1.0,25.0
Klik K24,PRENAGEN MOMMY STRAW 200G,prenagen mommy straw,prenagen mommy straw g,prenagen mommy straw,prenagen mommy straw,4.0,3.0,1.0,25.0
Klik K24,PRENAGEN MOMMY COKLAT 400G,prenagen mommy coklat,prenagen mommy coklat g,prenagen mommy coklat,prenagen mommy coklat,4.0,3.0,1.0,25.0
Klik K24,PRENAGEN EMESIS COKLAT 400G,prenagen emesis coklat,prenagen emesis coklat g,prenagen emesis coklat,prenagen emesis coklat,4.0,3.0,1.0,25.0
Klik K24,OMEPRAZOLE NOVELL 20MG KAPSUL,omeprazole novell,omeprazole novell mg kapsul,omeprazole novell mg kapsul,omeprazole novell mg kapsul,4.0,4.0,0.0,0.0
Klik K24,RANITIDINE DEXA 150MG TABLET,ranitidine dexam,ranitidine dexa mg tablet,ranitidine dexa mg tablet,ranitidine dexa mg tablet,4.0,4.0,0.0,0.0
Klik K24,PRAZOTEC 30MG KAPSUL,prazotec,prazotec mg kapsul,prazotec mg kapsul,prazotec mg kapsul,3.0,3.0,0.0,0.0
Klik K24,ULSAFATE SUSP 200ML,ulsafate susp,ulsafate susp ml,ulsafate susp,ulsafate susp,3.0,2.0,1.0,33.3
Klik K24,ULSAFATE 500MG TABLET,ulsafate,ulsafate mg tablet,ulsafate mg tablet,ulsafate mg tablet,3.0,3.0,0.0,0.0
Klik K24,MAGASIDA TABLET (isi 10 tablet),magasida,magasida tablet isi tablet,magasida tablet tablet,magasida tablet tablet,5.0,3.0,2.0,40.0
Klik K24,PROMAG CHEW TABLET (Per Strip isi 10 Tablet),promag chew,promag chew tablet per strip isi tablet,promag chew tablet strip tablet,promag chew tablet strip tablet,8.0,5.0,3.0,37.5
Klik K24,ACITRAL TABLET,acitral,acitral tablet,acitral tablet,acitral tablet,2.0,2.0,0.0,0.0
Klik K24,POLYCROL SUSP 100ML,polycrol susp,polycrol susp ml,polycrol susp,polycrol susp,3.0,2.0,1.0,33.3
Klik K24,NOVAMAG CHEW TABLET,novamag chew,novamag chew tablet,novamag chew tablet,novamag chew tablet,3.0,3.0,0.0,0.0
Klik K24,FARMACROL FORTE TABLET,farmacrol forte,farmacrol forte tablet,farmacrol forte tablet,farmacrol forte tablet,3.0,3.0,0.0,0.0
Klik K24,PLANTACID F SUSP 100ML,plantacid f,plantacid f susp ml,plantacid susp,plantacid susp,4.0,2.0,2.0,50.0
Klik K24,PROSOGAN FD 30MG TABLET,prosogan fd,prosogan fd mg tablet,prosogan fd mg tablet,prosogan fd mg tablet,4.0,4.0,0.0,0.0
Klik K24,RANTIN 150MG TABLET,rantin,rantin mg tablet,rantin mg tablet,rantin mg tablet,3.0,3.0,0.0,0.0
Klik K24,ULTILOX TABLET (1 Strtip isi 10 Tablet),ultilox,ultilox tablet strtip isi tablet,ultilox tablet strtip tablet,ultilox tablet strtip tablet,7.0,4.0,3.0,42.9
Klik K24,ULSAFATE SUSP 100ML,ulsafate susp,ulsafate susp ml,ulsafate susp,ulsafate susp,3.0,2.0,1.0,33.3
Klik K24,CAPRAZOL,caprazol,caprazol,caprazol,caprazol,1.0,1.0,0.0,0.0
Klik K24,ULMO 20MG TABLET,ulmo,ulmo mg tablet,ulmo mg tablet,ulmo mg tablet,3.0,3.0,0.0,0.0
Klik K24,PROMAG SUSP 10ML SACH 6S,promag susp,promag susp ml sach s,promag susp sach,promag susp sach,5.0,3.0,2.0,40.0
Klik K24,POLYSILANE MAX PAPPERMINT TABLET,polysilane max pappermint,polysilane max pappermint tablet,polysilane max pappermint tablet,polysilane max pappermint tablet,4.0,4.0,0.0,0.0
Klik K24,ACITRAL SUSP 120ML,acitral susp,acitral susp ml,acitral susp,acitral susp,3.0,2.0,1.0,33.3
Klik K24,ALUMY TABLET,alumy,alumy tablet,alumy tablet,alumy tablet,2.0,2.0,0.0,0.0
Klik K24,BUFANTACID TABLET (1 Strip isi 10 tablet),bufantacid,bufantacid tablet strip isi tablet,bufantacid tablet strip tablet,bufantacid tablet strip tablet,7.0,4.0,3.0,42.9
Klik K24,CIMETIDINE HOLI 200MG TABLET,cimetidine holi,cimetidine holi mg tablet,cimetidine holi mg tablet,cimetidine holi mg tablet,4.0,4.0,0.0,0.0
Klik K24,CIMEXOL 200MG KAPLET,cimexol,cimexol mg kaplet,cimexol mg,cimexol mg,3.0,2.0,1.0,33.3
Klik K24,CIMETIDINE FM 200MG TABLET,cimetidine,cimetidine fm mg tablet,cimetidine fm mg tablet,cimetidine fm mg tablet,4.0,4.0,0.0,0.0
Klik K24,CIMETIDINE PROMED 200MG TABLET,cimetidine,cimetidine promed mg tablet,cimetidine promed mg tablet,cimetidine promed mg tablet,4.0,4.0,0.0,0.0
Klik K24,HUFAMAG PLUS SIRUP 60ML,hufamag sirup,hufamag plus sirup ml,hufamag sirup,hufamag sirup,4.0,2.0,2.0,50.0
Klik K24,HUFAMAG PLUS TABLET,hufamag plus,hufamag plus tablet,hufamag tablet,hufamag tablet,3.0,2.0,1.0,33.3
Klik K24,S OMEVELL 20MG FC TABLET,somevell,s omevell mg fc tablet,omevell mg fc tablet,omevell mg fc tablet,5.0,4.0,1.0,20.0
Klik K24,SUCRALFATE PROMED 500MG/5ML SUSP 100ML,sucralfate promed,sucralfate promed mgml susp ml,sucralfate promed mgml susp,sucralfate promed mgml susp,5.0,4.0,1.0,20.0
Klik K24,POSTINOR 750MCG TABLET,postinor,postinor mcg tablet,postinor mcg tablet,postinor mcg tablet,3.0,3.0,0.0,0.0
Klik K24,TESTPACK TEST KEHAMILAN,testpack kehamilan,testpack test kehamilan,testpack test kehamilan,testpack test hamil,3.0,3.0,0.0,0.0
Klik K24,FOLACOM TABLET,folacom,folacom tablet,folacom tablet,folacom tablet,2.0,2.0,0.0,0.0
Klik K24,NUTRIMAMA 3 KAPSUL,nutrimama,nutrimama kapsul,nutrimama kapsul,nutrimama kapsul,3.0,2.0,1.0,33.3
Klik K24,CALCIFAR TABLET,calcifar,calcifar tablet,calcifar tablet,calcifar tablet,2.0,2.0,0.0,0.0
Klik K24,NUTRIMAMA 1 KAPSUL LUNAK (1 Botol isi 15 Kapsul),nutrimama kapsul,nutrimama kapsul lunak botol isi kapsul,nutrimama kapsul kapsul,nutrimama kapsul kapsul,9.0,3.0,6.0,66.7
Klik K24,NUTRIMAMA 2 KAPSUL LUNAK,nutrimama,nutrimama kapsul lunak,nutrimama kapsul,nutrimama kapsul,4.0,2.0,2.0,50.0
Klik K24,NUTRIMAMA 3 KAPSUL LUNAK,nutrimama,nutrimama kapsul lunak,nutrimama kapsul,nutrimama kapsul,4.0,2.0,2.0,50.0
Klik K24,ANELAT TABLET,anelat,anelat tablet,anelat tablet,anelat tablet,2.0,2.0,0.0,0.0
Klik K24,NUTRIMAMA 2 KAPSUL,nutrimama,nutrimama kapsul,nutrimama kapsul,nutrimama kapsul,3.0,2.0,1.0,33.3
Klik K24,VITAMAM 1,vitamamin,vitamam,vitamam,vitamam,2.0,1.0,1.0,50.0
Klik K24,NULACTA PLUS KAPSUL,nulacta plus,nulacta plus kapsul,nulacta kapsul,nulacta kapsul,3.0,2.0,1.0,33.3
Klik K24,NUTRIMAMA 1 (1 blister isi 10 kapsul lunak),nutrimama,nutrimama blister isi kapsul lunak,nutrimama blister kapsul,nutrimama blister kapsul,8.0,3.0,5.0,62.5
Klik K24,CALCIFAR PLUS TABLET,calcifar plus,calcifar plus tablet,calcifar tablet,calcifar tablet,3.0,2.0,1.0,33.3
Klik K24,AFOLAT TABLET,afolat,afolat tablet,afolat tablet,afolat tablet,2.0,2.0,0.0,0.0
Klik K24,FOLAMIL GOLD TABLET (1 Botol isi 30 Kapsul),folamil gold,folamil gold tablet botol isi kapsul,folamil gold tablet kapsul,folamil gold tablet kapsul,8.0,4.0,4.0,50.0
Klik K24,PRENAGEN EMESIS VANILA DELIGHT 180G BOX,prenagen emesis vanila delight,prenagen emesis vanila delight g box,prenagen emesis vanila delight,prenagen emesis vanila delight,6.0,4.0,2.0,33.3
Klik K24,PRENAGEN EMESIS VELVETY CHOCOLATE 360G BOX,prenagen emesis velvety chocolate,prenagen emesis velvety chocolate g box,prenagen emesis velvety chocolate,prenagen emesis velvety chocolate,6.0,4.0,2.0,33.3
Klik K24,PRENATAL KAPSUL (1 strip isi 10 kapsul),prenatal kapsul,prenatal kapsul strip isi kapsul,kapsul strip kapsul,kapsul strip kapsul,7.0,3.0,4.0,57.1
Klik K24,SENSITIF TEST KEHAMILAN,test kehamilan,sensitif test kehamilan,test kehamilan,test hamil,3.0,2.0,1.0,33.3
Klik K24,AMOR TEST KEHAMILAN,amor test kehamilan,amor test kehamilan,amor test kehamilan,amor test hamil,3.0,3.0,0.0,0.0
Klik K24,PRENATIN DF TABLET,prenatin df,prenatin df tablet,prenatin df tablet,prenatin df tablet,3.0,3.0,0.0,0.0
Klik K24,CALSICAL TABLET,calsical,calsical tablet,calsical tablet,calsical tablet,2.0,2.0,0.0,0.0
Klik K24,SANGOBION BABY DROP 30ML,sangobion baby drop,sangobion baby drop ml,sangobion baby drop,sangobion baby drop,4.0,3.0,1.0,25.0
Klik K24,PRENAGEN EMESIS VELVETY CHOCOLATE 180G BOX,prenagen emesis velvety chocolate,prenagen emesis velvety chocolate g box,prenagen emesis velvety chocolate,prenagen emesis velvety chocolate,6.0,4.0,2.0,33.3
Klik K24,BYE BYE FEVER BAYI,bye bye fever bayi,bye bye fever bayi,bye bye fever,bye bye fever,4.0,3.0,1.0,25.0
Klik K24,TIGA ANAK MINYAK TELON 90ML,tiga anak minyak,tiga anak minyak telon ml,minyak telon,minyak ton,5.0,2.0,3.0,60.0
Klik K24,TIGA ANAK MINYAK TELON PLUS 60ML,tiga anak minyak telon,tiga anak minyak telon plus ml,minyak telon,minyak ton,6.0,2.0,4.0,66.7
Klik K24,DRAGON MINYAK TELON 100ML,dragon minyak telon,dragon minyak telon ml,dragon minyak telon,dragon minyak ton,4.0,3.0,1.0,25.0
Klik K24,MY BABY MINYAK TELON PLUS LAVENDER 90ML,baby minyak telon,my baby minyak telon plus lavender ml,my baby minyak telon lavender,my baby minyak ton lavender,7.0,5.0,2.0,28.6
Klik K24,MY BABY LOTION TELON PLUS 50G,baby telon lotion,my baby lotion telon plus g,my baby lotion telon,my baby lotion ton,6.0,4.0,2.0,33.3
Klik K24,TERMOREX PATCH BAYI & ANAK,termorex patch,termorex patch bayi anak,termorex patch,termorex patch,5.0,2.0,3.0,60.0
Klik K24,LANG MINYAK TELON PLUS 100ML,lang minyak telon,lang minyak telon plus ml,lang minyak telon,lang minyak ton,5.0,3.0,2.0,40.0
Klik K24,MINYAK TELON TRESNOJOYO PLUS LAVENDER 60ML,minyak telon tresnojoyo,minyak telon tresnojoyo plus lavender ml,minyak telon tresnojoyo lavender,minyak ton tresnojoyo lavender,6.0,4.0,2.0,33.3
Klik K24,MINYAK TELON TRESNOJOYO 60ML,minyak telon tresnojoyo,minyak telon tresnojoyo ml,minyak telon tresnojoyo,minyak ton tresnojoyo,4.0,3.0,1.0,25.0
Klik K24,MY BABY MINYAK TELON PLUS 60ML,baby minyak telon,my baby minyak telon plus ml,my baby minyak telon,my baby minyak ton,6.0,4.0,2.0,33.3
Klik K24,BEBE ROOSIE TELON CR 60G,bebe roosie telon,bebe roosie telon cr g,bebe roosie telon cr,bebe roosie ton cr,5.0,4.0,1.0,20.0
Klik K24,MINYAK TELON LANG 15ML,minyak telon,minyak telon lang ml,minyak telon lang,minyak ton lang,4.0,3.0,1.0,25.0
Klik K24,MY BABY MINYAK TELON PLUS 90ML,baby minyak telon,my baby minyak telon plus ml,my baby minyak telon,my baby minyak ton,6.0,4.0,2.0,33.3
Klik K24,MINYAK TELON LANG 30ML,minyak telon,minyak telon lang ml,minyak telon lang,minyak ton lang,4.0,3.0,1.0,25.0
Klik K24,MINYAK TELON HUKI 60ML,minyak telon,minyak telon huki ml,minyak telon huki,minyak ton huki,4.0,3.0,1.0,25.0
Klik K24,HUKI MINYAK TELON 30ML,huki minyak telon,huki minyak telon ml,huki minyak telon,huki minyak ton,4.0,3.0,1.0,25.0
Klik K24,MINYAK TELON CAP GAJAH 60ML,minyak telon,minyak telon cap gajah ml,minyak telon cap gajah,minyak ton cap gajah,5.0,4.0,1.0,20.0
Klik K24,MINYAK TELON 3A 60ML,minyak telon,minyak telon a ml,minyak telon,minyak ton,4.0,2.0,2.0,50.0
Klik K24,KONICARE MINYAK TELON EXTRA LEMONGRASS 125ML,konicare minyak telon,konicare minyak telon extra lemongrass ml,konicare minyak telon extra lemongrass,konicare minyak ton extra lemongrass,6.0,5.0,1.0,16.7
Klik K24,KONICARE MINYAK TELON EXTRA LEMONGRASS 60ML,konicare minyak telon,konicare minyak telon extra lemongrass ml,konicare minyak telon extra lemongrass,konicare minyak ton extra lemongrass,6.0,5.0,1.0,16.7
Klik K24,HEROCYN BABY POWDER 100G,herocyn baby powder,herocyn baby powder g,herocyn baby powder,herocyn baby powder,4.0,3.0,1.0,25.0
Klik K24,MY BABY MINYAK TELON PLUS LONG PROTECT 90ML,baby minyak telon,my baby minyak telon plus long protect ml,my baby minyak telon long protect,my baby minyak ton long protect,8.0,6.0,2.0,25.0
Klik K24,MY BABY MINYAK TELON PLUS LONG PROTECT 60ML,baby minyak telon,my baby minyak telon plus long protect ml,my baby minyak telon long protect,my baby minyak ton long protect,8.0,6.0,2.0,25.0
Klik K24,PENGUKUR TINGGI BAYI,pengukur,pengukur tinggi bayi,pengukur,ukur,3.0,1.0,2.0,66.7
Klik K24,PIGEON BABY POWDER JASMINE & ROSE 200G,pigeon baby powder,pigeon baby powder jasmine rose g,pigeon baby powder jasmine rose,pigeon baby powder jasmine rose,7.0,5.0,2.0,28.6
Klik K24,CUSSONS BABY POWDER SOFT&SMOOTH 50G,cussions baby powder,cussons baby powder softsmooth g,cussons baby powder softsmooth,cussons baby powder softsmooth,5.0,4.0,1.0,20.0
Klik K24,CUSSONS BABY POWDER MILD&GENTLE 100G,cussions baby powder,cussons baby powder mildgentle g,cussons baby powder mildgentle,cussons baby powder mildgentle,5.0,4.0,1.0,20.0
Klik K24,CUSSONS BABY POWDER FRESH & NOURISH 100G,cussions baby powder,cussons baby powder fresh nourish g,cussons baby powder fresh nourish,cussons baby powder fresh nourish,7.0,5.0,2.0,28.6
Klik K24,CUSSONS BABY POWDER SOFT&SMOOTH 200G,cussions baby powder,cussons baby powder softsmooth g,cussons baby powder softsmooth,cussons baby powder softsmooth,5.0,4.0,1.0,20.0
Klik K24,BISOPROLOL FUMARATE 5MG TABLET NOVELL,bisoprolol fumarate,bisoprolol fumarate mg tablet novell,bisoprolol fumarate mg tablet novell,bisoprolol fumarate mg tablet novell,5.0,5.0,0.0,0.0
Klik K24,CANDESARTAN DEXA 8MG TABLET,candesartan dexam,candesartan dexa mg tablet,candesartan dexa mg tablet,candesartan dexa mg tablet,4.0,4.0,0.0,0.0
Klik K24,JATI BELANDA,jati belanda,jati belanda,jati belanda,jati belanda,2.0,2.0,0.0,0.0
Klik K24,BENECHECK PRIME CHOLESTEROL STRIP isi 10 (TUBE),benecheck prime cholestrol strip,benecheck prime cholesterol strip isi tube,benecheck prime cholesterol strip tube,benecheck prime cholesterol strip tube,7.0,5.0,2.0,28.6
Klik K24,ENTRASOL ACTIVE VANILA LATTE 350G,entrasol active vanila latte,entrasol active vanila latte g,entrasol active vanila latte,entrasol active vanila latte,5.0,4.0,1.0,20.0
Klik K24,ENTRASOL ACTIVE COKLAT 340G,entrasol coklat,entrasol active coklat g,entrasol active coklat,entrasol active coklat,4.0,3.0,1.0,25.0
Klik K24,ENTRASOL ACTIVE VANILLA LATTE 160GR,entrasol active vanilla,entrasol active vanilla latte gr,entrasol active vanilla latte,entrasol active vanilla latte,5.0,4.0,1.0,20.0
Klik K24,ENTRASOL QUICKSTART CHOCOLATE 30G,entrasol chocolate,entrasol quickstart chocolate g,entrasol quickstart chocolate,entrasol quickstart chocolate,4.0,3.0,1.0,25.0
Klik K24,GHOLIBAN TEH CELUP DAUN JATI CINA,gholiban teh celup,gholiban teh celup daun jati cina,gholiban teh celup daun jati cina,gholiban teh celup daun jati cina,6.0,6.0,0.0,0.0
Klik K24,STATOR 10MG TABLET,stator,stator mg tablet,stator mg tablet,stator mg tablet,3.0,3.0,0.0,0.0
Klik K24,COVERAM 5MG/5MG TABLET,coveram,coveram mgmg tablet,coveram mgmg tablet,coveram mgmg tablet,3.0,3.0,0.0,0.0
Klik K24,COVERAM 10MG/10MG TABLET,coveram,coveram mgmg tablet,coveram mgmg tablet,coveram mgmg tablet,3.0,3.0,0.0,0.0
Klik K24,COVERAM 5MG/10MG TABLET,coveram,coveram mgmg tablet,coveram mgmg tablet,coveram mgmg tablet,3.0,3.0,0.0,0.0
Klik K24,COVERAM 10MG/5MG TABLET,coveram,coveram mgmg tablet,coveram mgmg tablet,coveram mgmg tablet,3.0,3.0,0.0,0.0
Klik K24,ENTRASOL ACTIVE COKLAT LATTE 160G,entrasol active coklat,entrasol active coklat latte g,entrasol active coklat latte,entrasol active coklat latte,5.0,4.0,1.0,20.0
Klik K24,ENTRASOL GOLD COKLAT 340G BOX,entrasol coklat,entrasol gold coklat g box,entrasol gold coklat,entrasol gold coklat,5.0,3.0,2.0,40.0
Klik K24,ENTRASOL GOLD VANILA 340G BOX,entrasol vanila,entrasol gold vanila g box,entrasol gold vanila,entrasol gold vanila,5.0,3.0,2.0,40.0
Klik K24,ENTRASOL GOLD COKLAT 560G BOX,entrasol coklat,entrasol gold coklat g box,entrasol gold coklat,entrasol gold coklat,5.0,3.0,2.0,40.0
Klik K24,ENTRASOL GOLD VANILA 560G BOX,entrasol vanila,entrasol gold vanila g box,entrasol gold vanila,entrasol gold vanila,5.0,3.0,2.0,40.0
Klik K24,EFFIENT 3.75MG (1 blister isi 14 tablet),effient 3.75mg,effient mg blister isi tablet,effient mg blister tablet,effient mg blister tablet,7.0,4.0,3.0,42.9
Klik K24,CEDOCARD RETARD 20MG TABLET,cedocard retard,cedocard retard mg tablet,cedocard retard mg tablet,cedocard retard mg tablet,4.0,4.0,0.0,0.0
Klik K24,NATTO 10MG TABLET,natto,natto mg tablet,natto mg tablet,natto mg tablet,3.0,3.0,0.0,0.0
Klik K24,PLETAAL SR 100MG KAPSUL,pletaal,pletaal sr mg kapsul,pletaal sr mg kapsul,pletaal sr mg kapsul,4.0,4.0,0.0,0.0
Klik K24,D3 MORE 5000IU TABLET,d3 more,d more iu tablet,more iu tablet,more iu tablet,4.0,3.0,1.0,25.0
Klik K24,WELLNESS CALCIUM CITRATE (1 Botol isi 60 Tablet),wellness calcium citrate,wellness calcium citrate botol isi tablet,wellness calcium citrate tablet,wellness calcium citrate tablet,8.0,4.0,4.0,50.0
Klik K24,PYRIDAM D3 400IU TABLET,pyridam d3,pyridam d iu tablet,pyridam iu tablet,pyridam iu tablet,4.0,3.0,1.0,25.0
Klik K24,VITAMIN D3 NOVAPHARIN 400IU KAPLET,vitamin d3 novapharin,vitamin d novapharin iu kaplet,vitamin novapharin iu,vitamin novapharin iu,5.0,3.0,2.0,40.0
Klik K24,WELLNESS VITAMIN D3 1000IU SOFTGEL (1 Botol isi 60),vitamin d3,wellness vitamin d iu softgel botol isi,wellness vitamin iu softgel,wellness vitamin iu softgel,9.0,4.0,5.0,55.6
Klik K24,DAILY D3 1000IU TABLET (1 Strip isi 10 Tablet),d3 tablet,daily d iu tablet strip isi tablet,daily iu tablet strip tablet,daily iu tablet strip tablet,9.0,5.0,4.0,44.4
Klik K24,FORTIBOOST D3 1000IU CHEW TABLET,fortiboot d3,fortiboost d iu chew tablet,fortiboost iu chew tablet,fortiboost iu chew tablet,5.0,4.0,1.0,20.0
Klik K24,CEFIXIME NOVELL 200MG KAPSUL,cefixime novell,cefixime novell mg kapsul,cefixime novell mg kapsul,cefixime novell mg kapsul,4.0,4.0,0.0,0.0
Klik K24,PEN NEEDLE 31GX5MM,pen needle,pen needle gxmm,pen needle gxmm,pen needle gxmm,3.0,3.0,0.0,0.0
Klik K24,BD MICROFINE 32G 0.23X4MM,bd microfine,bd microfine g xmm,bd microfine xmm,bd microfine xmm,4.0,3.0,1.0,25.0
Klik K24,FORBETES 500MG TABLET,forbetes,forbetes mg tablet,forbetes mg tablet,forbetes mg tablet,3.0,3.0,0.0,0.0
Klik K24,METFORMIN BERNOFARM 500MG TABLET,metformin bernofarm,metformin bernofarm mg tablet,metformin bernofarm mg tablet,metformin bernofarm mg tablet,4.0,4.0,0.0,0.0
Klik K24,DIABEMED PLUS (1 blister isi 12 kapsul),diabemed plus,diabemed plus blister isi kapsul,diabemed blister kapsul,diabemed blister kapsul,7.0,3.0,4.0,57.1
Klik K24,AMADIAB 1MG TABLET,amadiab,amadiab mg tablet,amadiab mg tablet,amadiab mg tablet,3.0,3.0,0.0,0.0
Klik K24,DIAMICRON 80MG TABLET,diamicron 80mg,diamicron mg tablet,diamicron mg tablet,diamicron mg tablet,3.0,3.0,0.0,0.0
Klik K24,GLUFOR 500MG TABLET,glufor,glufor mg tablet,glufor mg tablet,glufor mg tablet,3.0,3.0,0.0,0.0
Klik K24,GRADIAB 500MG TABLET,gradia b,gradiab mg tablet,gradiab mg tablet,gradiab mg tablet,3.0,3.0,0.0,0.0
Klik K24,GLIABETES 30MG TABLET,gliabetes,gliabetes mg tablet,gliabetes mg tablet,gliabetes mg tablet,3.0,3.0,0.0,0.0
Klik K24,JANUMET XR 50/500MG TABLET,janumet xr,janumet xr mg tablet,janumet xr mg tablet,janumet xr mg tablet,4.0,4.0,0.0,0.0
Klik K24,GLUBOSE 100MG TABLET,glubose,glubose mg tablet,glubose mg tablet,glubose mg tablet,3.0,3.0,0.0,0.0
Klik K24,JANUMET 50/1000MG TABLET,janumet,janumet mg tablet,janumet mg tablet,janumet mg tablet,3.0,3.0,0.0,0.0
Klik K24,DIAFORMIN XR 500MG KAPSUL,diaformin xr,diaformin xr mg kapsul,diaformin xr mg kapsul,diaformin xr mg kapsul,4.0,4.0,0.0,0.0
Klik K24,FORDISBET (1 botol isi 50 kapsul),fordisbet,fordisbet botol isi kapsul,fordisbet kapsul,fordisbet kapsul,6.0,2.0,4.0,66.7
Klik K24,ACARBOSE DEXA 50MG TABLET,acarbose dexametason,acarbose dexa mg tablet,acarbose dexa mg tablet,acarbose dexa mg tablet,4.0,4.0,0.0,0.0
Klik K24,JANUMET XR 100/1000MG TABLET,janumet xr,janumet xr mg tablet,janumet xr mg tablet,janumet xr mg tablet,4.0,4.0,0.0,0.0
Klik K24,PIOGLITAZONE PRATAPA NIRMALA 15MG TAB 30S,pioglitazone pratapa,pioglitazone pratapa nirmala mg tab s,pioglitazone pratapa mg tab,pioglitazone pratapa mg tab,6.0,4.0,2.0,33.3
Klik K24,INAFITO FORDIAB BOTOL (isi 30 kapsul),inafito fordiab,inafito fordiab botol isi kapsul,inafito fordiab kapsul,inafito fordiab kapsul,6.0,3.0,3.0,50.0
Klik K24,IBOE DIABETIN KAPSUL,diabetin kapsul,iboe diabetin kapsul,iboe diabetin kapsul,iboe diabetin kapsul,3.0,3.0,0.0,0.0
Klik K24,BIO INSULEAF 150ML,bio insuleaf,bio insuleaf ml,bio insuleaf,bio insuleaf,3.0,2.0,1.0,33.3
Klik K24,NUTREN DIABETES VANILA 400G,nutren diabetes vanila,nutren diabetes vanila g,nutren diabetes vanila,nutren diabetes vanila,4.0,3.0,1.0,25.0
Klik K24,JANUVIA 50MG TABLET,januvia,januvia mg tablet,januvia mg tablet,januvia mg tablet,3.0,3.0,0.0,0.0
Klik K24,JANUVIA 100MG TABLET,januvia,januvia mg tablet,januvia mg tablet,januvia mg tablet,3.0,3.0,0.0,0.0
Klik K24,FORBETES 850MG TABLET,forbetes,forbetes mg tablet,forbetes mg tablet,forbetes mg tablet,3.0,3.0,0.0,0.0
Klik K24,AMADIAB 4MG TABLET,amadiab,amadiab mg tablet,amadiab mg tablet,amadiab mg tablet,3.0,3.0,0.0,0.0
Klik K24,GLUCOVANCE 500MG/2.5MG TABLET,glucovance,glucovance mgmg tablet,glucovance mgmg tablet,glucovance mgmg tablet,3.0,3.0,0.0,0.0
Klik K24,FG TROCHES (B),fg troches,fg troches b,fg troches,fg troches,3.0,2.0,1.0,33.3
Klik K24,CETIRIZINE NOVELL 10MG TABLET,cetirizine novell,cetirizine novell mg tablet,cetirizine novell mg tablet,cetirizine novell mg tablet,4.0,4.0,0.0,0.0
Klik K24,INSTO TETES MATA 15ML,insto tetes mata,insto tetes mata ml,insto tetes mata,insto tetes mata,4.0,3.0,1.0,25.0
Klik K24,INSTO TETES MATA 7.5ML,insto tetes mata,insto tetes mata ml,insto tetes mata,insto tetes mata,4.0,3.0,1.0,25.0
Klik K24,CENDO XITROL TETES MATA 5ML,cendo xitrol tetes mata,cendo xitrol tetes mata ml,cendo xitrol tetes mata,cendo xitrol tetes mata,5.0,4.0,1.0,20.0
Klik K24,ROHTO TETES MATA 7ML,rohto tetes mata,rohto tetes mata ml,rohto tetes mata,rohto tetes mata,4.0,3.0,1.0,25.0
Klik K24,ROHTO COOL TETES MATA 7ML,rohto cool tetes mata,rohto cool tetes mata ml,rohto cool tetes mata,rohto cool tetes mata,5.0,4.0,1.0,20.0
Klik K24,CENDO XITROL SALEP MATA 3.5G,cendo xitrol salep mata,cendo xitrol salep mata g,cendo xitrol salep mata,cendo xitrol salep mata,5.0,4.0,1.0,20.0
Klik K24,GELAS CUCI MATA,gelas cuci mata,gelas cuci mata,gelas mata,gelas mata,3.0,2.0,1.0,33.3
Klik K24,C VISION EYE DROP 15ML,c vision eye drop,c vision eye drop ml,vision eye drop,vision eye drop,5.0,3.0,2.0,40.0
Klik K24,LERGIO 1MG/ML EYE DROP 5ML,lergio eye drop,lergio mgml eye drop ml,lergio mgml eye drop,lergio mgml eye drop,5.0,4.0,1.0,20.0
Klik K24,CENDO TOBRO EYE DROP 5ML,cendo tobro eye drop,cendo tobro eye drop ml,cendo tobro eye drop,cendo tobro eye drop,5.0,4.0,1.0,20.0
Klik K24,CENDO ASTHENOF EYE DROP 5ML,cendo asthenof eye drop,cendo asthenof eye drop ml,cendo asthenof eye drop,cendo asthenof eye drop,5.0,4.0,1.0,20.0
Klik K24,C EYEFRESH EYE DROP 5ML,ceyefresh eye drop,c eyefresh eye drop ml,eyefresh eye drop,eyefresh eye drop,5.0,3.0,2.0,40.0
Klik K24,C EYEFRESH MD 0.6ML,ceyefresh md,c eyefresh md ml,eyefresh md,eyefresh md,4.0,2.0,2.0,50.0
Klik K24,C VASACON A ED 0.6ML MD,vasacon,c vasacon a ed ml md,vasacon ed md,vasacon ed md,6.0,3.0,3.0,50.0
Klik K24,CENDO CYCLON EYE DROP 5ML,cendo cyclon eye drop,cendo cyclon eye drop ml,cendo cyclon eye drop,cendo cyclon eye drop,5.0,4.0,1.0,20.0
Klik K24,C ULCORI 0.6ML MD,culcori,c ulcori ml md,ulcori md,ulcori md,4.0,2.0,2.0,50.0
Klik K24,C GIFLOX MD 0.6ML,giflox md,c giflox md ml,giflox md,giflox md,4.0,2.0,2.0,50.0
Klik K24,C VITROLENTA EYE DROP 5ML,c vitrolenta eye drop,c vitrolenta eye drop ml,vitrolenta eye drop,vitrolenta eye drop,5.0,3.0,2.0,40.0
Klik K24,C VERNACEL EYE DROP 5ML,c vernacel eye drop,c vernacel eye drop ml,vernacel eye drop,vernacel eye drop,5.0,3.0,2.0,40.0
Klik K24,HIALID 0.1% 5ML EYE DROP,hialid eye drop,hialid ml eye drop,hialid eye drop,hialid eye drop,5.0,3.0,2.0,40.0
Klik K24,CENDO AUGENTONIC EYE DROP 5ML,cendo augentonik eye drop,cendo augentonic eye drop ml,cendo augentonic eye drop,cendo augentonic eye drop,5.0,4.0,1.0,20.0
Klik K24,CENDO AUGENTONIC EYE DROP 15ML,cendo augentonik eye drop,cendo augentonic eye drop ml,cendo augentonic eye drop,cendo augentonic eye drop,5.0,4.0,1.0,20.0
Klik K24,FLAMERGI EYE DROP 5ML,flamergi eye drop,flamergi eye drop ml,flamergi eye drop,flamergi eye drop,4.0,3.0,1.0,25.0
Klik K24,BRAITO 5ML EYE DROP,braito eye drop,braito ml eye drop,braito eye drop,braito eye drop,4.0,3.0,1.0,25.0
Klik K24,ROHTO EYE FLUSH 150ML,rohto eye flush,rohto eye flush ml,rohto eye flush,rohto eye flush,4.0,3.0,1.0,25.0
Klik K24,GENTAMYCIN 3% EYE OINT 3.5G,gentamycin eye oint,gentamycin eye oint g,gentamycin eye oint,gentamycin eye oint,5.0,3.0,2.0,40.0
Klik K24,C CENDRID EYE DROP 5ML,cendrid eye drop,c cendrid eye drop ml,cendrid eye drop,cendrid eye drop,5.0,3.0,2.0,40.0
Klik K24,C NONCORT EYE DROP 5ML,noncort eye drop,c noncort eye drop ml,noncort eye drop,noncort eye drop,5.0,3.0,2.0,40.0
Klik K24,ERLAMYCETIN PLUS EYE DROP 10ML,erlamycin plus eye drop,erlamycetin plus eye drop ml,erlamycetin eye drop,erlamycetin eye drop,5.0,3.0,2.0,40.0
Klik K24,VOMETA FLASH 10MG TABLET,vometa flash,vometa flash mg tablet,vometa mg tablet,vometa mg tablet,4.0,3.0,1.0,25.0
Klik K24,DOMPERIDONE NOVELL 10MG TABLET,domperidone novell,domperidone novell mg tablet,domperidone novell mg tablet,domperidone novell mg tablet,4.0,4.0,0.0,0.0
Klik K24,PHAROLIT,pharolit,pharolit,pharolit,pharolit,1.0,1.0,0.0,0.0
Klik K24,ANTANGIN JRG ORIGINAL SACH (1 Dos isi 12 Sachet),antangin jrg original,antangin jrg original sach dos isi sachet,antangin jrg sach dos,antangin jrg sach dos,9.0,4.0,5.0,55.6
Klik K24,ANTANGIN CAIR ORIGINAL (5 PCS/DOS),antangin cair,antangin cair original pcsdos,antangin pcsdos,antangin pcsdos,5.0,2.0,3.0,60.0
Klik K24,ANTANGIN JRG TABLET (1 Strip isi 4 Tablet),antangin jrg,antangin jrg tablet strip isi tablet,antangin jrg tablet strip tablet,antangin jrg tablet strip tablet,8.0,5.0,3.0,37.5
Klik K24,CONTRAMO 50MG TABLET,contramo,contramo mg tablet,contramo mg tablet,contramo mg tablet,3.0,3.0,0.0,0.0
Klik K24,BALPIRIK MERAH 20G,balprik merah,balpirik merah g,balpirik,balpirik,3.0,1.0,2.0,66.7
Klik K24,ANTANGIN GINGER MINT CAIR 15ML (1 dos isi 12 sachet),antangin ginger mint cair,antangin ginger mint cair ml dos isi sachet,antangin ginger mint dos,antangin ginger mint dos,10.0,4.0,6.0,60.0
Klik K24,DIMENHYDRINATE ERLIMPEX 50MG (1 strip isi 10 tablet),dimenhydrinate erlimpex,dimenhydrinate erlimpex mg strip isi tablet,dimenhydrinate erlimpex mg strip tablet,dimenhydrinate erlimpex mg strip tablet,8.0,5.0,3.0,37.5
Klik K24,MINYAK ANGIN LANG 3ML,minyak angin,minyak angin lang ml,minyak angin lang,minyak angin lang,4.0,3.0,1.0,25.0
Klik K24,MINYAK ANGIN LANG 24ML,minyak angin,minyak angin lang ml,minyak angin lang,minyak angin lang,4.0,3.0,1.0,25.0
Klik K24,MINYAK ANGIN LANG 6ML,minyak angin,minyak angin lang ml,minyak angin lang,minyak angin lang,4.0,3.0,1.0,25.0
Klik K24,MINYAK TELON KONICARE 60ML,minyak telon konicare,minyak telon konicare ml,minyak telon konicare,minyak ton konicare,4.0,3.0,1.0,25.0
Klik K24,WAJI WARISAN JAWI MINYAK BALUR 100ML,waji warisan jawi minyak balur,waji warisan jawi minyak balur ml,waji warisan jawi minyak balur,waji waris jawi minyak balur,6.0,5.0,1.0,16.7
Klik K24,AMH JAHE MERAH CAIR 15ML SACHET (1 dos isi 12 sachet),amh jahe meraah cair,amh jahe merah cair ml sachet dos isi sachet,amh jahe dos,amh jahe dos,11.0,3.0,8.0,72.7
Klik K24,BALPIRIK HIJAU 20G,balprik hijau,balpirik hijau g,balpirik,balpirik,3.0,1.0,2.0,66.7
Klik K24,FRESH CARE VAPOBALM MATCHA 10G,fresh care vapobalm matcha,fresh care vapobalm matcha g,fresh care vapobalm matcha,fresh care vapobalm matcha,5.0,4.0,1.0,20.0
Klik K24,BALPIRIK KAYU PUTIH 20G,balprik kayu,balpirik kayu putih g,balpirik kayu,balpirik kayu,4.0,2.0,2.0,50.0
Klik K24,TICAGRELOR DEXA 90MG (1 strip isi 10 tablet),ticagrelor dexametason,ticagrelor dexa mg strip isi tablet,ticagrelor dexa mg strip tablet,ticagrelor dexa mg strip tablet,8.0,5.0,3.0,37.5
Klik K24,TICAGRELOR HEXPHARM 90MG (1 blister si 10 tablet),ticagrelor hexpharm,ticagrelor hexpharm mg blister si tablet,ticagrelor hexpharm mg blister si tablet,ticagrelor hexpharm mg blister si tablet,8.0,6.0,2.0,25.0
Klik K24,TIARYT 200MG TABLET,tiaryt,tiaryt mg tablet,tiaryt mg tablet,tiaryt mg tablet,3.0,3.0,0.0,0.0
Klik K24,PLAVIX 75MG TABLET,plavix,plavix mg tablet,plavix mg tablet,plavix mg tablet,3.0,3.0,0.0,0.0
Klik K24,PLATOGRIX 75MG TABLET,platogrix,platogrix mg tablet,platogrix mg tablet,platogrix mg tablet,3.0,3.0,0.0,0.0
Klik K24,RYTMONORM 150MG TABLET,rytmonorm,rytmonorm mg tablet,rytmonorm mg tablet,rytmonorm mg tablet,3.0,3.0,0.0,0.0
Klik K24,ONE MED ONEDOT DISP ECG ELECTRODE ADULT,one med onedot disp ecg electrode,one med onedot disp ecg electrode adult,one med onedot disp ecg electrode adult,one med onedot disp ecg electrode adult,7.0,7.0,0.0,0.0
Klik K24,ISOPTIN 80MG TABLET,isoptin,isoptin mg tablet,isoptin mg tablet,isoptin mg tablet,3.0,3.0,0.0,0.0
Klik K24,XARELTO 15MG TABLET,xarelto,xarelto mg tablet,xarelto mg tablet,xarelto mg tablet,3.0,3.0,0.0,0.0
Klik K24,KENDARON 200MG TABLET,kendaron,kendaron mg tablet,kendaron mg tablet,kendaron mg tablet,3.0,3.0,0.0,0.0
Klik K24,CEDOCARD 10MG TABLET,cedocard 10mg,cedocard mg tablet,cedocard mg tablet,cedocard mg tablet,3.0,3.0,0.0,0.0
Klik K24,CEDOCARD 5MG TABLET,cedocard 5mg,cedocard mg tablet,cedocard mg tablet,cedocard mg tablet,3.0,3.0,0.0,0.0
Klik K24,CORDARON 200MG TABLET,cordaron,cordaron mg tablet,cordaron mg tablet,cordaron mg tablet,3.0,3.0,0.0,0.0
Klik K24,CARDIOMIN SOFT KAPSUL,cardiomine soft,cardiomin soft kapsul,cardiomin soft kapsul,cardiomin soft kapsul,3.0,3.0,0.0,0.0
Klik K24,ALERTEN Q25 KAPSUL,alerten q25,alerten q kapsul,alerten kapsul,alerten kapsul,3.0,2.0,1.0,33.3
Klik K24,WELLNESS CHITOSAN (1 Botol isi 30 Kapsul),chitosan,wellness chitosan botol isi kapsul,wellness chitosan kapsul,wellness chitosan kapsul,7.0,3.0,4.0,57.1
Klik K24,Q TEN 30MG KAPSUL,q ten,q ten mg kapsul,ten mg kapsul,ten mg kapsul,4.0,3.0,1.0,25.0
Klik K24,Q TEN 60MG KAPSUL,q ten,q ten mg kapsul,ten mg kapsul,ten mg kapsul,4.0,3.0,1.0,25.0
Klik K24,CARPIATON 100MG TABLET,carpiaton,carpiaton mg tablet,carpiaton mg tablet,carpiaton mg tablet,3.0,3.0,0.0,0.0
Klik K24,Q TEN COM 60MG KAPSUL (1 Strip isi 10 Kapsul),q ten com,q ten com mg kapsul strip isi kapsul,ten com mg kapsul strip kapsul,ten com mg kapsul strip kapsul,10.0,6.0,4.0,40.0
Klik K24,SPIRONOLACTON DEXA 25MG TABLET,spironolacton dexametason,spironolacton dexa mg tablet,spironolacton dexa mg tablet,spironolacton dexa mg tablet,4.0,4.0,0.0,0.0
Klik K24,HIBLOK 50MG TABLET,hiblok,hiblok mg tablet,hiblok mg tablet,hiblok mg tablet,3.0,3.0,0.0,0.0
Klik K24,ACEPRESS 12.5MG TABLET,acepress,acepress mg tablet,acepress mg tablet,acepress mg tablet,3.0,3.0,0.0,0.0
Klik K24,COTEN 100MG KAPSUL,coten kapsul,coten mg kapsul,coten mg kapsul,coten mg kapsul,3.0,3.0,0.0,0.0
Klik K24,LODIA,lodia,lodia,lodia,lodia,1.0,1.0,0.0,0.0
Klik K24,IMODIUM 2MG TABLET,imodium,imodium mg tablet,imodium mg tablet,imodium mg tablet,3.0,3.0,0.0,0.0
Klik K24,NORIT LANG DOS,norit lang dos,norit lang dos,norit lang dos,norit lang dos,3.0,3.0,0.0,0.0
Klik K24,ENTROSTOP HERBAL 15ML SACHET,entrostop herbal,entrostop herbal ml sachet,entrostop herbal,entrostop herbal,4.0,2.0,2.0,50.0
Klik K24,INTERZINC 20MG TABLET,interzinc,interzinc mg tablet,interzinc mg tablet,interzinc mg tablet,3.0,3.0,0.0,0.0
Klik K24,HOLIZINC 20MG/5ML SIRUP 60ML,holizinc sirup,holizinc mgml sirup ml,holizinc mgml sirup,holizinc mgml sirup,4.0,3.0,1.0,25.0
Klik K24,ZINC SULFATE IMFARMIND 20MG TABLET (1 strip isi 10 tablet),zinc sulfate,zinc sulfate imfarmind mg tablet strip isi tablet,zinc sulfate imfarmind mg tablet strip tablet,zinc sulfate imfarmind mg tablet strip tablet,10.0,7.0,3.0,30.0
Klik K24,DIAPET ANAK SIRUP 60ML,diapet sirup,diapet anak sirup ml,diapet sirup,diapet sirup,4.0,2.0,2.0,50.0
Klik K24,DIAPET ANAK 10ML SACH,diapet anak,diapet anak ml sach,diapet sach,diapet sach,4.0,2.0,2.0,50.0
Klik K24,INTERZINC SIRUP 60ML,interzinc sirup,interzinc sirup ml,interzinc sirup,interzinc sirup,3.0,2.0,1.0,33.3
Klik K24,ZINC SULFATE IF 20MG DISP TAB 100S,zinc sulfate,zinc sulfate if mg disp tab s,zinc sulfate if mg disp tab,zinc sulfate if mg disp tab,7.0,6.0,1.0,14.3
Klik K24,ZINC SULFATE COMBIPHAR 10MG/ML DROP 15ML,zinc sulfate,zinc sulfate combiphar mgml drop ml,zinc sulfate combiphar mgml drop,zinc sulfate combiphar mgml drop,6.0,5.0,1.0,16.7
Klik K24,ENTROSTOP TABLET (1 Strip isi 10 Tablet),entrostop,entrostop tablet strip isi tablet,entrostop tablet strip tablet,entrostop tablet strip tablet,7.0,4.0,3.0,42.9
Klik K24,RENALYTE LIQ 200ML,renalyte liq,renalyte liq ml,renalyte liq,renalyte liq,3.0,2.0,1.0,33.3
Klik K24,ORALIT 200 SACHET INDOFARMA,oralit,oralit sachet indofarma,oralit indofarma,oralit indofarma,4.0,2.0,2.0,50.0
Klik K24,ORALIT PHAPROS 200MG SACH (1 Dos isi 100 Sachet),oralit phapros,oralit phapros mg sach dos isi sachet,oralit phapros mg sach dos,oralit phapros mg sach dos,9.0,5.0,4.0,44.4
Klik K24,ORALIT RAMA SACH 100S,oralit rama sach,oralit rama sach s,oralit rama sach,oralit rama sach,4.0,3.0,1.0,25.0
Klik K24,ZINCPRO DROP 15ML,zinpro drop,zincpro drop ml,zincpro drop,zincpro drop,3.0,2.0,1.0,33.3
Klik K24,ATTAPULGITE TRIMAN 600MG (1 dos isi 100 tablet),attapulgite triman,attapulgite triman mg dos isi tablet,attapulgite triman mg dos tablet,attapulgite trim mg dos tablet,8.0,5.0,3.0,37.5
Klik K24,NEO DIAFORM TABLET,neo diaform,neo diaform tablet,neo diaform tablet,neo diaform tablet,3.0,3.0,0.0,0.0
Klik K24,ATTAPULGITE HOLI 600MG (1 strip isi 10 tablet),attapulgite holi,attapulgite holi mg strip isi tablet,attapulgite holi mg strip tablet,attapulgite holi mg strip tablet,8.0,5.0,3.0,37.5
Klik K24,PULAREX (1 strip isi 10 tablet),pularex,pularex strip isi tablet,pularex strip tablet,pularex strip tablet,6.0,3.0,3.0,50.0
Klik K24,ZINCPRO SIRUP 60ML,zinpro sirup,zincpro sirup ml,zincpro sirup,zincpro sirup,3.0,2.0,1.0,33.3
Klik K24,ANTIDIA TABLET,antidia,antidia tablet,antidia tablet,antidia tablet,2.0,2.0,0.0,0.0
Klik K24,LOPERAMID KF 2MG TABLET,loperamid,loperamid kf mg tablet,loperamid kf mg tablet,loperamid kf mg tablet,4.0,4.0,0.0,0.0
Klik K24,MIDIX 2MG TABLET,midix,midix mg tablet,midix mg tablet,midix mg tablet,3.0,3.0,0.0,0.0
Klik K24,HOLIZINC 20MG DISPERSIBLE TABLET (1 strip isi 10 tablet),holizinc,holizinc mg dispersible tablet strip isi tablet,holizinc mg dispersible tablet strip tablet,holizinc mg dispersible tablet strip tablet,9.0,6.0,3.0,33.3
Klik K24,LECOZINC 10MG/5ML SIRUP 60ML,lecozinc sirup,lecozinc mgml sirup ml,lecozinc mgml sirup,lecozinc mgml sirup,4.0,3.0,1.0,25.0
Klik K24,LOPERAMIDE NOVAPHARIN 2MG TABLET,loperamide novapharin,loperamide novapharin mg tablet,loperamide novapharin mg tablet,loperamide novapharin mg tablet,4.0,4.0,0.0,0.0
Klik K24,ZIRCUM KID 20MG DISP TABLET,zircum kid,zircum kid mg disp tablet,zircum kid mg disp tablet,zircum kid mg disp tablet,5.0,5.0,0.0,0.0
Klik K24,METFORMIN HEXPHARM 500MG TABLET (1 Dos isi 20 Strip @10 Tablet),metformin hexpharm,metformin hexpharm mg tablet dos isi strip tablet,metformin hexpharm mg tablet dos strip tablet,metformin hexpharm mg tablet dos strip tablet,11.0,7.0,4.0,36.4
Klik K24,PROPYLTHIOURACIL DEXA 100MG TABLET (PTU),propylthiouracil dexam,propylthiouracil dexa mg tablet ptu,propylthiouracil dexa mg tablet ptu,propylthiouracil dexa mg tablet ptu,5.0,5.0,0.0,0.0
Klik K24,AMLODIPINE HEXPHARM 10MG TABLET (1 Dos isi 10 Strip @10 Tablet),amloipine hexpharm,amlodipine hexpharm mg tablet dos isi strip tablet,amlodipine hexpharm mg tablet dos strip tablet,amlodipine hexpharm mg tablet dos strip tablet,11.0,7.0,4.0,36.4
Klik K24,SOMAN NON AROMA BOTOL 15ML,soman non aroma,soman non aroma botol ml,soman non aroma,som non aroma,5.0,3.0,2.0,40.0
Klik K24,SOMAN 1,soman,soman,soman,som,2.0,1.0,1.0,50.0
Klik K24,KLOTAREN 25MG TABLET,klotaren,klotaren mg tablet,klotaren mg tablet,klotaren mg tablet,3.0,3.0,0.0,0.0
Klik K24,SEA Q SELENIUM ACE SOFTCAP (1 Botol isi 30),sea q seleinium ace softcap,sea q selenium ace softcap botol isi,sea selenium ace softcap,sea selenium ace softcap,9.0,4.0,5.0,55.6
Klik K24,GRATHEOS 50MG TABLET (1 Dos isi 50 Tablet),gratheos,gratheos mg tablet dos isi tablet,gratheos mg tablet dos tablet,gratheos mg tablet dos tablet,8.0,5.0,3.0,37.5
Klik K24,ACE MAX 350ML,ace max,ace max ml,ace max,ace max,3.0,2.0,1.0,33.3
Klik K24,VOREN GEL 20GR,vorengel,voren gel gr,voren gel,voren gel,3.0,2.0,1.0,33.3
Klik K24,COXIRON 60MG FC TABLET,coxiron,coxiron mg fc tablet,coxiron mg fc tablet,coxiron mg fc tablet,4.0,4.0,0.0,0.0
Klik K24,ORINOX 120MG FC TABLET,orinox 120mg fc,orinox mg fc tablet,orinox mg fc tablet,orinox mg fc tablet,4.0,4.0,0.0,0.0
Klik K24,RENADINAC 25MG TABLET,renadinac,renadinac mg tablet,renadinac mg tablet,renadinac mg tablet,3.0,3.0,0.0,0.0
Klik K24,SORICOX 60MG FC TABLET,soricox,soricox mg fc tablet,soricox mg fc tablet,soricox mg fc tablet,4.0,4.0,0.0,0.0
Klik K24,LACOSIB 60MG FC TABLET,lacosib,lacosib mg fc tablet,lacosib mg fc tablet,lacosib mg fc tablet,4.0,4.0,0.0,0.0
Klik K24,SIKSTOP 120MG FC TABLET,sikstop,sikstop mg fc tablet,sikstop mg fc tablet,sikstop mg fc tablet,4.0,4.0,0.0,0.0
Klik K24,SIKSTOP 60MG FC TABLET,sikstop,sikstop mg fc tablet,sikstop mg fc tablet,sikstop mg fc tablet,4.0,4.0,0.0,0.0
Klik K24,SIKSTOP 90MG FC TABLET,sikstop,sikstop mg fc tablet,sikstop mg fc tablet,sikstop mg fc tablet,4.0,4.0,0.0,0.0
Klik K24,VOLTAREN EC 25MG TABLET,voltaren ec,voltaren ec mg tablet,voltaren ec mg tablet,voltaren ec mg tablet,4.0,4.0,0.0,0.0
Klik K24,VOLTAREN EC 50MG TABLET,voltaren ec,voltaren ec mg tablet,voltaren ec mg tablet,voltaren ec mg tablet,4.0,4.0,0.0,0.0
Klik K24,VOLTAREN RETARD 100MG TABLET,voltaren retard,voltaren retard mg tablet,voltaren retard mg tablet,voltaren retard mg tablet,4.0,4.0,0.0,0.0
Klik K24,VOLTAREN SR 75MG TABLET,voltaren sr,voltaren sr mg tablet,voltaren sr mg tablet,voltaren sr mg tablet,4.0,4.0,0.0,0.0
Klik K24,ZELONA 50MG TABLET,zelona,zelona mg tablet,zelona mg tablet,zona mg tablet,3.0,3.0,0.0,0.0
Klik K24,SEA Q VIT E 400 IU (60S +60S),sea q vit e,sea q vit e iu s s,sea vit iu,sea vit iu,8.0,3.0,5.0,62.5
Klik K24,SEA Q VIT E 400IU SOFTCAP (1 Botol isi 60),sea q vit e,sea q vit e iu softcap botol isi,sea vit iu softcap,sea vit iu softcap,10.0,4.0,6.0,60.0
Klik K24,ATORVASTATIN HEXPHARM 20MG TAB 50S,atorvastatin hexpharm,atorvastatin hexpharm mg tab s,atorvastatin hexpharm mg tab,atorvastatin hexpharm mg tab,5.0,4.0,1.0,20.0
Klik K24,AMLODIPINE PROMED 10MG TAB 100S,amlopidine,amlodipine promed mg tab s,amlodipine promed mg tab,amlodipine promed mg tab,5.0,4.0,1.0,20.0
Klik K24,PIOGLITAZONE HCL DEXA 15MG TAB 30S,pioglitazone hcl dexametason,pioglitazone hcl dexa mg tab s,pioglitazone hcl dexa mg tab,pioglitazone hcl dexa mg tab,6.0,5.0,1.0,16.7
Klik K24,TRAJENTA DUO 2.5MG/500MG TAB 60S,trajenta duo,trajenta duo mgmg tab s,trajenta duo mgmg tab,trajenta duo mgmg tab,5.0,4.0,1.0,20.0
Klik K24,ALLOPURINOL HEXPHARM 100MG TABLET,allopurinol hexpharm,allopurinol hexpharm mg tablet,allopurinol hexpharm mg tablet,allopurinol hexpharm mg tablet,4.0,4.0,0.0,0.0
Klik K24,AMLODIPINE HEXPHARM 5MG TABLET (1 Dos isi 100 Tablet),amloipine hexpharm,amlodipine hexpharm mg tablet dos isi tablet,amlodipine hexpharm mg tablet dos tablet,amlodipine hexpharm mg tablet dos tablet,9.0,6.0,3.0,33.3
Klik K24,HEXAVASK 10MG TAB 100S,hexavask,hexavask mg tab s,hexavask mg tab,hexavask mg tab,4.0,3.0,1.0,25.0
Klik K24,ALLOPURINOL YARINDO 100MG TAB 100S,allopurinol,allopurinol yarindo mg tab s,allopurinol yarindo mg tab,allopurinol yarindo mg tab,5.0,4.0,1.0,20.0
Klik K24,AMLODIPINE IF 5MG TAB 100S,amlopidine,amlodipine if mg tab s,amlodipine if mg tab,amlodipine if mg tab,5.0,4.0,1.0,20.0
Klik K24,NISTROL 20MG TAB 20S,nistrol,nistrol mg tab s,nistrol mg tab,nistrol mg tab,4.0,3.0,1.0,25.0
Klik K24,HEXAVASK 5MG TABLET,hexavask,hexavask mg tablet,hexavask mg tablet,hexavask mg tablet,3.0,3.0,0.0,0.0
Klik K24,ZENICARDO 5MG KAPLET,zenicardo,zenicardo mg kaplet,zenicardo mg,zenicardo mg,3.0,2.0,1.0,33.3
Klik K24,AMLODIPINE TEMPO 5MG TABLET,amlopidine tempo,amlodipine tempo mg tablet,amlodipine tempo mg tablet,amlodipine tempo mg tablet,4.0,4.0,0.0,0.0
Klik K24,CANDESARTAN PRATAPA NIRMALA 16MG TABLET,candesartan pratapa,candesartan pratapa nirmala mg tablet,candesartan pratapa mg tablet,candesartan pratapa mg tablet,5.0,4.0,1.0,20.0
Klik K24,CANDESARTAN PRATAPA NIRMALA 8MG TABLET,candesartan pratapa,candesartan pratapa nirmala mg tablet,candesartan pratapa mg tablet,candesartan pratapa mg tablet,5.0,4.0,1.0,20.0
Klik K24,VELACOM PLUS 2/500MG CAPL 30S,velacom plus,velacom plus mg capl s,velacom mg capl,velacom mg capl,5.0,3.0,2.0,40.0
Klik K24,VELACOM PLUS 1/250MG CAPL 30S,velacom plus,velacom plus mg capl s,velacom mg capl,velacom mg capl,5.0,3.0,2.0,40.0
Klik K24,GLIMEPIRIDE DEXA 1MG TABLET (1 Dos isi 10 Strip @10 Tablet),glimepiride dexametason,glimepiride dexa mg tablet dos isi strip tablet,glimepiride dexa mg tablet dos strip tablet,glimepiride dexa mg tablet dos strip tablet,11.0,7.0,4.0,36.4
Klik K24,GLIMEPIRIDE DEXA 4MG TABLET (1 Dos isi 100 Tablet),glimepiride dexametason,glimepiride dexa mg tablet dos isi tablet,glimepiride dexa mg tablet dos tablet,glimepiride dexa mg tablet dos tablet,9.0,6.0,3.0,33.3
Klik K24,INCELIN 500MG TABLET,incelin,incelin mg tablet,incelin mg tablet,incelin mg tablet,3.0,3.0,0.0,0.0
Klik K24,ARICEPT EVESS 10MG TABLET (1 Dos isi 2 Strip @14 Tablet),aricept e vess,aricept evess mg tablet dos isi strip tablet,aricept evess mg tablet dos strip tablet,aricept evess mg tablet dos strip tablet,11.0,7.0,4.0,36.4
Klik K24,NISTROL 10MG TAB 20S,nistrol,nistrol mg tab s,nistrol mg tab,nistrol mg tab,4.0,3.0,1.0,25.0
Klik K24,BISOPROLOL HEXPHARM 5MG TAB 50S,bisoprolol hexpharm,bisoprolol hexpharm mg tab s,bisoprolol hexpharm mg tab,bisoprolol hexpharm mg tab,5.0,4.0,1.0,20.0
Klik K24,AMLODIPINE LANDSON 5MG TABLET,amlodipine landson,amlodipine landson mg tablet,amlodipine landson mg tablet,amlodipine landson mg tablet,4.0,4.0,0.0,0.0
Klik K24,AMLODIPINE MAHAKAM 10MG TABLET,amlopidine,amlodipine mahakam mg tablet,amlodipine mahakam mg tablet,amlodipine mahakam mg tablet,4.0,4.0,0.0,0.0
Klik K24,AMLODIPINE MEDIKON 5MG TABLET,amlopin medikon,amlodipine medikon mg tablet,amlodipine medikon mg tablet,amlodipine medikon mg tablet,4.0,4.0,0.0,0.0
Klik K24,AMLODIPINE NOVELL 10MG TABLET (1 Dos isi 10 Strip @10 Tablet),amlopin novel,amlodipine novell mg tablet dos isi strip tablet,amlodipine novell mg tablet dos strip tablet,amlodipine novell mg tablet dos strip tablet,11.0,7.0,4.0,36.4
Klik K24,AMLODIPINE NOVELL 10MG TABLET (1 Dos isi 3 Strip @10 Tablet),amlopin novel,amlodipine novell mg tablet dos isi strip tablet,amlodipine novell mg tablet dos strip tablet,amlodipine novell mg tablet dos strip tablet,11.0,7.0,4.0,36.4
Klik K24,LODIPAS 10MG TABLET,lodipas,lodipas mg tablet,lodipas mg tablet,lodipas mg tablet,3.0,3.0,0.0,0.0
Klik K24,AMLODIPINE NOVELL 5MG TABLET (1 Dos isi 100 Tablet),amlopin novel,amlodipine novell mg tablet dos isi tablet,amlodipine novell mg tablet dos tablet,amlodipine novell mg tablet dos tablet,9.0,6.0,3.0,33.3
Klik K24,AMLODIPINE NULAB 10MG TABLET,amlopin,amlodipine nulab mg tablet,amlodipine nulab mg tablet,amlodipine nulab mg tablet,4.0,4.0,0.0,0.0
Klik K24,AMLODIPINE NULAB 5MG TABLET,amlopin,amlodipine nulab mg tablet,amlodipine nulab mg tablet,amlodipine nulab mg tablet,4.0,4.0,0.0,0.0
Klik K24,AMLODIPINE OTTO 5MG TABLET,amlopidine,amlodipine otto mg tablet,amlodipine otto mg tablet,amlodipine otto mg tablet,4.0,4.0,0.0,0.0
Klik K24,AMLODIPINE PHAPROS 10MG TABLET,amloipine phapros,amlodipine phapros mg tablet,amlodipine phapros mg tablet,amlodipine phapros mg tablet,4.0,4.0,0.0,0.0
Klik K24,SIMVASK 10MG TABLET,simvask,simvask mg tablet,simvask mg tablet,simvask mg tablet,3.0,3.0,0.0,0.0
Klik K24,SIMVASK 5MG TABLET,simvask,simvask mg tablet,simvask mg tablet,simvask mg tablet,3.0,3.0,0.0,0.0
Klik K24,PROPRANOLOL DEXA 10MG TABLET,propranolol dexametasona,propranolol dexa mg tablet,propranolol dexa mg tablet,propranolol dexa mg tablet,4.0,4.0,0.0,0.0
Klik K24,AMLODIPINE PHARMA 5MG TABLET,amloipine,amlodipine pharma mg tablet,amlodipine pharma mg tablet,amlodipine pharma mg tablet,4.0,4.0,0.0,0.0
Klik K24,UNISIA TABLET,unisia,unisia tablet,unisia tablet,unisia tablet,2.0,2.0,0.0,0.0
Klik K24,AMLODIPINE PRATAPA 5MG TABLET,amlopidine pratapa,amlodipine pratapa mg tablet,amlodipine pratapa mg tablet,amlodipine pratapa mg tablet,4.0,4.0,0.0,0.0
Klik K24,AMLODIPINE PROMED 5MG TABLET,amlopidine,amlodipine promed mg tablet,amlodipine promed mg tablet,amlodipine promed mg tablet,4.0,4.0,0.0,0.0
Klik K24,LISINOPRIL DEXA 10MG TABLET,lisinopril dexametason,lisinopril dexa mg tablet,lisinopril dexa mg tablet,lisinopril dexa mg tablet,4.0,4.0,0.0,0.0
Klik K24,CARDIOCOM 150MG TABLET,cardiocom,cardiocom mg tablet,cardiocom mg tablet,cardiocom mg tablet,3.0,3.0,0.0,0.0
Klik K24,OMESIVASK 10MG TABLET,omesivask,omesivask mg tablet,omesivask mg tablet,omesivask mg tablet,3.0,3.0,0.0,0.0
Klik K24,SAMCOVASK 5MG KAPLET,samcovask,samcovask mg kaplet,samcovask mg,samcovask mg,3.0,2.0,1.0,33.3
Klik K24,AMLODIPINE INFION 10MG KAPLET,amlopin,amlodipine infion mg kaplet,amlodipine infion mg,amlodipine infion mg,4.0,3.0,1.0,25.0
Klik K24,RECOLIN 500MG TABLET,recolin,recolin mg tablet,recolin mg tablet,recolin mg tablet,3.0,3.0,0.0,0.0
Klik K24,IRBESARTAN ETERCON 300MG TABLET,irbesartan etercon,irbesartan etercon mg tablet,irbesartan etercon mg tablet,irbesartan etercon mg tablet,4.0,4.0,0.0,0.0
Klik K24,IRBESARTAN HEXPHARM 150MG TABLET,irbesartan hexpharm,irbesartan hexpharm mg tablet,irbesartan hexpharm mg tablet,irbesartan hexpharm mg tablet,4.0,4.0,0.0,0.0
Klik K24,IRBESARTAN NOVELL 300MG TABLET,irbesartan novell,irbesartan novell mg tablet,irbesartan novell mg tablet,irbesartan novell mg tablet,4.0,4.0,0.0,0.0
Klik K24,IRBESARTAN OTTO 150MG TABLET,irbesartan,irbesartan otto mg tablet,irbesartan otto mg tablet,irbesartan otto mg tablet,4.0,4.0,0.0,0.0
Klik K24,DILAVASK 10MG TABLET,dilavask,dilavask mg tablet,dilavask mg tablet,dilavask mg tablet,3.0,3.0,0.0,0.0
Klik K24,DILAVASK 5MG TABLET,dilavask,dilavask mg tablet,dilavask mg tablet,dilavask mg tablet,3.0,3.0,0.0,0.0
Klik K24,DILTIAZEM IF 30MG TABLET,diltiazem,diltiazem if mg tablet,diltiazem if mg tablet,diltiazem if mg tablet,4.0,4.0,0.0,0.0
Klik K24,LOSARTAN HEXPHARM 50MG TABLET,losartan hexpharm,losartan hexpharm mg tablet,losartan hexpharm mg tablet,losartan hexpharm mg tablet,4.0,4.0,0.0,0.0
Klik K24,TWYNSTA 40/10MG TABLET,twynsta,twynsta mg tablet,twynsta mg tablet,twynsta mg tablet,3.0,3.0,0.0,0.0
Klik K24,TELMISARTAN DEXA 80MG TABLET,telmisartan dexam,telmisartan dexa mg tablet,telmisartan dexa mg tablet,telmisartan dexa mg tablet,4.0,4.0,0.0,0.0
Klik K24,TELMISARTAN DEXA 40MG TABLET,telmisartan dexam,telmisartan dexa mg tablet,telmisartan dexa mg tablet,telmisartan dexa mg tablet,4.0,4.0,0.0,0.0
Klik K24,DIOVAN 80MG TABLET,diovan,diovan mg tablet,diovan mg tablet,diovan mg tablet,3.0,3.0,0.0,0.0
Klik K24,TELSAT 40MG TABLET,telsat,telsat mg tablet,telsat mg tablet,telsat mg tablet,3.0,3.0,0.0,0.0
Klik K24,TELSAT 80MG TABLET,telsat,telsat mg tablet,telsat mg tablet,telsat mg tablet,3.0,3.0,0.0,0.0
Klik K24,UPERIO 200MG FC TABLET,uperio,uperio mg fc tablet,uperio mg fc tablet,uperio mg fc tablet,4.0,4.0,0.0,0.0
Klik K24,IRBESARTAN DEXA 300MG FC KAPLET,irbesartan dexam,irbesartan dexa mg fc kaplet,irbesartan dexa mg fc,irbesartan dexa mg fc,5.0,4.0,1.0,20.0
Klik K24,CANDEFAR 8MG TABLET,candefar,candefar mg tablet,candefar mg tablet,candefar mg tablet,3.0,3.0,0.0,0.0
Klik K24,RAMIPRIL NOVELL 10MG KAPSUL,ramipril novell,ramipril novell mg kapsul,ramipril novell mg kapsul,ramipril novell mg kapsul,4.0,4.0,0.0,0.0
Klik K24,RAMIPRIL NOVELL 5MG KAPSUL,ramipril novell,ramipril novell mg kapsul,ramipril novell mg kapsul,ramipril novell mg kapsul,4.0,4.0,0.0,0.0
Klik K24,STAMOTENS 10MG TABLET,stamotens,stamotens mg tablet,stamotens mg tablet,stamotens mg tablet,3.0,3.0,0.0,0.0
Klik K24,AMLODIPINE NOVELL 5MG TABLET (1 Dos isi 30 Tablet),amlopin novel,amlodipine novell mg tablet dos isi tablet,amlodipine novell mg tablet dos tablet,amlodipine novell mg tablet dos tablet,9.0,6.0,3.0,33.3
Klik K24,AMLODIPINE LANDSON 10MG TABLET,amlodipine landson,amlodipine landson mg tablet,amlodipine landson mg tablet,amlodipine landson mg tablet,4.0,4.0,0.0,0.0
Klik K24,TENSINOP 5MG TABLET,tensinop 5mg,tensinop mg tablet,tensinop mg tablet,tensinop mg tablet,3.0,3.0,0.0,0.0
Klik K24,DILTIAZEM KF 30MG TABLET,diltiazem,diltiazem kf mg tablet,diltiazem kf mg tablet,diltiazem kf mg tablet,4.0,4.0,0.0,0.0
Klik K24,LOPROLOL 100MG TABLET,loprolol,loprolol mg tablet,loprolol mg tablet,loprolol mg tablet,3.0,3.0,0.0,0.0
Klik K24,NEVODIO 5MG TABLET,nevodio 5mg,nevodio mg tablet,nevodio mg tablet,nevodio mg tablet,3.0,3.0,0.0,0.0
Klik K24,PROPRANOLOL KF 40MG TABLET,propranolol,propranolol kf mg tablet,propranolol kf mg tablet,propranolol kf mg tablet,4.0,4.0,0.0,0.0
Klik K24,AMLODIPINE FM 10MG TABLET,amlopidine,amlodipine fm mg tablet,amlodipine fm mg tablet,amlodipine fm mg tablet,4.0,4.0,0.0,0.0
Klik K24,AMLODIPINE FM 5MG TABLET,amlopidine,amlodipine fm mg tablet,amlodipine fm mg tablet,amlodipine fm mg tablet,4.0,4.0,0.0,0.0
Klik K24,NIFEDIPINE KF 10MG TABLET,nifedipine,nifedipine kf mg tablet,nifedipine kf mg tablet,nifedipine kf mg tablet,4.0,4.0,0.0,0.0
Klik K24,AMLODIPINE MEDIKON 10MG TABLET,amlopidine medikon,amlodipine medikon mg tablet,amlodipine medikon mg tablet,amlodipine medikon mg tablet,4.0,4.0,0.0,0.0
Klik K24,LODIPAS 5MG TABLET,lodipas,lodipas mg tablet,lodipas mg tablet,lodipas mg tablet,3.0,3.0,0.0,0.0
Klik K24,NIFEDIPIN IF 10MG TABLET,nifedipin,nifedipin if mg tablet,nifedipin if mg tablet,nifedipin if mg tablet,4.0,4.0,0.0,0.0
Klik K24,NIFEDIPIN SANBE 10MG TABLET,nifedipin sanbe,nifedipin sanbe mg tablet,nifedipin sanbe mg tablet,nifedipin sanbe mg tablet,4.0,4.0,0.0,0.0
Klik K24,AMLODIPINE OTTO 10MG TABLET,amloipine otto,amlodipine otto mg tablet,amlodipine otto mg tablet,amlodipine otto mg tablet,4.0,4.0,0.0,0.0
Klik K24,AMLODIPINE PRATAPA 10MG TABLET,amlopidine pratapa,amlodipine pratapa mg tablet,amlodipine pratapa mg tablet,amlodipine pratapa mg tablet,4.0,4.0,0.0,0.0
Klik K24,ZEVASK 10MG TABLET,zevask,zevask mg tablet,zevask mg tablet,zevask mg tablet,3.0,3.0,0.0,0.0
Klik K24,ZANIDIP 20MG TABLET,zanidip,zanidip mg tablet,zanidip mg tablet,zanidip mg tablet,3.0,3.0,0.0,0.0
Klik K24,LISINOPRIL DEXA 5MG TABLET,lisinopril dexametason,lisinopril dexa mg tablet,lisinopril dexa mg tablet,lisinopril dexa mg tablet,4.0,4.0,0.0,0.0
Klik K24,BELVAS 5MG TABLET,belvas,belvas mg tablet,belvas mg tablet,belvas mg tablet,3.0,3.0,0.0,0.0
Klik K24,CANDESARTAN CILEXETIL NOVELL 8MG TABLET,candesartan cilexetil,candesartan cilexetil novell mg tablet,candesartan cilexetil novell mg tablet,candesartan cilexetil novell mg tablet,5.0,5.0,0.0,0.0
Klik K24,ERTENSI 5MG TABLET,ertensti,ertensi mg tablet,ertensi mg tablet,ertensi mg tablet,3.0,3.0,0.0,0.0
Klik K24,COMDIPIN 10MG TABLET,comdipin,comdipin mg tablet,comdipin mg tablet,comdipin mg tablet,3.0,3.0,0.0,0.0
Klik K24,AMLODIPINE PROMED 10MG TABLET,amlopidine,amlodipine promed mg tablet,amlodipine promed mg tablet,amlodipine promed mg tablet,4.0,4.0,0.0,0.0
Klik K24,FIONVASK 10MG KAPLET,fionvask,fionvask mg kaplet,fionvask mg,fionvask mg,3.0,2.0,1.0,33.3
Klik K24,CANDOTENS 16MG TABLET,candotens,candotens mg tablet,candotens mg tablet,candotens mg tablet,3.0,3.0,0.0,0.0
Klik K24,CANDOTENS 8MG TABLET,candotens,candotens mg tablet,candotens mg tablet,candotens mg tablet,3.0,3.0,0.0,0.0
Klik K24,CO-IRVELL 300/12.5MG TABLET,co-irvell,coirvell mg tablet,coirvell mg tablet,coirvell mg tablet,3.0,3.0,0.0,0.0
Klik K24,IRBESARTAN ETERCON 150MG TABLET,irbesartan etercon,irbesartan etercon mg tablet,irbesartan etercon mg tablet,irbesartan etercon mg tablet,4.0,4.0,0.0,0.0
Klik K24,IRBESARTAN HEXPHARM 300MG TABLET,irbesartan hexpharm,irbesartan hexpharm mg tablet,irbesartan hexpharm mg tablet,irbesartan hexpharm mg tablet,4.0,4.0,0.0,0.0
Klik K24,IRBESARTAN IF 150MG TABLET,irbesartan,irbesartan if mg tablet,irbesartan if mg tablet,irbesartan if mg tablet,4.0,4.0,0.0,0.0
Klik K24,HISTIGO 6MG TABLET,histigo,histigo mg tablet,histigo mg tablet,histigo mg tablet,3.0,3.0,0.0,0.0
Klik K24,ATORVASTATIN NOVELL 20MG TABLET,atorvastatin,atorvastatin novell mg tablet,atorvastatin novell mg tablet,atorvastatin novell mg tablet,4.0,4.0,0.0,0.0
Klik K24,IRBESARTAN NOVELL 150MG TABLET,irbesartan novell,irbesartan novell mg tablet,irbesartan novell mg tablet,irbesartan novell mg tablet,4.0,4.0,0.0,0.0
Klik K24,IRBESARTAN OTTO 300MG TABLET,irbesartan,irbesartan otto mg tablet,irbesartan otto mg tablet,irbesartan otto mg tablet,4.0,4.0,0.0,0.0
Klik K24,SANTESAR 50MG TABLET,santesar,santesar mg tablet,santesar mg tablet,santesar mg tablet,3.0,3.0,0.0,0.0
Klik K24,VALSARTAN ETERCON 80MG TABLET,valsartan etercon,valsartan etercon mg tablet,valsartan etercon mg tablet,valsartan etercon mg tablet,4.0,4.0,0.0,0.0
Klik K24,UPERIO 100MG FC TABLET,uperio,uperio mg fc tablet,uperio mg fc tablet,uperio mg fc tablet,4.0,4.0,0.0,0.0
Klik K24,CANDEFAR 16MG TABLET,candefar,candefar mg tablet,candefar mg tablet,candefar mg tablet,3.0,3.0,0.0,0.0
Klik K24,IRBESARTAN DEXA 150MG FC KAPLET,irbesartan dexamethasone,irbesartan dexa mg fc kaplet,irbesartan dexa mg fc,irbesartan dexa mg fc,5.0,4.0,1.0,20.0
Klik K24,FUROSEMIDE YARINDO 40MG TABLET,furosemide yarindo,furosemide yarindo mg tablet,furosemide yarindo mg tablet,furosemide yarindo mg tablet,4.0,4.0,0.0,0.0
Klik K24,MYORES TABLET,myores,myores tablet,myores tablet,myores tablet,2.0,2.0,0.0,0.0
Klik K24,ISOPTIN SR 240MG TABLET,isoptin sr,isoptin sr mg tablet,isoptin sr mg tablet,isoptin sr mg tablet,4.0,4.0,0.0,0.0
Klik K24,NUTRILON 3 ROYAL VANILA 800G,nutrilon royal vanila,nutrilon royal vanila g,nutrilon vanila,nutrilon vanila,5.0,2.0,3.0,60.0
Klik K24,LACTOGEN 1 PREBOITIK G/F 750G,lactogen,lactogen preboitik gf g,lactogen preboitik gf,lactogen preboitik gf,5.0,3.0,2.0,40.0
Klik K24,ANMUM MATERNA COKLAT 400G,anmum coklat,anmum materna coklat g,anmum materna coklat,anmum materna coklat,4.0,3.0,1.0,25.0
Klik K24,DANCOW FULL CREAM 800G,dancow full cream,dancow full cream g,dancow cream,dancow cream,4.0,2.0,2.0,50.0
Klik K24,PROSTEO PLUS COKLAT 300G,prosteo coklat,prosteo plus coklat g,prosteo coklat,prosteo coklat,4.0,2.0,2.0,50.0
Klik K24,LACTONA SKIM PLAIN 300G BOX,lactona skim,lactona skim plain g box,lactona skim plain,lactona skim plain,5.0,3.0,2.0,40.0
Klik K24,CEDOCARD 20MG TABLET,cedocard 20mg,cedocard mg tablet,cedocard mg tablet,cedocard mg tablet,3.0,3.0,0.0,0.0
Klik K24,DANCOW 5+ CALCI PRO MADU 400G,dancow calci pro madu,dancow calci pro madu g,dancow calci pro madu,dancow calci pro madu,6.0,4.0,2.0,33.3
Klik K24,DANCOW 5+ CALCI PRO VANILA 400G,dancow calci pro vanila,dancow calci pro vanila g,dancow calci pro vanila,dancow calci pro vanila,6.0,4.0,2.0,33.3
Klik K24,DANCOW FORTIGRO COKLAT 400G BOX,dancow fortigro coklat,dancow fortigro coklat g box,dancow fortigro coklat,dancow fortigro coklat,5.0,3.0,2.0,40.0
Klik K24,VIDORAN MY BABY MILK 2 POWDER 135G,vidoran baby milk,vidoran my baby milk powder g,vidoran my baby milk powder,vidoran my baby milk powder,7.0,5.0,2.0,28.6
Klik K24,NUTRILON 4 MADU 400G BOX,nutrilon madu,nutrilon madu g box,nutrilon madu,nutrilon madu,5.0,2.0,3.0,60.0
Klik K24,VIDORAN MY BABY 6-12BLN 350G,vidoran my baby,vidoran my baby bln g,vidoran my baby bln,vidoran my baby bln,5.0,4.0,1.0,20.0
Klik K24,HI LO TEEN VANILA CARAMEL 250G,hi lo teen vanila caramel,hi lo teen vanila caramel g,hi lo teen vanila caramel,hi lo teen vanila caramel,6.0,5.0,1.0,16.7
Klik K24,PROSTEO PLUS VANILLA 300G,prosteo plus vanilla,prosteo plus vanilla g,prosteo vanilla,prosteo vanilla,4.0,2.0,2.0,50.0
Klik K24,AMLODIPINE DEXA 5MG TABLET (1 Dos isi 100 Tablet),amloipine dexam,amlodipine dexa mg tablet dos isi tablet,amlodipine dexa mg tablet dos tablet,amlodipine dexa mg tablet dos tablet,9.0,6.0,3.0,33.3
Klik K24,RECOLFAR 0.5MG TABLET,recolfar,recolfar mg tablet,recolfar mg tablet,recolfar mg tablet,3.0,3.0,0.0,0.0
Klik K24,ASCARDIA 80MG TABLET,ascardia,ascardia mg tablet,ascardia mg tablet,ascardia mg tablet,3.0,3.0,0.0,0.0
Klik K24,GALTEN KAPSUL,galten kapsul,galten kapsul,galten kapsul,galten kapsul,2.0,2.0,0.0,0.0
Klik K24,LACTONA 2 400G,lactona,lactona g,lactona,lactona,3.0,1.0,2.0,66.7
Klik K24,BEBELOVE 1 0-6BLN 175G BOX,bebelove,bebelove bln g box,bebelove bln,bebelove bln,5.0,2.0,3.0,60.0
Klik K24,LACTOGROW 3 PLAIN 750G,lactogrow plain,lactogrow plain g,lactogrow plain,lactogrow plain,4.0,2.0,2.0,50.0
Klik K24,LACTONA 3 MADU 200G BOX,lactona madu,lactona madu g box,lactona madu,lactona madu,5.0,2.0,3.0,60.0
Klik K24,LACTOGROW 3 MADU 750G,lactogrow madu,lactogrow madu g,lactogrow madu,lactogrow madu,4.0,2.0,2.0,50.0
Klik K24,LACTOGEN HAPPY NUTRI 2 350G,lactogen happy nutri,lactogen happy nutri g,lactogen happy nutri,lactogen happy nutri,5.0,3.0,2.0,40.0
Klik K24,S26 PROMIL 2 6-12BLN 400G BOX,s26 promil,s promil bln g box,promil bln,promil bln,6.0,2.0,4.0,66.7
Klik K24,ALLOPURINOL PROMED 100MG TABLET,allopurinol promed,allopurinol promed mg tablet,allopurinol promed mg tablet,allopurinol promed mg tablet,4.0,4.0,0.0,0.0
Klik K24,ANGINTRIZ MR TABLET,angintriz mr,angintriz mr tablet,angintriz mr tablet,angintriz mr tablet,3.0,3.0,0.0,0.0
Klik K24,BEBELOVE 1 0-6BLN 800G KALENG,bebelove,bebelove bln g kaleng,bebelove bln kaleng,bebelove bln kaleng,5.0,3.0,2.0,40.0
Klik K24,LACTOGEN 2 PREBOITIK G/F 750G,lactogen,lactogen preboitik gf g,lactogen preboitik gf,lactogen preboitik gf,5.0,3.0,2.0,40.0
Klik K24,LACTOGEN 3 PREBIOTIK G/F 350G,lactogen prebiotik,lactogen prebiotik gf g,lactogen prebiotik gf,lactogen prebiotik gf,5.0,3.0,2.0,40.0
Klik K24,MORINAGA NL 33 350G,morinaga nl,morinaga nl g,morinaga nl,morinaga nl,4.0,2.0,2.0,50.0
Klik K24,CHIL SCHOOL GOLD 4 MADU 780G BOX,chil school madu,chil school gold madu g box,chil school gold madu,chil school gold madu,7.0,4.0,3.0,42.9
Klik K24,SGM EKSPLOR 1 PLUS MADU 150G,sgm eksplor madu,sgm eksplor plus madu g,sgm eksplor madu,sgm eksplor madu,6.0,3.0,3.0,50.0
Klik K24,BONEETO YUMMY CHOCO 340G,boneeto yummy choco,boneeto yummy choco g,boneeto yummy choco,boneeto yummy choco,4.0,3.0,1.0,25.0
Klik K24,BEBELAC 4 MADU 800G,bebelac madu,bebelac madu g,bebelac madu,bebelac madu,4.0,2.0,2.0,50.0
Klik K24,FRISIAN FLAG STRAWBERRY 250ML,frisian flag strawberry,frisian flag strawberry ml,frisian flag strawberry,frisian flag strawberry,4.0,3.0,1.0,25.0
Klik K24,CERELAC 6-12BLN BERAS MERAH SACH 20G,cerelac beras,cerelac bln beras merah sach g,cerelac bln beras sach,cerelac bln beras sach,6.0,4.0,2.0,33.3
Klik K24,CERELAC 6-12BLN BERAS MERAH 120G BOX,cerelac beras,cerelac bln beras merah g box,cerelac bln beras,cerelac bln beras,6.0,3.0,3.0,50.0
Klik K24,CERELAC 6-12BLN KACANG HIJAU 120G BOX,cerelac kacang hijau,cerelac bln kacang hijau g box,cerelac bln kacang,cerelac bln kacang,6.0,3.0,3.0,50.0
Klik K24,CHIL KID GOLD 3 1-3THN MADU 190G BOX,chil kid gold madu,chil kid gold thn madu g box,chil kid gold thn madu,chil kid gold thn madu,8.0,5.0,3.0,37.5
Klik K24,DANCOW BLT 1+MADU 120G,dancow blt madu,dancow blt madu g,dancow blt madu,dancow blt madu,4.0,3.0,1.0,25.0
Klik K24,DANCOW BLT 1+MADU 200G,dancow blt madu,dancow blt madu g,dancow blt madu,dancow blt madu,4.0,3.0,1.0,25.0
Klik K24,DANCOW BLT 1+MADU 400G,dancow blt madu,dancow blt madu g,dancow blt madu,dancow blt madu,4.0,3.0,1.0,25.0
Klik K24,DANCOW BLT 1+MADU 800G,dancow blt madu,dancow blt madu g,dancow blt madu,dancow blt madu,4.0,3.0,1.0,25.0
Klik K24,CHIL KID PLATINUM 3 1-3THN VANILA 200G BOX,chil kid vanila,chil kid platinum thn vanila g box,chil kid platinum thn vanila,chil kid platinum thn vanila,8.0,5.0,3.0,37.5
Klik K24,CHIL KID PLAT VAN 400G,chil kid plat,chil kid plat van g,chil kid plat van,chil kid plat van,5.0,4.0,1.0,20.0
Klik K24,CONCOR 2.5MG TAB 100S,concor,concor mg tab s,concor mg tab,concor mg tab,4.0,3.0,1.0,25.0
Klik K24,ATORVASTATIN DEXA 20MG TABLET (1 Dos 5 Strip @6 Tablet),atorvastatin dexam,atorvastatin dexa mg tablet dos strip tablet,atorvastatin dexa mg tablet dos strip tablet,atorvastatin dexa mg tablet dos strip tablet,10.0,7.0,3.0,30.0
Klik K24,ARCOXIA 90MG TABLET (1 Strip isi 10 Tablet),arcoxia,arcoxia mg tablet strip isi tablet,arcoxia mg tablet strip tablet,arcoxia mg tablet strip tablet,8.0,5.0,3.0,37.5
Klik K24,DANCOW 1 PLUS 1-3THN VANILA 350G BOX,dancow 1 plus vanila,dancow plus thn vanila g box,dancow thn vanila,dancow thn vanila,7.0,3.0,4.0,57.1
Klik K24,DANCOW BLT 1+VAN PREBIOTIK 150G,dancow blt prebiotik,dancow blt van prebiotik g,dancow blt van prebiotik,dancow blt van prebiotik,5.0,4.0,1.0,20.0
Klik K24,DANCOW BLT 1+VAN PREBIOTIK 200G,dancow blt prebiotik,dancow blt van prebiotik g,dancow blt van prebiotik,dancow blt van prebiotik,5.0,4.0,1.0,20.0
Klik K24,CHIL MIL REGULER 800G,chil mil,chil mil reguler g,chil mil,chil mil,4.0,2.0,2.0,50.0
Klik K24,CHIL MIL SOYA 600G,chil mil soya,chil mil soya g,chil mil soya,chil mil soya,4.0,3.0,1.0,25.0
Klik K24,CHIL SCHOOL GOLD 4 STRAW 780G BOX,chil school gold,chil school gold straw g box,chil school gold straw,chil school gold straw,7.0,4.0,3.0,42.9
Klik K24,DANCOW BLT 3+MADU 800G,dancow blt madu,dancow blt madu g,dancow blt madu,dancow blt madu,4.0,3.0,1.0,25.0
Klik K24,DANCOW BLT 3+MADU PREBIOTIK 400G,dancow blt,dancow blt madu prebiotik g,dancow blt madu prebiotik,dancow blt madu prebiotik,5.0,4.0,1.0,20.0
Klik K24,DANCOW BLT 3+VAN PREBIOTIK 400G,dancow blt prebiotik,dancow blt van prebiotik g,dancow blt van prebiotik,dancow blt van prebiotik,5.0,4.0,1.0,20.0
Klik K24,DANCOW BLT 5+ MADU PREBIO 800G,dancow blt madu prebio,dancow blt madu prebio g,dancow blt madu prebio,dancow blt madu prebio,6.0,4.0,2.0,33.3
Klik K24,BATITA 3+ MADU 500G BOX,batita madu,batita madu g box,batita madu,batita madu,5.0,2.0,3.0,60.0
Klik K24,DANCOW INST COKL 200G,dancow inst cokl,dancow inst cokl g,dancow inst cokl,dancow inst cokl,4.0,3.0,1.0,25.0
Klik K24,HILO ACTIVE CHOCOLATE 250G,hilog active chocolate,hilo active chocolate g,hilo active chocolate,hilo active chocolate,4.0,3.0,1.0,25.0
Klik K24,LACTOGEN 1 0-6BLN 1KG BOX,lactogen,lactogen bln kg box,lactogen bln,lactogen bln,5.0,2.0,3.0,60.0
Klik K24,HILO TEEN CHOCOLATE 250G,hiloteen chocolate,hilo teen chocolate g,hilo teen chocolate,hilo teen chocolate,4.0,3.0,1.0,25.0
Klik K24,HILO TEEN VANILLA 250G,hilodeen vanilla,hilo teen vanilla g,hilo teen vanilla,hilo teen vanilla,4.0,3.0,1.0,25.0
Klik K24,ENFAGROW A+ 3 MADU 400G,enfagrow a+ madu,enfagrow a madu g,enfagrow madu,enfagrow madu,5.0,2.0,3.0,60.0
Klik K24,LACTOGEN 2 DHA 350G,lactogen dha,lactogen dha g,lactogen dha,lactogen dha,4.0,2.0,2.0,50.0
Klik K24,ENFAMIL A+ TAHAP 2 800G,enfamil a+,enfamil a tahap g,enfamil tahap,enfamil tahap,5.0,2.0,3.0,60.0
Klik K24,LACTOGEN 1 0-6BLN 180G BOX,lactogen,lactogen bln g box,lactogen bln,lactogen bln,5.0,2.0,3.0,60.0
Klik K24,ANLENE ACTIFIT 3X VANILA 590G BOX,anlene actifit vanila,anlene actifit x vanila g box,anlene actifit vanila,anlene actifit vanila,6.0,3.0,3.0,50.0
Klik K24,ANMUM LACTA COKLAT 200G,anmum lacta coklat,anmum lacta coklat g,anmum lacta coklat,anmum lacta coklat,4.0,3.0,1.0,25.0
Klik K24,ANMUM MATERNA COKLAT 200G,anmum coklat,anmum materna coklat g,anmum materna coklat,anmum materna coklat,4.0,3.0,1.0,25.0
Klik K24,VIDORAN MY BABY MILK 1 POWDER 135G,vidoran baby milk,vidoran my baby milk powder g,vidoran my baby milk powder,vidoran my baby milk powder,7.0,5.0,2.0,28.6
Klik K24,VIDORAN X MART 4 MADU POWDER 375G,vidoran madu powder,vidoran x mart madu powder g,vidoran mart madu powder,vidoran mart madu powder,7.0,4.0,3.0,42.9
Klik K24,BEBELOVE 2 6-12BLN 800G KALENG,bebelove,bebelove bln g kaleng,bebelove bln kaleng,bebelove bln kaleng,5.0,3.0,2.0,40.0
Klik K24,BMT 1 0-6BLN 800G BOX,bmt,bmt bln g box,bmt bln,bmt bln,5.0,2.0,3.0,60.0
Klik K24,CHIL SCHOOL 4 VANILA 800G BOX,chil school vanila,chil school vanila g box,chil school vanila,chil school vanila,6.0,3.0,3.0,50.0
Klik K24,HILO GOLD VANILLA 250G,hilogold vanilla,hilo gold vanilla g,hilo gold vanilla,hilo gold vanilla,4.0,3.0,1.0,25.0
Klik K24,ZYLORIC 100MG (1 Dos isi 20 Strip @10 Tablet),zyloric,zyloric mg dos isi strip tablet,zyloric mg dos strip tablet,zyloric mg dos strip tablet,9.0,5.0,4.0,44.4
Klik K24,CARDIO ASPIRIN 100MG TABLET,cardio aspirin,cardio aspirin mg tablet,cardio aspirin mg tablet,cardio aspirin mg tablet,4.0,4.0,0.0,0.0
Klik K24,ENFAGROW A+ GENTLE CARE 900G,enfagrow a+,enfagrow a gentle care g,enfagrow gentle care,enfagrow gentle care,5.0,3.0,2.0,40.0
Klik K24,BEBELAC 4 MADU 350G,bebelac madu,bebelac madu g,bebelac madu,bebelac madu,4.0,2.0,2.0,50.0
Klik K24,BEBELAC 4 VANILA 800G,bebelac vanila,bebelac vanila g,bebelac vanila,bebelac vanila,4.0,2.0,2.0,50.0
Klik K24,BMT LACTOFERIN 200G,lactoferin,bmt lactoferin g,bmt lactoferin,bmt lactoferin,3.0,2.0,1.0,33.3
Klik K24,PRENAGEN EMESIS VANILA 200G,prenagen emesis vanila,prenagen emesis vanila g,prenagen emesis vanila,prenagen emesis vanila,4.0,3.0,1.0,25.0
Klik K24,PRENAGEN LACTAMOM COKLAT 400G,prenagen lactamom coklat,prenagen lactamom coklat g,prenagen lactamom coklat,prenagen lactamom coklat,4.0,3.0,1.0,25.0
Klik K24,PROTEN GOLD VANILLA 52G SACH,proten gold vanilla,proten gold vanilla g sach,proten gold vanilla sach,proten gold vanilla sach,5.0,4.0,1.0,20.0
Klik K24,CERELAC SOYA MUNGBEAN DHA 120G,cerelac soya mungbean dha,cerelac soya mungbean dha g,cerelac soya mungbean dha,cerelac soya mungbean dha,5.0,4.0,1.0,20.0
Klik K24,HEPATOSOL COKL 240G,hepatosol cokl,hepatosol cokl g,hepatosol cokl,hepatosol cokl,3.0,2.0,1.0,33.3
Klik K24,CHIL KID PLAT MADU 400G,chil kid plat madu,chil kid plat madu g,chil kid plat madu,chil kid plat madu,5.0,4.0,1.0,20.0
Klik K24,CHIL KID GOLD 3 1-3THN VANILA 190G BOX,chil kid gold vanila,chil kid gold thn vanila g box,chil kid gold thn vanila,chil kid gold thn vanila,8.0,5.0,3.0,37.5
Klik K24,DANCOW BLT 1+VAN 800G,dancow blt,dancow blt van g,dancow blt van,dancow blt van,4.0,3.0,1.0,25.0
Klik K24,DANCOW INST 200G,dancow inst,dancow inst g,dancow inst,dancow inst,3.0,2.0,1.0,33.3
Klik K24,DANCOW INST 400G,dancow inst,dancow inst g,dancow inst,dancow inst,3.0,2.0,1.0,33.3
Klik K24,HILO GOLD CHOCOLATE 250G,hilo gold chocolate,hilo gold chocolate g,hilo gold chocolate,hilo gold chocolate,4.0,3.0,1.0,25.0
Klik K24,HILO SCHOOL CHOCOLATE 250G,hiloschool chocolate,hilo school chocolate g,hilo school chocolate,hilo school chocolate,4.0,3.0,1.0,25.0
Klik K24,SGM EKSPLOR 3 PLUS VANILA 600G BOX,sgm eksplor 3 plus vanila,sgm eksplor plus vanila g box,sgm eksplor vanila,sgm eksplor vanila,7.0,3.0,4.0,57.1
Klik K24,SGM EKSPLOR 1 PLUS VANILLA 150G,sgm eksplor 1 plus vanilla,sgm eksplor plus vanilla g,sgm eksplor vanilla,sgm eksplor vanilla,6.0,3.0,3.0,50.0
Klik K24,ANLENE ACTIFIT 3X ORIG 240G BOX,anlene actifit,anlene actifit x orig g box,anlene actifit orig,anlene actifit orig,6.0,3.0,3.0,50.0
Klik K24,VIDORAN XMART MILK 3 PLUS MADU 350G BOX,vidoran milk 3 plus madu,vidoran xmart milk plus madu g box,vidoran xmart milk madu,vidoran xmart milk madu,8.0,4.0,4.0,50.0
Klik K24,SGM EKSPLOR 3 PLUS MADU 150G BOX,sgm eksplor madu,sgm eksplor plus madu g box,sgm eksplor madu,sgm eksplor madu,7.0,3.0,4.0,57.1
Klik K24,LACTOGROW 3 MADU 350G,lactogrow madu,lactogrow madu g,lactogrow madu,lactogrow madu,4.0,2.0,2.0,50.0
Klik K24,FORTICO SACH,fortico sach,fortico sach,fortico sach,fortico sach,2.0,2.0,0.0,0.0
Klik K24,ANMUM MATERNA VANILA 400G,anmum materna vanila,anmum materna vanila g,anmum materna vanila,anmum materna vanila,4.0,3.0,1.0,25.0
Klik K24,FRISIAN FLAG STRAWBERRY 250ML KOTAK,frisian flag strawberry,frisian flag strawberry ml kotak,frisian flag strawberry,frisian flag strawberry,5.0,3.0,2.0,40.0
Klik K24,METFORMIN 850MG TABLET DEXA,metformin,metformin mg tablet dexa,metformin mg tablet dexa,metformin mg tablet dexa,4.0,4.0,0.0,0.0
Klik K24,ALLOPURINOL HEXPHARM 300MG TABLET,allopurinol hexpharm,allopurinol hexpharm mg tablet,allopurinol hexpharm mg tablet,allopurinol hexpharm mg tablet,4.0,4.0,0.0,0.0
Klik K24,SIMVASTATIN HEXPHARM 10MG TABLET (1 Dos isi 10 Strip @10 Tablet),simvastatin hexpharm,simvastatin hexpharm mg tablet dos isi strip tablet,simvastatin hexpharm mg tablet dos strip tablet,simvastatin hexpharm mg tablet dos strip tablet,11.0,7.0,4.0,36.4
Klik K24,SIMVASTATIN HEXPHARM 20MG TABLET (1 Dos isi 10 Strip @10 Tablet),simvastatin hexpharm,simvastatin hexpharm mg tablet dos isi strip tablet,simvastatin hexpharm mg tablet dos strip tablet,simvastatin hexpharm mg tablet dos strip tablet,11.0,7.0,4.0,36.4
Klik K24,CHIL SCHOOL GOLD 4 COKLAT 780G BOX,chil school coklat,chil school gold coklat g box,chil school gold coklat,chil school gold coklat,7.0,4.0,3.0,42.9
Klik K24,LACTOGROW 3 PLAIN 350G,lactogrow plain,lactogrow plain g,lactogrow plain,lactogrow plain,4.0,2.0,2.0,50.0
Klik K24,VIDORAN XMART MILK 1 PLUS MADU 350G BOX,vidoran xmart milk,vidoran xmart milk plus madu g box,vidoran xmart milk madu,vidoran xmart milk madu,8.0,4.0,4.0,50.0
Klik K24,VIDORAN MY BABY 0-6BLN 350G,vidoran baby,vidoran my baby bln g,vidoran my baby bln,vidoran my baby bln,5.0,4.0,1.0,20.0
Klik K24,VIDORAN XMART MILK 1 PLUS VANILA 350G BOX,vidoran milk,vidoran xmart milk plus vanila g box,vidoran xmart milk vanila,vidoran xmart milk vanila,8.0,4.0,4.0,50.0
Klik K24,LACTOGROW 3 MADU 180G,lactogrow madu,lactogrow madu g,lactogrow madu,lactogrow madu,4.0,2.0,2.0,50.0
Klik K24,CHIL SCHOOL GOLD 4 MADU 390G BOX,chil school madu,chil school gold madu g box,chil school gold madu,chil school gold madu,7.0,4.0,3.0,42.9
Klik K24,CHIL SCHOOL PLATINUM 4 VANILA 800G BOX,chil school vanila,chil school platinum vanila g box,chil school platinum vanila,chil school platinum vanila,7.0,4.0,3.0,42.9
Klik K24,BMT SOYA 1 0-6BLN 600G KALENG,bmt soya,bmt soya bln g kaleng,bmt soya bln kaleng,bmt soya bln kaleng,6.0,4.0,2.0,33.3
Klik K24,HI LO ACTIVE VANILA 200G,hi lo vanila,hi lo active vanila g,hi lo active vanila,hi lo active vanila,5.0,4.0,1.0,20.0
Klik K24,HI LO GOLD VANILA 200G,hi lo gold vanila,hi lo gold vanila g,hi lo gold vanila,hi lo gold vanila,5.0,4.0,1.0,20.0
Klik K24,ZEE SWISS CHOCOLATE 350G,zee swiss chocolate,zee swiss chocolate g,zee swiss chocolate,zee swiss chocolate,4.0,3.0,1.0,25.0
Klik K24,ZEE SWIZZ CHOCOLATE SACH,zee swizz chocolate,zee swizz chocolate sach,zee swizz chocolate sach,zee swizz chocolate sach,4.0,4.0,0.0,0.0
Klik K24,ZEE VANILA TWIST MILK 350G,zee vanila twist milk,zee vanila twist milk g,zee vanila twist milk,zee vanila twist milk,5.0,4.0,1.0,20.0
Klik K24,PROVIT PLUS ROYAL JELLY 20G SACH,provit plus royal jelly,provit plus royal jelly g sach,provit jelly sach,provit jelly sach,6.0,3.0,3.0,50.0
Klik K24,PRENAGEN EMESIS PLAIN 400G,prenagen emesis plain,prenagen emesis plain g,prenagen emesis plain,prenagen emesis plain,4.0,3.0,1.0,25.0
Klik K24,ENTRAMIX VANILA 555G,entramix vanila,entramix vanila g,entramix vanila,entramix vanila,3.0,2.0,1.0,33.3
Klik K24,PRENAGEN ESENSIS FRENCH VANILA 180G,prenagen esensis,prenagen esensis french vanila g,prenagen esensis french vanila,prenagen esens french vanila,5.0,4.0,1.0,20.0
Klik K24,ANLENE GOLD 5X COKLAT 640G BOX,anlene coklat,anlene gold x coklat g box,anlene gold coklat,anlene gold coklat,6.0,3.0,3.0,50.0
Klik K24,DIABETASOL SWEETENER SACHET (1 Box isi 100 Sachet),diabetesol sweetener,diabetasol sweetener sachet box isi sachet,diabetasol sweetener,diabetasol sweetener,8.0,2.0,6.0,75.0
Klik K24,ZEVASK 5MG TABLET,zevask,zevask mg tablet,zevask mg tablet,zevask mg tablet,3.0,3.0,0.0,0.0
Klik K24,CORALAN 7.5MG TABLET,coralan,coralan mg tablet,coralan mg tablet,coralan mg tablet,3.0,3.0,0.0,0.0
Klik K24,SIMVASTATIN NOVELL 10MG TABLET,simvastatin,simvastatin novell mg tablet,simvastatin novell mg tablet,simvastatin novell mg tablet,4.0,4.0,0.0,0.0
Klik K24,CANDESARTAN DEXA 16MG TABLET,candesartan dexam,candesartan dexa mg tablet,candesartan dexa mg tablet,candesartan dexa mg tablet,4.0,4.0,0.0,0.0
Klik K24,NORVASK 5MG TABLET,norvask,norvask mg tablet,norvask mg tablet,norvask mg tablet,3.0,3.0,0.0,0.0
Klik K24,KOMBIGLYZE XR 5MG/500MG,kombiglyze xr,kombiglyze xr mgmg,kombiglyze xr mgmg,kombiglyze xr mgmg,3.0,3.0,0.0,0.0
Klik K24,DANCOW UHT COKLAT 180ML,dancow uht coklat,dancow uht coklat ml,dancow uht coklat,dancow uht coklat,4.0,3.0,1.0,25.0
Klik K24,MILO ORIGINAL 220ML KALENG,milo original,milo original ml kaleng,milo kaleng,milo kaleng,4.0,2.0,2.0,50.0
Klik K24,DANCOW FULL CREAM 200G,dancow full cream,dancow full cream g,dancow cream,dancow cream,4.0,2.0,2.0,50.0
Klik K24,DANCOW FULL CREAM 400G,dancow full cream,dancow full cream g,dancow cream,dancow cream,4.0,2.0,2.0,50.0
Klik K24,NARAYA SOYA BOTOL,naraya soya,naraya soya botol,naraya soya,naraya soya,3.0,2.0,1.0,33.3
Klik K24,ENTRASOL ACTIVE VANILA STICK 32G,entrasol active vanila,entrasol active vanila stick g,entrasol active vanila stick,entrasol active vanila stick,5.0,4.0,1.0,20.0
Klik K24,ENTRASOL GOLD ORIGINAL 170G BOX,entrasol gold,entrasol gold original g box,entrasol gold,entrasol gold,5.0,2.0,3.0,60.0
Klik K24,ENTRASOL QUICKSTART VAN VEGGIE 30G,entrasol quickstart veggie,entrasol quickstart van veggie g,entrasol quickstart van veggie,entrasol quickstart van veggie,5.0,4.0,1.0,20.0
Klik K24,PRENAGEN MOMMY KACANG HIJAU 400G,prengen mommy kacang hijau,prenagen mommy kacang hijau g,prenagen mommy kacang,prenagen mommy kacang,5.0,3.0,2.0,40.0
Klik K24,PROTEN COKL SACH 52G,proten cokl,proten cokl sach g,proten cokl sach,proten cokl sach,4.0,3.0,1.0,25.0
Klik K24,NUTRIBEAN,nutribean,nutribean,nutribean,nutribean,1.0,1.0,0.0,0.0
Klik K24,ISOCAL VANILA 400G BOX,isocal vanila,isocal vanila g box,isocal vanila,isocal vanila,4.0,2.0,2.0,50.0
Klik K24,PRENAGEN ESENSIS VANILA 360G,prengen esensis vanila,prenagen esensis vanila g,prenagen esensis vanila,prenagen esens vanila,4.0,3.0,1.0,25.0
Klik K24,FONTACTIV HPHC VANILA 200ML,fontactiv hphc vanila,fontactiv hphc vanila ml,fontactiv hphc vanila,fontactiv hphc vanila,4.0,3.0,1.0,25.0
Klik K24,NEO MUNE 40G SACH,neo mune,neo mune g sach,neo mune sach,neo mune sach,4.0,3.0,1.0,25.0
Klik K24,ANLENE GOLD 5X ORIG 620G BOX,anlene gold,anlene gold x orig g box,anlene gold orig,anlene gold orig,6.0,3.0,3.0,50.0
Klik K24,DIASWEET POWDER,diasweet powder,diasweet powder,diasweet powder,diasweet powder,2.0,2.0,0.0,0.0
Klik K24,MIOZIDINE 35MG TABLET,miozidine,miozidine mg tablet,miozidine mg tablet,miozidine mg tablet,3.0,3.0,0.0,0.0
Klik K24,MONECTO 20MG TABLET,monecto 20mg,monecto mg tablet,monecto mg tablet,monecto mg tablet,3.0,3.0,0.0,0.0
Klik K24,FLEXOR TABLET,flexor,flexor tablet,flexor tablet,flexor tablet,2.0,2.0,0.0,0.0
Klik K24,NITRAL 500MCG TABLET,nitral,nitral mcg tablet,nitral mcg tablet,nitral mcg tablet,3.0,3.0,0.0,0.0
Klik K24,ISOSORBIDE DINITRATE NOVELL 10MG TABLET,isosorbide dinitrate,isosorbide dinitrate novell mg tablet,isosorbide dinitrate novell mg tablet,isosorbide dinitrate novell mg tablet,5.0,5.0,0.0,0.0
Klik K24,LIPITOR 20MG TABLET,lipitor,lipitor mg tablet,lipitor mg tablet,lipitor mg tablet,3.0,3.0,0.0,0.0
Klik K24,ISOSORBIDE DINITRATE YARINDO 5MG (1 Strip isi 10 Tablet),isosorbide dinitrate,isosorbide dinitrate yarindo mg strip isi tablet,isosorbide dinitrate yarindo mg strip tablet,isosorbide dinitrate yarindo mg strip tablet,9.0,6.0,3.0,33.3
Klik K24,GLUCOPHAGE XR 750MG TABLET,glucophage xr,glucophage xr mg tablet,glucophage xr mg tablet,glucophage xr mg tablet,4.0,4.0,0.0,0.0
Klik K24,PLATOF 400MG TABLET,platof,platof mg tablet,platof mg tablet,platof mg tablet,3.0,3.0,0.0,0.0
Klik K24,NESTLE PEPTAMEN JUNIOR 400G,peptamen junior,nestle peptamen junior g,nestle peptamen,nestle peptamen,4.0,2.0,2.0,50.0
Klik K24,PROLIPID CAP,prolipid cap,prolipid cap,prolipid cap,prolipid cap,2.0,2.0,0.0,0.0
Klik K24,HYTROZ 2MG TABLET,hytroz,hytroz mg tablet,hytroz mg tablet,hytroz mg tablet,3.0,3.0,0.0,0.0
Klik K24,FASTOR 20MG CAPL 30S,fastor 20mg,fastor mg capl s,fastor mg capl,fastor mg capl,4.0,3.0,1.0,25.0
Klik K24,FASTOR 10MG CAPL 30S,fastor,fastor mg capl s,fastor mg capl,fastor mg capl,4.0,3.0,1.0,25.0
Klik K24,KONILIFE KOLESTRO KAPSUL LUNAK (1 botol isi 30 kapsul),kolestro kapsul,konilife kolestro kapsul lunak botol isi kapsul,konilife kolestro kapsul kapsul,konilife kolestro kapsul kapsul,9.0,4.0,5.0,55.6
Klik K24,C CHOLINE 500MG KAPLET,c choline,c choline mg kaplet,choline mg,choline mg,4.0,2.0,2.0,50.0
Klik K24,ROSUVASTATIN AMAROX 20MG FC TABLET,rosuvastatin amarox,rosuvastatin amarox mg fc tablet,rosuvastatin amarox mg fc tablet,rosuvastatin amarox mg fc tablet,5.0,5.0,0.0,0.0
Klik K24,FIBESCO 300MG KAPSUL,fibesco kapsul,fibesco mg kapsul,fibesco mg kapsul,fibesco mg kapsul,3.0,3.0,0.0,0.0
Klik K24,SIMVASTATIN BERNOFARM 10MG TABLET (1 Dos isi 3 Strip @10 Tablet),simvastatin,simvastatin bernofarm mg tablet dos isi strip tablet,simvastatin bernofarm mg tablet dos strip tablet,simvastatin bernofarm mg tablet dos strip tablet,11.0,7.0,4.0,36.4
Klik K24,SIMVASTATIN BERNOFARM 20MG TABLET (1 Dos isi 3 Strip @10 Tablet),simvastatin,simvastatin bernofarm mg tablet dos isi strip tablet,simvastatin bernofarm mg tablet dos strip tablet,simvastatin bernofarm mg tablet dos strip tablet,11.0,7.0,4.0,36.4
Klik K24,ATORVASTATIN HEXPHARM 40MG TABLET,atorvastatin hexpharm,atorvastatin hexpharm mg tablet,atorvastatin hexpharm mg tablet,atorvastatin hexpharm mg tablet,4.0,4.0,0.0,0.0
Klik K24,SPIRONOLACTONE DEXA 100MG TABLET,spironolactone dexamethasone,spironolactone dexa mg tablet,spironolactone dexa mg tablet,spironolactone dexa mg tablet,4.0,4.0,0.0,0.0
Klik K24,PRENAGEN ESENSIS VELVETY CHOCOLATE 360G BOX,prenagen esensis,prenagen esensis velvety chocolate g box,prenagen esensis velvety chocolate,prenagen esens velvety chocolate,6.0,4.0,2.0,33.3
Klik K24,MANDALA 525 RASA PLAIN 200G,mandala,mandala rasa plain g,mandala plain,mandala plain,5.0,2.0,3.0,60.0
Klik K24,PRENAGEN LACTAMOM FRENCH VANILA 360G BOX,prengen lactamom,prenagen lactamom french vanila g box,prenagen lactamom french vanila,prenagen lactamom french vanila,6.0,4.0,2.0,33.3
Klik K24,SGM LLM BEBAS LAKTOSA 0-12BLN 200G BOX,sgm laktosa,sgm llm bebas laktosa bln g box,sgm llm laktosa bln,sgm llm laktosa bln,7.0,4.0,3.0,42.9
Klik K24,CAPTOPRIL IF 25MG TABLET,captopril,captopril if mg tablet,captopril if mg tablet,captopril if mg tablet,4.0,4.0,0.0,0.0
Klik K24,SGM LLM BEBAS LAKTOSA 0-12BLN 400G BOX,sgm laktosa,sgm llm bebas laktosa bln g box,sgm llm laktosa bln,sgm llm laktosa bln,7.0,4.0,3.0,42.9
Klik K24,AMLODIPINE HEXPHARM 10MG TABLET (1 Dos isi 5 Strip @10 Tablet),amloipine hexpharm,amlodipine hexpharm mg tablet dos isi strip tablet,amlodipine hexpharm mg tablet dos strip tablet,amlodipine hexpharm mg tablet dos strip tablet,11.0,7.0,4.0,36.4
Klik K24,CDR FORTOS EFF,fortos eff,cdr fortos eff,cdr fortos eff,cdr fortos eff,3.0,3.0,0.0,0.0
Klik K24,ENTRASOY ALMOND SOYA 200G BOX,entrasoy almond soya,entrasoy almond soya g box,entrasoy almond soya,entrasoy almond soya,5.0,3.0,2.0,40.0
Klik K24,ROVASTAR 20MG FC TABLET,rovastar,rovastar mg fc tablet,rovastar mg fc tablet,rovastar mg fc tablet,4.0,4.0,0.0,0.0
Klik K24,SIMVASTATIN FM 10MG TABLET,simvastatin,simvastatin fm mg tablet,simvastatin fm mg tablet,simvastatin fm mg tablet,4.0,4.0,0.0,0.0
Klik K24,SIMVASTATIN KF 20MG TABLET,simvastatin,simvastatin kf mg tablet,simvastatin kf mg tablet,simvastatin kf mg tablet,4.0,4.0,0.0,0.0
Klik K24,AMLODIPINE BERNO 5MG TABLET,amlopidine,amlodipine berno mg tablet,amlodipine berno mg tablet,amlodipine berno mg tablet,4.0,4.0,0.0,0.0
Klik K24,SIMVASTATIN FM 20MG TABLET,simvastatin,simvastatin fm mg tablet,simvastatin fm mg tablet,simvastatin fm mg tablet,4.0,4.0,0.0,0.0
Klik K24,SIMVASTATIN GRAHA 20MG TABLET,simvastatin,simvastatin graha mg tablet,simvastatin graha mg tablet,simvastatin graha mg tablet,4.0,4.0,0.0,0.0
Klik K24,SIMVASTATIN HEXPHARM 10MG TABLET (1 Dos isi 5 Strip @10 Tablet),simvastatin hexpharm,simvastatin hexpharm mg tablet dos isi strip tablet,simvastatin hexpharm mg tablet dos strip tablet,simvastatin hexpharm mg tablet dos strip tablet,11.0,7.0,4.0,36.4
Klik K24,SIMVASTATIN IFARS 20MG FC TABLET,simvastatin ifars,simvastatin ifars mg fc tablet,simvastatin ifars mg fc tablet,simvastatin ifars mg fc tablet,5.0,5.0,0.0,0.0
Klik K24,SIMVASTATIN INFION 20MG TABLET,simvastatin,simvastatin infion mg tablet,simvastatin infion mg tablet,simvastatin infion mg tablet,4.0,4.0,0.0,0.0
Klik K24,SIMVASTATIN PROMED 10MG TABLET,simvastatin,simvastatin promed mg tablet,simvastatin promed mg tablet,simvastatin promed mg tablet,4.0,4.0,0.0,0.0
Klik K24,SIMVASTATIN QUANTUM 20MG CAPL 100S,simvastatin,simvastatin quantum mg capl s,simvastatin quantum mg capl,simvastatin quantum mg capl,5.0,4.0,1.0,20.0
Klik K24,SIMVASTATIN YARINDO 10MG TABLET,simvastatin,simvastatin yarindo mg tablet,simvastatin yarindo mg tablet,simvastatin yarindo mg tablet,4.0,4.0,0.0,0.0
Klik K24,STAVINOR 10MG TABLET,stavinor,stavinor mg tablet,stavinor mg tablet,stavinor mg tablet,3.0,3.0,0.0,0.0
Klik K24,STAVINOR 20MG TABLET,stavinor,stavinor mg tablet,stavinor mg tablet,stavinor mg tablet,3.0,3.0,0.0,0.0
Klik K24,YOSENOB 300MG KAPSUL,yosenob kapsul,yosenob mg kapsul,yosenob mg kapsul,yosenob mg kapsul,3.0,3.0,0.0,0.0
Klik K24,SGM EKSPLOR 5 PLUS MADU 400G,sgm eksplor madu,sgm eksplor plus madu g,sgm eksplor madu,sgm eksplor madu,6.0,3.0,3.0,50.0
Klik K24,KOLTON 100MG TABLET,kolton,kolton mg tablet,kolton mg tablet,kolton mg tablet,3.0,3.0,0.0,0.0
Klik K24,BEBELAC 4 VANILA 350G,bebelac vanila,bebelac vanila g,bebelac vanila,bebelac vanila,4.0,2.0,2.0,50.0
Klik K24,BONDI KAPSUL,bondi kapsul,bondi kapsul,bondi kapsul,bondi kapsul,2.0,2.0,0.0,0.0
Klik K24,AMLODIPINE INTERBAT 5MG TABLET,amlopidine interbat,amlodipine interbat mg tablet,amlodipine interbat mg tablet,amlodipine interbat mg tablet,4.0,4.0,0.0,0.0
Klik K24,PEDIASURE TRIPLESURE VANILA 200G BOX,pediasure triplesure vanila,pediasure triplesure vanila g box,pediasure triplesure vanila,pediasure triplesure vanila,5.0,3.0,2.0,40.0
Klik K24,SIMVASTATIN BERNOFARM 10MG TABLET (1 Dos isi 10 Strip @10 Tablet),simvastatin,simvastatin bernofarm mg tablet dos isi strip tablet,simvastatin bernofarm mg tablet dos strip tablet,simvastatin bernofarm mg tablet dos strip tablet,11.0,7.0,4.0,36.4
Klik K24,SINTROL 10MG FC KAPLET,sintrol,sintrol mg fc kaplet,sintrol mg fc,sintrol mg fc,4.0,3.0,1.0,25.0
Klik K24,TAVORA 10MG TABLET,tavora,tavora mg tablet,tavora mg tablet,tavora mg tablet,3.0,3.0,0.0,0.0
Klik K24,XARELTO 10MG TABLET,xarelto,xarelto mg tablet,xarelto mg tablet,xarelto mg tablet,3.0,3.0,0.0,0.0
Klik K24,TAVORA 20MG TABLET,tavora,tavora mg tablet,tavora mg tablet,tavora mg tablet,3.0,3.0,0.0,0.0
Klik K24,TRUVAZ 40MG TABLET,truvaz,truvaz mg tablet,truvaz mg tablet,truvaz mg tablet,3.0,3.0,0.0,0.0
Klik K24,ANLENE GOLD 5X VANILA 240G BOX,anlene gold vanila,anlene gold x vanila g box,anlene gold vanila,anlene gold vanila,6.0,3.0,3.0,50.0
Klik K24,ANLENE GOLD 5X VANILA 640G BOX,anlene gold vanila,anlene gold x vanila g box,anlene gold vanila,anlene gold vanila,6.0,3.0,3.0,50.0
Klik K24,ARICEPT EVESS 5MG TABLET (1 Dos isi 2 Strip @14 Tablet),aricept e vess,aricept evess mg tablet dos isi strip tablet,aricept evess mg tablet dos strip tablet,aricept evess mg tablet dos strip tablet,11.0,7.0,4.0,36.4
Klik K24,ROSUVASTATIN AMAROX 10MG FC TABLET,rosuvastatin amarox,rosuvastatin amarox mg fc tablet,rosuvastatin amarox mg fc tablet,rosuvastatin amarox mg fc tablet,5.0,5.0,0.0,0.0
Klik K24,FESTARIC 40MG FC TABLET,festaric,festaric mg fc tablet,festaric mg fc tablet,festaric mg fc tablet,4.0,4.0,0.0,0.0
Klik K24,FESTARIC 80MG FC TABLET,festaric,festaric mg fc tablet,festaric mg fc tablet,festaric mg fc tablet,4.0,4.0,0.0,0.0
Klik K24,GLIQUIDONE 30MG TABLET DEXA,gliquidone dexametason,gliquidone mg tablet dexa,gliquidone mg tablet dexa,gliquidone mg tablet dexa,4.0,4.0,0.0,0.0
Klik K24,BISOPROLOL FUMARATE NOVELL 2.5MG TABLET,bisoprolol fumarate,bisoprolol fumarate novell mg tablet,bisoprolol fumarate novell mg tablet,bisoprolol fumarate novell mg tablet,5.0,5.0,0.0,0.0
Klik K24,CANDERIN 8MG TABLET,canderin,canderin mg tablet,canderin mg tablet,canderin mg tablet,3.0,3.0,0.0,0.0
Klik K24,ROSUVASTATIN PRATAPA NIRMALA 20MG FC TABLET,rosuvastatin pratapa,rosuvastatin pratapa nirmala mg fc tablet,rosuvastatin pratapa mg fc tablet,rosuvastatin pratapa mg fc tablet,6.0,5.0,1.0,16.7
Klik K24,CITION 1000MG TABLET,cition,cition mg tablet,cition mg tablet,cition mg tablet,3.0,3.0,0.0,0.0
Klik K24,CITION 500MG TABLET,cition,cition mg tablet,cition mg tablet,cition mg tablet,3.0,3.0,0.0,0.0
Klik K24,ROSUVASTATIN PRATAPA NIRMALA 10MG FC TABLET,rosuvastatin pratapa,rosuvastatin pratapa nirmala mg fc tablet,rosuvastatin pratapa mg fc tablet,rosuvastatin pratapa mg fc tablet,6.0,5.0,1.0,16.7
Klik K24,ROVASTAR 10MG FC TABLET,rovastar,rovastar mg fc tablet,rovastar mg fc tablet,rovastar mg fc tablet,4.0,4.0,0.0,0.0
Klik K24,KOLKATRIOL F 0.5MG KAPSUL,kolkatriol,kolkatriol f mg kapsul,kolkatriol mg kapsul,kolkatriol mg kapsul,4.0,3.0,1.0,25.0
Klik K24,NITROKAF RETARD 2.5MG CAPS,nitrokaf retard,nitrokaf retard mg caps,nitrokaf retard mg caps,nitrokaf retard mg caps,4.0,4.0,0.0,0.0
Klik K24,BENOXURIC 100MG TABLET,benoxuric,benoxuric mg tablet,benoxuric mg tablet,benoxuric mg tablet,3.0,3.0,0.0,0.0
Klik K24,SGM ANANDA 0-6BLN 150G BOX,ananda,sgm ananda bln g box,sgm ananda bln,sgm ananda bln,5.0,3.0,2.0,40.0
Klik K24,GLICAB 80MG TABLET,glicab,glicab mg tablet,glicab mg tablet,glicab mg tablet,3.0,3.0,0.0,0.0
Klik K24,REXIDRON 200MG TABLET,rexidron,rexidron mg tablet,rexidron mg tablet,rexidron mg tablet,3.0,3.0,0.0,0.0
Klik K24,CANDEPRESS 8MG TABLET,candepress,candepress mg tablet,candepress mg tablet,candepress mg tablet,3.0,3.0,0.0,0.0
Klik K24,CAPTOPRIL DEXA 12.5MG TABLET,captopril dexamethasone,captopril dexa mg tablet,captopril dexa mg tablet,captopril dexa mg tablet,4.0,4.0,0.0,0.0
Klik K24,CAPTOPRIL PHAPROS 12.5MG TABLET,captopril,captopril phapros mg tablet,captopril phapros mg tablet,captopril phapros mg tablet,4.0,4.0,0.0,0.0
Klik K24,CAPTOPRIL PHAPROS 25MG TABLET,captopril,captopril phapros mg tablet,captopril phapros mg tablet,captopril phapros mg tablet,4.0,4.0,0.0,0.0
Klik K24,ATORVASTATIN FAHREINHEIT 10MG TABLET,atorvastatin,atorvastatin fahreinheit mg tablet,atorvastatin fahreinheit mg tablet,atorvastatin fahreinheit mg tablet,4.0,4.0,0.0,0.0
Klik K24,ROSUVASTATIN GUARDIAN 20MG TAB 30S,rosuvastatin guardian,rosuvastatin guardian mg tab s,rosuvastatin guardian mg tab,rosuvastatin guardian mg tab,5.0,4.0,1.0,20.0
Klik K24,GEMFIBROZIL PHAPROS 300MG KAPSUL,gemfibrozil phapros,gemfibrozil phapros mg kapsul,gemfibrozil phapros mg kapsul,gemfibrozil phapros mg kapsul,4.0,4.0,0.0,0.0
Klik K24,ATORVASTATIN DEXA 10MG TABLET (1 Dos isi 3 Strip @10 Tablet),atorvastatin dexam,atorvastatin dexa mg tablet dos isi strip tablet,atorvastatin dexa mg tablet dos strip tablet,atorvastatin dexa mg tablet dos strip tablet,11.0,7.0,4.0,36.4
Klik K24,SIMVASTATIN DEXA 10MG CAPL 100S,simvastatin dexam,simvastatin dexa mg capl s,simvastatin dexa mg capl,simvastatin dexa mg capl,5.0,4.0,1.0,20.0
Klik K24,CHOLESTOR 10MG FC TABLET,cholestor,cholestor mg fc tablet,cholestor mg fc tablet,cholestor mg fc tablet,4.0,4.0,0.0,0.0
Klik K24,ROVATOR 10MG FC TABLET,rovator,rovator mg fc tablet,rovator mg fc tablet,rovator mg fc tablet,4.0,4.0,0.0,0.0
Klik K24,ROVATOR 20MG FC TABLET,rovator,rovator mg fc tablet,rovator mg fc tablet,rovator mg fc tablet,4.0,4.0,0.0,0.0
Klik K24,AVESCO 40MG KAPLET,avesco,avesco mg kaplet,avesco mg,avesco mg,3.0,2.0,1.0,33.3
Klik K24,KOLEFION 20MG FC KAPLET,kolefion,kolefion mg fc kaplet,kolefion mg fc,kolefion mg fc,4.0,3.0,1.0,25.0
Klik K24,ORVAST 10MG FC TABLET,orvast,orvast mg fc tablet,orvast mg fc tablet,orvast mg fc tablet,4.0,4.0,0.0,0.0
Klik K24,ORVAST 20MG FC TABLET,orvast 20mg,orvast mg fc tablet,orvast mg fc tablet,orvast mg fc tablet,4.0,4.0,0.0,0.0
Klik K24,ORVAST 40MG FC TABLET (1 Strip isi 10 Tablet),orvast,orvast mg fc tablet strip isi tablet,orvast mg fc tablet strip tablet,orvast mg fc tablet strip tablet,9.0,6.0,3.0,33.3
Klik K24,VASTROL 20MG FC TABLET,vastrol,vastrol mg fc tablet,vastrol mg fc tablet,vastrol mg fc tablet,4.0,4.0,0.0,0.0
Klik K24,THYROZOL 10MG TABLET,thyrozol,thyrozol mg tablet,thyrozol mg tablet,thyrozol mg tablet,3.0,3.0,0.0,0.0
Klik K24,ADALAT OROS 30MG TABLET,oros,adalat oros mg tablet,adalat oros mg tablet,adalat oros mg tablet,4.0,4.0,0.0,0.0
Klik K24,RECHOL 20MG TABLET,rechol,rechol mg tablet,rechol mg tablet,rechol mg tablet,3.0,3.0,0.0,0.0
Klik K24,ISOSORBID DINITRAT 5MG INDOFARMA,isosorbid dinitrat,isosorbid dinitrat mg indofarma,isosorbid dinitrat mg indofarma,isosorbid nitrat mg indofarma,4.0,4.0,0.0,0.0
Klik K24,OSCAL 0.5MG KAPSUL,oscal kapsul,oscal mg kapsul,oscal mg kapsul,oscal mg kapsul,3.0,3.0,0.0,0.0
Klik K24,NATURAL HONEY AL SHIFA 500G,natural honey,natural honey al shifa g,honey al shifa,honey al shifa,5.0,3.0,2.0,40.0
Klik K24,NUTRIMAMA 3MG TABLET,nutrimama,nutrimama mg tablet,nutrimama mg tablet,nutrimama mg tablet,3.0,3.0,0.0,0.0
Klik K24,DIGOXIN IF 0.25MG TABLET,digoxin if,digoxin if mg tablet,digoxin if mg tablet,digoxin if mg tablet,4.0,4.0,0.0,0.0
Klik K24,DIGOXIN YARINDO 0.25MG TABLET,digoxin yarindo,digoxin yarindo mg tablet,digoxin yarindo mg tablet,digoxin yarindo mg tablet,4.0,4.0,0.0,0.0
Klik K24,CANDEPRESS 16MG TABLET,candepress,candepress mg tablet,candepress mg tablet,candepress mg tablet,3.0,3.0,0.0,0.0
Klik K24,CANDESARTAN CILEXETIL BERNOFARM 8MG TABLET,candesartan cilexetil,candesartan cilexetil bernofarm mg tablet,candesartan cilexetil bernofarm mg tablet,candesartan cilexetil bernofarm mg tablet,5.0,5.0,0.0,0.0
Klik K24,CAPTOPRIL DEXA 25MG TABLET,captopril dexamethasone,captopril dexa mg tablet,captopril dexa mg tablet,captopril dexa mg tablet,4.0,4.0,0.0,0.0
Klik K24,CAPTOPRIL KF 12.5MG TABLET,captopril,captopril kf mg tablet,captopril kf mg tablet,captopril kf mg tablet,4.0,4.0,0.0,0.0
Klik K24,CAPTOPRIL KF 25MG TABLET,captopril,captopril kf mg tablet,captopril kf mg tablet,captopril kf mg tablet,4.0,4.0,0.0,0.0
Klik K24,ATORVASTATIN HEXPHARM 20MG TABLET,atorvastatin hexpharm,atorvastatin hexpharm mg tablet,atorvastatin hexpharm mg tablet,atorvastatin hexpharm mg tablet,4.0,4.0,0.0,0.0
Klik K24,ATORVASTATIN PRATAPA NIRMALA 40MG TABLET,atorvastatin,atorvastatin pratapa nirmala mg tablet,atorvastatin pratapa mg tablet,atorvastatin pratapa mg tablet,5.0,4.0,1.0,20.0
Klik K24,ROSUVASTATIN GUARDIAN 10MG TAB 30S,rosuvastatin guardian,rosuvastatin guardian mg tab s,rosuvastatin guardian mg tab,rosuvastatin guardian mg tab,5.0,4.0,1.0,20.0
Klik K24,ATORVASTATIN PRATAPA NIRMALA 10MG TABLET,atorvastatin,atorvastatin pratapa nirmala mg tablet,atorvastatin pratapa mg tablet,atorvastatin pratapa mg tablet,5.0,4.0,1.0,20.0
Klik K24,CHOLESTOR 20MG FC TABLET,cholestor,cholestor mg fc tablet,cholestor mg fc tablet,cholestor mg fc tablet,4.0,4.0,0.0,0.0
Klik K24,SIMVASTATIN BERNOFARM 20MG TABLET (1 Dos isi 10 Strip @10 Tablet),simvastatin,simvastatin bernofarm mg tablet dos isi strip tablet,simvastatin bernofarm mg tablet dos strip tablet,simvastatin bernofarm mg tablet dos strip tablet,11.0,7.0,4.0,36.4
Klik K24,COVETOR 20MG FC TABLET,covetor,covetor mg fc tablet,covetor mg fc tablet,covetor mg fc tablet,4.0,4.0,0.0,0.0
Klik K24,ROSTIN 20MG FC TABLET,rostin 20mg,rostin mg fc tablet,rostin mg fc tablet,rostin mg fc tablet,4.0,4.0,0.0,0.0
Klik K24,VASTROL 10MG FC TABLET,vastrol,vastrol mg fc tablet,vastrol mg fc tablet,vastrol mg fc tablet,4.0,4.0,0.0,0.0
Klik K24,ATORVASTATIN BERNOFARM 40MG CAPL 30S,atorvastatin,atorvastatin bernofarm mg capl s,atorvastatin bernofarm mg capl,atorvastatin bernofarm mg capl,5.0,4.0,1.0,20.0
Klik K24,PRAVINAT 20MG TABLET,pravinat,pravinat mg tablet,pravinat mg tablet,pravinat mg tablet,3.0,3.0,0.0,0.0
Klik K24,REMOVCHOL 20MG TABLET,removchol,removchol mg tablet,removchol mg tablet,removchol mg tablet,3.0,3.0,0.0,0.0
Klik K24,REMOVCHOL 40MG TABLET,removchol,removchol mg tablet,removchol mg tablet,removchol mg tablet,3.0,3.0,0.0,0.0
Klik K24,SELVIM 10MG TABLET,selvim,selvim mg tablet,selvim mg tablet,selvim mg tablet,3.0,3.0,0.0,0.0
Klik K24,SELVIM 20 TABLET,selvim,selvim tablet,selvim tablet,selvim tablet,3.0,2.0,1.0,33.3
Klik K24,FARMADRAL 10MG TABLET,farmadril,farmadral mg tablet,farmadral mg tablet,farmadral mg tablet,3.0,3.0,0.0,0.0
Klik K24,PIRACETAM DEXA 1200MG,piracetam dexam,piracetam dexa mg,piracetam dexa mg,piracetam dexa mg,3.0,3.0,0.0,0.0
Klik K24,FREGO 5MG TABLET,frego,frego mg tablet,frego mg tablet,frego mg tablet,3.0,3.0,0.0,0.0
Klik K24,NIFEDIPIN DEXA 10MG,nifedipin dexametason,nifedipin dexa mg,nifedipin dexa mg,nifedipin dexa mg,3.0,3.0,0.0,0.0
Klik K24,URESIX 40MG TABLET,uresix,uresix mg tablet,uresix mg tablet,uresix mg tablet,3.0,3.0,0.0,0.0
Klik K24,VALSARTAN DEXA 160MG TABLET (1 Strip isi 6 Tablet),valsartan dexam,valsartan dexa mg tablet strip isi tablet,valsartan dexa mg tablet strip tablet,valsartan dexa mg tablet strip tablet,9.0,6.0,3.0,33.3
Klik K24,LISINOPRIL 5MG TABLET NOVELL,lisinopril,lisinopril mg tablet novell,lisinopril mg tablet novell,lisinopril mg tablet novell,4.0,4.0,0.0,0.0
Klik K24,NITROKAF RETARD FORTE 5MG,nitrokaf retard forte,nitrokaf retard forte mg,nitrokaf retard forte mg,nitrokaf retard forte mg,4.0,4.0,0.0,0.0
Klik K24,TENSINOP 10MG TABLET,tensinop 10mg,tensinop mg tablet,tensinop mg tablet,tensinop mg tablet,3.0,3.0,0.0,0.0
Klik K24,SPIROLA TABLET 25MG,spirola,spirola tablet mg,spirola tablet mg,spirola tablet mg,3.0,3.0,0.0,0.0
Klik K24,TENACE 5MG TABLET,tenace,tenace mg tablet,tenace mg tablet,tenace mg tablet,3.0,3.0,0.0,0.0
Klik K24,ESVAT 20MG TABLET,esvat,esvat mg tablet,esvat mg tablet,esvat mg tablet,3.0,3.0,0.0,0.0
Klik K24,CITICOLINE DEXA 500MG KAPLET (1 Strip isi 6 Kaplet),citicoline dexamfetamin,citicoline dexa mg kaplet strip isi kaplet,citicoline dexa mg strip,citicoline dexa mg strip,9.0,4.0,5.0,55.6
Klik K24,CITICOLINE NOVELL 1000MG KAPLET (1 Strip isi 10 Kaplet),citicoline novell,citicoline novell mg kaplet strip isi kaplet,citicoline novell mg strip,citicoline novell mg strip,9.0,4.0,5.0,55.6
Klik K24,OLMETEC 40MG TABLET,olmetec,olmetec mg tablet,olmetec mg tablet,olmetec mg tablet,3.0,3.0,0.0,0.0
Klik K24,NEOSMA 2.5MG TABLET,neosma,neosma mg tablet,neosma mg tablet,neosma mg tablet,3.0,3.0,0.0,0.0
Klik K24,BISOVELL 5MG TAB 30S,bisovel,bisovell mg tab s,bisovell mg tab,bisovell mg tab,4.0,3.0,1.0,25.0
Klik K24,FORASMA 2.5 TABLET,forasma,forasma tablet,forasma tablet,forasma tablet,3.0,2.0,1.0,33.3
Klik K24,OA PLUS TABLET,oa plus,oa plus tablet,oa tablet,oa tablet,3.0,2.0,1.0,33.3
Klik K24,PROSEVAL KAPSUL,proseval kapsul,proseval kapsul,proseval kapsul,proseval kapsul,2.0,2.0,0.0,0.0
Klik K24,DIASULIN (1 botol isi 90 kapsul),diasulin,diasulin botol isi kapsul,diasulin kapsul,diasulin kapsul,6.0,2.0,4.0,66.7
Klik K24,ROSUVASTATIN NOVELL 40MG,rosuvastatin,rosuvastatin novell mg,rosuvastatin novell mg,rosuvastatin novell mg,3.0,3.0,0.0,0.0
Klik K24,DAPAZOX 10MG (1 strip isi 10 tablet),dapazox,dapazox mg strip isi tablet,dapazox mg strip tablet,dapazox mg strip tablet,7.0,4.0,3.0,42.9
Klik K24,ROZET 10/10MG (1 strip isi 10 tablet),rozet 10/10mg,rozet mg strip isi tablet,rozet mg strip tablet,rozet mg strip tablet,7.0,4.0,3.0,42.9
Klik K24,ROZET 10/20MG (1 strip isi 10 tablet),rozet 10/20mg,rozet mg strip isi tablet,rozet mg strip tablet,rozet mg strip tablet,7.0,4.0,3.0,42.9
Klik K24,ROSUVASTATIN NOVELL 10MG FC TABLET,rosuvastatin,rosuvastatin novell mg fc tablet,rosuvastatin novell mg fc tablet,rosuvastatin novell mg fc tablet,5.0,5.0,0.0,0.0
Klik K24,ROSUVASTATIN NOVELL 20MG FC TABLET,rosuvastatin,rosuvastatin novell mg fc tablet,rosuvastatin novell mg fc tablet,rosuvastatin novell mg fc tablet,5.0,5.0,0.0,0.0
Klik K24,ANLENE ACTIFIT 3X COKLAT 240G BOX,anlene actifit coklat,anlene actifit x coklat g box,anlene actifit coklat,anlene actifit coklat,6.0,3.0,3.0,50.0
Klik K24,ANLENE GOLD 5X ORIG 250G BOX,anlene gold,anlene gold x orig g box,anlene gold orig,anlene gold orig,6.0,3.0,3.0,50.0
Klik K24,ENFAGROW A+ 3 VANILA 800G,enfagrow a+ vanila,enfagrow a vanila g,enfagrow vanila,enfagrow vanila,5.0,2.0,3.0,60.0
Klik K24,FENOFLEX 160MG KAPSUL,fenoflex,fenoflex mg kapsul,fenoflex mg kapsul,fenoflex mg kapsul,3.0,3.0,0.0,0.0
Klik K24,CANDESARTAN PYRIDAM 16MG (1 strip isi 10 tablet),candesartan pyridam,candesartan pyridam mg strip isi tablet,candesartan pyridam mg strip tablet,candesartan pyridam mg strip tablet,8.0,5.0,3.0,37.5
Klik K24,NUTRAFOR CHOL KAPSUL (1 Strip isi 10 Kapsul),nutrafor chol,nutrafor chol kapsul strip isi kapsul,nutrafor chol kapsul strip kapsul,nutrafor chol kapsul strip kapsul,8.0,5.0,3.0,37.5
Klik K24,FENOSUP LIDOSE 160MG KAPSUL,fenosup lidos,fenosup lidose mg kapsul,fenosup lidose mg kapsul,fenosup lidose mg kapsul,4.0,4.0,0.0,0.0
Klik K24,ACETYLCYSTEINE ETERCON 200MG CAP 100S,acetylcysteine etorcon,acetylcysteine etercon mg cap s,acetylcysteine etercon mg cap,acetylcysteine etercon mg cap,5.0,4.0,1.0,20.0
Klik K24,DEXAHARSEN 0.5MG,dexaharsen,dexaharsen mg,dexaharsen mg,dexaharsen mg,2.0,2.0,0.0,0.0
Klik K24,CEFIXIME DEXA 200MG KAPSUL (1 Dos isi 10 Strip @10 Tablet),cefixime dexam,cefixime dexa mg kapsul dos isi strip tablet,cefixime dexa mg kapsul dos strip tablet,cefixime dexa mg kapsul dos strip tablet,11.0,7.0,4.0,36.4
Klik K24,IRVASK 150MG TABLET,irvask,irvask mg tablet,irvask mg tablet,irvask mg tablet,3.0,3.0,0.0,0.0
Klik K24,IRVASK 300MG TABLET,irvask,irvask mg tablet,irvask mg tablet,irvask mg tablet,3.0,3.0,0.0,0.0
Klik K24,APROVEL 150MG TABLET,aprovil 150mg,aprovel mg tablet,aprovel mg tablet,aprovel mg tablet,3.0,3.0,0.0,0.0
Klik K24,APROVEL 300MG TABLET,aprovil,aprovel mg tablet,aprovel mg tablet,aprovel mg tablet,3.0,3.0,0.0,0.0
Klik K24,IRTAN 300MG TABLET,irtan,irtan mg tablet,irtan mg tablet,irtan mg tablet,3.0,3.0,0.0,0.0
Klik K24,IRVELL 150MG TABLET,irvell,irvell mg tablet,irvell mg tablet,irvell mg tablet,3.0,3.0,0.0,0.0
Klik K24,IRVELL 300MG TABLET,irvell,irvell mg tablet,irvell mg tablet,irvell mg tablet,3.0,3.0,0.0,0.0
Klik K24,IRBESARTAN 300MG TABLET,irbesartan,irbesartan mg tablet,irbesartan mg tablet,irbesartan mg tablet,3.0,3.0,0.0,0.0
Klik K24,CO-APROVEL 300/12.5MG TABLET,co-aprovel,coaprovel mg tablet,coaprovel mg tablet,coaprovel mg tablet,3.0,3.0,0.0,0.0
Klik K24,IRBESARTAN 150MG TABLET,irbesartan,irbesartan mg tablet,irbesartan mg tablet,irbesartan mg tablet,3.0,3.0,0.0,0.0
Klik K24,AMLODIPINE SELES 5MG KAPLET,amlopidine,amlodipine seles mg kaplet,amlodipine seles mg,amlodipine les mg,4.0,3.0,1.0,25.0
Klik K24,ZENICARDO 5MG (1 strip isi 10 kaplet),zenicardo,zenicardo mg strip isi kaplet,zenicardo mg strip,zenicardo mg strip,7.0,3.0,4.0,57.1
Klik K24,VALSARTAN INTERBAT 160MG (1 strip isi 7 kapsul),valsartan interbat,valsartan interbat mg strip isi kapsul,valsartan interbat mg strip kapsul,valsartan interbat mg strip kapsul,8.0,5.0,3.0,37.5
Klik K24,AMLODIPINE MEGA LIFESCIENCES 10MG (1 dos isi 100 tablet),amlopin,amlodipine mega lifesciences mg dos isi tablet,amlodipine mega lifesciences mg dos tablet,amlodipine mega lifesciences mg dos tablet,9.0,6.0,3.0,33.3
Klik K24,AMLODIPINE BETA 5MG (1 strip isi 10 tablet),amlopidine,amlodipine beta mg strip isi tablet,amlodipine beta mg strip tablet,amlodipine beta mg strip tablet,8.0,5.0,3.0,37.5
Klik K24,TELMISARTAN NOVELL 80MG TABLET,telmisartan,telmisartan novell mg tablet,telmisartan novell mg tablet,telmisartan novell mg tablet,4.0,4.0,0.0,0.0
Klik K24,AMLODIPINE BERNO 10MG TABLET (1 Dos isi 10 Strip @10 Tablet),amlopidine,amlodipine berno mg tablet dos isi strip tablet,amlodipine berno mg tablet dos strip tablet,amlodipine berno mg tablet dos strip tablet,11.0,7.0,4.0,36.4
Klik K24,AMLODIPINE DEXA 10MG TABLET (1 Dos isi 50 Tablet),amloipine dexam,amlodipine dexa mg tablet dos isi tablet,amlodipine dexa mg tablet dos tablet,amlodipine dexa mg tablet dos tablet,9.0,6.0,3.0,33.3
Klik K24,PRIX 25MG TABLET,prix 25mg,prix mg tablet,prix mg tablet,prix mg tablet,3.0,3.0,0.0,0.0
Klik K24,HERBAMON,herbamon,herbamon,herbamon,herbamon,1.0,1.0,0.0,0.0
Klik K24,PEHAVASK 5MG TABLET,pehavask,pehavask mg tablet,pehavask mg tablet,pehavask mg tablet,3.0,3.0,0.0,0.0
Klik K24,V BLOC 6.25MG TABLET,v bloc,v bloc mg tablet,bloc mg tablet,bloc mg tablet,4.0,3.0,1.0,25.0
Klik K24,ZANIDIP 10MG TABLET 28’S,zanidip,zanidip mg tablet ’s,zanidip mg tablet ’s,zanidip mg tablet s,4.0,4.0,0.0,0.0
Klik K24,NOPERTEN 10MG TABLET,noperten,noperten mg tablet,noperten mg tablet,noperten mg tablet,3.0,3.0,0.0,0.0
Klik K24,TANAPRESS 10MG TABLET,tanapress,tanapress mg tablet,tanapress mg tablet,tanapress mg tablet,3.0,3.0,0.0,0.0
Klik K24,INTERPRIL 5MG TABLET,interpril,interpril mg tablet,interpril mg tablet,interpril mg tablet,3.0,3.0,0.0,0.0
Klik K24,CONCOR AM 5/10MG TABLET,concor,concor am mg tablet,concor am mg tablet,concor am mg tablet,4.0,4.0,0.0,0.0
Klik K24,BIOGESIC 500MG TABLET,biogesic,biogesic mg tablet,biogesic mg tablet,biogesic mg tablet,3.0,3.0,0.0,0.0
Klik K24,ITRAMOL SIRUP 60ML,itramol sirup,itramol sirup ml,itramol sirup,itramol sirup,3.0,2.0,1.0,33.3
Klik K24,HUFAGRIPP DEMAM 500MG CAPL 100S,hufagripp demam,hufagripp demam mg capl s,hufagripp demam mg capl,hufagripp demam mg capl,5.0,4.0,1.0,20.0
Klik K24,SANMOL F 650MG TABLET per Strip isi 4 Tablet,sanmol f,sanmol f mg tablet per strip isi tablet,sanmol mg tablet strip tablet,sanmol mg tablet strip tablet,9.0,5.0,4.0,44.4
Klik K24,GRAFADON DROP 15ML,grafadon drop,grafadon drop ml,grafadon drop,grafadon drop,3.0,2.0,1.0,33.3
Klik K24,PANADOL SIRUP 30ML,panadol sirup,panadol sirup ml,panadol sirup,panadol sirup,3.0,2.0,1.0,33.3
Klik K24,NAPREX SIRUP 60ML,naprex sirup,naprex sirup ml,naprex sirup,naprex sirup,3.0,2.0,1.0,33.3
Klik K24,METAMIZOLE MARIN 500MG TABLET,metamizole marin,metamizole marin mg tablet,metamizole marin mg tablet,metamizole marin mg tablet,4.0,4.0,0.0,0.0
Klik K24,METAMIZOLE PIM 500MG KAPLET,metamizole pim,metamizole pim mg kaplet,metamizole pim mg,metamizole pim mg,4.0,3.0,1.0,25.0
Klik K24,MIRASIC 120MG/ML SIRUP 60ML,mirasic sirup,mirasic mgml sirup ml,mirasic mgml sirup,mirasic mgml sirup,4.0,3.0,1.0,25.0
Klik K24,GRAFADON 500MG KAPLET,grafadon,grafadon mg kaplet,grafadon mg,grafadon mg,3.0,2.0,1.0,33.3
Klik K24,MIRASIC FORTE 650MG TABLET,mirasic forte,mirasic forte mg tablet,mirasic forte mg tablet,mirasic forte mg tablet,4.0,4.0,0.0,0.0
Klik K24,NOVAGESIC 500MG TABLET,novagesic,novagesic mg tablet,novagesic mg tablet,novagesic mg tablet,3.0,3.0,0.0,0.0
Klik K24,NOVAGESIC SIRUP 60ML,novagesic sirup,novagesic sirup ml,novagesic sirup,novagesic sirup,3.0,2.0,1.0,33.3
Klik K24,NUFADOL TABLET,nufadol,nufadol tablet,nufadol tablet,nufadol tablet,2.0,2.0,0.0,0.0
Klik K24,METAMIZOLE HOLI 500MG KAPLET,metamizole holi,metamizole holi mg kaplet,metamizole holi mg,metamizole holi mg,4.0,3.0,1.0,25.0
Klik K24,FASIDOL 160MG/5ML FORTE SIRUP 60ML,fasidol sirup,fasidol mgml forte sirup ml,fasidol mgml forte sirup,fasidol mgml forte sirup,5.0,4.0,1.0,20.0
Klik K24,FARMADOL 500MG TABLET,farmadol,farmadol mg tablet,farmadol mg tablet,farmadol mg tablet,3.0,3.0,0.0,0.0
Klik K24,ITRAMOL 500MG KAPLET,itramol,itramol mg kaplet,itramol mg,itramol mg,3.0,2.0,1.0,33.3
Klik K24,PARACETAMOL MEF SIRUP 60ML,paracetamol mef sirup,paracetamol mef sirup ml,paracetamol mef sirup,paracetamol mef sirup,4.0,3.0,1.0,25.0
Klik K24,FARSIFEN PLUS KAPSUL,farsifen plus,farsifen plus kapsul,farsifen kapsul,farsifen kapsul,3.0,2.0,1.0,33.3
Klik K24,FARSIFEN 200MG TABLET,farsifen,farsifen mg tablet,farsifen mg tablet,farsifen mg tablet,3.0,3.0,0.0,0.0
Klik K24,PROFENAL KAPLET,profenal,profenal kaplet,profenal,profenal,2.0,1.0,1.0,50.0
Klik K24,GINIFAR 500MG TABLET,ginifar,ginifar mg tablet,ginifar mg tablet,ginifar mg tablet,3.0,3.0,0.0,0.0
Klik K24,FASIDOL 125MG/5ML SIRUP 60ML,fasidol sirup,fasidol mgml sirup ml,fasidol mgml sirup,fasidol mgml sirup,4.0,3.0,1.0,25.0
Klik K24,TERMOREX SIRUP 60ML,thermorex sirup,termorex sirup ml,termorex sirup,termorex sirup,3.0,2.0,1.0,33.3
Klik K24,CONTREXYN TABLET,contrexy,contrexyn tablet,contrexyn tablet,contrexyn tablet,2.0,2.0,0.0,0.0
Klik K24,TEMPRA JERUK DROP 15ML,tempra jeruk drop,tempra jeruk drop ml,tempra jeruk drop,tempra jeruk drop,4.0,3.0,1.0,25.0
Klik K24,PROGESIC TABLET,progesic,progesic tablet,progesic tablet,progesic tablet,2.0,2.0,0.0,0.0
Klik K24,MENARA 5 PUYER SAKIT PERUT,menara 5 puyer,menara puyer sakit perut,menara puyer perut,menara puyer perut,5.0,3.0,2.0,40.0
Klik K24,PIL SAKIT PERUT CAP LANG (PSP),pil sakit perut cap lang,pil sakit perut cap lang psp,pil perut cap lang psp,pil perut cap lang psp,6.0,5.0,1.0,16.7
Klik K24,KETOROLAC BERNOFARM 10MG TAB 30S,ketorolac,ketorolac bernofarm mg tab s,ketorolac bernofarm mg tab,ketorolac bernofarm mg tab,5.0,4.0,1.0,20.0
Klik K24,KETOROLAC NULAB 10MG TABLET,ketorolac,ketorolac nulab mg tablet,ketorolac nulab mg tablet,ketorolac nulab mg tablet,4.0,4.0,0.0,0.0
Klik K24,TORASIC 10MG TABLET,torasic,torasic mg tablet,torasic mg tablet,torasic mg tablet,3.0,3.0,0.0,0.0
Klik K24,KETOROLAC NOVELL 10MG TABLET,ketorolac,ketorolac novell mg tablet,ketorolac novell mg tablet,ketorolac novell mg tablet,4.0,4.0,0.0,0.0
Klik K24,PUYER SAKIT KEPALA NO 19,puyer sakit kepala,puyer sakit kepala no,puyer kepala no,puyer kepala no,5.0,3.0,2.0,40.0
Klik K24,TAY PIN SAN PUYER SAKIT PERUT SACHET (1 Dos isi 12 Sachet),tay pin san puyer,tay pin san puyer sakit perut sachet dos isi sachet,tay pin san puyer perut dos,tay pin san puyer perut dos,12.0,6.0,6.0,50.0
Klik K24,PUYER OBAT SAKIT KEPALA NO 38,puyer obat sakit kepal,puyer obat sakit kepala no,puyer obat kepala no,puyer obat kepala no,6.0,4.0,2.0,33.3
Klik K24,PANADOL ANAK CHEW TABLET,panadol anak chew,panadol anak chew tablet,panadol chew tablet,panadol chew tablet,4.0,3.0,1.0,25.0
Klik K24,INZANA TABLET,inzana,inzana tablet,inzana tablet,inzana tablet,2.0,2.0,0.0,0.0
Klik K24,IKACETAMOL SYR,ikacetamol,ikacetamol syr,ikacetamol syr,ikacetamol syr,2.0,2.0,0.0,0.0
Klik K24,OTTOPAN 120MG/5ML SIRUP 60ML,ottopan sirup,ottopan mgml sirup ml,ottopan mgml sirup,ottopan mgml sirup,4.0,3.0,1.0,25.0
Klik K24,BODREX TABLET,bodrex,bodrex tablet,bodrex tablet,bodrex tablet,2.0,2.0,0.0,0.0
Klik K24,SANMOL TABLET 500MG per Strip isi 4 Tablet,sanmol tablet,sanmol tablet mg per strip isi tablet,sanmol tablet mg strip tablet,sanmol tablet mg strip tablet,8.0,5.0,3.0,37.5
Klik K24,PRORIS FORTE 200MG/5ML SUSP 50ML,proris forte,proris forte mgml susp ml,proris forte mgml susp,proris forte mgml susp,5.0,4.0,1.0,20.0
Klik K24,HUFAGRIPP TMP SUSP 60ML,hufagripp tmp,hufagripp tmp susp ml,hufagripp tmp susp,hufagripp tmp susp,4.0,3.0,1.0,25.0
Klik K24,MIRASIC 500MG TABLET,mirasic,mirasic mg tablet,mirasic mg tablet,mirasic mg tablet,3.0,3.0,0.0,0.0
Klik K24,FARSIFEN FORTE 200MG/5ML SUSP 60ML,farsifen forte,farsifen forte mgml susp ml,farsifen forte mgml susp,farsifen forte mgml susp,5.0,4.0,1.0,20.0
Klik K24,ERPHAMOL SIRUP 60ML,erphamol sirup,erphamol sirup ml,erphamol sirup,erphamol sirup,3.0,2.0,1.0,33.3
Klik K24,ERPHAMOL DROP,erphamol drop,erphamol drop,erphamol drop,erphamol drop,2.0,2.0,0.0,0.0
Klik K24,ERPHAMOL 500MG KAPLET,erphamol,erphamol mg kaplet,erphamol mg,erphamol mg,3.0,2.0,1.0,33.3
Klik K24,PROSINAL SUSP 60ML,prosinal susp,prosinal susp ml,prosinal susp,prosinal susp,3.0,2.0,1.0,33.3
Klik K24,MAGANOL 500MG TABLET,maganol,maganol mg tablet,maganol mg tablet,maganol mg tablet,3.0,3.0,0.0,0.0
Klik K24,PANADOL EXTRA TABLET (Per Strip isi 10 Tablet),panadol extra,panadol extra tablet per strip isi tablet,panadol extra tablet strip tablet,panadol extra tablet strip tablet,8.0,5.0,3.0,37.5
Klik K24,PRONTO TABLET,pronto,pronto tablet,pronto tablet,pronto tablet,2.0,2.0,0.0,0.0
Klik K24,MINYAK ANGIN POLAR BEAR 8ML,minyak angin polar bear,minyak angin polar bear ml,minyak angin polar bear,minyak angin polar bear,5.0,4.0,1.0,20.0
Klik K24,PARAMEX TABLET (1 Strip isi 4 Tablet),paramax tablet,paramex tablet strip isi tablet,paramex tablet strip tablet,paramex tablet strip tablet,7.0,4.0,3.0,42.9
Klik K24,ANTALGIN PHYTO 500MG TABLET,antalgin phyto,antalgin phyto mg tablet,antalgin phyto mg tablet,antalgin phyto mg tablet,4.0,4.0,0.0,0.0
Klik K24,LAMESON 4MG TABLET,lameson,lameson mg tablet,lameson mg tablet,lameson mg tablet,3.0,3.0,0.0,0.0
Klik K24,BODREXIN PILEK ALERGI PE SYR 56ML,bodrexin pilek,bodrexin pilek alergi pe syr ml,bodrexin pilek alergi pe syr,bodrexin pilek alergi pe syr,6.0,5.0,1.0,16.7
Klik K24,PANADOL FLU & BATUK KAPLET,panadol flu batuk,panadol flu batuk kaplet,panadol flu batuk,panadol flu batuk,5.0,3.0,2.0,40.0
Klik K24,BODREXIN FLU & BATUK PE SIRUP 56ML,bodrexin flu & batuk,bodrexin flu batuk pe sirup ml,bodrexin flu batuk pe sirup,bodrexin flu batuk pe sirup,7.0,5.0,2.0,28.6
Klik K24,BODREXIN FLU & BATUK PE DRY SIRUP 60ML,bodrexin flu & batuk pe dry sirup,bodrexin flu batuk pe dry sirup ml,bodrexin flu batuk pe dry sirup,bodrexin flu batuk pe dry sirup,8.0,6.0,2.0,25.0
Klik K24,BODREXIN DEMAM SIRUP 60ML,bodrexin demam sirup,bodrexin demam sirup ml,bodrexin demam sirup,bodrexin demam sirup,4.0,3.0,1.0,25.0
Klik K24,BODREXIN FLU & BATUK TIDAK BERDAHAK DPH SIRUP 56ML,bodrexin flu batuk,bodrexin flu batuk tidak berdahak dph sirup ml,bodrexin flu batuk berdahak dph sirup,bodrexin flu batuk dahak dph sirup,9.0,6.0,3.0,33.3
Klik K24,COLDREXIN PILEK&DEMAM SIRUP 60ML,coldrexin pilek&demam sirup,coldrexin pilekdemam sirup ml,coldrexin pilekdemam sirup,coldrexin pilekdemam sirup,4.0,3.0,1.0,25.0
Klik K24,BODREXIN DEMAM JERUK DROP 15ML,bodrexin demam jeruk,bodrexin demam jeruk drop ml,bodrexin demam jeruk drop,bodrexin demam jeruk drop,5.0,4.0,1.0,20.0
Klik K24,DECOLGEN KIDS FLU SIRUP 60ML,decolgen kids flu sirup,decolgen kids flu sirup ml,decolgen kids flu sirup,decolgen kids flu sirup,5.0,4.0,1.0,20.0
Klik K24,BODREXIN DEMAM FORTE JERUK SUSPENSI 60ML,bodrexin demam jeruk suspensi,bodrexin demam forte jeruk suspensi ml,bodrexin demam forte jeruk suspensi,bodrexin demam forte jeruk suspensi,6.0,5.0,1.0,16.7
Klik K24,BODREXIN DEMAM JERUK DRY SYR 60ML,bodrexin demam jeruk,bodrexin demam jeruk dry syr ml,bodrexin demam jeruk dry syr,bodrexin demam jeruk dry syr,6.0,5.0,1.0,16.7
Klik K24,PANADOL COLD FLU REG TABLET,panadol cold flu,panadol cold flu reg tablet,panadol cold flu reg tablet,panadol cold flu reg tablet,5.0,5.0,0.0,0.0
Klik K24,TRIAMINIC BATUK PILEK SIRUP 60ML,triaminic batuk pilek sirup,triaminic batuk pilek sirup ml,triaminic batuk pilek sirup,triaminic batuk pilek sirup,5.0,4.0,1.0,20.0
Klik K24,MIXAGRIP FLU & BATUK TABLET,mixagrip,mixagrip flu batuk tablet,mixagrip flu batuk tablet,mixagrip flu batuk tablet,5.0,4.0,1.0,20.0
Klik K24,PIMTRAKOL CHERRY SYR 60ML,pimtrakol cherry syr,pimtrakol cherry syr ml,pimtrakol cherry syr,pimtrakol cherry syr,4.0,3.0,1.0,25.0
Klik K24,DONEXAN TABLET (1 strip isi 10 tablet),donexan,donexan tablet strip isi tablet,donexan tablet strip tablet,donexan tablet strip tablet,7.0,4.0,3.0,42.9
Klik K24,FLUTOP C TABLET,flutop c,flutop c tablet,flutop tablet,flutop tablet,3.0,2.0,1.0,33.3
Klik K24,FEBRINEX SIRUP 60ML,febrinex sirup,febrinex sirup ml,febrinex sirup,febrinex sirup,3.0,2.0,1.0,33.3
Klik K24,SILADEX FLU SIRUP 60 ML,sildex flu sirup,siladex flu sirup ml,siladex flu sirup,siladex flu sirup,5.0,3.0,2.0,40.0
Klik K24,BROCHIFAR KAPLET,brochifar kaplet,brochifar kaplet,brochifar,brochifar,2.0,1.0,1.0,50.0
Klik K24,MOLEXFLU PE KAPSUL,molexflu pe,molexflu pe kapsul,molexflu pe kapsul,molexflu pe kapsul,3.0,3.0,0.0,0.0
Klik K24,AFLUCAPS PE KAPLET,aflucaps pe,aflucaps pe kaplet,aflucaps pe,aflucaps pe,3.0,2.0,1.0,33.3
Klik K24,PROMEDEX TABLET (1 Strip isi 10 Tablet),promedex,promedex tablet strip isi tablet,promedex tablet strip tablet,promedex tablet strip tablet,7.0,4.0,3.0,42.9
Klik K24,HUSTADIN SIRUP 60ML,hustadin sirup,hustadin sirup ml,hustadin sirup,hustadin sirup,3.0,2.0,1.0,33.3
Klik K24,SANAFLU TABLET,sanaflu,sanaflu tablet,sanaflu tablet,sanaflu tablet,2.0,2.0,0.0,0.0
Klik K24,ALERFED TABLET,alferfed,alerfed tablet,alerfed tablet,alerfed tablet,2.0,2.0,0.0,0.0
Klik K24,FLUCADEX PE FLU DAN BATUK BERDAHAK (1 strip isi 10 kaplet),flu cadex,flucadex pe flu dan batuk berdahak strip isi kaplet,flucadex pe flu batuk berdahak strip,flucadex pe flu batuk dahak strip,11.0,6.0,5.0,45.5
Klik K24,NEO UNIBEBI COUGH SYR 60ML,neo unibebi cough syr,neo unibebi cough syr ml,neo unibebi cough syr,neo unibebi cough syr,5.0,4.0,1.0,20.0
Klik K24,ANTIZA SIRUP 60ML,antiza sirup,antiza sirup ml,antiza sirup,antiza sirup,3.0,2.0,1.0,33.3
Klik K24,ULTRAFLU FLU & BATUK (1 strip isi 4 kaplet),ultraflu flu batuk,ultraflu flu batuk strip isi kaplet,ultraflu flu batuk strip,ultraflu flu batuk strip,9.0,4.0,5.0,55.6
Klik K24,OBH COMBI PLUS BATUK FLU MENTHOL SIRUP 100ML,obh combi plus batuk flu menthol sirup,obh combi plus batuk flu menthol sirup ml,obh combi batuk flu menthol sirup,obh combi batuk flu menthol sirup,8.0,6.0,2.0,25.0
Klik K24,BETADINE GARGLE 190ML,betadine gargle,betadine gargle ml,betadine gargle,betadine gargle,3.0,2.0,1.0,33.3
Klik K24,OBH COMBI BATUK BERDAHAK MENTHOL SIRUP 100ML (GEPENG),obh combi batuk menthol sirup,obh combi batuk berdahak menthol sirup ml gepeng,obh combi batuk berdahak menthol sirup,obh combi batuk dahak menthol sirup,8.0,6.0,2.0,25.0
Klik K24,DIXOL ALKOHOL 70% 100ML,dixol alkohol,dixol alkohol ml,dixol alkohol,dixol alkohol,4.0,2.0,2.0,50.0
Klik K24,DIXOL ALKOHOL 70% 500ML REFILL,dixol alkohol,dixol alkohol ml refill,dixol alkohol refill,dixol alkohol refill,5.0,3.0,2.0,40.0
Klik K24,DIXOL ALKOHOL 70% 1L REFILL,dixol alkohol,dixol alkohol l refill,dixol alkohol refill,dixol alkohol refill,5.0,3.0,2.0,40.0
Klik K24,DIXOL ALKOHOL 70% 250ML REFILL,dixol alkohol,dixol alkohol ml refill,dixol alkohol refill,dixol alkohol refill,5.0,3.0,2.0,40.0
Klik K24,DIXOL ALKOHOL 70% 5L REFILL,dixol alkohol,dixol alkohol l refill,dixol alkohol refill,dixol alkohol refill,5.0,3.0,2.0,40.0
Klik K24,GIOVAN ANTISEPTIK 100ML,giovan antiseptik,giovan antiseptik ml,giovan antiseptik,giovan antiseptik,3.0,2.0,1.0,33.3
Klik K24,AFI ALKOHOL 95% 100ML,afi alkohol,afi alkohol ml,afi alkohol,afi alkohol,4.0,2.0,2.0,50.0
Klik K24,AFI ALKOHOL 95% 300ML,afi alkohol,afi alkohol ml,afi alkohol,afi alkohol,4.0,2.0,2.0,50.0
Klik K24,ALKOHOL 70% ONE MED 300ML,alkohol one med,alkohol one med ml,alkohol one med,alkohol one med,5.0,3.0,2.0,40.0
Klik K24,ALKOHOL 70% ONE MED 1000ML,alkohol one med,alkohol one med ml,alkohol one med,alkohol one med,5.0,3.0,2.0,40.0
Klik K24,TOTAL CARE ANTISEPTIK NASAL SPRAY 20ML,total care antiseptik nasal spray,total care antiseptik nasal spray ml,total care antiseptik spray,total care antiseptik spray,6.0,4.0,2.0,33.3
Klik K24,HANSAPLAST ANTISEPTIK PEMBERSIH LUKA 40ML SPRAY,hansaplast antiseptik,hansaplast antiseptik pembersih luka ml spray,hansaplast antiseptik pembersih luka spray,hansaplast antiseptik bersih luka spray,6.0,5.0,1.0,16.7
Klik K24,ALKOHOL 70% ONE MED 100ML,alkohol one med,alkohol one med ml,alkohol one med,alkohol one med,5.0,3.0,2.0,40.0
Klik K24,RIVANOL MOLEX AYUS 100ML,rivanol molex ayus,rivanol molex ayus ml,rivanol molex ayus,rivanol molex ayus,4.0,3.0,1.0,25.0
Klik K24,ALKOHOL 70% IKA 500ML,ika alkohol,alkohol ika ml,alkohol ika,alkohol ika,4.0,2.0,2.0,50.0
Klik K24,PUREKIDS ITCHY CR 15G,purekids itchy cr,purekids itchy cr g,purekids itchy cr,purekids itchy cr,4.0,3.0,1.0,25.0
Klik K24,PUREKIDS TOOTHPASTE BANANA 50G,purekids toothpaste banana,purekids toothpaste banana g,purekids toothpaste banana,purekids toothpaste banana,4.0,3.0,1.0,25.0
Klik K24,PUREKIDS TOOTHPASTE STRAW 50G,purekids toothpaste,purekids toothpaste straw g,purekids toothpaste straw,purekids toothpaste straw,4.0,3.0,1.0,25.0
Klik K24,DIXOL HAND SANITIZER GEL 500ML PUMP,dixol hand sanitizer,dixol hand sanitizer gel ml pump,dixol hand sanitizer gel pump,dixol hand sanitizer gel pump,6.0,5.0,1.0,16.7
Klik K24,DIXOL HAND SANITIZER LIQUID 100ML SPRAY,dixol hand sanitizer,dixol hand sanitizer liquid ml spray,dixol hand sanitizer liquid spray,dixol hand sanitizer liquid spray,6.0,5.0,1.0,16.7
Klik K24,DIXOL HAND SANITIZER LIQUID 500ML REFILL,dixol hand sanitizer,dixol hand sanitizer liquid ml refill,dixol hand sanitizer liquid refill,dixol hand sanitizer liquid refill,6.0,5.0,1.0,16.7
Klik K24,DIXOL HAND SANITIZER GEL 250ML PUMP,dixol hand sanitizer,dixol hand sanitizer gel ml pump,dixol hand sanitizer gel pump,dixol hand sanitizer gel pump,6.0,5.0,1.0,16.7
Klik K24,DIXOL HAND SANITIZER LIQUID 500ML PUMP,dixol hand sanitizer,dixol hand sanitizer liquid ml pump,dixol hand sanitizer liquid pump,dixol hand sanitizer liquid pump,6.0,5.0,1.0,16.7
Klik K24,ALKOHOL 70% IKA 100ML,ika alkohol,alkohol ika ml,alkohol ika,alkohol ika,4.0,2.0,2.0,50.0
Klik K24,ALKOHOL 70% SEINO 285ML,alkohol seino,alkohol seino ml,alkohol seino,alkohol seino,4.0,2.0,2.0,50.0
Klik K24,AXIMED ALKOHOL SWAB 100S,aximed alkohol swab,aximed alkohol swab s,aximed alkohol swab,aximed alkohol swab,4.0,3.0,1.0,25.0
Klik K24,ALTAMED ALKOHOL SWAB (1 BOX isi 100PCS),altamed alkohol swab,altamed alkohol swab box isi pcs,altamed alkohol swab,altamed alkohol swab,7.0,3.0,4.0,57.1
Klik K24,ONE SWABS ALKOHOL SWAB (1 dos isi 100 pcs),one swabs alkohol,one swabs alkohol swab dos isi pcs,one swabs alkohol swab dos,one swabs alkohol swab dos,9.0,5.0,4.0,44.4
Klik K24,PUREKIDS EYE CARE (1 botol isi 30 tablet),purekids eye care,purekids eye care botol isi tablet,purekids eye care tablet,purekids eye care tablet,8.0,4.0,4.0,50.0
Klik K24,OCTEDINE 0.1% 50ML SPRAY,octedine,octedine ml spray,octedine spray,octedine spray,4.0,2.0,2.0,50.0
Klik K24,VITAMIN B COMP NOVA,vitamin b comp,vitamin b comp nova,vitamin comp nova,vitamin comp nova,4.0,3.0,1.0,25.0
Klik K24,VIDORAN GUMMY VITAMIN C,vidoran gummy vitamin c,vidoran gummy vitamin c,vidoran gummy vitamin,vidoran gummy vitamin,4.0,3.0,1.0,25.0
Klik K24,INAVITAMAX VITAMIN C KAPSUL,inavitamax vitamin c,inavitamax vitamin c kapsul,inavitamax vitamin kapsul,inavitamax vitamin kapsul,4.0,3.0,1.0,25.0
Klik K24,VITAMIN C PROMED 500MG,vitamin c promed,vitamin c promed mg,vitamin promed mg,vitamin promed mg,4.0,3.0,1.0,25.0
Klik K24,VITAMIN B COMP MARIN TABLET,vitamin b comp,vitamin b comp marin tablet,vitamin comp marin tablet,vitamin comp marin tablet,5.0,4.0,1.0,20.0
Klik K24,VITAMIN B COMP IPI TABLET,vitamin b comp ipi,vitamin b comp ipi tablet,vitamin comp ipi tablet,vitamin comp ipi tablet,5.0,4.0,1.0,20.0
Klik K24,VITAMIN B COMP PIM TABLET,vitamin b comp pim,vitamin b comp pim tablet,vitamin comp pim tablet,vitamin comp pim tablet,5.0,4.0,1.0,20.0
Klik K24,VITAMIN B COMP KF TABLET,vitamin b comp,vitamin b comp kf tablet,vitamin comp kf tablet,vitamin comp kf tablet,5.0,4.0,1.0,20.0
Klik K24,VITAMIN B COMP IMFARMIND TABLET,vitamin b comp,vitamin b comp imfarmind tablet,vitamin comp imfarmind tablet,vitamin comp imfarmind tablet,5.0,4.0,1.0,20.0
Klik K24,VITAMIN B COMP NOVAPHARIN KAPLET,vitamin b,vitamin b comp novapharin kaplet,vitamin comp novapharin,vitamin comp novapharin,5.0,3.0,2.0,40.0
Klik K24,VITAMIN C KF 100MG TABLET,vitamin c,vitamin c kf mg tablet,vitamin kf mg tablet,vitamin kf mg tablet,5.0,4.0,1.0,20.0
Klik K24,VITAMIN C TRIMAN 500MG KAPLET,vitamin c triman,vitamin c triman mg kaplet,vitamin triman mg,vitamin trim mg,5.0,3.0,2.0,40.0
Klik K24,VITAMIN C BALATIF 50MG TABLET,vitamin c balatif,vitamin c balatif mg tablet,vitamin balatif mg tablet,vitamin balatif mg tablet,5.0,4.0,1.0,20.0
Klik K24,VITAMIN C PIM 25MG TABLET,vitamin c pim,vitamin c pim mg tablet,vitamin pim mg tablet,vitamin pim mg tablet,5.0,4.0,1.0,20.0
Klik K24,VITAMIN C KF 250MG TABLET,vitamin c,vitamin c kf mg tablet,vitamin kf mg tablet,vitamin kf mg tablet,5.0,4.0,1.0,20.0
Klik K24,VITAMIN C MEF 25MG TABLET,vitamin c mef,vitamin c mef mg tablet,vitamin mef mg tablet,vitamin mef mg tablet,5.0,4.0,1.0,20.0
Klik K24,VITAMIN C IMFARMIND 250MG TABLET,vitamin c imfarmind,vitamin c imfarmind mg tablet,vitamin imfarmind mg tablet,vitamin imfarmind mg tablet,5.0,4.0,1.0,20.0
Klik K24,YOUVIT CURCUMA VITAMIN GUMMY SACHET,youvit curcuma vitamin gummy,youvit curcuma vitamin gummy sachet,youvit curcuma vitamin gummy,youvit curcuma vitamin gummy,5.0,4.0,1.0,20.0
Klik K24,VITAMIN B12 HOLI 50MCG TABLET,vitamin b12 holi,vitamin b holi mcg tablet,vitamin holi mcg tablet,vitamin holi mcg tablet,5.0,4.0,1.0,20.0
Klik K24,EGOJI SIRUP ANGGUR 50ML,egoji sirup anggur,egoji sirup anggur ml,egoji sirup anggur,egoji sirup anggur,4.0,3.0,1.0,25.0
Klik K24,VITAMIN B COMPLEX IPI (isi 80 tablet),vitamin b complex,vitamin b complex ipi isi tablet,vitamin complex ipi tablet,vitamin complex ipi tablet,7.0,4.0,3.0,42.9
Klik K24,VITAMIN B COMP IPI TAB 45S TUBE,vitamin b comp ipi,vitamin b comp ipi tab s tube,vitamin comp ipi tab tube,vitamin comp ipi tab tube,7.0,5.0,2.0,28.6
Klik K24,NUTRIMAX C PLUS JUNIOR (1 botol isi 30 tablet kunyah),nutrimax c plus junior,nutrimax c plus junior botol isi tablet kunyah,nutrimax tablet kunyah,nutrimax tablet kunyah,10.0,3.0,7.0,70.0
Klik K24,BECEFORT KAPLET (per Strip isi 4 Kaplet),becefort,becefort kaplet per strip isi kaplet,becefort strip,becefort strip,7.0,2.0,5.0,71.4
Klik K24,BENOVIT C TABLET,benovit c,benovit c tablet,benovit tablet,benovit tablet,3.0,2.0,1.0,33.3
Klik K24,ENERVON ACTIVE (Isi 30 Kaplet),enervon active,enervon active isi kaplet,enervon active,enervon active,5.0,2.0,3.0,60.0
Klik K24,ARKAVIT C TABLET,arkavit c,arkavit c tablet,arkavit tablet,arkavit tablet,3.0,2.0,1.0,33.3
Klik K24,BIOSANBE KIDS SIRUP120ML,biosanbe sirup,biosanbe kids sirupml,biosanbe kids sirupml,biosanbe kids sirupml,3.0,3.0,0.0,0.0
Klik K24,REDOXON KIDS VIT C 200MG JERUK CHEW TABLET,reodoxon kids vit c,redoxon kids vit c mg jeruk chew tablet,redoxon kids vit mg jeruk chew tablet,redoxon kids vit mg jeruk chew tablet,8.0,7.0,1.0,12.5
Klik K24,SGM EKSPLOR GAIN OPTIGROW 1 PLUS VANILA MADU 400G BOX,eksplor gain optigrow 1 plus vanila madu,sgm eksplor gain optigrow plus vanila madu g box,sgm eksplor gain optigrow vanila madu,sgm eksplor gain optigrow vanila madu,10.0,6.0,4.0,40.0
Klik K24,SGM ANANDA GAIN 100 0-12BLN 400G BOX,ananda gain,sgm ananda gain bln g box,sgm ananda gain bln,sgm ananda gain bln,7.0,4.0,3.0,42.9
Klik K24,LOVAMIL HAMIL COKLAT 200G,lovamil coklat,lovamil hamil coklat g,lovamil hamil coklat,lovamil hamil coklat,4.0,3.0,1.0,25.0
Klik K24,PIGEON BOTOL PP PERISTALTIC NIPPLE 240ML,pigeon botol pp peristaltic nipple,pigeon botol pp peristaltic nipple ml,pigeon pp peristaltic nipple,pigeon pp peristaltic nipple,6.0,4.0,2.0,33.3
Klik K24,VIDORAN XMART MILK 1 PLUS VANILA 725G BOX,vidoran xmart milk,vidoran xmart milk plus vanila g box,vidoran xmart milk vanila,vidoran xmart milk vanila,8.0,4.0,4.0,50.0
Klik K24,BMT GOLD 1 0-6BLN 190G BOX,bmt gold,bmt gold bln g box,bmt gold bln,bmt gold bln,6.0,3.0,3.0,50.0
Klik K24,BEBELAC GOLD SOYA 3 VANILA 360G BOX,bebelac gold soya vanila,bebelac gold soya vanila g box,bebelac gold soya vanila,bebelac gold soya vanila,7.0,4.0,3.0,42.9
Klik K24,DODO MILK CONTAINER SMALL 3 LAYER,dodo milk container,dodo milk container small layer,dodo milk container layer,dodo milk container layer,6.0,4.0,2.0,33.3
Shopee,Jessen Freshcare Fresh care Smash / Fruity / Matcha / VapoBalm Minyak Angin Aromatherapy Roll ON,jessen freshcare smash,jessen freshcare fresh care smash fruity matcha vapobalm minyak angin aromatherapy roll on,jessen freshcare fresh care smash fruity matcha vapobalm minyak angin aromatherapy on,jessen freshcare fresh care smash fruity matcha vapobalm minyak angin aromatherapy on,16.0,12.0,4.0,25.0
Shopee,Masker Duckbill 50 Pcs Tebal Masker Duckbil Mix Warna Warni Face Mask,masker duckbill,masker duckbill pcs tebal masker duckbil mix warna warni face mask,masker duckbill masker duckbil warni face mask,masker duckbill masker duckbil warni face mask,12.0,7.0,5.0,41.7
Shopee,FRESH CARE Eucalyptus Patch Isi 12/ FreshCare Stiker Masker /Minyak Angin Aromatheraphy Roll On 10mL,fresh care eucalyptus patch,fresh care eucalyptus patch isi freshcare stiker masker minyak angin aromatheraphy roll on ml,fresh care eucalyptus patch freshcare stiker masker minyak angin aromatheraphy on,fresh care eucalyptus patch freshcare stiker masker minyak angin aromatheraphy on,15.0,11.0,4.0,26.7
Shopee,Minyak Kayu Putih Cap Lang,minyak kayu putih,minyak kayu putih cap lang,minyak kayu cap lang,minyak kayu cap lang,5.0,4.0,1.0,20.0
Shopee,Masker Duckbill Garis Facemask 1 Box Isi 50 Pcs (tersedia ecer 25pcs hitam dan putih),masker duckbill,masker duckbill garis facemask box isi pcs tersedia ecer pcs hitam dan putih,masker duckbill garis facemask,masker duckbill garis facemask,15.0,4.0,11.0,73.3
Shopee,Dental floss benang Busur tusuk gigi Macromolecul carea pembersih sela gigi isi 50 pcs LBX Lerch Flosser Toothpick,dental floss,dental floss benang busur tusuk gigi macromolecul carea pembersih sela gigi isi pcs lbx lerch flosser toothpick,dental floss benang busur tusuk gigi macromolecul carea pembersih gigi lbx lerch flosser toothpick,dental floss benang busur tusuk gigi macromolecul carea bersih gigi lbx lerch flosser toothpick,18.0,14.0,4.0,22.2
Shopee,OneMed Masker Medis Earloop per Box isi 50 pcs,onemed masker medis,onemed masker medis earloop per box isi pcs,onemed masker medis earloop,onemed masker medis earloop,9.0,4.0,5.0,55.6
Shopee,Ciptadent Pasta Gigi Maxi Jumbo Cool Mint 225g,ciptadent pasta gigi,ciptadent pasta gigi maxi jumbo cool mint g,ciptadent pasta gigi maxi cool mint,ciptadent pasta gigi maxi cool mint,8.0,6.0,2.0,25.0
Shopee,[GROSIR] MINYAK KAYU PUTIH CAPLANG 120 ML [EXP 2027],minyak kayu putih,grosir minyak kayu putih caplang ml exp,minyak kayu exp,minyak kayu exp,9.0,3.0,6.0,66.7
Shopee,MASKER KF94 MOUSON ISI 10PC Masker KF 94 4ply Masker 4D EVO isi 10pcs,masker kf94 mouson,masker kf mouson isi pc masker kf ply masker d evo isi pcs,masker kf mouson masker kf ply masker evo,masker kf mouson masker kf ply masker evo,14.0,8.0,6.0,42.9
Shopee,Masker Duckbill 3Ply FaceMask Premium Mask Putih Garis seperti Sensi/Masker Duckbill Y&B Care (50pcs),masker duckbill,masker duckbill ply facemask premium mask putih garis seperti sensimasker duckbill yb care pcs,masker duckbill ply facemask mask garis sensimasker duckbill yb care,masker duckbill ply facemask mask garis sensimasker duckbill yb care,14.0,10.0,4.0,28.6
Shopee,FRESH CARE FRESHCARE Aromatherapy Roll On | Minyak Angin I Teens I StoryofMU,fresh care aromatherapy,fresh care freshcare aromatherapy roll on minyak angin i teens i storyofmu,fresh care freshcare aromatherapy on minyak angin teens storyofmu,fresh care freshcare aromatherapy on minyak angin teens storyofmu,13.0,9.0,4.0,30.8
Shopee,Jessen Freshcare Minyak Angin Aromatherapy Fresh Care Inhaler 10ml (SATUAN / ECER),jessen freshcare minyak angin,jessen freshcare minyak angin aromatherapy fresh care inhaler ml satuan ecer,jessen freshcare minyak angin aromatherapy fresh care inhaler satuan,jessen freshcare minyak angin aromatherapy fresh care inhaler satu,12.0,9.0,3.0,25.0
Shopee,Ciptadent Pasta Gigi Maxi 12 Cool Mint Tube Plus Jumbo 225 gr,ciptadent pasta gigi,ciptadent pasta gigi maxi cool mint tube plus jumbo gr,ciptadent pasta gigi maxi cool mint tube,ciptadent pasta gigi maxi cool mint tube,12.0,7.0,5.0,41.7
Shopee,Medisoft Kapas Bola / Kapas bayi / Kapas Bulat / Kapas Medisoft isi 120 Bola Kapas,kapas medisoft,medisoft kapas bola kapas bayi kapas bulat kapas medisoft isi bola kapas,medisoft kapas bola kapas kapas kapas medisoft bola kapas,medisoft kapas bola kapas kapas kapas medisoft bola kapas,16.0,9.0,7.0,43.8
Shopee,Ciptadent Sikat Gigi Crystal Clean Medium Kotak Isi 3 Pcs,ciplat sikat gigi crystal clean,ciptadent sikat gigi crystal clean medium kotak isi pcs,ciptadent sikat gigi crystal clean,ciptadent sikat gigi crystal clean,10.0,5.0,5.0,50.0
Shopee,MASKER DUCKBILL HITAM FACEMASK ISI 50 PCS nobox,masker duckbill,masker duckbill hitam facemask isi pcs nobox,masker duckbill facemask nobox,masker duckbill facemask nobox,8.0,4.0,4.0,50.0
Shopee,MASKER DUCKBILL 10PCS 50pcs 1PACK 50 3PLY KEMENKES RI,masker duckbill,masker duckbill pcs pcs pack ply kemenkes ri,masker duckbill ply kemenkes ri,masker duckbill ply kemenkes ri,9.0,5.0,4.0,44.4
Shopee,SUHU Masker KF94 MOUSON 4Ply isi 10Pcs Putih Hitam Abu Warna KF 94 4Ply Earloop Surgical Mask,suhu masker kf94,suhu masker kf mouson ply isi pcs putih hitam abu warna kf ply earloop surgical mask,suhu masker kf mouson ply abu kf ply earloop surgical mask,suhu masker kf mouson ply abu kf ply earloop surgical mask,17.0,11.0,6.0,35.3
Shopee,Barakat Pasta Gigi Siwak & Greentea Tube 75 gr x3,barakat pasta gigi,barakat pasta gigi siwak greentea tube gr x,barakat pasta gigi siwak greentea tube,barakat pasta gigi siwak greentea tube,10.0,6.0,4.0,40.0
Shopee,Masker KF94 Korea 4 Ply 4 Lapis Warna Morandi Color Mask Pack Isi 10 pcs pelindung sekali pakai,masker korea,masker kf korea ply lapis warna morandi color mask pack isi pcs pelindung sekali pakai,masker kf korea ply lapis morandi color mask pelindung pakai,masker kf korea ply lapis morandi color mask lindung pakai,18.0,10.0,8.0,44.4
Shopee,MASKER DUCKBILL FACEMASK 3 PLY ISI 50 PCS PER KOTAK WARNA HITAM & PUTIH,masker duckbill facemask,masker duckbill facemask ply isi pcs per kotak warna hitam putih,masker duckbill facemask ply,masker duckbill facemask ply,14.0,4.0,10.0,71.4
Shopee,"MASKER DUCKBILL FM HITAM,PUTIH BAHAN TEBAL ISI 50PCS + BOX",masker duckbill,masker duckbill fm hitamputih bahan tebal isi pcs box,masker duckbill fm hitamputih,masker duckbill fm hitamputih,10.0,4.0,6.0,60.0
Shopee,TERMURAH MEDAN - MASKER DUCKBILL FACEMASK BERGARIS ISI 50PCS,masker duckbill,termurah medan masker duckbill facemask bergaris isi pcs,medan masker duckbill facemask bergaris,medan masker duckbill facemask gar,9.0,5.0,4.0,44.4
Shopee,Masker Duckbill Mouson ISI 50pcs emboss MOUSON 4ply disposable facemask,mouson facemask,masker duckbill mouson isi pcs emboss mouson ply disposable facemask,masker duckbill mouson emboss mouson ply disposable facemask,masker duckbill mouson emboss mouson ply disposable facemask,10.0,8.0,2.0,20.0
Shopee,FreshCare 10ml Minyak Angin Fresh Care Aromaterapi Aromatherapy Roll,freshcare minyak angin,freshcare ml minyak angin fresh care aromaterapi aromatherapy roll,freshcare minyak angin fresh care aromaterapi aromatherapy,freshcare minyak angin fresh care aromaterapi aromatherapy,9.0,7.0,2.0,22.2
Shopee,Fresh Care Minyak Aromaterapi Grosir Perbotol,fresh care minyak aromaterapi,fresh care minyak aromaterapi grosir perbotol,fresh care minyak aromaterapi perbotol,fresh care minyak aromaterapi botol,6.0,5.0,1.0,16.7
Shopee,MASKER DUCKBILL GARIS 3PLY SURGICAL ISI 50PCS/BOX [PERFECTHOME],masker duckbill,masker duckbill garis ply surgical isi pcsbox perfecthome,masker duckbill garis ply surgical pcsbox perfecthome,masker duckbill garis ply surgical pcsbox perfecthome,8.0,7.0,1.0,12.5
Shopee,Ciptadent Sikat Gigi Extra Clean Soft Kotak Isi 3 Pcs,ciptadent sikat gigi,ciptadent sikat gigi extra clean soft kotak isi pcs,ciptadent sikat gigi extra clean soft,ciptadent sikat gigi extra clean soft,10.0,6.0,4.0,40.0
Shopee,Masker Duckbil ALKINDO isi 50Pcs Putih Hitam Abu Warna Duckbill Earloop Surgical Mask,masker duckbil,masker duckbil alkindo isi pcs putih hitam abu warna duckbill earloop surgical mask,masker duckbil alkindo abu duckbill earloop surgical mask,masker duckbil alkindo abu duckbill earloop surgical mask,13.0,8.0,5.0,38.5
Shopee,Pasta Gigi NASA Solusi Masalah Bau Mulut / Mengatasi Gigi Berlubang / PGN NASA / Menyegarkan Nafas NASA,pasta gigi nasa,pasta gigi nasa solusi masalah bau mulut mengatasi gigi berlubang pgn nasa menyegarkan nafas nasa,pasta gigi nasa solusi bau mulut mengatasi gigi berlubang pgn nasa menyegarkan nafas nasa,pasta gigi nasa solusi bau mulut atas gigi lubang pgn nasa segar nafas nasa,18.0,14.0,4.0,22.2
Shopee,Timbangan Badan Kaca Digital - Elektronik 180kg KARTUN SCALE OLL - 2125,timbangan kaca digital,timbangan badan kaca digital elektronik kg kartun scale oll,timbangan badan kaca elektronik kartun scale oll,timbang badan kaca elektronik kartun scale oll,12.0,7.0,5.0,41.7
Shopee,MASKER KF94 UTAMA SACHET 10PC ORIGINAL,masker kf94,masker kf utama sachet pc original,masker kf,masker kf,6.0,2.0,4.0,66.7
Shopee,Masker Duckbill 50 Pcs Masker Duckbil Warna Hitam Putih Facemask 1 Box Mix Campur,masker duckbill,masker duckbill pcs masker duckbil warna hitam putih facemask box mix campur,masker duckbill masker duckbil facemask,masker duckbill masker duckbil facemask,14.0,5.0,9.0,64.3
Shopee,Masker 3 ply 3Ply Earloop Tali kuping 1 box isi 50 pcs ORLEE Putih White,masker 3 ply,masker ply ply earloop tali kuping box isi pcs orlee putih white,masker ply ply earloop tali kuping orlee white,masker ply ply earloop tali kuping orlee white,15.0,8.0,7.0,46.7
Shopee,FRESH CARE Plossa Minyak Angin Aromatheraphy freshcare Roll On 10mL MIX Inhalant Press & Relax,fresh care plossa minyak angin,fresh care plossa minyak angin aromatheraphy freshcare roll on ml mix inhalant press relax,fresh care plossa minyak angin aromatheraphy freshcare on inhalant press relax,fresh care plossa minyak angin aromatheraphy freshcare on inhalant press relax,15.0,11.0,4.0,26.7
Shopee,Systema Sikat Gigi Smart Clean Isi 3 Pcs,sikat gigi smart clean,systema sikat gigi smart clean isi pcs,systema sikat gigi smart clean,systema sikat gigi smart clean,8.0,5.0,3.0,37.5
Shopee,[ZS21] Masker Duckbill Facemask Isi 50 Pcs Mix Hitam Putih Murah,masker duckbill facemask,zs masker duckbill facemask isi pcs mix hitam putih murah,zs masker duckbill facemask,zs masker duckbill facemask,11.0,4.0,7.0,63.6
Shopee,Masker Duckbill 3D Embos Orlee 3 Ply 3Ply Earloop Kemenkes isi 10 pcs Putih Hitam Merah Kuning Abu Red White Black Grey Yellow,masker duckbill,masker duckbill d embos orlee ply ply earloop kemenkes isi pcs putih hitam merah kuning abu red white black grey yellow,masker duckbill embos orlee ply ply earloop kemenkes abu red white black grey yellow,masker duckbill embos orlee ply ply earloop kemenkes abu red white black grey yellow,23.0,14.0,9.0,39.1
Shopee,MASKER DUCKBILL PUTIH / HITAM 3D 3 Ply Isi 50 pcs Face Mask,masker duckbill,masker duckbill putih hitam d ply isi pcs face mask,masker duckbill ply face mask,masker duckbill ply face mask,13.0,5.0,8.0,61.5
Shopee,Masker Duckbill ALKINDO 4ply Dewasa isi 50pcs Earloop Garis Putih Hitam Warna Disposable Mask,masker duckbill alkindo,masker duckbill alkindo ply dewasa isi pcs earloop garis putih hitam warna disposable mask,masker duckbill alkindo ply earloop garis disposable mask,masker duckbill alkindo ply earloop garis disposable mask,14.0,8.0,6.0,42.9
Shopee,Face mask duckbill PUTIH protective 3ply (50pc) masker duck bill,face mask duckbill,face mask duckbill putih protective ply pc masker duck bill,face mask duckbill protective ply masker duck bill,face mask duckbill protective ply masker duck bill,10.0,8.0,2.0,20.0
Shopee,LIFREE PANTS POPOK CELANA DEWASA / POPOK DEWASA [Size : M/L/XL per 1 Sachet],lifree popok,lifree pants popok celana dewasa popok dewasa size mlxl per sachet,lifree pants popok celana popok mlxl,lifree pants popok celana popok mlxl,14.0,6.0,8.0,57.1
Shopee,MASKER KF94 FACEMASK ONCARE/C-CARE/WEMASK/MOUSON 3PLY 4PLY 10PCS,kf94 facemask,masker kf facemask oncareccarewemaskmouson ply ply pcs,masker kf facemask oncareccarewemaskmouson ply ply,masker kf facemask oncareccarewemaskmouson ply ply,7.0,6.0,1.0,14.3
Shopee,Masker Headloop Hijab 3 Ply 3Ply Face Mask anti Virus 1 box isi 50 Pcs Orlee,masker headloop hijab,masker headloop hijab ply ply face mask anti virus box isi pcs orlee,masker headloop hijab ply ply face mask anti virus orlee,masker headloop hijab ply ply face mask anti virus orlee,16.0,10.0,6.0,37.5
Shopee,MASKER DUCKBILL YNB FACEMASK GARIS MIRIP SENSI - Masker duckbill murah terlaris isi 50pcs,masker duckbill,masker duckbill ynb facemask garis mirip sensi masker duckbill murah terlaris isi pcs,masker duckbill ynb facemask garis sensi masker duckbill,masker duckbill ynb facemask garis sensi masker duckbill,14.0,8.0,6.0,42.9
Shopee,Masker Duckbill Careion 4ply Warna Premium isi 10PC Masker Duck bill 3D Dewasa Disposable Mask(10PC),masker duckbill careion,masker duckbill careion ply warna premium isi pc masker duck bill d dewasa disposable maskpc,masker duckbill careion ply masker duck bill disposable maskpc,masker duckbill careion ply masker duck bill disposable maskpc,15.0,9.0,6.0,40.0
Shopee,Masker KF94 Mouson 10Pc Sachet 4ply Original,masker kf94 mouson,masker kf mouson pc sachet ply original,masker kf mouson ply,masker kf mouson ply,7.0,4.0,3.0,42.9
Shopee,(HARGA GROSIR) Air Softlens X2 60ml / Cairan Softlens X2 60 ML / X2 Comfort 60ml / Air Pencuci Softlens / Steril / Pembersih Softlens / Soflen / Softlen / Soflens / Coolsoftlens / CSCOOL / 1,softlens,harga grosir air softlens x ml cairan softlens x ml x comfort ml air pencuci softlens steril pembersih softlens soflen softlen soflens coolsoftlens cscool,air softlens cairan softlens comfort air pencuci softlens pembersih softlens soflen softlen soflens coolsoftlens cscool,air softlens cair softlens comfort air cuci softlens bersih softlens soflen softlen soflens coolsoftlens cscool,37.0,15.0,22.0,59.5
Shopee,Masker Duckbill 3D Orlee 3 Ply 3Ply Earloop Medis Kemenkes isi 10 pcs Pria Wanita embos original,masker duckbill,masker duckbill d orlee ply ply earloop medis kemenkes isi pcs pria wanita embos original,masker duckbill orlee ply ply earloop medis kemenkes embos,masker duckbill orlee ply ply earloop medis kemenkes embos,17.0,9.0,8.0,47.1
Shopee,Masker KF94 4Ply Isi 50 Pcs Hitam Putih Earloop JM,masker kf94,masker kf ply isi pcs hitam putih earloop jm,masker kf ply earloop jm,masker kf ply earloop jm,10.0,5.0,5.0,50.0
Shopee,[MURAH BGT] METOO PASTA GIGI MW3- BPOM-pemutih gigi / Bebas Sensitif / Bebas Karang Gigi / Pasta Gigi Probiotik / Karang Gigi / Gusi Sensitif / Membersihkan Noda Gigi- METOO MW-3 Advanced Whitening Tooth Paste 100 gr,metoo pasta gigi,murah bgt metoo pasta gigi mw bpompemutih gigi bebas sensitif bebas karang gigi pasta gigi probiotik karang gigi gusi sensitif membersihkan noda gigi metoo mw advanced whitening tooth paste gr,bgt metoo pasta gigi mw bpompemutih gigi karang gigi pasta gigi probiotik karang gigi gusi membersihkan noda gigi metoo mw advanced whitening tooth paste,bgt metoo pasta gigi mw bpompemutih gigi karang gigi pasta gigi probiotik karang gigi gusi bersih noda gigi metoo mw advanced whitening tooth paste,37.0,24.0,13.0,35.1
Shopee,MASKER KF94 MOUSON WARNA KLIP ISI 10 PCS,masker kf94 mouson,masker kf mouson warna klip isi pcs,masker kf mouson klip,masker kf mouson klip,8.0,4.0,4.0,50.0
Shopee,Masker KF94 Mouson Dewasa Isi 10 Pcs | 4 Ply 3D Design Nyaman | GIENLY,masker kf94 mouson,masker kf mouson dewasa isi pcs ply d design nyaman gienly,masker kf mouson ply design gienly,masker kf mouson ply design gienly,15.0,6.0,9.0,60.0
Shopee,MASKER DUCKBILL GARIS IMPORT TERBARU ISI 10PCS,masker duckbill,masker duckbill garis import terbaru isi pcs,masker duckbill garis,masker duckbill garis,7.0,3.0,4.0,57.1
Shopee,[ISI 50] Masker Duckbill Import Ada Garis ISI 50 PCS KUALITAS BAGUS,masker duckbill,isi masker duckbill import ada garis isi pcs kualitas bagus,masker duckbill garis bagus,masker duckbill garis bagus,12.0,4.0,8.0,66.7
Shopee,Masker SENSA PLUS Hijab Headloop 3ply isi 50pcs,masker sensa plus,masker sensa plus hijab headloop ply isi pcs,masker sensa hijab headloop ply,masker sensa hijab headloop ply,8.0,5.0,3.0,37.5
Shopee,BELLA BOX ISI 50 - MASKER DUCKBILL MOLANDI WARNA MURAH FACE MASK 3PLY BFE 95% - HITAM PUTIH WARNA RAINBOW MURAH TERMURAH,bella box masker duckbill molandi face mask,bella box isi masker duckbill molandi warna murah face mask ply bfe hitam putih warna rainbow murah termurah,bella masker duckbill molandi face mask ply bfe rainbow,bella masker duckbill molandi face mask ply bfe rainbow,22.0,9.0,13.0,59.1
Shopee,Masker Duckbill 3D kn95 3ply 3 Ply Duck Bill earloop Tali isi 50 Pcs Tanpa BOX,masker duckbill,masker duckbill d kn ply ply duck bill earloop tali isi pcs tanpa box,masker duckbill kn ply ply duck bill earloop tali,masker duckbill kn ply ply duck bill earloop tali,16.0,9.0,7.0,43.8
Shopee,MASKER KF94 careion MASKER KF 94 MASKER KOREA 4PLY ISI 10pc care ion sertifikat CE Bnpb,masker korea,masker kf careion masker kf masker korea ply isi pc care ion sertifikat ce bnpb,masker kf careion masker kf masker korea ply care ion sertifikat ce bnpb,masker kf careion masker kf masker korea ply care ion sertifikat ce bnpb,16.0,13.0,3.0,18.8
Shopee,Kalon Teh Hijau Premium Saffron | Teh Pelangsing Herbal | Teh Hijau | Pelangsing BPOM,kalon teh hijau,kalon teh hijau premium saffron teh pelangsing herbal teh hijau pelangsing bpom,kalon teh saffron teh pelangsing herbal teh pelangsing bpom,kalon teh saffron teh langsing herbal teh langsing bpom,15.0,9.0,6.0,40.0
Shopee,Masker Kf94 4Ply 4 ply korea Hitam Putih Pink Hijau Kuning Ungu Biru 10pcs Mix Warna,masker kf94,masker kf ply ply korea hitam putih pink hijau kuning ungu biru pcs mix warna,masker kf ply ply korea pink,masker kf ply ply korea pink,16.0,6.0,10.0,62.5
Shopee,Magister Cairan Air Soflens / Air Pembersih Softlens Solution 120ml,soflens solution,magister cairan air soflens air pembersih softlens solution ml,magister cairan air soflens air pembersih softlens solution,magister cair air soflens air bersih softlens solution,10.0,8.0,2.0,20.0
Shopee,"BEST SELLER!!! Wristape / Fingertape / perban elastis/perban berperekat/cohesive bandage 5CM x 4,5M",wristape,best seller wristape fingertape perban elastisperban berperekatcohesive bandage cm x m,wristape fingertape perban elastisperban berperekatcohesive bandage,wristape fingertape perban elastisperban berperekatcohesive bandage,13.0,6.0,7.0,53.8
Shopee,Masker KF94 CAREION 4Ply isi 10Pcs KF 94 Putih Hitam Abu Warna Earloop Surgical Mask Kemenkes,masker kf94 careion,masker kf careion ply isi pcs kf putih hitam abu warna earloop surgical mask kemenkes,masker kf careion ply kf abu earloop surgical mask kemenkes,masker kf careion ply kf abu earloop surgical mask kemenkes,16.0,10.0,6.0,37.5
Shopee,[ZS21] Masker Duckbill Mix Warna Warni 1 Box Isi 50 Pcs,masker duckbill,zs masker duckbill mix warna warni box isi pcs,zs masker duckbill warni,zs masker duckbill warni,11.0,4.0,7.0,63.6
Shopee,[FS] 50PCS KF94 Masker Korea Tali Senada Dewasa & Anak anak,kf94 masker korea,fs pcs kf masker korea tali senada dewasa anak anak,fs kf masker korea tali senada,fs kf masker korea tali nada,11.0,6.0,5.0,45.5
Shopee,Kasa Kotak 16x16cm isi 12lembar Hexa Husada Kasa Hidrofil Hexa Husada Kasa Steril,kasa hidrofil,kasa kotak xcm isi lembar hexa husada kasa hidrofil hexa husada kasa steril,kasa xcm hexa husada kasa hidrofil hexa husada kasa,kasa xcm hexa husada kasa hidrofil hexa husada kasa,13.0,9.0,4.0,30.8
Shopee,MASKER KF94 MOUSON WARNA HITAM PUTIH ABU KLIP ISI 10 PCS(BEST SELLER,masker kf94 mouson,masker kf mouson warna hitam putih abu klip isi pcsbest seller,masker kf mouson abu klip pcsbest,masker kf mouson abu klip pcsbest,12.0,6.0,6.0,50.0
Shopee,DUCKBILL GRADATION SERIES CRIEON/DUCKBILL 4 PLY CARIEON MIX WARNA,duckbill crieon,duckbill gradation series crieonduckbill ply carieon mix warna,duckbill gradation series crieonduckbill ply carieon,duckbill gradation series crieonduckbill ply carieon,9.0,6.0,3.0,33.3
Shopee,MASKER DUCKBIL EMBOS GARIS NEW ALKINDO C CARE SEPERTI SENSI 3PLY ISI 50PCS DAN 10PCS BUKAN SENSI,masker duckbil,masker duckbil embos garis new alkindo c care seperti sensi ply isi pcs dan pcs bukan sensi,masker duckbil embos garis alkindo care sensi ply sensi,masker duckbil embos garis alkindo care sensi ply sensi,17.0,9.0,8.0,47.1
Shopee,Masker Duckbill 3Ply 50Pcs Putih Dan Hitam,masker duckbill,masker duckbill ply pcs putih dan hitam,masker duckbill ply,masker duckbill ply,7.0,3.0,4.0,57.1
Shopee,Masker KF94 Isi 50Pcs Hitam Putih Abu Murah,masker kf94,masker kf isi pcs hitam putih abu murah,masker kf abu,masker kf abu,8.0,3.0,5.0,62.5
Shopee,Masker Duckbill Alkindo Mouson 4 Ply Isi 50 Pcs,masker duckbill,masker duckbill alkindo mouson ply isi pcs,masker duckbill alkindo mouson ply,masker duckbill alkindo mouson ply,9.0,5.0,4.0,44.4
Shopee,❤ BELIA ❤ FRESH CARE (✔️BPOM) Minyak Angin Aromatheraphy Roll On 10mL | aroma terapi gosok freshcare,belia fresh care minyak angin,❤ belia ❤ fresh care ✔️bpom minyak angin aromatheraphy roll on ml aroma terapi gosok freshcare,fresh care ✔️bpom minyak angin aromatheraphy on aroma terapi gosok freshcare,fresh care bpom minyak angin aromatheraphy on aroma terapi gosok freshcare,17.0,11.0,6.0,35.3
Shopee,Fresh Care Aromatherapy Roll On | Minyak Angin FreshCare | Teens - Minyak Angin | TnT Beauty Shop,fresh care aromatherapy roll on,fresh care aromatherapy roll on minyak angin freshcare teens minyak angin tnt beauty shop,fresh care aromatherapy on minyak angin freshcare teens minyak angin tnt beauty,fresh care aromatherapy on minyak angin freshcare teens minyak angin tnt beauty,18.0,12.0,6.0,33.3
Shopee,Masker Mouson Duckbill Garis 4 PLY isi 50 pcs Dewasa Disposable Mask Dewasa Hitam / Putih,masker mouson duckbill,masker mouson duckbill garis ply isi pcs dewasa disposable mask dewasa hitam putih,masker mouson duckbill garis ply disposable mask,masker mouson duckbill garis ply disposable mask,16.0,7.0,9.0,56.2
Shopee,Masker Sensi Duckbill Isi 6/Pack Original,masker sensi duckbill,masker sensi duckbill isi pack original,masker sensi duckbill,masker sensi duckbill,6.0,3.0,3.0,50.0
Shopee,Masker Kf94 Isi 50pcs 10pcs Mix Warna Warni Hitam Putih Murah,masker kf94,masker kf isi pcs pcs mix warna warni hitam putih murah,masker kf warni,masker kf warni,11.0,3.0,8.0,72.7
Shopee,Sheeby Beauty 1 PCS Pemutih Badan Minuman Collagen & Wajah Anti Aging Anti Acne - Whitening Booster - Glutathione Memutihkan Pencerah,sheeby beauty pemutih badan,sheeby beauty pcs pemutih badan minuman collagen wajah anti aging anti acne whitening booster glutathione memutihkan pencerah,sheeby beauty pemutih badan minuman collagen wajah anti aging anti acne whitening booster glutathione memutihkan pencerah,sheeby beauty mutih badan minum collagen wajah anti aging anti acne whitening booster glutathione mutih cerah,21.0,16.0,5.0,23.8
Shopee,*DUCKBILL FACE MASK PROMOSI MURAH/DUCKBILL FACE MASK ISI 50 PCS/DUCKBILL PROMOSI,duckbill face mask,duckbill face mask promosi murahduckbill face mask isi pcsduckbill promosi,duckbill face mask murahduckbill face mask pcsduckbill,duckbill face mask murahduckbill face mask pcsduckbill,11.0,7.0,4.0,36.4
Shopee,Masker Kf94 4Ply 4 ply korea Convex 4D Hitam Putih merah abu pink biru isi 10 pcs,masker kf94,masker kf ply ply korea convex d hitam putih merah abu pink biru isi pcs,masker kf ply ply korea convex abu pink,masker kf ply ply korea convex abu pink,17.0,8.0,9.0,52.9
Shopee,Masker Duckbill Facemask Earloop 3ply Isi 50 Pcs,masker duckbill facemask,masker duckbill facemask earloop ply isi pcs,masker duckbill facemask earloop ply,masker duckbill facemask earloop ply,8.0,5.0,3.0,37.5
Shopee,Masker Duckbil Garis Dewasa Isi 50pcs Hitam/Putih,masker duckbil,masker duckbil garis dewasa isi pcs hitamputih,masker duckbil garis hitamputih,masker duckbil garis hitamputih,7.0,4.0,3.0,42.9
Shopee,Masker Earloop Duckbill FACE MASK Tali Kuping 3ply 3 ply isi 50 pcs,masker earloop duckbill face mask,masker earloop duckbill face mask tali kuping ply ply isi pcs,masker earloop duckbill face mask tali kuping ply ply,masker earloop duckbill face mask tali kuping ply ply,13.0,9.0,4.0,30.8
Shopee,( MOUSON ) Masker KF94 4 Ply Evo Plusmed Masker 4D KF 94 Murah Ready,mouson masker kf94,mouson masker kf ply evo plusmed masker d kf murah ready,mouson masker kf ply evo plusmed masker kf,mouson masker kf ply evo plusmed masker kf,15.0,8.0,7.0,46.7
Shopee,Masker duckbill warna warni 50 pcs 3 Ply Masker Duck bill Rainbow,masker duckbill,masker duckbill warna warni pcs ply masker duck bill rainbow,masker duckbill warni ply masker duck bill rainbow,masker duckbill warni ply masker duck bill rainbow,12.0,8.0,4.0,33.3
Shopee,Dental Kit Hotel 2 Sikat Gigi 1 Pasta ( Isi 10 Pcs ),dental kit,dental kit hotel sikat gigi pasta isi pcs,dental kit hotel sikat gigi pasta,dental kit hotel sikat gigi pasta,13.0,6.0,7.0,53.8
Shopee,MOUSON PRO Masker KN95 5Ply isi 10Pcs KN 95 Disposable Face Mask,mouson pro masker kn95,mouson pro masker kn ply isi pcs kn disposable face mask,mouson pro masker kn ply kn disposable face mask,mouson pro masker kn ply kn disposable face mask,12.0,9.0,3.0,25.0
Shopee,[BPOM] METOO MW-3 Advanced Whitening Tooth Paste 1/2/3pcs - Gigi Putih / Bebas Sensitif / Bebas Karang Gigi / Pasta Gigi Probiotik / Karang Gigi / Gusi Sensitif / Membersihkan Noda Gigi,metoo mw-3 tooth paste,bpom metoo mw advanced whitening tooth paste pcs gigi putih bebas sensitif bebas karang gigi pasta gigi probiotik karang gigi gusi sensitif membersihkan noda gigi,bpom metoo mw advanced whitening tooth paste gigi karang gigi pasta gigi probiotik karang gigi gusi membersihkan noda gigi,bpom metoo mw advanced whitening tooth paste gigi karang gigi pasta gigi probiotik karang gigi gusi bersih noda gigi,32.0,19.0,13.0,40.6
Shopee,Masker KF94 KOREA WARNA ISI 10,masker korea,masker kf korea warna isi,masker kf korea,masker kf korea,6.0,3.0,3.0,50.0
Shopee,MASKER KF94 WE MASK / CAREION (4ply) 1 PACK ISI 10 PCS,masker kf94,masker kf we mask careion ply pack isi pcs,masker kf we mask careion ply,masker kf we mask careion ply,12.0,6.0,6.0,50.0
Shopee,MASKER KF94 4PLY,masker kf94,masker kf ply,masker kf ply,masker kf ply,3.0,3.0,0.0,0.0
Shopee,Masker Duckbill Mouson Dewasa Isi 50 Pcs | 4 Ply Original | GIENLY,masker duckbill,masker duckbill mouson dewasa isi pcs ply original gienly,masker duckbill mouson ply gienly,masker duckbill mouson ply gienly,13.0,5.0,8.0,61.5
Shopee,FILTCARE Masker KF94 Korea 4 ply Premium isi 10 pcs High Quality IZIN KEMENKES RI (TALI SENADA),filtcare masker korea,filtcare masker kf korea ply premium isi pcs high quality izin kemenkes ri tali senada,filtcare masker kf korea ply high quality izin kemenkes ri tali senada,filtcare masker kf korea ply high quality izin kemenkes ri tali nada,17.0,12.0,5.0,29.4
Shopee,Teh Diet Pelangsing Badan Herbal dan Peluntur Lemak Terampuh Detox Herbal Daun Jati Cina Alami,teh diet pelangsing badan herbal,teh diet pelangsing badan herbal dan peluntur lemak terampuh detox herbal daun jati cina alami,teh diet pelangsing badan herbal peluntur lemak terampuh detox herbal daun jati cina,teh diet langsing badan herbal luntur lemak ampuh detox herbal daun jati cina,15.0,13.0,2.0,13.3
Shopee,(GROSIR 8.500) CAIRAN PEMBERSIH SOFTLENS X2 MPS 60ML,cairan pembersih softlens,grosir cairan pembersih softlens x mps ml,cairan pembersih softlens mps,cair bersih softlens mps,8.0,4.0,4.0,50.0
Shopee,MOUSON PRO Masker 5 Ply isi 10 Pcs KN 95 Disposable Face Mask,mouson pro masker,mouson pro masker ply isi pcs kn disposable face mask,mouson pro masker ply kn disposable face mask,mouson pro masker ply kn disposable face mask,13.0,8.0,5.0,38.5
Shopee,Cotton Buds Selection Cottonbuds cottonbud Hygienic Kapas Korek Kuping (isi 100),cotton buds,cotton buds selection cottonbuds cottonbud hygienic kapas korek kuping isi,cotton buds selection cottonbuds cottonbud hygienic kapas kuping,cotton buds selection cottonbuds cottonbud hygienic kapas kuping,11.0,8.0,3.0,27.3
Shopee,MASKER DUCKBILL GARIS DUCKBIL ISI 50PCS,masker duckbill,masker duckbill garis duckbil isi pcs,masker duckbill garis duckbil,masker duckbill garis duckbil,6.0,4.0,2.0,33.3
Shopee,X2 Extra Comfort 60ml Cairan Pembersih Softlens Multi Purpose Solution Expired April 2028,x2 extra comfort,x extra comfort ml cairan pembersih softlens multi purpose solution expired april,extra comfort cairan pembersih softlens multi purpose solution expired april,extra comfort cair bersih softlens multi purpose solution expired april,13.0,10.0,3.0,23.1
Shopee,Masker Korea KF94 Premium 4 Ply Isi 10 pcs Disposable HITAM PUTIH,masker korea,masker korea kf premium ply isi pcs disposable hitam putih,masker korea kf ply disposable,masker korea kf ply disposable,12.0,5.0,7.0,58.3
Shopee,Duckbill OneCare 4ply masker dewasa EMBOS One Care earloop premium 50pcs Produk Lokal,duckbill one care,duckbill onecare ply masker dewasa embos one care earloop premium pcs produk lokal,duckbill onecare ply masker embos one care earloop produk,duckbill onecare ply masker embos one care earloop produk,13.0,9.0,4.0,30.8
Shopee,Masker KF 94 CAREION ISI 10PC Masker 4D Masker KF94 CAREION KOREA 4ply KF94 Warna isi 10,masker kf94 careion,masker kf careion isi pc masker d masker kf careion korea ply kf warna isi,masker kf careion masker masker kf careion korea ply kf,masker kf careion masker masker kf careion korea ply kf,17.0,10.0,7.0,41.2
Shopee,Masker Duckbill Mouson 4ply earloop disposable facemask Duck Bill / Duckbill Impor,masker duckbill,masker duckbill mouson ply earloop disposable facemask duck bill duckbill impor,masker duckbill mouson ply earloop disposable facemask duck bill duckbill impor,masker duckbill mouson ply earloop disposable facemask duck bill duckbill impor,12.0,11.0,1.0,8.3
Shopee,MASKER DUCKBILL FM TERMURAH ISI 50 PCS + BOX,masker duckbill,masker duckbill fm termurah isi pcs box,masker duckbill fm,masker duckbill fm,9.0,3.0,6.0,66.7
Shopee,Masker Duckbill FACE MASK Earloop Tali Kuping 3ply 3 ply isi 50 pcs,masker duckbill face mask,masker duckbill face mask earloop tali kuping ply ply isi pcs,masker duckbill face mask earloop tali kuping ply ply,masker duckbill face mask earloop tali kuping ply ply,13.0,9.0,4.0,30.8
Shopee,Masker KF94 Oncare Anak Warna 4ply 1pack Isi 10pc,masker kf94 oncare,masker kf oncare anak warna ply pack isi pc,masker kf oncare ply,masker kf oncare ply,9.0,4.0,5.0,55.6
Shopee,(GROSIR 8.500) CAIRAN SOFTLENS ICE 60ML WITH PRO VITAMIN B5,cairan softlens,grosir cairan softlens ice ml with pro vitamin b,cairan softlens ice with pro vitamin,cair softlens ice with pro vitamin,10.0,6.0,4.0,40.0
Shopee,Siwak plus holder Mudah Dibawa atau sudah dengan tempatnya berbentuk pulpen | siwak miswak SUNNAH PLUS HOLDER,siwak plus holder,siwak plus holder mudah dibawa atau sudah dengan tempatnya berbentuk pulpen siwak miswak sunnah plus holder,siwak holder mudah dibawa tempatnya berbentuk pulpen siwak miswak sunnah holder,siwak holder mudah bawa tempat bentuk pulpen siwak miswak sunnah holder,17.0,11.0,6.0,35.3
Shopee,izin kemenkes / masker kf94 mouson isi 10pcs Daily protective face mask kemasan pack,izin kemenkes masker kf94 mouson,izin kemenkes masker kf mouson isi pcs daily protective face mask kemasan pack,izin kemenkes masker kf mouson daily protective face mask,izin kemenkes masker kf mouson daily protective face mask,14.0,9.0,5.0,35.7
Shopee,Masker Duckbill Hitam 3 Ply isi 50 Pcs Premium Mask,masker duckbill,masker duckbill hitam ply isi pcs premium mask,masker duckbill ply mask,masker duckbill ply mask,10.0,4.0,6.0,60.0
Shopee,Masker Duckbil 4Ply Putih Hitam Abu Warna Duckbill 4 Ply Earloop Surgical Mask Kemenkes,masker duckbil,masker duckbil ply putih hitam abu warna duckbill ply earloop surgical mask kemenkes,masker duckbil ply abu duckbill ply earloop surgical mask kemenkes,masker duckbil ply abu duckbill ply earloop surgical mask kemenkes,14.0,10.0,4.0,28.6
Shopee,Masker KF94 4Ply Isi 10Pcs Hitam Putih,masker kf94,masker kf ply isi pcs hitam putih,masker kf ply,masker kf ply,7.0,3.0,4.0,57.1
Shopee,Ice 60ml Cairan Pembersih Softlens Multi Purpose Solution Pro With Vit B5 Expired Maret 2028,ice softlens solution,ice ml cairan pembersih softlens multi purpose solution pro with vit b expired maret,ice cairan pembersih softlens multi purpose solution pro with vit expired maret,ice cair bersih softlens multi purpose solution pro with vit expired maret,15.0,12.0,3.0,20.0
Shopee,Masker KF94 4 Ply Disposable Face Mask Kesehatan Korea Kpop 4Ply (1 pack isi 10 pcs) Hitam Putih,masker k94,masker kf ply disposable face mask kesehatan korea kpop ply pack isi pcs hitam putih,masker kf ply disposable face mask kesehatan korea kpop ply,masker kf ply disposable face mask sehat korea kpop ply,18.0,10.0,8.0,44.4
Shopee,KF94 ANAK 4PLY MOTIF ISI 10PCS MASKER 4 PLY WARNA KARAKTER KF 94,kf94 masker,kf anak ply motif isi pcs masker ply warna karakter kf,kf ply masker ply karakter kf,kf ply masker ply karakter kf,13.0,6.0,7.0,53.8
Shopee,[ZS21] Masker Duckbill Alkindo Mouson 3Ply | 4Ply 1 Box Isi 50 Pcs,masker duckbill alkindo,zs masker duckbill alkindo mouson ply ply box isi pcs,zs masker duckbill alkindo mouson ply ply,zs masker duckbill alkindo mouson ply ply,13.0,7.0,6.0,46.2
Shopee,Kasa Hidrofil 16x16cm Hexa Husada / Kasa Steril Hidrophile,kasa hidrofil,kasa hidrofil xcm hexa husada kasa steril hidrophile,kasa hidrofil xcm hexa husada kasa hidrophile,kasa hidrofil xcm hexa husada kasa hidrophile,9.0,7.0,2.0,22.2
Shopee,Masker KF94 Black - Masker Korea 4Ply Earloop Hitam KF 94,masker korea,masker kf black masker korea ply earloop hitam kf,masker kf black masker korea ply earloop kf,masker kf black masker korea ply earloop kf,11.0,8.0,3.0,27.3
Shopee,Cairan Softlens X2 120ml / Air Softlen X2 Comfort 120 ml,cairan softlens x2,cairan softlens x ml air softlen x comfort ml,cairan softlens air softlen comfort,cair softlens air softlen comfort,11.0,5.0,6.0,54.5
Shopee,Power O AO american orthodontic ortho karet behel braces 0 ring dental gigi america amerika kawat gigi ALICE DENTAL ALICEDENTAL,power ao karet behel braces,power o ao american orthodontic ortho karet behel braces ring dental gigi america amerika kawat gigi alice dental alicedental,power ao american orthodontic ortho behel braces ring dental gigi america amerika kawat gigi alice dental alicedental,power ao american orthodontic ortho behel braces ring dental gigi america amerika kawat gigi alice dental alicedental,20.0,17.0,3.0,15.0
Shopee,Masker Duckbill 4 Ply Alkindo Isi 50 Pcs,masker duckbill,masker duckbill ply alkindo isi pcs,masker duckbill ply alkindo,masker duckbill ply alkindo,8.0,4.0,4.0,50.0
Shopee,"Cotton Bud Isi 45-50 Batang - Lembut, Higienis, Aman untuk Bayi",cotton bud,cotton bud isi batang lembut higienis aman untuk bayi,cotton bud batang,cotton bud batang,11.0,3.0,8.0,72.7
Shopee,masker duckbill garis model alkindo isi 50pcs duckbill hitam putih,masker duckbill,masker duckbill garis model alkindo isi pcs duckbill hitam putih,masker duckbill garis alkindo duckbill,masker duckbill garis alkindo duckbill,10.0,5.0,5.0,50.0
Shopee,Masker Duckbill 50 Pcs Tebal Warna Warni Duckbil Face Mask 1Box Mix Campur Hitam Putih,masker duckbill,masker duckbill pcs tebal warna warni duckbil face mask box mix campur hitam putih,masker duckbill warni duckbil face mask,masker duckbill warni duckbil face mask,15.0,6.0,9.0,60.0
Shopee,Masker Duckbill ALKINDO Earloop 4ply Isi 50 Pcs,masker duckbill alkindo,masker duckbill alkindo earloop ply isi pcs,masker duckbill alkindo earloop ply,masker duckbill alkindo earloop ply,8.0,5.0,3.0,37.5
Shopee,Timbangan Badan Digital 180KG Kaca Elektronik LCD Akurat Motif Kartun 25x21cm,timbangan badan digital,timbangan badan digital kg kaca elektronik lcd akurat motif kartun xcm,timbangan badan kaca elektronik lcd kartun xcm,timbang badan kaca elektronik lcd kartun xcm,11.0,7.0,4.0,36.4
Shopee,POWER O LOKAL ECER,power o lokal,power o lokal ecer,power,power,4.0,1.0,3.0,75.0
Shopee,KF94 WARNA WARNI 4PLY /KF94 WE MASK WARNA MATCHA NUDE PINK/ MASKER KF 94 KOREA (TALI SENADA) KF94 MOUSON / KF94 CAREION,masker kf94,kf warna warni ply kf we mask warna matcha nude pink masker kf korea tali senada kf mouson kf careion,kf warni ply kf we mask matcha nude pink masker kf korea tali senada kf mouson kf careion,kf warni ply kf we mask matcha nude pink masker kf korea tali nada kf mouson kf careion,22.0,18.0,4.0,18.2
Shopee,Kasa Hidrofil 16x16cm HEXA HUSADA,kasa hidrofil hexa,kasa hidrofil xcm hexa husada,kasa hidrofil xcm hexa husada,kasa hidrofil xcm hexa husada,5.0,5.0,0.0,0.0
Shopee,Alat Tes Hamil Compact Stick Pregnancy Test Pack Kehamilan Stik Testpack HCG Midstream Colloidal Aman,alat tes hamil,alat tes hamil compact stick pregnancy test pack kehamilan stik testpack hcg midstream colloidal aman,alat tes hamil compact stick pregnancy test kehamilan stik testpack hcg midstream colloidal,alat tes hamil compact stick pregnancy test hamil stik testpack hcg midstream colloidal,15.0,13.0,2.0,13.3
Shopee,Masker KF94 Careion 4Ply Isi 10 Lembar EVO,masker kf94 careion,masker kf careion ply isi lembar evo,masker kf careion ply evo,masker kf careion ply evo,8.0,5.0,3.0,37.5
Shopee,[BPOM]METOO MW-3 Advanced whitening Toothpaste 100g - Gigi Putih / Bebas Sensitif / Bebas Karang Gigi / Pasta Gigi Probiotik / Karang Gigi / Gusi Sensitif / Membersihkan Noda Gigi,metoo mw-3 toothpaste,bpommetoo mw advanced whitening toothpaste g gigi putih bebas sensitif bebas karang gigi pasta gigi probiotik karang gigi gusi sensitif membersihkan noda gigi,bpommetoo mw advanced whitening toothpaste gigi karang gigi pasta gigi probiotik karang gigi gusi membersihkan noda gigi,bpommetoo mw advanced whitening toothpaste gigi karang gigi pasta gigi probiotik karang gigi gusi bersih noda gigi,30.0,17.0,13.0,43.3
Shopee,Masker KN95 Pro Isi 10 Warna Beragam,masker kn95,masker kn pro isi warna beragam,masker kn pro,masker kn pro,7.0,3.0,4.0,57.1
Shopee,HIGH QUALITY power O karet ortho karet behel braces kawat gigi o ring orthodontic ALICE DENTAL ALICEDENTAL,alice dental,high quality power o karet ortho karet behel braces kawat gigi o ring orthodontic alice dental alicedental,high quality power ortho behel braces kawat gigi ring orthodontic alice dental alicedental,high quality power ortho behel braces kawat gigi ring orthodontic alice dental alicedental,17.0,13.0,4.0,23.5
Shopee,MASKER KF94 4PLY MOUSON ISI 10 PCS,masker kf94,masker kf ply mouson isi pcs,masker kf ply mouson,masker kf ply mouson,7.0,4.0,3.0,42.9
Shopee,MUMTAAZZTORE PEMBALUT CHARM BODYFIT EXTRA MAXI NON WING 1P ISI 10 SACHET PPPMS KTRK UCID,mumtazztores pembalut bodyfit,mumtaazztore pembalut charm bodyfit extra maxi non wing p isi sachet pppms ktrk ucid,mumtaazztore pembalut charm bodyfit extra maxi non wing pppms ktrk ucid,mumtaazztore balut charm bodyfit extra maxi non wing pppms ktrk ucid,15.0,11.0,4.0,26.7
Shopee,Pepsodent PASTA GIGI Pencegah Gigi Berlubang Anti-cavity Toothpaste dengan Double Kalsium 225G x2,pepsodent pasta gigi,pepsodent pasta gigi pencegah gigi berlubang anticavity toothpaste dengan double kalsium g x,pepsodent pasta gigi pencegah gigi berlubang anticavity toothpaste double kalsium,pepsodent pasta gigi cegah gigi lubang anticavity toothpaste double kalsium,13.0,10.0,3.0,23.1
Shopee,Face mask duckbill protective 3ply (50pc) premium mask garis seperti sensi/masker duckbil Y&B care,mask duckbill,face mask duckbill protective ply pc premium mask garis seperti sensimasker duckbil yb care,face mask duckbill protective ply mask garis sensimasker duckbil yb care,face mask duckbill protective ply mask garis sensimasker duckbil yb care,14.0,11.0,3.0,21.4
Shopee,Masker Duckbill Alkindo Dewasa Isi 50 Pcs | 4 Ply Nyaman & Breathable | GIENLY,masker duckbill alkindo,masker duckbill alkindo dewasa isi pcs ply nyaman breathable gienly,masker duckbill alkindo ply breathable gienly,masker duckbill alkindo ply breathable gienly,15.0,6.0,9.0,60.0
Shopee,ONEMED Masker Karet Medis Box Isi 50 Pcs,onemed masker karet,onemed masker karet medis box isi pcs,onemed masker medis,onemed masker medis,8.0,3.0,5.0,62.5
Shopee,Masker KF94 Korea 4Ply Isi 10 Pcs Warna Beragam,masker korea,masker kf korea ply isi pcs warna beragam,masker kf korea ply,masker kf korea ply,9.0,4.0,5.0,55.6
Shopee,Nice Look Nicelook 60ml Cairan Pembersih Softlens Multi Purpose Solution Exp. 09-2029,nicelook softlens solution,nice look nicelook ml cairan pembersih softlens multi purpose solution exp,nice look nicelook cairan pembersih softlens multi purpose solution exp,nice look nicelook cair bersih softlens multi purpose solution exp,12.0,10.0,2.0,16.7
Shopee,"DUCKBILL MASKER, IZIN MENKES RI, 1 BOX ISI 50pcs",duckbill masker,duckbill masker izin menkes ri box isi pcs,duckbill masker izin menkes ri,duckbill masker izin menkes ri,9.0,5.0,4.0,44.4
Shopee,MASKER KF94 CAREION ORIGINAL PACK ISI 10 PCS / MASKER KOREA / MASKER KF94 KOREA / MASKER,masker korea,masker kf careion original pack isi pcs masker korea masker kf korea masker,masker kf careion masker korea masker kf korea masker,masker kf careion masker korea masker kf korea masker,17.0,9.0,8.0,47.1
Shopee,AZ KF94 MAsker 10 PCS Masker Korea 4PLY Masker EVO 4D Premium,masker korea,az kf masker pcs masker korea ply masker evo d premium,az kf masker masker korea ply masker evo,az kf masker masker korea ply masker evo,12.0,8.0,4.0,33.3
Shopee,CAIRAN SOFTLENS X2 120 ML,cairan softlens,cairan softlens x ml,cairan softlens,cair softlens,5.0,2.0,3.0,60.0
Shopee,BEHELLDENTAL ORI KARET BEHEL AMERICAN ORTHODONTICS SUPER TEBAL POWER O AO -Karet Pehel Motif ORTHO USA Premium Ligature Ties - Motif Ring Bulat Orthodontic Orthodontics Braces ORIGINAL,behell dental karet,behelldental ori karet behel american orthodontics super tebal power o ao karet pehel motif ortho usa premium ligature ties motif ring bulat orthodontic orthodontics braces original,behelldental behel american orthodontics power ao pehel ortho usa ligature ties ring orthodontic orthodontics braces,behelldental behel american orthodontics power ao pehel ortho usa ligature ties ring orthodontic orthodontics braces,27.0,15.0,12.0,44.4
Shopee,Korek kuping Alat Pembersih kotoran telinga ear wax 5 in 1 Stainless steel besi earwax,korek kuping,korek kuping alat pembersih kotoran telinga ear wax in stainless steel besi earwax,kuping alat pembersih kotoran telinga ear wax in stainless steel besi earwax,kuping alat bersih kotor telinga ear wax in stainless steel besi earwax,15.0,12.0,3.0,20.0
Shopee,Duckbil Masker 3 Ply Isi 50 Pcs Izin Kemenkes,duckbil masker,duckbil masker ply isi pcs izin kemenkes,duckbil masker ply izin kemenkes,duckbil masker ply izin kemenkes,9.0,5.0,4.0,44.4
Shopee,Test Hamil Onemed - Alat Test Kehamilan,test hamil onemed,test hamil onemed alat test kehamilan,test hamil onemed alat test kehamilan,test hamil onemed alat test hamil,7.0,6.0,1.0,14.3
Shopee,Morinz Onemed Tes Hamil Tespek Test Pack Alat Tes Kehamilan (SATUAN & BOX),morinz onemed tes hamil,morinz onemed tes hamil tespek test pack alat tes kehamilan satuan box,morinz onemed tes hamil tespek test alat tes kehamilan satuan,morinz onemed tes hamil tespek test alat tes hamil satu,13.0,10.0,3.0,23.1
Shopee,MASKER KF94 KOREA KUALITAS PREMIUM MURMER WARNA TERLENGKAP 45++ 10pc,masker k94,masker kf korea kualitas premium murmer warna terlengkap pc,masker kf korea murmer terlengkap,masker kf korea murmer lengkap,10.0,5.0,5.0,50.0
Shopee,"Masker KF94 Korea, 4ply Evo Masker, 1 Box ISI 10Pcs",masker korea,masker kf korea ply evo masker box isi pcs,masker kf korea ply evo masker,masker kf korea ply evo masker,10.0,6.0,4.0,40.0
Shopee,FILTCARE Masker DUCKBILL 10PCS 3PLY Medis Garis model sensi Rainbow Nude BFE 95% Surgical Mask,filtercare masker duckbill,filtcare masker duckbill pcs ply medis garis model sensi rainbow nude bfe surgical mask,filtcare masker duckbill ply medis garis sensi rainbow nude bfe surgical mask,filtcare masker duckbill ply medis garis sensi rainbow nude bfe surgical mask,15.0,12.0,3.0,20.0
Shopee,MIISOO Disposable Mask Per BOX EVO N95 KN95 BFE 95% Masker Kesehatan 4ply Masker wajah KF94 BNPB,miisoo n95 masker,miisoo disposable mask per box evo n kn bfe masker kesehatan ply masker wajah kf bnpb,miisoo disposable mask evo kn bfe masker kesehatan ply masker wajah kf bnpb,miisoo disposable mask evo kn bfe masker sehat ply masker wajah kf bnpb,17.0,13.0,4.0,23.5
Shopee,[ZS21] Masker KF94 Korea 4Ply Hitam Putih Isi 10 Pcs dan 50 Pcs,masker kf94 korea,zs masker kf korea ply hitam putih isi pcs dan pcs,zs masker kf korea ply,zs masker kf korea ply,13.0,5.0,8.0,61.5
Shopee,Masker Duckbill 3D Embos Orlee 3 Ply 3Ply Earloop 1 pack isi 10 pcs pouch,masker duckbill,masker duckbill d embos orlee ply ply earloop pack isi pcs pouch,masker duckbill embos orlee ply ply earloop,masker duckbill embos orlee ply ply earloop,15.0,7.0,8.0,53.3
Shopee,Med+ Masker 3Ply Hijau/Biru/Putih/Hitam/Pink 50 Pcs / Masker 3Ply Kemenkes Disposable Face Mask,med masker,med masker ply hijaubiruputihhitampink pcs masker ply kemenkes disposable face mask,med masker ply hijaubiruputihhitampink masker ply kemenkes disposable face mask,med masker ply hijaubiruputihhitampink masker ply kemenkes disposable face mask,13.0,10.0,3.0,23.1
Shopee,Masker KN95 Careion Warna Warni Isi 10pc Masker KN 95 5ply Careion Face Mask isi 10pc,masker kn95 careion,masker kn careion warna warni isi pc masker kn ply careion face mask isi pc,masker kn careion warni masker kn ply careion face mask,masker kn careion warni masker kn ply careion face mask,16.0,10.0,6.0,37.5
Shopee,Madame Gie Protect You KF94 Mask - Masker Isi 10,madame gie protect you kf94 mask,madame gie protect you kf mask masker isi,madame gie protect you kf mask masker,madame gie protect you kf mask masker,10.0,7.0,3.0,30.0
Shopee,MASKER KN95 MOUSON PRO 5PLY ISI 10LEMBAR,masker kn95 mouson,masker kn mouson pro ply isi lembar,masker kn mouson pro ply,masker kn mouson pro ply,7.0,5.0,2.0,28.6
Shopee,Magister Cairan Softlens 120ML Comfort Air Softlens Contact Lens Solution,softlens contact lens solution,magister cairan softlens ml comfort air softlens contact lens solution,magister cairan softlens comfort air softlens contact lens solution,magister cair softlens comfort air softlens contact lens solution,10.0,9.0,1.0,10.0
Shopee,BISA COD ( 1 Box Isi 10 PCS ) Koyo kaki Kinoki GOLD Koyo Kesehatan Detox Toksin Ampuh Buang Racun,kinoki koyo kaki,bisa cod box isi pcs koyo kaki kinoki gold koyo kesehatan detox toksin ampuh buang racun,koyo kaki kinoki gold koyo kesehatan detox toksin ampuh buang racun,koyo kaki kok gold koyo sehat detox toksin ampuh buang racun,20.0,11.0,9.0,45.0
Shopee,MASKER WEMASK ISI 10PCS (HARGA GROSIR)KF94 4PLY,masker wemask,masker wemask isi pcs harga grosirkf ply,masker wemask grosirkf ply,masker wemask grosirkf ply,7.0,4.0,3.0,42.9
Shopee,Confidence Popok Dewasa Adult Premium Pants M L XL - Confidence Popok Celana Dewasa Satuan - Popok Confidence Celana Renceng,popok dewasa,confidence popok dewasa adult premium pants m l xl confidence popok celana dewasa satuan popok confidence celana renceng,confidence popok adult pants confidence popok celana satuan popok confidence celana renceng,confidence popok adult pants confidence popok celana satu popok confidence celana renceng,20.0,12.0,8.0,40.0
Shopee,ONCARE KF94 Masker Dewasa 4 Ply Filtration Sachet isi 10 Pcs Earloop Korea Mask,oncare kf94 masker,oncare kf masker dewasa ply filtration sachet isi pcs earloop korea mask,oncare kf masker ply filtration earloop korea mask,oncare kf masker ply filtration earloop korea mask,14.0,8.0,6.0,42.9
Shopee,ALKINDO Duckbill 4 PLY Dewasa isi 50 PCS Masker Box Medis Earloop,alkindo duckbill,alkindo duckbill ply dewasa isi pcs masker box medis earloop,alkindo duckbill ply masker medis earloop,alkindo duckbill ply masker medis earloop,12.0,6.0,6.0,50.0
Shopee,Masker 3ply isi 50pcs / Face mask / Disposable mask / Masker 3ply earloop isi 50pcs WARNA,masker 3ply,masker ply isi pcs face mask disposable mask masker ply earloop isi pcs warna,masker ply face mask disposable mask masker ply earloop,masker ply face mask disposable mask masker ply earloop,17.0,9.0,8.0,47.1
Shopee,Cairan Softlens Nice Look 60ml Untuk Cuci Rendam,softlens nice look,cairan softlens nice look ml untuk cuci rendam,cairan softlens nice look rendam,cair softlens nice look rendam,8.0,5.0,3.0,37.5
Shopee,TES KEHAMILAN GEA ONEMED PER PC URINE PREGNANCY TEST PRO HAMIL TEST PACK MEDICALONLINE,gea onemed pregnancy test,tes kehamilan gea onemed per pc urine pregnancy test pro hamil test pack medicalonline,tes kehamilan gea onemed urine pregnancy test pro hamil test medicalonline,tes hamil gea onemed urine pregnancy test pro hamil test medicalonline,14.0,11.0,3.0,21.4
Shopee,Masker Kf94 Earloop Korea 10pcs Premium Tebal,masker kf94,masker kf earloop korea pcs premium tebal,masker kf earloop korea,masker kf earloop korea,7.0,4.0,3.0,42.9
Shopee,MIISOO Disposable Mask EVO N95 KN95 BFE 95% Masker Kesehatan 4ply Masker wajah KF94 IZIN RESMI BNPB,miisoo mask evo n95,miisoo disposable mask evo n kn bfe masker kesehatan ply masker wajah kf izin resmi bnpb,miisoo disposable mask evo kn bfe masker kesehatan ply masker wajah kf izin bnpb,miisoo disposable mask evo kn bfe masker sehat ply masker wajah kf izin bnpb,17.0,14.0,3.0,17.6
Shopee,Med+ Masker Duckbill 4ply Putih/Hitam/Mix Pastel 50 Pcs / Masker Duckbill Kemenkes Disposable Face Mask,med+ masker duckbill,med masker duckbill ply putihhitammix pastel pcs masker duckbill kemenkes disposable face mask,med masker duckbill ply putihhitammix pastel masker duckbill kemenkes disposable face mask,med masker duckbill ply putihhitammix pastel masker duckbill kemenkes disposable face mask,15.0,12.0,3.0,20.0
Shopee,[ZS21] Masker Duckbill 3Ply Facemask Isi 50 Pcs Mix Warna Hitam Putih Termurah,masker duckbill,zs masker duckbill ply facemask isi pcs mix warna hitam putih termurah,zs masker duckbill ply facemask,zs masker duckbill ply facemask,13.0,5.0,8.0,61.5
Shopee,X2 60ml Cairan Pembersih Softlens Extra Comfort Multi Purpose Solution With HPMC - Exp. Des 2028,softlens solution,x ml cairan pembersih softlens extra comfort multi purpose solution with hpmc exp des,cairan pembersih softlens extra comfort multi purpose solution with hpmc exp des,cair bersih softlens extra comfort multi purpose solution with hpmc exp des,16.0,12.0,4.0,25.0
Shopee,Masker Duckbill Alkindo 4Ply Per Box Isi 50 Pcs,masker duckbill alkindo,masker duckbill alkindo ply per box isi pcs,masker duckbill alkindo ply,masker duckbill alkindo ply,9.0,4.0,5.0,55.6
Shopee,Kasa Steril 16x16cm OneMed box isi 10pouch,kasa steril,kasa steril xcm onemed box isi pouch,kasa xcm onemed,kasa xcm onemed,7.0,3.0,4.0,57.1
Shopee,Goto Enviro 3 ply Facemask Masker Earloop Kesehatan 3Ply,enviro 3 ply facemask,goto enviro ply facemask masker earloop kesehatan ply,goto enviro ply facemask masker earloop kesehatan ply,goto enviro ply facemask masker earloop sehat ply,9.0,8.0,1.0,11.1
Shopee,{COD} Masker Duckbill Facemask 3ply 1Box Isi 50Pcs,masker duckbill,cod masker duckbill facemask ply box isi pcs,masker duckbill facemask ply,masker duckbill facemask ply,8.0,4.0,4.0,50.0
Shopee,OTO Popok Celana Dewasa Satuan 1pc M L XL XXL 1 pc - Oto Adult Diaper Pants Renceng,oto popok celana dewasa,oto popok celana dewasa satuan pc m l xl xxl pc oto adult diaper pants renceng,oto popok celana satuan oto adult diaper pants renceng,oto popok celana satu oto adult diaper pants renceng,18.0,9.0,9.0,50.0
Shopee,Masker Alkindo & Mouson 3ply Per Box Isi 50Pcs,masker alkindo,masker alkindo mouson ply per box isi pcs,masker alkindo mouson ply,masker alkindo mouson ply,9.0,4.0,5.0,55.6
Shopee,Masker KF94 Masker Wajah 4 Layer 10pcs,masker kf94,masker kf masker wajah layer pcs,masker kf masker wajah layer,masker kf masker wajah layer,7.0,5.0,2.0,28.6
Shopee,Sarung Tangan Latex Medis Safe Glove Safeglove Examination Karet Isi 100 Pcs Disposable,safeglove latex,sarung tangan latex medis safe glove safeglove examination karet isi pcs disposable,sarung tangan latex medis safe glove safeglove examination disposable,sarung tangan latex medis safe glove safeglove examination disposable,13.0,9.0,4.0,30.8
Shopee,[MOUSON] MASKER DUCKBILL 50 Pcs MOUSON DUCKBIL 4PLY MIX WARNA WARNI PUTIH HITAM FACE MASK EARLOOP,mouson duckbill,mouson masker duckbill pcs mouson duckbil ply mix warna warni putih hitam face mask earloop,mouson masker duckbill mouson duckbil ply warni face mask earloop,mouson masker duckbill mouson duckbil ply warni face mask earloop,16.0,10.0,6.0,37.5
Shopee,ESSENTIAL OIL AROMATHERAPY PENGHARUM RUANG FRAGRANCE MINYAK AROMATERAPI AROMA PEWANGI RUANGAN Humidifier Olis Diffuser,essential oil aromatherapy,essential oil aromatherapy pengharum ruang fragrance minyak aromaterapi aroma pewangi ruangan humidifier olis diffuser,essential oil aromatherapy pengharum ruang fragrance minyak aromaterapi aroma pewangi ruangan humidifier olis diffuser,essential oil aromatherapy harum ruang fragrance minyak aromaterapi aroma wangi ruang humidifier olis diffuser,14.0,14.0,0.0,0.0
Shopee,Masker Duckbill 3Ply Warna-Warni Isi 50Pc,masker duckbill,masker duckbill ply warnawarni isi pc,masker duckbill ply warnawarni,masker duckbill ply warnawarni,6.0,4.0,2.0,33.3
Shopee,Pepsodent Pasta Gigi Pencegah Gigi Berlubang 225g Value Pack,pepsodent pasta gigi,pepsodent pasta gigi pencegah gigi berlubang g value pack,pepsodent pasta gigi pencegah gigi berlubang value,pepsodent pasta gigi cegah gigi lubang value,9.0,7.0,2.0,22.2
Shopee,Masker Duckbill MOUSON 4ply Dewasa isi 50pcs Earloop Garis Putih Hitam Warna Disposable Mask,masker duckbill,masker duckbill mouson ply dewasa isi pcs earloop garis putih hitam warna disposable mask,masker duckbill mouson ply earloop garis disposable mask,masker duckbill mouson ply earloop garis disposable mask,14.0,8.0,6.0,42.9
Shopee,Masker KF94 Careion 4Ply Isi 10Pc PROMO Nyaman,masker kf94 careion,masker kf careion ply isi pc promo nyaman,masker kf careion ply,masker kf careion ply,8.0,4.0,4.0,50.0
Shopee,Masker KF94 We Mask 10 Lembar Semi Disposable,masker kf94,masker kf we mask lembar semi disposable,masker kf we mask semi disposable,masker kf we mask semi disposable,8.0,6.0,2.0,25.0
Shopee,[ZS21] Masker 4Ply Korea KF94 Mouson Warna Isi 10 Pcs Berkualitas,mouson masker,zs masker ply korea kf mouson warna isi pcs berkualitas,zs masker ply korea kf mouson,zs masker ply korea kf mouson,11.0,6.0,5.0,45.5
Shopee,[ZS21] Masker Duckbill 3Ply Facemask Isi 50 Pcs Putih Hitam Termurah,masker duckbill,zs masker duckbill ply facemask isi pcs putih hitam termurah,zs masker duckbill ply facemask,zs masker duckbill ply facemask,11.0,5.0,6.0,54.5
Shopee,MASKER KF94 MOUSON ISI 10 PCS,masker kf94,masker kf mouson isi pcs,masker kf mouson,masker kf mouson,6.0,3.0,3.0,50.0
Shopee,[200gr] T452 | MASKER DUCKBILL HITAM 3 PLY DEWASA ISI 50PC | ADA GARIS | KUALITAS BAGUS | ADA DUS,masker duckbill,gr t masker duckbill hitam ply dewasa isi pc ada garis kualitas bagus ada dus,masker duckbill ply garis bagus,masker duckbill ply garis bagus,20.0,5.0,15.0,75.0
Shopee,Masker KF94 I-Care 3D Evo Stereoscopic Fish Isi 20Pcs Icare - Big Plaza,masker kf94,masker kf icare d evo stereoscopic fish isi pcs icare big plaza,masker kf icare evo stereoscopic fish icare big plaza,masker kf icare evo stereoscopic fish icare big plaza,13.0,9.0,4.0,30.8
Shopee,Micropore Plester Tanam Bulumata Palsu,micropore plester,micropore plester tanam bulumata palsu,micropore plester tanam bulumata,micropore plester tanam bulumata,5.0,4.0,1.0,20.0
Shopee,Korek Kuping LED Pembersih Telinga Senter Flashlight Earpick Alat Nyala Lampu Souvenir Murah,korek kuping led,korek kuping led pembersih telinga senter flashlight earpick alat nyala lampu souvenir murah,kuping led pembersih telinga senter flashlight earpick alat nyala lampu souvenir,kuping led bersih telinga senter flashlight earpick alat nyala lampu souvenir,13.0,11.0,2.0,15.4
Shopee,Masker Korea KF94 Model Convex 4 Ply isi 10 PCS,masker korea kf94,masker korea kf model convex ply isi pcs,masker korea kf convex ply,masker korea kf convex ply,10.0,5.0,5.0,50.0
Shopee,{COD} MASKER DUCKBILL FACEMASK PREMIUM 50 PCS 3PLY HITAM PUTIH KEMENKES RI,masker duckbill facemask,cod masker duckbill facemask premium pcs ply hitam putih kemenkes ri,masker duckbill facemask ply kemenkes ri,masker duckbill facemask ply kemenkes ri,12.0,6.0,6.0,50.0
Shopee,Lifree Pants Popok Dewasa Celana Sachet size M /L / XL,lifree popok,lifree pants popok dewasa celana sachet size m l xl,lifree pants popok celana,lifree pants popok celana,11.0,4.0,7.0,63.6
Shopee,MASKER DUCKBILL FACEMASK isi 50 / masker duckbill putih isi 50 PCS murah /MASKER DUCKBILL HITAM ISI 50 PCS,masker duckbill,masker duckbill facemask isi masker duckbill putih isi pcs murah masker duckbill hitam isi pcs,masker duckbill facemask masker duckbill masker duckbill,masker duckbill facemask masker duckbill masker duckbill,19.0,7.0,12.0,63.2
Shopee,Goto Eco Masker KF94 Earloop Face Mask Kesehatan KF94 4Ply Warna,goto eco masker,goto eco masker kf earloop face mask kesehatan kf ply warna,goto masker kf earloop face mask kesehatan kf ply,goto masker kf earloop face mask sehat kf ply,11.0,9.0,2.0,18.2
Shopee,Duckbill Masker 3 Ply Isi 50 Pcs Non Medis,duckbill masker,duckbill masker ply isi pcs non medis,duckbill masker ply non medis,duckbill masker ply non medis,9.0,5.0,4.0,44.4
Shopee,Sikat Gigi Hotel 2 Pcs + Pasta Gigi Promo,sikat gigi pasta gigi,sikat gigi hotel pcs pasta gigi promo,sikat gigi hotel pasta gigi,sikat gigi hotel pasta gigi,9.0,5.0,4.0,44.4
Shopee,MIISOO Disposable Mask EVO Anak Motif N95 KN95 BFE 95% Masker Kesehatan wajah Kids 4ply IZIN BNPB,miisoo mask evo anak n95,miisoo disposable mask evo anak motif n kn bfe masker kesehatan wajah kids ply izin bnpb,miisoo disposable mask evo kn bfe masker kesehatan wajah kids ply izin bnpb,miisoo disposable mask evo kn bfe masker sehat wajah kids ply izin bnpb,17.0,13.0,4.0,23.5
Shopee,ABBIGAIL 🫰 MASKER KF94 ANAK CAREION 4PLY HITAM PUTIH WARNA WARNI / MASKER KF 94 ANAK CARE ION MODEL KOREA KIDS 4 PLY ISI 10 PCS / Masker Anak Hitam Putih Warna Warni 1007,abbigail masker anak,abbigail 🫰 masker kf anak careion ply hitam putih warna warni masker kf anak care ion model korea kids ply isi pcs masker anak hitam putih warna warni,abbigail masker kf careion ply warni masker kf care ion korea kids ply masker warni,abbigail masker kf careion ply warni masker kf care ion korea kids ply masker warni,34.0,15.0,19.0,55.9
Shopee,ABBIGAIL 🫰 1 BOX MASKER DUCKBILL FACEMASK PUTIH / HITAM 3PLY DUCK BILL FACE MASK 3 PLY ISI 50 PCS 1027,abbigail duckbill facemask,abbigail 🫰 box masker duckbill facemask putih hitam ply duck bill face mask ply isi pcs,abbigail masker duckbill facemask ply duck bill face mask ply,abbigail masker duckbill facemask ply duck bill face mask ply,21.0,10.0,11.0,52.4
Shopee,masker duckbil import 3play earloop duckbill murah,masker duckbil import 3play earloop duckbill,masker duckbil import play earloop duckbill murah,masker duckbil play earloop duckbill,masker duckbil play earloop duckbill,7.0,5.0,2.0,28.6
Shopee,CAL-95 6 Kaplet,cal-95,cal kaplet,cal,cal,3.0,1.0,2.0,66.7
Shopee,MASKER KF94 DB Duckbill ANAK MOTIF MASKER KF94 ANAK MOTIF WARNA ISI 10 PCS,masker kf94 anak motif,masker kf db duckbill anak motif masker kf anak motif warna isi pcs,masker kf db duckbill masker kf,masker kf db duckbill masker kf,14.0,6.0,8.0,57.1
Shopee,Behelldental ORIGINAL & PREMIUM Karet Behel Motif Power Chain Sambung Tarik 10 cm - Beli 1 Meter add 10x - Tebal Kuat Awet - Ortho Orthodontic Power Chain - Rubber Braces Bracket,beheldental karet behel,behelldental original premium karet behel motif power chain sambung tarik cm beli meter add x tebal kuat awet ortho orthodontic power chain rubber braces bracket,behelldental behel power chain sambung tarik beli add ortho orthodontic power chain rubber braces bracket,behelldental behel power chain sambung tarik beli add ortho orthodontic power chain rubber braces bracket,32.0,15.0,17.0,53.1
Shopee,[200gr] (PUTIH) MASKER DUCKBILL 3 PLY ISI 50PC | DUCKBILL DEWASA KUALITAS BAGUS IMPORT | ADA GARIS,duckbill masker,gr putih masker duckbill ply isi pc duckbill dewasa kualitas bagus import ada garis,masker duckbill ply duckbill bagus garis,masker duckbill ply duckbill bagus garis,17.0,6.0,11.0,64.7
Shopee,{BISA COD} CAIRAN SOFTLENS X2 60ML EXP 2028,cairan softlens,bisa cod cairan softlens x ml exp,cairan softlens exp,cair softlens exp,8.0,3.0,5.0,62.5
Shopee,MASKER KF 94 care ion MASKER KOREA EARLOOP MODEL EVO ISI 10 pcs care ion sertifikat Bnpb,masker korea,masker kf care ion masker korea earloop model evo isi pcs care ion sertifikat bnpb,masker kf care ion masker korea earloop evo care ion sertifikat bnpb,masker kf care ion masker korea earloop evo care ion sertifikat bnpb,17.0,12.0,5.0,29.4
Shopee,APEN Korek Kuping Premium Isi 20 Batang Cutton Buds Kapas Untuk Dewasa Pembersih Telinga Anak Bayi,apen korek kuping,apen korek kuping premium isi batang cutton buds kapas untuk dewasa pembersih telinga anak bayi,apen kuping batang cutton buds kapas pembersih telinga,apen kuping batang cutton buds kapas bersih telinga,16.0,8.0,8.0,50.0
Shopee,"GROSIR Teh celup jati cina,obat diet, pelangsing badan alami,peluntur lemak",teh celup jati cina,grosir teh celup jati cinaobat diet pelangsing badan alamipeluntur lemak,teh celup jati cinaobat diet pelangsing badan alamipeluntur lemak,teh celup jati cinaobat diet langsing badan alamipeluntur lemak,10.0,9.0,1.0,10.0
Shopee,KOREK KUPING LAMPU LED / KOREK KUPING SENTER KARAKTER,korek kuping lampu led,korek kuping lampu led korek kuping senter karakter,kuping lampu led kuping senter karakter,kuping lampu led kuping senter karakter,9.0,6.0,3.0,33.3
Shopee,MIISOO Disposable EVO Hitam N95 KN95 BFE 95% Masker Kesehatan wajah 4ply Facemask KF94 IZIN BNPB,miisoo evo masker,miisoo disposable evo hitam n kn bfe masker kesehatan wajah ply facemask kf izin bnpb,miisoo disposable evo kn bfe masker kesehatan wajah ply facemask kf izin bnpb,miisoo disposable evo kn bfe masker sehat wajah ply facemask kf izin bnpb,16.0,13.0,3.0,18.8
Shopee,[BPOM] METOO MW-3 Advanced whitening ToothPaste - pemutih gigi / Bebas Karang Gigi /Pasta Gigi Probiotik / Karang Gigi,metoo mw-3 toothpaste,bpom metoo mw advanced whitening toothpaste pemutih gigi bebas karang gigi pasta gigi probiotik karang gigi,bpom metoo mw advanced whitening toothpaste pemutih gigi karang gigi pasta gigi probiotik karang gigi,bpom metoo mw advanced whitening toothpaste mutih gigi karang gigi pasta gigi probiotik karang gigi,19.0,15.0,4.0,21.1
Shopee,MASKER KF94 KOREA ISI 10 PCS/4PLY,masker k94,masker kf korea isi pcsply,masker kf korea pcsply,masker kf korea pcsply,6.0,4.0,2.0,33.3
Shopee,(Bisa COD) Cairan Pembersih Softlens X2 60mL / X2 Comfort / BB,cairan pembersih softlens,bisa cod cairan pembersih softlens x ml x comfort bb,cairan pembersih softlens comfort bb,cair bersih softlens comfort bb,12.0,5.0,7.0,58.3
Shopee,OTO ADULT PANTS POPOK CELANA DEWASA / POPOK DEWASA [Size : M/L/XL per 1 Sachet],oto adult pants,oto adult pants popok celana dewasa popok dewasa size mlxl per sachet,oto adult pants popok celana popok mlxl,oto adult pants popok celana popok mlxl,15.0,7.0,8.0,53.3
Shopee,PROMO Masker KF94 KOREA 4ply isi 10pcs,masker kf94,promo masker kf korea ply isi pcs,masker kf korea ply,masker kf korea ply,7.0,4.0,3.0,42.9
Shopee,Masker KF94 Masker Mouson Korea,masker kf94 mouson,masker kf masker mouson korea,masker kf masker mouson korea,masker kf masker mouson korea,5.0,5.0,0.0,0.0
Shopee,Masker Anak Duckbill 50 Motif Kartun 3 Ply Mask Kids 3PLY,masker anak duckbill,masker anak duckbill motif kartun ply mask kids ply,masker duckbill kartun ply mask kids ply,masker duckbill kartun ply mask kids ply,11.0,7.0,4.0,36.4
Shopee,Karet Behel Motif Power O ring Bulat PREMIUM - Dental rubber band elastic Bracket Gigi Permanen TEBAL Motif Ring Bulat - Ortho Dental Braces Ligature tie Bracket,karet behel,karet behel motif power o ring bulat premium dental rubber band elastic bracket gigi permanen tebal motif ring bulat ortho dental braces ligature tie bracket,behel power ring dental rubber band elastic bracket gigi ring ortho dental braces ligature tie bracket,behel power ring dental rubber band elastic bracket gigi ring ortho dental braces ligature tie bracket,27.0,16.0,11.0,40.7
Shopee,Masker Korea KF94 CAREION isi 10pc Masker KF 94 korea 4ply Masker Korea Warna Disposable Mask,masker korea,masker korea kf careion isi pc masker kf korea ply masker korea warna disposable mask,masker korea kf careion masker kf korea ply masker korea disposable mask,masker korea kf careion masker kf korea ply masker korea disposable mask,16.0,12.0,4.0,25.0
Shopee,GIDCARE Infusion Type Y Adult / Inpus Tipe Y Dewasa,gicare infusion,gidcare infusion type y adult inpus tipe y dewasa,gidcare infusion adult inpus,gidcare infusion adult inpus,10.0,4.0,6.0,60.0
Shopee,GIGI PALSU SEMENTARA 200 BUTIR / PENAMBAL GIGI PATAH RENGGANG TEMPORARY TOOTH TEMPTOOTH GINGSUL PATAH KELINCI / Snap On Smile Instan / Bahan Tambal Tambalan Lem Gigi Tiruan / Temporary Tooth Lem Gigi Original,gigi palsu,gigi palsu sementara butir penambal gigi patah renggang temporary tooth temptooth gingsul patah kelinci snap on smile instan bahan tambal tambalan lem gigi tiruan temporary tooth lem gigi original,gigi penambal gigi patah renggang temporary tooth temptooth patah kelinci snap on smile tambal tambalan lem gigi tiruan temporary tooth lem gigi,gigi tambal gigi patah renggang temporary tooth temptooth patah kelinci snap on smile tambal tambal lem gigi tiru temporary tooth lem gigi,34.0,22.0,12.0,35.3
Shopee,Syringe Onemed 10cc Jarum Suntik 10cc Spuit 10cc Onemed,syringe onemed,syringe onemed cc jarum suntik cc spuit cc onemed,syringe onemed cc jarum suntik cc spuit cc onemed,syringe onemed cc jarum suntik cc spuit cc onemed,9.0,9.0,0.0,0.0
Shopee,(Bisa COD) Cairan Pembersih Softlens ICE 60ml With PROVITAMIN B5 / BB,cairan pembersih softlens,bisa cod cairan pembersih softlens ice ml with provitamin b bb,cairan pembersih softlens ice with provitamin bb,cair bersih softlens ice with provitamin bb,12.0,7.0,5.0,41.7
Shopee,Pasta Gigi NASA [ Pgn ] - Odol,pasta gigi odol,pasta gigi nasa pgn odol,pasta gigi nasa pgn odol,pasta gigi nasa pgn odol,8.0,5.0,3.0,37.5
Shopee,Secret Clean Hand Sanitizer - 100 ml Spray,secret clean hand sanitizer,secret clean hand sanitizer ml spray,secret clean hand sanitizer spray,secret clean hand sanitizer spray,8.0,5.0,3.0,37.5
Shopee,Onemed Test Kehamilan Strip,onemed test kehamilan,onemed test kehamilan strip,onemed test kehamilan strip,onemed test hamil strip,4.0,4.0,0.0,0.0
Shopee,Cairan Softlens X2 60 ML / X2 Comfort Air Softlens untuk Cuci softlens 60ML,cairan softlens x2,cairan softlens x ml x comfort air softlens untuk cuci softlens ml,cairan softlens comfort air softlens softlens,cair softlens comfort air softlens softlens,14.0,6.0,8.0,57.1
Shopee,Masker Duckbill 3ply Dewasa Hitam Dan Putih Face Mask Earloop isi 10 PCS,masker duckbill,masker duckbill ply dewasa hitam dan putih face mask earloop isi pcs,masker duckbill ply face mask earloop,masker duckbill ply face mask earloop,13.0,6.0,7.0,53.8
Shopee,MASKER KF94 KOREA 4PLY ISI 10PC Impor High Quality,masker k94 korea,masker kf korea ply isi pc impor high quality,masker kf korea ply impor high quality,masker kf korea ply impor high quality,9.0,7.0,2.0,22.2
Shopee,Pasta gigi hotel / Odol Hotel Delident (100 pcs),odol delident,pasta gigi hotel odol hotel delident pcs,pasta gigi hotel odol hotel delident,pasta gigi hotel odol hotel delident,9.0,6.0,3.0,33.3
Shopee,Jarum Infus Inflo IV Catheter Plus Abbocath Abocath 20G 22G 24G Onemed,infus iv catheter,jarum infus inflo iv catheter plus abbocath abocath g g g onemed,jarum infus inflo iv catheter abbocath abocath onemed,jarum infus inflo iv catheter abbocath abocath onemed,12.0,8.0,4.0,33.3
Shopee,Masker 3Ply 3 Ply Masker Disposable Masker Earloop Masker 3 Ply Masker 3Ply,masker 3ply,masker ply ply masker disposable masker earloop masker ply masker ply,masker ply ply masker disposable masker earloop masker ply masker ply,masker ply ply masker disposable masker earloop masker ply masker ply,13.0,11.0,2.0,15.4
Shopee,CAIRAN SOFTLENS X2 60 ML BELLESOFTLENS,cairan softlens,cairan softlens x ml bellesoftlens,cairan softlens bellesoftlens,cair softlens bellesoftlens,6.0,3.0,3.0,50.0
Shopee,KARET BEHEL POWER O HIGH QUALITY AMERICAN ORTHODONTICS SUPER TEBAL Ori Behelldental - Karet Dental Motif Ring ORTHO USA Premium Ligature Ties - Motif Bulat Orthodontic Rubber Braces - Bracket Kawat Gigi ORIGINAL - ISI 1Pcs Original,karet behel power,karet behel power o high quality american orthodontics super tebal ori behelldental karet dental motif ring ortho usa premium ligature ties motif bulat orthodontic rubber braces bracket kawat gigi original isi pcs original,behel power high quality american orthodontics behelldental dental ring ortho usa ligature ties orthodontic rubber braces bracket kawat gigi,behel power high quality american orthodontics behelldental dental ring ortho usa ligature ties orthodontic rubber braces bracket kawat gigi,37.0,19.0,18.0,48.6
Shopee,Masker KN95 Mouson Pro 5Ply Anti Bakteri,masker kn95 mouson,masker kn mouson pro ply anti bakteri,masker kn mouson pro ply anti bakteri,masker kn mouson pro ply anti bakteri,7.0,7.0,0.0,0.0
Shopee,PARACETAMOL MERSIFARMA 500 MG 1 BLISTER @ 10 TABLET,paracetamol,paracetamol mersifarma mg blister tablet,paracetamol mersifarma mg blister tablet,paracetamol mersifarma mg blister tablet,9.0,5.0,4.0,44.4
Shopee,Lifree popok celana dewasa M/L/XL/XXL,lifree popok celana,lifree popok celana dewasa mlxlxxl,lifree popok celana mlxlxxl,lifree popok celana mlxlxxl,5.0,4.0,1.0,20.0
Shopee,Masker KF94 Korea 4 ply Impor High Quality,masker kf94 korea,masker kf korea ply impor high quality,masker kf korea ply impor high quality,masker kf korea ply impor high quality,8.0,7.0,1.0,12.5
Shopee,Softex Maternity Pembalut Ibu Bersalin 45cm Nyaman,softex maternity pembalut,softex maternity pembalut ibu bersalin cm nyaman,softex maternity pembalut bersalin,softex maternity balut salin,7.0,4.0,3.0,42.9
Shopee,Sikat Gigi Hotel + Odol Ekonomis Murah,sikat gigi odol,sikat gigi hotel odol ekonomis murah,sikat gigi hotel odol,sikat gigi hotel odol,7.0,4.0,3.0,42.9
Shopee,garuk punggung besi lipat tarik alat penghilang gatal garukan badan stainless mini portable,garuk punggung besi,garuk punggung besi lipat tarik alat penghilang gatal garukan badan stainless mini portable,garuk punggung besi lipat tarik alat penghilang garukan badan stainless portable,garuk punggung besi lipat tarik alat hilang garu badan stainless portable,13.0,11.0,2.0,15.4
Shopee,Pipet Drop Obat 1 ML Pippete Dropper Penetes Obat Plastik Pipet Kosmetik,pipet drop obat,pipet drop obat ml pippete dropper penetes obat plastik pipet kosmetik,pipet drop obat pippete dropper penetes obat plastik pipet kosmetik,pipet drop obat pippete dropper tetes obat plastik pipet kosmetik,12.0,10.0,2.0,16.7
Shopee,Pepsodent Pasta Gigi Pencegah Gigi Berlubang Anti-cavity Toothpaste Dgn MikroKalsium 225g,pepsodent pasta gigi,pepsodent pasta gigi pencegah gigi berlubang anticavity toothpaste dgn mikrokalsium g,pepsodent pasta gigi pencegah gigi berlubang anticavity toothpaste dgn mikrokalsium,pepsodent pasta gigi cegah gigi lubang anticavity toothpaste dgn mikrokalsium,11.0,10.0,1.0,9.1
Shopee,[MHS] Masker Duckbill 3 Ply Garis 50 Pcs Tebal,masker duckbill,mhs masker duckbill ply garis pcs tebal,mhs masker duckbill ply garis,mhs masker duckbill ply garis,9.0,5.0,4.0,44.4
Shopee,LIFREE POPOK CELANA DEWASA/POPOK DEWASA /(SIZE : M/L/XL) Per 1 Pcs,lifree popok celana,lifree popok celana dewasapopok dewasa size mlxl per pcs,lifree popok celana dewasapopok mlxl,lifree popok celana dewasapopok mlxl,11.0,5.0,6.0,54.5
Shopee,Pot Urine 10cc Bahan PS Tutup PP,pot urine,pot urine cc bahan ps tutup pp,pot urine cc ps tutup pp,pot urine cc ps tutup pp,7.0,6.0,1.0,14.3
Shopee,[RX] Ciptadent Pasta Gigi Maxi 30 gr Pencegah Gigi Berlubang Wangi Menthol Segar,ciptadent pasta gigi,rx ciptadent pasta gigi maxi gr pencegah gigi berlubang wangi menthol segar,rx ciptadent pasta gigi maxi pencegah gigi berlubang menthol,rx ciptadent pasta gigi maxi cegah gigi lubang menthol,13.0,9.0,4.0,30.8
Shopee,Pot Urine 10cc,pot urine,pot urine cc,pot urine cc,pot urine cc,3.0,3.0,0.0,0.0
Shopee,Masker Duckbill Mouson 4Ply Isi 50 Pcs Nyaman,masker duckbill,masker duckbill mouson ply isi pcs nyaman,masker duckbill mouson ply,masker duckbill mouson ply,8.0,4.0,4.0,50.0
Shopee,Vitacimin 500 mg Rasa Lemon 2 Tablet,vitacimin,vitacimin mg rasa lemon tablet,vitacimin mg lemon tablet,vitacimin mg lemon tablet,7.0,4.0,3.0,42.9
Shopee,CETIRIZINE HYDROCHLORIDE SAMPHARINDO 10 MG 1 STRIP @ 10 TABLET SALUT SELAPUT,cetirizine hydrochloride,cetirizine hydrochloride sampharindo mg strip tablet salut selaput,cetirizine hydrochloride sampharindo mg strip tablet salut selaput,cetirizine hydrochloride sampharindo mg strip tablet salut selaput,12.0,8.0,4.0,33.3
Shopee,Ice 60 mL Air Softlens / Cairan Ice 60mL Provitamin B5,ice softlens cairan provitamin b5,ice ml air softlens cairan ice ml provitamin b,ice air softlens cairan ice provitamin,ice air softlens cair ice provitamin,11.0,6.0,5.0,45.5
Shopee,Sangobion 10 Kapsul - Vitamin Penambah Darah,sangobion vitamin,sangobion kapsul vitamin penambah darah,sangobion kapsul vitamin penambah darah,sangobion kapsul vitamin tambah darah,7.0,5.0,2.0,28.6
Shopee,ESSENTIAL OIL THERAPEUTIC GRADE ORGANIC BPOM BY PHARMACIE ORGANICO,essential oil,essential oil therapeutic grade organic bpom by pharmacie organico,essential oil therapeutic grade organic bpom by pharmacie organico,essential oil therapeutic grade organic bpom by pharmacie organico,9.0,9.0,0.0,0.0
Shopee,[200gr] T405 | MASKER DUCKBILL 3 PLY DEWASA ISI 50 PER BOX | ADA GARIS | KUALITAS BAGUS,masker duckbill,gr t masker duckbill ply dewasa isi per box ada garis kualitas bagus,masker duckbill ply garis bagus,masker duckbill ply garis bagus,18.0,5.0,13.0,72.2
Shopee,Careion KF94 Masker 4 Ply – Masker Wajah Proteksi Tinggi BFE ≥95% (10 pcs) | GIENLY,kf94 masker,careion kf masker ply – masker wajah proteksi tinggi bfe ≥ pcs gienly,careion kf masker ply masker wajah proteksi bfe gienly,careion kf masker ply masker wajah proteksi bfe gienly,16.0,9.0,7.0,43.8
Shopee,Botol labor 100 ml 100ml botol agro 100 ml 100ml botol HDPE 100 ml 100ml,botol labor,botol labor ml ml botol agro ml ml botol hdpe ml ml,labor agro hdpe,labor agro hdpe,15.0,3.0,12.0,80.0
Shopee,Oneswab Oneswabs One Swabs Alkohol Swab Kapas Alkohol Tissue Alkohol,oneswab alkohol swab,oneswab oneswabs one swabs alkohol swab kapas alkohol tissue alkohol,oneswab oneswabs one swabs alkohol swab kapas alkohol tissue alkohol,oneswab oneswabs one swabs alkohol swab kapas alkohol tissue alkohol,10.0,10.0,0.0,0.0
Shopee,Masker KF94 Korean Model Murah Disposable-KF94 (Putih/Hitam),masker kf94,masker kf korean model murah disposablekf putihhitam,masker kf korean disposablekf putihhitam,masker kf korean disposablekf putihhitam,7.0,5.0,2.0,28.6
Shopee,Samyunwan Original Herbal Wisdom Bercode 100% Asli,samyunwan herbal wisdom,samyunwan original herbal wisdom bercode asli,samyunwan herbal wisdom bercode,samyunwan herbal wisdom bercode,7.0,4.0,3.0,42.9
Shopee,Masker Earloop ONEMED Masker Bedah Karet 3ply isi 50s,masker earloop onemed,masker earloop onemed masker bedah karet ply isi s,masker earloop onemed masker bedah ply,masker earloop onemed masker bedah ply,9.0,6.0,3.0,33.3
Shopee,BIG SALE Masker KF94 Korea 4 ply impor isi 50 pcs High Quality,masker kf94,big sale masker kf korea ply impor isi pcs high quality,big masker kf korea ply impor high quality,big masker kf korea ply impor high quality,13.0,8.0,5.0,38.5
Shopee,Botol labor 1000 ml 1000ml agro 1ltr 1 liter botol labor 1 liter agro 1liter Botol agro 1 liter 1000 ml /botol labor 1liter 1 ltr HDPE 1000ml 1ltr,botol labor,botol labor ml ml agro ltr liter botol labor liter agro liter botol agro liter ml botol labor liter ltr hdpe ml ltr,labor agro ltr labor agro agro labor ltr hdpe ltr,labor agro ltr labor agro agro labor ltr hdpe ltr,29.0,10.0,19.0,65.5
Shopee,Lifree Popok Celana Dewasa Isi 10 pcs - Lifree Pants Popok Celana Dewasa Satuan - Sachet Renceng 10pcs Size M L XL XXL,lifree popok celana dewasa,lifree popok celana dewasa isi pcs lifree pants popok celana dewasa satuan sachet renceng pcs size m l xl xxl,lifree popok celana lifree pants popok celana satuan renceng,lifree popok celana lifree pants popok celana satu renceng,23.0,9.0,14.0,60.9
Shopee,masker KF94 korea 4play evo plusmed convex masker 4D import,masker korea 4play evo plusmed convex,masker kf korea play evo plusmed convex masker d import,masker kf korea play evo plusmed convex masker,masker kf korea play evo plusmed convex masker,10.0,8.0,2.0,20.0
Shopee,ABBIGAIL 🫰 MASKER KF94 CAREION 4PLY HITAM PUTIH WARNA WARNI ISI 10 / MASKER KF 94 CARE ION 4 PLY HITAM PUTIH MIX WARNA MODEL KOREA ISI 10PCS 1008,abbigail masker kf94 careion,abbigail 🫰 masker kf careion ply hitam putih warna warni isi masker kf care ion ply hitam putih mix warna model korea isi pcs,abbigail masker kf careion ply warni masker kf care ion ply korea,abbigail masker kf careion ply warni masker kf care ion ply korea,29.0,12.0,17.0,58.6
Shopee,A7A ALGAN MASKER KF94 MOUSON WARNA 4PLY ISI 10 PCS,a7a algan masker,aa algan masker kf mouson warna ply isi pcs,aa algan masker kf mouson ply,aa algan masker kf mouson ply,10.0,6.0,4.0,40.0
Shopee,Sarung Jari Karet Tebal Finger Cots Alice Dental Coat Coats Pelindung Tangan Rubber Latex,sarung jari karet,sarung jari karet tebal finger cots alice dental coat coats pelindung tangan rubber latex,sarung jari finger cots alice dental coat coats pelindung tangan rubber latex,sarung jari finger cots alice dental coat coats lindung tangan rubber latex,14.0,12.0,2.0,14.3
Shopee,MASKER CAREION DUCKBILL EMBOS FULL COLOUR ISI 50PC MASKER DUCK BILL CAREION FACE MASK 3PLY EMBOS,masker careion duckbill,masker careion duckbill embos full colour isi pc masker duck bill careion face mask ply embos,masker careion duckbill embos colour masker duck bill careion face mask ply embos,masker careion duckbill embos colour masker duck bill careion face mask ply embos,16.0,13.0,3.0,18.8
Shopee,"Test Pack OneMed STERIL dan HCG / Testpack OneMed, Steril, HCG / Test Kehamilan Onemed Steril HCG",test pack onemed steril hcg,test pack onemed steril dan hcg testpack onemed steril hcg test kehamilan onemed steril hcg,test onemed hcg testpack onemed hcg test kehamilan onemed hcg,test onemed hcg testpack onemed hcg test hamil onemed hcg,17.0,10.0,7.0,41.2
Shopee,Popok Dewasa Size XL Perekat Lembut Dan Daya Serap Bagus,popok dewasa,popok dewasa size xl perekat lembut dan daya serap bagus,popok perekat daya serap bagus,popok rekat daya serap bagus,10.0,5.0,5.0,50.0
Shopee,Evo Plusmed Masker 4d Medis Berbagai Pilihan Warna,evo plusmed masker,evo plusmed masker d medis berbagai pilihan warna,evo plusmed masker medis,evo plusmed masker medis,8.0,4.0,4.0,50.0
Shopee,"Needle Wing 23G Panjang 0,75inch / Jarum Infus",needle wing,needle wing g panjang inch jarum infus,needle wing inch jarum infus,needle wing inch jarum infus,8.0,5.0,3.0,37.5
Shopee,HIGH QUALITY Finger coat cot coats cots sarung jari latex tangan karet pelindung jari cover penutup dental scaller scaler ALICE DENTAL ALICEDENTAL,alice dental scaler,high quality finger coat cot coats cots sarung jari latex tangan karet pelindung jari cover penutup dental scaller scaler alice dental alicedental,high quality finger coat cot coats cots sarung jari latex tangan pelindung jari cover penutup dental scaller scaler alice dental alicedental,high quality finger coat cot coats cots sarung jari latex tangan lindung jari cover tutup dental scaller scaler alice dental alicedental,22.0,21.0,1.0,4.5
Shopee,"MASKER DUCKBILL ALKINDO ISI 50PCS ,MASKER 3D ALKINDO DISPOSABLE",masker duckbill,masker duckbill alkindo isi pcs masker d alkindo disposable,masker duckbill alkindo masker alkindo disposable,masker duckbill alkindo masker alkindo disposable,9.0,6.0,3.0,33.3
Shopee,Pot Urine 50 cc Plastik / Cup Slime / Pot Salep Dahak 50cc 50ml 50 ml,pot urine slime salep dahak,pot urine cc plastik cup slime pot salep dahak cc ml ml,pot urine cc plastik cup slime pot salep dahak cc,pot urine cc plastik cup slime pot salep dahak cc,16.0,10.0,6.0,37.5
Shopee,"MASKER DUCKBILL SENSI ISI 50 LEMBAR , SENSI MASK DUCKBILL 50 PCS",masker duckbill,masker duckbill sensi isi lembar sensi mask duckbill pcs,masker duckbill sensi sensi mask duckbill,masker duckbill sensi sensi mask duckbill,12.0,6.0,6.0,50.0
Shopee,TEH DAUN JATI CINA HERBAL BERKAH ALAMI 40 GRAM Teh Pelangsing Alami untuk Diet dan Melancarkan BAB,teh daun jati cina herbal,teh daun jati cina herbal berkah alami gram teh pelangsing alami untuk diet dan melancarkan bab,teh daun jati cina herbal berkah teh pelangsing diet melancarkan bab,teh daun jati cina herbal berkah teh langsing diet lancar bab,17.0,11.0,6.0,35.3
Shopee,Popok Celana Dewasa Elastis Ukuran M-XXL,popok celana dewasa elastis,popok celana dewasa elastis ukuran mxxl,popok celana mxxl,popok celana mxxl,6.0,3.0,3.0,50.0
Shopee,BRACKET BEHEL AMPLOP BIRU • Permanen ORTHODONTICS BRACES KAWAT GIGI FANCY EDGEWISE 0.22 NO HOOK MINI - Kawat Dental Metal,bracket behel ampol,bracket behel amplop biru • permanen orthodontics braces kawat gigi fancy edgewise no hook mini kawat dental metal,bracket behel amplop orthodontics braces kawat gigi fancy edgewise no hook kawat dental metal,bracket behel amplop orthodontics braces kawat gigi fancy edgewise no hook kawat dental metal,20.0,14.0,6.0,30.0
Shopee,pot urine pot salep pot obat pot kencing plastik pot cream 10cc / 20cc / 30cc / 50cc / 75cc / 100cc / 200cc,pot urine,pot urine pot salep pot obat pot kencing plastik pot cream cc cc cc cc cc cc cc,pot urine pot salep pot obat pot kencing plastik pot cream cc cc cc cc cc cc cc,pot urine pot salep pot obat pot kencing plastik pot cream cc cc cc cc cc cc cc,24.0,18.0,6.0,25.0
Shopee,pot urine 20cc / pot salep 20ml / pot plastik 20cc,pot urine,pot urine cc pot salep ml pot plastik cc,pot urine cc pot salep pot plastik cc,pot urine cc pot salep pot plastik cc,11.0,8.0,3.0,27.3
Shopee,Lifree Pants - Lifree Popok Celana Dewasa Satuan - Sachet Renceng 1pc Size M L XL,lifree popok celana dewasa,lifree pants lifree popok celana dewasa satuan sachet renceng pc size m l xl,lifree pants lifree popok celana satuan renceng,lifree pants lifree popok celana satu renceng,16.0,7.0,9.0,56.2
Shopee,BELLA - MASKER KF94 MOUSON EMBOS 10PC - MASKER MOUSON KF94 NEW WARNA TALI SENADA 4PLY,bella masker kf94 mouson,bella masker kf mouson embos pc masker mouson kf new warna tali senada ply,bella masker kf mouson embos masker mouson kf tali senada ply,bella masker kf mouson embos masker mouson kf tali nada ply,16.0,11.0,5.0,31.2
Shopee,ANEKA - SABUN KESED MELODY ORIGINAL BPOM - SABUN KESED SIRIH MELODY KHUSUS MISS V,sabun kesed melody,aneka sabun kesed melody original bpom sabun kesed sirih melody khusus miss v,aneka kesed melody bpom kesed sirih melody miss,aneka kesed melody bpom kesed sirih melody miss,15.0,8.0,7.0,46.7
Shopee,Syringe Onemed 3cc Jarum Suntik 3cc Spuit 3cc Onemed,syringe onemed,syringe onemed cc jarum suntik cc spuit cc onemed,syringe onemed cc jarum suntik cc spuit cc onemed,syringe onemed cc jarum suntik cc spuit cc onemed,9.0,9.0,0.0,0.0
Shopee,MASKER DUCKBILL GARIS NEW CAREION SEPERTI SENSI 4PLY SACHET ISI 10,masker duckbill,masker duckbill garis new careion seperti sensi ply sachet isi,masker duckbill garis careion sensi ply,masker duckbill garis careion sensi ply,11.0,6.0,5.0,45.5
Shopee,"PROMO!! LiFree Popok Celana Dewasa size M,L,XL,XXL per 1 Sachet",liefree popok celana dewasa,promo lifree popok celana dewasa size mlxlxxl per sachet,lifree popok celana mlxlxxl,lifree popok celana mlxlxxl,10.0,4.0,6.0,60.0
Shopee,Flimty Fiber - 1 Box (isi 16 sachet),flimty fiber,flimty fiber box isi sachet,flimty fiber,flimty fiber,8.0,2.0,6.0,75.0
Shopee,WBS Hansaplast Plester Luka Karakter Kartun Hansaplast Kids Plester Luka Anti Air Cartoon SS068,hansaplast plester luka kids,wbs hansaplast plester luka karakter kartun hansaplast kids plester luka anti air cartoon ss,wbs hansaplast plester luka karakter kartun hansaplast kids plester luka anti air cartoon ss,wbs hansaplast plester luka karakter kartun hansaplast kids plester luka anti air cartoon ss,14.0,14.0,0.0,0.0
Shopee,"Needle Wing 25G Panjang 0,75inch / Jarum Infus",needle wing,needle wing g panjang inch jarum infus,needle wing inch jarum infus,needle wing inch jarum infus,8.0,5.0,3.0,37.5
Shopee,MASKER KN95 MOUSON / WEMASK 5ply,mouson wemask,masker kn mouson wemask ply,masker kn mouson wemask ply,masker kn mouson wemask ply,6.0,5.0,1.0,16.7
Shopee,Infus Set Onemed Dewasa Selang Infus Dewasa Onemed Infusion Set Alat Infus Dewasa Infus Set Dewasa Onemed,infus set onemed dewasa,infus set onemed dewasa selang infus dewasa onemed infusion set alat infus dewasa infus set dewasa onemed,infus onemed selang infus onemed infusion alat infus infus onemed,infus onemed selang infus onemed infusion alat infus infus onemed,17.0,10.0,7.0,41.2
Shopee,Pot urine 5 cc isi 500/pcs,pot urine,pot urine cc isi pcs,pot urine cc,pot urine cc,6.0,3.0,3.0,50.0
Shopee,Neurobion Forte 10 Tablet,neurobion forte,neurobion forte tablet,neurobion forte tablet,neurobion forte tablet,4.0,3.0,1.0,25.0
Shopee,Bulk Pack Popok Celana Dewasa Satuan M L XL XXL - BP Popok Celana Dewasa Sachet Renceng,bulk pack popok celana dewasa,bulk pack popok celana dewasa satuan m l xl xxl bp popok celana dewasa sachet renceng,bulk popok celana satuan bp popok celana renceng,bulk popok celana satu bp popok celana renceng,17.0,8.0,9.0,52.9
Shopee,Jessen Onemed / Incinta Test Tes Hamil Tespek Test Pack Tes Kehamilan (1 DUS ISI 50s),tespek test pack tes kehamilan,jessen onemed incinta test tes hamil tespek test pack tes kehamilan dus isi s,jessen onemed incinta test tes hamil tespek test tes kehamilan,jessen onemed incinta test tes hamil tespek test tes hamil,16.0,10.0,6.0,37.5
Shopee,Pot urine 10cc,pot urine,pot urine cc,pot urine cc,pot urine cc,3.0,3.0,0.0,0.0
Shopee,"Natur-E White Soft Capsule 16s/32s - Natur E White 32 kapsul dengan Natural Vitamin E, Olive Extract & Glutathione - Membantu Memelihara Kesehatan Kulit",natur e white,nature white soft capsule ss natur e white kapsul dengan natural vitamin e olive extract glutathione membantu memelihara kesehatan kulit,nature white soft capsule ss natur white kapsul vitamin olive extract glutathione membantu memelihara kesehatan kulit,nature white soft capsule ss natur white kapsul vitamin olive extract glutathione bantu pelihara sehat kulit,24.0,16.0,8.0,33.3
Shopee,Masker KF94 Anti Virus Isi 10 Warna Beragam,masker kf94,masker kf anti virus isi warna beragam,masker kf anti virus,masker kf anti virus,8.0,4.0,4.0,50.0
Shopee,Masker KN95 HITAM High Quality Masker KN 95 5PLY,masker kn95,masker kn hitam high quality masker kn ply,masker kn high quality masker kn ply,masker kn high quality masker kn ply,9.0,7.0,2.0,22.2
Shopee,Kasa Steril 16x16cm Onemed Kasa Steril Onemed Gauze Swab Steril,kasa steril,kasa steril xcm onemed kasa steril onemed gauze swab steril,kasa xcm onemed kasa onemed gauze swab,kasa xcm onemed kasa onemed gauze swab,10.0,7.0,3.0,30.0
Shopee,Noera Collagen Drink 3000Mg Tripeptide Salmon Collagen With Birdnest and Saffron Extract Improved Formula | Minuman Kolagen Rendah Gula Manis Extract Buah | Kolagen Sumber Protein Vitamin C Vitamin E,noera collagen drink,noera collagen drink mg tripeptide salmon collagen with birdnest and saffron extract improved formula minuman kolagen rendah gula manis extract buah kolagen sumber protein vitamin c vitamin e,noera collagen drink mg tripeptide salmon collagen with birdnest and saffron extract improved formula minuman kolagen gula extract kolagen sumber protein vitamin vitamin,noera collagen drink mg tripeptide salmon collagen with birdnest and saffron extract improved formula minum kolagen gula extract kolagen sumber protein vitamin vitamin,30.0,23.0,7.0,23.3
Shopee,Softex Maternity 45cm 20 Pads - Pembalut Bersalin dan Nifas,softex maternity pembalut,softex maternity cm pads pembalut bersalin dan nifas,softex maternity pads pembalut bersalin nifas,softex maternity pads balut salin nifas,10.0,6.0,4.0,40.0
Shopee,Pot Urine/Obat/Slime 20cc Bahan PS Berkualitas,pot urine,pot urineobatslime cc bahan ps berkualitas,pot urineobatslime cc ps,pot urineobatslime cc ps,6.0,4.0,2.0,33.3
Shopee,Sikat Gigi Hotel Duo Standar set odol NM (50pcs),sikat gigi hotel duo,sikat gigi hotel duo standar set odol nm pcs,sikat gigi hotel duo odol nm,sikat gigi hotel duo odol nm,9.0,6.0,3.0,33.3
Shopee,CAIRAN SOFTLENS ICE 60ML,cairan softlens,cairan softlens ice ml,cairan softlens ice,cair softlens ice,4.0,3.0,1.0,25.0
Shopee,Masker Duckbill Isi 50pcs 3Ply Facemask Earloop Disposable,masker duckbill,masker duckbill isi pcs ply facemask earloop disposable,masker duckbill ply facemask earloop disposable,masker duckbill ply facemask earloop disposable,8.0,6.0,2.0,25.0
Shopee,Ciptadent Sikat Gigi Crystal Clean Medium Kotak Isi 3 Pcs x2,ciplat sikat gigi crystal clean,ciptadent sikat gigi crystal clean medium kotak isi pcs x,ciptadent sikat gigi crystal clean,ciptadent sikat gigi crystal clean,11.0,5.0,6.0,54.5
Shopee,Lifree Pants POPOK DEWASA Sachet Tipe Celana M/L/XL,lifree pants,lifree pants popok dewasa sachet tipe celana mlxl,lifree pants popok celana mlxl,lifree pants popok celana mlxl,8.0,5.0,3.0,37.5
Shopee,Pot cup wadah urin urine salep 20 cc gr gram ml 20cc 20gr 20ml,pot cup urin,pot cup wadah urin urine salep cc gr gram ml cc gr ml,pot cup urin urine salep cc cc,pot cup urin urine salep cc cc,14.0,7.0,7.0,50.0
Shopee,Tes Kehamilan Tes Hamil Test Kehamilan Alat Test Pack Onemed,tes kehamilan,tes kehamilan tes hamil test kehamilan alat test pack onemed,tes kehamilan tes hamil test kehamilan alat test onemed,tes hamil tes hamil test hamil alat test onemed,10.0,9.0,1.0,10.0
Shopee,Flimty Fiber Travel Pack (5 sachet) Cobain Dulu!,flimty fiber,flimty fiber travel pack sachet cobain dulu,flimty fiber travel cobain,flimty fiber travel cobain,8.0,4.0,4.0,50.0
Shopee,Pot Urine 20cc Murah Berkualitas Tinggi,pot urine,pot urine cc murah berkualitas tinggi,pot urine cc,pot urine cc,6.0,3.0,3.0,50.0
Shopee,Masker Duckbill Anak | Masker Anak Duckbill 3ply | Masker Duckbill Bayi Motif Lucu | Duckbill Anak Motif | Masker Anak BTS,masker duckbill anak,masker duckbill anak masker anak duckbill ply masker duckbill bayi motif lucu duckbill anak motif masker anak bts,masker duckbill masker duckbill ply masker duckbill duckbill masker bts,masker duckbill masker duckbill ply masker duckbill duckbill masker bts,22.0,10.0,12.0,54.5
Shopee,Mpot Empot Ayam Original Mpot Biang Utuh,mpot ayam,mpot empot ayam original mpot biang utuh,mpot empot ayam mpot biang,mpot empot ayam mpot biang,7.0,5.0,2.0,28.6
Shopee,[TERLARIS] MADU BS HONEY COD 1 Botol Penggemuk Badan BPOM HALAL 350 gr,madu bs honey,terlaris madu bs honey cod botol penggemuk badan bpom halal gr,madu bs honey penggemuk badan bpom,madu bs honey gemuk badan bpom,13.0,6.0,7.0,53.8
Shopee,Pot urine 10 cc / pot urin 10cc / pot salep 10 cc,pot urine,pot urine cc pot urin cc pot salep cc,pot urine cc pot urin cc pot salep cc,pot urine cc pot urin cc pot salep cc,13.0,9.0,4.0,30.8
Shopee,Pot urin /salep/crim 10cc,pot urin,pot urin salepcrim cc,pot urin salepcrim cc,pot urin salepcrim cc,4.0,4.0,0.0,0.0
Shopee,BIG SALE !! POT CREAM VIVA 10GR / POT CREAM 10GR / POT VIVA 10GR,pot cream viva,big sale pot cream viva gr pot cream gr pot viva gr,big pot cream viva pot cream pot viva,big pot cream viva pot cream pot viva,15.0,8.0,7.0,46.7
Shopee,Pipet Obat 1 ML/Pipet Obat Bayi/Pipet Kosmetik 1 ML/Pipet Drop 1 ML/Penetes Obat/Pippete Dropper,pipet obat,pipet obat mlpipet obat bayipipet kosmetik mlpipet drop mlpenetes obatpippete dropper,pipet obat mlpipet obat bayipipet kosmetik mlpipet drop mlpenetes obatpippete dropper,pipet obat mlpipet obat bayipipet kosmetik mlpipet drop mlpenetes obatpippete dropper,14.0,11.0,3.0,21.4
Shopee,Sarung Tangan Latex Safeglove Handscoon Gloves Safeglove,safeglove handscoon gloves,sarung tangan latex safeglove handscoon gloves safeglove,sarung tangan latex safeglove handscoon gloves safeglove,sarung tangan latex safeglove handscoon gloves safeglove,7.0,7.0,0.0,0.0
Shopee,Sarung tangan plastik kemasan isi 100lembar,sarung tangan plastik,sarung tangan plastik kemasan isi lembar,sarung tangan plastik,sarung tangan plastik,6.0,3.0,3.0,50.0
Shopee,sikat gigi hotel set odol / dental kit standar murah bpom (50-100pcs),sikat gigi odol,sikat gigi hotel set odol dental kit standar murah bpom pcs,sikat gigi hotel odol dental kit bpom,sikat gigi hotel odol dental kit bpom,12.0,7.0,5.0,41.7
Shopee,NEWLAB Brightlogy GlutaColl-5500 | Minuman Glutathione & Collagen Drink,brightlogy gluta coll,newlab brightlogy glutacoll minuman glutathione collagen drink,newlab brightlogy glutacoll minuman glutathione collagen drink,newlab brightlogy glutacoll minum glutathione collagen drink,9.0,7.0,2.0,22.2
Shopee,Popok Celana Dewasa Isi 20 pcs - Lifree Pants 20 pcs Lifree Sachet Renceng 20pcs Size M L XL XXL,lifree pants,popok celana dewasa isi pcs lifree pants pcs lifree sachet renceng pcs size m l xl xxl,popok celana lifree pants lifree renceng,popok celana lifree pants lifree renceng,20.0,6.0,14.0,70.0
Shopee,MASKER KF94 WE MASK ISI 10PCS Masker KF94 4Ply isi 10 duckbill Careion wemask MASKER Korea MURAH ISI 10,masker kf94,masker kf we mask isi pcs masker kf ply isi duckbill careion wemask masker korea murah isi,masker kf we mask masker kf ply duckbill careion wemask masker korea,masker kf we mask masker kf ply duckbill careion wemask masker korea,19.0,12.0,7.0,36.8
Shopee,Sendok obat 5 ml putih langsung dari pabrik,sendok obat,sendok obat ml putih langsung dari pabrik,sendok obat langsung pabrik,sendok obat langsung pabrik,8.0,4.0,4.0,50.0
Shopee,Sendok Obat 5 ml,sendok obat,sendok obat ml,sendok obat,sendok obat,4.0,2.0,2.0,50.0
Shopee,(SKR) 3 Pc Tes Kesuburan Ovulasi / 1 Pc Andalan Strip - LH Acon Ovulation Test Testpack Pack Strips Bayi accon cup urin,tes kesuburan ovulasi,skr pc tes kesuburan ovulasi pc andalan strip lh acon ovulation test testpack pack strips bayi accon cup urin,skr tes kesuburan ovulasi andalan strip lh acon ovulation test testpack strips accon cup urin,skr tes subur ovulasi andal strip lh acon ovulation test testpack strips accon cup urin,23.0,15.0,8.0,34.8
Shopee,Pot Urine 50cc / Pot Salep 50ml / Pot Plastik 50cc,pot urine,pot urine cc pot salep ml pot plastik cc,pot urine cc pot salep pot plastik cc,pot urine cc pot salep pot plastik cc,11.0,8.0,3.0,27.3
Shopee,Strip Easy Touch Gula Darah / Glucose,strip easy touch gula darah,strip easy touch gula darah glucose,strip easy touch gula darah glucose,strip easy touch gula darah glucose,7.0,6.0,1.0,14.3
Shopee,Sikat Gigi Hotel Standar Set Odol BPOM / Dental Kit (50Pcs),sikat gigi odol,sikat gigi hotel standar set odol bpom dental kit pcs,sikat gigi hotel odol bpom dental kit,sikat gigi hotel odol bpom dental kit,11.0,7.0,4.0,36.4
Shopee,Plastik obat - plastik kresek obat ( min order 1000pcs ) - plastik obat kresek,plastik obat,plastik obat plastik kresek obat min order pcs plastik obat kresek,plastik obat plastik kresek obat min order plastik obat kresek,plastik obat plastik kresek obat min order plastik obat kresek,15.0,10.0,5.0,33.3
Shopee,Masker Duckbill Medis 3 Ply Isi 50 Pcs,masker duckbill medis,masker duckbill medis ply isi pcs,masker duckbill medis ply,masker duckbill medis ply,8.0,4.0,4.0,50.0
Shopee,[TP] Pasta Gigi Ciptadent Maxi 30 gram Pencegah Gigi Berlubang Pasta Gigi Odol Ciptadent Wings 30 gr Wangi Menthol Segar,ciptadent maxi,tp pasta gigi ciptadent maxi gram pencegah gigi berlubang pasta gigi odol ciptadent wings gr wangi menthol segar,tp pasta gigi ciptadent maxi pencegah gigi berlubang pasta gigi odol ciptadent wings menthol,tp pasta gigi ciptadent maxi cegah gigi lubang pasta gigi odol ciptadent wings menthol,20.0,14.0,6.0,30.0
Shopee,Masker KN95 HITAM / PUTIH CAREION ISI 10PC Masker KN95 HITAM HIJAB Masker N95 PUTIH HIJAB ISI (10PC) TANPA BOX,masker kn95 careion,masker kn hitam putih careion isi pc masker kn hitam hijab masker n putih hijab isi pc tanpa box,masker kn careion masker kn hijab masker hijab,masker kn careion masker kn hijab masker hijab,20.0,8.0,12.0,60.0
Shopee,Prove D3 Drop - Vitamin D3 400 IU Tetes 12.5 ml untuk Dewasa dan Anak,d3 drop vitamin d3,prove d drop vitamin d iu tetes ml untuk dewasa dan anak,prove drop vitamin iu tetes,prove drop vitamin iu tetes,15.0,5.0,10.0,66.7
Shopee,Masker KN95 HITAM CAREION ISI 10PC Masker KN 95 Hitam Hijab N95 Hitam EARLOOP 5ply - HITAM POLOS/HITAM HIJAB ISI 10PC,masker kn95 hitam,masker kn hitam careion isi pc masker kn hitam hijab n hitam earloop ply hitam poloshitam hijab isi pc,masker kn careion masker kn hijab earloop ply poloshitam hijab,masker kn careion masker kn hijab earloop ply poloshitam hijab,21.0,10.0,11.0,52.4
Shopee,Custom Plastik Klip Obat Free Desain,custom plastik klip obat,custom plastik klip obat free desain,custom plastik klip obat desain,custom plastik klip obat desain,6.0,5.0,1.0,16.7
Shopee,Masker DUCKBILL CAREION DEWASA Face Mask Masker 3ply Duck Bill CAREION Disposable Mask 95% -50PC,duckbill careion,masker duckbill careion dewasa face mask masker ply duck bill careion disposable mask pc,masker duckbill careion face mask masker ply duck bill careion disposable mask,masker duckbill careion face mask masker ply duck bill careion disposable mask,15.0,12.0,3.0,20.0
Shopee,Pipet Drop 1ml Murah | Pipet Tetes Obat | Pipet Kosmetik 1ml,pipet drop,pipet drop ml murah pipet tetes obat pipet kosmetik ml,pipet drop pipet tetes obat pipet kosmetik,pipet drop pipet tetes obat pipet kosmetik,12.0,7.0,5.0,41.7
Shopee,Masker Duckbill 3Ply Disposable Duck Bill 3 Ply Earloop Daily Mask - DUCKBILL HARGA PER 1 PCS,duckbill masker,masker duckbill ply disposable duck bill ply earloop daily mask duckbill harga per pcs,masker duckbill ply disposable duck bill ply earloop daily mask duckbill,masker duckbill ply disposable duck bill ply earloop daily mask duckbill,17.0,11.0,6.0,35.3
Shopee,Plastik doff untuk Dental Kit / sikat gigi murah / odol （BAHAN HALUS IMPORT ) TIDAK KAKU,plastik doff,plastik doff untuk dental kit sikat gigi murah odol （bahan halus import tidak kaku,plastik doff dental kit sikat gigi odol （bahan,plastik doff dental kit sikat gigi odol bahan,17.0,8.0,9.0,52.9
Shopee,exp 2028 1 pcs tes ovulasi / lh ovulation test / ovutes akurat,tes ovulasi,exp pcs tes ovulasi lh ovulation test ovutes akurat,exp tes ovulasi lh ovulation test ovutes,exp tes ovulasi lh ovulation test ovutes,13.0,7.0,6.0,46.2
Shopee,Bundling Gendes Feminine Hygiene Wash Foam Vanilla dan Sweet Feminine Care Spray | Perawatan Area Kewanitaan | Membantu Mengurangi Keputihan | Membantu Menghilangkan Aroma Tidak Sedap Pada Area Kewanitaan,bundling gendes feminine hygiene,bundling gendes feminine hygiene wash foam vanilla dan sweet feminine care spray perawatan area kewanitaan membantu mengurangi keputihan membantu menghilangkan aroma tidak sedap pada area kewanitaan,bundling gendes feminine hygiene wash foam vanilla sweet feminine care spray perawatan area kewanitaan membantu mengurangi keputihan membantu menghilangkan aroma area kewanitaan,bundling gendes feminine hygiene wash foam vanilla sweet feminine care spray awat area wanita bantu kurang putih bantu hilang aroma area wanita,29.0,22.0,7.0,24.1
Shopee,Eyebost - Madu Herbal Vitamin Mata 160gr,eyebost madu herbal vitamin mata,eyebost madu herbal vitamin mata gr,eyebost madu herbal vitamin mata,eyebost madu herbal vitamin mata,7.0,5.0,2.0,28.6
Shopee,Masker KN95 CAREION ISI 10PC Masker N95 Masker KN 95 Masker N 95 Masker Disposable Mask CAREION - PUTIH POLOS ISI 10PC,careion masker,masker kn careion isi pc masker n masker kn masker n masker disposable mask careion putih polos isi pc,masker kn careion masker masker kn masker masker disposable mask careion,masker kn careion masker masker kn masker masker disposable mask careion,22.0,11.0,11.0,50.0
Shopee,Pot Urin Bening 30cc Dengan Tutup Luar,pot urin,pot urin bening cc dengan tutup luar,pot urin bening cc tutup,pot urin bening cc tutup,7.0,5.0,2.0,28.6
Shopee,Test pack kehamilan /Tes hamil /Tespek TES KEHAMILAN INSTAN ONEMED,tespek tes kehamilan,test pack kehamilan tes hamil tespek tes kehamilan instan onemed,test kehamilan tes hamil tespek tes kehamilan onemed,test hamil tes hamil tespek tes hamil onemed,10.0,8.0,2.0,20.0
Shopee,Beaudesoul Slimming Tea & Detox Tea | Teh Pelangsing Herbal Alami | Teh Diet | Peluntur Lemak,beaudesoul slimming tea,beaudesoul slimming tea detox tea teh pelangsing herbal alami teh diet peluntur lemak,beaudesoul slimming tea detox tea teh pelangsing herbal teh diet peluntur lemak,beaudesoul slimming tea detox tea teh langsing herbal teh diet luntur lemak,17.0,12.0,5.0,29.4
Shopee,LH Ovulation Ungu / Tes Kesuburan / Tes Ovulasi / Ovulation Testpack Ungu / / Ovulation Test,ovulation test,lh ovulation ungu tes kesuburan tes ovulasi ovulation testpack ungu ovulation test,lh ovulation tes kesuburan tes ovulasi ovulation testpack ovulation test,lh ovulation tes subur tes ovulasi ovulation testpack ovulation test,17.0,10.0,7.0,41.2
Shopee,Etaku Goatmilk Susu Vitamin Peninggi Badan Anak Remaja Dewasa 17 18 20 Tahun Ke Atas Tinggi Kalsium Nutrisi Penguat Tulang Dan Gigi Anti Inflamasi Susu Kambing Etawa Bubuk Murni,etaku goatmilk susu vitamin,etaku goatmilk susu vitamin peninggi badan anak remaja dewasa tahun ke atas tinggi kalsium nutrisi penguat tulang dan gigi anti inflamasi susu kambing etawa bubuk murni,etaku goatmilk susu vitamin peninggi badan kalsium nutrisi penguat tulang gigi anti inflamasi susu kambing etawa bubuk murni,eta goatmilk susu vitamin tinggi badan kalsium nutrisi kuat tulang gigi anti inflamasi susu kambing etawa bubuk murni,29.0,18.0,11.0,37.9
Shopee,Tes Hamil / Test Pack / Alat Tes Hamil One Med,tes hamil,tes hamil test pack alat tes hamil one med,tes hamil test alat tes hamil one med,tes hamil test alat tes hamil one med,11.0,8.0,3.0,27.3
Shopee,Masker KF94 4Ply Evo 3D Proctection Mask Isi 10Pcs Masker KF94 4 Ply 3D Protection Isi 10Pcs,masker kf94,masker kf ply evo d proctection mask isi pcs masker kf ply d protection isi pcs,masker kf ply evo proctection mask masker kf ply protection,masker kf ply evo proctection mask masker kf ply protection,17.0,10.0,7.0,41.2
Shopee,Pot Urine 30cc / Pot Salep 30ml / Pot Plastik 30cc,pot urine,pot urine cc pot salep ml pot plastik cc,pot urine cc pot salep pot plastik cc,pot urine cc pot salep pot plastik cc,11.0,8.0,3.0,27.3
Shopee,Masker KN 95 CAREION ISI 10PC Masker KN95 Masker N95 Masker N 95 Putih Polos Disposable Mask ISI 10PC - CAREION,masker kn95,masker kn careion isi pc masker kn masker n masker n putih polos disposable mask isi pc careion,masker kn careion masker kn masker masker disposable mask careion,masker kn careion masker kn masker masker disposable mask careion,21.0,10.0,11.0,52.4
Shopee,Paket Satuan Zymuno - Secara Tradisional Membantu Memelihara Kondisi Kesehatan Tubuh,zymuno,paket satuan zymuno secara tradisional membantu memelihara kondisi kesehatan tubuh,satuan zymuno membantu memelihara kondisi kesehatan tubuh,satu zymuno bantu pelihara kondisi sehat tubuh,11.0,7.0,4.0,36.4
Shopee,Sikat Gigi Hotel Amenities Dental Kit ( SIKAT GIGI SAJA) minimal order 100 pcs,sikat gigi,sikat gigi hotel amenities dental kit sikat gigi saja minimal order pcs,sikat gigi hotel amenities dental kit sikat gigi order,sikat gigi hotel amenities dental kit sikat gigi order,14.0,9.0,5.0,35.7
Shopee,LH Ovulation / Tes Kesuburan / Ovulation Test / Tes Ovulasi / Ovulation Testpack,lho ovulation tes,lh ovulation tes kesuburan ovulation test tes ovulasi ovulation testpack,lh ovulation tes kesuburan ovulation test tes ovulasi ovulation testpack,lh ovulation tes subur ovulation test tes ovulasi ovulation testpack,14.0,10.0,4.0,28.6
Shopee,Masker KF94 korea 4ply convex masker 4D impor KF 94,masker korea,masker kf korea ply convex masker d impor kf,masker kf korea ply convex masker impor kf,masker kf korea ply convex masker impor kf,10.0,8.0,2.0,20.0
Shopee,"Pipet Obat 1 ML, Pipet Obat Bayi 1ML, Pipet Kosmetik 1 ML, Pipet Drop, Penetes Obat, Pipet Kosmetik","pipet obat, pipet obat bayi, pipet kosmetik, pipet",pipet obat ml pipet obat bayi ml pipet kosmetik ml pipet drop penetes obat pipet kosmetik,pipet obat pipet obat pipet kosmetik pipet drop penetes obat pipet kosmetik,pipet obat pipet obat pipet kosmetik pipet drop tetes obat pipet kosmetik,18.0,12.0,6.0,33.3
Shopee,Masker KF94 Senada 4Ply Evo 3D Proctection Mouson Sachet isi 10Pcs,masker kf94,masker kf senada ply evo d proctection mouson sachet isi pcs,masker kf senada ply evo proctection mouson,masker kf nada ply evo proctection mouson,11.0,7.0,4.0,36.4
Shopee,Goto Character Body Scale Timbangan Badan Karakter Kartun,karakter body scale,goto character body scale timbangan badan karakter kartun,goto character body scale timbangan badan karakter kartun,goto character body scale timbang badan karakter kartun,8.0,8.0,0.0,0.0
Shopee,Live Now!! KOYO KAKI BAMBOO GOLD FOOT PATCH),koyo kaki bamboo,live now koyo kaki bamboo gold foot patch,live now koyo kaki bamboo gold foot patch,live now koyo kaki bamboo gold foot patch,8.0,8.0,0.0,0.0
Shopee,WST Masker kn95 5 PLY face mask KN95 makser medis,wst masker kn95,wst masker kn ply face mask kn makser medis,wst masker kn ply face mask kn makser medis,wst masker kn ply face mask kn makser medis,10.0,9.0,1.0,10.0
Shopee,Pipet drop obat 1 ML,pipet drop obat,pipet drop obat ml,pipet drop obat,pipet drop obat,5.0,3.0,2.0,40.0
Shopee,Masker KN95 Putih Isi 10 PCS Careion Masker N95 ASLI Masker KN 95 - TANPA BOX,masker kn95,masker kn putih isi pcs careion masker n asli masker kn tanpa box,masker kn careion masker masker kn,masker kn careion masker masker kn,16.0,6.0,10.0,62.5
Shopee,sikat gigi hotel BPOM murah 1000 pcs,sikat gigi hotel,sikat gigi hotel bpom murah pcs,sikat gigi hotel bpom,sikat gigi hotel bpom,7.0,4.0,3.0,42.9
Shopee,Samyunwan Wisdom Original Bercode Herbal 100% Asli,samyunwan wisdom,samyunwan wisdom original bercode herbal asli,samyunwan wisdom bercode herbal,samyunwan wisdom bercode herbal,7.0,4.0,3.0,42.9
Shopee,Pot urin 10 CC,pot urin,pot urin cc,pot urin cc,pot urin cc,4.0,3.0,1.0,25.0
Shopee,QnC Jelly Gamat Emas Asli 100% Original 300ml Obat Kolesterol Darah Tinggi Diabetes Maag Kronis Gerd Asam Lambung Jantung Usus Buntu Benjolan Kista Miom Tumor Kanker Sinusitis Stroke Ginjal Batuk TBC PALING AMPUH Namun Tergantung Kondisi Tubuh,qnc jelly gamat,qnc jelly gamat emas asli original ml obat kolesterol darah tinggi diabetes maag kronis gerd asam lambung jantung usus buntu benjolan kista miom tumor kanker sinusitis stroke ginjal batuk tbc paling ampuh namun tergantung kondisi tubuh,qnc jelly gamat emas obat kolesterol darah diabetes maag kronis gerd lambung jantung usus buntu benjolan kista miom tumor kanker sinusitis stroke ginjal batuk tbc ampuh tergantung kondisi tubuh,qnc jelly gamat emas obat kolesterol darah diabetes maag kronis gerd lambung jantung usus buntu benjol kista miom tumor kanker sinusitis stroke ginjal batuk tbc ampuh gantung kondisi tubuh,37.0,29.0,8.0,21.6
Shopee,POPOK / DIAPERS DEWASA SIZE L,popok,popok diapers dewasa size l,popok diapers,popok diapers,6.0,2.0,4.0,66.7
Shopee,Masker KF94 4ply model convex masker 4D impor KF 94 disposable facemask,masker kf94,masker kf ply model convex masker d impor kf disposable facemask,masker kf ply convex masker impor kf disposable facemask,masker kf ply convex masker impor kf disposable facemask,12.0,9.0,3.0,25.0
Shopee,Masker Anak KF94 CAREION Korea 4ply Masker kf 94 ANAK CAREION isi 10pc - HITAM/PUTIH,masker anak careion,masker anak kf careion korea ply masker kf anak careion isi pc hitamputih,masker kf careion korea ply masker kf careion hitamputih,masker kf careion korea ply masker kf careion hitamputih,15.0,9.0,6.0,40.0
Shopee,Syringe 5cc / Jarum Suntik 5cc / Spuit 5cc Onemed,syringe,syringe cc jarum suntik cc spuit cc onemed,syringe cc jarum suntik cc spuit cc onemed,syringe cc jarum suntik cc spuit cc onemed,10.0,8.0,2.0,20.0
Shopee,Pot urine 20cc / pot urin 20 cc / pot obat 20cc,pot urine,pot urine cc pot urin cc pot obat cc,pot urine cc pot urin cc pot obat cc,pot urine cc pot urin cc pot obat cc,12.0,9.0,3.0,25.0
Shopee,Ovulation test / tes ovulasi / ovutest,ovutest,ovulation test tes ovulasi ovutest,ovulation test tes ovulasi ovutest,ovulation test tes ovulasi ovutest,7.0,5.0,2.0,28.6
Shopee,Sanmol Forte 650 Mg Strip 4 Tablet,sanmol forte,sanmol forte mg strip tablet,sanmol forte mg strip tablet,sanmol forte mg strip tablet,7.0,5.0,2.0,28.6
Shopee,Goto Disposable Mask KN 95 Facemask 5Ply Earloop Masker KN95 5 Ply,disposable mask kn95 facemask,goto disposable mask kn facemask ply earloop masker kn ply,goto disposable mask kn facemask ply earloop masker kn ply,goto disposable mask kn facemask ply earloop masker kn ply,12.0,10.0,2.0,16.7
Shopee,MASKER KF94 WEMASK CAREION ( PACK isi 10 PCS ) / MASKER WEMASK KOREA / MASKER KF94 KOREA / MASKER,masker k94,masker kf wemask careion pack isi pcs masker wemask korea masker kf korea masker,masker kf wemask careion masker wemask korea masker kf korea masker,masker kf wemask careion masker wemask korea masker kf korea masker,20.0,11.0,9.0,45.0
Shopee,sikat gigi hotel standar set odol BPOM (100 pcs),sikat gigi odol,sikat gigi hotel standar set odol bpom pcs,sikat gigi hotel odol bpom,sikat gigi hotel odol bpom,9.0,5.0,4.0,44.4
Shopee,Syringe Onemed 1cc Jarum Suntik 1cc Spuit 1cc Onemed,syringe onemed,syringe onemed cc jarum suntik cc spuit cc onemed,syringe onemed cc jarum suntik cc spuit cc onemed,syringe onemed cc jarum suntik cc spuit cc onemed,9.0,9.0,0.0,0.0
Shopee,Strip Kolesterol Easy Touch Isi 10 Exp Oktober 2027,kolesterol easy touch,strip kolesterol easy touch isi exp oktober,strip kolesterol easy touch exp oktober,strip kolesterol easy touch exp oktober,9.0,6.0,3.0,33.3
Shopee,Pot Urin/Slem/Salep/Crim 20cc Bening Tutup Luar,pot crim,pot urinslemsalepcrim cc bening tutup luar,pot urinslemsalepcrim cc bening tutup,pot urinslemsalepcrim cc bening tutup,6.0,5.0,1.0,16.7
Shopee,Terbaik Daun Sirih segar Langsung di petik Dari kebun Alami Di petik ketika ada yg order,terbaik daun sirih,terbaik daun sirih segar langsung di petik dari kebun alami di petik ketika ada yg order,terbaik daun sirih langsung petik kebun petik yg order,baik daun sirih langsung petik kebun petik yg order,16.0,9.0,7.0,43.8
Shopee,pipet tetes plastik 3ml ukur untuk e liquid ukuran 3 ml sedot e-liquid disposable straw dropper,pipet tetes plastik,pipet tetes plastik ml ukur untuk e liquid ukuran ml sedot eliquid disposable straw dropper,pipet tetes plastik ukur liquid sedot eliquid disposable straw dropper,pipet tetes plastik ukur liquid sedot eliquid disposable straw dropper,16.0,10.0,6.0,37.5
Shopee,Masker KN95 CTC CAREION ISI 20PC Masker KN 95 Masker N 95 Masker Disposable Mask- CTC - kawat luar/kawat dalam ISI 20PC,masker kn95,masker kn ctc careion isi pc masker kn masker n masker disposable mask ctc kawat luarkawat dalam isi pc,masker kn ctc careion masker kn masker masker disposable mask ctc kawat luarkawat,masker kn ctc careion masker kn masker masker disposable mask ctc kawat luarkawat,22.0,13.0,9.0,40.9
Shopee,Pot Urine 30cc Plastik Tebal Multifungsi,pot urine,pot urine cc plastik tebal multifungsi,pot urine cc plastik,pot urine cc plastik,6.0,4.0,2.0,33.3
Shopee,Strip Easy Touch Asam Urat / Uric Acid,easy touch asam urat,strip easy touch asam urat uric acid,strip easy touch urat uric acid,strip easy touch urat uric acid,8.0,6.0,2.0,25.0
Shopee,Laurier Pantyliner Cleanfresh Non Perfume 2 x 40 pcs,laurier pantyliner cleanfresh,laurier pantyliner cleanfresh non perfume x pcs,laurier pantyliner cleanfresh non perfume,laurier pantyliner cleanfresh non perfume,9.0,5.0,4.0,44.4
Shopee,Laurier Active Day X-tra Pembalut Wanita Daya Serap Ekstra Bebas Bocor 22cm Wing Pengunci Bocor Instant Isi 30 Buah,laurier active day pembalut,laurier active day xtra pembalut wanita daya serap ekstra bebas bocor cm wing pengunci bocor instant isi buah,laurier active day xtra pembalut daya serap ekstra bocor wing pengunci bocor instant,laurier active day xtra balut daya serap ekstra bocor wing kunci bocor instant,19.0,13.0,6.0,31.6
Shopee,Tespek Onemed Alat Cek Tes Kehamilan 10 PCS,onemed alat cek tes kehamilan,tespek onemed alat cek tes kehamilan pcs,tespek onemed alat cek tes kehamilan,tespek onemed alat cek tes hamil,8.0,6.0,2.0,25.0
Shopee,Tes Ovulasi 10 pcs / Tes Kesuburan / LH Ovulation Test / Paket Diskon Grosir Tes Ovulasi,tes ovulasi,tes ovulasi pcs tes kesuburan lh ovulation test paket diskon grosir tes ovulasi,tes ovulasi tes kesuburan lh ovulation test tes ovulasi,tes ovulasi tes subur lh ovulation test tes ovulasi,17.0,9.0,8.0,47.1
Shopee,Testpek - Andalan Pregnancy Test Strip - Alat Tes Kehamilan,andalan pregnancy test strip,testpek andalan pregnancy test strip alat tes kehamilan,testpek andalan pregnancy test strip alat tes kehamilan,testpek andal pregnancy test strip alat tes hamil,10.0,8.0,2.0,20.0
Shopee,Resik-V Feminine Wash Godokan Sirih 100ml,resik-v feminine wash,resikv feminine wash godokan sirih ml,resikv feminine wash godokan sirih,resikv feminine wash godok sirih,6.0,5.0,1.0,16.7
Shopee,Test HCG Onemed Kehamilan / Tes One Med Strip Pregnancy / tespek kehamilan / Test Pregnancy Strip,tespek kehamilan,test hcg onemed kehamilan tes one med strip pregnancy tespek kehamilan test pregnancy strip,test hcg onemed kehamilan tes one med strip pregnancy tespek kehamilan test pregnancy strip,test hcg onemed hamil tes one med strip pregnancy tespek hamil test pregnancy strip,17.0,14.0,3.0,17.6
Shopee,Pembalut Charm Body Fit EXTRA MAXI (non wing) Renceng isi 10 Sachet,pembalut charm body fit,pembalut charm body fit extra maxi non wing renceng isi sachet,pembalut charm body extra maxi non wing renceng,balut charm body extra maxi non wing renceng,12.0,8.0,4.0,33.3
Shopee,Charm Safe Night 29 cm & 35 cm | Charm Cooling Fresh Night Wing - Pembalut | TnT Beauty Shop,charm cooling fresh night wing,charm safe night cm cm charm cooling fresh night wing pembalut tnt beauty shop,charm safe night charm cooling fresh night wing pembalut tnt beauty,charm safe night charm cooling fresh night wing balut tnt beauty,20.0,11.0,9.0,45.0
Shopee,Milk Recipe Gentle Feminine Wash - Pembersih Kewanitaan untuk Mengurangi dari Bau dan Keputihan mencerahkan area kewanitaan,milk recipe gentle feminine wash,milk recipe gentle feminine wash pembersih kewanitaan untuk mengurangi dari bau dan keputihan mencerahkan area kewanitaan,milk recipe gentle feminine wash pembersih kewanitaan mengurangi bau keputihan mencerahkan area kewanitaan,milk recipe gentle feminine wash bersih wanita kurang bau putih cerah area wanita,17.0,13.0,4.0,23.5
Shopee,"Tes Kehamilan ONEMED Test Pack 1 Strip - Alat Tes HCG Urine Akurasi Tinggi, Test Kehamilan Instant",onemed test pack,tes kehamilan onemed test pack strip alat tes hcg urine akurasi tinggi test kehamilan instant,tes kehamilan onemed test strip alat tes hcg urine akurasi test kehamilan instant,tes hamil onemed test strip alat tes hcg urine akurasi test hamil instant,17.0,13.0,4.0,23.5
Shopee,"Onemed 1's, Akurat Test kehamilan 1's, Steril 1's, Andalan Strip 1's - Tespek, Pregnancy Test",onemed tespek,onemed s akurat test kehamilan s steril s andalan strip s tespek pregnancy test,onemed test kehamilan andalan strip tespek pregnancy test,onemed test hamil andal strip tespek pregnancy test,15.0,8.0,7.0,46.7
Shopee,5 pack TESTPACK HAMIL Onemed - Sensitifitas 20mlU (5 pack) bila mau PRIVASI beri catatan ke seller,testpack hamil,pack testpack hamil onemed sensitifitas mlu pack bila mau privasi beri catatan ke seller,testpack hamil onemed sensitifitas mlu privasi catatan,testpack hamil onemed sensitifitas mlu privasi catat,17.0,7.0,10.0,58.8
Shopee,Softex Maternity Pembalut Bersalin 45 cm 10/20 pads,softex maternity pembalut,softex maternity pembalut bersalin cm pads,softex maternity pembalut bersalin pads,softex maternity balut salin pads,8.0,5.0,3.0,37.5
Shopee,Miscella-G | Miscella V Kapsul Manjakani - Pelancar Haid - Keputihan - Pereda Nyeri,miscella v manjakani,miscellag miscella v kapsul manjakani pelancar haid keputihan pereda nyeri,miscellag miscella kapsul manjakani pelancar haid keputihan pereda nyeri,miscellag miscella kapsul manjakani pelancar haid putih reda nyeri,14.0,9.0,5.0,35.7
Shopee,Purbasari Sabun Sirih 60 ml / Perawatan Kewanitaan / Pembersih Miss V,purbasari sabun sirih,purbasari sabun sirih ml perawatan kewanitaan pembersih miss v,purbasari sirih perawatan kewanitaan pembersih miss,purbasari sirih awat wanita bersih miss,12.0,6.0,6.0,50.0
Shopee,Miss Tasa Original 100% Bpom Misstasa Sabun Tasa bar soap Sabun Kewanitaan Perapat Miss V,miss tasa original sabun,miss tasa original bpom misstasa sabun tasa bar soap sabun kewanitaan perapat miss v,miss tasa bpom misstasa tasa bar soap kewanitaan perapat miss,miss tasa bpom misstasa tasa bar soap wanita rapat miss,15.0,10.0,5.0,33.3
Shopee,ONEMED TEST PACK (ECERAN @1 STRIP) - ALAT TES KEHAMILAN WANITA,onemed test pack,onemed test pack eceran strip alat tes kehamilan wanita,onemed test eceran strip alat tes kehamilan,onemed test ecer strip alat tes hamil,11.0,7.0,4.0,36.4
Shopee,Hers Protex Daily Comfort Night Pembalut Wanita Cinnamoroll Bag Isi 20+2 pcs,cinnamoroll pembalut,hers protex daily comfort night pembalut wanita cinnamoroll bag isi pcs,hers protex daily comfort night pembalut cinnamoroll bag,hers protex daily comfort night balut cinnamoroll bag,12.0,8.0,4.0,33.3
Shopee,"Blood Corn Pads / Pembalut dari Jagung | Bebas gatal & ultra thin - 25cm, 29cm, 33cm, 41cm",blood corn pads,blood corn pads pembalut dari jagung bebas gatal ultra thin cm cm cm cm,blood corn pads pembalut jagung thin,blood corn pads balut jagung thin,18.0,6.0,12.0,66.7
Shopee,"Onemed TestPack | Tes kandungan | Test Kehamilan Onemed HCG Urine - Mudah Digunakan, Tepat untuk Deteksi Dini, Hasil Cepat, Akurat",onemed testpack,onemed testpack tes kandungan test kehamilan onemed hcg urine mudah digunakan tepat untuk deteksi dini hasil cepat akurat,onemed testpack tes test kehamilan onemed hcg urine mudah deteksi hasil,onemed testpack tes test hamil onemed hcg urine mudah deteksi hasil,21.0,11.0,10.0,47.6
Shopee,Hers Protex Comfort Night Pembalut Wanita bag 12 x2,hers protex comfort night,hers protex comfort night pembalut wanita bag x,hers protex comfort night pembalut bag,hers protex comfort night balut bag,9.0,6.0,3.0,33.3
Shopee,Softex Comfort Night 29cm 18 pads - Pembalut Malam - Spesial Bulan Ungu,softex comfort night,softex comfort night cm pads pembalut malam spesial bulan ungu,softex comfort night pads pembalut malam,softex comfort night pads balut malam,13.0,6.0,7.0,53.8
Shopee,Andalan Strip Uji Kehamilan,andalan uji kehamilan,andalan strip uji kehamilan,andalan strip uji kehamilan,andal strip uji hamil,4.0,4.0,0.0,0.0
Shopee,Softex Comfort Night 29cm 9 pads - Spesial Bulan Ungu,softex comfort night,softex comfort night cm pads spesial bulan ungu,softex comfort night pads,softex comfort night pads,10.0,4.0,6.0,60.0
Shopee,[ 3 PACK ] Charm Pembalut Safe Night 29cm Wing 9 Pads - Dapat 27 Pads [ BUNDLE ],charm pembalut,pack charm pembalut safe night cm wing pads dapat pads bundle,charm pembalut safe night wing pads pads bundle,charm balut safe night wing pads pads bundle,19.0,8.0,11.0,57.9
Shopee,Hers Protex Softcare Pembalut Wanita Wing Bag Isi 20 Pcs x2,hers protex pembalut,hers protex softcare pembalut wanita wing bag isi pcs x,hers protex softcare pembalut wing bag,hers protex softcare balut wing bag,11.0,6.0,5.0,45.5
Shopee,Cod Testpack Kehamilan Onemed Sensitif Test Pack Hamil Tespek Kehamilan Bisa Grab Promo Cod 10 Pcs,onemed tespek kehamilan,cod testpack kehamilan onemed sensitif test pack hamil tespek kehamilan bisa grab promo cod pcs,testpack kehamilan onemed test hamil tespek kehamilan grab,testpack hamil onemed test hamil tespek hamil grab,16.0,8.0,8.0,50.0
Shopee,Menspad / pembalut cuci ulang / pembalut kain/pcs azza,menspad azza,menspad pembalut cuci ulang pembalut kainpcs azza,menspad pembalut ulang pembalut kainpcs azza,menspad balut ulang balut kainpcs azza,9.0,6.0,3.0,33.3
Shopee,BETADINE WASH SIRIH FIRMING FLORAL Pembersih Kewanitaan 110ml,betadine wash sirih,betadine wash sirih firming floral pembersih kewanitaan ml,betadine wash sirih firming floral pembersih kewanitaan,betadine wash sirih firming floral bersih wanita,8.0,7.0,1.0,12.5
Shopee,Alat Tes Kehamilan / Tespek / Testpack / HCG Pregnancy Strip Test Onemed,tespek,alat tes kehamilan tespek testpack hcg pregnancy strip test onemed,alat tes kehamilan tespek testpack hcg pregnancy strip test onemed,alat tes hamil tespek testpack hcg pregnancy strip test onemed,13.0,10.0,3.0,23.1
Shopee,Test Pack Kehamilan Onemed Alat Cek Tes Hamil,onemed tes kehamilan,test pack kehamilan onemed alat cek tes hamil,test kehamilan onemed alat cek tes hamil,test hamil onemed alat cek tes hamil,8.0,7.0,1.0,12.5
Shopee,Andalan Strip Uji Kehamilan - Alat Pendeteksi Kehamilan Cepat Akurat,andalan strip uji kehamilan,andalan strip uji kehamilan alat pendeteksi kehamilan cepat akurat,andalan strip uji kehamilan alat pendeteksi kehamilan,andal strip uji hamil alat deteksi hamil,10.0,7.0,3.0,30.0
Shopee,Tes Hamil OneMed Strip Akurat 99.9% Pcs OJ,hamil onemed strip,tes hamil onemed strip akurat pcs oj,tes hamil onemed strip oj,tes hamil onemed strip oj,8.0,5.0,3.0,37.5
Shopee,Laurier Active Day X-tra Pembalut Wanita Daya Serap Ekstra Bebas Bocor 25cm Wing Pengunci Bocor Instant Isi 16 Buah,laurier active day pembalut,laurier active day xtra pembalut wanita daya serap ekstra bebas bocor cm wing pengunci bocor instant isi buah,laurier active day xtra pembalut daya serap ekstra bocor wing pengunci bocor instant,laurier active day xtra balut daya serap ekstra bocor wing kunci bocor instant,19.0,13.0,6.0,31.6
Shopee,(SKR) TestPack COLLOIDAL Stik Compact HCG Test Pack Tespek Alat Tes Hamil Kehamilan Stick,skr tespek,skr testpack colloidal stik compact hcg test pack tespek alat tes hamil kehamilan stick,skr testpack colloidal stik compact hcg test tespek alat tes hamil kehamilan stick,skr testpack colloidal stik compact hcg test tespek alat tes hamil hamil stick,14.0,13.0,1.0,7.1
Shopee,❤ BELIA ❤ HERS PROTEX Pembalut Nyaman Dipakai Kemasan Ecer Sachet | Daya Serap Tinggi | Nyaman Bergerak,belia hers proteks,❤ belia ❤ hers protex pembalut nyaman dipakai kemasan ecer sachet daya serap tinggi nyaman bergerak,hers protex pembalut dipakai daya serap bergerak,hers protex balut pakai daya serap gerak,18.0,7.0,11.0,61.1
Shopee,Hers Protex Softcare Pembalut Wanita Comfort Night 30 cm Bag Isi 20 Pcs,hers protex pembalut,hers protex softcare pembalut wanita comfort night cm bag isi pcs,hers protex softcare pembalut comfort night bag,hers protex softcare balut comfort night bag,13.0,7.0,6.0,46.2
Shopee,Andalan Pregnancy Test Alat Tes Hamil Andalan Tes Kehamilan Andalan,andalan pregnancy test,andalan pregnancy test alat tes hamil andalan tes kehamilan andalan,andalan pregnancy test alat tes hamil andalan tes kehamilan andalan,andal pregnancy test alat tes hamil andal tes hamil andal,10.0,10.0,0.0,0.0
Shopee,Sabun Sirih Manjakani Sabun Keset Sabun Herbal Sabun Natural Sabun Gatal,sabun sirih manjakani,sabun sirih manjakani sabun keset sabun herbal sabun natural sabun gatal,sirih manjakani keset herbal,sirih manjakani keset herbal,11.0,4.0,7.0,63.6
Shopee,TES KEHAMILAN TES PACK ONEMED ONE MED HCG URINE PREGNANCY TEST,tes onemed hcg,tes kehamilan tes pack onemed one med hcg urine pregnancy test,tes kehamilan tes onemed one med hcg urine pregnancy test,tes hamil tes onemed one med hcg urine pregnancy test,11.0,10.0,1.0,9.1
Shopee,Sumber Ayu Pembersih Kewanitaan Daun Sirih 50mL [Triple Whitening | Manjakani Keset ],sumber ayu pembersih kewanitaan daun sirih,sumber ayu pembersih kewanitaan daun sirih ml triple whitening manjakani keset,sumber pembersih kewanitaan daun sirih triple whitening manjakani keset,sumber bersih wanita daun sirih triple whitening manjakani keset,13.0,9.0,4.0,30.8
Shopee,(SKR) Tespek Test Pack Testpack Strip Alat Tes Kehamilan One Med Onemed Eceran,tespek test pack,skr tespek test pack testpack strip alat tes kehamilan one med onemed eceran,skr tespek test testpack strip alat tes kehamilan one med onemed eceran,skr tespek test testpack strip alat tes hamil one med onemed ecer,13.0,12.0,1.0,7.7
Shopee,Quick Sure Tes Hamil Quick Sure Tes Hamil Onemed,quick sure tes hamil,quick sure tes hamil quick sure tes hamil onemed,quick sure tes hamil quick sure tes hamil onemed,quick sure tes hamil quick sure tes hamil onemed,9.0,9.0,0.0,0.0
Shopee,MADU ASMARA SPRAY V virgin spray rapet Madura,madu asmara spray,madu asmara spray v virgin spray rapet madura,madu asmara spray virgin spray rapet madura,madu asmara spray virgin spray rapet madura,8.0,7.0,1.0,12.5
Shopee,Test pack strip Uji kehamilan Onemed tes kehamilan testpack tespek pregnancy,onemed tes kehamilan,test pack strip uji kehamilan onemed tes kehamilan testpack tespek pregnancy,test strip uji kehamilan onemed tes kehamilan testpack tespek pregnancy,test strip uji hamil onemed tes hamil testpack tespek pregnancy,11.0,10.0,1.0,9.1
Shopee,Laurier Relax Night Pembalut Wanita Malam Panjang 35cm Wing Perlindungan Tidur Bebas Bocor Semalaman Isi 12 Buah,laurier relax night pembalut,laurier relax night pembalut wanita malam panjang cm wing perlindungan tidur bebas bocor semalaman isi buah,laurier relax night pembalut malam wing perlindungan tidur bocor semalaman,laurier relax night balut malam wing lindung tidur bocor malam,17.0,10.0,7.0,41.2
Shopee,Tes Kehamilan ONEMED Exp 2028 - Testpack Instan,onemed testpack instan,tes kehamilan onemed exp testpack instan,tes kehamilan onemed exp testpack,tes hamil onemed exp testpack,8.0,5.0,3.0,37.5
Shopee,BETADINE WASH SIRIH RADIANCE BLOSSOM Pembersih Kewanitaan 110ml,betadine wash sirih radiance blossom,betadine wash sirih radiance blossom pembersih kewanitaan ml,betadine wash sirih radiance blossom pembersih kewanitaan,betadine wash sirih radiance blossom bersih wanita,8.0,7.0,1.0,12.5
Shopee,Pantyliner Softex Daun Sirih + Vitamin E 20 pads - Pantyliner Daun Sirih,softex daun sirih,pantyliner softex daun sirih vitamin e pads pantyliner daun sirih,pantyliner softex daun sirih vitamin pads pantyliner daun sirih,pantyliner softex daun sirih vitamin pads pantyliner daun sirih,13.0,9.0,4.0,30.8
Shopee,Test Hamil Onemed 5 Strip - Alat Test Kehamilan / Testpack,test hamil onemed,test hamil onemed strip alat test kehamilan testpack,test hamil onemed strip alat test kehamilan testpack,test hamil onemed strip alat test hamil testpack,11.0,8.0,3.0,27.3
Shopee,Misk Thahara Miss V Pengantin Original Musk TAHARAH Parfum,misk thahara miss v,misk thahara miss v pengantin original musk taharah parfum,misk thahara miss pengantin musk taharah parfum,misk thahara miss pengantin musk taharah parfum,9.0,7.0,2.0,22.2
Shopee,Testpack OneMed Test Kehamilan 1 Strip,testpack onemed,testpack onemed test kehamilan strip,testpack onemed test kehamilan strip,testpack onemed test hamil strip,6.0,5.0,1.0,16.7
Shopee,Pembalut MISSY PURE COMFORT All Varian / Bebas Bergerak Seharian / Menyerap 3x Lebih cepat / Bebas Klorin / Pembalut dan Pantyliner Wanita / Perawatan Miss V Menstrual Cup Tampon Menstruasi / Anti Jamur Virus / Bebas Bocor,missy pure comfort,pembalut missy pure comfort all varian bebas bergerak seharian menyerap x lebih cepat bebas klorin pembalut dan pantyliner wanita perawatan miss v menstrual cup tampon menstruasi anti jamur virus bebas bocor,pembalut missy pure comfort varian bergerak seharian menyerap klorin pembalut pantyliner perawatan miss menstrual cup tampon menstruasi anti jamur virus bocor,balut missy pure comfort varian gerak hari serap klorin balut pantyliner awat miss menstrual cup tampon menstruasi anti jamur virus bocor,38.0,21.0,17.0,44.7
Shopee,Pantyliner Softex Daun Sirih + Vitamin E Longer & Wider 30 pads - Pantyliner Daun Sirih,softex daun sirih,pantyliner softex daun sirih vitamin e longer wider pads pantyliner daun sirih,pantyliner softex daun sirih vitamin longer wider pads pantyliner daun sirih,pantyliner softex daun sirih vitamin longer wider pads pantyliner daun sirih,16.0,11.0,5.0,31.2
Shopee,Seed Perapat Miss V Vagina Jamu Obat Pil Rapet Perapat Perapet Miss V Virgin Wangi Kewanitaan Wanita,miss v vagina jamu obat pil rapet,seed perapat miss v vagina jamu obat pil rapet perapat perapet miss v virgin wangi kewanitaan wanita,seed perapat miss vagina jamu obat pil rapet perapat perapet miss virgin kewanitaan,seed rapat miss vagina jamu obat pil rapet rapat perapet miss virgin wanita,17.0,13.0,4.0,23.5
Shopee,Softex Daun Sirih + Vitamin E Jumbo Pack 23cm isi 30 Pads - Pembalut Daun Sirih Siang,softex daun sirih + vitamin e,softex daun sirih vitamin e jumbo pack cm isi pads pembalut daun sirih siang,softex daun sirih vitamin pads pembalut daun sirih,softex daun sirih vitamin pads balut daun sirih,17.0,8.0,9.0,52.9
Shopee,Tes Hamil Onemed Tes Kehamilan Test Kehamilan Alat Test Pack Onemed,tes kehamilan,tes hamil onemed tes kehamilan test kehamilan alat test pack onemed,tes hamil onemed tes kehamilan test kehamilan alat test onemed,tes hamil onemed tes hamil test hamil alat test onemed,11.0,10.0,1.0,9.1
Shopee,1 Strip test LH Ovulation Pink / Ovulasi masa subur / Tes Kesuburan / Baby ovutest / Fertility Strip,strip test lh ovulasi,strip test lh ovulation pink ovulasi masa subur tes kesuburan baby ovutest fertility strip,strip test lh ovulation pink ovulasi tes kesuburan baby ovutest fertility strip,strip test lh ovulation pink ovulasi tes subur baby ovutest fertility strip,19.0,12.0,7.0,36.8
Shopee,Tes Ovulasi 20 pcs / Tes Kesuburan / LH Ovulation Test / Paket Diskon Grosir Tes Ovulasi,tes ovulasi,tes ovulasi pcs tes kesuburan lh ovulation test paket diskon grosir tes ovulasi,tes ovulasi tes kesuburan lh ovulation test tes ovulasi,tes ovulasi tes subur lh ovulation test tes ovulasi,17.0,9.0,8.0,47.1
Shopee,Laurier Relax Night Pembalut Wanita Wing 30cm 24 pcs,laurier relax night pembalut wanita,laurier relax night pembalut wanita wing cm pcs,laurier relax night pembalut wing,laurier relax night balut wing,9.0,5.0,4.0,44.4
Shopee,Andalan Pregnancy Test Midstream,andalan pregnancy test,andalan pregnancy test midstream,andalan pregnancy test midstream,andal pregnancy test midstream,4.0,4.0,0.0,0.0
Shopee,Softex Maternity Pembalut Ibu Bersalin,softex pembalut,softex maternity pembalut ibu bersalin,softex maternity pembalut bersalin,softex maternity balut salin,5.0,4.0,1.0,20.0
Shopee,Secret Clean Propolis Feminine Care,secret clean propolis,secret clean propolis feminine care,secret clean propolis feminine care,secret clean propolis feminine care,5.0,5.0,0.0,0.0
Shopee,Test Pack HCG CASSETTE BIRU - Tes Hamil HCG CASSETTE - Test Pack Kehamilan,test pack hcg,test pack hcg cassette biru tes hamil hcg cassette test pack kehamilan,test hcg cassette tes hamil hcg cassette test kehamilan,test hcg cassette tes hamil hcg cassette test hamil,14.0,9.0,5.0,35.7
Shopee,Tes Kesuburan LH Ungu Grosir 20 pcs Harga Lebih Murah,tes subur,tes kesuburan lh ungu grosir pcs harga lebih murah,tes kesuburan lh,tes subur lh,10.0,3.0,7.0,70.0
Shopee,HERS PROTEX PEMBALUT SACHET (1 Saset),hers proteks pembalut,hers protex pembalut sachet saset,hers protex pembalut saset,hers protex balut saset,6.0,4.0,2.0,33.3
Shopee,test pack tespek kehamilan hamil Onehealth,tespek kehamilan,test pack tespek kehamilan hamil onehealth,test tespek kehamilan hamil onehealth,test tespek hamil hamil onehealth,6.0,5.0,1.0,16.7
Shopee,Intimate Brightening Wash BySaraHmad Aman Bumil,intimate brightening wash,intimate brightening wash bysarahmad aman bumil,intimate brightening wash bysarahmad bumil,intimate brightening wash bysarahmad bumil,6.0,5.0,1.0,16.7
Shopee,Laurier Pembalut Wanita Active X-Tra Day Maxi Non Wing 22cm 30 buah - Perawatan Kewanitaan,laurier pembalut,laurier pembalut wanita active xtra day maxi non wing cm buah perawatan kewanitaan,laurier pembalut active xtra day maxi non wing perawatan kewanitaan,laurier balut active xtra day maxi non wing awat wanita,15.0,10.0,5.0,33.3
Shopee,Akurat Test Kehamilan Strip,akurat test kehamilan,akurat test kehamilan strip,test kehamilan strip,test hamil strip,4.0,3.0,1.0,25.0
Shopee,Menspad/pembalut kain NEW ( PCS),menspad pembalut kain,menspadpembalut kain new pcs,menspadpembalut kain,menspadpembalut kain,5.0,2.0,3.0,60.0
Shopee,pembalut wanita cuci ulang(full sayap) eceran,pembalut wanita,pembalut wanita cuci ulangfull sayap eceran,pembalut ulangfull sayap eceran,balut ulangfull sayap ecer,6.0,4.0,2.0,33.3
Shopee,Tes Kehamilan Onemed Tespek kehamilan,tespek kehamilan,tes kehamilan onemed tespek kehamilan,tes kehamilan onemed tespek kehamilan,tes hamil onemed tespek hamil,5.0,5.0,0.0,0.0
Shopee,Feminine Spray BySarahAhmad 30ml Perapat Miss V,feminine spray by sarah ahmad,feminine spray bysarahahmad ml perapat miss v,feminine spray bysarahahmad perapat miss,feminine spray bysarahahmad rapat miss,7.0,5.0,2.0,28.6
Shopee,Whisper Pembalut Heavy Flow & Overnight Wings - Isi 8 [P&G],whisper pembalut,whisper pembalut heavy flow overnight wings isi pg,whisper pembalut heavy flow overnight wings pg,whisper balut heavy flow overnight wings pg,11.0,7.0,4.0,36.4
Shopee,Tespek Tes Hamil INSTAN Onemed Test Pack Tes Kehamilan,tespek tes hamil onemed test pack,tespek tes hamil instan onemed test pack tes kehamilan,tespek tes hamil onemed test tes kehamilan,tespek tes hamil onemed test tes hamil,9.0,7.0,2.0,22.2
Shopee,"Missy Pembalut & Pantyliner Skin Friendly (Super Thin, Anion Tea Polyphenols)",missy pembalut,missy pembalut pantyliner skin friendly super thin anion tea polyphenols,missy pembalut pantyliner skin friendly thin anion tea polyphenols,missy balut pantyliner skin friendly thin anion tea polyphenols,11.0,9.0,2.0,18.2
Shopee,Tes Kehamilan Testpack OneMed Tespek One Med hCG Urine Pregnancy,tespek onemed,tes kehamilan testpack onemed tespek one med hcg urine pregnancy,tes kehamilan testpack onemed tespek one med hcg urine pregnancy,tes hamil testpack onemed tespek one med hcg urine pregnancy,10.0,10.0,0.0,0.0
Shopee,menspad /pembalut cuci ulang EMBUN (1 pak isi 6),menspad pembalut cuci ulang embun,menspad pembalut cuci ulang embun pak isi,menspad pembalut ulang embun,menspad balut ulang embun,9.0,4.0,5.0,55.6
Shopee,Test Hamil Onemed Alat Kehamilan Akurat 99%,hamil onemed alat kehamilan,test hamil onemed alat kehamilan akurat,test hamil onemed alat kehamilan,test hamil onemed alat hamil,7.0,5.0,2.0,28.6
Shopee,Tespek Tes Kehamilan Onemed Murah Harga Grosir,tespek tes kehamilan,tespek tes kehamilan onemed murah harga grosir,tespek tes kehamilan onemed,tespek tes hamil onemed,7.0,4.0,3.0,42.9
Shopee,Test Kehamilan Onemed Pregnancy Test Testpack Hamil / Satuan P5,onemed pregnancy test,test kehamilan onemed pregnancy test testpack hamil satuan p,test kehamilan onemed pregnancy test testpack hamil satuan,test hamil onemed pregnancy test testpack hamil satu,10.0,8.0,2.0,20.0
Shopee,NCX NASA CRISTAL X ORIGINAL 100% KRISTAL X CRYSTAL X NASA ORIGINAL ASLI ORI,ncx nasa cristal x,ncx nasa cristal x original kristal x crystal x nasa original asli ori,ncx nasa cristal kristal crystal nasa,ncx nasa cristal kristal crystal nasa,14.0,6.0,8.0,57.1
Shopee,(Banjarmasin) Testpack Kehamilan Onemed Steril Tes Hamil Instant,onemed tes hamil,banjarmasin testpack kehamilan onemed steril tes hamil instant,banjarmasin testpack kehamilan onemed tes hamil instant,banjarmasin testpack hamil onemed tes hamil instant,8.0,7.0,1.0,12.5
Shopee,Softex Comfort Night 36cm 12s x 2 Pack - Pembalut Malam - Spesial Bulan Ungu,softex comfort night,softex comfort night cm s x pack pembalut malam spesial bulan ungu,softex comfort night pembalut malam,softex comfort night balut malam,15.0,5.0,10.0,66.7
Shopee,Lactacyd All Day Care Feminine Wash 60mL - Pembersih Kewanitaan untuk Melindungi dari Gatal dan Iritasi,lactacyd all day care,lactacyd all day care feminine wash ml pembersih kewanitaan untuk melindungi dari gatal dan iritasi,lactacyd day care feminine wash pembersih kewanitaan melindungi iritasi,lactacyd day care feminine wash bersih wanita lindung iritasi,16.0,9.0,7.0,43.8
Shopee,Spekulum Cocor Bebek Disposable Speculum Vaginal Plastik,spekulum cocor bebek,spekulum cocor bebek disposable speculum vaginal plastik,spekulum cocor bebek disposable speculum vaginal plastik,spekulum cocor bebek disposable speculum vaginal plastik,7.0,7.0,0.0,0.0
Shopee,HERS PROTEX DAILY COMFORT DAY 23.5 CM PEMBALUT CINNAMOROLL MAXI WING PANTY LINER KEWANITAAN PERAWATAN TUBUH DIRI GROSIR MURAH 1 PAD CHARM,protex daily comfort,hers protex daily comfort day cm pembalut cinnamoroll maxi wing panty liner kewanitaan perawatan tubuh diri grosir murah pad charm,hers protex daily comfort day pembalut cinnamoroll maxi wing panty liner kewanitaan perawatan tubuh pad charm,hers protex daily comfort day balut cinnamoroll maxi wing panty liner wanita awat tubuh pad charm,22.0,16.0,6.0,27.3
Shopee,SECRET CLEAN Antibacterial Propolis Feminine Wash 1 Pcs + Intimate Spray 1 Pcs | Paket 2 Pcs | Set,secret clean antibacterial propolis wash,secret clean antibacterial propolis feminine wash pcs intimate spray pcs paket pcs set,secret clean antibacterial propolis feminine wash intimate spray,secret clean antibacterial propolis feminine wash intimate spray,19.0,8.0,11.0,57.9
Shopee,Tes Kehamilan Onemed / Test Hamil Onemed - PCS,tes kehamilan onemed,tes kehamilan onemed test hamil onemed pcs,tes kehamilan onemed test hamil onemed,tes hamil onemed test hamil onemed,9.0,6.0,3.0,33.3
Shopee,1 Pcs Tes Ovulasi Tes Hamil Ovutes LH Ovulasi,tes ovulasi,pcs tes ovulasi tes hamil ovutes lh ovulasi,tes ovulasi tes hamil ovutes lh ovulasi,tes ovulasi tes hamil ovutes lh ovulasi,9.0,7.0,2.0,22.2
Shopee,Laurier Cleanfresh Pantyliner Keputihan Breathable Non Perfumed -Tetap Bersih & Ekstra Kering Isi 40 Buah - Four Pack,laurier cleanfresh pantyliner,laurier cleanfresh pantyliner keputihan breathable non perfumed tetap bersih ekstra kering isi buah four pack,laurier cleanfresh pantyliner keputihan breathable non perfumed ekstra four,laurier cleanfresh pantyliner putih breathable non perfumed ekstra four,18.0,9.0,9.0,50.0
Shopee,TES KEHAMILAN TESTPACK ONEMED TESPEK ONE MED HCG MURAH ONE MED HAMIL TES HAMIL TEST PACK TESPEK TES,tespek one med hcg,tes kehamilan testpack onemed tespek one med hcg murah one med hamil tes hamil test pack tespek tes,tes kehamilan testpack onemed tespek one med hcg one med hamil tes hamil test tespek tes,tes hamil testpack onemed tespek one med hcg one med hamil tes hamil test tespek tes,18.0,16.0,2.0,11.1
Shopee,*PRIVASI AMAN* LH Test Tes Kesuburan -Strip Masa Subur ovulasi strip biru Ovulation Test ovutest / HCG Tespek Testpack Onemed kehamilan / OneHealth Ovu Test ECER Lh Test,tes kesuburan,privasi aman lh test tes kesuburan strip masa subur ovulasi strip biru ovulation test ovutest hcg tespek testpack onemed kehamilan onehealth ovu test ecer lh test,privasi lh test tes kesuburan strip ovulasi strip ovulation test ovutest hcg tespek testpack onemed kehamilan onehealth ovu test lh test,privasi lh test tes subur strip ovulasi strip ovulation test ovutest hcg tespek testpack onemed hamil onehealth ovu test lh test,28.0,21.0,7.0,25.0
Shopee,Softex Daun Sirih + Vitamin E Jumbo Pack 29cm 24 Pads - Pembalut Daun Sirih Malam,softex daun sirih,softex daun sirih vitamin e jumbo pack cm pads pembalut daun sirih malam,softex daun sirih vitamin pads pembalut daun sirih malam,softex daun sirih vitamin pads balut daun sirih malam,16.0,9.0,7.0,43.8
Shopee,Purbasari Sabun Sirih 60ml Romantic / Natural / Energic / Beauty,purbasari sabun sirih,purbasari sabun sirih ml romantic natural energic beauty,purbasari sirih romantic energic beauty,purbasari sirih romantic energic beauty,11.0,5.0,6.0,54.5
Shopee,ONEMED - Strip Alat Tes Hamil Instant Isi 1 Pcs | HCG URINE PREGNANCY TEST | Test Pack Uji Kehamilan ECER,onemed strip alat tes hamil,onemed strip alat tes hamil instant isi pcs hcg urine pregnancy test test pack uji kehamilan ecer,onemed strip alat tes hamil instant hcg urine pregnancy test test uji kehamilan,onemed strip alat tes hamil instant hcg urine pregnancy test test uji hamil,21.0,13.0,8.0,38.1
Shopee,Pembalut Wanita Daun Sirih sayap reguler Sayap Isi 50 Pcs 23cm 29cm 35cm,pembalut daun sirih,pembalut wanita daun sirih sayap reguler sayap isi pcs cm cm cm,pembalut daun sirih sayap sayap,balut daun sirih sayap sayap,13.0,5.0,8.0,61.5
Shopee,Steril Medical Tes Hamil / Test Pack Steril / Tes Kehamilan - 1 Strip,steril medical tes hamil,steril medical tes hamil test pack steril tes kehamilan strip,medical tes hamil test tes kehamilan strip,medical tes hamil test tes hamil strip,14.0,7.0,7.0,50.0
Shopee,ONEMED Alat Tes Kehamilan Cepat Test Pack Cek Hamil Testpack 1 Strip,onemed test pack,onemed alat tes kehamilan cepat test pack cek hamil testpack strip,onemed alat tes kehamilan test cek hamil testpack strip,onemed alat tes hamil test cek hamil testpack strip,12.0,9.0,3.0,25.0
Shopee,Hers Protex Softcare Pembalut Wanita Maxi Bag Isi 20 Pcs,hers protex pembalut,hers protex softcare pembalut wanita maxi bag isi pcs,hers protex softcare pembalut maxi bag,hers protex softcare balut maxi bag,10.0,6.0,4.0,40.0
Shopee,Hers Protex Daily Comfort Day Pembalut Wanita Cinnamoroll Bag Isi 20 + 2 Pcs x2,cinnamoroll pembalut,hers protex daily comfort day pembalut wanita cinnamoroll bag isi pcs x,hers protex daily comfort day pembalut cinnamoroll bag,hers protex daily comfort day balut cinnamoroll bag,15.0,8.0,7.0,46.7
Shopee,"GENTLY pH Balanced Feminine Wash 100ml & 60ml - Pembersih Kewanitaan Kurangi Gatal, Bau, Keputihan - Natural & Lembut untuk kulit Sensitive - Dermatologically dan Hypoallergenic",gently pembersih kewanitaan,gently ph balanced feminine wash ml ml pembersih kewanitaan kurangi gatal bau keputihan natural lembut untuk kulit sensitive dermatologically dan hypoallergenic,gently ph balanced feminine wash pembersih kewanitaan kurangi bau keputihan kulit sensitive dermatologically hypoallergenic,gently ph balanced feminine wash bersih wanita kurang bau putih kulit sensitive dermatologically hypoallergenic,26.0,14.0,12.0,46.2
Shopee,Bundling Gendes Sweet Aromatic Feminine Care Spray 2 Pcs | Perawatan Area Kewanitaan | Membantu Mengurangi Keputihan | Membantu Mengurangi Gatal Pada Area Kewanitaan,gendes sweet aromatic care spray,bundling gendes sweet aromatic feminine care spray pcs perawatan area kewanitaan membantu mengurangi keputihan membantu mengurangi gatal pada area kewanitaan,bundling gendes sweet aromatic feminine care spray perawatan area kewanitaan membantu mengurangi keputihan membantu mengurangi area kewanitaan,bundling gendes sweet aromatic feminine care spray awat area wanita bantu kurang putih bantu kurang area wanita,24.0,17.0,7.0,29.2
Shopee,Softex Pantyliner Daun Sirih + Vitamin E 15cm 44s - Pantyliner Daun Sirih,pantyliner daun sirih,softex pantyliner daun sirih vitamin e cm s pantyliner daun sirih,softex pantyliner daun sirih vitamin pantyliner daun sirih,softex pantyliner daun sirih vitamin pantyliner daun sirih,13.0,8.0,5.0,38.5
Shopee,"FILMORE Spritz Sister Mist | mengatasi Anyang2an, Keputihan, dan Infeksi Saluran Kemih dalam 7 hari | Sanitizer Area Kewanitaan",filmore spritz sister mist,filmore spritz sister mist mengatasi anyangan keputihan dan infeksi saluran kemih dalam hari sanitizer area kewanitaan,filmore spritz sister mist mengatasi anyangan keputihan infeksi saluran kemih sanitizer area kewanitaan,filmore spritz sister mist atas anyang putih infeksi salur kemih sanitizer area wanita,19.0,13.0,6.0,31.6
Shopee,SOFTEX Maternity Pembalut 45cm 10pcs 20pcs l Pembalut Ibu Bersalin,sof tex pembalut,softex maternity pembalut cm pcs pcs l pembalut ibu bersalin,softex maternity pembalut pembalut bersalin,softex maternity balut balut salin,10.0,5.0,5.0,50.0
Shopee,Bundling Gendes Sweet Aromatic Feminine Hygiene Wash Foam & Sweet Aromatic Feminine Hygiene Spray | Perawatan Area Kewanitaan | Membantu Mengurangi Keputihan | Membantu Mengurangi Gatal Pada Area Kewanitaan,bundling gendes sweet aromatic,bundling gendes sweet aromatic feminine hygiene wash foam sweet aromatic feminine hygiene spray perawatan area kewanitaan membantu mengurangi keputihan membantu mengurangi gatal pada area kewanitaan,bundling gendes sweet aromatic feminine hygiene wash foam sweet aromatic feminine hygiene spray perawatan area kewanitaan membantu mengurangi keputihan membantu mengurangi area kewanitaan,bundling gendes sweet aromatic feminine hygiene wash foam sweet aromatic feminine hygiene spray awat area wanita bantu kurang putih bantu kurang area wanita,29.0,23.0,6.0,20.7
Shopee,Test pack kehamilan / tes hamil / tespek tes kehamilan instant ONEMED,tespek tes kehamilan,test pack kehamilan tes hamil tespek tes kehamilan instant onemed,test kehamilan tes hamil tespek tes kehamilan instant onemed,test hamil tes hamil tespek tes hamil instant onemed,12.0,9.0,3.0,25.0
Shopee,Tes Kesuburan / LH ovulasi Tes / Promil /kehamilan / LH Ovulation Test Expire 2028 Privasi Aman,tes kehamilan,tes kesuburan lh ovulasi tes promil kehamilan lh ovulation test expire privasi aman,tes kesuburan lh ovulasi tes promil kehamilan lh ovulation test expire privasi,tes subur lh ovulasi tes promil hamil lh ovulation test expire privasi,17.0,12.0,5.0,29.4
Shopee,MV Onemed Steril Medical Tes Hamil Test Pack Tes Kehamilan - 1 Strip,onemed steril medical tes hamil,mv onemed steril medical tes hamil test pack tes kehamilan strip,mv onemed medical tes hamil test tes kehamilan strip,mv onemed medical tes hamil test tes hamil strip,13.0,9.0,4.0,30.8
Shopee,TERLARIS VIRICARE RAMUAN PERAPAT MISS V DAN PENGHILANG KEPUTIHAN BPOM VAGINA KEMBALI RAPAT MENGHILANGKAN KEPUTIHAN DAN BAU TAK SEDAP VAGINA WANGI PERMANEN,viricare ramuan perapat miss v,terlaris viricare ramuan perapat miss v dan penghilang keputihan bpom vagina kembali rapat menghilangkan keputihan dan bau tak sedap vagina wangi permanen,viricare ramuan perapat miss penghilang keputihan bpom vagina rapat menghilangkan keputihan bau vagina,viricare ramu rapat miss hilang putih bpom vagina rapat hilang putih bau vagina,22.0,13.0,9.0,40.9
Shopee,Test Pack Alat Tes Kehamilan Akurat Urin,alat tes kehamilan,test pack alat tes kehamilan akurat urin,test alat tes kehamilan urin,test alat tes hamil urin,7.0,5.0,2.0,28.6
Shopee,Laurier Relax Night Pembalut Wanita Untuk Bebas Aktivitas di Hari Deras 30cm Wing ZERO Khawatir Bocor Sepanjang Malam Isi 24 Buah,laurier relax night pembalut wanita,laurier relax night pembalut wanita untuk bebas aktivitas di hari deras cm wing zero khawatir bocor sepanjang malam isi buah,laurier relax night pembalut aktivitas deras wing zero bocor malam,laurier relax night balut aktivitas deras wing zero bocor malam,21.0,10.0,11.0,52.4
Shopee,Menspad Pembalut kain Cuci Ulang Azza pembalut wanita Murah Day Night Panty Reguler (per pcs),menspad pembalut,menspad pembalut kain cuci ulang azza pembalut wanita murah day night panty reguler per pcs,menspad pembalut kain ulang azza pembalut day night panty,menspad balut kain ulang azza balut day night panty,15.0,9.0,6.0,40.0
Shopee,Bundling Gendes Feminine Wash Foam Bubblegum dan Sweet Aromatic Feminine Care Spray | Perawatan Area Kewanitaan | Membantu Mengurangi Keputihan | Membantu Menghilangkan Aroma Tidak Sedap Pada Area Kewanitaan,gendes feminine wash foam bubblegum,bundling gendes feminine wash foam bubblegum dan sweet aromatic feminine care spray perawatan area kewanitaan membantu mengurangi keputihan membantu menghilangkan aroma tidak sedap pada area kewanitaan,bundling gendes feminine wash foam bubblegum sweet aromatic feminine care spray perawatan area kewanitaan membantu mengurangi keputihan membantu menghilangkan aroma area kewanitaan,bundling gendes feminine wash foam bubblegum sweet aromatic feminine care spray awat area wanita bantu kurang putih bantu hilang aroma area wanita,29.0,22.0,7.0,24.1
Shopee,Empot ayam biang asli tanpa bahan kimia empot ayam hitam,empot ayam,empot ayam biang asli tanpa bahan kimia empot ayam hitam,empot ayam biang kimia empot ayam,empot ayam biang kimia empot ayam,10.0,6.0,4.0,40.0
Shopee,[6 PACK] LADIS Pembalut Celana Menstruasi Size M/L,ladies pembalut celana,pack ladis pembalut celana menstruasi size ml,ladis pembalut celana menstruasi,ladis balut celana menstruasi,8.0,4.0,4.0,50.0
Shopee,Test Pack Andalan - Andalan Test kehamilan - Andalan pregnancy Test,test kehamilan,test pack andalan andalan test kehamilan andalan pregnancy test,test andalan andalan test kehamilan andalan pregnancy test,test andal andal test hamil andal pregnancy test,11.0,8.0,3.0,27.3
Shopee,Alat Tes Test Cek Kehamilan Hamil Test Pack Hcg Test OneMed strip,alat tes test cek kehamilan,alat tes test cek kehamilan hamil test pack hcg test onemed strip,alat tes test cek kehamilan hamil test hcg test onemed strip,alat tes test cek hamil hamil test hcg test onemed strip,12.0,11.0,1.0,8.3
Shopee,Andalan Strip Tespek / Test Pack / Test Kehamilan - Alat Pendeteksi Kehamilan Cepat Akurat,andalan tespek,andalan strip tespek test pack test kehamilan alat pendeteksi kehamilan cepat akurat,andalan strip tespek test test kehamilan alat pendeteksi kehamilan,andal strip tespek test test hamil alat deteksi hamil,15.0,9.0,6.0,40.0
Shopee,Softex Daun Sirih + Vitamin E Jumbo Pack 36cm 18s - Pembalut Daun Sirih Malam,softex daun sirih,softex daun sirih vitamin e jumbo pack cm s pembalut daun sirih malam,softex daun sirih vitamin pembalut daun sirih malam,softex daun sirih vitamin balut daun sirih malam,15.0,8.0,7.0,46.7
Shopee,(Bayi) Tes Ovulasi Ungu Masa Subur 2027,tes ovulasi ungu,bayi tes ovulasi ungu masa subur,tes ovulasi,tes ovulasi,7.0,2.0,5.0,71.4
Shopee,"Poetry New Feminine Care Package (2Pcs)- Sabun Miss Ve Anti Bau, Keputihan, Gatal, Sabun Wangi Miss Ve Tanpa Alkohol- Sabun Area Intim - Sabun Keset",poetry sabun miss ve,poetry new feminine care package pcs sabun miss ve anti bau keputihan gatal sabun wangi miss ve tanpa alkohol sabun area intim sabun keset,poetry feminine care package miss ve anti bau keputihan miss ve alkohol area intim keset,poetry feminine care package miss ve anti bau putih miss ve alkohol area intim keset,25.0,15.0,10.0,40.0
Shopee,Hers Protex Softcare Pembalut Wanita Maxi Bag Isi 20 Pcs x2,hers protex pembalut,hers protex softcare pembalut wanita maxi bag isi pcs x,hers protex softcare pembalut maxi bag,hers protex softcare balut maxi bag,11.0,6.0,5.0,45.5
Shopee,Laurier Super Slimguard Pembalut Wanita Day Slim Breathable 22.5cm Wing Menyerap Maksimal dan Lebih Cepat Isi 20 Buah Twin Pack,laurier super slimguard pembalut,laurier super slimguard pembalut wanita day slim breathable cm wing menyerap maksimal dan lebih cepat isi buah twin pack,laurier slimguard pembalut day slim breathable wing menyerap twin,laurier slimguard balut day slim breathable wing serap twin,20.0,9.0,11.0,55.0
Shopee,ECERAN Alat Tes Kehamilan ONEMED - Tes Hamil / Tespek / HCG Strip Hamil OneMed Satuan ED 10/2027 (MINIMAL PEMBELIAN 10PCS),onemed tes hamil,eceran alat tes kehamilan onemed tes hamil tespek hcg strip hamil onemed satuan ed minimal pembelian pcs,eceran alat tes kehamilan onemed tes hamil tespek hcg strip hamil onemed satuan ed pembelian,ecer alat tes hamil onemed tes hamil tespek hcg strip hamil onemed satu ed beli,21.0,15.0,6.0,28.6
Shopee,Laurier Healthy Skin Pembalut Wanita Night Irritation Free 35cm Wing Cegah Iritasi Dengan Permukaan Breathable 3D Bergelombang Isi 6 Buah Twin Pack,laurier pembalut,laurier healthy skin pembalut wanita night irritation free cm wing cegah iritasi dengan permukaan breathable d bergelombang isi buah twin pack,laurier healthy skin pembalut night irritation wing cegah iritasi permukaan breathable bergelombang twin,laurier healthy skin balut night irritation wing cegah iritasi muka breathable gelombang twin,22.0,13.0,9.0,40.9
Shopee,"Missy Pembalut & Pantyliner Gentle Freeze Cooling Sensation (Super Thin, Anion Tea Polyphenols, Peppermint Extract)",missy pembalut,missy pembalut pantyliner gentle freeze cooling sensation super thin anion tea polyphenols peppermint extract,missy pembalut pantyliner gentle freeze cooling sensation thin anion tea polyphenols peppermint extract,missy balut pantyliner gentle freeze cooling sensation thin anion tea polyphenols peppermint extract,15.0,13.0,2.0,13.3
Shopee,GRATIS POT URINE TEST OVULASI TEST KESUBURAN OVULATION TEST TES MASA SUBUR LH PINK,gratis pot urine test ovulasi test kesuburan ovulation test tes masa subur lh pink,gratis pot urine test ovulasi test kesuburan ovulation test tes masa subur lh pink,pot urine test ovulasi test kesuburan ovulation test tes lh pink,pot urine test ovulasi test subur ovulation test tes lh pink,14.0,11.0,3.0,21.4
Shopee,NCX Crystal X Nasa Original 100% Herbal Alami,ncx crystal x nasa,ncx crystal x nasa original herbal alami,ncx crystal nasa herbal,ncx crystal nasa herbal,8.0,4.0,4.0,50.0
Shopee,ungu LH ovutes tes ovulasi masa subur strip,ungu lh ovutes tes,ungu lh ovutes tes ovulasi masa subur strip,lh ovutes tes ovulasi strip,lh ovutes tes ovulasi strip,8.0,5.0,3.0,37.5
Shopee,Test pack STERIL / tes kehamilan / preganancy test,steril tes kehamilan,test pack steril tes kehamilan preganancy test,test tes kehamilan preganancy test,test tes hamil preganancy test,9.0,5.0,4.0,44.4
Shopee,(SKR) TestPack Colloidal Andalan Stik Compact Cassette HCG Test Pack Tespek Alat Ovulasi Kesuburan LH,tespek alat ovulasi,skr testpack colloidal andalan stik compact cassette hcg test pack tespek alat ovulasi kesuburan lh,skr testpack colloidal andalan stik compact cassette hcg test tespek alat ovulasi kesuburan lh,skr testpack colloidal andal stik compact cassette hcg test tespek alat ovulasi subur lh,15.0,14.0,1.0,6.7
Shopee,[B2G1] HERS PROTEX Daily Comfort Night Pembalut Wanita bag 12,hermes protex,bg hers protex daily comfort night pembalut wanita bag,bg hers protex daily comfort night pembalut bag,bg hers protex daily comfort night balut bag,10.0,8.0,2.0,20.0
Shopee,Ecer Satuan ONEMED Testpack Hamil Test Pack ONEMED Ecer,onemed testpack,ecer satuan onemed testpack hamil test pack onemed ecer,satuan onemed testpack hamil test onemed,satu onemed testpack hamil test onemed,9.0,6.0,3.0,33.3
Shopee,Florence Pembalut Celana Wanita Menstruasi Datang Bulan Haid Woman Disposable - isi 2pcs,florence pembalut celana wanita,florence pembalut celana wanita menstruasi datang bulan haid woman disposable isi pcs,florence pembalut celana menstruasi haid woman disposable,florence balut celana menstruasi haid woman disposable,13.0,7.0,6.0,46.2
Shopee,LH Ovulation/Test Kesuburan/Ovulation Test,lh ovulation,lh ovulationtest kesuburanovulation test,lh ovulationtest kesuburanovulation test,lh ovulationtest kesuburanovulation test,4.0,4.0,0.0,0.0
Shopee,Tes Kehamilan / Test Pack OneMed - 1 Strip,test pack onemed,tes kehamilan test pack onemed strip,tes kehamilan test onemed strip,tes hamil test onemed strip,9.0,5.0,4.0,44.4
Shopee,ECERAN Alat Tes Kehamilan ONEMED 1pcs - Tes Hamil / Tespek / HCG Strip Hamil OneMed Satuan ED 2028 (MINIMAL PEMBELIAN 10PCS),onemed tes hamil,eceran alat tes kehamilan onemed pcs tes hamil tespek hcg strip hamil onemed satuan ed minimal pembelian pcs,eceran alat tes kehamilan onemed tes hamil tespek hcg strip hamil onemed satuan ed pembelian,ecer alat tes hamil onemed tes hamil tespek hcg strip hamil onemed satu ed beli,22.0,15.0,7.0,31.8
Shopee,(SKR) GROSIR TestPack Stik Compact Onemed Test Pack Tespek Alat Tes Hamil Kehamilan,testpack tespek alat tes hamil,skr grosir testpack stik compact onemed test pack tespek alat tes hamil kehamilan,skr testpack stik compact onemed test tespek alat tes hamil kehamilan,skr testpack stik compact onemed test tespek alat tes hamil hamil,13.0,11.0,2.0,15.4
Shopee,ALAT TES KEHAMILAN TESTPACK ONEMED TESPEK PREGNANCY ONE MED - TEST HAMIL URINE PREGNANCY,tespack onemed tespek pregnancy,alat tes kehamilan testpack onemed tespek pregnancy one med test hamil urine pregnancy,alat tes kehamilan testpack onemed tespek pregnancy one med test hamil urine pregnancy,alat tes hamil testpack onemed tespek pregnancy one med test hamil urine pregnancy,14.0,13.0,1.0,7.1
Shopee,(PROMO READY STOCK) MISSY PEMBALUT KESEHATAN/ PEMBALUT WANITA / PANTYLINER / SOFTEX KESEHATAN,missy pembalut,promo ready stock missy pembalut kesehatan pembalut wanita pantyliner softex kesehatan,missy pembalut kesehatan pembalut pantyliner softex kesehatan,missy balut sehat balut pantyliner softex sehat,13.0,7.0,6.0,46.2
Shopee,Tes Ovulasi 30 pcs / Tes Kesuburan / LH Ovulation Test / Paket Diskon Grosir Tes Ovulasi,tes ovulasi,tes ovulasi pcs tes kesuburan lh ovulation test paket diskon grosir tes ovulasi,tes ovulasi tes kesuburan lh ovulation test tes ovulasi,tes ovulasi tes subur lh ovulation test tes ovulasi,17.0,9.0,8.0,47.1
Shopee,Pembalut Kain / Menspad / Pembalut Cuci Ulang,pembalut kain,pembalut kain menspad pembalut cuci ulang,pembalut kain menspad pembalut ulang,balut kain menspad balut ulang,8.0,5.0,3.0,37.5
Shopee,Rose V Nasa Herbal Original Merapatkan MIss V DAN Mengatasi Masalah Kewanitaan,rose v nasa herbal,rose v nasa herbal original merapatkan miss v dan mengatasi masalah kewanitaan,rose nasa herbal merapatkan miss mengatasi kewanitaan,rose nasa herbal rapat miss atas wanita,12.0,7.0,5.0,41.7
Shopee,Ratus Rebus Rempah Spa Miss V Untuk Keputihan,ratus rebus rempah spa miss v,ratus rebus rempah spa miss v untuk keputihan,ratus rebus rempah spa miss keputihan,ratus rebus rempah spa miss putih,8.0,6.0,2.0,25.0
Shopee,Test Pack Steril Strip Alat Tes Kehamilan - 1 Pcs,test pack steril strip alat tes kehamilan,test pack steril strip alat tes kehamilan pcs,test strip alat tes kehamilan,test strip alat tes hamil,10.0,5.0,5.0,50.0
Shopee,Alat Tes Test Cek Kehamilan Hamil ONEHEALTH GEA STERIL GP Care Test Pack Tespack Hcg Eceran,tespack hcg,alat tes test cek kehamilan hamil onehealth gea steril gp care test pack tespack hcg eceran,alat tes test cek kehamilan hamil onehealth gea gp care test tespack hcg eceran,alat tes test cek hamil hamil onehealth gea gp care test tespack hcg ecer,16.0,14.0,2.0,12.5
Shopee,"FILMORE Spritz Sister Mist Mini | Mengatasi Anyang2an, Keputihan, dan Infeksi Saluran Kemih dalam 7 Hari | Sanitizer Area Kewanitaan",filmore spritz sister mist,filmore spritz sister mist mini mengatasi anyangan keputihan dan infeksi saluran kemih dalam hari sanitizer area kewanitaan,filmore spritz sister mist mengatasi anyangan keputihan infeksi saluran kemih sanitizer area kewanitaan,filmore spritz sister mist atas anyang putih infeksi salur kemih sanitizer area wanita,20.0,13.0,7.0,35.0
Shopee,Purbasari Sabun Sirih 125 ml / Perawatan Kewanitaan / Pembersih Miss V,purbasari sabun sirih,purbasari sabun sirih ml perawatan kewanitaan pembersih miss v,purbasari sirih perawatan kewanitaan pembersih miss,purbasari sirih awat wanita bersih miss,12.0,6.0,6.0,50.0
Shopee,Tes Kehamilan Tes Hamil T10 Test Kehamilan Alat Test Pack Onemed / GP CARE ECERAN MURAH.,tes kehamilan,tes kehamilan tes hamil t test kehamilan alat test pack onemed gp care eceran murah,tes kehamilan tes hamil test kehamilan alat test onemed gp care eceran,tes hamil tes hamil test hamil alat test onemed gp care ecer,16.0,12.0,4.0,25.0
Shopee,Laurier Super Slimguard Pembalut Wanita Night Slim Breathable 35cm Wing Menyerap Maksimal dan Lebih Cepat Isi 12 Buah Twin Pack,laurier super slimguard pembalut wanita,laurier super slimguard pembalut wanita night slim breathable cm wing menyerap maksimal dan lebih cepat isi buah twin pack,laurier slimguard pembalut night slim breathable wing menyerap twin,laurier slimguard balut night slim breathable wing serap twin,20.0,9.0,11.0,55.0
Shopee,Cek Kehamilan Test Pack Satuan (Minimal Order 10 Pcs),kehamilan test pack,cek kehamilan test pack satuan minimal order pcs,cek kehamilan test satuan order,cek hamil test satu order,9.0,5.0,4.0,44.4
Shopee,Ratus Rebus 4x Pakai Ramuan Berendam Cebok Manjakani Perawatan,ratus rebus,ratus rebus x pakai ramuan berendam cebok manjakani perawatan,ratus rebus pakai ramuan berendam cebok manjakani perawatan,ratus rebus pakai ramu rendam cebok manjakani awat,9.0,8.0,1.0,11.1
Shopee,Test Kehamilan Instant Onemed Tes Tespek One Med hCG Urine Pregnancy Testpack Test pack hamil,one med tes tespek,test kehamilan instant onemed tes tespek one med hcg urine pregnancy testpack test pack hamil,test kehamilan instant onemed tes tespek one med hcg urine pregnancy testpack test hamil,test hamil instant onemed tes tespek one med hcg urine pregnancy testpack test hamil,15.0,14.0,1.0,6.7
Shopee,Ovulation Test Strip LH Tes Kesuburan Ovulasi ovutest,ovulation test strip,ovulation test strip lh tes kesuburan ovulasi ovutest,ovulation test strip lh tes kesuburan ovulasi ovutest,ovulation test strip lh tes subur ovulasi ovutest,8.0,8.0,0.0,0.0
Shopee,Sehat Wanita Mpot Mpot Putih Kapsul HALAL & BPOM,mpot mpot putih,sehat wanita mpot mpot putih kapsul halal bpom,mpot mpot kapsul bpom,mpot mpot kapsul bpom,9.0,4.0,5.0,55.6
Shopee,Recare tes kehamilan / test pack / pregnancy test - 1 strip,recare tes kehamilan,recare tes kehamilan test pack pregnancy test strip,recare tes kehamilan test pregnancy test strip,recare tes hamil test pregnancy test strip,12.0,7.0,5.0,41.7
Shopee,LH Ovulation Test Strip / Tespack Ovulasi Masa Subur Wanita / Tes Kesuburan,lh ovulation test strip,lh ovulation test strip tespack ovulasi masa subur wanita tes kesuburan,lh ovulation test strip tespack ovulasi tes kesuburan,lh ovulation test strip tespack ovulasi tes subur,13.0,8.0,5.0,38.5
Shopee,(NCS) TERMURAH Tespek Test Pack Testpack Strip Alat Tes Kehamilan One Med Onemed Eceran,tespek test pack,ncs termurah tespek test pack testpack strip alat tes kehamilan one med onemed eceran,ncs tespek test testpack strip alat tes kehamilan one med onemed eceran,ncs tespek test testpack strip alat tes hamil one med onemed ecer,14.0,12.0,2.0,14.3
Shopee,ncx crystal x -obat kewanitaan merapatkan atasi keputihan alami,ncx crystal x,ncx crystal x obat kewanitaan merapatkan atasi keputihan alami,ncx crystal obat kewanitaan merapatkan atasi keputihan,ncx crystal obat wanita rapat atas putih,9.0,7.0,2.0,22.2
Shopee,Pantyliner Softex Daun Sirih + Vitamin E Longer & Wider 30s x 2 Pack - Pantyliner Daun Sirih,softex daun sirih,pantyliner softex daun sirih vitamin e longer wider s x pack pantyliner daun sirih,pantyliner softex daun sirih vitamin longer wider pantyliner daun sirih,pantyliner softex daun sirih vitamin longer wider pantyliner daun sirih,18.0,10.0,8.0,44.4
Shopee,Charm Pembalut Safe Night 29cm Wing 30 pads,charm pembalut,charm pembalut safe night cm wing pads,charm pembalut safe night wing pads,charm balut safe night wing pads,8.0,6.0,2.0,25.0
Shopee,lh ovulation tes ovulasi masa subur promil wanita,lh ovulation tes,lh ovulation tes ovulasi masa subur promil wanita,lh ovulation tes ovulasi promil,lh ovulation tes ovulasi promil,8.0,5.0,3.0,37.5
Shopee,Softex Beary Cool Pantyliner 15cm 32s - Pantyliner Cool / Dingin,beary cool pantyliner,softex beary cool pantyliner cm s pantyliner cool dingin,softex beary cool pantyliner pantyliner cool,softex beary cool pantyliner pantyliner cool,11.0,6.0,5.0,45.5
Shopee,Onemed Test Kehamilan Akurat Dan Murah,onemed test kehamilan,onemed test kehamilan akurat dan murah,onemed test kehamilan,onemed test hamil,6.0,3.0,3.0,50.0
Shopee,LH OVULATION TEST STRIP ALAT TES OVULASI KESUBURAN DETEKSI MASA SUBUR bukan test pack testpack hamil kehamilan,lho ovulation test strip,lh ovulation test strip alat tes ovulasi kesuburan deteksi masa subur bukan test pack testpack hamil kehamilan,lh ovulation test strip alat tes ovulasi kesuburan deteksi test testpack hamil kehamilan,lh ovulation test strip alat tes ovulasi subur deteksi test testpack hamil hamil,17.0,13.0,4.0,23.5
Shopee,Test Pack Kehamilan HCG / Tes Kehamilan / Testpack Hamil HCG Strip,hcg strip,test pack kehamilan hcg tes kehamilan testpack hamil hcg strip,test kehamilan hcg tes kehamilan testpack hamil hcg strip,test hamil hcg tes hamil testpack hamil hcg strip,12.0,9.0,3.0,25.0
Shopee,Laurier Cleanfresh Pantyliner Keputihan Breathable Non Perfumed -Tetap Bersih & Ekstra Kering Isi 40 Buah Triple Pack,laurier cleanfresh pantyliner,laurier cleanfresh pantyliner keputihan breathable non perfumed tetap bersih ekstra kering isi buah triple pack,laurier cleanfresh pantyliner keputihan breathable non perfumed ekstra triple,laurier cleanfresh pantyliner putih breathable non perfumed ekstra triple,17.0,9.0,8.0,47.1
Shopee,Gendes Sweet Aromatic Feminine Care Spray with Vanilla 7 Miracle Bioactives Merawat Kewanitaan 23 ml | Perawatan Area Kewanitaan | Membantu Mengurangi Keputihan | Membantu Mengurangi Gatal Pada Area Kewanitaan,gendes sweet aromatic care spray,gendes sweet aromatic feminine care spray with vanilla miracle bioactives merawat kewanitaan ml perawatan area kewanitaan membantu mengurangi keputihan membantu mengurangi gatal pada area kewanitaan,gendes sweet aromatic feminine care spray with vanilla miracle bioactives merawat kewanitaan perawatan area kewanitaan membantu mengurangi keputihan membantu mengurangi area kewanitaan,gendes sweet aromatic feminine care spray with vanilla miracle bioactives rawat wanita awat area wanita bantu kurang putih bantu kurang area wanita,30.0,22.0,8.0,26.7
Shopee,"Pembersih Kewanitaan - Refreshing Feminine Wash Mama's Choice (Feminine Hygiene Intimate Wash, aman untuk ibu hamil dan menyusui, terdaftar BPOM)",pembersih kewanitaan mama's choice,pembersih kewanitaan refreshing feminine wash mamas choice feminine hygiene intimate wash aman untuk ibu hamil dan menyusui terdaftar bpom,pembersih kewanitaan refreshing feminine wash mamas choice feminine hygiene intimate wash hamil menyusui terdaftar bpom,bersih wanita refreshing feminine wash mamas choice feminine hygiene intimate wash hamil susu daftar bpom,20.0,15.0,5.0,25.0
Shopee,PROMO manjakani chy arno 1 butir,manjakani chy arno,promo manjakani chy arno butir,manjakani chy arno,manjakani chy arno,6.0,3.0,3.0,50.0
Shopee,Kotex Liners Panty Liner / Unscented / Aloe Vera / Daun Sirih,kotex liners,kotex liners panty liner unscented aloe vera daun sirih,kotex liners panty liner unscented aloe vera daun sirih,kotex liners panty liner unscented aloe vera daun sirih,12.0,9.0,3.0,25.0
Shopee,Softex Daun Sirih + Vitamin E 36cm 12 pads - Pembalut Daun Sirih Malam,softex daun sirih,softex daun sirih vitamin e cm pads pembalut daun sirih malam,softex daun sirih vitamin pads pembalut daun sirih malam,softex daun sirih vitamin pads balut daun sirih malam,14.0,9.0,5.0,35.7
Shopee,Laurier Cleanfresh Pantyliner Keputihan Breathable Non Perfumed -Tetap Bersih & Ekstra Kering Isi 40 Buah Twin Pack,laurier cleanfresh pantyliner,laurier cleanfresh pantyliner keputihan breathable non perfumed tetap bersih ekstra kering isi buah twin pack,laurier cleanfresh pantyliner keputihan breathable non perfumed ekstra twin,laurier cleanfresh pantyliner putih breathable non perfumed ekstra twin,17.0,9.0,8.0,47.1
Shopee,Cod Test Pack Tespek Test Pack Tespack Kehamilan Hamil GEA Akurat Sensitif pregnancy test 10 PCS,tespack kehamilan,cod test pack tespek test pack tespack kehamilan hamil gea akurat sensitif pregnancy test pcs,test tespek test tespack kehamilan hamil gea pregnancy test,test tespek test tespack hamil hamil gea pregnancy test,16.0,9.0,7.0,43.8
Shopee,[ROMANTIC LOVE] Secret Clean Propolis Feminine Care Package 2 pcs / 3 pcs / 4 pcs / 5 pcs | Paket Feminine Wash Pembersih Kewanitaan / Sabun Miss V,secret clean propolis,romantic love secret clean propolis feminine care package pcs pcs pcs pcs paket feminine wash pembersih kewanitaan sabun miss v,romantic love secret clean propolis feminine care package feminine wash pembersih kewanitaan miss,romantic love secret clean propolis feminine care package feminine wash bersih wanita miss,29.0,13.0,16.0,55.2
Shopee,Gendes Sweet Aromatic Feminine Care Wash Foam Vanilla 5 Miracle Bioactives 55 Ml | Perawatan Area Kewanitaan | Membantu Mengurangi Keputihan | Membantu Mengurangi Gatal Pada Area Kewanitaan,gendes sweet aromatic care wash foam,gendes sweet aromatic feminine care wash foam vanilla miracle bioactives ml perawatan area kewanitaan membantu mengurangi keputihan membantu mengurangi gatal pada area kewanitaan,gendes sweet aromatic feminine care wash foam vanilla miracle bioactives perawatan area kewanitaan membantu mengurangi keputihan membantu mengurangi area kewanitaan,gendes sweet aromatic feminine care wash foam vanilla miracle bioactives awat area wanita bantu kurang putih bantu kurang area wanita,28.0,20.0,8.0,28.6
Shopee,MURNI TANPA CAMPURAN Original misk thaharah 3ml,misk thaharah,murni tanpa campuran original misk thaharah ml,murni campuran misk thaharah,murni campur misk thaharah,7.0,4.0,3.0,42.9
Shopee,"Missy Pembalut & Pantyliner (Super Thin, Anion Tea Polyphenols, Peppermint Extract)",missy pembalut,missy pembalut pantyliner super thin anion tea polyphenols peppermint extract,missy pembalut pantyliner thin anion tea polyphenols peppermint extract,missy balut pantyliner thin anion tea polyphenols peppermint extract,11.0,9.0,2.0,18.2
Shopee,TEST HAMIL / TEST PACK / ALAT TEST HAMIL / HARGA ECERAN TEST HAMIL ONE MED HARGA MUMER 100% ORIGINAL,test hamil one med,test hamil test pack alat test hamil harga eceran test hamil one med harga mumer original,test hamil test alat test hamil eceran test hamil one med mumer,test hamil test alat test hamil ecer test hamil one med mumer,20.0,12.0,8.0,40.0
Shopee,Test Pack Alat Tes Kesuburan/Tes Masa Subur/Ovulation LH Strip,tes kesuburan,test pack alat tes kesuburantes masa suburovulation lh strip,test alat tes kesuburantes suburovulation lh strip,test alat tes kesuburantes suburovulation lh strip,9.0,7.0,2.0,22.2
Shopee,"Andalan Compact Midstream Pregnancy Test Pack - Alat Tes Kehamilan Praktis, Tanpa Wadah Urin",andalan compact pregnancy test,andalan compact midstream pregnancy test pack alat tes kehamilan praktis tanpa wadah urin,andalan compact midstream pregnancy test alat tes kehamilan urin,andal compact midstream pregnancy test alat tes hamil urin,14.0,9.0,5.0,35.7
Shopee,TEST OVULASI MASA SUBUR - OVULATION TEST LH TEST STRIP PENDETEKSI MASA SUBUR COCOK UNTUK PROMIL,ovulasi test,test ovulasi masa subur ovulation test lh test strip pendeteksi masa subur cocok untuk promil,test ovulasi ovulation test lh test strip pendeteksi promil,test ovulasi ovulation test lh test strip deteksi promil,16.0,9.0,7.0,43.8
Shopee,Mpot Empot Putih Kualitas Super Utuh Herbal,mpot empot putih,mpot empot putih kualitas super utuh herbal,mpot empot herbal,mpot empot herbal,7.0,3.0,4.0,57.1
Shopee,Pantyliner Softex Daun Sirih + Green Tea 20 pads - Pantyliner Daun Sirih,softex daun sirih,pantyliner softex daun sirih green tea pads pantyliner daun sirih,pantyliner softex daun sirih green tea pads pantyliner daun sirih,pantyliner softex daun sirih green tea pads pantyliner daun sirih,13.0,10.0,3.0,23.1
Shopee,"Alat tes kesuburan, masa subur (ovulasi ovulation LH test strip) dan tes hamil tespek kehamilan",tes kesuburan,alat tes kesuburan masa subur ovulasi ovulation lh test strip dan tes hamil tespek kehamilan,alat tes kesuburan ovulasi ovulation lh test strip tes hamil tespek kehamilan,alat tes subur ovulasi ovulation lh test strip tes hamil tespek hamil,15.0,12.0,3.0,20.0
Shopee,Pembalut MISSY DAY / Pembalut HERBAL Kesehatan Wanita Bersalin / Wings 245mm 10 pads / Perawatan Miss V Menstrual Pad Menstruasi / Anti Bacterial Jamur Virus / Anti Bocor,missy day,pembalut missy day pembalut herbal kesehatan wanita bersalin wings mm pads perawatan miss v menstrual pad menstruasi anti bacterial jamur virus anti bocor,pembalut missy day pembalut herbal kesehatan bersalin wings pads perawatan miss menstrual pad menstruasi anti bacterial jamur virus anti bocor,balut missy day balut herbal sehat salin wings pads awat miss menstrual pad menstruasi anti bacterial jamur virus anti bocor,29.0,20.0,9.0,31.0
Shopee,ECER HCG Onemed Ecer Alat Tes Kehamilan Onemed,hcg onemed,ecer hcg onemed ecer alat tes kehamilan onemed,hcg onemed alat tes kehamilan onemed,hcg onemed alat tes hamil onemed,8.0,6.0,2.0,25.0
Shopee,Hers Protex Daily Comfort Night Pembalut Wanita Cinnamoroll Bag Isi 20 + 2 Pcs x2,cinnamoroll pembalut,hers protex daily comfort night pembalut wanita cinnamoroll bag isi pcs x,hers protex daily comfort night pembalut cinnamoroll bag,hers protex daily comfort night balut cinnamoroll bag,15.0,8.0,7.0,46.7
Shopee,Laurier Relax Night Pembalut Wanita Malam Panjang 30cm Wing Perlindungan Tidur Bebas Bocor Semalaman Isi 16 Buah Twin Pack,laurier relax night pembalut,laurier relax night pembalut wanita malam panjang cm wing perlindungan tidur bebas bocor semalaman isi buah twin pack,laurier relax night pembalut malam wing perlindungan tidur bocor semalaman twin,laurier relax night balut malam wing lindung tidur bocor malam twin,19.0,11.0,8.0,42.1
Shopee,Nuvo Hand Sanitizer Merah Total Protect 85 ml,nuvo hand sanitizer,nuvo hand sanitizer merah total protect ml,nuvo hand sanitizer total protect,nuvo hand sanitizer total protect,8.0,5.0,3.0,37.5
Shopee,Laurier Relax Night Pembalut Wanita Untuk Bebas Aktivitas di Hari Deras 35cm Wing ZERO Khawatir Bocor Sepanjang Malam Isi 12 Buah,laurier relax night pembalut wanita,laurier relax night pembalut wanita untuk bebas aktivitas di hari deras cm wing zero khawatir bocor sepanjang malam isi buah,laurier relax night pembalut aktivitas deras wing zero bocor malam,laurier relax night balut aktivitas deras wing zero bocor malam,21.0,10.0,11.0,52.4
Shopee,Tes Hamil Onehealth Alat Tes Kehamilan Onehealth HCG One Step Pregnancy Strip Test Onehealth,tes hamil onehealth,tes hamil onehealth alat tes kehamilan onehealth hcg one step pregnancy strip test onehealth,tes hamil onehealth alat tes kehamilan onehealth hcg one step pregnancy strip test onehealth,tes hamil onehealth alat tes hamil onehealth hcg one step pregnancy strip test onehealth,14.0,14.0,0.0,0.0
Shopee,Softex Maternity 45cm 10 Pads - Pembalut Bersalin dan Nifas,softex maternity pembalut,softex maternity cm pads pembalut bersalin dan nifas,softex maternity pads pembalut bersalin nifas,softex maternity pads balut salin nifas,10.0,6.0,4.0,40.0
Shopee,Softex Celana Menstruasi All Size 2 pads - Pembalut Celana - Spesial Bulan Ungu,softex celana menstruasi,softex celana menstruasi all size pads pembalut celana spesial bulan ungu,softex celana menstruasi pads pembalut celana,softex celana menstruasi pads balut celana,14.0,6.0,8.0,57.1
Shopee,Laurier Healthy Skin Pembalut Wanita Day Irritation Free 25cm Wing Cegah Iritasi Dengan Permukaan Breathable 3D Bergelombang Isi 14 Buah Twin Pack,laurier pembalut,laurier healthy skin pembalut wanita day irritation free cm wing cegah iritasi dengan permukaan breathable d bergelombang isi buah twin pack,laurier healthy skin pembalut day irritation wing cegah iritasi permukaan breathable bergelombang twin,laurier healthy skin balut day irritation wing cegah iritasi muka breathable gelombang twin,22.0,13.0,9.0,40.9
Shopee,[CLEAN] Secret Clean Paket Propolis Feminine Care 2 pcs / 3 pcs / 4 pcs / 5 pcs | Halal Feminine Wash Spray Pembersih Kewanitaan / Sabun Miss V Daun Sirih,secret clean propolis,clean secret clean paket propolis feminine care pcs pcs pcs pcs halal feminine wash spray pembersih kewanitaan sabun miss v daun sirih,clean secret clean propolis feminine care feminine wash spray pembersih kewanitaan miss daun sirih,clean secret clean propolis feminine care feminine wash spray bersih wanita miss daun sirih,31.0,14.0,17.0,54.8
Shopee,(MUTIARA ALKES) ECERAN - Tes hamil/ TYPE Casette dan Strip Test ( Privasi Terjaga ),mutiara alkes tes hamil,mutiara alkes eceran tes hamil type casette dan strip test privasi terjaga,mutiara alkes eceran tes hamil casette strip test privasi terjaga,mutiara alkes ecer tes hamil casette strip test privasi jaga,15.0,10.0,5.0,33.3
Shopee,Test pack hamil / Tes HCG CASSETTE / Tes hamil stick Tes hamil HCG CASSETTE Akurat / Test pack kehamilan,tes hamil hcg,test pack hamil tes hcg cassette tes hamil stick tes hamil hcg cassette akurat test pack kehamilan,test hamil tes hcg cassette tes hamil stick tes hamil hcg cassette test kehamilan,test hamil tes hcg cassette tes hamil stick tes hamil hcg cassette test hamil,20.0,14.0,6.0,30.0
Shopee,Whisper Pembalut Wanita Heavy Flow & Overnight Wings 8's - Paket isi 3,whisper pembalut wanita,whisper pembalut wanita heavy flow overnight wings s paket isi,whisper pembalut heavy flow overnight wings,whisper balut heavy flow overnight wings,13.0,6.0,7.0,53.8
Shopee,eBayBee_ID OVULATION | ovulasi (Lh) Test Strip,ovulasi test strip,ebaybeeid ovulation ovulasi lh test strip,ebaybeeid ovulation ovulasi lh test strip,ebaybeeid ovulation ovulasi lh test strip,7.0,6.0,1.0,14.3
Shopee,Sepet Arum Bubuk Cebok Wangi Wasiat Ratu Isi 10 Sachet,sepet arum bubuk cebok wangi wasiat ratu,sepet arum bubuk cebok wangi wasiat ratu isi sachet,arum bubuk cebok wasiat ratu,arum bubuk cebok wasiat ratu,10.0,5.0,5.0,50.0
Shopee,Mitela Medstuff Pembalut Siku Segitiga Non Woven,mitela pembalut,mitela medstuff pembalut siku segitiga non woven,mitela medstuff pembalut siku segitiga non woven,mitela medstuff balut siku segitiga non woven,7.0,7.0,0.0,0.0
Shopee,Test pack GEA / pregnancy test /GEA tespek/ tes hamil,gea tespek,test pack gea pregnancy test gea tespek tes hamil,test gea pregnancy test gea tespek tes hamil,test gea pregnancy test gea tespek tes hamil,10.0,8.0,2.0,20.0
Shopee,Test Hamil One Med Tes Kandungan Cek Kehamilan Tespack Strip Hamil OneMed Tespek Program Hamil Ecer,hamil onemed tes kandungan,test hamil one med tes kandungan cek kehamilan tespack strip hamil onemed tespek program hamil ecer,test hamil one med tes cek kehamilan tespack strip hamil onemed tespek program hamil,test hamil one med tes cek hamil tespack strip hamil onemed tespek program hamil,16.0,14.0,2.0,12.5
Shopee,Test Pack Kehamilan Andalan Testpack Strip / Tes Kehamilan,testpack strip,test pack kehamilan andalan testpack strip tes kehamilan,test kehamilan andalan testpack strip tes kehamilan,test hamil andal testpack strip tes hamil,9.0,7.0,2.0,22.2
Shopee,Softex Beary Cool Wing 23cm 14s,softex beary cool wing,softex beary cool wing cm s,softex beary cool wing,softex beary cool wing,6.0,4.0,2.0,33.3
Shopee,Pil arab ena ena harga perbutir manjakani kalimantan lonjong,pil arab ena ena,pil arab ena ena harga perbutir manjakani kalimantan lonjong,pil arab ena ena perbutir manjakani kalimantan,pil arab ena ena butir manjakani kalimantan,9.0,7.0,2.0,22.2
Shopee,Menspad / pembalut cuci ulang (day) (1pack isi 6pcs),menspad pembalut cuci,menspad pembalut cuci ulang day pack isi pcs,menspad pembalut ulang day,menspad balut ulang day,9.0,4.0,5.0,55.6
Shopee,Tes Hamil Get One Test Kehamilan Get One Tes Hamil Onemed Pregnancy Test,tes hamil onemed pregnancy,tes hamil get one test kehamilan get one tes hamil onemed pregnancy test,tes hamil get one test kehamilan get one tes hamil onemed pregnancy test,tes hamil get one test hamil get one tes hamil onemed pregnancy test,13.0,13.0,0.0,0.0
Shopee,(SKR) Test Ovulation test LH Pink / Ungu BAYI Ovulasi wanita Tes Masa subur Ovulation LH,ovulation test lh,skr test ovulation test lh pink ungu bayi ovulasi wanita tes masa subur ovulation lh,skr test ovulation test lh pink ovulasi tes ovulation lh,skr test ovulation test lh pink ovulasi tes ovulation lh,16.0,10.0,6.0,37.5
Shopee,Ovutest LH Ovulation Pink Tes Kesuburan Wanita,ovutest lh tes kesuburan,ovutest lh ovulation pink tes kesuburan wanita,ovutest lh ovulation pink tes kesuburan,ovutest lh ovulation pink tes subur,7.0,6.0,1.0,14.3
Shopee,Test Pack Kehamilan Quick Sure Akurat 99%,test pack kehamilan,test pack kehamilan quick sure akurat,test kehamilan quick sure,test hamil quick sure,7.0,4.0,3.0,42.9
Shopee,[HAPPY DAY] Secret Clean Paket Propolis Feminine Care 2pcs / 3pcs / 4pcs / 5pcs | Paket Feminine Wash Spray Pembersih Kewanitaan / Sabun Miss V,secret clean propolis,happy day secret clean paket propolis feminine care pcs pcs pcs pcs paket feminine wash spray pembersih kewanitaan sabun miss v,happy day secret clean propolis feminine care feminine wash spray pembersih kewanitaan miss,happy day secret clean propolis feminine care feminine wash spray bersih wanita miss,26.0,13.0,13.0,50.0
Shopee,TEST PACK ONEMED STRIP / TES HAMIL INSTANT,tes pack onemed strip / tes hamil instant,test pack onemed strip tes hamil instant,test onemed strip tes hamil instant,test onemed strip tes hamil instant,8.0,6.0,2.0,25.0
Shopee,"Parfum Spray Madu Asmara, Pengharum Dan Perapet Kewanitaan Kemasan 25 Ml",parfum madu asmara,parfum spray madu asmara pengharum dan perapet kewanitaan kemasan ml,parfum spray madu asmara pengharum perapet kewanitaan,parfum spray madu asmara harum perapet wanita,11.0,7.0,4.0,36.4
Shopee,Softex Daun Sirih + Vitamin E 3in1 16 pads - Pembalut Daun Sirih,softex daun sirih + vitamin e,softex daun sirih vitamin e in pads pembalut daun sirih,softex daun sirih vitamin in pads pembalut daun sirih,softex daun sirih vitamin in pads balut daun sirih,13.0,9.0,4.0,30.8
Shopee,Alat test ovulasi Ovulation LH Test strip test kesuburan,ovulasi test strip,alat test ovulasi ovulation lh test strip test kesuburan,alat test ovulasi ovulation lh test strip test kesuburan,alat test ovulasi ovulation lh test strip test subur,9.0,9.0,0.0,0.0
Shopee,Test Pack Kehamilan - Alat Test Hamil - Testpack Hamil,test pack kehamilan,test pack kehamilan alat test hamil testpack hamil,test kehamilan alat test hamil testpack hamil,test hamil alat test hamil testpack hamil,10.0,7.0,3.0,30.0
Shopee,Ovulation LH Test Strip Purple Alat Tes Masa Subur Ungu Tespek Promil Uji Ovulasi Test Pack Program Hamil Testpack,ovulation lh test strip,ovulation lh test strip purple alat tes masa subur ungu tespek promil uji ovulasi test pack program hamil testpack,ovulation lh test strip purple alat tes tespek promil uji ovulasi test program hamil testpack,ovulation lh test strip purple alat tes tespek promil uji ovulasi test program hamil testpack,19.0,15.0,4.0,21.1
Shopee,3x Pakai SPA Rempah Ratus Cebok Miss V Rapet Alami Ratus Uap Manjakani Majakani Rempah Ratus Miss V,spa rempah ratus cebok miss v rapet alami,x pakai spa rempah ratus cebok miss v rapet alami ratus uap manjakani majakani rempah ratus miss v,pakai spa rempah ratus cebok miss rapet ratus uap manjakani majakani rempah ratus miss,pakai spa rempah ratus cebok miss rapet ratus uap manjakani majakani rempah ratus miss,18.0,14.0,4.0,22.2
Shopee,Alat test ovulasi Ovulation Test LH Test strip test kesuburan Ovutes,ovulasi test,alat test ovulasi ovulation test lh test strip test kesuburan ovutes,alat test ovulasi ovulation test lh test strip test kesuburan ovutes,alat test ovulasi ovulation test lh test strip test subur ovutes,11.0,11.0,0.0,0.0
Shopee,(SKR) 3 Pcs Tes Kesuburan Ovulasi / 1 Pc Tes Hamil Andalan Strip - Ovulation Test Testpack Pack Strips LH Andalan Cassete,tes kesuburan ovulasi,skr pcs tes kesuburan ovulasi pc tes hamil andalan strip ovulation test testpack pack strips lh andalan cassete,skr tes kesuburan ovulasi tes hamil andalan strip ovulation test testpack strips lh andalan cassete,skr tes subur ovulasi tes hamil andal strip ovulation test testpack strips lh andal cassete,22.0,15.0,7.0,31.8
Shopee,ROSE V NASA ORIGINAL EXTRA BONUS,rose v nasa,rose v nasa original extra bonus,rose nasa extra bonus,rose nasa extra bonus,6.0,4.0,2.0,33.3
Shopee,Ovulation LH Test Strip / Tes Kesuburan Ovulasi Wanita Onehealth per Pcs,ovulation lh test strip,ovulation lh test strip tes kesuburan ovulasi wanita onehealth per pcs,ovulation lh test strip tes kesuburan ovulasi onehealth,ovulation lh test strip tes subur ovulasi onehealth,12.0,8.0,4.0,33.3
Shopee,ECER - Tes Kehamilan Onemed - Testpack OneMed,tes kehamilan one med,ecer tes kehamilan onemed testpack onemed,tes kehamilan onemed testpack onemed,tes hamil onemed testpack onemed,8.0,5.0,3.0,37.5
Shopee,Strip Tes Hamil Hcg Testpack Onemed,tes hamil,strip tes hamil hcg testpack onemed,strip tes hamil hcg testpack onemed,strip tes hamil hcg testpack onemed,6.0,6.0,0.0,0.0
Shopee,Test pack hamil ONEMED 1 PCS tes kehamilan testpack tespek hamil,onemed tes kehamilan,test pack hamil onemed pcs tes kehamilan testpack tespek hamil,test hamil onemed tes kehamilan testpack tespek hamil,test hamil onemed tes hamil testpack tespek hamil,11.0,8.0,3.0,27.3
Shopee,Pil manjakani dayak kembali perawan putri dayak kalimantan,pil manjakani,pil manjakani dayak kembali perawan putri dayak kalimantan,pil manjakani dayak perawan putri dayak kalimantan,pil manjakani dayak perawan putri dayak kalimantan,8.0,7.0,1.0,12.5
Shopee,LH OVULATION PAKET TES OVULASI + URINE CUP PINK dan UNGU TEST STRIP KESUBURAN ALAT DETEKSI MASA SUBUR bukan test pack hamil kehamilan,ovulasi tes kesuburan,lh ovulation paket tes ovulasi urine cup pink dan ungu test strip kesuburan alat deteksi masa subur bukan test pack hamil kehamilan,lh ovulation tes ovulasi urine cup pink test strip kesuburan alat deteksi test hamil kehamilan,lh ovulation tes ovulasi urine cup pink test strip subur alat deteksi test hamil hamil,23.0,15.0,8.0,34.8
Shopee,"isi 6 pcs Menspad, Pembalut Kain Cuci Ulang Murah , Menstrual Pad , Pembalut Wanita",menspad pembalut kain cuci ulang,isi pcs menspad pembalut kain cuci ulang murah menstrual pad pembalut wanita,menspad pembalut kain ulang menstrual pad pembalut,menspad balut kain ulang menstrual pad balut,15.0,7.0,8.0,53.3
Shopee,Missy Gentle Freeze Pembalut Pantyliner Wanita Original Anti Bakteri Jamur Softex Super Thin,missy gentle pembalut,missy gentle freeze pembalut pantyliner wanita original anti bakteri jamur softex super thin,missy gentle freeze pembalut pantyliner anti bakteri jamur softex thin,missy gentle freeze balut pantyliner anti bakteri jamur softex thin,13.0,10.0,3.0,23.1
Shopee,Ovutest Ovulation Test Dengan Privasi Aman,ovutest ovulation test,ovutest ovulation test dengan privasi aman,ovutest ovulation test privasi,ovutest ovulation test privasi,6.0,4.0,2.0,33.3
Shopee,CRYSTAL X ORIGINAL NASA Cristal X ASLI Kristal X Nasa Solusi Masalah Kewanitaan Terbaik Dan Terampuh,kristal x,crystal x original nasa cristal x asli kristal x nasa solusi masalah kewanitaan terbaik dan terampuh,crystal nasa cristal kristal nasa solusi kewanitaan terbaik terampuh,crystal nasa cristal kristal nasa solusi wanita baik ampuh,16.0,9.0,7.0,43.8
Shopee,Tes pack hamil / tespek / tes kehamilan STERIL,tespek kehamilan,tes pack hamil tespek tes kehamilan steril,tes hamil tespek tes kehamilan,tes hamil tespek tes hamil,9.0,5.0,4.0,44.4
Shopee,Softex Daun Sirih + Vitamin E Non Wing 23Cm 18s x 2 Pack - Pembalut Daun Sirih Siang,softex daun sirih,softex daun sirih vitamin e non wing cm s x pack pembalut daun sirih siang,softex daun sirih vitamin non wing pembalut daun sirih,softex daun sirih vitamin non wing balut daun sirih,18.0,9.0,9.0,50.0
Shopee,Vicks Vaporub Balsem Meringankan Gejala Batuk dan Pilek 25gr,vicks vaporub,vicks vaporub balsem meringankan gejala batuk dan pilek gr,vicks vaporub balsem meringankan gejala batuk pilek,vicks vaporub balsem ringan gejala batuk pilek,9.0,7.0,2.0,22.2
Shopee,Laurier Super Slim Guard Day 25Cm 16S Pembalut Twinpack,laurier pembalut,laurier super slim guard day cm s pembalut twinpack,laurier slim guard day pembalut twinpack,laurier slim guard day balut twinpack,9.0,6.0,3.0,33.3
Shopee,Pro Hamil Test Onemed Tes Hamil Onemed Tes Kehamilan Tes Hamil Pro Onemed hCG Urine Strip Test Pregnancy Test Strip Onemed,tes hamil onemed,pro hamil test onemed tes hamil onemed tes kehamilan tes hamil pro onemed hcg urine strip test pregnancy test strip onemed,pro hamil test onemed tes hamil onemed tes kehamilan tes hamil pro onemed hcg urine strip test pregnancy test strip onemed,pro hamil test onemed tes hamil onemed tes hamil tes hamil pro onemed hcg urine strip test pregnancy test strip onemed,21.0,21.0,0.0,0.0
Shopee,HCG Preganancy Test Hamil Strip GP Care / Alat Tes Kehamilan,hcg pregnancy test,hcg preganancy test hamil strip gp care alat tes kehamilan,hcg preganancy test hamil strip gp care alat tes kehamilan,hcg preganancy test hamil strip gp care alat tes hamil,11.0,10.0,1.0,9.1
Shopee,Tulip Facial Tissue 1Kg / Tisu Wajah 1000gr,tulip facial tissue,tulip facial tissue kg tisu wajah gr,tulip facial tissue tisu wajah,tulip facial tissue tisu wajah,8.0,5.0,3.0,37.5
Shopee,Andalan Pregnancy Test Alat Tes Hamil Kehamilan Kesuburan,andalan pregnancy test,andalan pregnancy test alat tes hamil kehamilan kesuburan,andalan pregnancy test alat tes hamil kehamilan kesuburan,andal pregnancy test alat tes hamil hamil subur,8.0,8.0,0.0,0.0
Shopee,Softex Celana Menstruasi All Size 2s x 3 Pack - Pembalut Celana - Spesial Bulan Ungu,softex celana menstruasi,softex celana menstruasi all size s x pack pembalut celana spesial bulan ungu,softex celana menstruasi pembalut celana,softex celana menstruasi balut celana,16.0,5.0,11.0,68.8
Shopee,(SKR) GROSIR 1 Strip test LH Ovulation Pink / Ovulasi masa subur / Tes Kesuburan / Baby ovutest / Fertility Strip,strip test lh ovulasi,skr grosir strip test lh ovulation pink ovulasi masa subur tes kesuburan baby ovutest fertility strip,skr strip test lh ovulation pink ovulasi tes kesuburan baby ovutest fertility strip,skr strip test lh ovulation pink ovulasi tes subur baby ovutest fertility strip,21.0,13.0,8.0,38.1
Shopee,TEST HAMIL ONEMED / TESPACK / ALAT TES HAMIL,tespack alat tes hamil,test hamil onemed tespack alat tes hamil,test hamil onemed tespack alat tes hamil,test hamil onemed tespack alat tes hamil,9.0,7.0,2.0,22.2
Shopee,Softex Daun Sirih + Vitamin E 3in1 16s x 2 Pack - Pembalut Daun Sirih,softex daun sirih + vitamin e,softex daun sirih vitamin e in s x pack pembalut daun sirih,softex daun sirih vitamin in pembalut daun sirih,softex daun sirih vitamin in balut daun sirih,15.0,8.0,7.0,46.7
Shopee,Softex Maternity Isi 10 & 20bh Panjang 45cm / Pembalut Ibu Bersalin,softex maternity pembalut,softex maternity isi bh panjang cm pembalut ibu bersalin,softex maternity bh pembalut bersalin,softex maternity bh balut salin,12.0,5.0,7.0,58.3
Shopee,OneMed Test Kehamilan Instan (Ecer),onemed test kehamilan,onemed test kehamilan instan ecer,onemed test kehamilan,onemed test hamil,5.0,3.0,2.0,40.0
Shopee,Sepet Arum Bubuk Cebok Wasiat Ratu/Sepet Arum Bubuk Cebok Wangi Eceran 1 Sachet,sepet arum bubuk cebok,sepet arum bubuk cebok wasiat ratusepet arum bubuk cebok wangi eceran sachet,arum bubuk cebok wasiat ratusepet arum bubuk cebok eceran,arum bubuk cebok wasiat ratusepet arum bubuk cebok ecer,13.0,9.0,4.0,30.8
Shopee,PENGENCANG PAYUDARA Dr.Susan Beauty Breast Cream SECARA ALAMI,penencang payudara dr susan beauty breast cream,pengencang payudara drsusan beauty breast cream secara alami,pengencang payudara drsusan beauty breast cream,encang payudara drsusan beauty breast cream,8.0,6.0,2.0,25.0
Shopee,Test kehamilan instan onemed dan STERIL per (Box),test kehamilan instan onemed,test kehamilan instan onemed dan steril per box,test kehamilan onemed,test hamil onemed,8.0,3.0,5.0,62.5
Shopee,Tes Masa Subur Ovulation LH Strip Ovulasi Ovutest,ovulation lh strip,tes masa subur ovulation lh strip ovulasi ovutest,tes ovulation lh strip ovulasi ovutest,tes ovulation lh strip ovulasi ovutest,8.0,6.0,2.0,25.0
Shopee,Softex Maternity Breast Pad 50 Pads,softex maternity breast pad,softex maternity breast pad pads,softex maternity breast pad pads,softex maternity breast pad pads,6.0,5.0,1.0,16.7
Shopee,Menspad Nadnad Pembalut Kain Cuci Ulang Murah / Menstrual Pad Pembalut Wanita [ Bunda Altaf ],menspad pembalut,menspad nadnad pembalut kain cuci ulang murah menstrual pad pembalut wanita bunda altaf,menspad nadnad pembalut kain ulang menstrual pad pembalut bunda altaf,menspad nadnad balut kain ulang menstrual pad balut bunda altaf,16.0,10.0,6.0,37.5
Shopee,Laurier Healthy Skin Pembalut Wanita Night Irritation Free 30cm Wing Cegah Iritasi Dengan Permukaan Breathable 3D Bergelombang Isi 8 Buah Twin Pack,laurier pembalut,laurier healthy skin pembalut wanita night irritation free cm wing cegah iritasi dengan permukaan breathable d bergelombang isi buah twin pack,laurier healthy skin pembalut night irritation wing cegah iritasi permukaan breathable bergelombang twin,laurier healthy skin balut night irritation wing cegah iritasi muka breathable gelombang twin,22.0,13.0,9.0,40.9
Shopee,TES OVULASI (LH) OVULATION TEST STRIP ALAT TES MASA SUBUR GROSIR PINK OVUTEST PROMIL,tes ovulasi,tes ovulasi lh ovulation test strip alat tes masa subur grosir pink ovutest promil,tes ovulasi lh ovulation test strip alat tes pink ovutest promil,tes ovulasi lh ovulation test strip alat tes pink ovutest promil,14.0,11.0,3.0,21.4
Shopee,Charm Long & Wide Pantyliner Absorbent Fit Breathable Non Perfumed 40 Pads - 3 Packs,charm pantyliner,charm long wide pantyliner absorbent fit breathable non perfumed pads packs,charm long wide pantyliner absorbent breathable non perfumed pads packs,charm long wide pantyliner absorbent breathable non perfumed pads packs,15.0,10.0,5.0,33.3
Shopee,Menspad Pembalut Kain Wanita Cuci Ulang Murah Ayya,menspad pembalut,menspad pembalut kain wanita cuci ulang murah ayya,menspad pembalut kain ulang ayya,menspad balut kain ulang ayya,8.0,5.0,3.0,37.5
Shopee,Softex Maternity 45cm 20s x 2 Pack - Pembalut Bersalin dan Nifas,softex maternity pembalut,softex maternity cm s x pack pembalut bersalin dan nifas,softex maternity pembalut bersalin nifas,softex maternity balut salin nifas,12.0,5.0,7.0,58.3
Shopee,Softex Comfort Night 42cm 8 pads - Pembalut Malam - Spesial Bulan Ungu,softex comfort night,softex comfort night cm pads pembalut malam spesial bulan ungu,softex comfort night pads pembalut malam,softex comfort night pads balut malam,13.0,6.0,7.0,53.8
Shopee,Softex Beary Cool Night 29cm 10s,softex beary cool,softex beary cool night cm s,softex beary cool night,softex beary cool night,6.0,4.0,2.0,33.3
Shopee,YOONA Day Pads | 10's - 24.5cm / Pembalut Organik / Organic Pads,yoono day pads,yoona day pads s cm pembalut organik organic pads,yoona day pads pembalut organic pads,yoona day pads balut organic pads,13.0,6.0,7.0,53.8
Shopee,Wish Premium Manjakani dr Boyke 125ml - Sabun Kewanitaan Sirih + Manjakani Pembersih Area Kewanitaan Herbal,wish premium manjakani,wish premium manjakani dr boyke ml sabun kewanitaan sirih manjakani pembersih area kewanitaan herbal,wish manjakani dr boyke kewanitaan sirih manjakani pembersih area kewanitaan herbal,wish manjakani dr boyke wanita sirih manjakani bersih area wanita herbal,16.0,11.0,5.0,31.2
Shopee,"Herbilogy Women's Care Capsule - Suplemen Herbal Atasi Bau, Gatal dan Becek pada area kewanitaan",herbilogy women's care capsule,herbilogy womens care capsule suplemen herbal atasi bau gatal dan becek pada area kewanitaan,herbilogy womens care capsule suplemen herbal atasi bau area kewanitaan,herbilogy womens care capsule suplemen herbal atas bau area wanita,15.0,10.0,5.0,33.3
Shopee,TES MASA KESUBURAN WANITA PINK ONEHEALTH,tes masa kesuburan wanita,tes masa kesuburan wanita pink onehealth,tes kesuburan pink onehealth,tes subur pink onehealth,6.0,4.0,2.0,33.3
Shopee,NCX Crystal X ORI Cristal X ASLI Kristal X NASA Asli Original Nasa Perawatan Masalah Kewanitaan Terlaris Dan Terbaik,crystal x,ncx crystal x ori cristal x asli kristal x nasa asli original nasa perawatan masalah kewanitaan terlaris dan terbaik,ncx crystal cristal kristal nasa nasa perawatan kewanitaan terbaik,ncx crystal cristal kristal nasa nasa awat wanita baik,19.0,9.0,10.0,52.6
Shopee,Tes Kehamilan / Tes Hamil / Test Kehamilan ECERAN / Test Pack Onemed ECERAN / Tes Kehamilan / Tes kehamilan Onemed / Testpack OneMed / TES HAMIL / ECERAN,tes kehamilan,tes kehamilan tes hamil test kehamilan eceran test pack onemed eceran tes kehamilan tes kehamilan onemed testpack onemed tes hamil eceran,tes kehamilan tes hamil test kehamilan eceran test onemed eceran tes kehamilan tes kehamilan onemed testpack onemed tes hamil eceran,tes hamil tes hamil test hamil ecer test onemed ecer tes hamil tes hamil onemed testpack onemed tes hamil ecer,29.0,20.0,9.0,31.0
Shopee,XPRESS ! Onemed Tes Kehamilan Testpack Akurat dan Sensitif Steril One med Tespek HCG Alat Cek Hamil Pv,onemed tes kehamilan,xpress onemed tes kehamilan testpack akurat dan sensitif steril one med tespek hcg alat cek hamil pv,xpress onemed tes kehamilan testpack one med tespek hcg alat cek hamil pv,xpress onemed tes hamil testpack one med tespek hcg alat cek hamil pv,18.0,13.0,5.0,27.8
Shopee,Ovulation Test / Ovulasi Masa Subur / Testpack Kesuburan Promil / Baby Test / LH Ovutest Strip see,ovulasi test,ovulation test ovulasi masa subur testpack kesuburan promil baby test lh ovutest strip see,ovulation test ovulasi testpack kesuburan promil baby test lh ovutest strip see,ovulation test ovulasi testpack subur promil baby test lh ovutest strip see,18.0,12.0,6.0,33.3
Shopee,Ovulation LH Test Strip / Tes Ovulasi Masa Subur Ovutest Tespack Promil Kesuburan Tespek Program Hamil,ovulation lh test strip,ovulation lh test strip tes ovulasi masa subur ovutest tespack promil kesuburan tespek program hamil,ovulation lh test strip tes ovulasi ovutest tespack promil kesuburan tespek program hamil,ovulation lh test strip tes ovulasi ovutest tespack promil subur tespek program hamil,16.0,13.0,3.0,18.8
Shopee,TESTPACK ONEMED PER PCS ECER,onemed,testpack onemed per pcs ecer,testpack onemed,testpack onemed,5.0,2.0,3.0,60.0
Shopee,Terompet Ear Candle Indian Lilin Pembersih Telinga Aromaterapi kuping Ala India Akura Kuno api,terompet ear candle,terompet ear candle indian lilin pembersih telinga aromaterapi kuping ala india akura kuno api,terompet ear candle indian lilin pembersih telinga aromaterapi kuping ala india akura api,terompet ear candle indian lilin bersih telinga aromaterapi kuping ala india akura api,14.0,13.0,1.0,7.1
Shopee,Test pack hamil 10Miu ULTRAONE Tes kehamilan,ultraone tes kehamilan,test pack hamil miu ultraone tes kehamilan,test hamil miu ultraone tes kehamilan,test hamil miu ultraone tes hamil,7.0,6.0,1.0,14.3
Shopee,avail day use,avail day use,avail day use,avail day use,avail day use,3.0,3.0,0.0,0.0
Shopee,Ovulation test (UNGU) Ovulasi wanita Tes Masa subur Ovulation /LH test strip,ovulation test,ovulation test ungu ovulasi wanita tes masa subur ovulation lh test strip,ovulation test ovulasi tes ovulation lh test strip,ovulation test ovulasi tes ovulation lh test strip,12.0,8.0,4.0,33.3
Shopee,Jamu Pil Sepat Keset Rapet Sabdo Palon Herbal,jamu pil sepat keset rapet sabdo palon,jamu pil sepat keset rapet sabdo palon herbal,jamu pil keset rapet sabdo palon herbal,jamu pil keset rapet sabdo palon herbal,8.0,7.0,1.0,12.5
Shopee,Softex Celana Menstruasi All Size 2s x 5 Pack - Pembalut Celana - Spesial Bulan Ungu,softex celana menstruasi,softex celana menstruasi all size s x pack pembalut celana spesial bulan ungu,softex celana menstruasi pembalut celana,softex celana menstruasi balut celana,16.0,5.0,11.0,68.8
Shopee,Ovulation LH Test Strip Tes Masa Subur Kesuburan Wanita Ovutest Fertitest,ovulation lh test strip,ovulation lh test strip tes masa subur kesuburan wanita ovutest fertitest,ovulation lh test strip tes kesuburan ovutest fertitest,ovulation lh test strip tes subur ovutest fertitest,11.0,8.0,3.0,27.3
Shopee,SENSITIF COMPACT Testpack Test pack Tes hamil test kehamilan PRIVASI AMAN Test Pack Bagus Ori Sensitif Compact Sekali Pakai Alat Test test Kehamilan,testpack tes hamil test kehamilan,sensitif compact testpack test pack tes hamil test kehamilan privasi aman test pack bagus ori sensitif compact sekali pakai alat test test kehamilan,compact testpack test tes hamil test kehamilan privasi test bagus compact pakai alat test test kehamilan,compact testpack test tes hamil test hamil privasi test bagus compact pakai alat test test hamil,23.0,16.0,7.0,30.4
Shopee,SABUN GIOVAN WOMEN (MERAH) KEMASAN BARU / SABUN KEWANITAAN,giovan sabun kewanitaan,sabun giovan women merah kemasan baru sabun kewanitaan,giovan women kewanitaan,giovan women wanita,9.0,3.0,6.0,66.7
Shopee,AMPUUH!! MANJAKANI SR12 / MERAPATKAN DAN MENGHILANGKAN KEPUTIHAN DAN NYERI HAID - PROGRAM HAMIL,ampuuh manjakani,ampuuh manjakani sr merapatkan dan menghilangkan keputihan dan nyeri haid program hamil,ampuuh manjakani sr merapatkan menghilangkan keputihan nyeri haid program hamil,ampuuh manjakani sr rapat hilang putih nyeri haid program hamil,14.0,10.0,4.0,28.6
Shopee,Kondom Fiesta Aneka Rasa Buah Isi 3pc Aroma Mewah,kondom fiesta,kondom fiesta aneka rasa buah isi pc aroma mewah,kondom fiesta aneka aroma,kondom fiesta aneka aroma,9.0,4.0,5.0,55.6
Shopee,Kondom Sutra ISI 3- Merah - Gerigi Biru - Plus Abu-Abu,kondom sutra,kondom sutra isi merah gerigi biru plus abuabu,kondom sutra gerigi abuabu,kondom sutra gerigi abuabu,11.0,4.0,7.0,63.6
Shopee,Kondom Andalan Isi 12pc Lateks Alami Transparan,kondom lateks,kondom andalan isi pc lateks alami transparan,kondom andalan lateks,kondom andal lateks,7.0,3.0,4.0,57.1
Shopee,Kondom Sutra Isi 3 / Isi 12 / Isi 24 Varian Merah / OK Hitam / Gerigi / Plus,kondom sutra,kondom sutra isi isi isi varian merah ok hitam gerigi plus,kondom sutra varian ok gerigi,kondom sutra varian ok gerigi,19.0,5.0,14.0,73.7
Shopee,K4PSL//BLACK PRIA D3WASA HARMONY HERBAL,k4psl black harmony herbal,kpslblack pria dwasa harmony herbal,kpslblack dwasa harmony herbal,kpslblack dwasa harmony herbal,5.0,4.0,1.0,20.0
Shopee,Kapsul Tempur Kuat Tahan Lama Jamu Herbal Original,kapsul tempur,kapsul tempur kuat tahan lama jamu herbal original,kapsul tempur tahan jamu herbal,kapsul tempur tahan jamu herbal,8.0,5.0,3.0,37.5
Shopee,Best - Madu Herbal Alami ST10X – Stamina & Kebugaran Pria – Original 60 ml,madu herbal,best madu herbal alami stx – stamina kebugaran pria – original ml,madu herbal stx stamina kebugaran,madu herbal stx stamina bugar,15.0,5.0,10.0,66.7
Shopee,Magic Power Hitam 1 Box 6 Sachet 1 Box Tissue Magic Privasi Pasti Aman Tisu,magic power hitam,magic power hitam box sachet box tissue magic privasi pasti aman tisu,magic power tissue magic privasi tisu,magic power tissue magic privasi tisu,15.0,6.0,9.0,60.0
Shopee,Kondom Fiesta Delay Isi 3 Pcs,kondom fiesta delay,kondom fiesta delay isi pcs,kondom fiesta delay,kondom fiesta delay,6.0,3.0,3.0,50.0
Shopee,Kondom Sutra Merah Classic Econopack,kondom sutra merah,kondom sutra merah classic econopack,kondom sutra classic econopack,kondom sutra classic econopack,5.0,4.0,1.0,20.0
Shopee,Kondom Andalan Isi 12,kondom andalan,kondom andalan isi,kondom andalan,kondom andal,4.0,2.0,2.0,50.0
Shopee,Kondom Andalan Berulir Alat Kontrapsesi Keluarga Berencana KB,kondom andalan,kondom andalan berulir alat kontrapsesi keluarga berencana kb,kondom andalan berulir alat kontrapsesi keluarga berencana kb,kondom andal ulir alat kontrapsesi keluarga rencana kb,8.0,8.0,0.0,0.0
Shopee,"Kondom Sutra Merah Classic 3 Pcs + 1 Pcs | Kondom Tipis, Murah, Anti Bocor, Kemasan Rahasia | Sofit",kondom sutra merah classic,kondom sutra merah classic pcs pcs kondom tipis murah anti bocor kemasan rahasia sofit,kondom sutra classic kondom anti bocor sofit,kondom sutra classic kondom anti bocor sofit,19.0,7.0,12.0,63.2
Shopee,Kondom Andalan Isi 12 Bertekstur Bergerigi Berulir Beraroma Original | MEDICURE SBY,kondom andalan,kondom andalan isi bertekstur bergerigi berulir beraroma original medicure sby,kondom andalan bertekstur berulir beraroma medicure sby,kondom andal tekstur ulir aroma medicure sby,12.0,7.0,5.0,41.7
Shopee,Kondom Premium - Kondom 001 Efek Prang Sang Climax Berduri Bergerigi Tipis,kondom premium,kondom premium kondom efek prang sang climax berduri bergerigi tipis,kondom kondom efek prang sang climax berduri,kondom kondom efek prang sang climax dur,12.0,7.0,5.0,41.7
Shopee,Kondom Sutra / Sutra Condom OK / GERIGI / PLUS / CLASSIC MERAH ALL VARIANT,sutra kondom,kondom sutra sutra condom ok gerigi plus classic merah all variant,kondom sutra sutra condom ok gerigi classic,kondom sutra sutra condom ok gerigi classic,15.0,7.0,8.0,53.3
Shopee,Kondom Sutra Merah (Isi 3),kondom sutra merah,kondom sutra merah isi,kondom sutra,kondom sutra,5.0,2.0,3.0,60.0
Shopee,[ DIKEMAS RAHASIA ] Sutra Merah Classic Isi 3 + 1 Pcs Econopack / Kondom Tipis Standar Internasional,sutra merah classic,dikemas rahasia sutra merah classic isi pcs econopack kondom tipis standar internasional,dikemas sutra classic econopack kondom internasional,kemas sutra classic econopack kondom internasional,18.0,6.0,12.0,66.7
Shopee,Kapsl Hitam Stamina Pria Dijamin Keras Dan Tahan Lama / Obat Kuat,kapsl hitam stamina pria,kapsl hitam stamina pria dijamin keras dan tahan lama obat kuat,kapsl stamina dijamin tahan obat,kapsl stamina jamin tahan obat,12.0,5.0,7.0,58.3
Shopee,DI JAMIN KU4T BERJ4M-JAM (ISI 4KPSL) MADU HITAM HARMONY,ku4t,di jamin kut berjmjam isi kpsl madu hitam harmony,jamin kut berjmjam kpsl madu harmony,jamin kut berjmjam kpsl madu harmony,9.0,6.0,3.0,33.3
Shopee,Sutra Lubricant Gel 30ml 50ml 120ml Lembut Aman,sutra lubricant gel,sutra lubricant gel ml ml ml lembut aman,sutra lubricant gel,sutra lubricant gel,8.0,3.0,5.0,62.5
Shopee,Magic maxx isi 8 sachet khusus pria,magic maxx,magic maxx isi sachet khusus pria,magic maxx,magic maxx,7.0,2.0,5.0,71.4
Shopee,"Sutra 003 2s - Kondom Super Tipis, Serasa Gak Pake. Tetap Aman dan Nikmat",sutra kondom,sutra s kondom super tipis serasa gak pake tetap aman dan nikmat,sutra kondom serasa gak pake nikmat,sutra kondom serasa gak pake nikmat,14.0,6.0,8.0,57.1
Shopee,Kondom Tipis - Sutra Kondom 003 - 2 Pcs,kondom sutra,kondom tipis sutra kondom pcs,kondom sutra kondom,kondom sutra kondom,9.0,3.0,6.0,66.7
Shopee,Kondom Paling Tipis - Mirai Kondom Big Dots - 3 Pcs,mirai kondom,kondom paling tipis mirai kondom big dots pcs,kondom mirai kondom big dots,kondom mirai kondom big dots,11.0,5.0,6.0,54.5
Shopee,KAPSUL MERAH JAMU KUAT TAHAN LAMA JOS,kapsul jos,kapsul merah jamu kuat tahan lama jos,kapsul jamu tahan jos,kapsul jamu tahan jos,7.0,4.0,3.0,42.9
Shopee,Sutra Lubricant - Pelumas / Lubrikan / Pelicin,sutra lubricant,sutra lubricant pelumas lubrikan pelicin,sutra lubricant pelumas lubrikan pelicin,sutra lubricant lumas lubrikan licin,8.0,5.0,3.0,37.5
Shopee,stud putih stud 007 termurah original no abal abal,stud putih,stud putih stud termurah original no abal abal,stud stud no abal abal,stud stud no abal abal,9.0,5.0,4.0,44.4
Shopee,Tissue / Tisu Super Power Magic Man 1 Kotak Isi 6,tissue super power magic man,tissue tisu super power magic man kotak isi,tissue tisu power magic man,tissue tisu power magic man,11.0,5.0,6.0,54.5
Shopee,Durex Play Lubricant Intimate Lube Pelumas 50 mL,durex play lubricant,durex play lubricant intimate lube pelumas ml,durex play lubricant intimate lube pelumas,durex play lubricant intimate lube lumas,8.0,6.0,2.0,25.0
Shopee,Kondom Fiesta Ultra Thin,kondom fiesta,kondom fiesta ultra thin,kondom fiesta thin,kondom fiesta thin,4.0,3.0,1.0,25.0
Shopee,Kondom Mirai Big Dots 3 Pcs - Tekstur Berbintik Lebih Besar dan Lebar,kondom mirai,kondom mirai big dots pcs tekstur berbintik lebih besar dan lebar,kondom mirai big dots tekstur berbintik,kondom mirai big dots tekstur bintik,13.0,6.0,7.0,53.8
Shopee,(KERAHASIAAN TERJAGA) MAGIC POWER ORIGINAL || TISU MAGIC POWER,magic power,kerahasiaan terjaga magic power original tisu magic power,kerahasiaan terjaga magic power tisu magic power,rahasia jaga magic power tisu magic power,9.0,7.0,2.0,22.2
Shopee,Minyak Oles pembesar Kelaminn Laki Laki Intimate Blue Gel For Men Minyak Mr P,minyak pembesar kelaminn,minyak oles pembesar kelaminn laki laki intimate blue gel for men minyak mr p,minyak oles pembesar kelaminn intimate blue gel for men minyak mr,minyak oles besar kelaminn intimate blue gel for men minyak mr,14.0,11.0,3.0,21.4
Shopee,Andalan Condom 12s / Kondom Andalan Isi 12,andalan kondom,andalan condom s kondom andalan isi,andalan condom kondom andalan,andal condom kondom andal,8.0,4.0,4.0,50.0
Shopee,Kondom Rasa - Fiesta Kondom Watermelon Sugar - 3 Pcs - Kondom Tipis,kondom rasa fiesta,kondom rasa fiesta kondom watermelon sugar pcs kondom tipis,kondom fiesta kondom watermelon sugar kondom,kondom fiesta kondom watermelon sugar kondom,13.0,6.0,7.0,53.8
Shopee,Tisu Magic Original - isi 6 - Tissue Magic Power,tisu magic,tisu magic original isi tissue magic power,tisu magic tissue magic power,tisu magic tissue magic power,10.0,5.0,5.0,50.0
Shopee,XT Spray Minyak pijat 0bat herbal Relaksasi Tubuh Atasi ezjakulasi dan bisa Kuat TahanLama,xt spray minyak pijat,xt spray minyak pijat bat herbal relaksasi tubuh atasi ezjakulasi dan bisa kuat tahanlama,xt spray minyak pijat bat herbal relaksasi tubuh atasi ezjakulasi tahanlama,xt spray minyak pijat bat herbal relaksasi tubuh atas ezjakulasi tahanlama,14.0,11.0,3.0,21.4
Shopee,Tisu Magic Crimson Desire isi 6 Sachet Tisu Pria Tahan lama,tisu magic crimson desire,tisu magic crimson desire isi sachet tisu pria tahan lama,tisu magic crimson desire tisu tahan,tisu magic crimson desire tisu tahan,11.0,6.0,5.0,45.5
Shopee,Kondom Gerigi Varian Terlengkap Super Tipis 001 Sensasi Ice - Bisa Cod Pengiriman Instant,kondom gerigi,kondom gerigi varian terlengkap super tipis sensasi ice bisa cod pengiriman instant,kondom gerigi varian terlengkap sensasi ice pengiriman instant,kondom gerigi varian lengkap sensasi ice kirim instant,14.0,8.0,6.0,42.9
Shopee,HORN by Dr. Boyke - 1 Sachet Suplemen Cokelat Serbuk Stamina Pria,horn by dr. boyke,horn by dr boyke sachet suplemen cokelat serbuk stamina pria,horn by dr boyke suplemen serbuk stamina,horn by dr boyke suplemen serbuk stamina,12.0,7.0,5.0,41.7
Shopee,"Andalan Kondom Isi 12 - Kondom Anti Bocor, Transparan, Berkontur, Berbintil, Berulir dan Beraroma",andalan kondom,andalan kondom isi kondom anti bocor transparan berkontur berbintil berulir dan beraroma,andalan kondom kondom anti bocor berkontur berbintil berulir beraroma,andal kondom kondom anti bocor kontur bintil ulir aroma,14.0,9.0,5.0,35.7
Shopee,Tisu Magic All Varian / Sutra Tisu Plus / Magic Power / Crimson / Black Parade / Lovers / Casanova / Gold,tisu magic all,tisu magic all varian sutra tisu plus magic power crimson black parade lovers casanova gold,tisu magic varian sutra tisu magic power crimson black parade lovers casanova gold,tisu magic varian sutra tisu magic power crimson black parade lovers casanova gold,22.0,13.0,9.0,40.9
Shopee,XPRESS ! 12 24 Sutra Merah Sutra Ok Hitam Gerigi Biru Plus RM Lubrikan Kondom Pelumas Pv,xpress sutra merah sutra ok hitam gerigi biru plus rm lubrikan,xpress sutra merah sutra ok hitam gerigi biru plus rm lubrikan kondom pelumas pv,xpress sutra sutra ok gerigi rm lubrikan kondom pelumas pv,xpress sutra sutra ok gerigi rm lubrikan kondom lumas pv,17.0,10.0,7.0,41.2
Shopee,Kondom Sutra Hitam OK Isi 3 Tahan Lama,kondom sutra,kondom sutra hitam ok isi tahan lama,kondom sutra ok tahan,kondom sutra ok tahan,8.0,4.0,4.0,50.0
Shopee,Kondom Fiesta Berbagai Rasa,kondom fiesta,kondom fiesta berbagai rasa,kondom fiesta,kondom fiesta,4.0,2.0,2.0,50.0
Shopee,Tangkur Madu 100% Original,tangkur madu,tangkur madu original,tangkur madu,tangkur madu,4.0,2.0,2.0,50.0
Shopee,Condom Dotted 001 - Kondom Gerigi Premium - Privasi Aman Terjaga,kondom gerigi,condom dotted kondom gerigi premium privasi aman terjaga,condom dotted kondom gerigi privasi terjaga,condom dotted kondom gerigi privasi jaga,11.0,6.0,5.0,45.5
Shopee,Durex Play Feel Pelumas Gel Seks Pria & Wanita 100ml Bottle - Lubricant Water Based Sex Lube,durex play feel pelumas,durex play feel pelumas gel seks pria wanita ml bottle lubricant water based sex lube,durex play feel pelumas gel seks bottle lubricant water based sex lube,durex play feel lumas gel seks bottle lubricant water based sex lube,17.0,12.0,5.0,29.4
Shopee,G-MAX Minuman Kopi Stamina pria Extra Gingseng Tahan lama 10 sachet BPOM Original,g-max kopi stamina,gmax minuman kopi stamina pria extra gingseng tahan lama sachet bpom original,gmax minuman kopi stamina extra gingseng tahan bpom,gmax minum kopi stamina extra gingseng tahan bpom,13.0,8.0,5.0,38.5
Shopee,BLUE Minyak Pijat INTIMATE SPECIAL serum Pembesar & Perawatan Pria 50 ML,blue minyak pijat serum pembesar,blue minyak pijat intimate special serum pembesar perawatan pria ml,blue minyak pijat intimate special serum pembesar perawatan,blue minyak pijat intimate special serum besar awat,12.0,8.0,4.0,33.3
Shopee,Lubricant Sutra - 50 mL - Gel Pelumas Ms V,lubricant sutra,lubricant sutra ml gel pelumas ms v,lubricant sutra gel pelumas ms,lubricant sutra gel lumas ms,10.0,5.0,5.0,50.0
Shopee,Lubricant Sutra 50 ml - Pelicin - Gel - pelumas,lubricant sutra,lubricant sutra ml pelicin gel pelumas,lubricant sutra pelicin gel pelumas,lubricant sutra licin gel lumas,10.0,5.0,5.0,50.0
Shopee,XPRESS ! Isi 3 Sutra Kondom merah hitam plus rm gerigi biru ok Pv,xpress kondom,xpress isi sutra kondom merah hitam plus rm gerigi biru ok pv,xpress sutra kondom rm gerigi ok pv,xpress sutra kondom rm gerigi ok pv,14.0,7.0,7.0,50.0
Shopee,Verba Luve Original Human Lubricant Pereda Nyeri Perih Miss V,verba luve original human lubricant,verba luve original human lubricant pereda nyeri perih miss v,verba luve human lubricant pereda nyeri miss,verba luve human lubricant reda nyeri miss,10.0,7.0,3.0,30.0
Shopee,Tissue Megic / Tisu Super Magic Power 1 kotak isi 6,tissue megic,tissue megic tisu super magic power kotak isi,tissue megic tisu magic power,tissue megic tisu magic power,11.0,5.0,6.0,54.5
Shopee,MINYAK LINTAH HITAM PAPUA ASLI 100% ORIGINAL MINYAK PEMBESAR PRIA LINTAH PAPUA ASLI ORIGINAL 100%,minyak lintah papua,minyak lintah hitam papua asli original minyak pembesar pria lintah papua asli original,minyak lintah papua minyak pembesar lintah papua,minyak lintah papua minyak besar lintah papua,15.0,7.0,8.0,53.3
Shopee,Loveles - Loveless Moisturizing Gel Asli Original 100%,loveless moisturizing gel,loveles loveless moisturizing gel asli original,loveles loveless moisturizing gel,loveles loveless moisturizing gel,8.0,4.0,4.0,50.0
Shopee,Tisue magic Antiseptic Tisu Antiseptik SUPER MAGIC Man Tissue Magic (6 pcs) Tisu Mejik Megic,tisu magic,tisue magic antiseptic tisu antiseptik super magic man tissue magic pcs tisu mejik megic,tisue magic antiseptic tisu antiseptik magic man tissue magic tisu mejik megic,tisue magic antiseptic tisu antiseptik magic man tissue magic tisu mejik megic,15.0,12.0,3.0,20.0
Shopee,Loveless Mousturizing Gel original,loveless mousturizing gel,loveless mousturizing gel original,loveless mousturizing gel,loveless mousturizing gel,4.0,3.0,1.0,25.0
Shopee,Tissue Super Magic Man (Tisu magic power) SEMUA VARIAN,tissue super magic man,tissue super magic man tisu magic power semua varian,tissue magic man tisu magic power varian,tissue magic man tisu magic power varian,9.0,7.0,2.0,22.2
Shopee,"Durevel Spray 15ml - Herbal Pria Dewasa, Penambah Stamina dan Vitalitas Pria",durevel spray,durevel spray ml herbal pria dewasa penambah stamina dan vitalitas pria,durevel spray herbal penambah stamina vitalitas,durevel spray herbal tambah stamina vitalitas,12.0,6.0,6.0,50.0
Shopee,Kondom Sutra Gerigi isi 12 + 3 Pcs / Condom Biru Bergerigi Econopack Import Standar Internasional,kondom sutra gerigi,kondom sutra gerigi isi pcs condom biru bergerigi econopack import standar internasional,kondom sutra gerigi condom econopack internasional,kondom sutra gerigi condom econopack internasional,16.0,6.0,10.0,62.5
Shopee,Kondom Vivo Extra Sensation isi 3 Pcs - Kondom Gerigi Terbaik,vivo extra sensation,kondom vivo extra sensation isi pcs kondom gerigi terbaik,kondom vivo extra sensation kondom gerigi terbaik,kondom vivo extra sensation kondom gerigi baik,11.0,7.0,4.0,36.4
Shopee,Minyak Urut Obat Pembesar Aset Laki Laki Tahan Lama Original Permanen BPOM,minyak urut aset laki laki,minyak urut obat pembesar aset laki laki tahan lama original permanen bpom,minyak urut obat pembesar aset tahan bpom,minyak urut obat besar aset tahan bpom,12.0,7.0,5.0,41.7
Shopee,Fiesta Max Dotted 12s - Kondom Tekstur Bintil Tambah Sensasi Bercinta,fiesta max kondom,fiesta max dotted s kondom tekstur bintil tambah sensasi bercinta,fiesta max dotted kondom tekstur bintil sensasi bercinta,fiesta max dotted kondom tekstur bintil sensasi cinta,11.0,8.0,3.0,27.3
Shopee,Fiesta Ultra Thin 3s - Kondom Tipis dan Transparan,fiesta kondom,fiesta ultra thin s kondom tipis dan transparan,fiesta thin kondom,fiesta thin kondom,9.0,3.0,6.0,66.7
Shopee,Tissue Magic Power Ice Blast,tissue magic power,tissue magic power ice blast,tissue magic power ice blast,tissue magic power ice blast,5.0,5.0,0.0,0.0
Shopee,Kondom Andalan isi 12pack - Anti Bocor Sesuai Standar Internasional ORI 100%,kondom andalan,kondom andalan isi pack anti bocor sesuai standar internasional ori,kondom andalan anti bocor internasional,kondom andal anti bocor internasional,12.0,5.0,7.0,58.3
Shopee,GMAX - Kopi Gingseng STAMINA PRIA RASA Gula Aren 1 Box isi 10 sachet Original Berkualitas BPOM HALAL,gmax kopi gingseng,gmax kopi gingseng stamina pria rasa gula aren box isi sachet original berkualitas bpom halal,gmax kopi gingseng stamina gula aren bpom,gmax kopi gingseng stamina gula aren bpom,18.0,7.0,11.0,61.1
Shopee,KONDOM SUTRA MERAH ISI 12,kondom sutra,kondom sutra merah isi,kondom sutra,kondom sutra,5.0,2.0,3.0,60.0
Shopee,Sutra Lubricant Gel Sachet 5 ML Lembut Aman,sutra lubricant gel,sutra lubricant gel sachet ml lembut aman,sutra lubricant gel,sutra lubricant gel,8.0,3.0,5.0,62.5
Shopee,Fiesta Performax 3s - Kondom Tahan Lama,fiesta performax kondom,fiesta performax s kondom tahan lama,fiesta performax kondom tahan,fiesta performax kondom tahan,7.0,4.0,3.0,42.9
Shopee,"Kondom Vivo 0,03 isi 3 Pcs - Kondom Tipis Terbaik",kondom vivo,kondom vivo isi pcs kondom tipis terbaik,kondom vivo kondom terbaik,kondom vivo kondom baik,10.0,4.0,6.0,60.0
Shopee,Obat oles Kuat Pria Tahan Lama HERBAL solusi pembesar pria Daun Bungkus Papua,obat oles kuat pria,obat oles kuat pria tahan lama herbal solusi pembesar pria daun bungkus papua,obat oles tahan herbal solusi pembesar daun bungkus papua,obat oles tahan herbal solusi besar daun bungkus papua,13.0,9.0,4.0,30.8
Shopee,Vigel Lubricant Gel - 60 gr - Pelumas Ms V Terbaik,vigel lubricant gel,vigel lubricant gel gr pelumas ms v terbaik,vigel lubricant gel pelumas ms terbaik,vigel lubricant gel lumas ms baik,11.0,6.0,5.0,45.5
Shopee,( TOP 1 ) Madu kuat pria Lebih Tahan Lama 100% Original,madu kuat,top madu kuat pria lebih tahan lama original,madu tahan,madu tahan,12.0,2.0,10.0,83.3
Shopee,TOP1 TERLARIS MADU PENAMBAH STAMINA PRIA TAHAN LAMA MADU LACKY BPOM AMPUH PERMANEN 100%original,madu tahan lama,top terlaris madu penambah stamina pria tahan lama madu lacky bpom ampuh permanen original,madu penambah stamina tahan madu lacky bpom ampuh,madu tambah stamina tahan madu lacky bpom ampuh,14.0,8.0,6.0,42.9
Shopee,VERBAGEL RED 50ml Minyak pijat Pembesar Joni & Penguat Original BPOM 100% Aman,verbagel minyak pijat,verbagel red ml minyak pijat pembesar joni penguat original bpom aman,verbagel red minyak pijat pembesar joni penguat bpom,verbagel red minyak pijat besar joni kuat bpom,13.0,8.0,5.0,38.5
Shopee,Magister Cairan Air Soflens | Air Pembersih cairan softlens Solution 120ml Multi Purpose,soflens solution,magister cairan air soflens air pembersih cairan softlens solution ml multi purpose,magister cairan air soflens air pembersih cairan softlens solution multi purpose,magister cair air soflens air bersih cair softlens solution multi purpose,13.0,11.0,2.0,15.4
Shopee,ICE 60ml Cairan Pembersih Softlens With Pro Vit B5 Serbaguna Expired Maret 2028,ice cairan pembersih softlens,ice ml cairan pembersih softlens with pro vit b serbaguna expired maret,ice cairan pembersih softlens with pro vit expired maret,ice cair bersih softlens with pro vit expired maret,13.0,9.0,4.0,30.8
Shopee,CAIRAN PEMBERSIH AIR SOFTLENS ICE 60 ML / AIR SOFLENS SOFLEN,cairan pembersih air softlens,cairan pembersih air softlens ice ml air soflens soflen,cairan pembersih air softlens ice air soflens soflen,cair bersih air softlens ice air soflens soflen,11.0,8.0,3.0,27.3
Shopee,Spex Symbol Solution SOL-8 60ml,spex symbol solution,spex symbol solution sol ml,spex symbol solution sol,spex symbol solution sol,5.0,4.0,1.0,20.0
Shopee,Tetes Mata X2 15ml Untuk Softlens Nyaman,tetes mata x2,tetes mata x ml untuk softlens nyaman,tetes mata softlens,tetes mata softlens,7.0,3.0,4.0,57.1
Shopee,Cairan Pembersih Softlens X2 60 Ml Original,cairan pembersih softlens x2,cairan pembersih softlens x ml original,cairan pembersih softlens,cair bersih softlens,7.0,3.0,4.0,57.1
Shopee,Cairan Softlens X2 60ml Exp 2027,cairan softlens x2,cairan softlens x ml exp,cairan softlens exp,cair softlens exp,6.0,3.0,3.0,50.0
Shopee,GROSIR (14.000) CAIRAN PEMBERSIH SOFTLENS X2 120ML / X2 COMFORT 120ML,grosir cairan pembersih softlens,grosir cairan pembersih softlens x ml x comfort ml,cairan pembersih softlens comfort,cair bersih softlens comfort,11.0,4.0,7.0,63.6
Shopee,Air Softlens / Cairan Pembersih Softlens SOL 8 60 ML,air softlens,air softlens cairan pembersih softlens sol ml,air softlens cairan pembersih softlens sol,air softlens cair bersih softlens sol,10.0,6.0,4.0,40.0
Shopee,Cairan Softlens Ice 60ml Exp 2028,cairan softlens ice,cairan softlens ice ml exp,cairan softlens ice exp,cair softlens ice exp,6.0,4.0,2.0,33.3
Shopee,Cairan Softlens Ice Multipurpose 60ml/150ml Exoticon,cairan softlens ice,cairan softlens ice multipurpose mlml exoticon,cairan softlens ice multipurpose mlml exoticon,cair softlens ice multipurpose mlml exoticon,6.0,6.0,0.0,0.0
Shopee,"CAIRAN SOFTLENS AQUAS 60 ML , 120 ML/NICELOOK 60ML, 120 ML /SOL8 60 ML",softlens aquas,cairan softlens aquas ml mlnicelook ml ml sol ml,cairan softlens aquas mlnicelook sol,cair softlens aquas mlnicelook sol,14.0,5.0,9.0,64.3
Shopee,"Obat tetes mata15ml Mata kering mata perih mata tersumbat,mata kabur dan bengkak mata kering kemerahan matalelah - Cocok untuk Mata Minus & Katarak",obat tetes mata,obat tetes mataml mata kering mata perih mata tersumbatmata kabur dan bengkak mata kering kemerahan matalelah cocok untuk mata minus katarak,obat tetes mataml mata mata mata tersumbatmata kabur mata kemerahan matalelah mata minus katarak,obat tetes mataml mata mata mata tersumbatmata kabur mata merah matalelah mata minus katarak,23.0,14.0,9.0,39.1
Shopee,X2 COMFORT 60ML,x2 comfort,x comfort ml,comfort,comfort,3.0,1.0,2.0,66.7
Shopee,Cairan Softlens X2 Comfort 60ml Exp 2028 / Air Softlens X2 60ML,cairan softlens x2,cairan softlens x comfort ml exp air softlens x ml,cairan softlens comfort exp air softlens,cair softlens comfort exp air softlens,12.0,6.0,6.0,50.0
Shopee,(HARGA GROSIR) Air Softlens X2 120ml / Cairan Softlens X2 120 ML / X2 Comfort 120ml / Air Pencuci Softlens / Steril / Pembersih Softlens / Soflen / Softlen / Soflens / Coolsoftlens / CSCOOL / 1,softlens,harga grosir air softlens x ml cairan softlens x ml x comfort ml air pencuci softlens steril pembersih softlens soflen softlen soflens coolsoftlens cscool,air softlens cairan softlens comfort air pencuci softlens pembersih softlens soflen softlen soflens coolsoftlens cscool,air softlens cair softlens comfort air cuci softlens bersih softlens soflen softlen soflens coolsoftlens cscool,37.0,15.0,22.0,59.5
Shopee,Cairan Pembersih Softlens X2 Comfort 60 Ml 3 Bulan,cairan pembersih softlens x2 comfort,cairan pembersih softlens x comfort ml bulan,cairan pembersih softlens comfort,cair bersih softlens comfort,9.0,4.0,5.0,55.6
Shopee,NICE LOOK Varian Air Softlens 15ml 60ml 120ml 550ml,nice look softlens,nice look varian air softlens ml ml ml ml,nice look varian air softlens,nice look varian air softlens,9.0,5.0,4.0,44.4
Shopee,❤ BELIA ❤ ICE with Provitamin B5 All-In-1 MultiPurpose Contact Lens Solution 150ml 50ml | Cairan Mata Softlens | Pembersih Kontak Lensa,belia ice contact lens solution,❤ belia ❤ ice with provitamin b allin multipurpose contact lens solution ml ml cairan mata softlens pembersih kontak lensa,ice with provitamin allin multipurpose contact lens solution cairan mata softlens pembersih kontak lensa,ice with provitamin allin multipurpose contact lens solution cair mata softlens bersih kontak lensa,22.0,14.0,8.0,36.4
Shopee,Insto Reguler Eye Drops 7.5 ml,insto eye drops,insto reguler eye drops ml,insto eye drops,insto eye drops,6.0,3.0,3.0,50.0
Shopee,Obat Herbal Mata THM Original Tetes Mata THM Naturaid,obat herbal mata thm,obat herbal mata thm original tetes mata thm naturaid,obat herbal mata thm tetes mata thm naturaid,obat herbal mata thm tetes mata thm naturaid,9.0,8.0,1.0,11.1
Shopee,Cairan Softlens Nicelook 60ml Untuk Lensa Kontak Lunak,cairan softlens nicelook,cairan softlens nicelook ml untuk lensa kontak lunak,cairan softlens nicelook lensa kontak,cair softlens nicelook lensa kontak,8.0,5.0,3.0,37.5
Shopee,Cairan Softlens ICE 60 Ml Multi Purpose Solution,softlens ice,cairan softlens ice ml multi purpose solution,cairan softlens ice multi purpose solution,cair softlens ice multi purpose solution,8.0,6.0,2.0,25.0
Shopee,X2 Sanso + Bio Formula Solution 120 ml,x2 sanso bio formula solution,x sanso bio formula solution ml,sanso bio formula solution,sanso bio formula solution,8.0,4.0,4.0,50.0
Shopee,[COD] Bundling paket 5 / Air softlens 60ml+airdrop 10ml+capitan+lens case+alat pencuci softlens,softlens,cod bundling paket air softlens mlairdrop mlcapitanlens casealat pencuci softlens,bundling air softlens mlairdrop mlcapitanlens casealat pencuci softlens,bundling air softlens mlairdrop mlcapitanlens casealat cuci softlens,12.0,8.0,4.0,33.3
Shopee,TETES MATA NICE LOOK 15 ML,tetes mata,tetes mata nice look ml,tetes mata nice look,tetes mata nice look,6.0,4.0,2.0,33.3
Shopee,EXOTICON - Solution Ice 60Ml,exoticon solution ice,exoticon solution ice ml,exoticon solution ice,exoticon solution ice,5.0,3.0,2.0,40.0
Shopee,Obat Mata Berlemak Kekuningan Penyakit Pterigium Glukoma Katarak Ada Selaput di Bagian Putih Bola Mata Pinguace Lemak Mata Herbal Oil,obat mata pterigium,obat mata berlemak kekuningan penyakit pterigium glukoma katarak ada selaput di bagian putih bola mata pinguace lemak mata herbal oil,obat mata berlemak kekuningan penyakit pterigium glukoma katarak selaput bola mata pinguace lemak mata herbal oil,obat mata lemak kuning sakit pterigium glukoma katarak selaput bola mata pinguace lemak mata herbal oil,20.0,16.0,4.0,20.0
Shopee,TETES MATA FRESHKON 10 ML,tetes mata freshkon,tetes mata freshkon ml,tetes mata freshkon,tetes mata freshkon,5.0,3.0,2.0,40.0
Shopee,"CAIRAN SOFTLENS X2 COMFORT 60 ml & 120 ML, PURE n SOFT 60 ml DAN LAIN-LAIN",cairan softlens,cairan softlens x comfort ml ml pure n soft ml dan lainlain,cairan softlens comfort pure soft lainlain,cair softlens comfort pure soft lainlain,16.0,6.0,10.0,62.5
Shopee,Air Softlens O2 OXYGEN 80ml & 160ml / Cairan Softlens O2 Oxygen 160 ML / Omega O2 Solution 160ml / O2 Oxygen 3+ / Air Pencuci Softlens / Steril / Pembersih Softlens / Soflen / Softlen / Soflens / Coolsoftlens / CSCOOL,softlens o2 oxygen,air softlens o oxygen ml ml cairan softlens o oxygen ml omega o solution ml o oxygen air pencuci softlens steril pembersih softlens soflen softlen soflens coolsoftlens cscool,air softlens oxygen cairan softlens oxygen omega solution oxygen air pencuci softlens pembersih softlens soflen softlen soflens coolsoftlens cscool,air softlens oxygen cair softlens oxygen omega solution oxygen air cuci softlens bersih softlens soflen softlen soflens coolsoftlens cscool,42.0,19.0,23.0,54.8
Shopee,TETES MATA SOFTLENS A+ 10 ML,tetes mata softlens,tetes mata softlens a ml,tetes mata softlens,tetes mata softlens,6.0,3.0,3.0,50.0
Shopee,Ice 60ml Cairan Softlens All-In-One Vitamin B5,softlens vitamin b5,ice ml cairan softlens allinone vitamin b,ice cairan softlens allinone vitamin,ice cair softlens allinone vitamin,7.0,5.0,2.0,28.6
Shopee,(Bisa COD) Tetes Mata X2 Contact For DRY EYES 15mL Moisturizing Comfort HA Hydroloc System Dry eye / BB,tetes mata x2 contact for dry eyes,bisa cod tetes mata x contact for dry eyes ml moisturizing comfort ha hydroloc system dry eye bb,tetes mata contact for dry eyes moisturizing comfort ha hydroloc system dry eye bb,tetes mata contact for dry eyes moisturizing comfort ha hydroloc system dry eye bb,19.0,14.0,5.0,26.3
Shopee,CAIRAN SOFTLENS ICE 60 ML,cairan softlens,cairan softlens ice ml,cairan softlens ice,cair softlens ice,5.0,3.0,2.0,40.0
Shopee,Eyelovin Alat Stik Pasang - Bantu Pasang dan Lepas Softlens,eyelovin alat stik pasang,eyelovin alat stik pasang bantu pasang dan lepas softlens,eyelovin alat stik bantu softlens,eyelovin alat stik bantu softlens,10.0,5.0,5.0,50.0
Shopee,Cairan Pembersih Softlens Ice 150 Ml Serbaguna,cairan pembersih softlens ice,cairan pembersih softlens ice ml serbaguna,cairan pembersih softlens ice,cair bersih softlens ice,7.0,4.0,3.0,42.9
Shopee,Cairan Softlens X2 120 Ml Multi Purpose Solution,cairan softlens x2,cairan softlens x ml multi purpose solution,cairan softlens multi purpose solution,cair softlens multi purpose solution,8.0,5.0,3.0,37.5
Shopee,Tetes Mata Berbagai Jenis 10ml-15ml-8ml,tetes mata,tetes mata berbagai jenis mlmlml,tetes mata jenis mlmlml,tetes mata jenis mlmlml,5.0,4.0,1.0,20.0
Shopee,HARGA GROSIR CAIRAN SOFTLENS NICELOOK 60ML,softlens nice look,harga grosir cairan softlens nicelook ml,cairan softlens nicelook,cair softlens nicelook,6.0,3.0,3.0,50.0
Shopee,Cairan Pembersih Softlens | Air Cuci Softlens X2 60ml Extra Comfort Multi Purpose Solution - Expired April 2028,air cuci softlens,cairan pembersih softlens air cuci softlens x ml extra comfort multi purpose solution expired april,cairan pembersih softlens air softlens extra comfort multi purpose solution expired april,cair bersih softlens air softlens extra comfort multi purpose solution expired april,18.0,12.0,6.0,33.3
Shopee,GROSIR (8200) CAIRAN PEMBERSIH SOFTLENS ICE 60 ML / ICE PROVITAMIN B5 60ML,grosir cairan softlens,grosir cairan pembersih softlens ice ml ice provitamin b ml,cairan pembersih softlens ice ice provitamin,cair bersih softlens ice ice provitamin,13.0,6.0,7.0,53.8
Shopee,Magister Cairan Softlens 120ML Soflens Comfort Air Solution,soflens comfort air solution,magister cairan softlens ml soflens comfort air solution,magister cairan softlens soflens comfort air solution,magister cair softlens soflens comfort air solution,8.0,7.0,1.0,12.5
Shopee,Cairan Softlens X2 120 Ml Perendam Softlens,cairan softlens x2,cairan softlens x ml perendam softlens,cairan softlens perendam softlens,cair softlens rendam softlens,7.0,4.0,3.0,42.9
Shopee,Air Softlens Nice Look 120 ml - Nicelook Cairan Soft Lens 120ml,softlens nice look,air softlens nice look ml nicelook cairan soft lens ml,air softlens nice look nicelook cairan soft lens,air softlens nice look nicelook cair soft lens,12.0,8.0,4.0,33.3
Shopee,TETES MATA X2 CONTACTS 15 ML WITH HA HYDROLOC,tetes mata,tetes mata x contacts ml with ha hydroloc,tetes mata contacts with ha hydroloc,tetes mata contacts with ha hydroloc,9.0,6.0,3.0,33.3
Shopee,CAIRAN SOFTLENS A+ 100ML,cairan softlens a+,cairan softlens a ml,cairan softlens,cair softlens,4.0,2.0,2.0,50.0
Shopee,JUAL SOFTLENS Cairan Softlens Pembersih 60 ml GET FRESH / Sol 8 / Nice Look / Cairan soflens 60 ml / cairan pembersih softlen / cairan pencuci soflen jual softlens jualsoflens jualsoftlen,cairan softlens,jual softlens cairan softlens pembersih ml get fresh sol nice look cairan soflens ml cairan pembersih softlen cairan pencuci soflen jual softlens jualsoflens jualsoftlen,softlens cairan softlens pembersih get fresh sol nice look cairan soflens cairan pembersih softlen cairan pencuci soflen softlens jualsoflens jualsoftlen,softlens cair softlens bersih get fresh sol nice look cair soflens cair bersih softlen cair cuci soflen softlens jualsoflens jualsoftlen,32.0,20.0,12.0,37.5
Shopee,X2 Comfort 60ml Solution Air Softlens Cairan Pencuci Soflen Dan Perendam Soft Lense,x2 comfort,x comfort ml solution air softlens cairan pencuci soflen dan perendam soft lense,comfort solution air softlens cairan pencuci soflen perendam soft lense,comfort solution air softlens cair cuci soflen rendam soft lense,13.0,10.0,3.0,23.1
Shopee,Spex Symbol Solution ICE 60 ml - Cairan Softlens,spex symbol solution,spex symbol solution ice ml cairan softlens,spex symbol solution ice cairan softlens,spex symbol solution ice cair softlens,9.0,6.0,3.0,33.3
Shopee,Cairan Softlens PURIEN REVITA - Solution Softlens 60ml & 150ml,cairan softlens purien revita,cairan softlens purien revita solution softlens ml ml,cairan softlens purien revita solution softlens,cair softlens purien revita solution softlens,10.0,6.0,4.0,40.0
Shopee,X2 Contacts 15 ml Tetes Mata Softlens,x2 contacts,x contacts ml tetes mata softlens,contacts tetes mata softlens,contacts tetes mata softlens,7.0,4.0,3.0,42.9
Shopee,Cendo Cenfresh Minidose Obat Tetes Mata (5x0.6ml),cendo cenfresh minidose obat tetes mata,cendo cenfresh minidose obat tetes mata xml,cendo cenfresh minidose obat tetes mata,cendo cenfresh minidose obat tetes mata,7.0,6.0,1.0,14.3
Shopee,MYSTICEYES Air Softlens 60ML/120ML,mysticeyes air softlens,mysticeyes air softlens mlml,mysticeyes air softlens mlml,mysticeyes air softlens mlml,4.0,4.0,0.0,0.0
Shopee,Cairan Pembersih Softlens X2 Comfort 500 Ml Multifungsi,cairan pembersih softlens x2 comfort,cairan pembersih softlens x comfort ml multifungsi,cairan pembersih softlens comfort,cair bersih softlens comfort,8.0,4.0,4.0,50.0
Shopee,X2 120ml Cairan Pembersih Softlens Extra Comfort Expired April 2028,softlens,x ml cairan pembersih softlens extra comfort expired april,cairan pembersih softlens extra comfort expired april,cair bersih softlens extra comfort expired april,10.0,7.0,3.0,30.0
Shopee,(GROSIR 16.500AN) Tetes Mata x2 Contacts With HA Hydroloc 15ML / Tetes Mata Softlens X2,tetes mata,grosir an tetes mata x contacts with ha hydroloc ml tetes mata softlens x,an tetes mata contacts with ha hydroloc tetes mata softlens,an tetes mata contacts with ha hydroloc tetes mata softlens,15.0,10.0,5.0,33.3
Shopee,Cairan Softlens X2 60ml Untuk Semua Lensa Kontak Lunak,cairan softlens x2,cairan softlens x ml untuk semua lensa kontak lunak,cairan softlens lensa kontak,cair softlens lensa kontak,9.0,4.0,5.0,55.6
Shopee,X2 Comfort Solutions 500 ml,x2 comfort solutions,x comfort solutions ml,comfort solutions,comfort solutions,5.0,2.0,3.0,60.0
Shopee,Tetes Mata Softlens FRESHKON 10 ML / Lens Drop Eye Drop,softlens freshkon,tetes mata softlens freshkon ml lens drop eye drop,tetes mata softlens freshkon lens drop eye drop,tetes mata softlens freshkon lens drop eye drop,11.0,8.0,3.0,27.3
Shopee,Cairan Softlens X2 500mL / X2 Comfort 500 mL / Air Pencuci Softlen,softlens x2,cairan softlens x ml x comfort ml air pencuci softlen,cairan softlens comfort air pencuci softlen,cair softlens comfort air cuci softlen,13.0,6.0,7.0,53.8
Shopee,Trixin cat Tetes mata kucing 10ml,trixin cat tetes mata kucing,trixin cat tetes mata kucing ml,trixin cat tetes mata kucing,trixin cat tetes mata kucing,6.0,5.0,1.0,16.7
Shopee,(COD+AKL) Mysticeyes Contact Lens Care Solution 60ml/120ml Lens Solutions Softlens Softlen Cairan,mysticeyes contact lens care solution,codakl mysticeyes contact lens care solution mlml lens solutions softlens softlen cairan,codakl mysticeyes contact lens care solution mlml lens solutions softlens softlen cairan,codakl mysticeyes contact lens care solution mlml lens solutions softlens softlen cair,12.0,12.0,0.0,0.0
Shopee,{BISA COD} CAIRAN SOFTLENS ICE 60ML [ EXP 09/2028 ] / PROVITAMIN B5 ICE 60 ML,softlens provitamin b5,bisa cod cairan softlens ice ml exp provitamin b ice ml,cairan softlens ice exp provitamin ice,cair softlens ice exp provitamin ice,16.0,6.0,10.0,62.5
Shopee,Freshkon 360ml Multi Purpose Solution Air Softlens Cairan Pembersih Perendam Bilas Softlen Softlense,freshkon softlens,freshkon ml multi purpose solution air softlens cairan pembersih perendam bilas softlen softlense,freshkon multi purpose solution air softlens cairan pembersih perendam bilas softlen softlense,freshkon multi purpose solution air softlens cair bersih rendam bilas softlen softlense,13.0,12.0,1.0,7.7
Shopee,(Bisa COD) Cairan Pembersih Softlens O2 160ml,cairan pembersih softlens o2,bisa cod cairan pembersih softlens o ml,cairan pembersih softlens,cair bersih softlens,7.0,3.0,4.0,57.1
Shopee,Tetes Mata X2 15ml Melembabkan Dan Anti Iritasi,tetes mata x2,tetes mata x ml melembabkan dan anti iritasi,tetes mata melembabkan anti iritasi,tetes mata melembabkan anti iritasi,8.0,5.0,3.0,37.5
Shopee,Cairan Tetes Mata Softlens X2 Contact 15ml Nyaman Dan Lembut,cairan tetes mata softlens x2,cairan tetes mata softlens x contact ml nyaman dan lembut,cairan tetes mata softlens contact,cair tetes mata softlens contact,10.0,5.0,5.0,50.0
Shopee,HARGA TERMURAH free ONGKIR : BRG ASLI TETES MATA X2 15ml [ EXP 2028 ],tetes mata,harga termurah free ongkir brg asli tetes mata x ml exp,brg tetes mata exp,brg tetes mata exp,15.0,4.0,11.0,73.3
Shopee,CAIRAN SOFTLENS NICE LOOK 60ML / CAIRAN PEMBERSIH NICELOOK 60 ML AQUAS,cairan softlens,cairan softlens nice look ml cairan pembersih nicelook ml aquas,cairan softlens nice look cairan pembersih nicelook aquas,cair softlens nice look cair bersih nicelook aquas,12.0,8.0,4.0,33.3
Shopee,CAIRAN PEMBERSIH SOFTLENS X2 120ML,cairan pembersih softlens x2,cairan pembersih softlens x ml,cairan pembersih softlens,cair bersih softlens,5.0,3.0,2.0,40.0
Shopee,Cairan Softlens O2 Oxygen 160 Ml Melembabkan,cairan softlens o2 oxygen,cairan softlens o oxygen ml melembabkan,cairan softlens oxygen melembabkan,cair softlens oxygen melembabkan,7.0,4.0,3.0,42.9
Shopee,"XPRESS ! Insto Tetes Mata 7,5 ml / 15 ml Dry Eyes Tears Moist Sakit Mata Merah Kering",insto tetes mata,xpress insto tetes mata ml ml dry eyes tears moist sakit mata merah kering,xpress insto tetes mata dry eyes tears moist mata,xpress insto tetes mata dry eyes tears moist mata,18.0,9.0,9.0,50.0
Shopee,X2 Contact 15ml Eye Drops Cairan Tetes Mata Soft lens Nyaman Dan Lembut Soflen,x2 contact eye drops,x contact ml eye drops cairan tetes mata soft lens nyaman dan lembut soflen,contact eye drops cairan tetes mata soft lens soflen,contact eye drops cair tetes mata soft lens soflen,14.0,9.0,5.0,35.7
Shopee,Cairan Tetes Mata Softlens Freshkon 10 Ml Nyaman,cairan tetes mata softlens freshkon,cairan tetes mata softlens freshkon ml nyaman,cairan tetes mata softlens freshkon,cair tetes mata softlens freshkon,8.0,5.0,3.0,37.5
Shopee,Freshkon 10ml Eye Drops Tetes Softlens Cairan Soft Lens Air Lensa Kontak Mata Pelembab Soflens,freshkon eye drops,freshkon ml eye drops tetes softlens cairan soft lens air lensa kontak mata pelembab soflens,freshkon eye drops tetes softlens cairan soft lens air lensa kontak mata pelembab soflens,freshkon eye drops tetes softlens cair soft lens air lensa kontak mata pelembab soflens,15.0,14.0,1.0,6.7
Shopee,Cendo Protagenta Minidose 0.6 ml,protagenta minidose,cendo protagenta minidose ml,cendo protagenta minidose,cendo protagenta minidose,5.0,3.0,2.0,40.0
Shopee,Bio True 60ml | Cairan Softlens Multi Purpose Solution,bio true softlens solution,bio true ml cairan softlens multi purpose solution,bio true cairan softlens multi purpose solution,bio true cair softlens multi purpose solution,9.0,7.0,2.0,22.2
Shopee,TETES MATA A+ PLUS BY EXOTICON TETES SOFTLENS SOFLEN,tetes mata a+ plus,tetes mata a plus by exoticon tetes softlens soflen,tetes mata by exoticon tetes softlens soflen,tetes mata by exoticon tetes softlens soflen,9.0,7.0,2.0,22.2
Shopee,[ BARANG ASLI ] SOLUTION X2 120ML ( ED 2028 ),solution x2,barang asli solution x ml ed,barang solution ed,barang solution ed,11.0,3.0,8.0,72.7
Shopee,Cairan Pembersih Softlens X2 120ml Anti Bakteri,cairan pembersih softlens x2,cairan pembersih softlens x ml anti bakteri,cairan pembersih softlens anti bakteri,cair bersih softlens anti bakteri,7.0,5.0,2.0,28.6
Shopee,Cairan pembersih perendam mps softlens nicelook / aquas 60 ml,cairan pembersih perendam mps softlens nicelook,cairan pembersih perendam mps softlens nicelook aquas ml,cairan pembersih perendam mps softlens nicelook aquas,cair bersih rendam mps softlens nicelook aquas,10.0,7.0,3.0,30.0
Shopee,‼️Miss.Vinka‼️ X2 Comfort Cairan Softlens 120ml | Air Pencuci Softlens Kontak Lensa,x2 comfort cairan softlens,‼️missvinka‼️ x comfort cairan softlens ml air pencuci softlens kontak lensa,‼️missvinka‼️ comfort cairan softlens air pencuci softlens kontak lensa,missvinka comfort cair softlens air cuci softlens kontak lensa,12.0,9.0,3.0,25.0
Shopee,Cairan Pembersih Softlens Be Seen 60ml With Oxygen - Expired April 2028,be seen softlens,cairan pembersih softlens be seen ml with oxygen expired april,cairan pembersih softlens be seen with oxygen expired april,cair bersih softlens be seen with oxygen expired april,12.0,9.0,3.0,25.0
Shopee,TETES MATA SOFTLENS A+ 10ml,tetes mata softlens,tetes mata softlens a ml,tetes mata softlens,tetes mata softlens,5.0,3.0,2.0,40.0
Shopee,EYESIGHT LENSES A+ Lubricating & Rewetting Drops 10 ml / Tetes Mata Softlens,eyesight lenses,eyesight lenses a lubricating rewetting drops ml tetes mata softlens,eyesight lenses lubricating rewetting drops tetes mata softlens,eyesight lenses lubricating rewetting drops tetes mata softlens,13.0,8.0,5.0,38.5
Shopee,O2 160ml Cairan Pembersih Softlens Multi Purpose Solution With Oxygen Expired Mei 2029,o2 cairan pembersih softlens,o ml cairan pembersih softlens multi purpose solution with oxygen expired mei,cairan pembersih softlens multi purpose solution with oxygen expired mei,cair bersih softlens multi purpose solution with oxygen expired mei,13.0,10.0,3.0,23.1
Shopee,{BISA COD} CAIRAN SOFTLENS ICE 150ML [ Exp 06/2028 ] / PROVITAMIN B5 ICE 150 ML,softlens provitamin b5,bisa cod cairan softlens ice ml exp provitamin b ice ml,cairan softlens ice exp provitamin ice,cair softlens ice exp provitamin ice,16.0,6.0,10.0,62.5
Shopee,(Bisa COD) Cairan Pembersih Softlens ICE 150ML / Provitamin B5 isi 150 ml,cairan pembersih softlens ice,bisa cod cairan pembersih softlens ice ml provitamin b isi ml,cairan pembersih softlens ice provitamin,cair bersih softlens ice provitamin,13.0,5.0,8.0,61.5
Shopee,(Bisa COD) Cairan Pembersih Softlens X2 500ml / X2 Comfort / BB,cairan pembersih softlens,bisa cod cairan pembersih softlens x ml x comfort bb,cairan pembersih softlens comfort bb,cair bersih softlens comfort bb,12.0,5.0,7.0,58.3
Shopee,BARANG ASLI : X2 AIR SOFTLENS MPS 120ML ( EXP 03 2028 ],x2 air softlens,barang asli x air softlens mps ml exp,barang air softlens mps exp,barang air softlens mps exp,13.0,5.0,8.0,61.5
Shopee,Mikeda - Tetes Mata A+ 10 Ml,mikeda tetes mata,mikeda tetes mata a ml,mikeda tetes mata,mikeda tetes mata,7.0,3.0,4.0,57.1
Shopee,Freshkon 10ml Eye Drops Tetes Mata Untuk Softlens,freshkon eye drops,freshkon ml eye drops tetes mata untuk softlens,freshkon eye drops tetes mata softlens,freshkon eye drops tetes mata softlens,8.0,6.0,2.0,25.0
Shopee,Cairan Softlens X2 ICE 60ml Multi Purpose Solution Air Bilas Cuci Pembersih Soflens,cairan softlens x2 ice,cairan softlens x ice ml multi purpose solution air bilas cuci pembersih soflens,cairan softlens ice multi purpose solution air bilas pembersih soflens,cair softlens ice multi purpose solution air bilas bersih soflens,13.0,10.0,3.0,23.1
Shopee,CAIRAN SOFTLENS BIOTRUE 300ML / BIO TRUE 300ML 2027 BLN 3,biotrue softlens,cairan softlens biotrue ml bio true ml bln,cairan softlens biotrue bio true bln,cair softlens biotrue bio true bln,11.0,6.0,5.0,45.5
Shopee,(GROSIR 34.000AN) CAIRAN SOFTLEN X2 500ML / Air softlens murah X2 500ml,softlen x2,grosir an cairan softlen x ml air softlens murah x ml,an cairan softlen air softlens,an cair softlen air softlens,12.0,5.0,7.0,58.3
Shopee,NICE LOOK AQUAS ILOOK AIR SOFTLENS 60 ML UNTUK CUCI SOFTLEN CAIRAN NICELOOK 60ML,nice look aqas ilook air softlens,nice look aquas ilook air softlens ml untuk cuci softlen cairan nicelook ml,nice look aquas ilook air softlens softlen cairan nicelook,nice look aquas ilook air softlens softlen cair nicelook,14.0,9.0,5.0,35.7
Shopee,(Bisa Cod) Tetes Mata A+ / Cairan Pelembap Mata A Plus,tetes mata a+,bisa cod tetes mata a cairan pelembap mata a plus,tetes mata cairan pelembap mata,tetes mata cair lembap mata,11.0,5.0,6.0,54.5
Shopee,Cleaner Softlens - Multi Purpose Solution - Cairan Cuci Rendam Soflens,cleaner softlens,cleaner softlens multi purpose solution cairan cuci rendam soflens,cleaner softlens multi purpose solution cairan rendam soflens,cleaner softlens multi purpose solution cair rendam soflens,11.0,8.0,3.0,27.3
Shopee,CAIRAN PEMBERSIH SOFTLENS ICE 150ML Pro VITAMIN B5 / AIR SOFTLEN ICE 150 ML,cairan pembersih softlens ice,cairan pembersih softlens ice ml pro vitamin b air softlen ice ml,cairan pembersih softlens ice pro vitamin air softlen ice,cair bersih softlens ice pro vitamin air softlen ice,14.0,9.0,5.0,35.7
Shopee,SOL 8 60ml SOL EIGHT 60ml Cairan Pembersih Softlens Multi Purpose Solution Expired Mei 2028,sol eight cairan pembersih,sol ml sol eight ml cairan pembersih softlens multi purpose solution expired mei,sol sol eight cairan pembersih softlens multi purpose solution expired mei,sol sol eight cair bersih softlens multi purpose solution expired mei,15.0,11.0,4.0,26.7
Shopee,CAIRAN SOFTLENS X2 COMFORT 500ML / CAIRAN PEMBERSIH SOFTLEN X2 500 ML,cairan softlens x2,cairan softlens x comfort ml cairan pembersih softlen x ml,cairan softlens comfort cairan pembersih softlen,cair softlens comfort cair bersih softlen,12.0,6.0,6.0,50.0
Shopee,Rohto Cool Tetes Mata Steril isi 7 ml,rohto cool tetes mata,rohto cool tetes mata steril isi ml,rohto cool tetes mata,rohto cool tetes mata,8.0,4.0,4.0,50.0
Shopee,Freshkon 10ml Eye Drops Tetes Mata untuk Softlens & Mata Kering,freshkon eye drops,freshkon ml eye drops tetes mata untuk softlens mata kering,freshkon eye drops tetes mata softlens mata,freshkon eye drops tetes mata softlens mata,11.0,7.0,4.0,36.4
Shopee,(Bisa COD) Tetes Mata Freshkon 10ml / fresh kon / tetes mata softlens / BB,freshkon tetes mata,bisa cod tetes mata freshkon ml fresh kon tetes mata softlens bb,tetes mata freshkon fresh kon tetes mata softlens bb,tetes mata freshkon fresh kon tetes mata softlens bb,15.0,9.0,6.0,40.0
Shopee,(GROSIR 8.700) Air Softlens X2 60ml / Cairan Softlens X2 60ml / X2 Comfort 60ml / CAIRAN SOFTLENS MPS X2 COMFORT 60 ML / AIR SOFLENS,softlens x2,grosir air softlens x ml cairan softlens x ml x comfort ml cairan softlens mps x comfort ml air soflens,air softlens cairan softlens comfort cairan softlens mps comfort air soflens,air softlens cair softlens comfort cair softlens mps comfort air soflens,26.0,11.0,15.0,57.7
Shopee,Cairan Pembersih Softlens X2 Comfort 120mL,cairan pembersih softlens x2 comfort,cairan pembersih softlens x comfort ml,cairan pembersih softlens comfort,cair bersih softlens comfort,6.0,4.0,2.0,33.3
Shopee,"Botol tetes mata 15 ml Putih, MINIMUM BELI 30 PCS",botol tetes mata,botol tetes mata ml putih minimum beli pcs,tetes mata minimum beli,tetes mata minimum beli,10.0,4.0,6.0,60.0
Shopee,Samyunwan / Sam Yun Wan / Syw / Samyuwan / Sam Yu Wan / Gemuk / Nafsu Makan,samyunwan,samyunwan sam yun wan syw samyuwan sam yu wan gemuk nafsu makan,samyunwan sam yun wan syw samyuwan sam yu wan nafsu makan,samyunwan sam yun wan syw samyuwan sam yu wan nafsu makan,18.0,11.0,7.0,38.9
Shopee,"NATUR-E WHITE KAPSUL GLUTATIONE, VIT E, OLIVE FRUIT EXTRACT",natur e white kapsul,nature white kapsul glutatione vit e olive fruit extract,nature white kapsul glutatione vit olive fruit extract,nature white kapsul glutatione vit olive fruit extract,9.0,8.0,1.0,11.1
Shopee,SAM YUN WAN/ SAMYUNWAN/ SANYUNWAN/SANYUNWAN WISDOM BARCODE ORIGINAL OBAT GEMUK BADAN,samyunwan wisdom,sam yun wan samyunwan sanyunwansanyunwan wisdom barcode original obat gemuk badan,sam yun wan samyunwan sanyunwansanyunwan wisdom barcode obat badan,sam yun wan samyunwan sanyunwansanyunwan wisdom barcode obat badan,11.0,9.0,2.0,18.2
Shopee,Travel Size ELD Collagen Drink Minuman Pemutih dan Pelangsing Rasa Strawberry 20gr | TnT Beauty Shop,eld collagen drink,travel size eld collagen drink minuman pemutih dan pelangsing rasa strawberry gr tnt beauty shop,travel eld collagen drink minuman pemutih pelangsing strawberry tnt beauty,travel eld collagen drink minum mutih langsing strawberry tnt beauty,16.0,10.0,6.0,37.5
Shopee,IPI Suplemen Multivitamin - Vit C Vit B Complex Vit D Vit E Mineral Zinc,ipisuplemen multivitamin,ipi suplemen multivitamin vit c vit b complex vit d vit e mineral zinc,ipi suplemen multivitamin vit vit complex vit vit mineral zinc,ipi suplemen multivitamin vit vit complex vit vit mineral zinc,15.0,10.0,5.0,33.3
Shopee,"Protein Source Drink - Alamon GO 200gr - with Whey Protein Concentrate, Isolated Soy Protein, Egg Albumin, Curcuma",alamon go,protein source drink alamon go gr with whey protein concentrate isolated soy protein egg albumin curcuma,protein source drink alamon go with whey protein concentrate isolated soy protein egg albumin curcuma,protein source drink alamon go with whey protein concentrate isolated soy protein egg albumin curcuma,18.0,15.0,3.0,16.7
Shopee,NATUR-E Vitamin Soft Capsule Natur E White 100IU 300IU Advanced,natur e vitamin,nature vitamin soft capsule natur e white iu iu advanced,nature vitamin soft capsule natur white iu iu advanced,nature vitamin soft capsule natur white iu iu advanced,10.0,9.0,1.0,10.0
Shopee,Natur-E Soft Capules 16's,natur-e soft capules,nature soft capules s,nature soft capules,nature soft capules,4.0,3.0,1.0,25.0
Shopee,* STAR * Natur-E White Glutathione Capsule 32's {Kapsul Putih Biru},natur e white glutathione,star nature white glutathione capsule s kapsul putih biru,star nature white glutathione capsule kapsul,star nature white glutathione capsule kapsul,11.0,6.0,5.0,45.5
Shopee,Flimty Fiber (1 Sachet) - Cobain Dulu!,flimty fiber,flimty fiber sachet cobain dulu,flimty fiber cobain,flimty fiber cobain,7.0,3.0,4.0,57.1
Shopee,Jamu Pelangsing Perut Instan 5's - Membantu Mengurangi Lemak Tubuh,jamu pelangsing,jamu pelangsing perut instan s membantu mengurangi lemak tubuh,jamu pelangsing perut membantu mengurangi lemak tubuh,jamu langsing perut bantu kurang lemak tubuh,10.0,7.0,3.0,30.0
Shopee,teh daun jati cina saji nikmat dan berhasiat,teh daun jati cina,teh daun jati cina saji nikmat dan berhasiat,teh daun jati cina saji nikmat berhasiat,teh daun jati cina saji nikmat berhasiat,8.0,7.0,1.0,12.5
Shopee,IPI Vitamin D3 + K2 25 Tablet - Suplemen Vitamin D3 dan K2,vitamin d3 k2,ipi vitamin d k tablet suplemen vitamin d dan k,ipi vitamin tablet suplemen vitamin,ipi vitamin tablet suplemen vitamin,13.0,5.0,8.0,61.5
Shopee,IPI Vitamin A B1 B12 B Komplek C D E Zinc Magnesium 1 Botol,ipivitamin ab1b12bkomplekcdezincmagnesium,ipi vitamin a b b b komplek c d e zinc magnesium botol,ipi vitamin komplek zinc magnesium,ipi vitamin komplek zinc magnesium,14.0,5.0,9.0,64.3
Shopee,Madu TJ Sachet 1 Box isi 12 Sachet,madu tj sachet,madu tj sachet box isi sachet,madu tj,madu tj,8.0,2.0,6.0,75.0
Shopee,My Well Vitamin D3 1000 IU 20 Tablet,my well vitamin d3,my well vitamin d iu tablet,my well vitamin iu tablet,my well vitamin iu tablet,8.0,5.0,3.0,37.5
Shopee,IPI Vitamin D3 1000 IU 30 Tablet - Suplementasi Vitamin D dengan Cepat,ipivitamin d3,ipi vitamin d iu tablet suplementasi vitamin d dengan cepat,ipi vitamin iu tablet suplementasi vitamin,ipi vitamin iu tablet suplementasi vitamin,13.0,6.0,7.0,53.8
Shopee,TOLAK ANGIN CAIR 15ml BOX ( ISI 12 ),tolak angin cair,tolak angin cair ml box isi,tolak angin,tolak angin,9.0,2.0,7.0,77.8
Shopee,Tolak Angin Cair Isi 12 Sachet Perbox,tolak angin cair,tolak angin cair isi sachet perbox,tolak angin perbox,tolak angin perbox,7.0,3.0,4.0,57.1
Shopee,Penggemuk Badan Original Samyunwan Original Pil Penggemuk Badan,penggemuk badan,penggemuk badan original samyunwan original pil penggemuk badan,penggemuk badan samyunwan pil penggemuk badan,gemuk badan samyunwan pil gemuk badan,8.0,6.0,2.0,25.0
Shopee,Herwell Herslim - 1 Porsi Meal Replacement,herwell herslim,herwell herslim porsi meal replacement,herwell herslim meal replacement,herwell herslim meal replacement,7.0,4.0,3.0,42.9
Shopee,TEH DIET PELANGSING DETOX PELUNTUR LEMAK BADAN HERBAL ALAMI /SLIMMING TEA JAMU OBAT DIET AMPUH R1 A1003,teh diet,teh diet pelangsing detox peluntur lemak badan herbal alami slimming tea jamu obat diet ampuh r a,teh diet pelangsing detox peluntur lemak badan herbal slimming tea jamu obat diet ampuh,teh diet langsing detox luntur lemak badan herbal slimming tea jamu obat diet ampuh,17.0,14.0,3.0,17.6
Shopee,MUMTAAZZTORE | Sidomuncul Tolak Angin Cair 15ml isi 12,sidomuncul tolak angin,mumtaazztore sidomuncul tolak angin cair ml isi,mumtaazztore sidomuncul tolak angin,mumtaazztore sidomuncul tolak angin,9.0,4.0,5.0,55.6
Shopee,IPI Mineral Zinc Plus Selenium 45 Tablet - Suplemen Zinc dan Selenium,ipimineral zinc plus selenium,ipi mineral zinc plus selenium tablet suplemen zinc dan selenium,ipi mineral zinc selenium tablet suplemen zinc selenium,ipi mineral zinc selenium tablet suplemen zinc selenium,12.0,8.0,4.0,33.3
Shopee,"KOMIX SIRUP SACHET ISI 30 SACHET ,PER BOX.",komix sirup,komix sirup sachet isi sachet per box,komix sirup,komix sirup,8.0,2.0,6.0,75.0
Shopee,Best Honey Paket 3in1 Sari Lemon Diet Detox Chia Seed Madu Multiflora Asli,honey madu,best honey paket in sari lemon diet detox chia seed madu multiflora asli,honey in sari lemon diet detox chia seed madu multiflora,honey in sari lemon diet detox chia seed madu multiflora,13.0,10.0,3.0,23.1
Shopee,TEH DIET PELANGSING DETOX PENURUN BERAT BADAN HERBAL ALAMI/ TEH OBAT DAUN JATI CHINA PERUT BUNCIT O2 A1000,teh diet,teh diet pelangsing detox penurun berat badan herbal alami teh obat daun jati china perut buncit o a,teh diet pelangsing detox penurun berat badan herbal teh obat daun jati china perut,teh diet langsing detox turun berat badan herbal teh obat daun jati china perut,18.0,14.0,4.0,22.2
Shopee,Tomo Kenko Vitamin D3 1000 IU Kemasan Strip,tomo kenko vitamin d3,tomo kenko vitamin d iu kemasan strip,tomo kenko vitamin iu strip,tomo kenko vitamin iu strip,8.0,5.0,3.0,37.5
Shopee,Calcifar Plus 10 Kaplet - Suplemen Kalsium dan Vitamin D3,calcifar plus,calcifar plus kaplet suplemen kalsium dan vitamin d,calcifar suplemen kalsium vitamin,calcifar suplemen kalsium vitamin,10.0,4.0,6.0,60.0
Shopee,Vitamin C 1000mg Sidomuncul Original Dus 6 Sachet,vitamin c,vitamin c mg sidomuncul original dus sachet,vitamin mg sidomuncul,vitamin mg sidomuncul,8.0,3.0,5.0,62.5
Shopee,Tolak Angin Plus Madu Sido Muncul Box isi 12 Sachet,tolak angin plus madu,tolak angin plus madu sido muncul box isi sachet,tolak angin madu sido muncul,tolak angin madu sido muncul,10.0,5.0,5.0,50.0
Shopee,"KAPSIDA HS Kembang Bulan Isi 12 Kapsul – Membantu Memelihara Kulit, Meredakan Jerawat, Gatal, Alergi, Pembersih Darah, Antioksidan, antiinflamasi, BPOM Halal Aman Ampuh ORIGINAL",kapsida kembang bulan,kapsida hs kembang bulan isi kapsul – membantu memelihara kulit meredakan jerawat gatal alergi pembersih darah antioksidan antiinflamasi bpom halal aman ampuh original,kapsida hs kembang kapsul membantu memelihara kulit meredakan jerawat alergi pembersih darah antioksidan antiinflamasi bpom ampuh,kapsida hs kembang kapsul bantu pelihara kulit reda jerawat alergi bersih darah antioksidan antiinflamasi bpom ampuh,24.0,16.0,8.0,33.3
Shopee,Tolak Angin Cair Plus Madu 15 ml 5 Sachet,tolak angin cair plus madu,tolak angin cair plus madu ml sachet,tolak angin madu,tolak angin madu,9.0,3.0,6.0,66.7
Shopee,Evolene - [NEW] Crevolene Monohydrate - Creatine - Menambah Massa Otot - Suplemen Fitness,evolene crevolene monohydrate,evolene new crevolene monohydrate creatine menambah massa otot suplemen fitness,evolene crevolene monohydrate creatine menambah massa otot suplemen fitness,evolene crevolene monohydrate creatine tambah massa otot suplemen fitness,14.0,9.0,5.0,35.7
Shopee,20gr Travel Size ELD Collagen Drink Minuman Pemutih dan Pelangsing Rasa Strawberry [ELS STRAW KECIL],eld collagen drink,gr travel size eld collagen drink minuman pemutih dan pelangsing rasa strawberry els straw kecil,travel eld collagen drink minuman pemutih pelangsing strawberry els straw,travel eld collagen drink minum mutih langsing strawberry els straw,15.0,10.0,5.0,33.3
Shopee,"Minuman dengan Whey Protein Konsentrat / 6x Minum / Puluhan Ribu Ulasan / Alamon GO / 200 gram / GYM Favorit / Egg Albumin, Curcuma, Isolated Protein Soy",almon go,minuman dengan whey protein konsentrat x minum puluhan ribu ulasan alamon go gram gym favorit egg albumin curcuma isolated protein soy,minuman whey protein konsentrat minum puluhan ribu ulasan alamon go gym favorit egg albumin curcuma isolated protein soy,minum whey protein konsentrat minum puluh ribu ulas alamon go gym favorit egg albumin curcuma isolated protein soy,28.0,18.0,10.0,35.7
Shopee,Coolvita Milk Calcium Chewable Tablets Original Flavor 1 Botol - Suplemen Kesehatan Kalsium Tablet Kunyah BPOM dan Original untuk Anak & Dewasa,coolvita milk calcium,coolvita milk calcium chewable tablets original flavor botol suplemen kesehatan kalsium tablet kunyah bpom dan original untuk anak dewasa,coolvita milk calcium chewable tablets flavor suplemen kesehatan kalsium tablet kunyah bpom,coolvita milk calcium chewable tablets flavor suplemen sehat kalsium tablet kunyah bpom,22.0,12.0,10.0,45.5
Shopee,Sido Muncul Vitamin C 1000 Serbuk Lemon 6's - Jaga Daya Tahan Tubuh,sido muncul vitamin c,sido muncul vitamin c serbuk lemon s jaga daya tahan tubuh,sido muncul vitamin serbuk lemon jaga daya tahan tubuh,sido muncul vitamin serbuk lemon jaga daya tahan tubuh,13.0,9.0,4.0,30.8
Shopee,TEH DIET PELANGSING DETOX PELUNTUR LEMAK BADAN HERBAL ALAMI /SLIMMING TEA JAMU OBAT DIET AMPUH LANGSING ALAMI TEH DIET PELANGSING DETOX PELUNTUR LEMAK BADAN HERBAL ALAMI /SLIMMING TEA JAMU OBAT DIET AMPUH LANGSING ALAMI !!! Teh Celup Daun Jati Cina Herbal,teh diet,teh diet pelangsing detox peluntur lemak badan herbal alami slimming tea jamu obat diet ampuh langsing alami teh diet pelangsing detox peluntur lemak badan herbal alami slimming tea jamu obat diet ampuh langsing alami teh celup daun jati cina herbal,teh diet pelangsing detox peluntur lemak badan herbal slimming tea jamu obat diet ampuh teh diet pelangsing detox peluntur lemak badan herbal slimming tea jamu obat diet ampuh teh celup daun jati cina herbal,teh diet langsing detox luntur lemak badan herbal slimming tea jamu obat diet ampuh teh diet langsing detox luntur lemak badan herbal slimming tea jamu obat diet ampuh teh celup daun jati cina herbal,41.0,34.0,7.0,17.1
Shopee,COLLAGEN DRINK 20gr Travel Size ELD Collagen Drink Minuman Pemutih dan Pelangsing Rasa Strawberry [ELD STRAW KECIL],collagen drink,collagen drink gr travel size eld collagen drink minuman pemutih dan pelangsing rasa strawberry eld straw kecil,collagen drink travel eld collagen drink minuman pemutih pelangsing strawberry eld straw,collagen drink travel eld collagen drink minum mutih langsing strawberry eld straw,17.0,12.0,5.0,29.4
Shopee,"TEH DIET PELANGSING DETOX PELUNTUR LEMAK BADAN HERBAL ALAMI /SLIMMING TEA JAMU OBAT DIET AMPUH LANGSING ALAMI !!! Teh Celup Daun Jati Cina Herbal Alami dan Peluntur Lemak Terampuh GROSIR Teh jati cina curah,teh herbal,obat diet,Perut buncit Slimming Teh",teh diet,teh diet pelangsing detox peluntur lemak badan herbal alami slimming tea jamu obat diet ampuh langsing alami teh celup daun jati cina herbal alami dan peluntur lemak terampuh grosir teh jati cina curahteh herbalobat dietperut buncit slimming teh,teh diet pelangsing detox peluntur lemak badan herbal slimming tea jamu obat diet ampuh teh celup daun jati cina herbal peluntur lemak terampuh teh jati cina curahteh herbalobat dietperut slimming teh,teh diet langsing detox luntur lemak badan herbal slimming tea jamu obat diet ampuh teh celup daun jati cina herbal luntur lemak ampuh teh jati cina curahteh herbalobat dietperut slimming teh,39.0,31.0,8.0,20.5
Shopee,IPI Vitamin C 45 Tablet - Memenuhi Kebutuhan Vitamin C,vitamin c,ipi vitamin c tablet memenuhi kebutuhan vitamin c,ipi vitamin tablet memenuhi kebutuhan vitamin,ipi vitamin tablet penuh butuh vitamin,10.0,6.0,4.0,40.0
Shopee,Vitamin A B1 B12 B Complex C D3 K2 E Mineral Zinc Calsium Magnesium IPI (Isi 25 30 45 70 80 Tablet),vitamin b complex,vitamin a b b b complex c d k e mineral zinc calsium magnesium ipi isi tablet,vitamin complex mineral zinc calsium magnesium ipi tablet,vitamin complex mineral zinc calsium magnesium ipi tablet,22.0,8.0,14.0,63.6
Shopee,CDR rasa Jeruk ISI 10 / 15 / 20 TABLET,cdr rasa jeruk,cdr rasa jeruk isi tablet,cdr jeruk tablet,cdr jeruk tablet,10.0,3.0,7.0,70.0
Shopee,"Viva Apotek - Neurobion Forte 5000 untuk Kebutuhan Vitamin B1,B6, B12 (10 Tablet)",neurobion forte,viva apotek neurobion forte untuk kebutuhan vitamin bb b tablet,viva apotek neurobion forte kebutuhan vitamin bb tablet,viva apotek neurobion forte butuh vitamin bb tablet,13.0,8.0,5.0,38.5
Shopee,Enervon C Tablet 30's,enervon c,enervon c tablet s,enervon tablet,enervon tablet,4.0,2.0,2.0,50.0
Shopee,Vitamin D3+K2 IPI untuk Memelihara Kesehatan Tulang (25 Tablet),vitamin d3+k2,vitamin dk ipi untuk memelihara kesehatan tulang tablet,vitamin dk ipi memelihara kesehatan tulang tablet,vitamin dk ipi pelihara sehat tulang tablet,9.0,7.0,2.0,22.2
Shopee,RAMUAN CINTA BY MUTY ECER + SENDOK [OFFICIAL],ramuan cinta by muty ecer,ramuan cinta by muty ecer sendok official,ramuan cinta by muty sendok official,ramu cinta by muty sendok official,8.0,6.0,2.0,25.0
Shopee,Curcuma Force 1 Blister @ 10 Tablet,curcuma force,curcuma force blister tablet,curcuma force blister tablet,curcuma force blister tablet,7.0,4.0,3.0,42.9
Shopee,Sido Muncul Vitamin C 1000 Serbuk Orange 6's - Jaga Daya Tahan Tubuh,sido muncul vitamin c,sido muncul vitamin c serbuk orange s jaga daya tahan tubuh,sido muncul vitamin serbuk orange jaga daya tahan tubuh,sido muncul vitamin serbuk orange jaga daya tahan tubuh,13.0,9.0,4.0,30.8
Shopee,ORIGINAL DISTRIBUTOR RESMI‼️SHEEBY BEAUTY COLLAGEN | SHEEBY BEAUTY MINUMAN PEMUTIH BADAN ✅ SHEBBY BEAUTY REFIL MINISIZE SCRUB,sheeby beauty collagen,original distributor resmi‼️sheeby beauty collagen sheeby beauty minuman pemutih badan ✅ shebby beauty refil minisize scrub,distributor resmi‼️sheeby beauty collagen sheeby beauty minuman pemutih badan shebby beauty refil minisize scrub,distributor resmi sheeby beauty collagen sheeby beauty minum mutih badan shebby beauty refil minisize scrub,17.0,15.0,2.0,11.8
Shopee,"GIA Teh jati cina curah,teh herbal,obat diet,teh pelangsing / Serbuk / usut lemak Diet jaticina",gia teh jati cina,gia teh jati cina curahteh herbalobat dietteh pelangsing serbuk usut lemak diet jaticina,gia teh jati cina curahteh herbalobat dietteh pelangsing serbuk usut lemak diet jaticina,gia teh jati cina curahteh herbalobat dietteh langsing serbuk usut lemak diet jaticina,15.0,13.0,2.0,13.3
Shopee,BEAUTYBY.NADS | COLLAGEN BY SHEEBY BEAUTY COLLAGEN | SHEEBY BEAUTY MINUMAN PEMUTIH BADAN COLLAGEN BOOSTER SHEEBY RASA STRAWBERRY COKLAT VANILA VANILLA MINUMAN COLLAGEN POUCH NEW BOX,collagen by sheeby beauty collagen,beautybynads collagen by sheeby beauty collagen sheeby beauty minuman pemutih badan collagen booster sheeby rasa strawberry coklat vanila vanilla minuman collagen pouch new box,beautybynads collagen by sheeby beauty collagen sheeby beauty minuman pemutih badan collagen booster sheeby strawberry coklat vanila vanilla minuman collagen,beautybynads collagen by sheeby beauty collagen sheeby beauty minum mutih badan collagen booster sheeby strawberry coklat vanila vanilla minum collagen,26.0,20.0,6.0,23.1
Shopee,CDR Suplemen Ibu Hamil dan Ibu Menyusui isi 10 // 15 // 20 tablet,cdr suplemen,cdr suplemen ibu hamil dan ibu menyusui isi tablet,cdr suplemen hamil menyusui tablet,cdr suplemen hamil susu tablet,14.0,5.0,9.0,64.3
Shopee,BLACK GARLIC (BAWANG HITAM TUNGGAL ORI 100%)-FREE EMAS MINI,bawang hitam,black garlic bawang hitam tunggal ori free emas mini,black garlic bawang emas,black garlic bawang emas,9.0,4.0,5.0,55.6
Shopee,"BLACKMORES BIO D3 1000IU BPOM KALBE - 30 CAPS | SUPLEMEN VITAMIN D3, DAYA TAHAN TUBUH, IMUNITAS, AUTOIMUN, TULANG, PROMIL",blackmores bio d3,blackmores bio d iu bpom kalbe caps suplemen vitamin d daya tahan tubuh imunitas autoimun tulang promil,blackmores bio iu bpom kalbe caps suplemen vitamin daya tahan tubuh imunitas autoimun tulang promil,blackmores bio iu bpom kalbe caps suplemen vitamin daya tahan tubuh imunitas autoimun tulang promil,20.0,15.0,5.0,25.0
Shopee,TEH DIET PELANGSING DETOX PELUNTUR LEMAK BADAN HERBAL ALAMI / OBAT JAMU DIET DAUN JATI CINA AMPUH O1 A1002,teh diet pelangsing,teh diet pelangsing detox peluntur lemak badan herbal alami obat jamu diet daun jati cina ampuh o a,teh diet pelangsing detox peluntur lemak badan herbal obat jamu diet daun jati cina ampuh,teh diet langsing detox luntur lemak badan herbal obat jamu diet daun jati cina ampuh,19.0,15.0,4.0,21.1
Shopee,NATUR - E WHITE 32 Kapsul With Glutathion Vitamine E,natur e white,natur e white kapsul with glutathion vitamine e,natur white kapsul with glutathion vitamine,natur white kapsul with glutathion vitamine,10.0,6.0,4.0,40.0
Shopee,Interlac Sachet 0.3 g,interlac sachet,interlac sachet g,interlac,interlac,4.0,1.0,3.0,75.0
Shopee,Forti-D 2000 Vitamin D3 4 Kapsul Lunak,forti-d vitamin d3,fortid vitamin d kapsul lunak,fortid vitamin kapsul,fortid vitamin kapsul,7.0,3.0,4.0,57.1
Shopee,Natur-E Active Beauty Natural Vitamin E 300 IU 16s/32s - Soft Capsule Dengan Vitamin E 300 IU - Membantu Menjaga Kesehatan Kulit dari Dalam,natur e active beauty vitamin e,nature active beauty natural vitamin e iu ss soft capsule dengan vitamin e iu membantu menjaga kesehatan kulit dari dalam,nature active beauty vitamin iu ss soft capsule vitamin iu membantu menjaga kesehatan kulit,nature active beauty vitamin iu ss soft capsule vitamin iu bantu jaga sehat kulit,24.0,14.0,10.0,41.7
Shopee,Etabion 10 Kapsul - Suplemen Penambah Darah,etabion,etabion kapsul suplemen penambah darah,etabion kapsul suplemen penambah darah,etabion kapsul suplemen tambah darah,7.0,5.0,2.0,28.6
Shopee,DETOX TEA & SLIMMING / TEH DIET PELANGSING PELUNTUR LEMAK BADAN HERBAL ALAMI,detox tea,detox tea slimming teh diet pelangsing peluntur lemak badan herbal alami,detox tea slimming teh diet pelangsing peluntur lemak badan herbal,detox tea slimming teh diet langsing luntur lemak badan herbal,13.0,10.0,3.0,23.1
Shopee,STRIVE Energy Gel sachet 24g Energi Olahraga Lari Sepeda Triathlon Hiking,strive energy gel,strive energy gel sachet g energi olahraga lari sepeda triathlon hiking,strive energy gel energi olahraga lari sepeda triathlon hiking,strive energy gel energi olahraga lari sepeda triathlon hiking,11.0,9.0,2.0,18.2
Shopee,NB Samyunwan samyun wan Wisdom no barcode - Penggemuk Syw NB,samyunwan samyun wan wisdom,nb samyunwan samyun wan wisdom no barcode penggemuk syw nb,nb samyunwan samyun wan wisdom no barcode penggemuk syw nb,nb samyunwan samyun wan wisdom no barcode gemuk syw nb,11.0,10.0,1.0,9.1
Shopee,Enervon-C 4 Tablet,enervon c,enervonc tablet,enervonc tablet,enervonc tablet,3.0,2.0,1.0,33.3
Shopee,Natur-E Soft Capsule Skin Start 100 IU 16s/32s - Soft Capsule untuk Menjaga Kesehatan Kulit dengan Vitamin E 100 IU - Nutrisi Kulit dari Dalam Untuk Awal Kesehatan Kulitmu,natur e soft capsule,nature soft capsule skin start iu ss soft capsule untuk menjaga kesehatan kulit dengan vitamin e iu nutrisi kulit dari dalam untuk awal kesehatan kulitmu,nature soft capsule skin start iu ss soft capsule menjaga kesehatan kulit vitamin iu nutrisi kulit kesehatan kulitmu,nature soft capsule skin start iu ss soft capsule jaga sehat kulit vitamin iu nutrisi kulit sehat kulit,29.0,18.0,11.0,37.9
Shopee,Flimeal (Meal Replacement) 1 sachet - Coklat Vegan,flimeal coklat,flimeal meal replacement sachet coklat vegan,flimeal meal replacement coklat vegan,flimeal meal replacement coklat vegan,8.0,5.0,3.0,37.5
Shopee,Jati Cina Aur Diet Pelangsing Inayah Penurun Berat Badan 40gr,jati cina aur diet,jati cina aur diet pelangsing inayah penurun berat badan gr,jati cina aur diet pelangsing inayah penurun berat badan,jati cina aur diet langsing inayah turun berat badan,10.0,9.0,1.0,10.0
Shopee,Detoslim Herbal Pelangsing Alami Bantu Turunkan Berat Badan,detoslim herbal pelangsing,detoslim herbal pelangsing alami bantu turunkan berat badan,detoslim herbal pelangsing bantu turunkan berat badan,detoslim herbal langsing bantu turun berat badan,8.0,7.0,1.0,12.5
Shopee,Astria 4 mg 6 Kapsul,astria,astria mg kapsul,astria mg kapsul,astria mg kapsul,5.0,3.0,2.0,40.0
Shopee,JSR NATURLIFE DIET GLOWING - TEH RIMPANG JSR / RESEP SEHAT JSR / RAMUAN JSR / REMPAH JSR / PENURUN BERAT BADAN / JAMU JSR / MINUMAM JSR / RIMPANG / JSR MSH / JSR STORE ID /JSR STORE OFFICIAL/ JSR ZAIDUL AKBAR / JSR ZAIDUL AKBAR /JSR ZAIDUL AKBAR OFFICIAL,jsr naturlife diet glowing,jsr naturlife diet glowing teh rimpang jsr resep sehat jsr ramuan jsr rempah jsr penurun berat badan jamu jsr minumam jsr rimpang jsr msh jsr store id jsr store official jsr zaidul akbar jsr zaidul akbar jsr zaidul akbar official,jsr naturlife diet glowing teh jsr resep jsr ramuan jsr rempah jsr penurun berat badan jamu jsr minumam jsr jsr msh jsr id jsr official jsr zaidul akbar jsr zaidul akbar jsr zaidul akbar official,jsr naturlife diet glowing teh jsr resep jsr ramu jsr rempah jsr turun berat badan jamu jsr minumam jsr jsr msh jsr id jsr official jsr zaidul akbar jsr zaidul akbar jsr zaidul akbar official,51.0,35.0,16.0,31.4
Shopee,Beaudesoul Detox Tea Varian Orginal Biasa | Pelangsing Herbal | Diet Alami,beaudesoul detox tea,beaudesoul detox tea varian orginal biasa pelangsing herbal diet alami,beaudesoul detox tea varian orginal pelangsing herbal diet,beaudesoul detox tea varian orginal langsing herbal diet,12.0,8.0,4.0,33.3
Shopee,Astria 4 mg 4 Kapsul,astria,astria mg kapsul,astria mg kapsul,astria mg kapsul,5.0,3.0,2.0,40.0
Shopee,"Obat Diet Ampuh BPOM | Teh Pelangsing, Teh Hijau Green Tea & Daun Jati Cina, Slimming Tea Teh Diet Matchana, Pelangsing Badan Cepat dan Ampuh, Peluntur Lemak, Detox tea, Obat Pelangsing Badan Ampuh BPOM, Diet & Detoks, Obat Perut Buncit",matchana,obat diet ampuh bpom teh pelangsing teh hijau green tea daun jati cina slimming tea teh diet matchana pelangsing badan cepat dan ampuh peluntur lemak detox tea obat pelangsing badan ampuh bpom diet detoks obat perut buncit,obat diet ampuh bpom teh pelangsing teh green tea daun jati cina slimming tea teh diet matchana pelangsing badan ampuh peluntur lemak detox tea obat pelangsing badan ampuh bpom diet detoks obat perut,obat diet ampuh bpom teh langsing teh green tea daun jati cina slimming tea teh diet matchana langsing badan ampuh luntur lemak detox tea obat langsing badan ampuh bpom diet detoks obat perut,40.0,33.0,7.0,17.5
Shopee,[Top Selling] Collagen Tablet Glow Up 3 Tube Isi 60 Tablet Coolvita – Minuman Kecantikan untuk Kulit Cerah & Halus – Glow Up dalam Satu Tegukan | Hasil dalam 14 Hari | Kolagen Halal & Praktis | Suplemen Kecantikan Minuman Kulit Glowing | Minuman Keca,collagen glow up,top selling collagen tablet glow up tube isi tablet coolvita – minuman kecantikan untuk kulit cerah halus – glow up dalam satu tegukan hasil dalam hari kolagen halal praktis suplemen kecantikan minuman kulit glowing minuman keca,selling collagen tablet glow up tube tablet coolvita minuman kecantikan kulit glow up tegukan hasil kolagen suplemen kecantikan minuman kulit glowing minuman keca,selling collagen tablet glow up tube tablet coolvita minum cantik kulit glow up teguk hasil kolagen suplemen cantik minum kulit glowing minum keca,45.0,23.0,22.0,48.9
Shopee,Elumor APB Isi 60pcs per 1 Botol | Suplemen Diet,elumor apb,elumor apb isi pcs per botol suplemen diet,elumor apb suplemen diet,elumor apb suplemen diet,10.0,4.0,6.0,60.0
Shopee,KAPSUL & TEH DETOX 8X LEBIH CEPAT TURUNKAN BERAT BADAN] BUNDAYES DETOX SLIMMING PENURUN BERAT BADAN DETOX PELANGSING TEH DIET KURUS DIET PELANGSING SLIMMING TEA DETOX BADAN AMPUH slimming tea diet ampuh,kapsul teh detox,kapsul teh detox x lebih cepat turunkan berat badan bundayes detox slimming penurun berat badan detox pelangsing teh diet kurus diet pelangsing slimming tea detox badan ampuh slimming tea diet ampuh,kapsul teh detox turunkan berat badan bundayes detox slimming penurun berat badan detox pelangsing teh diet diet pelangsing slimming tea detox badan ampuh slimming tea diet ampuh,kapsul teh detox turun berat badan bundayes detox slimming turun berat badan detox langsing teh diet diet langsing slimming tea detox badan ampuh slimming tea diet ampuh,32.0,27.0,5.0,15.6
Shopee,BLACKMORES BIO D3 1000 IU BPOM KALBE - 60 CLEAR CAPSULE,blackmores bio d3,blackmores bio d iu bpom kalbe clear capsule,blackmores bio iu bpom kalbe clear capsule,blackmores bio iu bpom kalbe clear capsule,11.0,7.0,4.0,36.4
Shopee,Kembang Bulan Kapsida HS 12 Kapsul FREE SCRUNCHIE KOREA - Obat Jerawat Gatal-gatal Kulit Bisul Alergi Bekas Jerawat Punggung dan Batu Ampuh untuk Kesehatan Kulit,kembang bulan kapsida,kembang bulan kapsida hs kapsul free scrunchie korea obat jerawat gatalgatal kulit bisul alergi bekas jerawat punggung dan batu ampuh untuk kesehatan kulit,kembang kapsida hs kapsul scrunchie korea obat jerawat gatalgatal kulit bisul alergi bekas jerawat punggung batu ampuh kesehatan kulit,kembang kapsida hs kapsul scrunchie korea obat jerawat gatalgatal kulit bisul alergi bekas jerawat punggung batu ampuh sehat kulit,25.0,19.0,6.0,24.0
Shopee,Coolvita Collagen Effervescent (4 Tube - 80 Tablet) - Suplemen Kolagen + Vit C | Membantu Mencerahkan Kulit Mengurangi Tanda Penuaan New Packaging | BPOM & Originals,coolvita collagen,coolvita collagen effervescent tube tablet suplemen kolagen vit c membantu mencerahkan kulit mengurangi tanda penuaan new packaging bpom originals,coolvita collagen effervescent tube tablet suplemen kolagen vit membantu mencerahkan kulit mengurangi tanda penuaan packaging bpom originals,coolvita collagen effervescent tube tablet suplemen kolagen vit bantu cerah kulit kurang tanda tua packaging bpom originals,27.0,17.0,10.0,37.0
Shopee,FAST NATURAL HERBAL PINK normal untuk pemula menurunkan sampai 5 kilogram lebih,fast natural herbal,fast natural herbal pink normal untuk pemula menurunkan sampai kilogram lebih,fast herbal pink pemula menurunkan,fast herbal pink mula turun,12.0,5.0,7.0,58.3
Shopee,HEION Ashwagandha+ 60 Kapsul SUPLEMENT KESEHATAN ASHWAGANDA EXTRACT @500mg BPOM by HEION OFFICIAL,heion ashwagandha,heion ashwagandha kapsul suplement kesehatan ashwaganda extract mg bpom by heion official,heion ashwagandha kapsul suplement kesehatan ashwaganda extract mg bpom by heion official,heion ashwagandha kapsul suplement sehat ashwaganda extract mg bpom by heion official,13.0,12.0,1.0,7.7
Shopee,NEWLAB Acnalogy Powder Drink | Acne Drink | Minuman Obat Jerawat untuk Meredakan Bekas Jerawat dan Flek Hitam BPOM 15 Sachet,acnalogy powder drink,newlab acnalogy powder drink acne drink minuman obat jerawat untuk meredakan bekas jerawat dan flek hitam bpom sachet,newlab acnalogy powder drink acne drink minuman obat jerawat meredakan bekas jerawat flek bpom,newlab acnalogy powder drink acne drink minum obat jerawat reda bekas jerawat flek bpom,21.0,14.0,7.0,33.3
Shopee,NEWLAB Paket 2 Box Brightlogy GlutaColl-5500 | Collagen Drink | Minuman Collagen & Minuman Glutathione BPOM untuk Mencerahkan 30 Sachet,glutacoll,newlab paket box brightlogy glutacoll collagen drink minuman collagen minuman glutathione bpom untuk mencerahkan sachet,newlab brightlogy glutacoll collagen drink minuman collagen minuman glutathione bpom mencerahkan,newlab brightlogy glutacoll collagen drink minum collagen minum glutathione bpom cerah,20.0,11.0,9.0,45.0
Shopee,Coolvita Collagen Effervescent Paket Lebih Murah - Suplemen Kolagen + Vit C | Membantu Mencerahkan Kulit Mengurangi Tanda Penuaan New Packaging | BPOM & Original,coolvita collagen,coolvita collagen effervescent paket lebih murah suplemen kolagen vit c membantu mencerahkan kulit mengurangi tanda penuaan new packaging bpom original,coolvita collagen effervescent suplemen kolagen vit membantu mencerahkan kulit mengurangi tanda penuaan packaging bpom,coolvita collagen effervescent suplemen kolagen vit bantu cerah kulit kurang tanda tua packaging bpom,25.0,14.0,11.0,44.0
Shopee,Vitacimin C (2pcs/1strip) FREE,vitacimin c,vitacimin c pcsstrip free,vitacimin pcsstrip,vitacimin pcsstrip,4.0,2.0,2.0,50.0
Shopee,Gluta Drink Original Dengan Vitamin E Dan Collagen,gluta drink,gluta drink original dengan vitamin e dan collagen,gluta drink vitamin collagen,gluta drink vitamin collagen,8.0,4.0,4.0,50.0
Shopee,Biji polokyo biji polikio obat diet pelangsing kurus alami (minimal order 20biji),biji polokyo,biji polokyo biji polikio obat diet pelangsing kurus alami minimal order biji,polokyo polikio obat diet pelangsing order,polokyo polikio obat diet langsing order,12.0,6.0,6.0,50.0
Shopee,"Meal Replacement Lezat / Alamon FIBE 7x / Kombinasi Fiber Superfood / Fiber Drink Oat, Almond, Matcha, Pomegranate / Pengganti Sarapan Defisit Kalori",alamon fibe,meal replacement lezat alamon fibe x kombinasi fiber superfood fiber drink oat almond matcha pomegranate pengganti sarapan defisit kalori,meal replacement alamon fibe kombinasi fiber superfood fiber drink oat almond matcha pomegranate pengganti sarapan defisit kalori,meal replacement alamon fibe kombinasi fiber superfood fiber drink oat almond matcha pomegranate ganti sarap defisit kalori,23.0,17.0,6.0,26.1
Shopee,Puspa D3 1000 - Vitamin D3 1000 IU - isi 30 soft capsule - Untuk Menjaga kesehatan Tulang - BPOM No. SD211328861 - Halal No. ID00410000241530921,vitamin d3,puspa d vitamin d iu isi soft capsule untuk menjaga kesehatan tulang bpom no sd halal no id,puspa vitamin iu soft capsule menjaga kesehatan tulang bpom no sd no id,puspa vitamin iu soft capsule jaga sehat tulang bpom no sd no id,26.0,13.0,13.0,50.0
Shopee,PRO EM1 Rasa Anggur 90ml |Anak |Dewasa |Bakteri Baik |Pencernaan |Imun |Maag |Gerd |Usus|GTM,pro em1 rasa anggur,pro em rasa anggur ml anak dewasa bakteri baik pencernaan imun maag gerd ususgtm,pro em anggur bakteri pencernaan maag gerd ususgtm,pro em anggur bakteri cerna maag gerd ususgtm,14.0,8.0,6.0,42.9
Shopee,"Scott's Vitamin dengan Omega 3, Vitamin A dan D + Kalsium Vita Rasa Jeruk 400ml",scotts vitamin,scotts vitamin dengan omega vitamin a dan d kalsium vita rasa jeruk ml,scotts vitamin omega vitamin kalsium vita jeruk,scotts vitamin omega vitamin kalsium vita jeruk,15.0,7.0,8.0,53.3
Shopee,Mywell vitamin C/VITAMIN C+ZINC/MY WELL VIT C+ZINC/VITAMIN C 500mg/MY WELL VITAMIN C+Zinc,vitamin c+zinc,mywell vitamin cvitamin czincmy well vit czincvitamin c mgmy well vitamin czinc,mywell vitamin cvitamin czincmy well vit czincvitamin mgmy well vitamin czinc,mywell vitamin cvitamin czincmy well vit czincvitamin mgmy well vitamin czinc,12.0,11.0,1.0,8.3
Shopee,NEWLAB Paket 2 Box Fitlogy Tea Drink | Herbal Tea | Minuman Teh Hijau Herbal 56 Tea Bags,fitlogy tea drink,newlab paket box fitlogy tea drink herbal tea minuman teh hijau herbal tea bags,newlab fitlogy tea drink herbal tea minuman teh herbal tea bags,newlab fitlogy tea drink herbal tea minum teh herbal tea bags,18.0,11.0,7.0,38.9
Shopee,"Madu Zymuno - Bantu Atasi Keputihan, Kista, Haid Tidak Lancar dan Masalah Kewanitaan Lainnya",zymuno madu,madu zymuno bantu atasi keputihan kista haid tidak lancar dan masalah kewanitaan lainnya,madu zymuno bantu atasi keputihan kista haid kewanitaan,madu zymuno bantu atas putih kista haid wanita,14.0,8.0,6.0,42.9
Shopee,Caviplex isi 100 TABLET MULTIVITAMIN Kemasan Baru Daily Vitamin Imun Tubuh Menjaga Kesehatan,caviplex multivitamin,caviplex isi tablet multivitamin kemasan baru daily vitamin imun tubuh menjaga kesehatan,caviplex tablet multivitamin daily vitamin tubuh menjaga kesehatan,caviplex tablet multivitamin daily vitamin tubuh jaga sehat,13.0,8.0,5.0,38.5
Shopee,Tolak Angin Plus Madu 1 Box Isi 12 Sachet,tolak angin plus madu,tolak angin plus madu box isi sachet,tolak angin madu,tolak angin madu,9.0,3.0,6.0,66.7
Shopee,Noera Glow Me Skin Improve Formula | Kapsul Pencerah Kulit | Brightening & Anti Acne Capsule | Whitening Booster | Kapsul Jerawat BPOM | Pil Pencerah Kulit | Suplemen Pencerah Badan | Whitening Booster | Obat Herbal Jerawat | Whitening Supplement,noera glow me skin improve formula,noera glow me skin improve formula kapsul pencerah kulit brightening anti acne capsule whitening booster kapsul jerawat bpom pil pencerah kulit suplemen pencerah badan whitening booster obat herbal jerawat whitening supplement,noera glow me skin improve formula kapsul pencerah kulit brightening anti acne capsule whitening booster kapsul jerawat bpom pil pencerah kulit suplemen pencerah badan whitening booster obat herbal jerawat whitening supplement,noera glow me skin improve formula kapsul cerah kulit brightening anti acne capsule whitening booster kapsul jerawat bpom pil cerah kulit suplemen cerah badan whitening booster obat herbal jerawat whitening supplement,41.0,31.0,10.0,24.4
Shopee,Imboost Original Tablet Daya Tahan Tubuh 1 Botol - isi 30 Tablet,imboost original,imboost original tablet daya tahan tubuh botol isi tablet,imboost tablet daya tahan tubuh tablet,imboost tablet daya tahan tubuh tablet,12.0,6.0,6.0,50.0
Shopee,HEION Ashwagandha 30 Kapsul - KSM-66 Ashwaganda Extract @500mg BPOM by HEION OFFICIAL,heion ashwagandha,heion ashwagandha kapsul ksm ashwaganda extract mg bpom by heion official,heion ashwagandha kapsul ksm ashwaganda extract mg bpom by heion official,heion ashwagandha kapsul ksm ashwaganda extract mg bpom by heion official,13.0,11.0,2.0,15.4
Shopee,Madam Royale Collagen Drink | Dosis Tinggi Collagen & L Glutation | Whitening Booster Pemutih Badan,madam royale collagen drink,madam royale collagen drink dosis tinggi collagen l glutation whitening booster pemutih badan,madam royale collagen drink dosis collagen glutation whitening booster pemutih badan,madam royale collagen drink dosis collagen glutation whitening booster mutih badan,16.0,11.0,5.0,31.2
Shopee,Sumak Optima Madu Herbal Efektif Atasi Nyeri Sendi Pegal Linu dan Kesemutan Tanpa Efek Samping HALAL BPOM 135 ml,sumak madu herbal,sumak optima madu herbal efektif atasi nyeri sendi pegal linu dan kesemutan tanpa efek samping halal bpom ml,sumak optima madu herbal atasi nyeri sendi linu kesemutan efek samping bpom,sumak optima madu herbal atas nyeri sendi linu semut efek samping bpom,19.0,12.0,7.0,36.8
Shopee,Natur-E White Brightening Soft Capsule 32 tabs [DANAW32S],natur-e white brightening soft capsule,nature white brightening soft capsule tabs danaws,nature white brightening soft capsule tabs danaws,nature white brightening soft capsule tabs danaws,8.0,7.0,1.0,12.5
Shopee,Vitamin c 1000mg sidomuncul,vitamin c,vitamin c mg sidomuncul,vitamin mg sidomuncul,vitamin mg sidomuncul,4.0,3.0,1.0,25.0
Shopee,Nutrimax Vitamin Vit D3 1000 IU Memenuhi Kebutuhan Vitamin D,vitamin d3,nutrimax vitamin vit d iu memenuhi kebutuhan vitamin d,nutrimax vitamin vit iu memenuhi kebutuhan vitamin,nutrimax vitamin vit iu penuh butuh vitamin,10.0,7.0,3.0,30.0
Shopee,LALEMON FIBER DRINK,lalemon fiber drink,lalemon fiber drink,lalemon fiber drink,lalemon fiber drink,3.0,3.0,0.0,0.0
Shopee,mGanik Metafiber Yuzu - Suplemen Diabetes,mganik metafiber yuzu,mganik metafiber yuzu suplemen diabetes,mganik metafiber yuzu suplemen diabetes,mganik metafiber yuzu suplemen diabetes,6.0,5.0,1.0,16.7
Shopee,Vitamin c 1000 mg sidomuncul rasa strwaberry colagen isi 60 bks,vitamin c,vitamin c mg sidomuncul rasa strwaberry colagen isi bks,vitamin mg sidomuncul strwaberry colagen bks,vitamin mg sidomuncul strwaberry colagen bks,11.0,6.0,5.0,45.5
Shopee,ZINC TIENS - NUTRISI DAN VITAMIN ANAK ALAMI PENAMBAH NAFSU MAKAN,zinc tiens nutrisi dan vitamin anak alami,zinc tiens nutrisi dan vitamin anak alami penambah nafsu makan,zinc tiens nutrisi vitamin penambah nafsu makan,zinc tiens nutrisi vitamin tambah nafsu makan,11.0,7.0,4.0,36.4
Shopee,Bene SBP Herbal 30 Kapsul Untuk Menurunkan Berat Badan,bene sbp herbal,bene sbp herbal kapsul untuk menurunkan berat badan,bene sbp herbal kapsul menurunkan berat badan,bene sbp herbal kapsul turun berat badan,9.0,7.0,2.0,22.2
Shopee,( DISTRIBUTOR RESMI ZYMUNO ) Madu Terapi Kanker Tumor Atasi Gondok Kelenjar Getah Bening Benjolan Tingkatkan Imun Tubuh Cegah Penyakit,zymuno madu terapi,distributor resmi zymuno madu terapi kanker tumor atasi gondok kelenjar getah bening benjolan tingkatkan imun tubuh cegah penyakit,distributor zymuno madu terapi kanker tumor atasi gondok kelenjar getah bening benjolan tingkatkan tubuh cegah penyakit,distributor zymuno madu terapi kanker tumor atas gondok kelenjar getah bening benjol tingkat tubuh cegah sakit,20.0,16.0,4.0,20.0
Shopee,PROPOLIS HEPRO TRIGONA - Membantu Memelihara Daya Tahan Tubuh,propolis hepro trigona,propolis hepro trigona membantu memelihara daya tahan tubuh,propolis hepro trigona membantu memelihara daya tahan tubuh,propolis hepro trigona bantu pelihara daya tahan tubuh,9.0,8.0,1.0,11.1
Shopee,Heion Relicare 60 KAPSUL @500mg Membantu Meringankan Gangguan Lambung Heion Official,heion relicare,heion relicare kapsul mg membantu meringankan gangguan lambung heion official,heion relicare kapsul mg membantu meringankan gangguan lambung heion official,heion relicare kapsul mg bantu ringan ganggu lambung heion official,11.0,10.0,1.0,9.1
Shopee,D'ovi Beauty Whitening Booster Kapsul Kesehatan,dovi beauty whitening booster,dovi beauty whitening booster kapsul kesehatan,dovi beauty whitening booster kapsul kesehatan,dovi beauty whitening booster kapsul sehat,6.0,6.0,0.0,0.0
Shopee,biji polokyo 100% ASLI Herbal Detoks Alami Peluntur Lemak( silahkan diorder),biji polokyo,biji polokyo asli herbal detoks alami peluntur lemak silahkan diorder,polokyo herbal detoks peluntur lemak silahkan diorder,polokyo herbal detoks luntur lemak silah order,11.0,7.0,4.0,36.4
Shopee,Zymuno paket 2 Box Original - Secara Tradisional Membantu Memelihara Kondisi Kesehatan Pada Penderita Kanker,zymuno,zymuno paket box original secara tradisional membantu memelihara kondisi kesehatan pada penderita kanker,zymuno membantu memelihara kondisi kesehatan penderita kanker,zymuno bantu pelihara kondisi sehat derita kanker,15.0,7.0,8.0,53.3
Shopee,Kapsul Daun Binahong Inayah,binahong,kapsul daun binahong inayah,kapsul daun binahong inayah,kapsul daun binahong inayah,4.0,4.0,0.0,0.0
Shopee,Holisticare EsterC 30 tablet vitamin C lebih tidak perih di lambung,holisticare esterc,holisticare esterc tablet vitamin c lebih tidak perih di lambung,holisticare esterc tablet vitamin lambung,holisticare esterc tablet vitamin lambung,11.0,5.0,6.0,54.5
Shopee,Penggemuk Herbal Original Wisdom Samyun Wan 100% Herbal,penggemuk herbal,penggemuk herbal original wisdom samyun wan herbal,penggemuk herbal wisdom samyun wan herbal,gemuk herbal wisdom samyun wan herbal,8.0,6.0,2.0,25.0
Shopee,MUSCLE FIRST Pro Gainer 2lbs/900gr - Mass Gainer Penambah Berat Badan,muscle first pro gainer,muscle first pro gainer lbsgr mass gainer penambah berat badan,muscle first pro gainer lbsgr mass gainer penambah berat badan,muscle first pro gainer lbsgr mass gainer tambah berat badan,11.0,10.0,1.0,9.1
Shopee,Obat Ginjal Amandel Hipertensi Diabetes Tipes Keputihan Kista Miom Asma Sinusitis Stroke Luka Bakar Radang Psoriasis Kolesterol Maag Lambung Batu Empedu QNC Jelly Gamat Emas Original Asli 100% Jeli Jely Ori PALING AMPUH Namun Tergantung Kondisi Tubuh,qnc jelly gamat,obat ginjal amandel hipertensi diabetes tipes keputihan kista miom asma sinusitis stroke luka bakar radang psoriasis kolesterol maag lambung batu empedu qnc jelly gamat emas original asli jeli jely ori paling ampuh namun tergantung kondisi tubuh,obat ginjal amandel hipertensi diabetes tipes keputihan kista miom asma sinusitis stroke luka bakar radang psoriasis kolesterol maag lambung batu empedu qnc jelly gamat emas jeli jely ampuh tergantung kondisi tubuh,obat ginjal amandel hipertensi diabetes tipes putih kista miom asma sinusitis stroke luka bakar radang psoriasis kolesterol maag lambung batu empedu qnc jelly gamat emas jeli jely ampuh gantung kondisi tubuh,37.0,31.0,6.0,16.2
Shopee,"BLACKMORES GINKGO RECALL BPOM KALBE - 30 TAB | Suplemen Peningkat Daya Ingat, Konsentrasi Dan Demensia",blackmores ginkgo recall,blackmores ginkgo recall bpom kalbe tab suplemen peningkat daya ingat konsentrasi dan demensia,blackmores ginkgo recall bpom kalbe tab suplemen peningkat daya konsentrasi demensia,blackmores ginkgo recall bpom kalbe tab suplemen tingkat daya konsentrasi demensia,16.0,11.0,5.0,31.2
Shopee,OSB Vitamin Otak Anak dan dewasa Omar Smart Brain Kapsul 100 % Produk Asli & Original,omar smart brain,osb vitamin otak anak dan dewasa omar smart brain kapsul produk asli original,osb vitamin otak omar smart brain kapsul produk,osb vitamin otak omar smart brain kapsul produk,16.0,8.0,8.0,50.0
Shopee,EVOLENE Evomass Gainer 912 gram 2lbs | Evo Mass BPOM HALAL MUI evomas PREVO,evomass gainer,evolene evomass gainer gram lbs evo mass bpom halal mui evomas prevo,evolene evomass gainer lbs evo mass bpom mui evomas prevo,evolene evomass gainer lbs evo mass bpom mui evomas prevo,14.0,10.0,4.0,28.6
Shopee,Tolak Angin Plus Madu Sido Muncul 1 Box (12 sachet),tolak angin plus madu,tolak angin plus madu sido muncul box sachet,tolak angin madu sido muncul,tolak angin madu sido muncul,10.0,5.0,5.0,50.0
Shopee,PRO EM1 Original 90ml | Suplemen Probiotik | Anak Dewasa Lansia Bebas Gula | Bakteri baik Untuk Pencerenaan | Imun | Maag | Gerd | Usus | Sembelit,pro em1 original,pro em original ml suplemen probiotik anak dewasa lansia bebas gula bakteri baik untuk pencerenaan imun maag gerd usus sembelit,pro em suplemen probiotik gula bakteri pencerenaan maag gerd usus sembelit,pro em suplemen probiotik gula bakteri cena maag gerd usus sembelit,28.0,11.0,17.0,60.7
Shopee,Kamil 3 in 1 isi 210 kapsul ORIGINAL,kamil 3 in 1,kamil in isi kapsul original,in kapsul,in kapsul,8.0,2.0,6.0,75.0
Shopee,Kapsul Daun Insulin Insulqu Inayah Bpom,insulqu inayah,kapsul daun insulin insulqu inayah bpom,kapsul daun insulin insulqu inayah bpom,kapsul daun insulin insulqu inayah bpom,6.0,6.0,0.0,0.0
Shopee,Dapatkan hadiah gift setiap pembelian produk suplemen herbal,suplemen herbal,dapatkan hadiah gift setiap pembelian produk suplemen herbal,dapatkan hadiah gift pembelian produk suplemen herbal,dapat hadiah gift beli produk suplemen herbal,8.0,7.0,1.0,12.5
Shopee,DIETBAE - BaeSlim Diet Detox Tea | Teh Pelangsing Penurun BB,bae slim diet,dietbae baeslim diet detox tea teh pelangsing penurun bb,dietbae baeslim diet detox tea teh pelangsing penurun bb,dietbae baeslim diet detox tea teh langsing turun bb,11.0,9.0,2.0,18.2
Shopee,Masker 3 Ply 3Ply isi 50 disposable Masker Anti Debu virus Tebal Earloop Biru Putih Hijau Tali nyaman di kuping elastis LBX,masker 3 ply,masker ply ply isi disposable masker anti debu virus tebal earloop biru putih hijau tali nyaman di kuping elastis lbx,masker ply ply disposable masker anti debu virus earloop tali kuping lbx,masker ply ply disposable masker anti debu virus earloop tali kuping lbx,22.0,12.0,10.0,45.5
Shopee,WBS Masker 3ply Kesehatan Earloop 3 ply Isi 50 Face mask Headloop Disposable Protective ANTI BAKTERI MK015,wbs masker 3ply kesehatan,wbs masker ply kesehatan earloop ply isi face mask headloop disposable protective anti bakteri mk,wbs masker ply kesehatan earloop ply face mask headloop disposable protective anti bakteri mk,wbs masker ply sehat earloop ply face mask headloop disposable protective anti bakteri mk,17.0,14.0,3.0,17.6
Shopee,Masker Duckbill Mouson 4Ply 50 Pcs Dewasa,masker duckbill mouson,masker duckbill mouson ply pcs dewasa,masker duckbill mouson ply,masker duckbill mouson ply,7.0,4.0,3.0,42.9
Shopee,Masker Duckbill MOUSON IMPOR 4ply facemask Disposable ISI 50pcs,masker duckbill,masker duckbill mouson impor ply facemask disposable isi pcs,masker duckbill mouson impor ply facemask disposable,masker duckbill mouson impor ply facemask disposable,9.0,7.0,2.0,22.2
Shopee,Masker Duckbill Alkindo Hitam / Putih 3 Ply Isi 50,masker duckbill alkindo,masker duckbill alkindo hitam putih ply isi,masker duckbill alkindo ply,masker duckbill alkindo ply,10.0,4.0,6.0,60.0
Shopee,MASKER DUCKBILL FACEMASK 3PLY 4PLY BERGARIS ISI 50PCS KOTAK BIRU,masker duckbill facemask,masker duckbill facemask ply ply bergaris isi pcs kotak biru,masker duckbill facemask ply ply bergaris,masker duckbill facemask ply ply gar,10.0,6.0,4.0,40.0
Shopee,Masker Mouson KF94 4Ply Mask Korea Original Emboss Belahan Hidung V,masker mouson kf94,masker mouson kf ply mask korea original emboss belahan hidung v,masker mouson kf ply mask korea emboss belahan hidung,masker mouson kf ply mask korea emboss bahan hidung,11.0,9.0,2.0,18.2
Shopee,MASKER DUCKBILL MOUSON ISI 50 PCS,masker duckbill,masker duckbill mouson isi pcs,masker duckbill mouson,masker duckbill mouson,6.0,3.0,3.0,50.0
Shopee,MASKER KF94 MOUSON WARNA HITAM ISI 10 LEMBAR,masker kf94 mouson,masker kf mouson warna hitam isi lembar,masker kf mouson,masker kf mouson,8.0,3.0,5.0,62.5
Shopee,MASKER DUCKBILL DEWASA ONCARE 1 PACK ISI 10 PCS 3PLY EMBOS WARNA WARNI TERBARU [PERFECTHOME],masker duckbill,masker duckbill dewasa oncare pack isi pcs ply embos warna warni terbaru perfecthome,masker duckbill oncare ply embos warni perfecthome,masker duckbill oncare ply embos warni perfecthome,15.0,7.0,8.0,53.3
Shopee,FILTCARE Masker Duckbill Anak isi 10Pcs 50pcs 3ply Kids duckbill Motif 3-12 tahun,masker duckbill,filtcare masker duckbill anak isi pcs pcs ply kids duckbill motif tahun,filtcare masker duckbill ply kids duckbill,filtcare masker duckbill ply kids duckbill,13.0,6.0,7.0,53.8
Shopee,MASKER KF94 MOUSON ORIGINAL ISI 10PC PREMIUM BEST SELLER HIGH QUALITY,masker kf94,masker kf mouson original isi pc premium best seller high quality,masker kf mouson high quality,masker kf mouson high quality,11.0,5.0,6.0,54.5
Shopee,ABBIGAIL MASKER KF94 PACK KOREA 4PLY HITAM PUTIH WARNA WARNI / MASKER KF 94 KOREA 4 PLY PUTIH HITAM MIX WARNA ISI 10 PCS 1135,abbigail masker k94,abbigail masker kf pack korea ply hitam putih warna warni masker kf korea ply putih hitam mix warna isi pcs,abbigail masker kf korea ply warni masker kf korea ply,abbigail masker kf korea ply warni masker kf korea ply,25.0,10.0,15.0,60.0
Shopee,Salonpas Koyo 10 Patch,salonpas koyo,salonpas koyo patch,salonpas koyo patch,salonpas koyo patch,4.0,3.0,1.0,25.0
Shopee,MASKER KN95 PRO WE MAZE WARNA ISI 10 LEMBAR,masker kn95,masker kn pro we maze warna isi lembar,masker kn pro we maze,masker kn pro we maze,9.0,5.0,4.0,44.4
Shopee,[READY GROSIR] Masker Duckbill Hygenix Dewasa 3Ply isi 50pcs+Box izin Kemenkes Premium Quality,masker duckbill,ready grosir masker duckbill hygenix dewasa ply isi pcsbox izin kemenkes premium quality,masker duckbill hygenix ply pcsbox izin kemenkes quality,masker duckbill hygenix ply pcsbox izin kemenkes quality,13.0,8.0,5.0,38.5
Shopee,CAREION | Masker Korea KF94 KF 94 4Ply Careion Wemaze Dewasa Facemask Hitam Putih Warna Warni Isi 10 Pcs 10Pcs,careion masker korea,careion masker korea kf kf ply careion wemaze dewasa facemask hitam putih warna warni isi pcs pcs,careion masker korea kf kf ply careion wemaze facemask warni,careion masker korea kf kf ply careion wemaze facemask warni,20.0,10.0,10.0,50.0
Shopee,Masker Duckbill Hijab Headloop Garis 3Ply Garis 4Ply Premium Quality Facemask Isi 50 Pcs,masker duckbill hijab,masker duckbill hijab headloop garis ply garis ply premium quality facemask isi pcs,masker duckbill hijab headloop garis ply garis ply quality facemask,masker duckbill hijab headloop garis ply garis ply quality facemask,14.0,10.0,4.0,28.6
Shopee,[ZS21] Masker Earloop 3Ply Biru Hitam Hijau Premium 1 Box Isi 50 Pcs,masker earloop 3ply,zs masker earloop ply biru hitam hijau premium box isi pcs,zs masker earloop ply,zs masker earloop ply,13.0,4.0,9.0,69.2
Shopee,Safe Glove Latex Powdered Sarung Tangan,safe glove latex,safe glove latex powdered sarung tangan,safe glove latex powdered sarung tangan,safe glove latex powdered sarung tangan,6.0,6.0,0.0,0.0
Shopee,Masker Mouson KN95 Pro Masker Non Medis Sekali Pakai,masker mouson,masker mouson kn pro masker non medis sekali pakai,masker mouson kn pro masker non medis pakai,masker mouson kn pro masker non medis pakai,9.0,8.0,1.0,11.1
Shopee,URINE CONTAINER 60ML 100ML NON STERIL ONEMED - POT SAMPEL WADAH URIN TEMPAT KENCING MEDICALONLINE MEDICAL ONLINE,urine container,urine container ml ml non steril onemed pot sampel wadah urin tempat kencing medicalonline medical online,urine container non onemed pot sampel urin kencing medicalonline medical,urine container non onemed pot sampel urin kencing medicalonline medical,17.0,10.0,7.0,41.2
Shopee,MASKER EARLOOP HEADLOOP 3PLY 1BOX ISI 50PCS / READY BERBAGAI MACAM MASKER MERK NON WOVEN NON MEDIS MURAH,masker earloop,masker earloop headloop ply box isi pcs ready berbagai macam masker merk non woven non medis murah,masker earloop headloop ply masker merk non woven non medis,masker earloop headloop ply masker merk non woven non medis,18.0,10.0,8.0,44.4
Shopee,Masker Anak Karakter Duckbill CAREION Masker Duckbill Anak 3D ISI 50PC 1-3thn & 4-12thn - CEWE/COWO,masker anak duckbill careion,masker anak karakter duckbill careion masker duckbill anak d isi pc thn thn cewecowo,masker karakter duckbill careion masker duckbill thn thn cewecowo,masker karakter duckbill careion masker duckbill thn thn cewecowo,16.0,9.0,7.0,43.8
Shopee,APD GOWN | GOWN MEDIS | SURGICAL GOWN | DISPOSABLE SPUNDBOND / NW 35 GSM,apd gown,apd gown gown medis surgical gown disposable spundbond nw gsm,apd gown gown medis surgical gown disposable spundbond nw gsm,apd gown gown medis surgical gown disposable spundbond nw gsm,15.0,10.0,5.0,33.3
Shopee,Masker KN95 Mouson 5Ply Warna Warni Isi 10 Pcs,masker kn95 mouson,masker kn mouson ply warna warni isi pcs,masker kn mouson ply warni,masker kn mouson ply warni,9.0,5.0,4.0,44.4
Shopee,HOT ITEM-SUPER DEAL Masker KF94 Korea 4 ply impor isi 50 pcs High Quality,masker kf94,hot itemsuper deal masker kf korea ply impor isi pcs high quality,hot itemsuper deal masker kf korea ply impor high quality,hot itemsuper deal masker kf korea ply impor high quality,14.0,10.0,4.0,28.6
Shopee,(Bahan Tebal) Duckbill Garis Y&B Care earloop isi 50 pcs Facemask Garis Putih Hitam Masker 3 Ply Earloop isi 50 pcs,duckbill garis y&amp,bahan tebal duckbill garis yb care earloop isi pcs facemask garis putih hitam masker ply earloop isi pcs,duckbill garis yb care earloop facemask garis masker ply earloop,duckbill garis yb care earloop facemask garis masker ply earloop,21.0,10.0,11.0,52.4
Shopee,Selang Suction Catheter Cateter CosmoMed,suction catheter cosmed,selang suction catheter cateter cosmomed,selang suction catheter cateter cosmomed,selang suction catheter cateter cosmomed,5.0,5.0,0.0,0.0
Shopee,KF94 MASKER 10 PCS KOREA 4PLY / MASKER EVO 4D IMPORT 2 WARNA,masker evo,kf masker pcs korea ply masker evo d import warna,kf masker korea ply masker evo,kf masker korea ply masker evo,13.0,6.0,7.0,53.8
Shopee,MASKER KOREA KF 94 CAREION ISI 10 PCS WARNA WARNI MASKER 4 PLY MASKER KF94 4D WARNA -10PC,masker korea careion,masker korea kf careion isi pcs warna warni masker ply masker kf d warna pc,masker korea kf careion warni masker ply masker kf,masker korea kf careion warni masker ply masker kf,18.0,9.0,9.0,50.0
Shopee,MASKER DUCKBILL ALKINDO HITAM & PUTIH ADULT FACE MASK 3PLY BFE 95%,masker duckbill alkindo,masker duckbill alkindo hitam putih adult face mask ply bfe,masker duckbill alkindo adult face mask ply bfe,masker duckbill alkindo adult face mask ply bfe,12.0,8.0,4.0,33.3
Shopee,syringe spuit OneMed jarum suntik 1cc 3cc 5cc 10 cc Onemed Harga satuan,syringe spuit onemed jarum suntik,syringe spuit onemed jarum suntik cc cc cc cc onemed harga satuan,syringe spuit onemed jarum suntik cc cc cc cc onemed satuan,syringe spuit onemed jarum suntik cc cc cc cc onemed satu,13.0,11.0,2.0,15.4
Shopee,NEW!! KF94 ONCARE Warna 1 pack isi 10pcs / kf94 face mask high bfe,oncare kf94,new kf oncare warna pack isi pcs kf face mask high bfe,kf oncare kf face mask high bfe,kf oncare kf face mask high bfe,14.0,7.0,7.0,50.0
Shopee,MASKER KF94 KOREA VERSION 4PLY KPOP MODEL 3D IMPORT,masker kf94 korea,masker kf korea version ply kpop model d import,masker kf korea version ply kpop,masker kf korea version ply kpop,9.0,6.0,3.0,33.3
Shopee,Pipet Tetes Plastik 1 3 5 ml Pipette Plastic 1ml 3ml 5ml Pasteur Laboratorium Tinta,pipet tetes plastik,pipet tetes plastik ml pipette plastic ml ml ml pasteur laboratorium tinta,pipet tetes plastik pipette plastic pasteur laboratorium tinta,pipet tetes plastik pipette plastic pasteur laboratorium tinta,15.0,8.0,7.0,46.7
Shopee,"syringe spuit onemed jarum suntik 1cc, 3cc, 5cc 10cc onemed satuan",syringe spuit onemed jarum suntik,syringe spuit onemed jarum suntik cc cc cc cc onemed satuan,syringe spuit onemed jarum suntik cc cc cc cc onemed satuan,syringe spuit onemed jarum suntik cc cc cc cc onemed satu,11.0,11.0,0.0,0.0
Shopee,Koyo Kaki Bamboo Gold-Isi 2PCS Komplit-NIB 2606240105262,koyo kaki bamboo,koyo kaki bamboo goldisi pcs komplitnib,koyo kaki bamboo goldisi komplitnib,koyo kaki bamboo goldisi komplitnib,7.0,5.0,2.0,28.6
Shopee,MASKER KF94 CAREION MASKER KF 94 MASKER KOREA 4PLY ISI 10pc - WARNA,masker korea,masker kf careion masker kf masker korea ply isi pc warna,masker kf careion masker kf masker korea ply,masker kf careion masker kf masker korea ply,13.0,8.0,5.0,38.5
Shopee,Pot Urine 50 cc Plastik Multifungsi Transparan Wadah Cup Slime Salep Kapsul Obat 50cc 50ml 50 ml,pot urine,pot urine cc plastik multifungsi transparan wadah cup slime salep kapsul obat cc ml ml,pot urine cc plastik cup slime salep kapsul obat cc,pot urine cc plastik cup slime salep kapsul obat cc,17.0,10.0,7.0,41.2
Shopee,PITA LILA BAYI DAN IBU HAMIL MURAH (LINGKAR LENGAN ATAS) - TERBARU,pita lila,pita lila bayi dan ibu hamil murah lingkar lengan atas terbaru,pita lila hamil lingkar lengan,pita lila hamil lingkar lengan,12.0,5.0,7.0,58.3
Shopee,FREE BOX THERMOMETER DIGITAL XHF2001 - ALAT PENGUKUR SUHU BAYI DAN DEWASA - TERMOMETER DIGITAL,thermometer digital,free box thermometer digital xhf alat pengukur suhu bayi dan dewasa termometer digital,thermometer xhf alat pengukur suhu termometer,thermometer xhf alat ukur suhu termometer,15.0,6.0,9.0,60.0
Shopee,【Expired Masih Lama】 Sinoheart Strip Safe Accu 25 Stik Gula Sinoheart Accu strip cek gula darah,sinoheart strip gula,【expired masih lama】 sinoheart strip safe accu stik gula sinoheart accu strip cek gula darah,【expired lama】 sinoheart strip safe accu stik gula sinoheart accu strip cek gula darah,expired lama sinoheart strip safe accu stik gula sinoheart accu strip cek gula darah,16.0,14.0,2.0,12.5
Shopee,"EASY TOUCH STRIP GLUCOSA,URID ACID,CHOLESTROL Original",easy touch strip glucosa,easy touch strip glucosaurid acidcholestrol original,easy touch strip glucosaurid acidcholestrol,easy touch strip glucosaurid acidcholestrol,6.0,5.0,1.0,16.7
Shopee,Taff Omicron Pengukur Tekanan Darah / Tensi Darah Tensimeter Digital / Blood Pressure Monitor / Electronic Sphygmomanometer,taff omicron tensimeter digital,taff omicron pengukur tekanan darah tensi darah tensimeter digital blood pressure monitor electronic sphygmomanometer,taff omicron pengukur tekanan darah tensi darah tensimeter blood pressure monitor electronic sphygmomanometer,taff omicron ukur tekan darah tensi darah tensimeter blood pressure monitor electronic sphygmomanometer,17.0,13.0,4.0,23.5
Shopee,Termometer Digital Onemed Alpha1 / Thermometer Digital Alpha 1,termometer digital alpha 1,termometer digital onemed alpha thermometer digital alpha,termometer onemed alpha thermometer alpha,termometer onemed alpha thermometer alpha,9.0,5.0,4.0,44.4
Shopee,Thermometer Digital ThermoOne Alpha 3 OneMed,thermoone alpha,thermometer digital thermoone alpha onemed,thermometer thermoone alpha onemed,thermometer thermoone alpha onemed,6.0,4.0,2.0,33.3
Shopee,Easytouch Cholesterol Strip Isi 10 Trip Murah,easytouch cholesterol strip,easytouch cholesterol strip isi trip murah,easytouch cholesterol strip trip,easytouch cholesterol strip trip,7.0,4.0,3.0,42.9
Shopee,Termometer Dinding - Thermometer Ruang GEA Onemed - Kayu | KYOMED,thermometer ruang gea onemed,termometer dinding thermometer ruang gea onemed kayu kyomed,termometer dinding thermometer ruang gea onemed kayu kyomed,termometer dinding thermometer ruang gea onemed kayu kyomed,11.0,8.0,3.0,27.3
Shopee,Blood Lancet Onemed 28G isi 100s,blood lancet,blood lancet onemed g isi s,blood lancet onemed,blood lancet onemed,6.0,3.0,3.0,50.0
Shopee,Taff Omicron RZ204 Gelang Pengukur Tekanan Darah / Tensi Darah Tensimeter Digital / Blood Pressure Monitor / Electronic Sphygmomanometer,taff omicron tensimeter digital,taff omicron rz gelang pengukur tekanan darah tensi darah tensimeter digital blood pressure monitor electronic sphygmomanometer,taff omicron rz gelang pengukur tekanan darah tensi darah tensimeter blood pressure monitor electronic sphygmomanometer,taff omicron rz gelang ukur tekan darah tensi darah tensimeter blood pressure monitor electronic sphygmomanometer,19.0,15.0,4.0,21.1
Shopee,Blood Lancets 26G OneMed box 100pcs,blood lancets,blood lancets g onemed box pcs,blood lancets onemed,blood lancets onemed,6.0,3.0,3.0,50.0
Shopee,AUTOCHECK GULA DARAH AUTOCHECK GLUCOSE ISI 25 PER BOX MEDICAL ONLINE MEDICALONLINE,autocheck gula darah,autocheck gula darah autocheck glucose isi per box medical online medicalonline,autocheck gula darah autocheck glucose medical medicalonline,autocheck gula darah autocheck glucose medical medicalonline,12.0,7.0,5.0,41.7
Shopee,HTC HTC-1 HTC-2 Thermometer Hygrometer Digital Higrometer Termometer Ruangan Clock Temperature Humidity,thermometer,htc htc htc thermometer hygrometer digital higrometer termometer ruangan clock temperature humidity,htc htc htc thermometer hygrometer higrometer termometer ruangan clock temperature humidity,htc htc htc thermometer hygrometer higrometer termometer ruang clock temperature humidity,12.0,11.0,1.0,8.3
Shopee,STRIP AUTOCHECK Cholesterol / Strip Kolesterol - ISI 10 STRIP,strip kolesterol,strip autocheck cholesterol strip kolesterol isi strip,strip autocheck cholesterol strip kolesterol strip,strip autocheck cholesterol strip kolesterol strip,10.0,6.0,4.0,40.0
Shopee,ONEMED TERMOMETER DIGITAL ALPHA 1G / THERMO ONE ALPHA 2G TERMOMETER ONEMED,onemed termometer digital,onemed termometer digital alpha g thermo one alpha g termometer onemed,onemed termometer alpha thermo one alpha termometer onemed,onemed termometer alpha thermo one alpha termometer onemed,12.0,8.0,4.0,33.3
Shopee,Thermometer ThermoOne Alpha 1G OneMed untuk Mengukur Suhu Tubuh(1 Pcs),thermoone alpha,thermometer thermoone alpha g onemed untuk mengukur suhu tubuh pcs,thermometer thermoone alpha onemed mengukur suhu tubuh,thermometer thermoone alpha onemed ukur suhu tubuh,10.0,7.0,3.0,30.0
Shopee,"PAKET Murah Sinocare Sinoheart Safe Accu 1 Alat Tes Gula Darah Glukosa 1 Paket Lengkap (1 Buah Alat - 1 Buah Pen Lancet - 25 pcs Jarum - 28G, 25pcs Strip Gula, - 25 pcs Alcohol Swabs ONEMED)",sinocare sinoheart safe accu,paket murah sinocare sinoheart safe accu alat tes gula darah glukosa paket lengkap buah alat buah pen lancet pcs jarum g pcs strip gula pcs alcohol swabs onemed,sinocare sinoheart safe accu alat tes gula darah glukosa alat pen lancet jarum strip gula alcohol swabs onemed,sinocare sinoheart safe accu alat tes gula darah glukosa alat pen lancet jarum strip gula alcohol swabs onemed,38.0,18.0,20.0,52.6
Shopee,STRIP AUTOCHECK GULA DARAH STRIP STIK AUTOCHECK BLOOD GLUCOSE 25 STRIP,strip autocheck gula darah,strip autocheck gula darah strip stik autocheck blood glucose strip,strip autocheck gula darah strip stik autocheck blood glucose strip,strip autocheck gula darah strip stik autocheck blood glucose strip,11.0,10.0,1.0,9.1
Shopee,Blood Lancet / Jarum Lancet GEA / isi 100,blood lancet,blood lancet jarum lancet gea isi,blood lancet jarum lancet gea,blood lancet jarum lancet gea,9.0,5.0,4.0,44.4
Shopee,Plossa Minyak Angin Aromaterapi Inhaler 4in1 10ml,plossa minyak angin,plossa minyak angin aromaterapi inhaler in ml,plossa minyak angin aromaterapi inhaler in,plossa minyak angin aromaterapi inhaler in,7.0,6.0,1.0,14.3
Shopee,ARJUNA Kool Fever Cool Fever Plester Kompres Demam Bayi Anak Cooling Patch Koolfever 1 Pcs Gel KT4,kool fever plester kompres demam bayi,arjuna kool fever cool fever plester kompres demam bayi anak cooling patch koolfever pcs gel kt,arjuna kool fever cool fever plester kompres demam cooling patch koolfever gel kt,arjuna kool fever cool fever plester kompres demam cooling patch koolfever gel kt,17.0,13.0,4.0,23.5
Shopee,CAP LANG Minyak Kayu Putih Roll On 15 ml,minyak kayu putih,cap lang minyak kayu putih roll on ml,cap lang minyak kayu on,cap lang minyak kayu on,9.0,5.0,4.0,44.4
Shopee,OneMed Ultrafix 5cmx5m Plester Penutup Luka Hypoallergenic,ultrafix plester,onemed ultrafix cmxm plester penutup luka hypoallergenic,onemed ultrafix cmxm plester penutup luka hypoallergenic,onemed ultrafix cmxm plester tutup luka hypoallergenic,7.0,7.0,0.0,0.0
Shopee,AS Fresh Care Minyak Angin Roll On Aromatherapy Freshcare Press Relax 10 ML Kerokan / Ngerok,as fresh care minyak angin,as fresh care minyak angin roll on aromatherapy freshcare press relax ml kerokan ngerok,as fresh care minyak angin on aromatherapy freshcare press relax kerokan ngerok,as fresh care minyak angin on aromatherapy freshcare press relax kero ngerok,16.0,12.0,4.0,25.0
Shopee,Fresh Care Minyak Angin Aromatherapy 10mL Freshcare,fresh care minyak angin,fresh care minyak angin aromatherapy ml freshcare,fresh care minyak angin aromatherapy freshcare,fresh care minyak angin aromatherapy freshcare,7.0,6.0,1.0,14.3
Shopee,Minyak Kayu Putih Cap Lang (️BPOM) | Caplang 15 | 30 | 60 | 120 ml,minyak kayu putih,minyak kayu putih cap lang ️bpom caplang ml,minyak kayu cap lang ️bpom,minyak kayu cap lang bpom,16.0,5.0,11.0,68.8
Shopee,Kotak Obat Mini / Storage Box Case Container / Wadah Tempat Penyimpanan Pil Kapsul Serbaguna,kotak obat,kotak obat mini storage box case container wadah tempat penyimpanan pil kapsul serbaguna,obat storage case container penyimpanan pil kapsul,obat storage case container simpan pil kapsul,15.0,7.0,8.0,53.3
Shopee,FRESH CARE Teens | Minyak Angin Aromatheraphy Roll On 10ml | Tnt Beauty Shop,fresh care teens minyak angin,fresh care teens minyak angin aromatheraphy roll on ml tnt beauty shop,fresh care teens minyak angin aromatheraphy on tnt beauty,fresh care teens minyak angin aromatheraphy on tnt beauty,14.0,9.0,5.0,35.7
Shopee,Minyak Sereh Sitronela Cap Lang Original,minyak sereh sitronela,minyak sereh sitronela cap lang original,minyak sereh sitronela cap lang,minyak sereh sitronela cap lang,6.0,5.0,1.0,16.7
Shopee,MUMTAAZZTORE SOFRESH SO FRESH MINYAK ANGIN AROMATHERAPY ART WC,mumtazztoresofresh,mumtaazztore sofresh so fresh minyak angin aromatherapy art wc,mumtaazztore sofresh so fresh minyak angin aromatherapy art wc,mumtaazztore sofresh so fresh minyak angin aromatherapy art wc,9.0,9.0,0.0,0.0
Shopee,Morinz Fresh Care Aromatherapy / Minyak angin / Smash Matcha VapoBalm 8ml & 10ml,smash matcha vapo,morinz fresh care aromatherapy minyak angin smash matcha vapobalm ml ml,morinz fresh care aromatherapy minyak angin smash matcha vapobalm,morinz fresh care aromatherapy minyak angin smash matcha vapobalm,14.0,9.0,5.0,35.7
Shopee,One Swabs Kapas Alkohol 2ply OneMed box 100pcs OJ,one swabs alkohol,one swabs kapas alkohol ply onemed box pcs oj,one swabs kapas alkohol ply onemed oj,one swabs kapas alkohol ply onemed oj,9.0,7.0,2.0,22.2
Shopee,Hansaplast Plester Transparan Tahan Air Transparent isi 10 P3K Bening,hansaplast plester,hansaplast plester transparan tahan air transparent isi pk bening,hansaplast plester tahan air transparent pk bening,hansaplast plester tahan air transparent pk bening,10.0,7.0,3.0,30.0
Shopee,Minyak angin aromatic 1001 aromateraphy,minyak angin aromatic,minyak angin aromatic aromateraphy,minyak angin aromatic aromateraphy,minyak angin aromatic aromateraphy,5.0,4.0,1.0,20.0
Shopee,SALEP GATEL EKSIM PANU KURAP KUDIS ALERGI PSORIASIS ORANG TUA HUATUOBAIFULING,salep gatel,salep gatel eksim panu kurap kudis alergi psoriasis orang tua huatuobaifuling,salep gatel eksim panu kurap kudis alergi psoriasis orang huatuobaifuling,salep gatel eksim panu kurap kudis alergi psoriasis orang huatuobaifuling,11.0,10.0,1.0,9.1
Shopee,HANDSAPLAST KARAKTER / PLESTER LUKA / PLESTER KOREA,handsaplast plester,handsaplast karakter plester luka plester korea,handsaplast karakter plester luka plester korea,handsaplast karakter plester luka plester korea,8.0,6.0,2.0,25.0
Shopee,ONEMED Alkohol Swab / Kapas Alkohol / Tissue Alkohol/ Oneswabs / One Swab OOF,onemed alkohol swab,onemed alkohol swab kapas alkohol tissue alkohol oneswabs one swab oof,onemed alkohol swab kapas alkohol tissue alkohol oneswabs one swab oof,onemed alkohol swab kapas alkohol tissue alkohol oneswabs one swab oof,14.0,11.0,3.0,21.4
Shopee,Salep Walet Original Cream / Salep iritasi / Salep gatal,salep walet,salep walet original cream salep iritasi salep gatal,salep walet cream salep iritasi salep,salep walet cream salep iritasi salep,10.0,6.0,4.0,40.0
Shopee,One Swabs Alkohol OneMed / Tissue Alkohol Swab Box 100pc Promo Murah,one swabs alkohol,one swabs alkohol onemed tissue alkohol swab box pc promo murah,one swabs alkohol onemed tissue alkohol swab,one swabs alkohol onemed tissue alkohol swab,12.0,7.0,5.0,41.7
Shopee,Alkohol Swab OneMed BOX isi 100lbr,alkohol swab onemed,alkohol swab onemed box isi lbr,alkohol swab onemed lbr,alkohol swab onemed lbr,6.0,4.0,2.0,33.3
Shopee,[MILOLI] 1Pcs CUTE BANDAGE WRITING FINGER TAPE Perban/ Plaster Pelindung Jari Aesthetic - F0160,bandage writing finger tape,miloli pcs cute bandage writing finger tape perban plaster pelindung jari aesthetic f,miloli cute bandage writing finger tape perban plaster pelindung jari aesthetic,miloli cute bandage writing finger tape perban plaster lindung jari aesthetic,14.0,11.0,3.0,21.4
Shopee,Miconazole cream 10gr PT MULIA FARMA,miconazole cream,miconazole cream gr pt mulia farma,miconazole cream pt farma,miconazole cream pt farma,6.0,4.0,2.0,33.3
Shopee,HANSAPLAST BOX PLESTER LUKA HANSAPLAST 100Pcs,hansaplast plester,hansaplast box plester luka hansaplast pcs,hansaplast plester luka hansaplast,hansaplast plester luka hansaplast,6.0,4.0,2.0,33.3
Shopee,KUKE Kotak Obat Mini Transparant/ Storage Box Wadah Tempat Penyimpanan Pil Kapsul Aksesoris,kuke kotak obat,kuke kotak obat mini transparant storage box wadah tempat penyimpanan pil kapsul aksesoris,kuke obat transparant storage penyimpanan pil kapsul aksesoris,kuke obat transparant storage simpan pil kapsul aksesoris,13.0,8.0,5.0,38.5
Shopee,Hansaplast Salep Luka 20g - Salep Perawatan Luka & Kulit yang Rusak,hansaplast salep luka,hansaplast salep luka g salep perawatan luka kulit yang rusak,hansaplast salep luka salep perawatan luka kulit,hansaplast salep luka salep awat luka kulit,12.0,7.0,5.0,41.7
Shopee,OneMed Kasa Steril 16x16 / Kasa Steril 10 x 10 cm,kasa steril,onemed kasa steril x kasa steril x cm,onemed kasa kasa,onemed kasa kasa,11.0,3.0,8.0,72.7
Shopee,Salep gatal paling ampuh Obat gatal selangkangan salep gatal kulit yang ampuh 30g Salep gatal selangkangan Salep gatal pada miss v Anti jamur Menghilangkan Psoriasis Eksim Kurap Obat Gatal Kelamin Obat Gatal Bokong Dan Selangkangan,salep gatal,salep gatal paling ampuh obat gatal selangkangan salep gatal kulit yang ampuh g salep gatal selangkangan salep gatal pada miss v anti jamur menghilangkan psoriasis eksim kurap obat gatal kelamin obat gatal bokong dan selangkangan,salep ampuh obat selangkangan salep kulit ampuh salep selangkangan salep miss anti jamur menghilangkan psoriasis eksim kurap obat kelamin obat selangkangan,salep ampuh obat selangkang salep kulit ampuh salep selangkang salep miss anti jamur hilang psoriasis eksim kurap obat kelamin obat selangkang,35.0,21.0,14.0,40.0
Shopee,Miconazole 2% Cream / Infeksi Jamur / Kadas / Kurap / Panu (10 Gram),miconazole cream,miconazole cream infeksi jamur kadas kurap panu gram,miconazole cream infeksi jamur kadas kurap panu,miconazole cream infeksi jamur kadas kurap panu,14.0,7.0,7.0,50.0
Shopee,Miconazole 2% Cream 10 Gr - Krim Infeksi Jamur,miconazole krim,miconazole cream gr krim infeksi jamur,miconazole cream krim infeksi jamur,miconazole cream krim infeksi jamur,9.0,5.0,4.0,44.4
Shopee,Minyak Kayu Putih Cap Lang Caplang 15ml,minyak kayu putih,minyak kayu putih cap lang caplang ml,minyak kayu cap lang,minyak kayu cap lang,7.0,4.0,3.0,42.9
Shopee,Hansaplast Kain Roll Plester Luka 1.25cm x 1m,hansaplast plester luka,hansaplast kain roll plester luka cm x m,hansaplast kain plester luka,hansaplast kain plester luka,8.0,4.0,4.0,50.0
Shopee,"Gidcare Xpresplast Plester Rol Kain 1,25cm x 4,5m / Sejenis Leukoplast",gidcare xpresplast plester,gidcare xpresplast plester rol kain cm x m sejenis leukoplast,gidcare xpresplast plester rol kain sejenis leukoplast,gidcare xpresplast plester rol kain jenis leukoplast,11.0,7.0,4.0,36.4
Shopee,One Swab (Alkohol Swab) OneMed,one swab alkohol,one swab alkohol swab onemed,one swab alkohol swab onemed,one swab alkohol swab onemed,5.0,5.0,0.0,0.0
Shopee,Ketoconazole cream 10gr PT MULIA,ketoconazole cream,ketoconazole cream gr pt mulia,ketoconazole cream pt,ketoconazole cream pt,5.0,3.0,2.0,40.0
Shopee,4Pcs Kotak Tempat Obat - Kotak Tempat penyimpanan Obat Serbaguna - SC,kotak tempat obat,pcs kotak tempat obat kotak tempat penyimpanan obat serbaguna sc,obat penyimpanan obat sc,obat simpan obat sc,12.0,4.0,8.0,66.7
Shopee,RESIDA CAIR 10ml SEBAGAI PENGGANTI KALPANAK kalpanax CAIR ORIGINAL OBAT KULIT PANU KADAS KURAP KUDIS DAN PANU RESIDA SC,resida cair kalpanax,resida cair ml sebagai pengganti kalpanak kalpanax cair original obat kulit panu kadas kurap kudis dan panu resida sc,resida pengganti kalpanak kalpanax obat kulit panu kadas kurap kudis panu resida sc,resida ganti kalpanak kalpanax obat kulit panu kadas kurap kudis panu resida sc,19.0,13.0,6.0,31.6
Shopee,Minyak Angin Aromatic 1001 Roll On 4 Varian,minyak angin aromatic,minyak angin aromatic roll on varian,minyak angin aromatic on varian,minyak angin aromatic on varian,8.0,5.0,3.0,37.5
Shopee,Koolfever For Baby 1 Sachet,koolfever,koolfever for baby sachet,koolfever for baby,koolfever for baby,5.0,3.0,2.0,40.0
Shopee,FreshCare Minyak Angin AromaTherapy Aroma Therapy 10ml Teens Press & Relax / Eucalyptus Patch,freshcare minyak angin,freshcare minyak angin aromatherapy aroma therapy ml teens press relax eucalyptus patch,freshcare minyak angin aromatherapy aroma therapy teens press relax eucalyptus patch,freshcare minyak angin aromatherapy aroma therapy teens press relax eucalyptus patch,14.0,11.0,3.0,21.4
Shopee,Niacef 4% Gel 15 Gram - Merawat Kulit Berjerawat dan Samarkan Noda Hitam,niacef gel,niacef gel gram merawat kulit berjerawat dan samarkan noda hitam,niacef gel merawat kulit berjerawat samarkan noda,niacef gel rawat kulit jerawat samar noda,13.0,7.0,6.0,46.2
Shopee,Kasa Verban Perban OneMed 4yard x 15cm pak isi 5 rol OL,kasa verban perban onemed,kasa verban perban onemed yard x cm pak isi rol ol,kasa verban perban onemed yard rol ol,kasa verban perban onemed yard rol ol,12.0,7.0,5.0,41.7
Shopee,HANSAPLAST BOX FUN JUNIOR 1 PAK 100 STRIPS,hansaplast box fun junior,hansaplast box fun junior pak strips,hansaplast fun strips,hansaplast fun strips,8.0,3.0,5.0,62.5
Shopee,SALEP GATAL LAI SHENG YUAN ORIGINAL SALEB GATEL SELANGKANGAN KUTU AIR EKSIM SCABIES KUDIS KURAP KADAS OBAT KRIM RINGWORM CREAM SALAP ALERGI JAMUR PANU AMPUH HOLOGRAM GOLD MURNI ASLI,salep gatal laian original,salep gatal lai sheng yuan original saleb gatel selangkangan kutu air eksim scabies kudis kurap kadas obat krim ringworm cream salap alergi jamur panu ampuh hologram gold murni asli,salep lai sheng yuan saleb gatel selangkangan kutu air eksim scabies kudis kurap kadas obat krim ringworm cream salap alergi jamur panu ampuh hologram gold murni,salep lai sheng yuan saleb gatel selangkang kutu air eksim scabies kudis kurap kadas obat krim ringworm cream salap alergi jamur panu ampuh hologram gold murni,29.0,26.0,3.0,10.3
Shopee,Povidone Iodine Onemed 15ml Povidone Iodine 15ml Onemed Povidon Iodin 15ml,povidone iodine,povidone iodine onemed ml povidone iodine ml onemed povidon iodin ml,povidone iodine onemed povidone iodine onemed povidon iodin,povidone iodine onemed povidone iodine onemed povidon iodin,11.0,8.0,3.0,27.3
Shopee,Jessen Kasa Steril Onemed 16x16cm & 10x10x 8 PLY,jessen kasa steril,jessen kasa steril onemed xcm xx ply,jessen kasa onemed xcm xx ply,jessen kasa onemed xcm xx ply,9.0,6.0,3.0,33.3
Shopee,Benzolac 2.5% Gel 5 g,benzolac gel,benzolac gel g,benzolac gel,benzolac gel,5.0,2.0,3.0,60.0
Shopee,Alkohol 70% 100ml Onemed Alkohol Onemed 70% 100ml Alkohol Onemed 100ml Alkohol 100ml,alkohol onemed,alkohol ml onemed alkohol onemed ml alkohol onemed ml alkohol ml,alkohol onemed alkohol onemed alkohol onemed alkohol,alkohol onemed alkohol onemed alkohol onemed alkohol,13.0,7.0,6.0,46.2
Shopee,OneMed Alkohol 70 persen 100 ml,onemed alkohol,onemed alkohol persen ml,onemed alkohol persen,onemed alkohol persen,6.0,3.0,3.0,50.0
Shopee,Kasa Steril 16x16cm KS B10 Onemed 2 Box Free Plesterin One Amplop Isi 5,kasa steril,kasa steril xcm ks b onemed box free plesterin one amplop isi,kasa xcm ks onemed plesterin one amplop,kasa xcm ks onemed plesterin one amplop,14.0,7.0,7.0,50.0
Shopee,Kalpanax Cair = RESIDA Cair 10 ml - Obat panu kadas kurap gatal gatal Ampuh,kalpanax cair,kalpanax cair resida cair ml obat panu kadas kurap gatal gatal ampuh,kalpanax resida obat panu kadas kurap ampuh,kalpanax resida obat panu kadas kurap ampuh,15.0,7.0,8.0,53.3
Shopee,Ecodine 10ml Povidone Iodine 10ml Antiseptik Povidon Iodin 10ml Povidone Iodine Onemed 10ml,ecodine povidone iodine,ecodine ml povidone iodine ml antiseptik povidon iodin ml povidone iodine onemed ml,ecodine povidone iodine antiseptik povidon iodin povidone iodine onemed,ecodine povidone iodine antiseptik povidon iodin povidone iodine onemed,13.0,9.0,4.0,30.8
Shopee,MELOLIN UKURAN 10X10 - MELOLIN PAD - MELOLIN,melolin,melolin ukuran x melolin pad melolin,melolin melolin pad melolin,melolin melolin pad melolin,8.0,4.0,4.0,50.0
Shopee,6/12 Pcs Plester Mata Ikan Penghilang Kutil Kapalan Foot Corn Removal /Plaster Obat Kutil/Plester Kutil Mata Ikan Kapalan Foot Corn Removal Sumifun,plester mata ikan penghilang kutil,pcs plester mata ikan penghilang kutil kapalan foot corn removal plaster obat kutilplester kutil mata ikan kapalan foot corn removal sumifun,plester mata ikan penghilang kutil kapalan foot corn removal plaster obat kutilplester kutil mata ikan kapalan foot corn removal sumifun,plester mata ikan hilang kutil kapal foot corn removal plaster obat kutilplester kutil mata ikan kapal foot corn removal sumifun,22.0,20.0,2.0,9.1
Shopee,Minyak Kayu Putih Cap Lang Caplang 60ml Untuk Perut Kembung,minyak kayu putih,minyak kayu putih cap lang caplang ml untuk perut kembung,minyak kayu cap lang perut kembung,minyak kayu cap lang perut kembung,10.0,6.0,4.0,40.0
Shopee,Balatif Resida Cair 10ml Obat Panu Efektif,balatif resida cair,balatif resida cair ml obat panu efektif,balatif resida obat panu,balatif resida obat panu,7.0,4.0,3.0,42.9
Shopee,Salep 2-4 Afiat 30 gr mengatasi masalah kulit Salep Afiat 30gr,afiat salep,salep afiat gr mengatasi masalah kulit salep afiat gr,salep mengatasi kulit salep,salep atas kulit salep,11.0,4.0,7.0,63.6
Shopee,ECERAN Kasa Hexa Husada Kasa Hidrophile 16x16cm - 12 lembar Perban Verban Sterile P3K,kasa hexa husada,eceran kasa hexa husada kasa hidrophile xcm lembar perban verban sterile pk,eceran kasa hexa husada kasa hidrophile xcm perban verban sterile pk,ecer kasa hexa husada kasa hidrophile xcm perban verban sterile pk,14.0,11.0,3.0,21.4
Shopee,Peka 5gram / Bubuk Peka / Sebuk PK Obat Kulit Gatal Jamur Cacar,peka bubuk,peka gram bubuk peka sebuk pk obat kulit gatal jamur cacar,bubuk sebuk pk obat kulit jamur cacar,bubuk sebuk pk obat kulit jamur cacar,13.0,7.0,6.0,46.2
Shopee,"Minyak Tawon/DD 30ML, EE 60ML, FF 90ML/top.kingg",minyak tawon,minyak tawondd ml ee ml ff mltopkingg,minyak tawondd ee ff mltopkingg,minyak tawondd ee ff mltopkingg,7.0,5.0,2.0,28.6
Shopee,Alkohol Swab / Kapas Alkohol / Tissue Alkohol One Med,alkohol swab,alkohol swab kapas alkohol tissue alkohol one med,alkohol swab kapas alkohol tissue alkohol one med,alkohol swab kapas alkohol tissue alkohol one med,10.0,8.0,2.0,20.0
Shopee,Kasa Hidrofil 16x16cm Narita Farma 10pcs/box / Kasa Steril Hidrophile,kasa hidrofil,kasa hidrofil xcm narita farma pcsbox kasa steril hidrophile,kasa hidrofil xcm narita farma pcsbox kasa hidrophile,kasa hidrofil xcm narita farma pcsbox kasa hidrophile,10.0,8.0,2.0,20.0
Shopee,Kassa Steril 16x16 Hexa Husada Isi 10 Buah,kassa steril,kassa steril x hexa husada isi buah,kassa hexa husada,kassa hexa husada,8.0,3.0,5.0,62.5
Shopee,"RESIDA Cair 10 ml || Obat Jamur Panu, Kudis, Kadas & Kurap",resida cair,resida cair ml obat jamur panu kudis kadas kurap,resida obat jamur panu kudis kadas kurap,resida obat jamur panu kudis kadas kurap,12.0,7.0,5.0,41.7
Shopee,Kantong PIPIS Urine Wanita Pria Portable Emergency Outdoor di mobil Travel Portable / kantung Urine / Alat Pipis / Urine Bag / Urinoir Bag / Toilet Portable / Pee Bag / Kantong Kencing Sekali /kantong kencing wanita travel,kantong pipis,kantong pipis urine wanita pria portable emergency outdoor di mobil travel portable kantung urine alat pipis urine bag urinoir bag toilet portable pee bag kantong kencing sekali kantong kencing wanita travel,kantong pipis urine portable emergency outdoor travel portable kantung urine alat pipis urine bag urinoir bag toilet portable pee bag kantong kencing kantong kencing travel,kantong pipis urine portable emergency outdoor travel portable kantung urine alat pipis urine bag urinoir bag toilet portable pee bag kantong kencing kantong kencing travel,38.0,25.0,13.0,34.2
Shopee,Silicone Scar Sheets Mandjur - Plaster penghilang bekas luka keloid,silicone scar sheets,silicone scar sheets mandjur plaster penghilang bekas luka keloid,silicone scar sheets mandjur plaster penghilang bekas luka keloid,silicone scar sheets mandjur plaster hilang bekas luka keloid,10.0,9.0,1.0,10.0
Shopee,NARITA kasa steril 16x16 / kassa hydrofil steril NARITA Farma,nirita kasa,narita kasa steril x kassa hydrofil steril narita farma,narita kasa kassa hydrofil narita farma,narita kasa kassa hydrofil narita farma,10.0,6.0,4.0,40.0
Shopee,Kasa Hidrofil 16 x 16 Cm Hexahusada Kasa Kotak Hodrophile / Box P5,kasa hidrofil,kasa hidrofil x cm hexahusada kasa kotak hodrophile box p,kasa hidrofil hexahusada kasa hodrophile,kasa hidrofil hexahusada kasa hodrophile,13.0,5.0,8.0,61.5
Shopee,SALEP SF PKS BIRU ORIGINAL 100 %,salep sf,salep sf pks biru original,salep sf pks,salep sf pks,7.0,3.0,4.0,57.1
Shopee,Kotak Obat Mika Apotek kecil 20 x 5 x 7 Rumah sakit dan Klinik,mika apotek,kotak obat mika apotek kecil x x rumah sakit dan klinik,obat mika apotek rumah klinik,obat mika apotek rumah klinik,14.0,5.0,9.0,64.3
Shopee,Melolin 10 x 10 cm Penyerap Luka Eksudat,melolin,melolin x cm penyerap luka eksudat,melolin penyerap luka eksudat,melolin serap luka eksudat,8.0,4.0,4.0,50.0
Shopee,Taisho Counterpain Cream 15 Gr - Pereda Nyeri Otot & Sendi,taisho counterpain cream,taisho counterpain cream gr pereda nyeri otot sendi,taisho counterpain cream pereda nyeri otot sendi,taisho counterpain cream reda nyeri otot sendi,11.0,7.0,4.0,36.4
Shopee,HEXA HUSADA - Kasa Steril 16x16,kasa steril,hexa husada kasa steril x,hexa husada kasa,hexa husada kasa,6.0,3.0,3.0,50.0
Shopee,Kasa Steril 16 x 16 Cm Onemed KSB 10 / Box P3,kasa steril,kasa steril x cm onemed ksb box p,kasa onemed ksb,kasa onemed ksb,12.0,3.0,9.0,75.0
Shopee,Plester Luka Kedap Air 10cmx5m Non Moven Ultrafix Onemed & Healthcare Roll,plester luka,plester luka kedap air cmxm non moven ultrafix onemed healthcare roll,plester luka kedap air cmxm non moven ultrafix onemed healthcare,plester luka kedap air cmxm non moven ultrafix onemed healthcare,12.0,10.0,2.0,16.7
Shopee,"(MUTIARA ALKES) Isopore 1,25cm x 9,2m + Dispenser Onemed Plester Kertas Medical",isopore plester,mutiara alkes isopore cm x m dispenser onemed plester kertas medical,mutiara alkes isopore dispenser onemed plester kertas medical,mutiara alkes isopore dispenser onemed plester kertas medical,12.0,8.0,4.0,33.3
Shopee,XPRESS ! MKP LANG Minyak Kayu Putih Cap 30 60 120 210 ml Caplang,xpress mkp minyak kayu putih,xpress mkp lang minyak kayu putih cap ml caplang,xpress mkp lang minyak kayu cap,xpress mkp lang minyak kayu cap,14.0,6.0,8.0,57.1
Shopee,[COD] Kasa Steril HEXA HUSADA Kasa Hidrofil 16 x 16 cm Onemed Box isi 12 lbr,kasa steril hexa,cod kasa steril hexa husada kasa hidrofil x cm onemed box isi lbr,kasa hexa husada kasa hidrofil onemed lbr,kasa hexa husada kasa hidrofil onemed lbr,16.0,7.0,9.0,56.2
Shopee,Kotak Obat Mika / Apotek jumbo ukuran 23 x 8 x 7 / Puskesmas / Rumah Sakit.,mika apotek,kotak obat mika apotek jumbo ukuran x x puskesmas rumah sakit,obat mika apotek puskesmas rumah,obat mika apotek puskesmas rumah,17.0,5.0,12.0,70.6
Shopee,Nearforest Calendula Skin Savior Hydrating Balm Krim Pereda Gatal Eksim dan Kulit Sensitif,nearforest calendula skin savior,nearforest calendula skin savior hydrating balm krim pereda gatal eksim dan kulit sensitif,nearforest calendula skin savior hydrating balm krim pereda eksim kulit,nearforest calendula skin savior hydrating balm krim reda eksim kulit,13.0,10.0,3.0,23.1
Shopee,PLESTER DERMAFIX Transparan 10cm × 25cm / Harga per Lembar,dermalfix,plester dermafix transparan cm × cm harga per lembar,plester dermafix,plester dermafix,10.0,2.0,8.0,80.0
Shopee,BIO HERBAL MEILIBAHENLING BPOM Salep Cream PENGILANG BEKAS LUKA,bio herbal meilibahenling,bio herbal meilibahenling bpom salep cream pengilang bekas luka,bio herbal meilibahenling bpom salep cream pengilang bekas luka,bio herbal meilibahenling bpom salep cream kilang bekas luka,9.0,9.0,0.0,0.0
Shopee,Koolfever Baby [1 pcs] - Plester Kompres Demam Bayi Penurun Panas,koolfever baby plester kompres demam bayi,koolfever baby pcs plester kompres demam bayi penurun panas,koolfever baby plester kompres demam penurun panas,koolfever baby plester kompres demam turun panas,11.0,7.0,4.0,36.4
Shopee,MIISOO Penyangga Masker 3d Mask Bracket Silikon SIRKULASI UDARA Lancar 3D MASK Holder,mii soo penyangga masker,miisoo penyangga masker d mask bracket silikon sirkulasi udara lancar d mask holder,miisoo penyangga masker mask bracket silikon sirkulasi udara mask holder,miisoo sangga masker mask bracket silikon sirkulasi udara mask holder,13.0,10.0,3.0,23.1
Shopee,Onemed Alkohol 70 Persen 1 Liter,onemed alkohol,onemed alkohol persen liter,onemed alkohol persen,onemed alkohol persen,6.0,3.0,3.0,50.0
Shopee,"Isopore 1,25cm x 9,2m seperti micropore Surgical Tape Paper Tape Plester Luka",isopore,isopore cm x m seperti micropore surgical tape paper tape plester luka,isopore micropore surgical tape paper tape plester luka,isopore micropore surgical tape paper tape plester luka,12.0,8.0,4.0,33.3
Shopee,Kotak Penyimpanan Obat Apotek kertas premium ukuran kecil 15 x 5 x 5.6,kotak penyimpanan obat,kotak penyimpanan obat apotek kertas premium ukuran kecil x x,penyimpanan obat apotek kertas,simpan obat apotek kertas,13.0,4.0,9.0,69.2
Shopee,Niacef 4% Gel 15 g,niacef gel,niacef gel g,niacef gel,niacef gel,5.0,2.0,3.0,60.0
Shopee,PLOSSA BESAR 10ML 4 in 1 ROLL ON INHALER Aromatherapy Minyak Angin Roll On PRESS SOOTHE AROMATICS AROMATERAPI EUCALYPTUS RED HOT PANASIN PEGAL LINU PLOSA SARANGHEYO KOREAN KOREA STRAWBERRY,plossa aromatherapy,plossa besar ml in roll on inhaler aromatherapy minyak angin roll on press soothe aromatics aromaterapi eucalyptus red hot panasin pegal linu plosa sarangheyo korean korea strawberry,plossa in on inhaler aromatherapy minyak angin on press soothe aromatics aromaterapi eucalyptus red hot panasin linu plosa sarangheyo korean korea strawberry,plossa in on inhaler aromatherapy minyak angin on press soothe aromatics aromaterapi eucalyptus red hot panasin linu plosa sarangheyo korean korea strawberry,29.0,22.0,7.0,24.1
Shopee,Kasa Lipat Steril 10cm X 12cm Isi 5 Pcs,kasa lipat steril,kasa lipat steril cm x cm isi pcs,kasa lipat,kasa lipat,9.0,2.0,7.0,77.8
Shopee,Kotak Obat Kertas Premium 20 x 6 x 7,kotak obat kertas,kotak obat kertas premium x x,obat kertas,obat kertas,9.0,2.0,7.0,77.8
Shopee,"CAP LANG Minyak Kayu Putih 120 ml - Memberikan rasa hangat, Meringankan Sakit Perut, Perut Kembung, dan Rasa Mual",minyak kayu putih,cap lang minyak kayu putih ml memberikan rasa hangat meringankan sakit perut perut kembung dan rasa mual,cap lang minyak kayu meringankan perut perut kembung mual,cap lang minyak kayu ringan perut perut kembung mual,19.0,9.0,10.0,52.6
Shopee,SALEP ZWAFEL 24 2-4 HOLI 30 GRAM,salep zwafel,salep zwafel holi gram,salep zwafel holi,salep zwafel holi,7.0,3.0,4.0,57.1
Shopee,OneMed Ultrafix 5Cm x 5M Plester Medis Non Woven AN,onemed ultrafix,onemed ultrafix cm x m plester medis non woven an,onemed ultrafix plester medis non woven an,onemed ultrafix plester medis non woven an,10.0,7.0,3.0,30.0
Shopee,Kapas Pembalut Gulung 250gram Untuk Jenazah Dan Filter Air,kapas pembalut gulung,kapas pembalut gulung gram untuk jenazah dan filter air,kapas pembalut gulung jenazah filter air,kapas balut gulung jenazah filter air,9.0,6.0,3.0,33.3
Shopee,Gauze Swab 7.5x7.5cm 16ply 5s Winner / Kasa Steril LD Cairan Luka P3K,gauze swab,gauze swab xcm ply s winner kasa steril ld cairan luka pk,gauze swab xcm ply winner kasa ld cairan luka pk,gauze swab xcm ply winner kasa ld cair luka pk,13.0,10.0,3.0,23.1
Shopee,Minyak Kayu Putih Cap Lang 210ml Untuk Meredakan Batuk,minyak kayu putih,minyak kayu putih cap lang ml untuk meredakan batuk,minyak kayu cap lang meredakan batuk,minyak kayu cap lang reda batuk,9.0,6.0,3.0,33.3
Shopee,"Isopore 2,5cm x 9m seperti micropore",isopore,isopore cm x m seperti micropore,isopore micropore,isopore micropore,6.0,2.0,4.0,66.7
Shopee,ANEKA - MEILIBAHENLING NUTRITIVE CREAM ORIGINAL BPOM - PENGHILANG BEKAS LUKA,meilibahenling nutritif,aneka meilibahenling nutritive cream original bpom penghilang bekas luka,aneka meilibahenling nutritive cream bpom penghilang bekas luka,aneka meilibahenling nutritive cream bpom hilang bekas luka,11.0,8.0,3.0,27.3
Shopee,Betadine Skin Cleanser Antiseptic 100 Ml,betadine skin cleanser,betadine skin cleanser antiseptic ml,betadine skin cleanser antiseptic,betadine skin cleanser antiseptic,6.0,4.0,2.0,33.3
Shopee,"HANSAPLAST Perban Luka Roll Kain 5m P3K Perban Rol - Merekat kuat, lentur, mudah disobek",hansaplast perban luka,hansaplast perban luka roll kain m pk perban rol merekat kuat lentur mudah disobek,hansaplast perban luka kain pk perban rol merekat mudah disobek,hansaplast perban luka kain pk perban rol rekat mudah sobek,15.0,10.0,5.0,33.3
Shopee,Alkohol 96% 1 Liter - Alkohol 96 Persen - Alkohol Pembersih - Sterilisasi - Obat Luka - Disinfektan,alkohol 96%,alkohol liter alkohol persen alkohol pembersih sterilisasi obat luka disinfektan,alkohol alkohol persen alkohol pembersih sterilisasi obat luka disinfektan,alkohol alkohol persen alkohol bersih sterilisasi obat luka disinfektan,18.0,9.0,9.0,50.0
Shopee,KOTAK OBAT APOTEK KERTAS UKURAN SEDANG 20 X 8 X 7 BAHAN KERTAS KERTAS,kotak obat,kotak obat apotek kertas ukuran sedang x x bahan kertas kertas,obat apotek kertas kertas kertas,obat apotek kertas kertas kertas,14.0,5.0,9.0,64.3
Shopee,Plester Luka Karakter Hansaplast Kids Plester anak Anti air Cartoon hansaplas,hansaplast kids plester,plester luka karakter hansaplast kids plester anak anti air cartoon hansaplas,plester luka karakter hansaplast kids plester anti air cartoon hansaplas,plester luka karakter hansaplast kids plester anti air cartoon hansaplas,11.0,10.0,1.0,9.1
Shopee,Kasa Hidrofil 16 x 16 Cm Hexahusada Isi 12 Pcs M3,kasa hidrofil,kasa hidrofil x cm hexahusada isi pcs m,kasa hidrofil hexahusada,kasa hidrofil hexahusada,11.0,3.0,8.0,72.7
Shopee,MEDICATED OIL 40ml FOUR SEASON SHEN NONG SI SE CI YU MINYAK ANGIN SHICIYU SHI JI YOU SECIYU 40 ML SARAS SUBUR ABADI SSA,shen nong si se ci yu minyak angin,medicated oil ml four season shen nong si se ci yu minyak angin shiciyu shi ji you seciyu ml saras subur abadi ssa,medicated oil four season shen nong si ci yu minyak angin shiciyu shi ji you seciyu saras ssa,medicated oil four season shen nong si ci yu minyak angin shiciyu shi ji you seciyu saras ssa,24.0,18.0,6.0,25.0
Shopee,Pot Salep/Krim 20cc Wadah Praktis Dan Aman,salep krim,pot salepkrim cc wadah praktis dan aman,pot salepkrim cc,pot salepkrim cc,7.0,3.0,4.0,57.1
Shopee,NARITA kassa steril 16x16 / kasa hydrofil steril NARITA Farma / Per kotak isi 10 lembar,nirita kasa steril,narita kassa steril x kasa hydrofil steril narita farma per kotak isi lembar,narita kassa kasa hydrofil narita farma,narita kassa kasa hydrofil narita farma,16.0,6.0,10.0,62.5
Shopee,Kasa Steril OneMed 16x16cm Isi 10 Pouch,kasa steril,kasa steril onemed xcm isi pouch,kasa onemed xcm,kasa onemed xcm,7.0,3.0,4.0,57.1
Shopee,"Kassa Steril 16x16cm - Hidrofil, Steril, dan Praktis untuk Penggunaan Medis",kassa steril,kassa steril xcm hidrofil steril dan praktis untuk penggunaan medis,kassa xcm hidrofil penggunaan medis,kassa xcm hidrofil guna medis,11.0,5.0,6.0,54.5
Shopee,Meilibahenling Nutritive Cream Original BPOM Penghilang Bekas Luka MEILI BPOM Original,meilibahenling nutrisi,meilibahenling nutritive cream original bpom penghilang bekas luka meili bpom original,meilibahenling nutritive cream bpom penghilang bekas luka meili bpom,meilibahenling nutritive cream bpom hilang bekas luka meili bpom,11.0,9.0,2.0,18.2
Shopee,Spalk anak ukuran 15 x 5 cm,spalk anak,spalk anak ukuran x cm,spalk,spalk,7.0,1.0,6.0,85.7
Shopee,Mouseman - Plester Luka Karakter Pembalut Luka Hansaplas Karakter Plester Anti Air Waterproof 1 PCS,mouseman plester luka,mouseman plester luka karakter pembalut luka hansaplas karakter plester anti air waterproof pcs,mouseman plester luka karakter pembalut luka hansaplas karakter plester anti air waterproof,mouseman plester luka karakter balut luka hansaplas karakter plester anti air waterproof,15.0,12.0,3.0,20.0
Shopee,Kasa Verban Gulung 4yard x 10cm isi 5 Rol / Kasa Perban 10cm Onemed,kasa perban,kasa verban gulung yard x cm isi rol kasa perban cm onemed,kasa verban gulung yard rol kasa perban onemed,kasa verban gulung yard rol kasa perban onemed,14.0,8.0,6.0,42.9
Shopee,"Stick Hidung tenggorokan, colokan hidung oro naso, flocked swab sudah kemenkes, nasal swab",nasal swab,stick hidung tenggorokan colokan hidung oro naso flocked swab sudah kemenkes nasal swab,stick hidung tenggorokan colokan hidung oro naso flocked swab kemenkes swab,stick hidung tenggorok colok hidung oro naso flocked swab kemenkes swab,13.0,11.0,2.0,15.4
Shopee,Deker Pelindung Penyangga Bahu Shoulder Support Alat Cedera Bahu Shoulder Brace Alat Terapi,deker pelindung penyangga bahu shoulder support,deker pelindung penyangga bahu shoulder support alat cedera bahu shoulder brace alat terapi,deker pelindung penyangga bahu shoulder support alat cedera bahu shoulder brace alat terapi,deker lindung sangga bahu shoulder support alat cedera bahu shoulder brace alat terapi,13.0,13.0,0.0,0.0
Shopee,Sprain Protection Thumb Brace / Adjustable Hand Support Wrist / Protective Gear Finger Sprain Wrist / Tendonitis / Carpal Tunnel,thumb brace,sprain protection thumb brace adjustable hand support wrist protective gear finger sprain wrist tendonitis carpal tunnel,sprain protection thumb brace adjustable hand support wrist protective gear finger sprain wrist tendonitis carpal tunnel,sprain protection thumb brace adjustable hand support wrist protective gear finger sprain wrist tendonitis carpal tunnel,20.0,16.0,4.0,20.0
Shopee,Walker Tongkat Alat batun jalan lansian Walker,walker tongkat,walker tongkat alat batun jalan lansian walker,walker tongkat alat batun jalan lansian walker,walker tongkat alat batun jalan lansian walker,7.0,7.0,0.0,0.0
Shopee,Back Brace Alat Terapi Penegak Korset Punggung Posture Corrector Back Support Penyangga Penegak Alat Terapi Pelurus Korset Punggung Alat Penyangga Back Support Belt Anti Bungkuk Penegak Badan Sabuk Punggung Terapi Tulang Belakang Premium Original,back brace,back brace alat terapi penegak korset punggung posture corrector back support penyangga penegak alat terapi pelurus korset punggung alat penyangga back support belt anti bungkuk penegak badan sabuk punggung terapi tulang belakang premium original,back brace alat terapi penegak korset punggung posture corrector back support penyangga penegak alat terapi pelurus korset punggung alat penyangga back support belt anti penegak badan sabuk punggung terapi tulang,back brace alat terapi tegak korset punggung posture corrector back support sangga tegak alat terapi lurus korset punggung alat sangga back support belt anti tegak badan sabuk punggung terapi tulang,34.0,30.0,4.0,11.8
Shopee,Karet Tongkat Kaki 3 Karet Tongkat Kaki 4,karet tongkat kaki,karet tongkat kaki karet tongkat kaki,tongkat kaki tongkat kaki,tongkat kaki tongkat kaki,8.0,4.0,4.0,50.0
Shopee,Sabuk Hernia Bayi merk Hons Baby Umbilical Truss Belt Pusar Bodong,hons baby umbilical truss belt pusar,sabuk hernia bayi merk hons baby umbilical truss belt pusar bodong,sabuk hernia merk hons baby umbilical truss belt pusar bodong,sabuk hernia merk hons baby umbilical truss belt pusar bodong,11.0,10.0,1.0,9.1
Shopee,Tongkat Kayu Teken Kayu Jati Motif Ukir Alat Bantu Jalan Lansia Ada Karet Anti Slip,tongkat kayu,tongkat kayu teken kayu jati motif ukir alat bantu jalan lansia ada karet anti slip,tongkat kayu teken kayu jati ukir alat bantu jalan anti slip,tongkat kayu teken kayu jati ukir alat bantu jalan anti slip,15.0,11.0,4.0,26.7
Shopee,posture corrector penyangga punggung membantu menghilangkan bungkuk dan meluruskan punggung dn badan,posture corrector,posture corrector penyangga punggung membantu menghilangkan bungkuk dan meluruskan punggung dn badan,posture corrector penyangga punggung membantu menghilangkan meluruskan punggung dn badan,posture corrector sangga punggung bantu hilang lurus punggung dn badan,12.0,10.0,2.0,16.7
Shopee,Kabel Alat Bantu Dengar Telinga 2 pin Cocok Axon Harmed Vinmed Sammora Hearing Aid Cable,kabel alat bantu dengar,kabel alat bantu dengar telinga pin cocok axon harmed vinmed sammora hearing aid cable,kabel alat bantu dengar telinga pin axon harmed vinmed sammora hearing aid cable,kabel alat bantu dengar telinga pin axon harmed vinmed sammora hearing aid cable,15.0,13.0,2.0,13.3
Shopee,1 PCS Bantalan Lutut Olahraga Lutut Knee Pad Pelindung Lutut Knee Support Brace Nylon Pelindung Lutut Compression Pad Elastis Running Fitness,bantalan lutut,pcs bantalan lutut olahraga lutut knee pad pelindung lutut knee support brace nylon pelindung lutut compression pad elastis running fitness,bantalan lutut olahraga lutut knee pad pelindung lutut knee support brace nylon pelindung lutut compression pad running fitness,bantal lutut olahraga lutut knee pad lindung lutut knee support brace nylon lindung lutut compression pad running fitness,21.0,18.0,3.0,14.3
Shopee,(Ready) Tongkat Kayu Jati Kokoh Belanda Unik / Alat Bantu Jalan / Tongkat Orang Tua,tongkat jati,ready tongkat kayu jati kokoh belanda unik alat bantu jalan tongkat orang tua,tongkat kayu jati belanda alat bantu jalan tongkat orang,tongkat kayu jati belanda alat bantu jalan tongkat orang,15.0,9.0,6.0,40.0
Shopee,Korset Orthopedi lumbal / Korset LSO Penyangga tulang belakang Nyeri punggung,korset lumbal,korset orthopedi lumbal korset lso penyangga tulang belakang nyeri punggung,korset orthopedi lumbal korset lso penyangga tulang nyeri punggung,korset orthopedi lumbal korset lso sangga tulang nyeri punggung,11.0,9.0,2.0,18.2
Shopee,karet tongkat kaki 3 dan 4 karet tongkat kaki 4 karet tongkat kaki 3 original alas bawah tongkat kaki 3 tongkat kaki 4,karet tongkat kaki 3 dan 4,karet tongkat kaki dan karet tongkat kaki karet tongkat kaki original alas bawah tongkat kaki tongkat kaki,tongkat kaki tongkat kaki tongkat kaki alas tongkat kaki tongkat kaki,tongkat kaki tongkat kaki tongkat kaki alas tongkat kaki tongkat kaki,23.0,11.0,12.0,52.2
Shopee,Korektor Separator Jari Jempol Kaki Bunion Pad Hallux Valgus,korektor bunion pad hallux valgus,korektor separator jari jempol kaki bunion pad hallux valgus,korektor separator jari jempol kaki bunion pad hallux valgus,korektor separator jari jempol kaki bunion pad hallux valgus,9.0,9.0,0.0,0.0
Shopee,Karet Tongkat Kruk Bawah Ketiak Original Premium (Bagian Bawah) Karet Kaki Tongkat - 21mm,karet kruk kaki,karet tongkat kruk bawah ketiak original premium bagian bawah karet kaki tongkat mm,tongkat kruk ketiak kaki tongkat,tongkat kruk ketiak kaki tongkat,14.0,5.0,9.0,64.3
Shopee,Karet Kaki Kruk Ketiak OneMed Pcs,karet kaki kruk ketiak,karet kaki kruk ketiak onemed pcs,kaki kruk ketiak onemed,kaki kruk ketiak onemed,6.0,4.0,2.0,33.3
Shopee,Baterai ORIGINAL Oticon Type 13 ( Baterai Alat Bantu Dengar ),baterai oticon,baterai original oticon type baterai alat bantu dengar,baterai oticon baterai alat bantu dengar,baterai oticon baterai alat bantu dengar,11.0,6.0,5.0,45.5
Shopee,SM Sarung Lutut Penghangat Kaki Sepasang Sabuk Terapi Lutut Nyeri Terapi Sendi,sm sarung lutut penghangat kaki,sm sarung lutut penghangat kaki sepasang sabuk terapi lutut nyeri terapi sendi,sm sarung lutut penghangat kaki sabuk terapi lutut nyeri terapi sendi,sm sarung lutut hangat kaki sabuk terapi lutut nyeri terapi sendi,12.0,11.0,1.0,8.3
Shopee,Tongkat Jalan Orang Tua Kaki 4 Empat Onemed/Sella Tongkat Jalan Kaki 3/Tongkat Jalan Lipat Sella,tongkat jalan,tongkat jalan orang tua kaki empat onemedsella tongkat jalan kaki tongkat jalan lipat sella,tongkat jalan orang kaki onemedsella tongkat jalan kaki tongkat jalan lipat sella,tongkat jalan orang kaki onemedsella tongkat jalan kaki tongkat jalan lipat sella,15.0,12.0,3.0,20.0
Shopee,Mor Strap Belat Korektor Pain Relief Trigger Finger Fixing Splint Straightener Brace Corrector Supplies,mor strap,mor strap belat korektor pain relief trigger finger fixing splint straightener brace corrector supplies,mor strap belat korektor pain relief trigger finger fixing splint straightener brace corrector supplies,mor strap belat korektor pain relief trigger finger fixing splint straightener brace corrector supplies,14.0,14.0,0.0,0.0
Shopee,Korektor Postur Punggung Bahu Posture Corrector Penegak Penyangga Punggung Bungkuk Back Support Shoulder ZuperZale,zuperzale posture corrector,korektor postur punggung bahu posture corrector penegak penyangga punggung bungkuk back support shoulder zuperzale,korektor postur punggung bahu posture corrector penegak penyangga punggung back support shoulder zuperzale,korektor postur punggung bahu posture corrector tegak sangga punggung back support shoulder zuperzale,14.0,13.0,1.0,7.1
Shopee,Mor Strap Belat Korektor Pelurus Jari Tangan Pereda Nyeri Pain Relief Trigger Finger Fixing Splint Straightener Brace Corrector Supplies,mor strap,mor strap belat korektor pelurus jari tangan pereda nyeri pain relief trigger finger fixing splint straightener brace corrector supplies,mor strap belat korektor pelurus jari tangan pereda nyeri pain relief trigger finger fixing splint straightener brace corrector supplies,mor strap belat korektor lurus jari tangan reda nyeri pain relief trigger finger fixing splint straightener brace corrector supplies,19.0,19.0,0.0,0.0
Shopee,TaffOmicron Alat Bantu Dengar Hearing Aid F-139,taffomicron hearing aid,taffomicron alat bantu dengar hearing aid f,taffomicron alat bantu dengar hearing aid,taffomicron alat bantu dengar hearing aid,7.0,6.0,1.0,14.3
Shopee,AIMVUKES---Back Brace Alat Terapi Penegak Korset Punggung Posture Corrector Back Support Penyangga Penegak Alat Terapi Pelurus Korset Punggung Alat Penyangga Back Support Belt Anti Bungkuk Penegak Badan Sabuk Punggung Terapi Tulang Belakang Premium,aimvukes back brace,aimvukesback brace alat terapi penegak korset punggung posture corrector back support penyangga penegak alat terapi pelurus korset punggung alat penyangga back support belt anti bungkuk penegak badan sabuk punggung terapi tulang belakang premium,aimvukesback brace alat terapi penegak korset punggung posture corrector back support penyangga penegak alat terapi pelurus korset punggung alat penyangga back support belt anti penegak badan sabuk punggung terapi tulang,aimvukesback brace alat terapi tegak korset punggung posture corrector back support sangga tegak alat terapi lurus korset punggung alat sangga back support belt anti tegak badan sabuk punggung terapi tulang,33.0,30.0,3.0,9.1
Shopee,ABD Alat Bantu Dengar Pengeras Suara Hearing Aid Omicron f139,abd alat bantu dengar,abd alat bantu dengar pengeras suara hearing aid omicron f,abd alat bantu dengar pengeras suara hearing aid omicron,abd alat bantu dengar keras suara hearing aid omicron,10.0,9.0,1.0,10.0
Shopee,"[UNIK88] Tongkat Kaki 1,4 & 3 Alat Bantu Jalan Lansia",tongkat kaki,unik tongkat kaki alat bantu jalan lansia,tongkat kaki alat bantu jalan,tongkat kaki alat bantu jalan,10.0,5.0,5.0,50.0
Shopee,YOI KI Belt Terapi Alat Peyangga Punggung Penegak Postur Badan Bungkuk Back Support Korektor,yoi ki belt,yoi ki belt terapi alat peyangga punggung penegak postur badan bungkuk back support korektor,yoi ki belt terapi alat peyangga punggung penegak postur badan back support korektor,yoi ki belt terapi alat peyangga punggung tegak postur badan back support korektor,14.0,13.0,1.0,7.1
Shopee,Korektor jempol kaki UZZU impor Jepang/korektor hallus valgus dengan kenop yang dapat disesuaikan Bantalan silikon lembut profesional untuk koreksi tanpa rasa sakit/silikon lembut untuk penggunaan sehari-hari Gratis 1 pasang,uzzu korektor jempol kaki,korektor jempol kaki uzzu impor jepangkorektor hallus valgus dengan kenop yang dapat disesuaikan bantalan silikon lembut profesional untuk koreksi tanpa rasa sakitsilikon lembut untuk penggunaan seharihari gratis pasang,korektor jempol kaki uzzu impor jepangkorektor hallus valgus kenop disesuaikan bantalan silikon koreksi sakitsilikon penggunaan seharihari,korektor jempol kaki uzzu impor jepangkorektor hallus valgus kenop sesuai bantal silikon koreksi sakitsilikon guna seharihari,29.0,16.0,13.0,44.8
Shopee,KARET KAKI TONGKAT KRUK/ KARET KAKI TONGKAT KETIAK/ KARET PENGGANTI TONGKAT KETIAK,karet kaki tongkat kruk,karet kaki tongkat kruk karet kaki tongkat ketiak karet pengganti tongkat ketiak,kaki tongkat kruk kaki tongkat ketiak pengganti tongkat ketiak,kaki tongkat kruk kaki tongkat ketiak ganti tongkat ketiak,12.0,9.0,3.0,25.0
Shopee,Highline Kursi Penopang Postur Pinggang Kursi Penyangga Punggung,highline kursi penopang postur,highline kursi penopang postur pinggang kursi penyangga punggung,highline kursi penopang postur pinggang kursi penyangga punggung,highline kursi topang postur pinggang kursi sangga punggung,8.0,8.0,0.0,0.0
Shopee,Alat terapi lutut deker lutut kesehatan decker terapi sepasang pemanas lutut nyeri sendi knee pads,deker terapi lutut,alat terapi lutut deker lutut kesehatan decker terapi sepasang pemanas lutut nyeri sendi knee pads,alat terapi lutut deker lutut kesehatan decker terapi pemanas lutut nyeri sendi knee pads,alat terapi lutut deker lutut sehat decker terapi panas lutut nyeri sendi knee pads,15.0,14.0,1.0,6.7
Shopee,"Karet Tongkat Walker Anti Slip Diameter 2,8 Cm",karet tongkat walker,karet tongkat walker anti slip diameter cm,tongkat walker anti slip diameter,tongkat walker anti slip diameter,8.0,5.0,3.0,37.5
Shopee,"Alat Bantu Jalan/ Tongkat Kaki 4/Tongkat Jalan/Tongkat Medis Berkualitas/Ringan, Kuat, Tahan Lama",tongkat kaki,alat bantu jalan tongkat kaki tongkat jalantongkat medis berkualitasringan kuat tahan lama,alat bantu jalan tongkat kaki tongkat jalantongkat medis berkualitasringan tahan,alat bantu jalan tongkat kaki tongkat jalantongkat medis berkualitasringan tahan,12.0,10.0,2.0,16.7
Shopee,Tongkat Kaki 4 Atau 3 Merk JUARA / Alat Penopang Jalan [ Kyomed ],tongkat kaki,tongkat kaki atau merk juara alat penopang jalan kyomed,tongkat kaki merk juara alat penopang jalan kyomed,tongkat kaki merk juara alat topang jalan kyomed,14.0,8.0,6.0,42.9
Shopee,KORSET ORTHOPEDI NYERI PINGGANG. KORSET SARAF KEJEPIT. KORSET LUMBAL LUMBAR. KORSET TULANG BELAKANG,korset ortopedi,korset orthopedi nyeri pinggang korset saraf kejepit korset lumbal lumbar korset tulang belakang,korset orthopedi nyeri pinggang korset saraf kejepit korset lumbal lumbar korset tulang,korset orthopedi nyeri pinggang korset saraf jepit korset lumbal lumbar korset tulang,13.0,12.0,1.0,7.7
Shopee,ATHLETS Shoulder Brace Deker Penyangga Bahu Shoulder Support Pelindung Cidera Bahu,athlets shoulder brace,athlets shoulder brace deker penyangga bahu shoulder support pelindung cidera bahu,athlets shoulder brace deker penyangga bahu shoulder support pelindung cidera bahu,athlets shoulder brace deker sangga bahu shoulder support lindung cidera bahu,11.0,11.0,0.0,0.0
Shopee,BENBO Sabuk Dukungan Korset Lumbal Korset Lumbar Pinggang Tulang Belakang Saraf Pria Wanita,benbo korset,benbo sabuk dukungan korset lumbal korset lumbar pinggang tulang belakang saraf pria wanita,benbo sabuk dukungan korset lumbal korset lumbar pinggang tulang saraf,benbo sabuk dukung korset lumbal korset lumbar pinggang tulang saraf,13.0,10.0,3.0,23.1
Shopee,TONGKAT JALAN DENGAN BAUT TAMBAHAN/TONGKAT KAKI 4/TONGKAT JALAN SIKU /TONGKAT MEDIS DENGAN BAUT KUAT,tongkat jalan,tongkat jalan dengan baut tambahantongkat kaki tongkat jalan siku tongkat medis dengan baut kuat,tongkat jalan baut tambahantongkat kaki tongkat jalan siku tongkat medis baut,tongkat jalan baut tambahantongkat kaki tongkat jalan siku tongkat medis baut,14.0,11.0,3.0,21.4
Shopee,Hearing Aid Sammora / Alat Bantu Dengar Pakai Kabel / Jernih Abd SM 348,hearing aid sammora,hearing aid sammora alat bantu dengar pakai kabel jernih abd sm,hearing aid sammora alat bantu dengar pakai kabel abd sm,hearing aid sammora alat bantu dengar pakai kabel abd sm,14.0,10.0,4.0,28.6
Shopee,"Kabel alat bantu dengar + Speaker + Karet, kabel alat dengar , speaker, karet universal Hearing Aid",kabel alat dengar,kabel alat bantu dengar speaker karet kabel alat dengar speaker karet universal hearing aid,kabel alat bantu dengar speaker kabel alat dengar speaker hearing aid,kabel alat bantu dengar speaker kabel alat dengar speaker hearing aid,17.0,11.0,6.0,35.3
Shopee,Tongkat Siku Bagus Untuk Lansia Terbaik/Tongkat Siku Elbow Alat Bantu Jalan /Alat Bantu Jalan 4 Kaki,tongkat siku,tongkat siku bagus untuk lansia terbaiktongkat siku elbow alat bantu jalan alat bantu jalan kaki,tongkat siku bagus terbaiktongkat siku elbow alat bantu jalan alat bantu jalan kaki,tongkat siku bagus terbaiktongkat siku elbow alat bantu jalan alat bantu jalan kaki,16.0,13.0,3.0,18.8
Shopee,Karet Walker Alat Bantu Jalan Anti Licin Hitam,karet walker,karet walker alat bantu jalan anti licin hitam,walker alat bantu jalan anti,walker alat bantu jalan anti,8.0,5.0,3.0,37.5
Shopee,Tongkat lipat kaki 3 Alat bantu jalan tongkat senter kaki tiga manula,tongkat lipat kaki 3,tongkat lipat kaki alat bantu jalan tongkat senter kaki tiga manula,tongkat lipat kaki alat bantu jalan tongkat senter kaki manula,tongkat lipat kaki alat bantu jalan tongkat senter kaki manula,12.0,10.0,2.0,16.7
Shopee,Putra Medica Arm Sling BASIC / Penyangga Tangan Cedera / Gendongan Lengan Siku Patah Tulang,putra medica arm sling,putra medica arm sling basic penyangga tangan cedera gendongan lengan siku patah tulang,putra medica arm sling basic penyangga tangan cedera gendongan lengan siku patah tulang,putra medica arm sling basic sangga tangan cedera gendong lengan siku patah tulang,15.0,13.0,2.0,13.3
Shopee,Ballerbro Ankle Brace Support Next level - Alat Penyangga Kaki Keseleo,ballerbro ankle support,ballerbro ankle brace support next level alat penyangga kaki keseleo,ballerbro ankle brace support next level alat penyangga kaki keseleo,ballerbro ankle brace support next level alat sangga kaki keseleo,11.0,10.0,1.0,9.1
Shopee,Knee Long Mizuno MURAH / Deker Lutur Mizono Long Murah,knee long mizuno,knee long mizuno murah deker lutur mizono long murah,knee long mizuno deker lutur mizono long,knee long mizuno deker lutur mizono long,10.0,7.0,3.0,30.0
Shopee,JUAL SEPASANG TONGKAT KETIAK STAINLESS/2 PCS TONGKAT KRUK CRUTCH/ALAT BANTU JALAN/TONGKAT KETIAK,tongkat ketiak,jual sepasang tongkat ketiak stainless pcs tongkat kruk crutchalat bantu jalantongkat ketiak,tongkat ketiak stainless tongkat kruk crutchalat bantu jalantongkat ketiak,tongkat ketiak stainless tongkat kruk crutchalat bantu jalantongkat ketiak,12.0,9.0,3.0,25.0
Shopee,FREE 10 BATRE!! Alat Bantu Dengar Denger Telinga Orang Tua Lansia mini Original Anak anak Taff Omicron Digital Hearing Aid Alat Bantu Pendengaran Telinga Orang Tua Original Tuli Alat Pendengaran Telinga Tuli Alat Dengar Tuli,taff omicron digital hearing aid,free batre alat bantu dengar denger telinga orang tua lansia mini original anak anak taff omicron digital hearing aid alat bantu pendengaran telinga orang tua original tuli alat pendengaran telinga tuli alat dengar tuli,batre alat bantu dengar denger telinga orang taff omicron hearing aid alat bantu pendengaran telinga orang alat pendengaran telinga alat dengar,batre alat bantu dengar denger telinga orang taff omicron hearing aid alat bantu dengar telinga orang alat dengar telinga alat dengar,35.0,21.0,14.0,40.0
Shopee,OEM Terapi Penegak Penyangga Punggung Back Support Posture Corrector Male/Female Koreksi Postur,oem terapi penegak punggung back support posture corrector,oem terapi penegak penyangga punggung back support posture corrector malefemale koreksi postur,oem terapi penegak penyangga punggung back support posture corrector malefemale koreksi postur,oem terapi tegak sangga punggung back support posture corrector malefemale koreksi postur,12.0,12.0,0.0,0.0
Shopee,"(MUTIARA ALKES) Tongkat Kaki 3, Alat Bantu Jalan",tongkat kaki,mutiara alkes tongkat kaki alat bantu jalan,mutiara alkes tongkat kaki alat bantu jalan,mutiara alkes tongkat kaki alat bantu jalan,8.0,7.0,1.0,12.5
Shopee,Fits Penyangga Punggung Shoulder Back Support Standard,fits penyangga punggung shoulder back support,fits penyangga punggung shoulder back support standard,fits penyangga punggung shoulder back support standard,fits sangga punggung shoulder back support standard,7.0,7.0,0.0,0.0
Shopee,Tongkat + Tempat Duduk OneMed Alat Bantu Jalan / Tongkat Kursi Onemed Tongkat Duduk Tongkat Jalan One Med / Tongkat Duduk Onemed Kursi Lipat Sholat Lansia Travelling Haji / Tongkat Duduk / Kursi Lipat Orang Tua One Med / Tongkat Bangku Untuk Lansia,tongkat duduk onemed,tongkat tempat duduk onemed alat bantu jalan tongkat kursi onemed tongkat duduk tongkat jalan one med tongkat duduk onemed kursi lipat sholat lansia travelling haji tongkat duduk kursi lipat orang tua one med tongkat bangku untuk lansia,tongkat duduk onemed alat bantu jalan tongkat kursi onemed tongkat duduk tongkat jalan one med tongkat duduk onemed kursi lipat sholat travelling haji tongkat duduk kursi lipat orang one med tongkat bangku,tongkat duduk onemed alat bantu jalan tongkat kursi onemed tongkat duduk tongkat jalan one med tongkat duduk onemed kursi lipat sholat travelling haji tongkat duduk kursi lipat orang one med tongkat bangku,43.0,32.0,11.0,25.6
Shopee,Denture box besar kotak retainer lubang tempat gigi palsu prothesa protesa behel ortho,denture box,denture box besar kotak retainer lubang tempat gigi palsu prothesa protesa behel ortho,denture retainer lubang gigi prothesa protesa behel ortho,denture retainer lubang gigi prothesa protesa behel ortho,13.0,8.0,5.0,38.5
Shopee,(BISA COD) TONGKAT TEKEN JATI UKIR KEPALA POLOS - ALAT BANTU JALAN UNTUK KESEHATAN MURAH,tongkat teken jati ukir,bisa cod tongkat teken jati ukir kepala polos alat bantu jalan untuk kesehatan murah,tongkat teken jati ukir kepala alat bantu jalan kesehatan,tongkat teken jati ukir kepala alat bantu jalan sehat,15.0,9.0,6.0,40.0
Shopee,Ankle Support MZN Engkel Tumit Deker Mata Kaki Pelindung Tumit mizuno Angkle Elastis,mizuno ankle support,ankle support mzn engkel tumit deker mata kaki pelindung tumit mizuno angkle elastis,ankle support mzn engkel tumit deker mata kaki pelindung tumit mizuno angkle,ankle support mzn engkel tumit deker mata kaki lindung tumit mizuno angkle,13.0,12.0,1.0,7.7
Shopee,Baterai Alat Bantu Dengar - A13 (Hearing Aid Battery),baterai alat bantu dengar,baterai alat bantu dengar a hearing aid battery,baterai alat bantu dengar hearing aid battery,baterai alat bantu dengar hearing aid battery,9.0,7.0,2.0,22.2
Shopee,Tongkat Jalan Orang tua /Alat Bantu Jalan Orang Tua /Tongkat Jalan Lipat Lampu LED Trusty Cane ORI/Magic Cane With LED [TGT7],tongkat jalan,tongkat jalan orang tua alat bantu jalan orang tua tongkat jalan lipat lampu led trusty cane orimagic cane with led tgt,tongkat jalan orang alat bantu jalan orang tongkat jalan lipat lampu led trusty cane orimagic cane with led tgt,tongkat jalan orang alat bantu jalan orang tongkat jalan lipat lampu led trusty cane orimagic cane with led tgt,21.0,19.0,2.0,9.5
Shopee,‌[Ready COD]Finger Splint/Pelurus Jari/Trigger Finger/Jari Terapi Patah Tulang,finger splint,‌ready codfinger splintpelurus jaritrigger fingerjari terapi patah tulang,‌ready codfinger splintpelurus jaritrigger fingerjari terapi patah tulang,ready codfinger splintpelurus jaritrigger fingerjari terapi patah tulang,8.0,8.0,0.0,0.0
Shopee,LIVO Hearing Aid BION V-99 / Alat Bantu Dengar Tipe Pocket V99,livo hearing aid bion v99,livo hearing aid bion v alat bantu dengar tipe pocket v,livo hearing aid bion alat bantu dengar pocket,livo hearing aid bion alat bantu dengar pocket,12.0,8.0,4.0,33.3
Shopee,Dewasa dan anak-anak Backslab Arm / Backslab Tangan / Penyangga Tangan / Pelurus Tangan / Elbow Brace / Elbow Support,backslab arm,dewasa dan anakanak backslab arm backslab tangan penyangga tangan pelurus tangan elbow brace elbow support,anakanak backslab arm backslab tangan penyangga tangan pelurus tangan elbow brace elbow support,anakanak backslab arm backslab tangan sangga tangan lurus tangan elbow brace elbow support,20.0,13.0,7.0,35.0
Shopee,Ban mati 16 kursi roda produk terbaru harga termurah,ban mati,ban mati kursi roda produk terbaru harga termurah,ban mati kursi roda produk,ban mati kursi roda produk,9.0,5.0,4.0,44.4
Shopee,Penyangga leher / neck collar/ cervical collar / penahan leher,penahan leher,penyangga leher neck collar cervical collar penahan leher,penyangga leher neck collar cervical collar penahan leher,sangga leher neck collar cervical collar tahan leher,10.0,8.0,2.0,20.0
Shopee,Ban mati kursi roda ukuran 24 ban mati kursi roda 24x1 3/8 original untuk diameter velq 55 cm ban kursi roda,ban mati kursi roda,ban mati kursi roda ukuran ban mati kursi roda x original untuk diameter velq cm ban kursi roda,ban mati kursi roda ban mati kursi roda diameter velq ban kursi roda,ban mati kursi roda ban mati kursi roda diameter velq ban kursi roda,21.0,13.0,8.0,38.1
Shopee,Tongkat Kaki alat bantu jalan tongkat kaki 4 dan tongkat kaki 3 lansia,tongkat kaki,tongkat kaki alat bantu jalan tongkat kaki dan tongkat kaki lansia,tongkat kaki alat bantu jalan tongkat kaki tongkat kaki,tongkat kaki alat bantu jalan tongkat kaki tongkat kaki,13.0,9.0,4.0,30.8
Shopee,Baterai Alat Bantu Dengar PowerOne P13 Oranye 6 Pcs,baterai powerone,baterai alat bantu dengar powerone p oranye pcs,baterai alat bantu dengar powerone,baterai alat bantu dengar powerone,9.0,5.0,4.0,44.4
Shopee,Ban mati ukuran 12 Kursi Roda trevel merk GEA harga murah,kursi roda trevel,ban mati ukuran kursi roda trevel merk gea harga murah,ban mati kursi roda trevel merk gea,ban mati kursi roda trevel merk gea,11.0,7.0,4.0,36.4
Shopee,Kasur Decubitus Kasur Decubitus Anti Luka Baring Pasien – Kasur Angin Dr Heal & Care,kasur decubitus,kasur decubitus kasur decubitus anti luka baring pasien – kasur angin dr heal care,kasur decubitus kasur decubitus anti luka baring pasien kasur angin dr heal care,kasur decubitus kasur decubitus anti luka baring pasien kasur angin dr heal care,15.0,13.0,2.0,13.3
Shopee,Battery Power One Ukuran 13 Alat Bantu Dengar (6 pcs) - Battery ABD Hearing Aid Battery Size Orange,battery power one,battery power one ukuran alat bantu dengar pcs battery abd hearing aid battery size orange,battery power one alat bantu dengar battery abd hearing aid battery orange,battery power one alat bantu dengar battery abd hearing aid battery orange,18.0,12.0,6.0,33.3
Shopee,Baterai Powerone p13 (AG5) Baterai Alat Bantu Dengar Bisa untuk Beurer HA 20/50,baterai powerone,baterai powerone p ag baterai alat bantu dengar bisa untuk beurer ha,baterai powerone ag baterai alat bantu dengar beurer ha,baterai powerone ag baterai alat bantu dengar beurer ha,13.0,9.0,4.0,30.8
Shopee,Sensu Knee Protector | Offical Sensutherapy,sensu knee protector,sensu knee protector offical sensutherapy,sensu knee protector offical sensutherapy,sensu knee protector offical sensutherapy,6.0,5.0,1.0,16.7
Shopee,BATERAI Alat Bantu Dengar POWERONE P10,baterai powerone,baterai alat bantu dengar powerone p,baterai alat bantu dengar powerone,baterai alat bantu dengar powerone,6.0,5.0,1.0,16.7
Shopee,Alat Bantu Dengar Pendengaran Pengeras Suara Telinga Tuli Orang Tua Hearing Aid Wireless Tanpa Kabel Original tjizy,alat bantu dengar,alat bantu dengar pendengaran pengeras suara telinga tuli orang tua hearing aid wireless tanpa kabel original tjizy,alat bantu dengar pendengaran pengeras suara telinga orang hearing aid wireless kabel tjizy,alat bantu dengar dengar keras suara telinga orang hearing aid wireless kabel tjizy,17.0,13.0,4.0,23.5
Shopee,KABEL ALAT BANTU DENGAR 2 PIN HEARING AID CABLE TERMURAH TERLARIS M211,kabel alat bantu dengar,kabel alat bantu dengar pin hearing aid cable termurah terlaris m,kabel alat bantu dengar pin hearing aid cable,kabel alat bantu dengar pin hearing aid cable,12.0,8.0,4.0,33.3
Shopee,TONGKAT LIPAT/ALAT BANTU JALAN 1 KAKI/TONGKAT PORTABEL/BAHAN STAINLESS,tongkat lipat,tongkat lipatalat bantu jalan kakitongkat portabelbahan stainless,tongkat lipatalat bantu jalan kakitongkat portabelbahan stainless,tongkat lipatalat bantu jalan kakitongkat portabelbahan stainless,8.0,7.0,1.0,12.5
Shopee,"Bearing / klaher garpu kursi roda,sparepart kursi roda",bearing klaher garpu,bearing klaher garpu kursi rodasparepart kursi roda,bearing klaher garpu kursi rodasparepart kursi roda,bearing klaher garpu kursi rodasparepart kursi roda,8.0,7.0,1.0,12.5
Shopee,Molded Compression Vest Posture Corrector Belt Rompi Penyangga Punggung Gen-3 Korektor Postur Pria Wanita A111,molded compression vest posture corrector,molded compression vest posture corrector belt rompi penyangga punggung gen korektor postur pria wanita a,molded compression vest posture corrector belt rompi penyangga punggung gen korektor postur,molded compression vest posture corrector belt rompi sangga punggung gen korektor postur,15.0,12.0,3.0,20.0
Shopee,Alat Bantu Dengar Pendengaran Telinga Tuli Orang Tua Hearing Aid Wireless Tanpa Kabel Original,alat bantu dengar,alat bantu dengar pendengaran telinga tuli orang tua hearing aid wireless tanpa kabel original,alat bantu dengar pendengaran telinga orang hearing aid wireless kabel,alat bantu dengar dengar telinga orang hearing aid wireless kabel,14.0,10.0,4.0,28.6
Shopee,Tongkat Ketiak / Crutch / Kruk Sella / Tongkat Jalan / Tongkat Bantu Jalan (Sepasang),tongkat ketiak,tongkat ketiak crutch kruk sella tongkat jalan tongkat bantu jalan sepasang,tongkat ketiak crutch kruk sella tongkat jalan tongkat bantu jalan,tongkat ketiak crutch kruk sella tongkat jalan tongkat bantu jalan,15.0,10.0,5.0,33.3
Shopee,Bearing / lakher garpu kursi roda depan sparepart kursi roda original,bearing,bearing lakher garpu kursi roda depan sparepart kursi roda original,bearing lakher garpu kursi roda sparepart kursi roda,bearing lakher garpu kursi roda sparepart kursi roda,11.0,8.0,3.0,27.3
Shopee,Britzgo Alat Bantu Dengar asli rechargeable digital alat pendengaran telinga orang tua original Hearing aids mini usb charge hearing amplifier | BHA-1204,britzgo alat bantu dengar,britzgo alat bantu dengar asli rechargeable digital alat pendengaran telinga orang tua original hearing aids mini usb charge hearing amplifier bha,britzgo alat bantu dengar rechargeable alat pendengaran telinga orang hearing aids usb charge hearing amplifier bha,britzgo alat bantu dengar rechargeable alat dengar telinga orang hearing aids usb charge hearing amplifier bha,22.0,16.0,6.0,27.3
Shopee,Korset Penegak Badan Bungkuk Penyangga Punggung Back Support Corrector 2023 Posture Corrector Wanita Pelurus Punggung Terapi Sakit Pinggang Tulang Belakang Adjustable Nyaman Dipakai Ringan Perbaiki Postur Tubuh Ideal Nyeri,korset penegak badan,korset penegak badan bungkuk penyangga punggung back support corrector posture corrector wanita pelurus punggung terapi sakit pinggang tulang belakang adjustable nyaman dipakai ringan perbaiki postur tubuh ideal nyeri,korset penegak badan penyangga punggung back support corrector posture corrector pelurus punggung terapi pinggang tulang adjustable dipakai perbaiki postur tubuh nyeri,korset tegak badan sangga punggung back support corrector posture corrector lurus punggung terapi pinggang tulang adjustable pakai baik postur tubuh nyeri,29.0,21.0,8.0,27.6
Shopee,"Kursi Roda Lipat Aluminium Alkespro - Beban Maks 100 KG, Ringan & Mudah Disimpan",kursi roda lipat,kursi roda lipat aluminium alkespro beban maks kg ringan mudah disimpan,kursi roda lipat aluminium alkespro beban maks mudah disimpan,kursi roda lipat aluminium alkespro beban maks mudah simpan,14.0,9.0,5.0,35.7
Shopee,Travel Kursi Roda Lipat / Kursi Roda medis / Kursi Roda Travel / Kursi roda Alluminium Bisa Dilipat,kursi roda,travel kursi roda lipat kursi roda medis kursi roda travel kursi roda alluminium bisa dilipat,travel kursi roda lipat kursi roda medis kursi roda travel kursi roda alluminium dilipat,travel kursi roda lipat kursi roda medis kursi roda travel kursi roda alluminium lipat,18.0,14.0,4.0,22.2
Shopee,Tongkat Jalan/Tongkat 1 Kaki/Alat Bantu Jalan/Tongkat Medis Ringan/Kuat/Tahan Lama,tongkat jalan,tongkat jalantongkat kakialat bantu jalantongkat medis ringankuattahan lama,tongkat jalantongkat kakialat bantu jalantongkat medis ringankuattahan,tongkat jalantongkat kakialat bantu jalantongkat medis ringankuattahan,9.0,7.0,2.0,22.2
Shopee,Furnibest Kursi Roda Lipat Portable Traveling Kursi Roda Medis,furnibest kursi roda,furnibest kursi roda lipat portable traveling kursi roda medis,furnibest kursi roda lipat portable traveling kursi roda medis,furnibest kursi roda lipat portable traveling kursi roda medis,9.0,9.0,0.0,0.0
Shopee,ALAT BANTU JALAN LANSIA / TONGKAT KELINCI /TONGKAT JALAN FLEKSIBEL / ALAT BANTU JALAN,tongkat kelinca,alat bantu jalan lansia tongkat kelinci tongkat jalan fleksibel alat bantu jalan,alat bantu jalan tongkat kelinci tongkat jalan fleksibel alat bantu jalan,alat bantu jalan tongkat kelinci tongkat jalan fleksibel alat bantu jalan,14.0,11.0,3.0,21.4
Shopee,Power Magnetic Posture Sport / Penegak Punggung,power magnetic posture sport,power magnetic posture sport penegak punggung,power magnetic posture sport penegak punggung,power magnetic posture sport tegak punggung,7.0,6.0,1.0,14.3
Shopee,Alat Terapi Deker Pergelangan Tangan Magnetik Pelindung Wristband Hangat Self Heating,deker pergelangan tangan magnetik,alat terapi deker pergelangan tangan magnetik pelindung wristband hangat self heating,alat terapi deker pergelangan tangan magnetik pelindung wristband self heating,alat terapi deker gelang tangan magnetik lindung wristband self heating,11.0,10.0,1.0,9.1
Shopee,Arm Sling Penyangga Lengan Patah Tulang Tangan,arm sling,arm sling penyangga lengan patah tulang tangan,arm sling penyangga lengan patah tulang tangan,arm sling sangga lengan patah tulang tangan,7.0,7.0,0.0,0.0
Shopee,"Kursi Roda Lipat 16 Inch Alkespro - Beban Maks 100 KG, Ringan & Mudah Disimpan",kursi roda lipat,kursi roda lipat inch alkespro beban maks kg ringan mudah disimpan,kursi roda lipat inch alkespro beban maks mudah disimpan,kursi roda lipat inch alkespro beban maks mudah simpan,15.0,9.0,6.0,40.0
Shopee,Walker Alat Bantu Jalan Dewasa (BB≥85kg) (kualitas standard) / Tongkat Alat Bantu jalan lansia,walker alat bantu jalan,walker alat bantu jalan dewasa bb≥kg kualitas standard tongkat alat bantu jalan lansia,walker alat bantu jalan bb≥kg standard tongkat alat bantu jalan,walker alat bantu jalan bb kg standard tongkat alat bantu jalan,14.0,11.0,3.0,21.4
Shopee,Deker lutut terapi magnetik panas/Deker Murah Good bio magnetic,deker lutut,deker lutut terapi magnetik panasdeker murah good bio magnetic,deker lutut terapi magnetik panasdeker good bio magnetic,deker lutut terapi magnetik panasdeker good bio magnetic,9.0,8.0,1.0,11.1
Shopee,Powertone Original Alat Bantu Dengar BTE Pendengaran Telinga Tuli Earphone Charger Baterai battery Pengeras Suara TaffOmicron Ear Hearing Aid with Charging Station 1088F JZ-1088F2 F-138 Hearing Aid Lansia Earphone Alat Pendengaran Tuna Rungu Eartec F138,powertone original earphone,powertone original alat bantu dengar bte pendengaran telinga tuli earphone charger baterai battery pengeras suara taffomicron ear hearing aid with charging station f jzf f hearing aid lansia earphone alat pendengaran tuna rungu eartec f,powertone alat bantu dengar bte pendengaran telinga earphone charger baterai battery pengeras suara taffomicron ear hearing aid with charging station jzf hearing aid earphone alat pendengaran tuna rungu eartec,powertone alat bantu dengar bte dengar telinga earphone charger baterai battery keras suara taffomicron ear hearing aid with charging station jzf hearing aid earphone alat dengar tuna rungu eartec,35.0,29.0,6.0,17.1
Shopee,CURBLE Posture Chair WIDER - Kursi Penopang Postur Tubuh,curble posture chair,curble posture chair wider kursi penopang postur tubuh,curble posture chair wider kursi penopang postur tubuh,curble posture chair wider kursi topang postur tubuh,9.0,8.0,1.0,11.1
Shopee,Alat korektor pelurus penyangga tulang jempol jari kaki bunion terapi alat kesehatan pelurus jempol kaki,alat korektor jempol,alat korektor pelurus penyangga tulang jempol jari kaki bunion terapi alat kesehatan pelurus jempol kaki,alat korektor pelurus penyangga tulang jempol jari kaki bunion terapi alat kesehatan pelurus jempol kaki,alat korektor lurus sangga tulang jempol jari kaki bunion terapi alat sehat lurus jempol kaki,15.0,15.0,0.0,0.0
Shopee,Tourniquet One Med,tourniquet one,tourniquet one med,tourniquet one med,tourniquet one med,3.0,3.0,0.0,0.0
Shopee,Knee Support 4516 / Deker Lutut / Carezoe / Sammora / Bamboo / Sinar infrared / 4516,knee support,knee support deker lutut carezoe sammora bamboo sinar infrared,knee support deker lutut carezoe sammora bamboo sinar infrared,knee support deker lutut carezoe sammora bamboo sinar infrared,17.0,9.0,8.0,47.1
Shopee,1 Roll (6Butir) P675 (Biru) | Baterai hearing aid Powerone | Baterai Khusus Alat Dengar | Powerone P675 | AG13 | LR44 | Z675 | PR44 FlashSale,powerone baterai,roll butir p biru baterai hearing aid powerone baterai khusus alat dengar powerone p ag lr z pr flashsale,baterai hearing aid powerone baterai alat dengar powerone ag lr pr flashsale,baterai hearing aid powerone baterai alat dengar powerone ag lr pr flashsale,27.0,12.0,15.0,55.6
Shopee,1Roll (6Butir) P10 (Yellow) | Baterai hearing aid | Baterai Khusus Alat Dengar | Powerone P10 | PR70 | AG10 | ZA10 | LR1130 FlashSale,baterai hearing aid,roll butir p yellow baterai hearing aid baterai khusus alat dengar powerone p pr ag za lr flashsale,yellow baterai hearing aid baterai alat dengar powerone pr ag za lr flashsale,yellow baterai hearing aid baterai alat dengar powerone pr ag za lr flashsale,25.0,13.0,12.0,48.0
Shopee,Penjepit Tali Pusar Umbilical Cord Clamp Umbilical Kord Klem Life Resource /Pcs,penjepit tali pusar,penjepit tali pusar umbilical cord clamp umbilical kord klem life resource pcs,penjepit tali pusar umbilical cord clamp umbilical kord klem life resource,jepit tali pusar umbilical cord clamp umbilical kord klem life resource,12.0,11.0,1.0,8.3
Shopee,Alat Penegak Badan Bungkuk Korset Penyangga Punggung Pria Wanita Anti Bungkuk Back Pain Posture Support Corector Anti Bungkuk,alat penegak badan bungkuk korset,alat penegak badan bungkuk korset penyangga punggung pria wanita anti bungkuk back pain posture support corector anti bungkuk,alat penegak badan korset penyangga punggung anti back pain posture support corector anti,alat tegak badan korset sangga punggung anti back pain posture support corector anti,18.0,13.0,5.0,27.8
Shopee,[COD] Karet Kaki Tongkat Ketiak Kruk / Karet Bawah Tongkat Ketiak Original,karet kaki tongkat ketiak,cod karet kaki tongkat ketiak kruk karet bawah tongkat ketiak original,kaki tongkat ketiak kruk tongkat ketiak,kaki tongkat ketiak kruk tongkat ketiak,12.0,6.0,6.0,50.0
Shopee,JORZILANO LEG SABUK KAKI O X PELURUS KAKI O X SABUK KESEHATAN SABUK TERAPI KESEHATAN CHS0031,jorzilano leg sabuk kaki,jorzilano leg sabuk kaki o x pelurus kaki o x sabuk kesehatan sabuk terapi kesehatan chs,jorzilano leg sabuk kaki pelurus kaki sabuk kesehatan sabuk terapi kesehatan chs,jorzilano leg sabuk kaki lurus kaki sabuk sehat sabuk terapi sehat chs,16.0,12.0,4.0,25.0
Shopee,Wrist Brace AOLIKES 1676 Penyangga Pergelangan Tangan Penyangga Splint Bracer Orthotic Carpal Tunnel,wrist brace aolikes,wrist brace aolikes penyangga pergelangan tangan penyangga splint bracer orthotic carpal tunnel,wrist brace aolikes penyangga pergelangan tangan penyangga splint bracer orthotic carpal tunnel,wrist brace aolikes sangga gelang tangan sangga splint bracer orthotic carpal tunnel,13.0,12.0,1.0,7.7
Shopee,Tongkat Jalan Alat Bantu Tongkat Siku/ Tongkat Siku Elbow Alat Bantu Jalan Kruk Tangan,tongkat jalan,tongkat jalan alat bantu tongkat siku tongkat siku elbow alat bantu jalan kruk tangan,tongkat jalan alat bantu tongkat siku tongkat siku elbow alat bantu jalan kruk tangan,tongkat jalan alat bantu tongkat siku tongkat siku elbow alat bantu jalan kruk tangan,14.0,14.0,0.0,0.0
Shopee,[Renceng Isi 24 Sachet] Soffell Lotion Anti Nyamuk - 6ml,soffell lotion,renceng isi sachet soffell lotion anti nyamuk ml,renceng soffell lotion anti nyamuk,renceng soffell lotion anti nyamuk,10.0,5.0,5.0,50.0
Shopee,Sticker Pengusir Nyamuk Isi 36 Pcs Stiker Anti Nyamuk,stiker pengusir nyamuk,sticker pengusir nyamuk isi pcs stiker anti nyamuk,sticker pengusir nyamuk stiker anti nyamuk,sticker usir nyamuk stiker anti nyamuk,9.0,6.0,3.0,33.3
Shopee,Hit Aerosol Cotton Powder 600ml x2 - Obat Nyamuk - Bunuh Nyamuk Penyebab Demam Berdarah (DBD),hit aerosol cotton powder,hit aerosol cotton powder ml x obat nyamuk bunuh nyamuk penyebab demam berdarah dbd,aerosol cotton powder obat nyamuk bunuh nyamuk penyebab demam berdarah dbd,aerosol cotton powder obat nyamuk bunuh nyamuk sebab demam darah dbd,16.0,11.0,5.0,31.2
Shopee,XPRESS ! Soffell Botol 80 ml / Spray Sofell Soffel Sofel Sachet Obat lotion Anti Nyamuk,soffel,xpress soffell botol ml spray sofell soffel sofel sachet obat lotion anti nyamuk,xpress soffell spray sofell soffel sofel obat lotion anti nyamuk,xpress soffell spray sofell soffel sofel obat lotion anti nyamuk,16.0,10.0,6.0,37.5
Shopee,anti nyamuk tiga roda terbukti efektif 8 jam,anti nyamuk tiga roda,anti nyamuk tiga roda terbukti efektif jam,anti nyamuk roda terbukti jam,anti nyamuk roda bukti jam,8.0,5.0,3.0,37.5
Shopee,Hit Mat DUS Anti Nyamuk Electrik Refill 18+12 Mat,hit mat,hit mat dus anti nyamuk electrik refill mat,mat anti nyamuk electrik refill mat,mat anti nyamuk electrik refill mat,9.0,6.0,3.0,33.3
Shopee,"AUTAN SACHET MIX @6ML ISI 24SACHET, PER RENTENG.",autan sachet mix,autan sachet mix ml isi sachet per renteng,autan renteng,autan renteng,8.0,2.0,6.0,75.0
Shopee,Obat Nyamuk Kingkong Jumbo & Standar Efektif,obat nyamuk kingkong,obat nyamuk kingkong jumbo standar efektif,obat nyamuk kingkong,obat nyamuk kingkong,7.0,3.0,4.0,57.1
Shopee,"Obat nyamuk Ampuh,pasir nyamuk ,pasir ajaib, refill nyamuk,ampuh, pembasmi nyamuk ukuran 500 gram",pasir nyamuk,obat nyamuk ampuhpasir nyamuk pasir ajaib refill nyamukampuh pembasmi nyamuk ukuran gram,obat nyamuk ampuhpasir nyamuk ajaib refill nyamukampuh pembasmi nyamuk,obat nyamuk ampuhpasir nyamuk ajaib refill nyamukampuh basmi nyamuk,13.0,9.0,4.0,30.8
Shopee,obat nyamuk kingkong cap kingkong,obat nyamuk kingkong,obat nyamuk kingkong cap kingkong,obat nyamuk kingkong cap kingkong,obat nyamuk kingkong cap kingkong,5.0,5.0,0.0,0.0
Shopee,Autan Tube Lotion Anti Nyamuk 50ml Aloe Vera 6-8 Jam,autan tube lotion anti nyamuk,autan tube lotion anti nyamuk ml aloe vera jam,autan tube lotion anti nyamuk aloe vera jam,autan tube lotion anti nyamuk aloe vera jam,10.0,8.0,2.0,20.0
Shopee,ARJUNA Soffell Lotion Anti Nyamuk Wangi Bunga Geranium Kulit Jeruk Korean Summer KT2,arjuna soffell lotion,arjuna soffell lotion anti nyamuk wangi bunga geranium kulit jeruk korean summer kt,arjuna soffell lotion anti nyamuk bunga geranium kulit jeruk korean summer kt,arjuna soffell lotion anti nyamuk bunga geranium kulit jeruk korean summer kt,13.0,12.0,1.0,7.7
Shopee,Anti Nyamuk Bayi / Penangkal Nyamuk / Mosquitto Repellent,mosquitto repellent,anti nyamuk bayi penangkal nyamuk mosquitto repellent,anti nyamuk penangkal nyamuk mosquitto repellent,anti nyamuk tangkal nyamuk mosquitto repellent,9.0,6.0,3.0,33.3
Shopee,NoMos Premium Jumbo Obat Nyamuk Bakar Ampuh Dimeflutrin,nomos premium obat nyamuk,nomos premium jumbo obat nyamuk bakar ampuh dimeflutrin,nomos obat nyamuk bakar ampuh dimeflutrin,nomos obat nyamuk bakar ampuh dimeflutrin,8.0,6.0,2.0,25.0
Shopee,Pin Anti Nyamuk MOSQUITO Repellent//Clip Anti Nyamuk Anak Bayi,pin anti nyamuk,pin anti nyamuk mosquito repellentclip anti nyamuk anak bayi,pin anti nyamuk mosquito repellentclip anti nyamuk,pin anti nyamuk mosquito repellentclip anti nyamuk,9.0,7.0,2.0,22.2
Shopee,AUTAN SACHET 1 pack -Autan Lotion Anti Nyamuk Autan Sachet 6ml 1 Renteng Isi 12 Renceng,autan lotion anti nyamuk,autan sachet pack autan lotion anti nyamuk autan sachet ml renteng isi renceng,autan autan lotion anti nyamuk autan renteng renceng,autan autan lotion anti nyamuk autan renteng renceng,16.0,8.0,8.0,50.0
Shopee,Autan Lotion Anti Nyamuk Autan Sachet 6ml Renteng Isi 12pc Sachet Renceng,autan lotion anti nyamuk,autan lotion anti nyamuk autan sachet ml renteng isi pc sachet renceng,autan lotion anti nyamuk autan renteng renceng,autan lotion anti nyamuk autan renteng renceng,12.0,7.0,5.0,41.7
Shopee,ABC KIDS Gelang Anak Anti Nyamuk Gelang Mosquito Bracellet Gelang Anti Nyamuk LED Motif Karakter,abc kids gelang anak anti nyamuk,abc kids gelang anak anti nyamuk gelang mosquito bracellet gelang anti nyamuk led motif karakter,abc kids gelang anti nyamuk gelang mosquito bracellet gelang anti nyamuk led karakter,abc kids gelang anti nyamuk gelang mosquito bracellet gelang anti nyamuk led karakter,15.0,13.0,2.0,13.3
Shopee,LAVENDA LOTION ANTI NYAMUK RENCENG ISI 24 x 8ml TAHAN LAMA EFEKTIF TERHINDAR DARI NYAMUK EKSTRAK LAVENDER ALOEVERA FRESH CITRUS FLORAL CALM COOL SEREH PENCEGAH DEMAM BERDARAH BUNGA BANDUNG INSTANT GOSEND TERMURAH KECIL,lavenda lotion,lavenda lotion anti nyamuk renceng isi x ml tahan lama efektif terhindar dari nyamuk ekstrak lavender aloevera fresh citrus floral calm cool sereh pencegah demam berdarah bunga bandung instant gosend termurah kecil,lavenda lotion anti nyamuk renceng tahan terhindar nyamuk ekstrak lavender aloevera fresh citrus floral calm cool sereh pencegah demam berdarah bunga bandung instant gosend,lavenda lotion anti nyamuk renceng tahan hindar nyamuk ekstrak lavender aloevera fresh citrus floral calm cool sereh cegah demam darah bunga bandung instant gosend,33.0,24.0,9.0,27.3
Shopee,Lavenda Lotion Anti Nyamuk 6ml × 14 Sachet,lavenda lotion,lavenda lotion anti nyamuk ml × sachet,lavenda lotion anti nyamuk,lavenda lotion anti nyamuk,8.0,4.0,4.0,50.0
Shopee,[BARU PINK BLOSSOM | 48+12 MAT REFILL] Hit Mat Isi Ulang 48+6s Electric | Isi Ulang Anti Nyamuk Elektrik | Obat Anti Nyamuk,hit mat isi ulang,baru pink blossom mat refill hit mat isi ulang s electric isi ulang anti nyamuk elektrik obat anti nyamuk,pink blossom mat refill mat ulang electric ulang anti nyamuk elektrik obat anti nyamuk,pink blossom mat refill mat ulang electric ulang anti nyamuk elektrik obat anti nyamuk,23.0,14.0,9.0,39.1
Shopee,BEBE ROOSIE BUGS REPELLENT ANTI NYAMUK Beberosie Bugs Repellent Cream 60gr,beberosie bugs repellent,bebe roosie bugs repellent anti nyamuk beberosie bugs repellent cream gr,bebe roosie bugs repellent anti nyamuk beberosie bugs repellent cream,bebe roosie bugs repellent anti nyamuk beberosie bugs repellent cream,11.0,10.0,1.0,9.1
Shopee,LAVENDA LOTION ANTI NYAMUK 8ml EFEKTIF TAHAN LAMA EKSTRAK LAVENDER ALOEVERA FRESH CITRUS CALM FLORAL COOL SEREH PENCEGAH DEMAM BERDARAH BUNGA,lavenda lotion,lavenda lotion anti nyamuk ml efektif tahan lama ekstrak lavender aloevera fresh citrus calm floral cool sereh pencegah demam berdarah bunga,lavenda lotion anti nyamuk tahan ekstrak lavender aloevera fresh citrus calm floral cool sereh pencegah demam berdarah bunga,lavenda lotion anti nyamuk tahan ekstrak lavender aloevera fresh citrus calm floral cool sereh cegah demam darah bunga,21.0,18.0,3.0,14.3
Shopee,AOKI Raket Nyamuk 2 in 1 Multifungsi Perangkap Nyamuk Bisa dilipat,aoki raket nyamuk,aoki raket nyamuk in multifungsi perangkap nyamuk bisa dilipat,aoki raket nyamuk in perangkap nyamuk dilipat,aoki raket nyamuk in perangkap nyamuk lipat,11.0,7.0,4.0,36.4
Shopee,Dee Dee Lotion Anti Nyamuk Anak 50gr 3 Varian,dee dee lotion anti nyamuk,dee dee lotion anti nyamuk anak gr varian,dee dee lotion anti nyamuk varian,dee dee lotion anti nyamuk varian,9.0,6.0,3.0,33.3
Shopee,NoMos Obat Nyamuk Bakar Sedikit Asap Jumbo (10 Jam) Hitam,nomos obat nyamuk,nomos obat nyamuk bakar sedikit asap jumbo jam hitam,nomos obat nyamuk bakar asap jam,nomos obat nyamuk bakar asap jam,10.0,6.0,4.0,40.0
Shopee,Autan Apel Lotion Tube 50ml,autan apel lotion,autan apel lotion tube ml,autan apel lotion tube,autan apel lotion tube,5.0,4.0,1.0,20.0
Shopee,Obat Nyamuk Bakar King Kong Jumbo Per Pack,obat nyamuk bakar king kong,obat nyamuk bakar king kong jumbo per pack,obat nyamuk bakar king kong,obat nyamuk bakar king kong,8.0,5.0,3.0,37.5
Shopee,Obat Nyamuk Soffel Tahan Lama Isi 24 Sachet,soffel nyamuk,obat nyamuk soffel tahan lama isi sachet,obat nyamuk soffel tahan,obat nyamuk soffel tahan,8.0,4.0,4.0,50.0
Shopee,SET TATAKAN OBAT NYAMUK BAKAR + TUTUP ALAS PIRING TEMPAT OBAT NYAMUK BAKAR LITTLE SWEET,nyamuk bakar,set tatakan obat nyamuk bakar tutup alas piring tempat obat nyamuk bakar little sweet,tatakan obat nyamuk bakar tutup alas piring obat nyamuk bakar little sweet,tata obat nyamuk bakar tutup alas piring obat nyamuk bakar little sweet,15.0,12.0,3.0,20.0
Shopee,Soffell Botol Bengkoang 60 gr - 2 Botol,soffell bengkoang,soffell botol bengkoang gr botol,soffell bengkoang,soffell bengkoang,8.0,2.0,6.0,75.0
Shopee,UNDER100 LAVENDA Lotion Anti Nyamuk Tahan Lama 1 Renceng Isi 12 Sachet Fresh Cool | Fresh Citrus | Fresh Floral | 8ml,lavenda lotion,under lavenda lotion anti nyamuk tahan lama renceng isi sachet fresh cool fresh citrus fresh floral ml,under lavenda lotion anti nyamuk tahan renceng fresh cool fresh citrus fresh floral,under lavenda lotion anti nyamuk tahan renceng fresh cool fresh citrus fresh floral,22.0,13.0,9.0,40.9
Shopee,❄️MATCHA❄️ [ SACHET ] SOFFELL MOSQUITO REPELLENT PENOLAK NYAMUK - LOT ANTI NYAMUK,matcha soffell mosquito repellent,❄️matcha❄️ sachet soffell mosquito repellent penolak nyamuk lot anti nyamuk,❄️matcha❄️ soffell mosquito repellent penolak nyamuk lot anti nyamuk,matcha soffell mosquito repellent tolak nyamuk lot anti nyamuk,13.0,9.0,4.0,30.8
Shopee,Anti Nyamuk Spray Cair Alami Fresh Segar Super Ampuh Kemasan 60ml Spray,anti nyamuk spray,anti nyamuk spray cair alami fresh segar super ampuh kemasan ml spray,anti nyamuk spray fresh ampuh spray,anti nyamuk spray fresh ampuh spray,12.0,6.0,6.0,50.0
Shopee,[1 Box/Kotak Kecil] Obat Nyamuk Kingkong Jumbo: Effective Mosquito Treatment,obat nyamuk kingkong,boxkotak kecil obat nyamuk kingkong jumbo effective mosquito treatment,boxkotak obat nyamuk kingkong effective mosquito treatment,boxkotak obat nyamuk kingkong effective mosquito treatment,10.0,7.0,3.0,30.0
Shopee,Fumakilla Pouch Refill 175ml Obat Nyamuk Cair Membasmi Nyamuk Isi Ulang,fumakilla pouch refill obat nyamuk,fumakilla pouch refill ml obat nyamuk cair membasmi nyamuk isi ulang,fumakilla refill obat nyamuk membasmi nyamuk ulang,fumakilla refill obat nyamuk basmi nyamuk ulang,11.0,7.0,4.0,36.4
Shopee,Hit Mat Classic 60+6's - Obat Nyamuk Elektrik - Bunuh Nyamuk Penyebab Demam Berdarah (DBD),hit mat classic,hit mat classic s obat nyamuk elektrik bunuh nyamuk penyebab demam berdarah dbd,mat classic obat nyamuk elektrik bunuh nyamuk penyebab demam berdarah dbd,mat classic obat nyamuk elektrik bunuh nyamuk sebab demam darah dbd,15.0,11.0,4.0,26.7
Shopee,Soffell Lotion Tube 50gr Lotion Penolak Nyamuk,soffell lotion,soffell lotion tube gr lotion penolak nyamuk,soffell lotion tube lotion penolak nyamuk,soffell lotion tube lotion tolak nyamuk,7.0,6.0,1.0,14.3
Shopee,Autan Lavender Lotion Tube 50ml X2,autan lavender lotion,autan lavender lotion tube ml x,autan lavender lotion tube,autan lavender lotion tube,6.0,4.0,2.0,33.3
Shopee,Goto UV-Comb Sisir Kutu Elektrik Rambut Penghilang Kutu Vacuum Comb,uv-comb sisir kutu,goto uvcomb sisir kutu elektrik rambut penghilang kutu vacuum comb,goto uvcomb sisir kutu elektrik rambut penghilang kutu vacuum comb,goto uvcomb sisir kutu elektrik rambut hilang kutu vacuum comb,10.0,10.0,0.0,0.0
Shopee,Fumakilla Vape Aerosol FIK Obat Nyamuk Fruity Fresh 600 ml,fumakilla vape aerosol,fumakilla vape aerosol fik obat nyamuk fruity fresh ml,fumakilla vape aerosol fik obat nyamuk fruity fresh,fumakilla vape aerosol fik obat nyamuk fruity fresh,10.0,8.0,2.0,20.0
Shopee,BerryC Berry C Bye Bye Bugs Mosquito Repellent - Anti Nyamuk Spray Anak Bayi,berry c bye bye bugs,berryc berry c bye bye bugs mosquito repellent anti nyamuk spray anak bayi,berryc berry bye bye bugs mosquito repellent anti nyamuk spray,berryc berry bye bye bugs mosquito repellent anti nyamuk spray,14.0,10.0,4.0,28.6
Shopee,Obat Nyamuk Kingkong & Tatakan Obat Nyamuk Bakar,obat nyamuk kingkong,obat nyamuk kingkong tatakan obat nyamuk bakar,obat nyamuk kingkong tatakan obat nyamuk bakar,obat nyamuk kingkong tata obat nyamuk bakar,8.0,7.0,1.0,12.5
Shopee,Pin anti nyamuk Tempelan Anti Mosquito Musim panas Penangkal Nyamuk,pin anti nyamuk,pin anti nyamuk tempelan anti mosquito musim panas penangkal nyamuk,pin anti nyamuk tempelan anti mosquito musim panas penangkal nyamuk,pin anti nyamuk tempel anti mosquito musim panas tangkal nyamuk,10.0,10.0,0.0,0.0
Shopee,PAKET 4 Pcs REFILL HIT Anti Nyamuk Elektrik - Anti Nyamuk Elektrik Tanpa Asap,anti nyamuk elektrik,paket pcs refill hit anti nyamuk elektrik anti nyamuk elektrik tanpa asap,refill anti nyamuk elektrik anti nyamuk elektrik asap,refill anti nyamuk elektrik anti nyamuk elektrik asap,14.0,8.0,6.0,42.9
Shopee,[FREE WIPES ANTIBAC 10S] Momami Citronella Shield Patch | Sticker Anti Nyamuk Bayi & Anak Deet Free 24pcs,momami citronella shield patch,free wipes antibac s momami citronella shield patch sticker anti nyamuk bayi anak deet free pcs,wipes antibac momami citronella shield patch sticker anti nyamuk deet,wipes antibac momami citronella shield patch sticker anti nyamuk deet,18.0,10.0,8.0,44.4
Shopee,Coconi Mosquito Repellent Patch isi 36 Pcs / Stiker Anti Nyamuk / Tempelan Anti Nyamuk / Stiker Anti Nyamuk Citronella Serai Bahan Alami - Citronella Patch,coconi mosquito repellent patch,coconi mosquito repellent patch isi pcs stiker anti nyamuk tempelan anti nyamuk stiker anti nyamuk citronella serai bahan alami citronella patch,coconi mosquito repellent patch stiker anti nyamuk tempelan anti nyamuk stiker anti nyamuk citronella serai citronella patch,coconi mosquito repellent patch stiker anti nyamuk tempel anti nyamuk stiker anti nyamuk citronella serai citronella patch,26.0,17.0,9.0,34.6
Shopee,Tropee Bebe Bye Bye Bug Spray 100ml | Spray Anti Nyamuk dan Serangga,tropee bebe bye bye bug spray,tropee bebe bye bye bug spray ml spray anti nyamuk dan serangga,tropee bebe bye bye bug spray spray anti nyamuk serangga,tropee bebe bye bye bug spray spray anti nyamuk serangga,13.0,10.0,3.0,23.1
Shopee,HIT Good Knight Xpress Refill 35ml - Isi Ulang Hit Elektrik Refill Obat Nyamuk Elektrik 45Malam - Bunuh Nyamuk Penyebab Demam Berdarah (DBD),hit good knight xpress refill,hit good knight xpress refill ml isi ulang hit elektrik refill obat nyamuk elektrik malam bunuh nyamuk penyebab demam berdarah dbd,good knight xpress refill ulang elektrik refill obat nyamuk elektrik malam bunuh nyamuk penyebab demam berdarah dbd,good knight xpress refill ulang elektrik refill obat nyamuk elektrik malam bunuh nyamuk sebab demam darah dbd,23.0,17.0,6.0,26.1
Shopee,☘️ CHAROZA ☘️ VAPE Liquid Electrik Anti Nyamuk | Vape Liquid,charoza vape liquid,☘️ charoza ☘️ vape liquid electrik anti nyamuk vape liquid,☘️ charoza ☘️ vape liquid electrik anti nyamuk vape liquid,charoza vape liquid electrik anti nyamuk vape liquid,11.0,8.0,3.0,27.3
Shopee,Kalale - Bundle 3pcs Daily Buddy Patch Stiker Anti Nyamuk Penangkal Flu Immune Booster Anak & Dewasa,kalale daily buddy patch,kalale bundle pcs daily buddy patch stiker anti nyamuk penangkal flu immune booster anak dewasa,kalale bundle daily buddy patch stiker anti nyamuk penangkal flu immune booster,kalale bundle daily buddy patch stiker anti nyamuk tangkal flu immune booster,17.0,12.0,5.0,29.4
Shopee,Telon Lang Plus Anti Nyamuk isi 2pcs,telon lang plus,telon lang plus anti nyamuk isi pcs,telon lang anti nyamuk,ton lang anti nyamuk,7.0,4.0,3.0,42.9
Shopee,Gelang Jam Tangan Anti Nyamuk Bayi dan Anak- Bikit Clip Guard,bikit clip guard,gelang jam tangan anti nyamuk bayi dan anak bikit clip guard,gelang jam tangan anti nyamuk bikit clip guard,gelang jam tangan anti nyamuk bikit clip guard,11.0,8.0,3.0,27.3
Shopee,DOUBLE ANTI NYAMUK - Paket Bundling 2 Bigroot Mosquito Repellent 110ml,double anti nyamuk,double anti nyamuk paket bundling bigroot mosquito repellent ml,double anti nyamuk bundling bigroot mosquito repellent,double anti nyamuk bundling bigroot mosquito repellent,11.0,7.0,4.0,36.4
Shopee,1 KEPING (24 PCS) SOFFELL PENOLAK NYAMUK SACHET,keping soffell,keping pcs soffell penolak nyamuk sachet,keping soffell penolak nyamuk,keping soffell tolak nyamuk,8.0,4.0,4.0,50.0
Shopee,Kingkong - Paket Item Khusus - Obat Nyamuk Bakar Kingkong Jumbo 3 Pack,kingkong obat nyamuk,kingkong paket item khusus obat nyamuk bakar kingkong jumbo pack,kingkong item obat nyamuk bakar kingkong,kingkong item obat nyamuk bakar kingkong,13.0,6.0,7.0,53.8
Shopee,Holder Obat Nyamuk Bakar Wadah Tempat Obat Nyamuk Gantung Sangkar Mosquito Killer Coil,holder obat nyamuk,holder obat nyamuk bakar wadah tempat obat nyamuk gantung sangkar mosquito killer coil,holder obat nyamuk bakar obat nyamuk gantung sangkar mosquito killer coil,holder obat nyamuk bakar obat nyamuk gantung sangkar mosquito killer coil,13.0,11.0,2.0,15.4
Shopee,Sticker Anti Nyamuk bayi Mosquito Repellent Patch Eceran 6pcs,stiker anti nyamuk,sticker anti nyamuk bayi mosquito repellent patch eceran pcs,sticker anti nyamuk mosquito repellent patch eceran,sticker anti nyamuk mosquito repellent patch ecer,9.0,7.0,2.0,22.2
Shopee,Herbachamp Cicak Go Away - Pengusir Cicak Alami Aman untuk Keluarga 250 ml,herbachamp cicak go away,herbachamp cicak go away pengusir cicak alami aman untuk keluarga ml,herbachamp cicak go away pengusir cicak keluarga,herbachamp cicak go away usir cicak keluarga,13.0,7.0,6.0,46.2
Shopee,Lilbul Tempelan Anti Nyamuk Bayi dan Dewasa / Mosquito Repellent Patch,lilbul tempelan anti nyamuk,lilbul tempelan anti nyamuk bayi dan dewasa mosquito repellent patch,lilbul tempelan anti nyamuk mosquito repellent patch,lilbul tempel anti nyamuk mosquito repellent patch,11.0,7.0,4.0,36.4
Shopee,Maharati Serai Anak | Natural Bug Repellent & Skin Soothing Oil | Anti-Nyamuk Pereda Gatal dan Penghilang Bekas Gigitan,maharati serai anak,maharati serai anak natural bug repellent skin soothing oil antinyamuk pereda gatal dan penghilang bekas gigitan,maharati serai bug repellent skin soothing oil antinyamuk pereda penghilang bekas gigitan,maharati serai bug repellent skin soothing oil antinyamuk reda hilang bekas gigit,19.0,12.0,7.0,36.8
Shopee,Obat Nyamuk Bakar Kingkong Jumbo 1 pack isi 5 || Obat Nyamuk Bakar Zebra 1 pack isi 5 || Obat Nyamuk Bakar Vape 1 pack isi 5,obat nyamuk bakar,obat nyamuk bakar kingkong jumbo pack isi obat nyamuk bakar zebra pack isi obat nyamuk bakar vape pack isi,obat nyamuk bakar kingkong obat nyamuk bakar zebra obat nyamuk bakar vape,obat nyamuk bakar kingkong obat nyamuk bakar zebra obat nyamuk bakar vape,27.0,12.0,15.0,55.6
Shopee,[ANTI NYAMUK] Dee-Dee Mosquito Repellent Lotion 50gr - Dee Dee / DeeDee Losion Penolak Anti Nyamuk Anak 50 gr,dee dee mosquito repellent losion,anti nyamuk deedee mosquito repellent lotion gr dee dee deedee losion penolak anti nyamuk anak gr,anti nyamuk deedee mosquito repellent lotion dee dee deedee losion penolak anti nyamuk,anti nyamuk deedee mosquito repellent lotion dee dee deedee losion tolak anti nyamuk,19.0,13.0,6.0,31.6
Shopee,Lotion Nyamuk Soffell 13 Lt - Obat Nyamuk Lotion - Mosquito Repellent,soffell lotion nyamuk,lotion nyamuk soffell lt obat nyamuk lotion mosquito repellent,lotion nyamuk soffell lt obat nyamuk lotion mosquito repellent,lotion nyamuk soffell lt obat nyamuk lotion mosquito repellent,12.0,9.0,3.0,25.0
Shopee,Autan Junior Lotion Anti Nyamuk (50 Gram),autan junior lotion,autan junior lotion anti nyamuk gram,autan lotion anti nyamuk,autan lotion anti nyamuk,7.0,4.0,3.0,42.9
Shopee,PROMO!! HIT ELEKTRIK NON STOP REFFIL 35ML,hit elektrik,promo hit elektrik non stop reffil ml,elektrik non stop reffil,elektrik non stop reffil,7.0,4.0,3.0,42.9
Shopee,Autan Apel Lotion Tube 50ml - X2,autan apel lotion,autan apel lotion tube ml x,autan apel lotion tube,autan apel lotion tube,7.0,4.0,3.0,42.9
Shopee,Pin Anti Nyamuk / Mosquito Repellent / Pin Penangkal Nyamuk,pin anti nyamuk,pin anti nyamuk mosquito repellent pin penangkal nyamuk,pin anti nyamuk mosquito repellent pin penangkal nyamuk,pin anti nyamuk mosquito repellent pin tangkal nyamuk,10.0,8.0,2.0,20.0
Shopee,BerryC Berry C Mosquito Insect Repellent Patch - Stiker Anti Nyamuk,berry c mosquito repellent patch,berryc berry c mosquito insect repellent patch stiker anti nyamuk,berryc berry mosquito insect repellent patch stiker anti nyamuk,berryc berry mosquito insect repellent patch stiker anti nyamuk,11.0,9.0,2.0,18.2
Shopee,LOTION ANTI NYAMUK ANAK AUTAN JUNIOR 50 ML LOSION 8 JAM SKIN PROTECTION,lotion anti nyamuk,lotion anti nyamuk anak autan junior ml losion jam skin protection,lotion anti nyamuk autan losion jam skin protection,lotion anti nyamuk autan losion jam skin protection,13.0,8.0,5.0,38.5
Shopee,Vape Jumbo Obat Nyamuk Bakar & Kecoa Hitam Tanpa Asap,vape jumbo obat nyamuk,vape jumbo obat nyamuk bakar kecoa hitam tanpa asap,vape obat nyamuk bakar kecoa asap,vape obat nyamuk bakar kecoa asap,10.0,6.0,4.0,40.0
Shopee,Minyak Kayu Putih PLUS 30ml CAP LANG Minyak Kayu Putih Anti Nyamuk,minyak kayu putih,minyak kayu putih plus ml cap lang minyak kayu putih anti nyamuk,minyak kayu cap lang minyak kayu anti nyamuk,minyak kayu cap lang minyak kayu anti nyamuk,12.0,8.0,4.0,33.3
Shopee,Autan Sakura Lotion Tube 50ml X2,autan sakura lotion,autan sakura lotion tube ml x,autan sakura lotion tube,autan sakura lotion tube,6.0,4.0,2.0,33.3
Shopee,BerryC Insect Mosquito Repellent Patch Pack 12pcs - Stiker Anti Nyamuk Anak Bayi Alami No DEET,berryc stiker anti nyamuk,berryc insect mosquito repellent patch pack pcs stiker anti nyamuk anak bayi alami no deet,berryc insect mosquito repellent patch stiker anti nyamuk no deet,berryc insect mosquito repellent patch stiker anti nyamuk no deet,16.0,10.0,6.0,37.5
Shopee,Bebe Roosie Bugs Repellent Cream Krim Anti Nyamuk & Serangga Dengan Lavender & Aloe Vera 60g,bebe roosie bugs repellent cream,bebe roosie bugs repellent cream krim anti nyamuk serangga dengan lavender aloe vera g,bebe roosie bugs repellent cream krim anti nyamuk serangga lavender aloe vera,bebe roosie bugs repellent cream krim anti nyamuk serangga lavender aloe vera,16.0,12.0,4.0,25.0
Shopee,"Hit Mat Refil 48+6's Besar, Perlindungan Nyamuk Efektif",hit mat,hit mat refil s besar perlindungan nyamuk efektif,mat refil perlindungan nyamuk,mat refil lindung nyamuk,8.0,4.0,4.0,50.0
Shopee,Bebe Roosie Bugs Repellent Telon Cream Bayi,bebe roosie bugs repellent,bebe roosie bugs repellent telon cream bayi,bebe roosie bugs repellent telon cream,bebe roosie bugs repellent ton cream,7.0,6.0,1.0,14.3
Shopee,Racun Cicak Ampuh 20g Efektif Dan Aman,racun cicak,racun cicak ampuh g efektif dan aman,racun cicak ampuh,racun cicak ampuh,7.0,3.0,4.0,57.1
Shopee,Dee Dee Mosquito Repellent Lotion 50gr Anak Lembut,dee dee mosquito repellent lotion,dee dee mosquito repellent lotion gr anak lembut,dee dee mosquito repellent lotion,dee dee mosquito repellent lotion,8.0,5.0,3.0,37.5
Shopee,Prickly Heat Snake Brand Cool Pink 150 g,prickly heat snake brand cool,prickly heat snake brand cool pink g,prickly heat snake cool pink,prickly heat snake cool pink,8.0,5.0,3.0,37.5
Shopee,Kingkong Obat Nyamuk Bakar Jumbo Efektif Murah,kingkong obat nyamuk,kingkong obat nyamuk bakar jumbo efektif murah,kingkong obat nyamuk bakar,kingkong obat nyamuk bakar,7.0,4.0,3.0,42.9
Shopee,Baygon Liquid Electric Refill Lavender 22ml,baygon liquid electric,baygon liquid electric refill lavender ml,baygon liquid electric refill lavender,baygon liquid electric refill lavender,6.0,5.0,1.0,16.7
Shopee,Baygon Obat Nyamuk Semprot 600ml Harum Manjur,baygon obat nyamuk,baygon obat nyamuk semprot ml harum manjur,baygon obat nyamuk semprot,baygon obat nyamuk semprot,7.0,4.0,3.0,42.9
Shopee,STIKER Anti Nyamuk MIZO by Nokito - Mosquito Reppellent Patch isi 4 Strip = 24 Stiker,stiker anti nyamuk,stiker anti nyamuk mizo by nokito mosquito reppellent patch isi strip stiker,stiker anti nyamuk mizo by nokito mosquito reppellent patch strip stiker,stiker anti nyamuk mizo by nokito mosquito reppellent patch strip stiker,16.0,11.0,5.0,31.2
Shopee,Minyak Kelapa Asli / Minyak Klentik Murni / Coconut Oil / Minyak Kelapa Murni,minyak kelapa,minyak kelapa asli minyak klentik murni coconut oil minyak kelapa murni,minyak kelapa minyak klentik murni coconut oil minyak kelapa murni,minyak kelapa minyak klentik murni coconut oil minyak kelapa murni,14.0,10.0,4.0,28.6
Shopee,A22 Hit Mat isi ulang 18+12's,hit mat,a hit mat isi ulang s,mat ulang,mat ulang,6.0,2.0,4.0,66.7
Shopee,HIT MAT ELEKTRIK ALAT N5 + REFILL,hit mat elektrik,hit mat elektrik alat n refill,mat elektrik alat refill,mat elektrik alat refill,7.0,4.0,3.0,42.9
Shopee,SOFFEL RENCENG ISI 12 SACHET [ RANDOM - KEMASAN JUMBO ] **,soffel rencek,soffel renceng isi sachet random kemasan jumbo,soffel renceng,soffel renceng,12.0,2.0,10.0,83.3
Shopee,Serbuk obat nyamuk pasir,serbuk obat nyamuk,serbuk obat nyamuk pasir,serbuk obat nyamuk,serbuk obat nyamuk,4.0,3.0,1.0,25.0
Shopee,Soffel Penolak Nyamuk 60 ml | Anti nyamuk | Geranium | Jeruk | Korean Summer | Apel,soffel penolak nyamuk,soffel penolak nyamuk ml anti nyamuk geranium jeruk korean summer apel,soffel penolak nyamuk anti nyamuk geranium jeruk korean summer apel,soffel tolak nyamuk anti nyamuk geranium jeruk korean summer apel,17.0,10.0,7.0,41.2
Shopee,[Cod] Underpad Onemed Pad 45 x 60 Cm Upad Perlak One Med Isi 10Lbr,underpad onemed pad,cod underpad onemed pad x cm upad perlak one med isi lbr,underpad onemed pad upad perlak one med lbr,underpad onemed pad upad perlak one med lbr,14.0,8.0,6.0,42.9
Shopee,"LiFree Popok Celana Dewasa Satuan [Size M, L, XL, XXL]",lifree popok celana dewasa,lifree popok celana dewasa satuan size m l xl xxl,lifree popok celana satuan,lifree popok celana satu,10.0,4.0,6.0,60.0
Shopee,"POPOK DEWASA PEREKAT isi 20 pcs, Termurah.",popok dewasa perekat,popok dewasa perekat isi pcs termurah,popok perekat,popok rekat,7.0,2.0,5.0,71.4
Shopee,OTO Adult Pants Diapers / Popok Dewasa model Celana uk M L XL XXL isi 8 pcs,oto adult pants diapers,oto adult pants diapers popok dewasa model celana uk m l xl xxl isi pcs,oto adult pants diapers popok celana uk,oto adult pants diapers popok celana uk,17.0,7.0,10.0,58.8
Shopee,IDEAL Popok Dewasa Celana M10 (8+2) Pcs - HALAL Anti Iritasi Anti Bakteri Breathable Daya Serap Tinggi,ideal popok dewasa celana,ideal popok dewasa celana m pcs halal anti iritasi anti bakteri breathable daya serap tinggi,popok celana anti iritasi anti bakteri breathable daya serap,popok celana anti iritasi anti bakteri breathable daya serap,17.0,9.0,8.0,47.1
Shopee,POPOKU PEREKAT L10,perekat,popoku perekat l,popoku perekat,popoku rekat,3.0,2.0,1.0,33.3
Shopee,Popok Dewasa perekat size L GRADE-B 1 pcs grosir & eceran (stok baru),popok dewasa,popok dewasa perekat size l gradeb pcs grosir eceran stok baru,popok perekat gradeb eceran,popok rekat gradeb ecer,13.0,4.0,9.0,69.2
Shopee,Lifree Popok Dewasa Tipe Celana 1 pcs kemasan Renceng (M/ L/ XL/ XXL),lifree popok,lifree popok dewasa tipe celana pcs kemasan renceng m l xl xxl,lifree popok celana renceng,lifree popok celana renceng,13.0,4.0,9.0,69.2
Shopee,Lifree Popok Dewasa Perekat Satuan ukuran M L XL Sachet Renceng,lifree popok,lifree popok dewasa perekat satuan ukuran m l xl sachet renceng,lifree popok perekat satuan renceng,lifree popok rekat satu renceng,11.0,5.0,6.0,54.5
Shopee,Popok Dewasa Perekat Confidence Classic Day/Night M8/L7/XL6,popok confidence classic,popok dewasa perekat confidence classic daynight mlxl,popok perekat confidence classic daynight mlxl,popok rekat confidence classic daynight mlxl,7.0,6.0,1.0,14.3
Shopee,Isi 20 Pcs/Pack Lifree Pants Popok Celana Dewasa / Popok Dewasa Celana Ukuran M/L/XL/XXL,lifree pants popok celana dewasa,isi pcspack lifree pants popok celana dewasa popok dewasa celana ukuran mlxlxxl,pcspack lifree pants popok celana popok celana mlxlxxl,pcspack lifree pants popok celana popok celana mlxlxxl,14.0,8.0,6.0,42.9
Shopee,Confidence Classic Day/Classic Night Perekat M15/L15/XL15,confidence classic perekat,confidence classic dayclassic night perekat mlxl,confidence classic dayclassic night perekat mlxl,confidence classic dayclassic night rekat mlxl,6.0,6.0,0.0,0.0
Shopee,Isi 20 Pcs/Pack Confidence Popok Celana Dewasa / Popok Dewasa Celana Ukuran M/L/XL,confidence popok celana dewasa,isi pcspack confidence popok celana dewasa popok dewasa celana ukuran mlxl,pcspack confidence popok celana popok celana mlxl,pcspack confidence popok celana popok celana mlxl,13.0,7.0,6.0,46.2
Shopee,Lifree Pants Popok Celana Dewasa Satuan Sachet Renceng 1pcs M L XL XXL,lifree popok celana,lifree pants popok celana dewasa satuan sachet renceng pcs m l xl xxl,lifree pants popok celana satuan renceng,lifree pants popok celana satu renceng,13.0,6.0,7.0,53.8
Shopee,Popok Dewasa Murah Harga Satuan/Ecer,popok dewasa,popok dewasa murah harga satuanecer,popok satuanecer,popok satuanecer,5.0,2.0,3.0,60.0
Shopee,Laurier Relax Night Pembalut Wanita Malam Panjang 35cm Wing Perlindungan Tidur Bebas Bocor Semalaman Isi 18 Buah Twin Pack,laurier relax night pembalut,laurier relax night pembalut wanita malam panjang cm wing perlindungan tidur bebas bocor semalaman isi buah twin pack,laurier relax night pembalut malam wing perlindungan tidur bocor semalaman twin,laurier relax night balut malam wing lindung tidur bocor malam twin,19.0,11.0,8.0,42.1
Shopee,POPOK DEWASA PEREKAT ISI 20PCS M/L/XL,popok dewasa,popok dewasa perekat isi pcs mlxl,popok perekat mlxl,popok rekat mlxl,6.0,3.0,3.0,50.0
Shopee,Lifree Popok CELANA Dewasa Lansia Melahirkan Rencengan Murah Berkualitas Ukuran M L XL dan XXL,lifree popok,lifree popok celana dewasa lansia melahirkan rencengan murah berkualitas ukuran m l xl dan xxl,lifree popok celana melahirkan rencengan,lifree popok celana lahir renceng,15.0,5.0,10.0,66.7
Shopee,"CONFIDENCE CLASSIC NIGHT POPOK DEWASA PEREKAT - UKURAN M8, L7, XL6",confidence classic popok,confidence classic night popok dewasa perekat ukuran m l xl,confidence classic night popok perekat,confidence classic night popok rekat,11.0,5.0,6.0,54.5
Shopee,[Cod] Popok Dewasa Celana Grade-B Size L Isi 1 Pcs,popok dewasa celana,cod popok dewasa celana gradeb size l isi pcs,popok celana gradeb,popok celana gradeb,10.0,3.0,7.0,70.0
Shopee,"Confidence Classic Day Popok Perekat Isi Jumbo M15, L15, XL15",confidence classic day popok,confidence classic day popok perekat isi jumbo m l xl,confidence classic day popok perekat,confidence classic day popok rekat,10.0,5.0,5.0,50.0
Shopee,POPOK DEWASA / LANSIA /POPOK CUCI ULANG DEWASA,popok dewasa,popok dewasa lansia popok cuci ulang dewasa,popok popok ulang,popok popok ulang,8.0,3.0,5.0,62.5
Shopee,"[3 BAG] LIVELY Termurah Popok Perekat Dewasa Siang Malam M 8 x 3 Bag L 7 x 3 Bag XL 6 x 3 Bag - Adult Diapers Tape AM PM Breathable, Daya Serap Tinggi, Anti Iritasi & Anti Bakteri",lively popok perekat,bag lively termurah popok perekat dewasa siang malam m x bag l x bag xl x bag adult diapers tape am pm breathable daya serap tinggi anti iritasi anti bakteri,bag lively popok perekat malam bag bag bag adult diapers tape am pm breathable daya serap anti iritasi anti bakteri,bag lively popok rekat malam bag bag bag adult diapers tape am pm breathable daya serap anti iritasi anti bakteri,39.0,20.0,19.0,48.7
Shopee,We Care Adult Diapers M20 / L16 / XL14 (WeCare Popok Dewasa PEREKAT),we care popok dewasa,we care adult diapers m l xl wecare popok dewasa perekat,we care adult diapers wecare popok perekat,we care adult diapers wecare popok rekat,13.0,7.0,6.0,46.2
Shopee,Confidence Popok Dewasa Celana Ekstra Serap M20 L16 XL12 Extra Serap,confidence popok,confidence popok dewasa celana ekstra serap m l xl extra serap,confidence popok celana ekstra serap extra serap,confidence popok celana ekstra serap extra serap,11.0,7.0,4.0,36.4
Shopee,Popok Celana Dewasa Oto M L XL Sachet Tebal Pempes Adult Diapers Pempers Murah,popok celana dewasa,popok celana dewasa oto m l xl sachet tebal pempes adult diapers pempers murah,popok celana oto pempes adult diapers pempers,popok celana oto pempes adult diapers pempers,14.0,7.0,7.0,50.0
Shopee,Lifree Popok Celana Dewasa M / L / XL / XXL ( 1 lusinan ) / 12 pcs,lifree popok celana dewasa,lifree popok celana dewasa m l xl xxl lusinan pcs,lifree popok celana lusinan,lifree popok celana lusin,18.0,4.0,14.0,77.8
Shopee,Mom & Dad Popok Dewasa Celana Ukuran M-XL Isi 10 Pcs,mom dan dad popok,mom dad popok dewasa celana ukuran mxl isi pcs,mom dad popok celana mxl,mom dad popok celana mxl,11.0,5.0,6.0,54.5
Shopee,Lifree Popok Celana Dewasa M L XL,lifree popok celana dewasa,lifree popok celana dewasa m l xl,lifree popok celana,lifree popok celana,7.0,3.0,4.0,57.1
Shopee,"Popok CELANA Dewasa Ukuran M, L, XL (1 Pack isi 10 pcs) Termurah",popok celana,popok celana dewasa ukuran m l xl pack isi pcs termurah,popok celana,popok celana,13.0,2.0,11.0,84.6
Shopee,Bulk Pack Popok Celana Dewasa 20pcs M L XL XXL - BP Popok Celana Dewasa Sachet Renceng 20 pcs,popok celana dewasa,bulk pack popok celana dewasa pcs m l xl xxl bp popok celana dewasa sachet renceng pcs,bulk popok celana bp popok celana renceng,bulk popok celana bp popok celana renceng,19.0,7.0,12.0,63.2
Shopee,PROMO Popok Dewasa Perekat Murah Isi 20 Pcs,popok perekat,promo popok dewasa perekat murah isi pcs,popok perekat,popok rekat,8.0,2.0,6.0,75.0
Shopee,Promo! Popok Lansia Perekat Murah Satuan/Ecer,popok lansia perekat,promo popok lansia perekat murah satuanecer,popok perekat satuanecer,popok rekat satuanecer,6.0,3.0,3.0,50.0
Shopee,LIFREE POPOK PEREKAT MENYERAP & KERING M/L/XL- Karton Isi 3 Pack (Economic Box ~ Kemasan Putih),lifree popok,lifree popok perekat menyerap kering mlxl karton isi pack economic box kemasan putih,lifree popok perekat menyerap mlxl economic,lifree popok rekat serap mlxl economic,16.0,6.0,10.0,62.5
Shopee,OTO PEREKAT M14/L14/XL12 / Popok Dewasa Tipe Perekat MURAH PROMO,oto perekat,oto perekat mlxl popok dewasa tipe perekat murah promo,oto perekat mlxl popok perekat,oto rekat mlxl popok rekat,10.0,5.0,5.0,50.0
Shopee,Popok Dewasa Model Perekat Ukuran XXL Isi 10Pcs,popok dewasa,popok dewasa model perekat ukuran xxl isi pcs,popok perekat,popok rekat,8.0,2.0,6.0,75.0
Shopee,LIFREE POPOK CELANA DEWASA/POPOK DEWASA (SIZE : M/L/XL) ISI 48 pcs/1 dus,lifree popok,lifree popok celana dewasapopok dewasa size mlxl isi pcs dus,lifree popok celana dewasapopok mlxl,lifree popok celana dewasapopok mlxl,12.0,5.0,7.0,58.3
Shopee,[CELANA] Lifree Pants Popok Celana Dewasa Lansia Melahirkan Murah Rencengan Size : M/L/XL per 1 pcs,lifree popok celana,celana lifree pants popok celana dewasa lansia melahirkan murah rencengan size mlxl per pcs,celana lifree pants popok celana melahirkan rencengan mlxl,celana lifree pants popok celana lahir renceng mlxl,16.0,8.0,8.0,50.0
Shopee,LIFREE POPOK PEREKAT/POPOK DEWASA PEREKAT (Size : M / L / XL),lifree popok,lifree popok perekatpopok dewasa perekat size m l xl,lifree popok perekatpopok perekat,lifree popok perekatpopok rekat,12.0,4.0,8.0,66.7
Shopee,Popok Celana Oto size M L XL Adult Diapers Premium Tebal,popok celana oto,popok celana oto size m l xl adult diapers premium tebal,popok celana oto adult diapers,popok celana oto adult diapers,11.0,5.0,6.0,54.5
Shopee,OTO Popok Celana Dewasa 20 pcs M20 L20 XL20 XXL20 - Oto Adult Diaper Pants Renceng 20pcs,oto popok celana dewasa,oto popok celana dewasa pcs m l xl xxl oto adult diaper pants renceng pcs,oto popok celana oto adult diaper pants renceng,oto popok celana oto adult diaper pants renceng,17.0,8.0,9.0,52.9
Shopee,POPOK PEREKAT DEWASA | PEMPERS DEWASA PEREKAT | DIAPERS DEWASA PEREKAT UKURAN L MURAH PRIA/WANITA,popok perekat dewasa,popok perekat dewasa pempers dewasa perekat diapers dewasa perekat ukuran l murah priawanita,popok perekat pempers perekat diapers perekat priawanita,popok rekat pempers rekat diapers rekat priawanita,15.0,7.0,8.0,53.3
Shopee,Onemed Underpad DR.J Perlak Non Woven 60x90cm Isi 10pcs,onemed underpad,onemed underpad drj perlak non woven xcm isi pcs,onemed underpad drj perlak non woven xcm,onemed underpad drj perlak non woven xcm,9.0,7.0,2.0,22.2
Shopee,PROMO Popok Dewasa Murah Harga Eceran Perekat Celana,popok dewasa,promo popok dewasa murah harga eceran perekat celana,popok eceran perekat celana,popok ecer rekat celana,8.0,4.0,4.0,50.0
Shopee,Confidence Classic Day Popok Perekat Jumbo M L XL,confidence classic day popok,confidence classic day popok perekat jumbo m l xl,confidence classic day popok perekat,confidence classic day popok rekat,9.0,5.0,4.0,44.4
Shopee,Popok Dewasa Ideal Perekat Ukuran M8/L7/XL6,popok dewasa ideal,popok dewasa ideal perekat ukuran mlxl,popok perekat mlxl,popok rekat mlxl,6.0,3.0,3.0,50.0
Shopee,Oto Popok Celana Dewasa M L XL Lembut Ekonomis,oto popok celana dewasa,oto popok celana dewasa m l xl lembut ekonomis,oto popok celana,oto popok celana,9.0,3.0,6.0,66.7
Shopee,OTO ADULT PANTS POPOK DEWASA TIPE CELANA SACHET M /L /XL,oto adult pants,oto adult pants popok dewasa tipe celana sachet m l xl,oto adult pants popok celana,oto adult pants popok celana,11.0,5.0,6.0,54.5
Shopee,IDEAL Popok Dewasa Perekat M8 L7 XL6 Pcs - HALAL Anti Iritasi & Anti Bakteri Nyaman Dipakai,ideal popok dewasa,ideal popok dewasa perekat m l xl pcs halal anti iritasi anti bakteri nyaman dipakai,popok perekat anti iritasi anti bakteri dipakai,popok rekat anti iritasi anti bakteri pakai,17.0,7.0,10.0,58.8
Shopee,[Termurah] Lifree Popok Dewasa Tipe Celana M/L/XL,lifree popok,termurah lifree popok dewasa tipe celana mlxl,lifree popok celana mlxl,lifree popok celana mlxl,7.0,4.0,3.0,42.9
Shopee,"Pamperindo Popok Dewasa Perekat Pamperindo Dewasa Diapers Dewasa Size M 8, L 7 & XL 6",pamperindo popok dewasa,pamperindo popok dewasa perekat pamperindo dewasa diapers dewasa size m l xl,pamperindo popok perekat pamperindo diapers,pamperindo popok rekat pamperindo diapers,16.0,5.0,11.0,68.8
Shopee,[3 Pack] Lively Popok Dewasa Perekat All Day Breathable Daya Serap Tinggi Anti Iritasi Anti Bocor,lively popok dewasa,pack lively popok dewasa perekat all day breathable daya serap tinggi anti iritasi anti bocor,lively popok perekat day breathable daya serap anti iritasi anti bocor,lively popok rekat day breathable daya serap anti iritasi anti bocor,16.0,11.0,5.0,31.2
Shopee,Popok Dewasa Confidence renceng tipe celana M/L,popok dewasa,popok dewasa confidence renceng tipe celana ml,popok confidence renceng celana,popok confidence renceng celana,7.0,4.0,3.0,42.9
Shopee,Lifree Popok Perekat Dewasa / Popok Dewasa Perekat Ukuran M/L/XL isi 48 Pcs/Karton,lifree popok perekat,lifree popok perekat dewasa popok dewasa perekat ukuran mlxl isi pcskarton,lifree popok perekat popok perekat mlxl pcskarton,lifree popok rekat popok rekat mlxl pcskarton,13.0,7.0,6.0,46.2
Shopee,Confidence Popok Celana Tipis & Pas XL12,confidence popok celana,confidence popok celana tipis pas xl,confidence popok celana pas,confidence popok celana pas,7.0,4.0,3.0,42.9
Shopee,Confidence Popok Dewasa 10 pcs - Confidence Adult Premium Pants M L XL - Confidence Popok Celana Dewasa Satuan - Popok Confidence Celana Renceng 10 pcs,confidence popok,confidence popok dewasa pcs confidence adult premium pants m l xl confidence popok celana dewasa satuan popok confidence celana renceng pcs,confidence popok confidence adult pants confidence popok celana satuan popok confidence celana renceng,confidence popok confidence adult pants confidence popok celana satu popok confidence celana renceng,26.0,13.0,13.0,50.0
Shopee,Sensi Gopants Popok Celana Dewasa Slim S-XL,sensi gopants popok celana dewasa,sensi gopants popok celana dewasa slim sxl,sensi gopants popok celana slim sxl,sensi gopants popok celana slim sxl,7.0,6.0,1.0,14.3
Shopee,Underpad 60 x 90 Dr.J Onemed Alas Perlak Under Pad Popok Ompol Dr J 60x90 Dr. J 60x90cm Isi 10,underpad,underpad x drj onemed alas perlak under pad popok ompol dr j x dr j xcm isi,underpad drj onemed alas perlak under pad popok ompol dr dr xcm,underpad drj onemed alas perlak under pad popok ompol dr dr xcm,20.0,12.0,8.0,40.0
Shopee,Laurier Relax Night Pembalut Wanita Malam Panjang 40cm Wing Gathers Perlindungan Tidur Bebas Bocor Semalaman Isi 16 Buah Twin Pack,laurier relax night pembalut,laurier relax night pembalut wanita malam panjang cm wing gathers perlindungan tidur bebas bocor semalaman isi buah twin pack,laurier relax night pembalut malam wing gathers perlindungan tidur bocor semalaman twin,laurier relax night balut malam wing gathers lindung tidur bocor malam twin,20.0,12.0,8.0,40.0
Shopee,TERLARIS LIFREE POPOK CELANA | POPOK DEWASA 1 KARTON / 48 PCS (Size :M/L/XL),lifree popok,terlaris lifree popok celana popok dewasa karton pcs size mlxl,lifree popok celana popok mlxl,lifree popok celana popok mlxl,14.0,5.0,9.0,64.3
Shopee,Laurier Relax Night Pembalut Wanita Untuk Bebas Aktivitas di Hari Deras 35cm Wing ZERO Khawatir Bocor Sepanjang Malam Isi 18 Buah,laurier relax night pembalut wanita,laurier relax night pembalut wanita untuk bebas aktivitas di hari deras cm wing zero khawatir bocor sepanjang malam isi buah,laurier relax night pembalut aktivitas deras wing zero bocor malam,laurier relax night balut aktivitas deras wing zero bocor malam,21.0,10.0,11.0,52.4
Shopee,Lifree Popok Perekat Dewasa / Popok Dewasa Perekat Ukuran M8/L7/XL6 Per Bal,lifree popok perekat,lifree popok perekat dewasa popok dewasa perekat ukuran mlxl per bal,lifree popok perekat popok perekat mlxl bal,lifree popok rekat popok rekat mlxl bal,12.0,7.0,5.0,41.7
Shopee,TOP Adult Pants Popok Celana Dewasa Size M20 / L20 / XL20 Popok Orang Tua M 20 / L 20 / XL 20,top adult pants popok celana dewasa,top adult pants popok celana dewasa size m l xl popok orang tua m l xl,adult pants popok celana popok orang,adult pants popok celana popok orang,23.0,6.0,17.0,73.9
Shopee,LIFREE POPOK PEREKAT M27 L21 XL18 / Lifree Perekat Popok Kemasan Karton 1 dus isi 3 PACK,lifree popok perekat,lifree popok perekat m l xl lifree perekat popok kemasan karton dus isi pack,lifree popok perekat lifree perekat popok,lifree popok rekat lifree rekat popok,17.0,6.0,11.0,64.7
Shopee,Lifree Popok Dewasa Celana Ekstra Serap M 30 E-Box,lifree popok,lifree popok dewasa celana ekstra serap m ebox,lifree popok celana ekstra serap ebox,lifree popok celana ekstra serap ebox,9.0,6.0,3.0,33.3
Shopee,Confidence Adult Diapers Classic Day Night M8 L7 XL6,confidence adult diapers,confidence adult diapers classic day night m l xl,confidence adult diapers classic day night,confidence adult diapers classic day night,9.0,6.0,3.0,33.3
Shopee,Popok Lansia Perekat isi 10Pcs / Popok Dewasa Celana Repack,popok lansia,popok lansia perekat isi pcs popok dewasa celana repack,popok perekat popok celana repack,popok rekat popok celana repack,10.0,5.0,5.0,50.0
Shopee,OTO Diapers PANTS / Lampin Popok Dewasa model Celana ukuran XL - isi 12 pcs,oto diapers,oto diapers pants lampin popok dewasa model celana ukuran xl isi pcs,oto diapers pants lampin popok celana,oto diapers pants lampin popok celana,15.0,6.0,9.0,60.0
Shopee,"GROSIR POPOK DEWASA CELANA 60 PCS M,L,XL dan XXL PREMIUM.",celana popok dewasa,grosir popok dewasa celana pcs mlxl dan xxl premium,popok celana mlxl,popok celana mlxl,10.0,3.0,7.0,70.0
Shopee,Lifree Pants Popok dewasa M L XL XXL kemasan sachet isi 20 pcs,lifree popok,lifree pants popok dewasa m l xl xxl kemasan sachet isi pcs,lifree pants popok,lifree pants popok,13.0,3.0,10.0,76.9
Shopee,WeCare Adult Diapers Size L 16 / Popok Dewasa,wecare adult diapers,wecare adult diapers size l popok dewasa,wecare adult diapers popok,wecare adult diapers popok,9.0,4.0,5.0,55.6
Shopee,Lifree Popok Perekat Dewasa Daya Serap Tinggi,lifree popok perekat,lifree popok perekat dewasa daya serap tinggi,lifree popok perekat daya serap,lifree popok rekat daya serap,7.0,5.0,2.0,28.6
Shopee,Confidence Classic Day M8 L7 XL6 (MAKSIMAL 12 PCS),confidence classic day,confidence classic day m l xl maksimal pcs,confidence classic day,confidence classic day,9.0,3.0,6.0,66.7
Shopee,Sensi Underpad 60x90 isi 10 lembar - Perlak Sekali Pakai,perlak underpad,sensi underpad x isi lembar perlak sekali pakai,sensi underpad perlak pakai,sensi underpad perlak pakai,10.0,4.0,6.0,60.0
Shopee,Popok Dewasa PAMPERINDO Perekat Ukuran M-XL,pamperindo popok,popok dewasa pamperindo perekat ukuran mxl,popok pamperindo perekat mxl,popok pamperindo rekat mxl,6.0,4.0,2.0,33.3
Shopee,Popok dewasa paket Hemat M/ L /XL tipe perekat,popok dewasa,popok dewasa paket hemat m l xl tipe perekat,popok perekat,popok rekat,9.0,2.0,7.0,77.8
Shopee,NEO HEALTH UNDERPAD POPOK ALAS DEWASA ISI 10PCS 60X90CM,neo health underpad,neo health underpad popok alas dewasa isi pcs xcm,neo health underpad popok alas xcm,neo health underpad popok alas xcm,9.0,6.0,3.0,33.3
Shopee,Lifree Lapisan Penyerap Popok Hemat 49cm,lifree lapisan penyerap popok,lifree lapisan penyerap popok hemat cm,lifree lapisan penyerap popok,lifree lapis serap popok,6.0,4.0,2.0,33.3
Shopee,Popok Dewasa Confidence Classic Adult NIGHT,popok dewasa,popok dewasa confidence classic adult night,popok confidence classic adult night,popok confidence classic adult night,6.0,5.0,1.0,16.7
Shopee,POPOKU Popok Dewasa Tipe Perekat (POPOKU Adult) size XL isi 10pcs,popoku adult,popoku popok dewasa tipe perekat popoku adult size xl isi pcs,popoku popok perekat popoku adult,popoku popok rekat popoku adult,11.0,5.0,6.0,54.5
Shopee,Confidence Pants 1pcs / Renteng / satuan Popok Dewasa Celana,confidence pants,confidence pants pcs renteng satuan popok dewasa celana,confidence pants renteng satuan popok celana,confidence pants renteng satu popok celana,10.0,6.0,4.0,40.0
Shopee,"Pempes Confidence Classic Day M8, L7, XL6 Perekat Popok Dewasa Pempers Adult Diapers Lansia",pempes classic perekat popok,pempes confidence classic day m l xl perekat popok dewasa pempers adult diapers lansia,pempes confidence classic day perekat popok pempers adult diapers,pempes confidence classic day rekat popok pempers adult diapers,14.0,9.0,5.0,35.7
Shopee,"LIVELY Popok Perekat Dewasa Siang Malam M8 - Adult Diapers Tape AM PM - Breathable, Daya Serap Tinggi, Anti Iritasi & Anti Bakteri",lively popok perekat dewasa,lively popok perekat dewasa siang malam m adult diapers tape am pm breathable daya serap tinggi anti iritasi anti bakteri,lively popok perekat malam adult diapers tape am pm breathable daya serap anti iritasi anti bakteri,lively popok rekat malam adult diapers tape am pm breathable daya serap anti iritasi anti bakteri,23.0,16.0,7.0,30.4
Shopee,Lifree Popok Perekat Dewasa Lembut M-XL,lifree popok perekat,lifree popok perekat dewasa lembut mxl,lifree popok perekat mxl,lifree popok rekat mxl,6.0,4.0,2.0,33.3
Shopee,Confidence Classic Night Popok Perekat Dewasa,confidence classic popok perekat,confidence classic night popok perekat dewasa,confidence classic night popok perekat,confidence classic night popok rekat,6.0,5.0,1.0,16.7
Shopee,Popok Dewasa Perekat Lembut Isi 10 Pcs,popok perekat lembut,popok dewasa perekat lembut isi pcs,popok perekat,popok rekat,7.0,2.0,5.0,71.4
Shopee,BP BULK PACK POPOK PEREKAT DEWASA / POPOK DEWASA [Size : M/L/XL],bp bulk pack popok dewasa,bp bulk pack popok perekat dewasa popok dewasa size mlxl,bp bulk popok perekat popok mlxl,bp bulk popok rekat popok mlxl,12.0,6.0,6.0,50.0
Shopee,Popok Dewasa Perekat Isi 10 Pcs Ukuran M-XL,popok perekat,popok dewasa perekat isi pcs ukuran mxl,popok perekat mxl,popok rekat mxl,8.0,3.0,5.0,62.5
Shopee,OTO PEREKAT UKURAN M10/L8/XL6 Popok Dewasa Tipe Perekat MURAH PROMO,perekat popok,oto perekat ukuran mlxl popok dewasa tipe perekat murah promo,oto perekat mlxl popok perekat,oto rekat mlxl popok rekat,10.0,5.0,5.0,50.0
Shopee,JUMBO WE CARE INTERNATIONAL popok perekat dewasa SIZE M20/L16/XL14 /WECARE ADULT DIAPERS pampes,jumbo we care popok perekat,jumbo we care international popok perekat dewasa size mlxl wecare adult diapers pampes,we care international popok perekat mlxl wecare adult diapers pampes,we care international popok rekat mlxl wecare adult diapers pampes,13.0,10.0,3.0,23.1
Shopee,CONFIDENCE ADULT DIAPERS CLASSIC DAY NIGHT M8 L7 XL6 POPOK DEWASA,confidence adult diapers,confidence adult diapers classic day night m l xl popok dewasa,confidence adult diapers classic day night popok,confidence adult diapers classic day night popok,11.0,7.0,4.0,36.4
Shopee,POPOK DEWASA PEREKAT size.L isi 25pcs. Murah,popok dewasa perekat,popok dewasa perekat sizel isi pcs murah,popok perekat sizel,popok rekat sizel,7.0,3.0,4.0,57.1
Shopee,Lifree Popok Perekat Dewasa L14 Extra Serap,lifree popok perekat,lifree popok perekat dewasa l extra serap,lifree popok perekat extra serap,lifree popok rekat extra serap,7.0,5.0,2.0,28.6
Shopee,POPOK DEWASA PAMPERINDO M L XL (ADULT DIAPERS),pamperindo adult diapers,popok dewasa pamperindo m l xl adult diapers,popok pamperindo adult diapers,popok pamperindo adult diapers,8.0,4.0,4.0,50.0
Shopee,Sensi pads underpads isi 10 / Underpad Sensi / Underpads,sensi underpad,sensi pads underpads isi underpad sensi underpads,sensi pads underpads underpad sensi underpads,sensi pads underpads underpad sensi underpads,10.0,6.0,4.0,40.0
Shopee,Confidence Classic NIGHT M8 dan NIGHT L7 Popok Dewasa,confidence classic popok dewasa,confidence classic night m dan night l popok dewasa,confidence classic night night popok,confidence classic night night popok,9.0,5.0,4.0,44.4
Shopee,"MURAH Popok Dewasa Lively, Perekat dan Celana, M,L,XL",popok dewasa,murah popok dewasa lively perekat dan celana mlxl,popok lively perekat celana mlxl,popok lively rekat celana mlxl,8.0,5.0,3.0,37.5
Shopee,Underpad Dr J Perlak Alas Popok dewasa/ hewan 60 x 90 cm Onemed Isi 10 Lembar / underpads alas popok,underpad dr j perlak alas popok,underpad dr j perlak alas popok dewasa hewan x cm onemed isi lembar underpads alas popok,underpad dr perlak alas popok hewan onemed underpads alas popok,underpad dr perlak alas popok hewan onemed underpads alas popok,20.0,10.0,10.0,50.0
Shopee,POPOK DEWASA PEREKAT MERK PAMPERINDO size M L XL,pamperindo popok dewasa,popok dewasa perekat merk pamperindo size m l xl,popok perekat merk pamperindo,popok rekat merk pamperindo,9.0,4.0,5.0,55.6
Shopee,Clodi Lansia / Popok Kain Dewasa Bisa Dicuci Snap dan Perekat [ Bunda Altaf ],clodi lansia popok kain dewasa,clodi lansia popok kain dewasa bisa dicuci snap dan perekat bunda altaf,clodi popok kain dicuci snap perekat bunda altaf,clodi popok kain cuci snap rekat bunda altaf,15.0,8.0,7.0,46.7
Shopee,Oto Adult Diapers Perekat Dewasa M8 L7 XL6,oto adult diapers,oto adult diapers perekat dewasa m l xl,oto adult diapers perekat,oto adult diapers rekat,8.0,4.0,4.0,50.0
Shopee,Sensi Pads 60 X 90 Cm Isi 10 Pcs / Toko Makmur Online,sensi pads,sensi pads x cm isi pcs toko makmur online,sensi pads makmur,sensi pads makmur,13.0,3.0,10.0,76.9
Shopee,Onemed Dr. J Underpad Perlak Non Woven 60x90 Cm,onemed dr j underpad,onemed dr j underpad perlak non woven x cm,onemed dr underpad perlak non woven,onemed dr underpad perlak non woven,9.0,6.0,3.0,33.3
Shopee,Lifree Popok Perekat Lansia M9 L7 XL6 Teknologi Jepang,lifree popok,lifree popok perekat lansia m l xl teknologi jepang,lifree popok perekat teknologi jepang,lifree popok rekat teknologi jepang,9.0,5.0,4.0,44.4
Shopee,NATURA Hand Sanitizer Gel 50ml Peppermint Handsanitizer Gel PROMO,natura hand sanitizer gel,natura hand sanitizer gel ml peppermint handsanitizer gel promo,natura hand sanitizer gel peppermint handsanitizer gel,natura hand sanitizer gel peppermint handsanitizer gel,9.0,7.0,2.0,22.2
Shopee,Aseptic Plus Hand Sanitizer Cair 500ml Refill Onemed,aseptic plus hand sanitizer,aseptic plus hand sanitizer cair ml refill onemed,aseptic hand sanitizer refill onemed,aseptic hand sanitizer refill onemed,8.0,5.0,3.0,37.5
Shopee,Instance Hand Sanitizer Spray Pembersih Tangan Tanpa Air (100 ml),hand sanitizer spray,instance hand sanitizer spray pembersih tangan tanpa air ml,instance hand sanitizer spray pembersih tangan air,instance hand sanitizer spray bersih tangan air,10.0,7.0,3.0,30.0
Shopee,Hand Sanitizer Gel Antiseptic Macam Variasi Aroma Wangi Segar 500ml Pump + Free Bubble Wrap,hand sanitizer gel,hand sanitizer gel antiseptic macam variasi aroma wangi segar ml pump free bubble wrap,hand sanitizer gel antiseptic aroma pump bubble wrap,hand sanitizer gel antiseptic aroma pump bubble wrap,15.0,8.0,7.0,46.7
Shopee,Secret Clean Hand Sanitizer Spray 100 mL,secret clean hand sanitizer,secret clean hand sanitizer spray ml,secret clean hand sanitizer spray,secret clean hand sanitizer spray,7.0,5.0,2.0,28.6
Shopee,Antis Hand Sanitizer Spray Jasmine Tea 55 mL,antis hand sanitizer,antis hand sanitizer spray jasmine tea ml,antis hand sanitizer spray jasmine tea,antis hand sanitizer spray jasmine tea,8.0,6.0,2.0,25.0
Shopee,Hand Sanitizer 20 ml | Souvenir Hand Sanitizer (Sticker Bulat),hand sanitizer,hand sanitizer ml souvenir hand sanitizer sticker bulat,hand sanitizer souvenir hand sanitizer sticker,hand sanitizer souvenir hand sanitizer sticker,10.0,6.0,4.0,40.0
Shopee,Sippol Hand Sanitizer Kids Carabiner 60 ml [Semua Varian Lengkap],sippol hand sanitizer kids carabiner,sippol hand sanitizer kids carabiner ml semua varian lengkap,sippol hand sanitizer kids carabiner varian,sippol hand sanitizer kids carabiner varian,10.0,6.0,4.0,40.0
Shopee,Aseptic Plus Spray Hand Sanitizer 60 ml ONEMED,aseptic plus spray hand sanitizer,aseptic plus spray hand sanitizer ml onemed,aseptic spray hand sanitizer onemed,aseptic spray hand sanitizer onemed,8.0,5.0,3.0,37.5
Shopee,Hand Sanitizer Cair 1 Liter Antiseptik 70% Lembut,hand sanitizer,hand sanitizer cair liter antiseptik lembut,hand sanitizer antiseptik,hand sanitizer antiseptik,8.0,3.0,5.0,62.5
Shopee,Hand Sanitizer Cair Antiseptic Putihan Macam Varian Aroma Segar 250 ml Spray + Free Bubble Wrap,hand sanitizer,hand sanitizer cair antiseptic putihan macam varian aroma segar ml spray free bubble wrap,hand sanitizer antiseptic putihan varian aroma spray bubble wrap,hand sanitizer antiseptic putih varian aroma spray bubble wrap,16.0,9.0,7.0,43.8
Shopee,Antis Hand Sanitizer Spray Jeruk Nipis 55 ML,antis hand sanitizer jeruk nipis,antis hand sanitizer spray jeruk nipis ml,antis hand sanitizer spray jeruk nipis,antis hand sanitizer spray jeruk nipis,8.0,6.0,2.0,25.0
Shopee,ONEMED Aseptic Gel Hand Sanitizer 500ml + Dispenser OOF,onemed aseptic gel hand sanitizer,onemed aseptic gel hand sanitizer ml dispenser oof,onemed aseptic gel hand sanitizer dispenser oof,onemed aseptic gel hand sanitizer dispenser oof,9.0,7.0,2.0,22.2
Shopee,DELTA PLUS HAND SANITIZER GEL JERIGEN 1 LITER ALKOHOL 70 %,delta plus hand sanitizer,delta plus hand sanitizer gel jerigen liter alkohol,delta hand sanitizer gel jerigen alkohol,delta hand sanitizer gel jerigen alkohol,11.0,6.0,5.0,45.5
Shopee,One Scrub OneMed 4% Hand Scrubs refill 500ml OJ,one scrub onemed,one scrub onemed hand scrubs refill ml oj,one scrub onemed hand scrubs refill oj,one scrub onemed hand scrubs refill oj,9.0,7.0,2.0,22.2
Shopee,Implora Icare Hand Sanitizer Gel 30ml | Pembersih Tangan - Gantungan Karakter Soap Tanpa Bilas,icare hand sanitizer gel,implora icare hand sanitizer gel ml pembersih tangan gantungan karakter soap tanpa bilas,implora icare hand sanitizer gel pembersih tangan gantungan karakter soap bilas,implora icare hand sanitizer gel bersih tangan gantung karakter soap bilas,15.0,11.0,4.0,26.7
Shopee,Secret Clean Hand Sanitizer - 100 ml Spray x2,secret clean hand sanitizer,secret clean hand sanitizer ml spray x,secret clean hand sanitizer spray,secret clean hand sanitizer spray,9.0,5.0,4.0,44.4
Shopee,Hand sanitizer spray 100 ML - Merk Mykonos,hand sanitizer,hand sanitizer spray ml merk mykonos,hand sanitizer spray merk mykonos,hand sanitizer spray merk mykonos,8.0,5.0,3.0,37.5
Shopee,Instance Hand Sanitizer 100 ml Cair Liquid Food Grade Handsanitizer Alkohol 75% Botol Semprot Spray,hand sanitizer,instance hand sanitizer ml cair liquid food grade handsanitizer alkohol botol semprot spray,instance hand sanitizer liquid food grade handsanitizer alkohol semprot spray,instance hand sanitizer liquid food grade handsanitizer alkohol semprot spray,15.0,10.0,5.0,33.3
Shopee,"Hand Sanitizer 1 Liter Cair, tanpa pewarna, NEW..!",hand sanitizer,hand sanitizer liter cair tanpa pewarna new,hand sanitizer pewarna,hand sanitizer warna,8.0,3.0,5.0,62.5
Shopee,"SALE !! Hand Sanitizer 29ml Wangi Bunga, Buah dan Aromatic",hand sanitizer,sale hand sanitizer ml wangi bunga buah dan aromatic,hand sanitizer bunga aromatic,hand sanitizer bunga aromatic,10.0,4.0,6.0,60.0
Shopee,"HANDSANITIZER GANTUNG 30ml(hargasudahtermasukGantungan,Isi,danStiker)",handsanitizer,handsanitizer gantung mlhargasudahtermasukgantunganisidanstiker,handsanitizer gantung mlhargasudahtermasukgantunganisidanstiker,handsanitizer gantung mlhargasudahtermasukgantunganisidanstiker,3.0,3.0,0.0,0.0
Shopee,NORVUS - Dry Hand Foam Sanitizer 1 pcs 85 ml,norvus dry hand foam sanitizer,norvus dry hand foam sanitizer pcs ml,norvus dry hand foam sanitizer,norvus dry hand foam sanitizer,10.0,5.0,5.0,50.0
Shopee,"MINIS0 Unicorn Fruity Scent Hand Sanitizer Gel (Candy Apple, Tropical Melon, Strawberry Toast)",minis0 unicorn hand sanitizer,minis unicorn fruity scent hand sanitizer gel candy apple tropical melon strawberry toast,minis unicorn fruity scent hand sanitizer gel candy apple tropical melon strawberry toast,min unicorn fruity scent hand sanitizer gel candy apple tropical melon strawberry toast,13.0,13.0,0.0,0.0
Shopee,dr soap Hand Antiseptic Spray 20ml | Sanitizer Tangan & Pembersih Alat Makan (Tanpa Alkohol),dr soap hand antiseptic spray,dr soap hand antiseptic spray ml sanitizer tangan pembersih alat makan tanpa alkohol,dr soap hand antiseptic spray sanitizer tangan pembersih alat makan alkohol,dr soap hand antiseptic spray sanitizer tangan bersih alat makan alkohol,15.0,11.0,4.0,26.7
Shopee,Natura Hand Sanitizer X100 Cair 18 ml POCKET Peach Antiseptik Spray,natura hand sanitizer,natura hand sanitizer x cair ml pocket peach antiseptik spray,natura hand sanitizer pocket peach antiseptik spray,natura hand sanitizer pocket peach antiseptik spray,11.0,7.0,4.0,36.4
Shopee,Evexia | Scented Perfumed Hand Sanitizer 60 ML | Hand Sanitizer Wangi Parfum International Murah Botol Spray,evexia hand sanitizer,evexia scented perfumed hand sanitizer ml hand sanitizer wangi parfum international murah botol spray,evexia scented perfumed hand sanitizer hand sanitizer parfum international spray,evexia scented perfumed hand sanitizer hand sanitizer parfum international spray,17.0,10.0,7.0,41.2
Shopee,"Dettol Hand Sanitizer 50 ml – Bunuh 99.9% Kuman, Praktis di Mana Saja",dettol hand sanitizer,dettol hand sanitizer ml – bunuh kuman praktis di mana saja,dettol hand sanitizer bunuh kuman,dettol hand sanitizer bunuh kuman,13.0,5.0,8.0,61.5
Shopee,Aseptic Gel 250ml Pump Dispenser Hand Sanitizer Handsanitizer Antiseptik,aseptic gel,aseptic gel ml pump dispenser hand sanitizer handsanitizer antiseptik,aseptic gel pump dispenser hand sanitizer handsanitizer antiseptik,aseptic gel pump dispenser hand sanitizer handsanitizer antiseptik,9.0,8.0,1.0,11.1
Shopee,Hand Sanitizer Antiseptic Gel EAU+ Anti Bakteri 70% Ethyl Alcohol,hand sanitizer,hand sanitizer antiseptic gel eau anti bakteri ethyl alcohol,hand sanitizer antiseptic gel eau anti bakteri ethyl alcohol,hand sanitizer antiseptic gel eau anti bakteri ethyl alcohol,10.0,9.0,1.0,10.0
Shopee,Real Clean Hand Sanitizer Cair 500ml Pump Handsanitizer Cair Pump Non Aroma- Antibakteri Desinfektan 2in1,real clean hand sanitizer,real clean hand sanitizer cair ml pump handsanitizer cair pump non aroma antibakteri desinfektan in,clean hand sanitizer pump handsanitizer pump non aroma antibakteri desinfektan in,clean hand sanitizer pump handsanitizer pump non aroma antibakteri desinfektan in,15.0,11.0,4.0,26.7
Shopee,Hand Sanitizer 1 Liter Non Alkohol Stoberi dan varian lain chlorhexidine gluconate OT2159N608,hand sanitizer chlorhexidine gluconate,hand sanitizer liter non alkohol stoberi dan varian lain chlorhexidine gluconate otn,hand sanitizer non alkohol stoberi varian chlorhexidine gluconate otn,hand sanitizer non alkohol stoberi varian chlorhexidine gluconate otn,13.0,9.0,4.0,30.8
Shopee,Hand sanitizer Gel. !!,hand sanitizer gel,hand sanitizer gel,hand sanitizer gel,hand sanitizer gel,4.0,3.0,1.0,25.0
Shopee,Lesom - Hand Sanitizer 30ml,lesom hand sanitizer,lesom hand sanitizer ml,lesom hand sanitizer,lesom hand sanitizer,5.0,3.0,2.0,40.0
Shopee,Sippol Hand Sanitizer Kids Animal 60 ml [Baby Blossom],sippol hand sanitizer kids animal,sippol hand sanitizer kids animal ml baby blossom,sippol hand sanitizer kids animal baby blossom,sippol hand sanitizer kids animal baby blossom,9.0,7.0,2.0,22.2
Shopee,Silikon Holder Botol Hand Sanitizer 50ml Gantung Aman,silikon holder botol hand sanitizer,silikon holder botol hand sanitizer ml gantung aman,silikon holder hand sanitizer gantung,silikon holder hand sanitizer gantung,8.0,5.0,3.0,37.5
Shopee,BITTERSWEET CO - Scented Hand Sanitizer Spray with Niacinamide & Vit.E | 60ml | BPOM | Support Lokal,bittersweet co hand sanitizer,bittersweet co scented hand sanitizer spray with niacinamide vite ml bpom support lokal,bittersweet co scented hand sanitizer spray with niacinamide vite bpom support,bittersweet co scented hand sanitizer spray with niacinamide vite bpom support,18.0,11.0,7.0,38.9
Shopee,Lesom - Fragrance Hand Sanitizer,lesom fragrance,lesom fragrance hand sanitizer,lesom fragrance hand sanitizer,lesom fragrance hand sanitizer,5.0,4.0,1.0,20.0
Shopee,Hand Sanitizer Cair Antiseptic Varian Aroma Segar 1 liter / Varian Aroma Buah 1 Liter Kemasan Botol Free Bubble Wrap,hand sanitizer cair,hand sanitizer cair antiseptic varian aroma segar liter varian aroma buah liter kemasan botol free bubble wrap,hand sanitizer antiseptic varian aroma varian aroma bubble wrap,hand sanitizer antiseptic varian aroma varian aroma bubble wrap,20.0,9.0,11.0,55.0
Shopee,Rumah Atsiri 1963 Pocket Hand Sanitizer,rumah atsiri hand sanitizer,rumah atsiri pocket hand sanitizer,rumah atsiri pocket hand sanitizer,rumah atsiri pocket hand sanitizer,6.0,5.0,1.0,16.7
Shopee,Hand Sanitizer SUPREME - 1 LITER TERMURAH,hand sanitizer supreme,hand sanitizer supreme liter termurah,hand sanitizer supreme,hand sanitizer supreme,7.0,3.0,4.0,57.1
Shopee,Hand Sanitizer Cair Antiseptic Alcohol Variasi Segar Wangi/ Varian Wangi 1 Liter ( JERIGEN) FREE BUBBLE WRAP,hand sanitizer,hand sanitizer cair antiseptic alcohol variasi segar wangi varian wangi liter jerigen free bubble wrap,hand sanitizer antiseptic alcohol varian jerigen bubble wrap,hand sanitizer antiseptic alcohol varian jerigen bubble wrap,17.0,8.0,9.0,52.9
Shopee,PROKLEEN Hand Sanitizer Cair 70% Antiseptic Food Grade Aseptic 100mL,prokleen hand sanitizer,prokleen hand sanitizer cair antiseptic food grade aseptic ml,prokleen hand sanitizer antiseptic food grade aseptic,prokleen hand sanitizer antiseptic food grade aseptic,10.0,7.0,3.0,30.0
Shopee,hand sanitizer karakter/gantungan hand sanitizer free isii,hand sanitizer,hand sanitizer karaktergantungan hand sanitizer free isii,hand sanitizer karaktergantungan hand sanitizer isii,hand sanitizer karaktergantungan hand sanitizer isi,7.0,6.0,1.0,14.3
Shopee,PURELIZER Hand Sanitizer Cair 1 Liter [1000ml] Handsanitizer Refill Spray,purelizer hand sanitizer,purelizer hand sanitizer cair liter ml handsanitizer refill spray,purelizer hand sanitizer handsanitizer refill spray,purelizer hand sanitizer handsanitizer refill spray,10.0,6.0,4.0,40.0
Shopee,Refill Sanitizer 3x pcs 300ml - NORVUS,norvus sanitizer,refill sanitizer x pcs ml norvus,refill sanitizer norvus,refill sanitizer norvus,7.0,3.0,4.0,57.1
Shopee,Rumah Atsiri Rayu Pocket Hand Sanitizer,rumah atsiri rayu,rumah atsiri rayu pocket hand sanitizer,rumah atsiri rayu pocket hand sanitizer,rumah atsiri rayu pocket hand sanitizer,6.0,6.0,0.0,0.0
Shopee,HAND SANITIZER 50ML - NORVUS,norvus hand sanitizer,hand sanitizer ml norvus,hand sanitizer norvus,hand sanitizer norvus,5.0,3.0,2.0,40.0
Shopee,Hand Sanitizer Gel Crystal Clean Pocket 60ML,crystal clean hand sanitizer,hand sanitizer gel crystal clean pocket ml,hand sanitizer gel crystal clean pocket,hand sanitizer gel crystal clean pocket,7.0,6.0,1.0,14.3
Shopee,Hand Sanitizer Cair Antiseptic Putihan Aroma Wangi Segar 500 ml botol pump + Free Bubble Wrap,hand sanitizer,hand sanitizer cair antiseptic putihan aroma wangi segar ml botol pump free bubble wrap,hand sanitizer antiseptic putihan aroma pump bubble wrap,hand sanitizer antiseptic putih aroma pump bubble wrap,16.0,8.0,8.0,50.0
Shopee,PROKLEEN Hand Sanitizer Cair 70% Antiseptic Food Grade Aseptic 60mL,prokleen hand sanitizer,prokleen hand sanitizer cair antiseptic food grade aseptic ml,prokleen hand sanitizer antiseptic food grade aseptic,prokleen hand sanitizer antiseptic food grade aseptic,10.0,7.0,3.0,30.0
Shopee,ASEPTIC PLUS 500ML ONEMED HAND SANITIZER MEDICAL ONLINE MEDICALONLINE,aseptic plus hand sanitizer,aseptic plus ml onemed hand sanitizer medical online medicalonline,aseptic onemed hand sanitizer medical medicalonline,aseptic onemed hand sanitizer medical medicalonline,9.0,6.0,3.0,33.3
Shopee,Tevo BerryC Active Sanitizer Long Lasting Berry C Sanitizer Spray bundle nano gun K5 wireless fogging,tevo berryc sanitizer,tevo berryc active sanitizer long lasting berry c sanitizer spray bundle nano gun k wireless fogging,tevo berryc active sanitizer long lasting berry sanitizer spray bundle nano gun wireless fogging,tevo berryc active sanitizer long lasting berry sanitizer spray bundle nano gun wireless fogging,16.0,14.0,2.0,12.5
Shopee,HANYA UNTUK + isi 1 BUAH hand sanitizer karakter. JANGAN BELI JIKA TIDAK ADA MEMBELI HOLDER KARAKTER,hand sanitizer,hanya untuk isi buah hand sanitizer karakter jangan beli jika tidak ada membeli holder karakter,hand sanitizer karakter beli membeli holder karakter,hand sanitizer karakter beli beli holder karakter,17.0,7.0,10.0,58.8
Shopee,Aseptic Gel Hand Sanitizer 1 Liter Refill OneMed OJ,one med hand sanitizer,aseptic gel hand sanitizer liter refill onemed oj,aseptic gel hand sanitizer refill onemed oj,aseptic gel hand sanitizer refill onemed oj,9.0,7.0,2.0,22.2
Shopee,Botol TONER 30ml Bisa untuk Sanitizer Tutup Merah Putih DRS Mulut Kecil,toner,botol toner ml bisa untuk sanitizer tutup merah putih drs mulut kecil,toner sanitizer tutup drs mulut,toner sanitizer tutup drs mulut,12.0,5.0,7.0,58.3
Shopee,Hand Sanitizer 1 Liter Non Alkohol wangi nipis dan varian wangi lain tanpa alkohol OT2158N607,hand sanitizer,hand sanitizer liter non alkohol wangi nipis dan varian wangi lain tanpa alkohol otn,hand sanitizer non alkohol nipis varian alkohol otn,hand sanitizer non alkohol nipis varian alkohol otn,15.0,8.0,7.0,46.7
Shopee,BerryC Hand Sanitizer Refill Spray/Foam 200ml - Sanitiser Bayi Kulit Tangan Sensitif Tanpa Alkohol,berryc hand sanitizer,berryc hand sanitizer refill sprayfoam ml sanitiser bayi kulit tangan sensitif tanpa alkohol,berryc hand sanitizer refill sprayfoam sanitiser kulit tangan alkohol,berryc hand sanitizer refill sprayfoam sanitiser kulit tangan alkohol,14.0,9.0,5.0,35.7
Shopee,Pureco Hand Surface Sanitizer - 250ml,pureco hand surface sanitizer,pureco hand surface sanitizer ml,pureco hand surface sanitizer,pureco hand surface sanitizer,6.0,4.0,2.0,33.3
Shopee,[TERMURAH] Hand Sanitizer Spray Gantung VERSI 2 + Silikon Termasuk ISI,hand sanitizer spray,termurah hand sanitizer spray gantung versi silikon termasuk isi,hand sanitizer spray gantung versi silikon,hand sanitizer spray gantung versi silikon,11.0,6.0,5.0,45.5
Shopee,Hand Sanitizer Klarens Refill Calming Musk 500ml,klarens hand sanitizer,hand sanitizer klarens refill calming musk ml,hand sanitizer klarens refill calming musk,hand sanitizer klarens refill calming musk,7.0,6.0,1.0,14.3
Shopee,Mustika Ratu Hand Sanitizer 60 mL Harga Grosir Termurah,hand sanitizer,mustika ratu hand sanitizer ml harga grosir termurah,mustika ratu hand sanitizer,mustika ratu hand sanitizer,9.0,4.0,5.0,55.6
Shopee,Hand Sanitizer Cair 100ml Onemed Aseptic Plus Spray GROSIR,hand sanitizer,hand sanitizer cair ml onemed aseptic plus spray grosir,hand sanitizer onemed aseptic spray,hand sanitizer onemed aseptic spray,9.0,5.0,4.0,44.4
Shopee,"handsanitizer cair /gel 5L, ijin kemenkes, aman d gunakan setiap org,, wangi dan tidak lengket",handsanitizer,handsanitizer cair gel l ijin kemenkes aman d gunakan setiap org wangi dan tidak lengket,handsanitizer gel ijin kemenkes org,handsanitizer gel ijin kemenkes org,15.0,5.0,10.0,66.7
Shopee,Hand sanitizer cair 5 liter MedLab antiseptik Alkohol 70% new Formula,hand sanitizer alkohol,hand sanitizer cair liter medlab antiseptik alkohol new formula,hand sanitizer medlab antiseptik alkohol formula,hand sanitizer medlab antiseptik alkohol formula,11.0,6.0,5.0,45.5
Shopee,HAND SANITIZER GEL STERIX SOPHIE MARTIN PARIS/HANDSANITIZER GEL,sterix hand sanitizer,hand sanitizer gel sterix sophie martin parishandsanitizer gel,hand sanitizer gel sterix sophie martin parishandsanitizer gel,hand sanitizer gel sterix sophie martin parishandsanitizer gel,8.0,8.0,0.0,0.0
Shopee,New Normal Hygiene Set Hand sanitizer and surgical mask,new normal hygiene set,new normal hygiene set hand sanitizer and surgical mask,hygiene hand sanitizer and surgical mask,hygiene hand sanitizer and surgical mask,9.0,6.0,3.0,33.3
Shopee,Antis Botol Spray Timun 55 ml x 2 pcs,antis botol spray timun,antis botol spray timun ml x pcs,antis spray timun,antis spray timun,9.0,3.0,6.0,66.7
Shopee,[Ready Stock] Hand Sanitizer GEL & CAIR 5 Liter Kental [Izin Kemenkes Resmi],hand sanitizer,ready stock hand sanitizer gel cair liter kental izin kemenkes resmi,hand sanitizer gel izin kemenkes,hand sanitizer gel izin kemenkes,13.0,5.0,8.0,61.5
Shopee,HandSanitizer 5Liter Cair Bening Non Parfum PRODICA Antiseptik HandSanitizer,handsanitizer prodica,handsanitizer liter cair bening non parfum prodica antiseptik handsanitizer,handsanitizer bening non parfum prodica antiseptik handsanitizer,handsanitizer bening non parfum prodica antiseptik handsanitizer,9.0,7.0,2.0,22.2
Shopee,[Ready Stock] Hand Sanitizer 5 Liter Liquid/Cair Sudah Terdaftar di Kemenkes RI,hand sanitizer,ready stock hand sanitizer liter liquidcair sudah terdaftar di kemenkes ri,hand sanitizer liquidcair terdaftar kemenkes ri,hand sanitizer liquidcair daftar kemenkes ri,12.0,6.0,6.0,50.0
Shopee,Antis Jasmine Tea 55 ml x 3,antis jasmine tea,antis jasmine tea ml x,antis jasmine tea,antis jasmine tea,7.0,3.0,4.0,57.1
Shopee,DEVLO ANVIS HAND SANITIZER spray altect alkohol 70% aseptic antiseptik 100ml spray cair kemenkes,devlo anvis hand sanitizer,devlo anvis hand sanitizer spray altect alkohol aseptic antiseptik ml spray cair kemenkes,devlo anvis hand sanitizer spray altect alkohol aseptic antiseptik spray kemenkes,devlo anvis hand sanitizer spray altect alkohol aseptic antiseptik spray kemenkes,14.0,11.0,3.0,21.4
Shopee,Aseptic Plus Essential Spray Handsanitizer Dan Surface Disinfektan 100ml GROSIR,aseptic plus essential spray,aseptic plus essential spray handsanitizer dan surface disinfektan ml grosir,aseptic essential spray handsanitizer surface disinfektan,aseptic essential spray handsanitizer surface disinfektan,10.0,6.0,4.0,40.0
Shopee,Naturein Sanitizing Water 100ml Hypochlorus Acid,naturein sanitizing water,naturein sanitizing water ml hypochlorus acid,naturein sanitizing water hypochlorus acid,naturein sanitizing water hypochlorus acid,6.0,5.0,1.0,16.7
Shopee,DEVLO ANVIS HAND SANITIZER CAIR altect alkohol 70% aseptic antiseptik gel 500ml botol pump KEMENKES dan msds,devlo anvis hand sanitizer,devlo anvis hand sanitizer cair altect alkohol aseptic antiseptik gel ml botol pump kemenkes dan msds,devlo anvis hand sanitizer altect alkohol aseptic antiseptik gel pump kemenkes msds,devlo anvis hand sanitizer altect alkohol aseptic antiseptik gel pump kemenkes msds,17.0,12.0,5.0,29.4
Shopee,[ BELIA ] GIFT IMPLORA | Body Lotion | Hadiah Gratis,implora body lotion,belia gift implora body lotion hadiah gratis,gift implora body lotion hadiah,gift implora body lotion hadiah,11.0,5.0,6.0,54.5
Shopee,Everclean - Hand Sanitizer with Hyaluronic Acid 20ml | Pembersih Tangan | Antiseptik,everclean hand sanitizer,everclean hand sanitizer with hyaluronic acid ml pembersih tangan antiseptik,everclean hand sanitizer with hyaluronic acid pembersih tangan antiseptik,everclean hand sanitizer with hyaluronic acid bersih tangan antiseptik,13.0,9.0,4.0,30.8
Shopee,Hand Sanitizer Antis 500ml Botol Jeruk Nipis,hand sanitizer,hand sanitizer antis ml botol jeruk nipis,hand sanitizer antis jeruk nipis,hand sanitizer antis jeruk nipis,7.0,5.0,2.0,28.6
Shopee,Nuvo Handsanitizer 50ml,nuvo handsanitizer,nuvo handsanitizer ml,nuvo handsanitizer,nuvo handsanitizer,3.0,2.0,1.0,33.3
Shopee,Hand Sanitizer 5 Liter cair Korea jeruk nipis untuk spray Best seller Promo murah Cair berizin keme+,hand sanitizer,hand sanitizer liter cair korea jeruk nipis untuk spray best seller promo murah cair berizin keme,hand sanitizer korea jeruk nipis spray berizin keme,hand sanitizer korea jeruk nipis spray izin keme,17.0,8.0,9.0,52.9
Shopee,Antis Pembersih Tangan Jasmine Tea Spray 55ml,antis pembersih tangan jasmine tea,antis pembersih tangan jasmine tea spray ml,antis pembersih tangan jasmine tea spray,antis bersih tangan jasmine tea spray,7.0,6.0,1.0,14.3
Shopee,Aseptic Gel Onemed 500mL + Dispenser (PUMP) / Hand sanitizer/ handsanitizer,onemed gel,aseptic gel onemed ml dispenser pump hand sanitizer handsanitizer,aseptic gel onemed dispenser pump hand sanitizer handsanitizer,aseptic gel onemed dispenser pump hand sanitizer handsanitizer,11.0,8.0,3.0,27.3
Shopee,SECRET CLEAN - ANTISEPTIC HAND SANITIZER SPRAY / 60ml,secret clean hand sanitizer,secret clean antiseptic hand sanitizer spray ml,secret clean antiseptic hand sanitizer spray,secret clean antiseptic hand sanitizer spray,9.0,6.0,3.0,33.3
Shopee,PROMO!!! HAPPY CARE Hand Sanitizer Liquid Cair Bening Refill 1 Liter IZIN KEMENKES,happy care hand sanitizer,promo happy care hand sanitizer liquid cair bening refill liter izin kemenkes,happy care hand sanitizer liquid bening refill izin kemenkes,happy care hand sanitizer liquid bening refill izin kemenkes,13.0,9.0,4.0,30.8
Shopee,HAND SANITIZER GANTUNG SECRET CLEAN GELL DAN SPRAY • IEVHY SHOP,hand sanitizer,hand sanitizer gantung secret clean gell dan spray • ievhy shop,hand sanitizer gantung secret clean gell spray ievhy,hand sanitizer gantung secret clean gell spray ievhy,11.0,8.0,3.0,27.3
Shopee,Rhenza Hand Sanitizer Moistseptic Gel 60 ML,rhenza hand sanitizer,rhenza hand sanitizer moistseptic gel ml,rhenza hand sanitizer moistseptic gel,rhenza hand sanitizer moistseptic gel,7.0,5.0,2.0,28.6
Shopee,Rumah Atsiri Buai Pocket Hand Sanitizer,rumah atsiri buai,rumah atsiri buai pocket hand sanitizer,rumah atsiri buai pocket hand sanitizer,rumah atsiri buai pocket hand sanitizer,6.0,6.0,0.0,0.0
Shopee,Essential Oil Aromatherapy Humidifier Fragrance Olis Diffuser Aromaterapi Pengharum Ruangan Pewangi Ruang Aroma Hotel,essential oil diffuser,essential oil aromatherapy humidifier fragrance olis diffuser aromaterapi pengharum ruangan pewangi ruang aroma hotel,essential oil aromatherapy humidifier fragrance olis diffuser aromaterapi pengharum ruangan pewangi ruang aroma hotel,essential oil aromatherapy humidifier fragrance olis diffuser aromaterapi harum ruang wangi ruang aroma hotel,14.0,14.0,0.0,0.0
Shopee,FRESH CARE BOTOL 10ML | ALL VARIAN,fresh care,fresh care botol ml all varian,fresh care varian,fresh care varian,7.0,3.0,4.0,57.1
Shopee,JAW.ID Aromatherapy Humidifier Fragrance Oils Diffuser Aromaterapi bukan Essential Oil - Arome Temps 10 ml,jaw.id aromatherapy humidifier,jawid aromatherapy humidifier fragrance oils diffuser aromaterapi bukan essential oil arome temps ml,jawid aromatherapy humidifier fragrance oils diffuser aromaterapi essential oil arome temps,jawid aromatherapy humidifier fragrance oils diffuser aromaterapi essential oil arome temps,15.0,11.0,4.0,26.7
Shopee,Fragrance Essential Oil Humidifier Diffuser Oil Aromaterapi Aromateraphy,fragrance oil,fragrance essential oil humidifier diffuser oil aromaterapi aromateraphy,fragrance essential oil humidifier diffuser oil aromaterapi aromateraphy,fragrance essential oil humidifier diffuser oil aromaterapi aromateraphy,8.0,8.0,0.0,0.0
Shopee,essen oplosan cabe sereh melati 30ml spesial galapung target babon essen bandung,essen oplosan cabe sereh melati,essen oplosan cabe sereh melati ml spesial galapung target babon essen bandung,essen oplosan cabe sereh melati galapung target babon essen bandung,essen oplos cabe sereh melati galapung target babon essen bandung,12.0,10.0,2.0,16.7
Shopee,Aromatherapy Essential Oil Diffuser Minyak Aroma Terapi Coffee Kopi,aromatherapy essential oil diffuser,aromatherapy essential oil diffuser minyak aroma terapi coffee kopi,aromatherapy essential oil diffuser minyak aroma terapi coffee kopi,aromatherapy essential oil diffuser minyak aroma terapi coffee kopi,9.0,9.0,0.0,0.0
Shopee,Minyak Essential Oil 10ml Sandalwood Jasmine Vanilla Ocean All Variant,sandalwood jasmine vanilla,minyak essential oil ml sandalwood jasmine vanilla ocean all variant,minyak essential oil sandalwood jasmine vanilla ocean,minyak essential oil sandalwood jasmine vanilla ocean,10.0,7.0,3.0,30.0
Shopee,Aroma Terapi Aromatherapy Essential Oil Pengharum Ruangan Air Humidifier Termurah Pure Diffuser Pewangi Ruang,aroma terapi,aroma terapi aromatherapy essential oil pengharum ruangan air humidifier termurah pure diffuser pewangi ruang,aroma terapi aromatherapy essential oil pengharum ruangan air humidifier pure diffuser pewangi ruang,aroma terapi aromatherapy essential oil harum ruang air humidifier pure diffuser wangi ruang,14.0,13.0,1.0,7.1
Shopee,Minyak Aroma therapy Pengharum Ruangan Fragrance Oil Pewangi Aroma Ruangan Humidifier Diffuser Essential Oil Viral,minyak aroma therapy,minyak aroma therapy pengharum ruangan fragrance oil pewangi aroma ruangan humidifier diffuser essential oil viral,minyak aroma therapy pengharum ruangan fragrance oil pewangi aroma ruangan humidifier diffuser essential oil,minyak aroma therapy harum ruang fragrance oil wangi aroma ruang humidifier diffuser essential oil,15.0,14.0,1.0,6.7
Shopee,Essential Oil 30ml Aroma Ruangan Minyak Aromatherapy Oils SPA Untuk Diffuser Pewangi Ruang Pengharum Ruangan,essential oil,essential oil ml aroma ruangan minyak aromatherapy oils spa untuk diffuser pewangi ruang pengharum ruangan,essential oil aroma ruangan minyak aromatherapy oils spa diffuser pewangi ruang pengharum ruangan,essential oil aroma ruang minyak aromatherapy oils spa diffuser wangi ruang harum ruang,15.0,13.0,2.0,13.3
Shopee,PURE Essential Oil 10 mL Aromatherapy Aromaterapi Diffuser Humidifier PENGHARUM RUANG FRAGRANCE OIL,pure essential oil,pure essential oil ml aromatherapy aromaterapi diffuser humidifier pengharum ruang fragrance oil,pure essential oil aromatherapy aromaterapi diffuser humidifier pengharum ruang fragrance oil,pure essential oil aromatherapy aromaterapi diffuser humidifier harum ruang fragrance oil,13.0,11.0,2.0,15.4
Shopee,Cough & Flu Essentials Oil De'oils Aromateraphy Minyak Atsiri Murni Essential Oil Imune Booster,cough & flu essentials oil,cough flu essentials oil deoils aromateraphy minyak atsiri murni essential oil imune booster,cough flu essentials oil deoils aromateraphy minyak atsiri murni essential oil imune booster,cough flu essentials oil deoils aromateraphy minyak atsiri murni essential oil imune booster,14.0,13.0,1.0,7.1
Shopee,"10ml FRAGRANCE OIL SINGLE NOTES untuk parfum, Lilin, sabun, lotion, pomade, Diffuser",fragrance oil,ml fragrance oil single notes untuk parfum lilin sabun lotion pomade diffuser,fragrance oil single notes parfum lilin lotion pomade diffuser,fragrance oil single notes parfum lilin lotion pomade diffuser,12.0,9.0,3.0,25.0
Shopee,OIL AROMA THERAPY HUMIDIFIER FRAGRANCE OIL DIFFUSER MINYAK ESSENSIAL PENGHARUM RUANGAN,oil aroma therapy,oil aroma therapy humidifier fragrance oil diffuser minyak essensial pengharum ruangan,oil aroma therapy humidifier fragrance oil diffuser minyak essensial pengharum ruangan,oil aroma therapy humidifier fragrance oil diffuser minyak essensial harum ruang,11.0,11.0,0.0,0.0
Shopee,Essential Oil Ruangan Pewangi Ruangan Fragance OIL Aromaterapi Aromatherapy Essential Oil Disfuser Pewangi Pengharum Ruangan Essential Oil Aroma Premium,essential oil,essential oil ruangan pewangi ruangan fragance oil aromaterapi aromatherapy essential oil disfuser pewangi pengharum ruangan essential oil aroma premium,essential oil ruangan pewangi ruangan fragance oil aromaterapi aromatherapy essential oil disfuser pewangi pengharum ruangan essential oil aroma,essential oil ruang wangi ruang fragance oil aromaterapi aromatherapy essential oil disfuser wangi harum ruang essential oil aroma,19.0,18.0,1.0,5.3
Shopee,Essential Oil - 10ML by Hankey - Aromatherapy,essential oil,essential oil ml by hankey aromatherapy,essential oil by hankey aromatherapy,essential oil by hankey aromatherapy,8.0,5.0,3.0,37.5
Shopee,Freshly Pure Fragrance Oil Aroma Diffuser Freshly Pure Aromatherapy Fragrance Oil Aromatherapy 6 in 1 Pewangi Ruangan Parfum Ruangan Pure Aroma Terapi Essential Oil Diffuser Young Living Set 6 In 1 10M Terlaris,fragrance oil aroma diffuser,freshly pure fragrance oil aroma diffuser freshly pure aromatherapy fragrance oil aromatherapy in pewangi ruangan parfum ruangan pure aroma terapi essential oil diffuser young living set in m terlaris,freshly pure fragrance oil aroma diffuser freshly pure aromatherapy fragrance oil aromatherapy in pewangi ruangan parfum ruangan pure aroma terapi essential oil diffuser young living in,freshly pure fragrance oil aroma diffuser freshly pure aromatherapy fragrance oil aromatherapy in wangi ruang parfum ruang pure aroma terapi essential oil diffuser young living in,33.0,26.0,7.0,21.2
Shopee,Essential Oils Minyak Aromaterapi Pipet Dropper All Variant,minyak aromaterapi,essential oils minyak aromaterapi pipet dropper all variant,essential oils minyak aromaterapi pipet dropper,essential oils minyak aromaterapi pipet dropper,8.0,6.0,2.0,25.0
Shopee,6 Botol Aroma Terapi Aromatherapy Essential oil Diffuser Aromaterapi Pure Murni & Alami Air Fragrance Pengharum Pewangi Esensial Esential Oil Ruangan 10ml Defuser Humidifer Minyak Humadifier Humudifier Humdifier Difusser Essential Kamar Taffware,aroma terapi essential oil diffuser,botol aroma terapi aromatherapy essential oil diffuser aromaterapi pure murni alami air fragrance pengharum pewangi esensial esential oil ruangan ml defuser humidifer minyak humadifier humudifier humdifier difusser essential kamar taffware,aroma terapi aromatherapy essential oil diffuser aromaterapi pure murni air fragrance pengharum pewangi esential oil ruangan defuser humidifer minyak humadifier humudifier humdifier difusser essential kamar taffware,aroma terapi aromatherapy essential oil diffuser aromaterapi pure murni air fragrance harum wangi esential oil ruang defuser humidifer minyak humadifier humudifier humdifier difusser essential kamar taffware,32.0,26.0,6.0,18.8
Shopee,Essential Oil 50ML Minyak Pengharum Ruangan Pewangi Fragrance Air Purifier Aromatherapy Aromaterapi Diffuser Humidifier,essential oil,essential oil ml minyak pengharum ruangan pewangi fragrance air purifier aromatherapy aromaterapi diffuser humidifier,essential oil minyak pengharum ruangan pewangi fragrance air purifier aromatherapy aromaterapi diffuser humidifier,essential oil minyak harum ruang wangi fragrance air purifier aromatherapy aromaterapi diffuser humidifier,14.0,13.0,1.0,7.1
Shopee,Flowgreen Cough & Flu Essential Oil Diffuser Humidifier,flowgreen cough & flu essential oil diffuser,flowgreen cough flu essential oil diffuser humidifier,flowgreen cough flu essential oil diffuser humidifier,flowgreen cough flu essential oil diffuser humidifier,8.0,7.0,1.0,12.5
Shopee,Essential Oil 50 Ml Pengharum Ruangan Parfum Ruangan Pewangi Ruangan Minyak Fragrance Air Purifier Aromatherapy Oil Aromaterapi 50ML untuk Diffuser / Humidifier,essential oil,essential oil ml pengharum ruangan parfum ruangan pewangi ruangan minyak fragrance air purifier aromatherapy oil aromaterapi ml untuk diffuser humidifier,essential oil pengharum ruangan parfum ruangan pewangi ruangan minyak fragrance air purifier aromatherapy oil aromaterapi diffuser humidifier,essential oil harum ruang parfum ruang wangi ruang minyak fragrance air purifier aromatherapy oil aromaterapi diffuser humidifier,22.0,17.0,5.0,22.7
Shopee,Essential Oil Fragrance Oil SET 8 IN 1 Minyak Pengharum Ruangan Pewangi Ruang Aromaterapy Essential Oil Aroma Terapi Oil,essential oil fragrance oil,essential oil fragrance oil set in minyak pengharum ruangan pewangi ruang aromaterapy essential oil aroma terapi oil,essential oil fragrance oil in minyak pengharum ruangan pewangi ruang aromaterapy essential oil aroma terapi oil,essential oil fragrance oil in minyak harum ruang wangi ruang aromaterapy essential oil aroma terapi oil,19.0,16.0,3.0,15.8
Shopee,Renescent Peppermint Pure Essential Oil 10ml Minyak Aromaterapi Diffuser,renescent peppermint pure essential oil,renescent peppermint pure essential oil ml minyak aromaterapi diffuser,renescent peppermint pure essential oil minyak aromaterapi diffuser,renescent peppermint pure essential oil minyak aromaterapi diffuser,9.0,8.0,1.0,11.1
Shopee,Minyak Aromaterapi 14 Varian Wangi 10ml untuk Diffuser Pewangi Ruangan Aman & Praktis,minyak aromaterapi,minyak aromaterapi varian wangi ml untuk diffuser pewangi ruangan aman praktis,minyak aromaterapi varian diffuser pewangi ruangan,minyak aromaterapi varian diffuser wangi ruang,13.0,6.0,7.0,53.8
Shopee,Minyak angin aromatic 1001/essential oil aromatherapy 8ml,minyak angin aromatic,minyak angin aromatic essential oil aromatherapy ml,minyak angin aromatic essential oil aromatherapy,minyak angin aromatic essential oil aromatherapy,7.0,6.0,1.0,14.3
Shopee,Essential Oil Therapeutic Grade by WHITE ESSENTIAL,essential oil,essential oil therapeutic grade by white essential,essential oil therapeutic grade by white essential,essential oil therapeutic grade by white essential,7.0,7.0,0.0,0.0
Shopee,2 Pcs So Fresh Minyak Angin 10 ml - Eucalyptus/Hot Aromaterapy,so fresh minyak angin,pcs so fresh minyak angin ml eucalyptushot aromaterapy,so fresh minyak angin eucalyptushot aromaterapy,so fresh minyak angin eucalyptushot aromaterapy,11.0,6.0,5.0,45.5
Shopee,CAPSEN Heppi Cube Gantungan Essential Oil Aromatherapy Diffuser Humidifier Minyak Esensial,heppi cube,capsen heppi cube gantungan essential oil aromatherapy diffuser humidifier minyak esensial,capsen heppi cube gantungan essential oil aromatherapy diffuser humidifier minyak,capsen heppi cube gantung essential oil aromatherapy diffuser humidifier minyak,11.0,10.0,1.0,9.1
Shopee,Botol Diffuser Aromaterapi 50ml 100ml 150ml Pengharum Ruangan Aroma Terapi Oil Minyak Essential Oil Miniso Botol Parfum Botol kaca Reed difuser Botol Diffuser,diffuser aromaterapi,botol diffuser aromaterapi ml ml ml pengharum ruangan aroma terapi oil minyak essential oil miniso botol parfum botol kaca reed difuser botol diffuser,diffuser aromaterapi pengharum ruangan aroma terapi oil minyak essential oil miniso parfum kaca reed difuser diffuser,diffuser aromaterapi harum ruang aroma terapi oil minyak essential oil miniso parfum kaca reed difuser diffuser,23.0,16.0,7.0,30.4
Shopee,2 Pcs So Fresh Minyak Angin 10ml - Eucalyptus/Hot Aromaterapy,so fresh minyak angin,pcs so fresh minyak angin ml eucalyptushot aromaterapy,so fresh minyak angin eucalyptushot aromaterapy,so fresh minyak angin eucalyptushot aromaterapy,10.0,6.0,4.0,40.0
Shopee,OIL AROMATHERAPY ESSENTIAL - OIL DIFFUSSER MINYAK AROMATHERAPHY,oil aromatherapy,oil aromatherapy essential oil diffusser minyak aromatheraphy,oil aromatherapy essential oil diffusser minyak aromatheraphy,oil aromatherapy essential oil diffusser minyak aromatheraphy,8.0,7.0,1.0,12.5
Shopee,2 Pcs So Fresh Minyak Angin 10ml - Eucalyptus / Hot Aromaterapy,so fresh minyak angin,pcs so fresh minyak angin ml eucalyptus hot aromaterapy,so fresh minyak angin eucalyptus hot aromaterapy,so fresh minyak angin eucalyptus hot aromaterapy,12.0,7.0,5.0,41.7
Shopee,Cap Lang Minyak Kayu Putih Roll On 15 ml,cap lang minyak kayu putih,cap lang minyak kayu putih roll on ml,cap lang minyak kayu on,cap lang minyak kayu on,9.0,5.0,4.0,44.4
Shopee,ESSENTIAL OIL AROMATHERAPY HUMIDIFIER FRAGRANCE OIL DIFFUSER ORIGINAL MURAH / MINYAK AROMATERAPI,essential oil aromatherapy,essential oil aromatherapy humidifier fragrance oil diffuser original murah minyak aromaterapi,essential oil aromatherapy humidifier fragrance oil diffuser minyak aromaterapi,essential oil aromatherapy humidifier fragrance oil diffuser minyak aromaterapi,12.0,9.0,3.0,25.0
Shopee,FLOWGREEN ESSENTIAL OIL AROMATERAPI THERAPEUTIC GRADE ORGANIC,flowgreen essential oil,flowgreen essential oil aromaterapi therapeutic grade organic,flowgreen essential oil aromaterapi therapeutic grade organic,flowgreen essential oil aromaterapi therapeutic grade organic,7.0,7.0,0.0,0.0
Shopee,2 Pcs So Fresh Minyak Angin 10ml - Eucalyptus/Hot Aromaterapy Sofresh Hemat,so fresh minyak angin,pcs so fresh minyak angin ml eucalyptushot aromaterapy sofresh hemat,so fresh minyak angin eucalyptushot aromaterapy sofresh,so fresh minyak angin eucalyptushot aromaterapy sofresh,12.0,7.0,5.0,41.7
Shopee,(Isi 2 Pcs) So Fresh Minyak Angin 10 ml - Eucalyptus / Hot Aromaterapy,so fresh minyak angin,isi pcs so fresh minyak angin ml eucalyptus hot aromaterapy,so fresh minyak angin eucalyptus hot aromaterapy,so fresh minyak angin eucalyptus hot aromaterapy,14.0,7.0,7.0,50.0
Shopee,Sidola Minyak Kayu Putih 30mL,sidola minyak kayu putih,sidola minyak kayu putih ml,sidola minyak kayu,sidola minyak kayu,5.0,3.0,2.0,40.0
Shopee,HERBORIST Bali Dancer Aromatherapy Oil Diffuser 10ml | Essential Difuser,bali dancer aromatherapy oil diffuser,herborist bali dancer aromatherapy oil diffuser ml essential difuser,herborist bali dancer aromatherapy oil diffuser essential difuser,herborist bal dancer aromatherapy oil diffuser essential difuser,10.0,8.0,2.0,20.0
Shopee,essen biang aroma buah 15ml dan 30ml,essen biang aroma buah,essen biang aroma buah ml dan ml,essen biang aroma,essen biang aroma,7.0,3.0,4.0,57.1
Shopee,Essential Oil 30ml Diffuser Tungku Aromaterapi Pengharum Ruangan Aromatherapy Peppermint Lavender,essential oil diffuser,essential oil ml diffuser tungku aromaterapi pengharum ruangan aromatherapy peppermint lavender,essential oil diffuser tungku aromaterapi pengharum ruangan aromatherapy peppermint lavender,essential oil diffuser tungku aromaterapi harum ruang aromatherapy peppermint lavender,11.0,10.0,1.0,9.1
Shopee,(A-B) Elie Moise Multipurposes Aromatic Fine Fragrance Oil Sample Size Tester untuk lilin sabun reed diffuser 2gr,elie moise fragrance oil,ab elie moise multipurposes aromatic fine fragrance oil sample size tester untuk lilin sabun reed diffuser gr,ab elie moise multipurposes aromatic fine fragrance oil sample tester lilin reed diffuser,ab elie moise multipurposes aromatic fine fragrance oil sample tester lilin reed diffuser,17.0,13.0,4.0,23.5
Shopee,30ml varian minyak atsiri murni asli penyulingan 100% pure essential oil aromatherapy diffuser 30 ml minyak atsiri murni biang 100% 30 ml pure essential oil 100% aromatherapy aromaterapi diffuser humadifier,minyak atsiri,ml varian minyak atsiri murni asli penyulingan pure essential oil aromatherapy diffuser ml minyak atsiri murni biang ml pure essential oil aromatherapy aromaterapi diffuser humadifier,varian minyak atsiri murni penyulingan pure essential oil aromatherapy diffuser minyak atsiri murni biang pure essential oil aromatherapy aromaterapi diffuser humadifier,varian minyak atsiri murni suling pure essential oil aromatherapy diffuser minyak atsiri murni biang pure essential oil aromatherapy aromaterapi diffuser humadifier,30.0,21.0,9.0,30.0
Shopee,KAYU AJAIB KAYU PENYEBAR WANGI KAYU AROMA THERAPI Wooden Essential Oil Aroma therapy Diffuser Wooden MINYAK ESENSIAL oil,kayu ajaib,kayu ajaib kayu penyebar wangi kayu aroma therapi wooden essential oil aroma therapy diffuser wooden minyak esensial oil,kayu ajaib kayu penyebar kayu aroma therapi wooden essential oil aroma therapy diffuser wooden minyak oil,kayu ajaib kayu sebar kayu aroma therapi wooden essential oil aroma therapy diffuser wooden minyak oil,18.0,16.0,2.0,11.1
Shopee,2 Pcs So Fresh Minyak Angin 10 ml - Eucalyptus / Hot Aromaterapy,so fresh minyak angin,pcs so fresh minyak angin ml eucalyptus hot aromaterapy,so fresh minyak angin eucalyptus hot aromaterapy,so fresh minyak angin eucalyptus hot aromaterapy,13.0,7.0,6.0,46.2
Shopee,Minyak Aromaterapi / Pure Aromatherapy Oil / Minyak Esensial / Esensitial Oils Pewangi Ruangan,minyak aromaterapi,minyak aromaterapi pure aromatherapy oil minyak esensial esensitial oils pewangi ruangan,minyak aromaterapi pure aromatherapy oil minyak esensitial oils pewangi ruangan,minyak aromaterapi pure aromatherapy oil minyak esensitial oils wangi ruang,14.0,10.0,4.0,28.6
Shopee,Aromatherapy Essential Oil 10ml Minyak Diffuser,aromatherapy essential oil,aromatherapy essential oil ml minyak diffuser,aromatherapy essential oil minyak diffuser,aromatherapy essential oil minyak diffuser,6.0,5.0,1.0,16.7
Shopee,Aromaterapi Essential Fragrance Oil Diffuser Humidifier Minyak Pengharum Ruangan 10mL,aromaterapi essential fragrance oil diffuser,aromaterapi essential fragrance oil diffuser humidifier minyak pengharum ruangan ml,aromaterapi essential fragrance oil diffuser humidifier minyak pengharum ruangan,aromaterapi essential fragrance oil diffuser humidifier minyak harum ruang,10.0,9.0,1.0,10.0
Shopee,Minyak Pusaka Royal Gaharu Untuk Merawat Keris Dengan Essential Oil Asli Bukan Kimia Ukuran 60 ml,minyak pusaka royal gaharu,minyak pusaka royal gaharu untuk merawat keris dengan essential oil asli bukan kimia ukuran ml,minyak pusaka gaharu merawat keris essential oil kimia,minyak pusaka gaharu rawat keris essential oil kimia,16.0,8.0,8.0,50.0
Shopee,Natural Botanica Cought & Flu Essential Oil Pure Minyak Esensial Atsiri Aroma Terapi Diffuser Humidifier,natural botanica cought & flu essential oil,natural botanica cought flu essential oil pure minyak esensial atsiri aroma terapi diffuser humidifier,botanica cought flu essential oil pure minyak atsiri aroma terapi diffuser humidifier,botanica cought flu essential oil pure minyak atsiri aroma terapi diffuser humidifier,15.0,12.0,3.0,20.0
Shopee,Hayya Essential Oil Aromania / Oil Diffuser & Aromatherapy / Scented Oil,hayya essential oil,hayya essential oil aromania oil diffuser aromatherapy scented oil,hayya essential oil aromania oil diffuser aromatherapy scented oil,hayya essential oil aromania oil diffuser aromatherapy scented oil,12.0,9.0,3.0,25.0
Shopee,Safecare Aromatherapy 10ml,safecare aromatherapy,safecare aromatherapy ml,safecare aromatherapy,safecare aromatherapy,3.0,2.0,1.0,33.3
Shopee,Flowgreen Deep Sleep Essential Oil Diffuser Humidifier,flowgreen deep sleep essential oil diffuser,flowgreen deep sleep essential oil diffuser humidifier,flowgreen deep sleep essential oil diffuser humidifier,flowgreen deep sleep essential oil diffuser humidifier,7.0,7.0,0.0,0.0
Shopee,Botol Roll On 10ml Kaca Amber / Coklat untuk Essential Oil,botol roll on,botol roll on ml kaca amber coklat untuk essential oil,on kaca amber coklat essential oil,on kaca amber coklat essential oil,11.0,6.0,5.0,45.5
Shopee,Aromatherapy Sicher Essential Oil Natural Pengharum Ruangan Aroma Terapi Minyak Alami 10ml,sicher essential oil,aromatherapy sicher essential oil natural pengharum ruangan aroma terapi minyak alami ml,aromatherapy sicher essential oil pengharum ruangan aroma terapi minyak,aromatherapy sicher essential oil harum ruang aroma terapi minyak,12.0,9.0,3.0,25.0
Shopee,[BLEND OIL] ORGANIC TREASURE - Essential Oil Therapeutic Grade+ All Product Blend Oil Best Seller,blend oil,blend oil organic treasure essential oil therapeutic grade all product blend oil best seller,blend oil organic treasure essential oil therapeutic grade product blend oil,blend oil organic treasure essential oil therapeutic grade product blend oil,15.0,11.0,4.0,26.7
Shopee,【GOGOMART】Minyak Aroma Therapi Esensial / Essential Aroma Therapy Oil Humidifier Diffuser 10ml,minyak aroma therapi,【gogomart】minyak aroma therapi esensial essential aroma therapy oil humidifier diffuser ml,【gogomart】minyak aroma therapi essential aroma therapy oil humidifier diffuser,gogomart minyak aroma therapi essential aroma therapy oil humidifier diffuser,12.0,10.0,2.0,16.7
Shopee,Fresh and Calm Series Manura Botanical Oil Diffuser Aromatherapy Natural 100% Premium Anti Fragrance,manura botanic oil diffuser,fresh and calm series manura botanical oil diffuser aromatherapy natural premium anti fragrance,fresh and calm series manura botanical oil diffuser aromatherapy anti fragrance,fresh and calm series manura botanical oil diffuser aromatherapy anti fragrance,14.0,11.0,3.0,21.4
Shopee,Hanumganics Therapeutic Grade - 100% Murni lavender essential oil (Bisa untuk semua umur) Berkhasiat untuk kesehatan - BPOM - 10 ML - 5 ML - 30 ML minyak bunga lavender murni aromaterapi diffuser essensial AIR PURIFIER BISA COD,hanumganics lavender essential oil,hanumganics therapeutic grade murni lavender essential oil bisa untuk semua umur berkhasiat untuk kesehatan bpom ml ml ml minyak bunga lavender murni aromaterapi diffuser essensial air purifier bisa cod,hanumganics therapeutic grade murni lavender essential oil umur berkhasiat kesehatan bpom minyak bunga lavender murni aromaterapi diffuser essensial air purifier,hanumganics therapeutic grade murni lavender essential oil umur khasiat sehat bpom minyak bunga lavender murni aromaterapi diffuser essensial air purifier,38.0,20.0,18.0,47.4
Shopee,Herborist Bali Dancer Aromatherapy | Aroma Therapy Bali Dancer 10ml,bali dancer,herborist bali dancer aromatherapy aroma therapy bali dancer ml,herborist bali dancer aromatherapy aroma therapy bali dancer,herborist bal dancer aromatherapy aroma therapy bal dancer,10.0,8.0,2.0,20.0
Shopee,Minyak Sereh Wangi 1000 ml / Citronella Essential Oil Murni Tanpa Campuran Apapun Kualitas Terjamin,minyak sereh wangi,minyak sereh wangi ml citronella essential oil murni tanpa campuran apapun kualitas terjamin,minyak sereh citronella essential oil murni campuran apapun terjamin,minyak sereh citronella essential oil murni campur apa jamin,15.0,9.0,6.0,40.0
Shopee,Botol kaca serum clear frosted 20ml pipet tetes ring gold,botol serum,botol kaca serum clear frosted ml pipet tetes ring gold,kaca serum clear frosted pipet tetes ring gold,kaca serum clear frosted pipet tetes ring gold,10.0,8.0,2.0,20.0
Shopee,ESSENTIAL OIL PURE 100% AROMATHERAPY AROMATERAPI PENGHARUM RUANGAN LEMONGRASS TEA TREE EUCALYPTUS,essential oil,essential oil pure aromatherapy aromaterapi pengharum ruangan lemongrass tea tree eucalyptus,essential oil pure aromatherapy aromaterapi pengharum ruangan lemongrass tea tree eucalyptus,essential oil pure aromatherapy aromaterapi harum ruang lemongrass tea tree eucalyptus,12.0,11.0,1.0,8.3
Shopee,minyak cengkeh asli murni tanpa campuran murni penyulingan clove pure essential oil minyak atsiri cengkeh asli murni tanpa campuran murni penyulingan clove pure essential oil obat sakit gigi manjur ampuh 3ml 10ml 30ml 50ml 3 ml 10 ml 30 ml 50 ml,minyak cengkeh,minyak cengkeh asli murni tanpa campuran murni penyulingan clove pure essential oil minyak atsiri cengkeh asli murni tanpa campuran murni penyulingan clove pure essential oil obat sakit gigi manjur ampuh ml ml ml ml ml ml ml ml,minyak cengkeh murni campuran murni penyulingan clove pure essential oil minyak atsiri cengkeh murni campuran murni penyulingan clove pure essential oil obat gigi ampuh,minyak cengkeh murni campur murni suling clove pure essential oil minyak atsiri cengkeh murni campur murni suling clove pure essential oil obat gigi ampuh,42.0,24.0,18.0,42.9
Shopee,CAPSEN 10ml Pure Green Lemongrass Essential Oil 100% Murni Aromatherapy,capsen lemongrass essential oil,capsen ml pure green lemongrass essential oil murni aromatherapy,capsen pure green lemongrass essential oil murni aromatherapy,capsen pure green lemongrass essential oil murni aromatherapy,10.0,8.0,2.0,20.0
Shopee,10gr Sample Fragrance Oil For Candle Soap Perfume Ari Fresehener,fragrance oil,gr sample fragrance oil for candle soap perfume ari fresehener,sample fragrance oil for candle soap perfume ari fresehener,sample fragrance oil for candle soap perfume ari fresehener,10.0,9.0,1.0,10.0
Shopee,Chio Essential Therapeutic Grade 100% Pure Aromaterapi,chio essential,chio essential therapeutic grade pure aromaterapi,chio essential therapeutic grade pure aromaterapi,chio essential therapeutic grade pure aromaterapi,7.0,6.0,1.0,14.3
Shopee,botol kaca 30ml bening tutup filler putih / botol essential oil 30ml,botol essential oil,botol kaca ml bening tutup filler putih botol essential oil ml,kaca bening tutup filler essential oil,kaca bening tutup filler essential oil,12.0,6.0,6.0,50.0
Shopee,BLISS SCENTS Cough and Flu Essential Oil Aromatherapy 100% Murni Therapeutic Grade Aromaterapi,bliss scents essential oil,bliss scents cough and flu essential oil aromatherapy murni therapeutic grade aromaterapi,bliss scents cough and flu essential oil aromatherapy murni therapeutic grade aromaterapi,bliss scents cough and flu essential oil aromatherapy murni therapeutic grade aromaterapi,13.0,12.0,1.0,7.7
Shopee,Essential Oil Aromatherapy Diffuser Pengharum Ruangan Fragrance Pewangi Aroma Ruang Humidifier Minyak Wangi Reed Uap,essential oil diffuser,essential oil aromatherapy diffuser pengharum ruangan fragrance pewangi aroma ruang humidifier minyak wangi reed uap,essential oil aromatherapy diffuser pengharum ruangan fragrance pewangi aroma ruang humidifier minyak reed uap,essential oil aromatherapy diffuser harum ruang fragrance wangi aroma ruang humidifier minyak reed uap,15.0,14.0,1.0,6.7
Shopee,ESSENTIAL OIL AROMATHERAPY HUMIDIFIER FRAGRANCE OIL DIFFUSER ORIGINAL,essential oil aromatherapy humidifier,essential oil aromatherapy humidifier fragrance oil diffuser original,essential oil aromatherapy humidifier fragrance oil diffuser,essential oil aromatherapy humidifier fragrance oil diffuser,8.0,7.0,1.0,12.5
Shopee,Aksesoris Kartu Ucapan Accessories Aromatherapy Capsen by Bobba Gia,aksesoris kartu ucapan,aksesoris kartu ucapan accessories aromatherapy capsen by bobba gia,aksesoris kartu ucapan accessories aromatherapy capsen by bobba gia,aksesoris kartu ucap accessories aromatherapy capsen by bobba gia,9.0,9.0,0.0,0.0
Shopee,BLISS SCENTS Peaceful Dreams Essential Oil Blend 100% Murni Therapeutic Grade Aromatherapy,bliss scents peaceful dreams essential oil blend,bliss scents peaceful dreams essential oil blend murni therapeutic grade aromatherapy,bliss scents peaceful dreams essential oil blend murni therapeutic grade aromatherapy,bliss scents peaceful dreams essential oil blend murni therapeutic grade aromatherapy,12.0,11.0,1.0,8.3
Shopee,Essential Oil Stress Away Organic by FLOWGREEN,stress away,essential oil stress away organic by flowgreen,essential oil stress away organic by flowgreen,essential oil stress away organic by flowgreen,7.0,7.0,0.0,0.0
Shopee,Darjeeling Eucalyptus Radiata Pure Essential Oil / Minyak Eukaliptus Aromaterapi Therapeutic Grade,eukaliptus aromaterapi,darjeeling eucalyptus radiata pure essential oil minyak eukaliptus aromaterapi therapeutic grade,darjeeling eucalyptus radiata pure essential oil minyak eukaliptus aromaterapi therapeutic grade,darjeeling eucalyptus radiata pure essential oil minyak eukaliptus aromaterapi therapeutic grade,12.0,11.0,1.0,8.3
Shopee,Deep Sleep Essential Oil Roll On Untuk Tidur Nyenyak Netto 10ml,deep sleep essential oil,deep sleep essential oil roll on untuk tidur nyenyak netto ml,deep sleep essential oil on tidur,deep sleep essential oil on tidur,11.0,6.0,5.0,45.5
Shopee,Darjeeling Eucalyptus Globulus Pure Essential Oil / Minyak Eukaliptus Aromaterapi Therapeutic Grade,eucalyptus globulus,darjeeling eucalyptus globulus pure essential oil minyak eukaliptus aromaterapi therapeutic grade,darjeeling eucalyptus globulus pure essential oil minyak eukaliptus aromaterapi therapeutic grade,darjeeling eucalyptus globulus pure essential oil minyak eukaliptus aromaterapi therapeutic grade,12.0,11.0,1.0,8.3
Shopee,Bathaholic - Peppermint 50 mL Essential Oil / Aromatherapi Pengharum Ruangan Segarkan Pikiran,bathaholic peppermint oil,bathaholic peppermint ml essential oil aromatherapi pengharum ruangan segarkan pikiran,bathaholic peppermint essential oil aromatherapi pengharum ruangan segarkan pikiran,bathaholic peppermint essential oil aromatherapi harum ruang segar pikir,13.0,9.0,4.0,30.8
Shopee,CAPSEN 10ml BEST SELLER Pure Essential Oil 100% Murni by Certified Aromatherapist,capsen essential oil,capsen ml best seller pure essential oil murni by certified aromatherapist,capsen pure essential oil murni by certified aromatherapist,capsen pure essential oil murni by certified aromatherapist,12.0,8.0,4.0,33.3
Shopee,Essential Oil Aromatherapy Massage Pengaharum Ruangan Minyak Oil Terapi Aroma Ruangan XX151 XX152,essential oil aromatherapy massage,essential oil aromatherapy massage pengaharum ruangan minyak oil terapi aroma ruangan xx xx,essential oil aromatherapy massage pengaharum ruangan minyak oil terapi aroma ruangan xx xx,essential oil aromatherapy massage pengaharum ruang minyak oil terapi aroma ruang xx xx,13.0,13.0,0.0,0.0
Shopee,IB Blend Immune Booster Essential Oil by Manura Menyegarkan Tubuh Bahan Organik Tanpa Kimia Sintetis,ib blend immune booster,ib blend immune booster essential oil by manura menyegarkan tubuh bahan organik tanpa kimia sintetis,ib blend immune booster essential oil by manura menyegarkan tubuh kimia,ib blend immune booster essential oil by manura segar tubuh kimia,15.0,11.0,4.0,26.7
Shopee,ORGANIC TREASURE - [10 ML] Essential Oil Best Seller Product (berdasarkan penjualan terbaik),organic treasure essential oil,organic treasure ml essential oil best seller product berdasarkan penjualan terbaik,organic treasure essential oil product berdasarkan penjualan terbaik,organic treasure essential oil product dasar jual baik,13.0,8.0,5.0,38.5
Shopee,Nu Aroma Essential Aromatic Oil Eucalyptus / Kayu Putih,nu aroma eucalyptus,nu aroma essential aromatic oil eucalyptus kayu putih,nu aroma essential aromatic oil eucalyptus kayu,nu aroma essential aromatic oil eucalyptus kayu,9.0,7.0,2.0,22.2
Shopee,Chio Stress Healing Essential Oil 10ml Aromaterapi,chio stress healing essential oil,chio stress healing essential oil ml aromaterapi,chio stress healing essential oil aromaterapi,chio stress healing essential oil aromaterapi,7.0,6.0,1.0,14.3
Shopee,Aromatherapy Pengharum Ruangan Essential Oil Humidifier,aromatherapy pengharum ruangan,aromatherapy pengharum ruangan essential oil humidifier,aromatherapy pengharum ruangan essential oil humidifier,aromatherapy harum ruang essential oil humidifier,6.0,6.0,0.0,0.0
Shopee,Chio Lemongrass Essential Oil 10ml Aromaterapi,chio lemongrass essential oil,chio lemongrass essential oil ml aromaterapi,chio lemongrass essential oil aromaterapi,chio lemongrass essential oil aromaterapi,6.0,5.0,1.0,16.7
Shopee,Pure Essential Oils Aromatherapy Diffusers 10ml,pure essential oils,pure essential oils aromatherapy diffusers ml,pure essential oils aromatherapy diffusers,pure essential oils aromatherapy diffusers,6.0,5.0,1.0,16.7
Shopee,Nu Aroma Essential Aromatic Oil Vanilla / Vanili,nu aroma essential aromatic oil vanilla,nu aroma essential aromatic oil vanilla vanili,nu aroma essential aromatic oil vanilla vanili,nu aroma essential aromatic oil vanilla vanili,8.0,7.0,1.0,12.5
Shopee,(BPOM RI SPP-IRT) MINYAK SEREH WANGI MURNI/CITRONELLA OIL TERMURAH AROMATERAPI 1LITER,minyak sereh,bpom ri sppirt minyak sereh wangi murnicitronella oil termurah aromaterapi liter,bpom ri sppirt minyak sereh murnicitronella oil aromaterapi,bpom ri sppirt minyak sereh murnicitronella oil aromaterapi,11.0,8.0,3.0,27.3
Shopee,Aroma Terapi Essential Oil Refill Diffuser Aromatherapy Pengharum Kamar Tidur Tahan 10ml,aroma terapi essential oil,aroma terapi essential oil refill diffuser aromatherapy pengharum kamar tidur tahan ml,aroma terapi essential oil refill diffuser aromatherapy pengharum kamar tidur tahan,aroma terapi essential oil refill diffuser aromatherapy harum kamar tidur tahan,12.0,11.0,1.0,8.3
Shopee,Chamomile - Pure Essential Oil 15ml | Aromatherapy Oil 15ml | Pewangi Ruangan | Oil Aromaterapi Diffuser Oil Burner | Minyak Atsiri | Birthday Gift Ideas | Minyak Esensial | Room Fragrance Perfume | Pengharum Ruangan,chamomile minyak esensial,chamomile pure essential oil ml aromatherapy oil ml pewangi ruangan oil aromaterapi diffuser oil burner minyak atsiri birthday gift ideas minyak esensial room fragrance perfume pengharum ruangan,chamomile pure essential oil aromatherapy oil pewangi ruangan oil aromaterapi diffuser oil burner minyak atsiri birthday gift ideas minyak room fragrance perfume pengharum ruangan,chamomile pure essential oil aromatherapy oil wangi ruang oil aromaterapi diffuser oil burner minyak atsiri birthday gift ideas minyak room fragrance perfume harum ruang,36.0,24.0,12.0,33.3
Shopee,CHIO IMMUNE SHIELD ESSENSIAL OIL,chio immune shield,chio immune shield essensial oil,chio immune shield essensial oil,chio immune shield essensial oil,5.0,5.0,0.0,0.0
Shopee,Minyak Aromaterapi 20ml Grade B - Aroma Beragam,minyak aromaterapi,minyak aromaterapi ml grade b aroma beragam,minyak aromaterapi grade aroma,minyak aromaterapi grade aroma,8.0,4.0,4.0,50.0
Shopee,CAPSEN Mom 's Recipe Signature Blend Cold Cough Flu Batuk Kids Friendly Essential Oil Aromatherapy,capsen mom's recipe signature blend,capsen mom s recipe signature blend cold cough flu batuk kids friendly essential oil aromatherapy,capsen mom recipe signature blend cold cough flu batuk kids friendly essential oil aromatherapy,capsen mom recipe signature blend cold cough flu batuk kids friendly essential oil aromatherapy,15.0,14.0,1.0,6.7
Shopee,Essential Oil Aromatherapy Aromaterapi 6 in 1 10ml,essential oil aromaterapi,essential oil aromatherapy aromaterapi in ml,essential oil aromatherapy aromaterapi in,essential oil aromatherapy aromaterapi in,8.0,5.0,3.0,37.5
Shopee,Aromaterapi Essential Oil Humidifier Aromatherapy Diffuser Fragrance,aromaterapi essential oil humidifier,aromaterapi essential oil humidifier aromatherapy diffuser fragrance,aromaterapi essential oil humidifier aromatherapy diffuser fragrance,aromaterapi essential oil humidifier aromatherapy diffuser fragrance,7.0,7.0,0.0,0.0
Shopee,Pen spray 10ml / pen spray 10 ml / penspray 10 ml,pen spray,pen spray ml pen spray ml penspray ml,pen spray pen spray penspray,pen spray pen spray penspray,12.0,5.0,7.0,58.3
Shopee,Chio Cold & Flu Essential Oil,chio cold flu,chio cold flu essential oil,chio cold flu essential oil,chio cold flu essential oil,6.0,5.0,1.0,16.7
Shopee,Freshcare aromatherapi,freshcare aromatherapi,freshcare aromatherapi,freshcare aromatherapi,freshcare aromatherapi,2.0,2.0,0.0,0.0
Shopee,Bathaholic - Lavender Pure Essential Oil / Aromatherapy Pengharum Ruangan,bathaholic lavender pure essential oil,bathaholic lavender pure essential oil aromatherapy pengharum ruangan,bathaholic lavender pure essential oil aromatherapy pengharum ruangan,bathaholic lavender pure essential oil aromatherapy harum ruang,10.0,8.0,2.0,20.0
Shopee,Darjeeling Lemon Pure Essential Oil / Minyak Jeruk Lemon Aromaterapi Therapeutic Grade,darjeeling lemon pure essential oil,darjeeling lemon pure essential oil minyak jeruk lemon aromaterapi therapeutic grade,darjeeling lemon pure essential oil minyak jeruk lemon aromaterapi therapeutic grade,darjeeling lemon pure essential oil minyak jeruk lemon aromaterapi therapeutic grade,12.0,11.0,1.0,8.3
Shopee,botol kaca 10ml amber coklat frosted doff tutup filler hitam,botol kaca,botol kaca ml amber coklat frosted doff tutup filler hitam,kaca amber coklat frosted doff tutup filler,kaca amber coklat frosted doff tutup filler,10.0,7.0,3.0,30.0
Shopee,Refill Diffuser Eucalyptus 1L Fragrance Oil Maison Berger / Lampe Berger (oil aroma terapi kayu putih dari Paris),lampe berger,refill diffuser eucalyptus l fragrance oil maison berger lampe berger oil aroma terapi kayu putih dari paris,refill diffuser eucalyptus fragrance oil maison berger lampe berger oil aroma terapi kayu paris,refill diffuser eucalyptus fragrance oil maison berger lampe berger oil aroma terapi kayu paris,18.0,14.0,4.0,22.2
Shopee,LADEA AROMA TERAPI | AROMATHERAPY | ESSENTIAL OIL | PENGHARUM RUANGAN | REFILL / ISI ULANG HUMIDIFIER,ladea aroma terapi,ladea aroma terapi aromatherapy essential oil pengharum ruangan refill isi ulang humidifier,ladea aroma terapi aromatherapy essential oil pengharum ruangan refill ulang humidifier,ladea aroma terapi aromatherapy essential oil harum ruang refill ulang humidifier,17.0,11.0,6.0,35.3
Shopee,Darjeeling Cedarwood Pure Essential Oil / Minyak Kayu Cedar Aromaterapi Therapeutic Grade,darjeeling cedarwood pure essential oil,darjeeling cedarwood pure essential oil minyak kayu cedar aromaterapi therapeutic grade,darjeeling cedarwood pure essential oil minyak kayu cedar aromaterapi therapeutic grade,darjeeling cedarwood pure essential oil minyak kayu cedar aromaterapi therapeutic grade,12.0,11.0,1.0,8.3
Shopee,Utama Spice Mint Essential Oil 10ml,utama spice mint essential oil,utama spice mint essential oil ml,spice mint essential oil,spice mint essential oil,6.0,4.0,2.0,33.3
Shopee,tutup botol pipet non segel putih / tutup botol serum / tutup dropper neck 18,tutup botol pipet non segel putih,tutup botol pipet non segel putih tutup botol serum tutup dropper neck,tutup pipet non segel tutup serum tutup dropper neck,tutup pipet non segel tutup serum tutup dropper neck,15.0,9.0,6.0,40.0
Shopee,PAKET HEMAT CLASSIC HELLOSAKHA /Essential Oil + zaitun evoo /obat herbal alami anak dewasa orang tua,hello sakha,paket hemat classic hellosakha essential oil zaitun evoo obat herbal alami anak dewasa orang tua,classic hellosakha essential oil zaitun evoo obat herbal orang,classic hellosakha essential oil zaitun evoo obat herbal orang,16.0,9.0,7.0,43.8
Shopee,HELLOSAKHA PENAMBAH IMUN Essential Oil Evoo / herbal alami anak sakit cegah virus / daya tahan tubuh,hello sakha penambah imun,hellosakha penambah imun essential oil evoo herbal alami anak sakit cegah virus daya tahan tubuh,hellosakha penambah essential oil evoo herbal cegah virus daya tahan tubuh,hellosakha tambah essential oil evoo herbal cegah virus daya tahan tubuh,17.0,11.0,6.0,35.3
Shopee,Nu Aroma Essential Aromatic Oil Peach / Buah Persik,nu aroma essential aromatic oil peach,nu aroma essential aromatic oil peach buah persik,nu aroma essential aromatic oil peach persik,nu aroma essential aromatic oil peach persik,9.0,7.0,2.0,22.2
Shopee,Belli To Baby Essential Oil Cool & Fresh - Minyak Batuk & Pilek 10 ml,belli to baby essential oil,belli to baby essential oil cool fresh minyak batuk pilek ml,belli to baby essential oil cool fresh minyak batuk pilek,belli to baby essential oil cool fresh minyak batuk pilek,15.0,10.0,5.0,33.3
Shopee,Chio Minyak Essential Oil Aromaterapi / Aromatherapy Humidifier Diffuser,chio minyak essential oil,chio minyak essential oil aromaterapi aromatherapy humidifier diffuser,chio minyak essential oil aromaterapi aromatherapy humidifier diffuser,chio minyak essential oil aromaterapi aromatherapy humidifier diffuser,9.0,8.0,1.0,11.1
Shopee,Essential Oil 30 ml & 50 Ml Pengharum Pewangi Ruangan Aromatherapy Pengharum Ruangan Minyak Esensial Difuser Minyak Aromatherapy Pewangi Ruang,essential oil,essential oil ml ml pengharum pewangi ruangan aromatherapy pengharum ruangan minyak esensial difuser minyak aromatherapy pewangi ruang,essential oil pengharum pewangi ruangan aromatherapy pengharum ruangan minyak difuser minyak aromatherapy pewangi ruang,essential oil harum wangi ruang aromatherapy harum ruang minyak difuser minyak aromatherapy wangi ruang,20.0,14.0,6.0,30.0
Shopee,Fragrance Oil 10gram - Pewangi Kosmetik Sabun Pomade / Pewangi Lilin Candle,fragrance oil,fragrance oil gram pewangi kosmetik sabun pomade pewangi lilin candle,fragrance oil pewangi kosmetik pomade pewangi lilin candle,fragrance oil wangi kosmetik pomade wangi lilin candle,12.0,8.0,4.0,33.3
Shopee,Bali Dancer Aromatherapy Green Tea 10 ml,bali dancer green tea,bali dancer aromatherapy green tea ml,bali dancer aromatherapy green tea,bal dancer aromatherapy green tea,7.0,5.0,2.0,28.6
Shopee,La Bonte Refill Oil Scenting Diffuser Machine Aromatherapy 500ml ( 28 Aroma Hotel Mewah ),la bonte refill oil scented diffuser,la bonte refill oil scenting diffuser machine aromatherapy ml aroma hotel mewah,la bonte refill oil scenting diffuser machine aromatherapy aroma hotel,la bonte refill oil scenting diffuser machine aromatherapy aroma hotel,15.0,10.0,5.0,33.3
Shopee,Minyak Sereh Wangi Murni 1000ml - Citronella Pure Essential Oil 100% Alami,minyak sereh wangi,minyak sereh wangi murni ml citronella pure essential oil alami,minyak sereh murni citronella pure essential oil,minyak sereh murni citronella pure essential oil,12.0,7.0,5.0,41.7
Shopee,BPOM Happy Green Lemongrass Essential Oil - Minyak Sereh Dapur 100% Pure Murni Garansi Uang Kembali,happy green lemongrass essential oil,bpom happy green lemongrass essential oil minyak sereh dapur pure murni garansi uang kembali,bpom happy green lemongrass essential oil minyak sereh dapur pure murni uang,bpom happy green lemongrass essential oil minyak sereh dapur pure murni uang,16.0,12.0,4.0,25.0
Shopee,Minyak Herbal Anak Batuk & Pilek | Medicated Oil Baby Cough and Flu | Minyak Balur Anak Premium,minyak herbal anak batuk pilek,minyak herbal anak batuk pilek medicated oil baby cough and flu minyak balur anak premium,minyak herbal batuk pilek medicated oil baby cough and flu minyak balur,minyak herbal batuk pilek medicated oil baby cough and flu minyak balur,18.0,12.0,6.0,33.3
Shopee,BPOM Happy Green Kemiri Oil - Minyak Candle nut Kukui 100% ASLI Garansi Uang Kembali Cocok u/ Segala Usia,happy green kemiri oil,bpom happy green kemiri oil minyak candle nut kukui asli garansi uang kembali cocok u segala usia,bpom happy green kemiri oil minyak candle nut kukui uang usia,bpom happy green kemiri oil minyak candle nut kuku uang usia,19.0,11.0,8.0,42.1
Shopee,"CUCI GUDANG [BEST SELLER] BONNELS ESSENTIAL OIL - Cough Flu, Immune, Deep Sleep, Happy Tummy, Batuk Pilek Bayi",bonnels essential oil,cuci gudang best seller bonnels essential oil cough flu immune deep sleep happy tummy batuk pilek bayi,bonnels essential oil cough flu immune deep sleep happy tummy batuk pilek,bonnels essential oil cough flu immune deep sleep happy tummy batuk pilek,18.0,12.0,6.0,33.3
Shopee,Pureair Tabung Oksigen 1 M3 Set Lengkap 4in1 (Tabung+Isi Oksigen+Regulator+Troli),pureair oksigen,pureair tabung oksigen m set lengkap in tabungisi oksigenregulatortroli,pureair tabung oksigen in tabungisi oksigenregulatortroli,pureair tabung oksigen in tabungisi oksigenregulatortroli,10.0,6.0,4.0,40.0
Shopee,[PER PCS | BPOM] Plossa Minyak Angin Aromatherapy Inhaler 4in1,plossa minyak angin,per pcs bpom plossa minyak angin aromatherapy inhaler in,bpom plossa minyak angin aromatherapy inhaler in,bpom plossa minyak angin aromatherapy inhaler in,10.0,7.0,3.0,30.0
Shopee,Mesh Nebulizer Portable Omicron / Alat Terapi Pernapasan Handheld Inhaler Nebulizer Machine Portable,nebulizer portable,mesh nebulizer portable omicron alat terapi pernapasan handheld inhaler nebulizer machine portable,mesh nebulizer portable omicron alat terapi pernapasan handheld inhaler nebulizer machine portable,mesh nebulizer portable omicron alat terapi napas handheld inhaler nebulizer machine portable,13.0,12.0,1.0,7.7
Shopee,Fresh Care Smash Minyak Angin 4 In 1 Multifungsi,fresh care smash minyak angin,fresh care smash minyak angin in multifungsi,fresh care smash minyak angin in,fresh care smash minyak angin in,9.0,6.0,3.0,33.3
Shopee,30pcs Stiker Sticker Anti Mendengkur EXP 2028 Mouth Tape Seal Strip Dengkur Ngorok Snore Snor Plester Mulut Tidur Penutup Mulut Good Sleep Aid Patch,stiker anti mendengkur,pcs stiker sticker anti mendengkur exp mouth tape seal strip dengkur ngorok snore snor plester mulut tidur penutup mulut good sleep aid patch,stiker sticker anti mendengkur exp mouth tape seal strip dengkur ngorok snore snor plester mulut tidur penutup mulut good sleep aid patch,stiker sticker anti dengkur exp mouth tape seal strip dengkur ngorok snore snor plester mulut tidur tutup mulut good sleep aid patch,24.0,22.0,2.0,8.3
Shopee,Alat anti dengkur magnetic anti snore noseclip anti ngorok snoring stopper nose clip magnet,alat anti dengkur,alat anti dengkur magnetic anti snore noseclip anti ngorok snoring stopper nose clip magnet,alat anti dengkur magnetic anti snore noseclip anti ngorok snoring stopper nose clip magnet,alat anti dengkur magnetic anti snore noseclip anti ngorok snoring stopper nose clip magnet,14.0,14.0,0.0,0.0
Shopee,Promo! EXP JAN 2028 Vicks Inhaler Meredakan Hidung Tersumbat Akibat Pilek Dan Flu,vicks inhaler,promo exp jan vicks inhaler meredakan hidung tersumbat akibat pilek dan flu,exp jan vicks inhaler meredakan hidung tersumbat akibat pilek flu,exp jan vicks inhaler reda hidung sumbat akibat pilek flu,13.0,10.0,3.0,23.1
Shopee,Abc Menthol Cone Mintleaf 20 Gram Inhaler Gosok,abc menthol cone mintleaf,abc menthol cone mintleaf gram inhaler gosok,abc menthol cone mintleaf inhaler gosok,abc menthol cone mintleaf inhaler gosok,8.0,6.0,2.0,25.0
Shopee,Nebulizer Mask Set Dewasa| Masker Nebu / Anak / Dewasa / Bayi Masker Uap Masker Terapi Uap Onehealth,nebulizer mask set,nebulizer mask set dewasa masker nebu anak dewasa bayi masker uap masker terapi uap onehealth,nebulizer mask masker nebu masker uap masker terapi uap onehealth,nebulizer mask masker nebu masker uap masker terapi uap onehealth,18.0,10.0,8.0,44.4
Shopee,Inhaler Lang - Pelega Hidung Tersumbat Dengan Menthol Dan Kamper,inhaler lang,inhaler lang pelega hidung tersumbat dengan menthol dan kamper,inhaler lang pelega hidung tersumbat menthol kamper,inhaler lang lega hidung sumbat menthol kamper,10.0,7.0,3.0,30.0
Shopee,FreshCare Smash Matcha 4 In 1 Glow In The Dark,freshcare smash matcha glow,freshcare smash matcha in glow in the dark,freshcare smash matcha in glow in the dark,freshcare smash matcha in glow in the dark,10.0,8.0,2.0,20.0
Shopee,NeilMed Sinus Rinse Premixed Packets Per Sachet,neilmed sinus rinse,neilmed sinus rinse premixed packets per sachet,neilmed sinus rinse premixed packets,neilmed sinus rinse premixed packets,7.0,5.0,2.0,28.6
Shopee,FreshCare Smash Fruity - Double Inhaler + Roll On,freshcare smash fruity,freshcare smash fruity double inhaler roll on,freshcare smash fruity double inhaler on,freshcare smash fruity double inhaler on,9.0,6.0,3.0,33.3
Shopee,"FreshCare Aromatheraphy Citrus - Atasi Gejala Masuk Angin, Flu, Pegal",freshcare aromatheraphy citrus,freshcare aromatheraphy citrus atasi gejala masuk angin flu pegal,freshcare aromatheraphy citrus atasi gejala masuk angin flu,freshcare aromatheraphy citrus atas gejala masuk angin flu,10.0,8.0,2.0,20.0
Shopee,Masker Nebulizer Onehealth Dewasa Anak Bayi | Onehealth Nebulizer Mask Adult Child Life Resources ChronaLife,onehealth nebulizer,masker nebulizer onehealth dewasa anak bayi onehealth nebulizer mask adult child life resources chronalife,masker nebulizer onehealth onehealth nebulizer mask adult child life resources chronalife,masker nebulizer onehealth onehealth nebulizer mask adult child life resources chronalife,15.0,11.0,4.0,26.7
Shopee,Stepsils 6 Butir Permen Pelega Tenggorokan Dewasa,stepsils permen pelega,stepsils butir permen pelega tenggorokan dewasa,stepsils permen pelega tenggorokan,stepsils permen lega tenggorok,7.0,4.0,3.0,42.9
Shopee,Prima Minyak kayu putih membantu meredakan sesak nafas el kahfi,prima minyak kayu putih,prima minyak kayu putih membantu meredakan sesak nafas el kahfi,minyak kayu membantu meredakan nafas el kahfi,minyak kayu bantu reda nafas el kahfi,10.0,7.0,3.0,30.0
Shopee,ONEHEALTH NEBULIZER MASK ADULT / CHILD / MASKER NEBULIZER DEWASA / ANAK HARGA MUMER 100% ORIGINAL,onehealth nebulizer,onehealth nebulizer mask adult child masker nebulizer dewasa anak harga mumer original,onehealth nebulizer mask adult child masker nebulizer mumer,onehealth nebulizer mask adult child masker nebulizer mumer,16.0,8.0,8.0,50.0
Shopee,Kemasan Double Inhaler Kosong Include Stick Kapas (Tanpa aroma),double inhaler,kemasan double inhaler kosong include stick kapas tanpa aroma,double inhaler include stick kapas aroma,double inhaler include stick kapas aroma,9.0,6.0,3.0,33.3
Shopee,Polkadope Alat Bantu Anti Ngorok Nose Breathing Stop Snoring Magnetic dengkur,polkadope alat bantu anti ngorok,polkadope alat bantu anti ngorok nose breathing stop snoring magnetic dengkur,polkadope alat bantu anti ngorok nose breathing stop snoring magnetic dengkur,polkadope alat bantu anti ngorok nose breathing stop snoring magnetic dengkur,11.0,11.0,0.0,0.0
Shopee,[ TAURUS88 ] Anti dengkur snore stopper alat anti ngorok penghilang ngorok snore free,taurus88 anti dengkur,taurus anti dengkur snore stopper alat anti ngorok penghilang ngorok snore free,taurus anti dengkur snore stopper alat anti ngorok penghilang ngorok snore,taurus anti dengkur snore stopper alat anti ngorok hilang ngorok snore,14.0,11.0,3.0,21.4
Shopee,Vicks Twin Inhaler Melegakan Hidung Tersumbat Keychain 0.5ml - Isi 2,vicks twin inhaler,vicks twin inhaler melegakan hidung tersumbat keychain ml isi,vicks twin inhaler melegakan hidung tersumbat keychain,vicks twin inhaler lega hidung sumbat keychain,11.0,7.0,4.0,36.4
Shopee,TaffOmicron Alat Terapi Pernapasan Handheld Inhaler Nebulizer Machine Battery - JSL-W302 - Putih Biru,taffomicron alat terapi pernapasan,taffomicron alat terapi pernapasan handheld inhaler nebulizer machine battery jslw putih biru,taffomicron alat terapi pernapasan handheld inhaler nebulizer machine battery jslw,taffomicron alat terapi napas handheld inhaler nebulizer machine battery jslw,14.0,10.0,4.0,28.6
Shopee,Neilmed Sinus Rinse Larutan Garam Cuci Hidung Nasal Wash,neilmed sinus rinse larutan garam,neilmed sinus rinse larutan garam cuci hidung nasal wash,neilmed sinus rinse larutan garam hidung wash,neilmed sinus rinse larut garam hidung wash,9.0,7.0,2.0,22.2
Shopee,Oxyflow Bubble Nasal Canula Selang Oksigen Dewasa OneMed,oxyflow bubble nasal canula,oxyflow bubble nasal canula selang oksigen dewasa onemed,oxyflow bubble canula selang oksigen onemed,oxyflow bubble canula selang oksigen onemed,8.0,6.0,2.0,25.0
Shopee,"ENZHICO ZHICHOLOGY Inhaler Anxiety Aromaterapi Atasi Disorder Penenang Stress Cemas Berlebih Anti Was Was Anxiety 2,5ml",enzhico zhichology inhaler,enzhico zhichology inhaler anxiety aromaterapi atasi disorder penenang stress cemas berlebih anti was was anxiety ml,enzhico zhichology inhaler anxiety aromaterapi atasi disorder penenang stress berlebih anti was was anxiety,enzhico zhichology inhaler anxiety aromaterapi atas disorder tenang stress lebih anti was was anxiety,16.0,14.0,2.0,12.5
Shopee,Kemasan Double Inhaler Mini Kosong Include Cotton Wick (Kapas),double inhaler mini,kemasan double inhaler mini kosong include cotton wick kapas,double inhaler include cotton wick kapas,double inhaler include cotton wick kapas,9.0,6.0,3.0,33.3
Shopee,TERBARU !!! Alat Anti Mendengkur Noseclip Magnet Klip Hidung Penghilang Dengkuran Alat Anti mendengkur noseclip penghilang dengkur ngorok ampuh SNORE NOSE CLIP ALAT ANTI MENDENGKUR PENGHILANG NGOROK DENGKUR snoring,noseclip magnet,terbaru alat anti mendengkur noseclip magnet klip hidung penghilang dengkuran alat anti mendengkur noseclip penghilang dengkur ngorok ampuh snore nose clip alat anti mendengkur penghilang ngorok dengkur snoring,alat anti mendengkur noseclip magnet klip hidung penghilang dengkuran alat anti mendengkur noseclip penghilang dengkur ngorok ampuh snore nose clip alat anti mendengkur penghilang ngorok dengkur snoring,alat anti dengkur noseclip magnet klip hidung hilang dengkur alat anti dengkur noseclip hilang dengkur ngorok ampuh snore nose clip alat anti dengkur hilang ngorok dengkur snoring,29.0,27.0,2.0,6.9
Shopee,Vicks VapoRub 10 Gr - Balsem Pelega Pernafasan & Hidung Tersumbat,vicks vaporub,vicks vaporub gr balsem pelega pernafasan hidung tersumbat,vicks vaporub balsem pelega pernafasan hidung tersumbat,vicks vaporub balsem lega nafas hidung sumbat,11.0,7.0,4.0,36.4
Shopee,inhaler poy sian mark II nasal inhaler poysian hidung minyak angin thailand,inhaler poy sian,inhaler poy sian mark ii nasal inhaler poysian hidung minyak angin thailand,inhaler poy mark ii inhaler poysian hidung minyak angin thailand,inhaler poy mark ii inhaler poysian hidung minyak angin thailand,12.0,10.0,2.0,16.7
Shopee,"Rhinos Neo 7,5 mg/0,8 ml Drops untuk Hidung Tersumbat (10 ml)",rhinos neo,rhinos neo mg ml drops untuk hidung tersumbat ml,rhinos neo mg drops hidung tersumbat,rhinos neo mg drops hidung sumbat,11.0,6.0,5.0,45.5
Shopee,ONEHEALTH Selang Oksigen - Nasal Oksigen Cannula,onehealth selang oksigen,onehealth selang oksigen nasal oksigen cannula,onehealth selang oksigen oksigen cannula,onehealth selang oksigen oksigen cannula,7.0,5.0,2.0,28.6
Shopee,"Vicks Inhaler Keychain Melegakan Hidung Tersumbat 0,5ml",vicks inhaler,vicks inhaler keychain melegakan hidung tersumbat ml,vicks inhaler keychain melegakan hidung tersumbat,vicks inhaler keychain lega hidung sumbat,7.0,6.0,1.0,14.3
Shopee,TaffOmicron Alat Terapi Pernapasan Handheld Inhaler Nebulizer- JSL-W302- Battery,taffomicron alat terapi pernapasan,taffomicron alat terapi pernapasan handheld inhaler nebulizer jslw battery,taffomicron alat terapi pernapasan handheld inhaler nebulizer jslw battery,taffomicron alat terapi napas handheld inhaler nebulizer jslw battery,9.0,9.0,0.0,0.0
Shopee,ORIGINAL WATERPULSE TERBARU Nasal Rinse Salt Neti Pot Nose Wash Garam hidung 300 & 500ML pereda sinus pilek,waterpulse nasal rinse,original waterpulse terbaru nasal rinse salt neti pot nose wash garam hidung ml pereda sinus pilek,waterpulse rinse salt neti pot nose wash garam hidung pereda sinus pilek,waterpulse rinse salt net pot nose wash garam hidung reda sinus pilek,18.0,12.0,6.0,33.3
Shopee,The First Halal Nose Hygiene Stuff Relief 3th - Dewasa 50ml Bigroot di Indonesia,bigroot,the first halal nose hygiene stuff relief th dewasa ml bigroot di indonesia,the first nose hygiene stuff relief th bigroot indonesia,the first nose hygiene stuff relief th bigroot indonesia,14.0,9.0,5.0,35.7
Shopee,"Rhinos Junior untuk Meredakan Gejala Flu, Bersin-Bersin Anak (60 ml)",rhinos junior,rhinos junior untuk meredakan gejala flu bersinbersin anak ml,rhinos meredakan gejala flu bersinbersin,rhinos reda gejala flu bersinbersin,10.0,5.0,5.0,50.0
Shopee,10 pcs Plester Hidung L Nasal Strips Nose Strips Anti Dengkur Ngorok Nasal Plast Tape Harmony Life,plester hidung,pcs plester hidung l nasal strips nose strips anti dengkur ngorok nasal plast tape harmony life,plester hidung strips nose strips anti dengkur ngorok plast tape harmony life,plester hidung strips nose strips anti dengkur ngorok plast tape harmony life,17.0,12.0,5.0,29.4
Shopee,Inhaler Wadah Tabung Kosong Kasa Refill Empty Nasal Bottle Tabung Aromatherapy Essential Oil Pelega Pernapasan TJ,inhaler wadah tabung kasa nasal bottle tabung aromatherapy,inhaler wadah tabung kosong kasa refill empty nasal bottle tabung aromatherapy essential oil pelega pernapasan tj,inhaler tabung kasa refill empty bottle tabung aromatherapy essential oil pelega pernapasan tj,inhaler tabung kasa refill empty bottle tabung aromatherapy essential oil lega napas tj,16.0,13.0,3.0,18.8
Shopee,Oxycan Green Oksigen Portable Oksigen Tabung Kaleng 500cc Samator Group,oxycan oksigen,oxycan green oksigen portable oksigen tabung kaleng cc samator group,oxycan green oksigen portable oksigen tabung kaleng cc samator group,oxycan green oksigen portable oksigen tabung kaleng cc samator group,10.0,10.0,0.0,0.0
Shopee,TaffOmicron Alat Terapi Pernapasan Handheld Nebulizer Inhaler - JSL-W303 - Putih,taffomicron alat terapi pernapasan,taffomicron alat terapi pernapasan handheld nebulizer inhaler jslw putih,taffomicron alat terapi pernapasan handheld nebulizer inhaler jslw,taffomicron alat terapi napas handheld nebulizer inhaler jslw,11.0,8.0,3.0,27.3
Shopee,Suction Catheter COSMOMED Control Selang Kateter Sedot Lendir Dahak,suction catheter,suction catheter cosmomed control selang kateter sedot lendir dahak,suction catheter cosmomed control selang kateter sedot lendir dahak,suction catheter cosmomed control selang kateter sedot lendir dahak,9.0,9.0,0.0,0.0
Shopee,Nurse Cap Altamed Isi 100 Pcs Pelindung Medis,nurse cap altamed,nurse cap altamed isi pcs pelindung medis,nurse cap altamed pelindung medis,nurse cap altamed lindung medis,8.0,5.0,3.0,37.5
Shopee,Nebulizer Alat Uap Bantu Pernafasan Asma Inhalasi / Nebulizer Portable / alat Nebulizer Anak / Nebulizer Taff Omicron / Alat Uap Nebulizer Anak Dan Dewasa / Alat Terapi Pernafasan Asma,nebulizer alat uap asma,nebulizer alat uap bantu pernafasan asma inhalasi nebulizer portable alat nebulizer anak nebulizer taff omicron alat uap nebulizer anak dan dewasa alat terapi pernafasan asma,nebulizer alat uap bantu pernafasan asma inhalasi nebulizer portable alat nebulizer nebulizer taff omicron alat uap nebulizer alat terapi pernafasan asma,nebulizer alat uap bantu nafas asma inhalasi nebulizer portable alat nebulizer nebulizer taff omicron alat uap nebulizer alat terapi nafas asma,30.0,21.0,9.0,30.0
Shopee,Dr.Spock Nasal Spray Neti Pot Waterpulse Nasal Wash Cleaner Spray Nasal Irrigator Cuci Hidung 300ml Rinse Nose Cleaner Avoid Sinusitis Rhinitis Treatment Health CareNasal Wash Nose Cleaner For Adults Children Nose Wash AH01,dr spock nasal spray,drspock nasal spray neti pot waterpulse nasal wash cleaner spray nasal irrigator cuci hidung ml rinse nose cleaner avoid sinusitis rhinitis treatment health carenasal wash nose cleaner for adults children nose wash ah,drspock spray neti pot waterpulse wash cleaner spray irrigator hidung rinse nose cleaner avoid sinusitis rhinitis treatment health carenasal wash nose cleaner for adults children nose wash ah,drspock spray net pot waterpulse wash cleaner spray irrigator hidung rinse nose cleaner avoid sinusitis rhinitis treatment health carenasal wash nose cleaner for adults children nose wash ah,33.0,28.0,5.0,15.2
Shopee,Masker Nebulizer Anak / Nebulizer / Nebulizer Mask Child / Masker Nebulizer Anak Chrona Life,masker nebulizer anak,masker nebulizer anak nebulizer nebulizer mask child masker nebulizer anak chrona life,masker nebulizer nebulizer nebulizer mask child masker nebulizer chrona life,masker nebulizer nebulizer nebulizer mask child masker nebulizer chrona life,15.0,10.0,5.0,33.3
Shopee,10 pcs Plester Anak Hidung Nasal Strips Kids Nose Strips Anti Dengkur Ngorok Plast Hidung Tape,plester anak hidung,pcs plester anak hidung nasal strips kids nose strips anti dengkur ngorok plast hidung tape,plester hidung strips kids nose strips anti dengkur ngorok plast hidung tape,plester hidung strips kids nose strips anti dengkur ngorok plast hidung tape,16.0,12.0,4.0,25.0
Shopee,Nasal rinse salt nose sinus Neti Pot wash cleaner Garam Lekang Hidung Pereda Alergi Pilek debu,nasal rinse salt,nasal rinse salt nose sinus neti pot wash cleaner garam lekang hidung pereda alergi pilek debu,rinse salt nose sinus neti pot wash cleaner garam lekang hidung pereda alergi pilek debu,rinse salt nose sinus net pot wash cleaner garam lekang hidung reda alergi pilek debu,16.0,15.0,1.0,6.2
Shopee,Nebulizer Portable Mesh Alat Uap Bantu Pernafasan Asma Inhalasi/ Portable Mesh Nebulizer Asthma Respiratory Vapor Anak dan Dewasa,portable mesh nebulizer,nebulizer portable mesh alat uap bantu pernafasan asma inhalasi portable mesh nebulizer asthma respiratory vapor anak dan dewasa,nebulizer portable mesh alat uap bantu pernafasan asma inhalasi portable mesh nebulizer asthma respiratory vapor,nebulizer portable mesh alat uap bantu nafas asma inhalasi portable mesh nebulizer asthma respiratory vapor,18.0,15.0,3.0,16.7
Shopee,[LENYSHOP] Alat Anti Dengkur Nose Breathing Stop Snoring Magnetic Alat Penghenti Ngorok,alat anti dengkur,lenyshop alat anti dengkur nose breathing stop snoring magnetic alat penghenti ngorok,lenyshop alat anti dengkur nose breathing stop snoring magnetic alat penghenti ngorok,lenyshop alat anti dengkur nose breathing stop snoring magnetic alat henti ngorok,12.0,12.0,0.0,0.0
Shopee,1 pc strip Harmony Life Nasal Strips Anti Snore Ngorok Dengkur Plester Hidung,harmony life nasal strips,pc strip harmony life nasal strips anti snore ngorok dengkur plester hidung,strip harmony life strips anti snore ngorok dengkur plester hidung,strip harmony life strips anti snore ngorok dengkur plester hidung,13.0,10.0,3.0,23.1
Shopee,Alat Anti Dengkur Nose Breathing Stop Snoring Magnetic Alat Penghenti Ngorok,alat anti dengkur,alat anti dengkur nose breathing stop snoring magnetic alat penghenti ngorok,alat anti dengkur nose breathing stop snoring magnetic alat penghenti ngorok,alat anti dengkur nose breathing stop snoring magnetic alat henti ngorok,11.0,11.0,0.0,0.0
Shopee,Pastel Fruity Inhaler / Inhaler Fruity Scent / Inhaler,inhaler fruity,pastel fruity inhaler inhaler fruity scent inhaler,pastel fruity inhaler inhaler fruity scent inhaler,pastel fruity inhaler inhaler fruity scent inhaler,9.0,7.0,2.0,22.2
Shopee,Selang Nasal Oksigen GEA Transparan Lentur Per Pcs,selang nasal oksigen,selang nasal oksigen gea transparan lentur per pcs,selang oksigen gea,selang oksigen gea,8.0,3.0,5.0,62.5
Shopee,LIVO Nebulizer Alat Uap Bantu Pernafasan Asma Inhalasi MY-520A Ultrasonic Inhaler Gangguan Pernafasan,livo nebulizer,livo nebulizer alat uap bantu pernafasan asma inhalasi mya ultrasonic inhaler gangguan pernafasan,livo nebulizer alat uap bantu pernafasan asma inhalasi mya ultrasonic inhaler gangguan pernafasan,livo nebulizer alat uap bantu nafas asma inhalasi mya ultrasonic inhaler ganggu nafas,13.0,13.0,0.0,0.0
Shopee,Masker Nebulizer / Nebu Mask / Masker UAP,masker nebulizer,masker nebulizer nebu mask masker uap,masker nebulizer nebu mask masker uap,masker nebulizer nebu mask masker uap,8.0,6.0,2.0,25.0
Shopee,West&Month Nasal Snoring Strip 50pcs Plester Hidung Anti Dengkur Anti Snoring Plester Hidung Tersumbat Relieves Nasal Congestion Prevent Snoring,west&month nasal snoring strip,westmonth nasal snoring strip pcs plester hidung anti dengkur anti snoring plester hidung tersumbat relieves nasal congestion prevent snoring,westmonth snoring strip plester hidung anti dengkur anti snoring plester hidung tersumbat relieves congestion prevent snoring,westmonth snoring strip plester hidung anti dengkur anti snoring plester hidung sumbat relieves congestion prevent snoring,19.0,16.0,3.0,15.8
Shopee,"Inhaler Cap Kapak - Pereda Hidung Tersumbat, Pilek, dan Flu",inhaler cap kapak,inhaler cap kapak pereda hidung tersumbat pilek dan flu,inhaler cap kapak pereda hidung tersumbat pilek flu,inhaler cap kapak reda hidung sumbat pilek flu,10.0,8.0,2.0,20.0
Shopee,Garam bersih cuci hidung SINUS NASAL RINSE NOSE WASH SALT 2.7gr,garam bersih,garam bersih cuci hidung sinus nasal rinse nose wash salt gr,garam hidung sinus rinse nose wash salt,garam hidung sinus rinse nose wash salt,11.0,7.0,4.0,36.4
Shopee,Vicks Inhaler Kecil Pelega Hidung Mampet,vicks inhaler,vicks inhaler kecil pelega hidung mampet,vicks inhaler pelega hidung mampet,vicks inhaler lega hidung mampet,6.0,5.0,1.0,16.7
Shopee,Selang Suction Catheter With Tumb Control Untuk Membersihkan Ingus / Satuan S3,selang suction catheter,selang suction catheter with tumb control untuk membersihkan ingus satuan s,selang suction catheter with tumb control membersihkan ingus satuan,selang suction catheter with tumb control bersih ingus satu,12.0,9.0,3.0,25.0
Shopee,Masker Nebulizer Anak Bayi Dewasa Oksigen Pernapasan Nebu Mask,masker nebulizer oksigen,masker nebulizer anak bayi dewasa oksigen pernapasan nebu mask,masker nebulizer oksigen pernapasan nebu mask,masker nebulizer oksigen napas nebu mask,9.0,6.0,3.0,33.3
Shopee,Inhaler Kosong DIY Essential Oil - Empty Nasal Inhaler,inhaler kosong,inhaler kosong diy essential oil empty nasal inhaler,inhaler diy essential oil empty inhaler,inhaler diy essential oil empty inhaler,9.0,6.0,3.0,33.3
Shopee,VICKS VAPORUB - VICKS INHALER - BALSEM VICKS DAN PELEGA HIDUNG MAMPET,vicks vaporub,vicks vaporub vicks inhaler balsem vicks dan pelega hidung mampet,vicks vaporub vicks inhaler balsem vicks pelega hidung mampet,vicks vaporub vicks inhaler balsem vicks lega hidung mampet,12.0,9.0,3.0,25.0
Shopee,Omron Compressor Nebulizer NE-C28 Alat Terapi Pernapasan,omron compressor nebulizer,omron compressor nebulizer nec alat terapi pernapasan,omron compressor nebulizer nec alat terapi pernapasan,omron compressor nebulizer nec alat terapi napas,7.0,7.0,0.0,0.0
Shopee,OXYCAN SPORT Oksigen Portable Tabung Kaleng Kecil 600cc,oxykan sport oksigen,oxycan sport oksigen portable tabung kaleng kecil cc,oxycan sport oksigen portable tabung kaleng cc,oxycan sport oksigen portable tabung kaleng cc,8.0,7.0,1.0,12.5
Shopee,Neilmed Sinus Rinse / Nose Rinse,neilmed sinus rinse,neilmed sinus rinse nose rinse,neilmed sinus rinse nose rinse,neilmed sinus rinse nose rinse,6.0,5.0,1.0,16.7
Shopee,TUTUP SPRAY NASAL NECK 18 PUTIH,tutup spray nasal,tutup spray nasal neck putih,tutup spray neck,tutup spray neck,6.0,3.0,3.0,50.0
Shopee,Breathy Nasal Drops 30 ml,breathy nasal drops,breathy nasal drops ml,breathy drops,breathy drops,5.0,2.0,3.0,60.0
Shopee,NeilMed Sinus Rinse Premixed Babies and Kids - Neilmed Sinus Rinse Premixed Bayi dan Anak Anak Pc,neilmed sinus rinse,neilmed sinus rinse premixed babies and kids neilmed sinus rinse premixed bayi dan anak anak pc,neilmed sinus rinse premixed babies and kids neilmed sinus rinse premixed,neilmed sinus rinse premixed babies and kids neilmed sinus rinse premixed,17.0,11.0,6.0,35.3
Shopee,ONEHEALTH Masker Nebulizer Anak / Bayi Nebulizer Mask Child/IInfant Per Pcs,onehealth masker nebulizer,onehealth masker nebulizer anak bayi nebulizer mask childiinfant per pcs,onehealth masker nebulizer nebulizer mask childiinfant,onehealth masker nebulizer nebulizer mask childiinfant,11.0,6.0,5.0,45.5
Shopee,MCI Nebulizer Portabel Alat Terapi Pernapasan Asma Ultrasonik Alat Inhalasi Mini Portabel Alat Uap Asma Inhaler,mci nebulizer,mci nebulizer portabel alat terapi pernapasan asma ultrasonik alat inhalasi mini portabel alat uap asma inhaler,mci nebulizer alat terapi pernapasan asma ultrasonik alat inhalasi alat uap asma inhaler,mci nebulizer alat terapi napas asma ultrasonik alat inhalasi alat uap asma inhaler,16.0,13.0,3.0,18.8
Shopee,Masker Nebulizer S Bayi M Anak L Dewasa XL Jumbo GEA Alat Bantu Pernafasan Nebuliser Mask Nebul Udara Uap Baby Small Child Medium Adult Large,masker nebulizer,masker nebulizer s bayi m anak l dewasa xl jumbo gea alat bantu pernafasan nebuliser mask nebul udara uap baby small child medium adult large,masker nebulizer gea alat bantu pernafasan nebuliser mask nebul udara uap baby child adult,masker nebulizer gea alat bantu nafas nebuliser mask nebul udara uap baby child adult,25.0,14.0,11.0,44.0
Shopee,Freshcare Smash Matcha 10ml Aroma Segar 4 In 1,freshcare smash matcha,freshcare smash matcha ml aroma segar in,freshcare smash matcha aroma in,freshcare smash matcha aroma in,9.0,5.0,4.0,44.4
Shopee,Nasal Canula Dewasa Gea Selang Oksigen Latex-Free,nasal canula,nasal canula dewasa gea selang oksigen latexfree,canula gea selang oksigen latexfree,canula gea selang oksigen latexfree,7.0,5.0,2.0,28.6
Shopee,Transpulmin BB Baby Balsam 20gr Untuk Bayi,transpulmin bb baby balsam,transpulmin bb baby balsam gr untuk bayi,transpulmin bb baby balsam,transpulmin bb baby balsam,7.0,4.0,3.0,42.9
Shopee,"ENZHICO ZHITHERA Inhaler Sinusitis Aromaterapi Atasi Hidung Tersumbat Radang Bengkak Sesak Polip 2,5ml",enzhico zhithera inhaler sinusitis,enzhico zhithera inhaler sinusitis aromaterapi atasi hidung tersumbat radang bengkak sesak polip ml,enzhico zhithera inhaler sinusitis aromaterapi atasi hidung tersumbat radang polip,enzhico zhithera inhaler sinusitis aromaterapi atas hidung sumbat radang polip,13.0,10.0,3.0,23.1
Shopee,Dr.isla Nebulizer Portable Mesh Alat Uap Bantu Pernafasan Asma Inhalasi/alat Nebulizer Anak/Cocok Untuk Anak Anak Dan Orang Dewasa/Pengisian USB N8,dr.isla nebulizer,drisla nebulizer portable mesh alat uap bantu pernafasan asma inhalasialat nebulizer anakcocok untuk anak anak dan orang dewasapengisian usb n,drisla nebulizer portable mesh alat uap bantu pernafasan asma inhalasialat nebulizer anakcocok orang dewasapengisian usb,drisla nebulizer portable mesh alat uap bantu nafas asma inhalasialat nebulizer anakcocok orang dewasapengisian usb,20.0,15.0,5.0,25.0
Shopee,Botol Pencuci Hidung Botol Cuci Hidung Waterpulse Sinusitis,waterpulse botol cuci hidung,botol pencuci hidung botol cuci hidung waterpulse sinusitis,pencuci hidung hidung waterpulse sinusitis,cuci hidung hidung waterpulse sinusitis,8.0,5.0,3.0,37.5
Shopee,Nasal Canul Cosmomed Nasal Oxygen Cannula Kanul Selang Oksigen,nasal canul kanul oksigen,nasal canul cosmomed nasal oxygen cannula kanul selang oksigen,canul cosmomed oxygen cannula kanul selang oksigen,canul cosmomed oxygen cannula kanul selang oksigen,9.0,7.0,2.0,22.2
Shopee,Suction Ball 60ml Nasal Aspirator Ear Syringe 60ml,suction ball nasal aspirator,suction ball ml nasal aspirator ear syringe ml,suction ball aspirator ear syringe,suction ball aspirator ear syringe,8.0,5.0,3.0,37.5
Shopee,Masker Nebulizer OneHealth Anak Dewasa Child Adult M L XL Nebu Mirip GEA,masker nebulizer onehealth,masker nebulizer onehealth anak dewasa child adult m l xl nebu mirip gea,masker nebulizer onehealth child adult nebu gea,masker nebulizer onehealth child adult nebu gea,13.0,7.0,6.0,46.2
Shopee,Cairan Nasal Steril 3pc 25ml Untuk Mencuci Hidung,cairan nasal steril,cairan nasal steril pc ml untuk mencuci hidung,cairan mencuci hidung,cair cuci hidung,8.0,3.0,5.0,62.5
Shopee,OneMed Nebulizer Portable 405A Untuk Anak,one med nebulizer,onemed nebulizer portable a untuk anak,onemed nebulizer portable,onemed nebulizer portable,6.0,3.0,3.0,50.0
Shopee,Dr.isla Nebulizer Portable Mesh 4 Jenis Masker Filter Sesuai Dewasa Anak Mengobati Asma Dan Ketidaknyamanan Pernapasan Pengisian USB N9,dr.isla nebulizer,drisla nebulizer portable mesh jenis masker filter sesuai dewasa anak mengobati asma dan ketidaknyamanan pernapasan pengisian usb n,drisla nebulizer portable mesh jenis masker filter mengobati asma ketidaknyamanan pernapasan pengisian usb,drisla nebulizer portable mesh jenis masker filter obat asma ketidaknyamanan napas isi usb,19.0,13.0,6.0,31.6
Shopee,SELANG OKSIGEN NASAL CANNULA OXYGEN OKSIGEN GEA,oksigen nasal cannula,selang oksigen nasal cannula oxygen oksigen gea,selang oksigen cannula oxygen oksigen gea,selang oksigen cannula oxygen oksigen gea,7.0,6.0,1.0,14.3
Shopee,Alat Anti Ngorok Dengkur Magnet - Snore Stopper - Nose Breathing Stop Snoring Magnetic,alat anti ngorok,alat anti ngorok dengkur magnet snore stopper nose breathing stop snoring magnetic,alat anti ngorok dengkur magnet snore stopper nose breathing stop snoring magnetic,alat anti ngorok dengkur magnet snore stopper nose breathing stop snoring magnetic,14.0,12.0,2.0,14.3
Shopee,TERMURAH! INHALER LANG INHALER CAP LANG PELEGA NAPAS HIDUNG TERSUMBAT,inhaler lang pelega napas,termurah inhaler lang inhaler cap lang pelega napas hidung tersumbat,inhaler lang inhaler cap lang pelega napas hidung tersumbat,inhaler lang inhaler cap lang lega napas hidung sumbat,10.0,9.0,1.0,10.0
Shopee,Hexacare Nebulizer Mask Set Adult Child / Masker Nebul Anak Dewasa Tempat Obat Uap,hexacare nebulizer mask set,hexacare nebulizer mask set adult child masker nebul anak dewasa tempat obat uap,hexacare nebulizer mask adult child masker nebul obat uap,hexacare nebulizer mask adult child masker nebul obat uap,14.0,9.0,5.0,35.7
Shopee,Nebulizer Yuwell 403D Air Compressing Nebulizer Alat uap merk Yuwell Generasi baru Murah + 1x Masker nebulizer Anak,yuwell nebulizer,nebulizer yuwell d air compressing nebulizer alat uap merk yuwell generasi baru murah x masker nebulizer anak,nebulizer yuwell air compressing nebulizer alat uap merk yuwell generasi masker nebulizer,nebulizer yuwell air compressing nebulizer alat uap merk yuwell generasi masker nebulizer,18.0,12.0,6.0,33.3
Shopee,Masker Nebulizer M Anak GEA Nebuliser Mask Nebul Udara Uap Alat Bantu Pernafasan Child Medium,masker nebulizer,masker nebulizer m anak gea nebuliser mask nebul udara uap alat bantu pernafasan child medium,masker nebulizer gea nebuliser mask nebul udara uap alat bantu pernafasan child,masker nebulizer gea nebuliser mask nebul udara uap alat bantu nafas child,15.0,12.0,3.0,20.0
Shopee,Masker Nebulizer Anak & Dewasa - Nebu Mask - Masker Terapi Uap - Nebulizer Mask,nebu mask,masker nebulizer anak dewasa nebu mask masker terapi uap nebulizer mask,masker nebulizer nebu mask masker terapi uap nebulizer mask,masker nebulizer nebu mask masker terapi uap nebulizer mask,15.0,9.0,6.0,40.0
Shopee,korek kuping lampu LED 3in1 + box ear pick pembersih telinga anak2 korek kuping bayi isi 3 kepala,korek kuping lampu led,korek kuping lampu led in box ear pick pembersih telinga anak korek kuping bayi isi kepala,kuping lampu led in ear pick pembersih telinga kuping kepala,kuping lampu led in ear pick bersih telinga kuping kepala,18.0,10.0,8.0,44.4
Shopee,Pembersih Telinga Korek Kuping Ear Wax Picker Set 6pcs Stainless Steel Anti Karat Free Pouch 𝕀ℍ𝕊 860,pembersih telinga,pembersih telinga korek kuping ear wax picker set pcs stainless steel anti karat free pouch 𝕀ℍ𝕊,pembersih telinga kuping ear wax picker stainless steel anti karat 𝕀ℍ𝕊,bersih telinga kuping ear wax picker stainless steel anti karat,17.0,10.0,7.0,41.2
Shopee,Isi 12pak Cotton Buds Dewasa Korek Telinga Termurah,12pak cotton buds,isi pak cotton buds dewasa korek telinga termurah,cotton buds telinga,cotton buds telinga,8.0,3.0,5.0,62.5
Shopee,Korek Kuping LED Earpick Lamp Flashlight / LED / pembersih telinga,korek kuping led,korek kuping led earpick lamp flashlight led pembersih telinga,kuping led earpick lamp flashlight led pembersih telinga,kuping led earpick lamp flashlight led bersih telinga,11.0,8.0,3.0,27.3
Shopee,[ANSA88] korek kuping lampu LED + box 3in1 ear pick pembersih telinga bayi korek kuping anak2,korek kuping,ansa korek kuping lampu led box in ear pick pembersih telinga bayi korek kuping anak,ansa kuping lampu led in ear pick pembersih telinga kuping,ansa kuping lampu led in ear pick bersih telinga kuping,16.0,10.0,6.0,37.5
Shopee,korek kuping 6in1 plus pouch set pembersih telinga isi 6 tas kulit stainless ear pick 6in1,korek kuping 6in1 plus,korek kuping in plus pouch set pembersih telinga isi tas kulit stainless ear pick in,kuping in pembersih telinga tas kulit stainless ear pick in,kuping in bersih telinga tas kulit stainless ear pick in,16.0,10.0,6.0,37.5
Shopee,Pembersih Telinga Set Alat Korek Kuping Stainless Isi 7 Pcs Free Kotak,pembersih telinga,pembersih telinga set alat korek kuping stainless isi pcs free kotak,pembersih telinga alat kuping stainless,bersih telinga alat kuping stainless,12.0,5.0,7.0,58.3
Shopee,OSM - 6083 Cotton Bud 2 In 1 / Korek Kuping Super Lembut Isi 100 Pcs / Pembersih Telinga 2 In 1 / Cotton Bud Lembut Dewasa Anak,osm cotton bud,osm cotton bud in korek kuping super lembut isi pcs pembersih telinga in cotton bud lembut dewasa anak,osm cotton bud in kuping pembersih telinga in cotton bud,osm cotton bud in kuping bersih telinga in cotton bud,28.0,10.0,18.0,64.3
Shopee,( 27AN.ID ) Alat Pembersih telinga 1 Set isi 5pcs H500 Korek kuping besi anti karat stainless steel pembersih telinga,alat pembersih telinga,anid alat pembersih telinga set isi pcs h korek kuping besi anti karat stainless steel pembersih telinga,anid alat pembersih telinga kuping besi anti karat stainless steel pembersih telinga,anid alat bersih telinga kuping besi anti karat stainless steel bersih telinga,20.0,12.0,8.0,40.0
Shopee,AS Cotton Bud 2in1 Korek Kuping Super Lembut Isi 100 PCS Pembersih Telinga 2 Sisi Untuk Dewasa / Anak Murah,as cotton bud,as cotton bud in korek kuping super lembut isi pcs pembersih telinga sisi untuk dewasa anak murah,as cotton bud in kuping pembersih telinga sisi,as cotton bud in kuping bersih telinga sisi,20.0,8.0,12.0,60.0
Shopee,SMS Cotton Bud 2in1 Korek Kuping Super Lembut Isi 100 PCS Pembersih Telinga 2 Sisi Untuk Dewasa Dan Anak,sms cotton bud,sms cotton bud in korek kuping super lembut isi pcs pembersih telinga sisi untuk dewasa dan anak,sms cotton bud in kuping pembersih telinga sisi,sms cotton bud in kuping bersih telinga sisi,19.0,8.0,11.0,57.9
Shopee,Alat Pembersih Telinga 1 Set 8PCS Korek Kuping Ear Wax Picker Stainless Steel 5in1 6in1 8in1,alat pembersih telinga,alat pembersih telinga set pcs korek kuping ear wax picker stainless steel in in in,alat pembersih telinga kuping ear wax picker stainless steel in in in,alat bersih telinga kuping ear wax picker stainless steel in in in,16.0,12.0,4.0,25.0
Shopee,HANDPHONETIAM Korek Kuping Stainless Steel Earwax Earpick Cleaner Alat Pengorek Kotoran Telinga - Free Kotak,handphonetiam korek kuping,handphonetiam korek kuping stainless steel earwax earpick cleaner alat pengorek kotoran telinga free kotak,handphonetiam kuping stainless steel earwax earpick cleaner alat pengorek kotoran telinga,handphonetiam kuping stainless steel earwax earpick cleaner alat korek kotor telinga,15.0,11.0,4.0,26.7
Shopee,Cotton Bud Yukinawa isi 100 stick | Cotton Bud Anak dan Dewasa | Korek kuping,cotton bud yukinawa,cotton bud yukinawa isi stick cotton bud anak dan dewasa korek kuping,cotton bud yukinawa stick cotton bud kuping,cotton bud yukinawa stick cotton bud kuping,15.0,7.0,8.0,53.3
Shopee,( BISA COD ) PROMO Alat Pembersih Kotoran Telinga Portable Anti Karat Stainless/ Korek Kuping 6 in 1,alat pembersih kotoran telinga,bisa cod promo alat pembersih kotoran telinga portable anti karat stainless korek kuping in,alat pembersih kotoran telinga portable anti karat stainless kuping in,alat bersih kotor telinga portable anti karat stainless kuping in,18.0,10.0,8.0,44.4
Shopee,Kyopta Cotton bud spiral ear pick Cotton swab Cotton swabs 100 pcs,cotton bud,kyopta cotton bud spiral ear pick cotton swab cotton swabs pcs,kyopta cotton bud ear pick cotton swab cotton swabs,kyopta cotton bud ear pick cotton swab cotton swabs,12.0,9.0,3.0,25.0
Shopee,Selection Cotton Buds Adult & Baby Higienis Pembersih Telinga Bayi & Dewasa,selection cotton buds,selection cotton buds adult baby higienis pembersih telinga bayi dewasa,selection cotton buds adult baby pembersih telinga,selection cotton buds adult baby bersih telinga,12.0,7.0,5.0,41.7
Shopee,Cotton Bud Supper Market 240 Stik Kapas Alami,cotton bud,cotton bud supper market stik kapas alami,cotton bud supper market stik kapas,cotton bud supper market stik kapas,8.0,6.0,2.0,25.0
Shopee,Sendok telinga/Pembersih telinga/Dengan lampu LED/Ear pick Lampu LED Flash Light L13,ear pick lampu led,sendok telingapembersih telingadengan lampu ledear pick lampu led flash light l,sendok telingapembersih telingadengan lampu ledear pick lampu led light,sendok telingapembersih telingadengan lampu ledear pick lampu led light,11.0,9.0,2.0,18.2
Shopee,( KKM ) Pembersih Telinga 5in1 Korek Kuping set isi 5 pcs Ear wax 5 in 1,pembersih telinga,kkm pembersih telinga in korek kuping set isi pcs ear wax in,kkm pembersih telinga in kuping ear wax in,kkm bersih telinga in kuping ear wax in,17.0,8.0,9.0,52.9
Shopee,COTTONBUDS DEWASA PERLUSIN 12 PAK. PER PAK ISI 17-20 PCS STIK,cottonbuds,cottonbuds dewasa perlusin pak per pak isi pcs stik,cottonbuds perlusin stik,cottonbuds lusin stik,11.0,3.0,8.0,72.7
Shopee,Korek Kuping Senter LED Nyala Earpick Flash Light Lampu Anak Souvenir,korek senter,korek kuping senter led nyala earpick flash light lampu anak souvenir,kuping senter led nyala earpick light lampu souvenir,kuping senter led nyala earpick light lampu souvenir,11.0,8.0,3.0,27.3
Shopee,[20 PCS ] KOREK KUPING BESI,korek kuping besi,pcs korek kuping besi,kuping besi,kuping besi,6.0,2.0,4.0,66.7
Shopee,[CALCES]Alat Pembersih Telinga Korek Kuping + Box Dengan LED Senter Terang Ear Pick Flashlight Anak Bayi,alat pembersih telinga korek kuping,calcesalat pembersih telinga korek kuping box dengan led senter terang ear pick flashlight anak bayi,calcesalat pembersih telinga kuping led senter ear pick flashlight,calcesalat bersih telinga kuping led senter ear pick flashlight,16.0,9.0,7.0,43.8
Shopee,ONE-C571-C572 Alat Pembersih Telinga Korek Kuping Ear Wax 6 In 1 / Set Paket Pembersih Kotoran Telinga Stainless Steel,alat pembersih telinga,onecc alat pembersih telinga korek kuping ear wax in set paket pembersih kotoran telinga stainless steel,onecc alat pembersih telinga kuping ear wax in pembersih kotoran telinga stainless steel,onecc alat bersih telinga kuping ear wax in bersih kotor telinga stainless steel,19.0,13.0,6.0,31.6
Shopee,INFY - Korek Kuping Lampu LED / Earpick Flashlight / Pembersih Telinga LED Earpict Murah Import R005,infy korek kuping,infy korek kuping lampu led earpick flashlight pembersih telinga led earpict murah import r,infy kuping lampu led earpick flashlight pembersih telinga led earpict,infy kuping lampu led earpick flashlight bersih telinga led earpict,17.0,10.0,7.0,41.2
Shopee,Korek Kuping Stainless | Korek Kuping set pembersih kotoran telinga 5 in 1,korek kuping stainless,korek kuping stainless korek kuping set pembersih kotoran telinga in,kuping stainless kuping pembersih kotoran telinga in,kuping stainless kuping bersih kotor telinga in,13.0,7.0,6.0,46.2
Shopee,korek kuping led karakter burung hantu,korek kuping led burung hantu,korek kuping led karakter burung hantu,kuping led karakter burung hantu,kuping led karakter burung hantu,6.0,5.0,1.0,16.7
Shopee,TI Cotton Bud Buds Kayu Bamboo isi 100 Bambu Korek Kuping Telinga Pembersih,ti cotton bud,ti cotton bud buds kayu bamboo isi bambu korek kuping telinga pembersih,ti cotton bud buds kayu bamboo bambu kuping telinga pembersih,ti cotton bud buds kayu bamboo bambu kuping telinga bersih,13.0,10.0,3.0,23.1
Shopee,Cotton Buds YUKI dewasa & anak [ isi 100 ] SUPER MURAH PROMO !!!,cotton buds yuki,cotton buds yuki dewasa anak isi super murah promo,cotton buds yuki,cotton buds yuk,14.0,3.0,11.0,78.6
Shopee,Karakter-Korek Kuping Led Cute Dengan Lampu LED,karakter korek kuping led cute,karakterkorek kuping led cute dengan lampu led,karakterkorek kuping led cute lampu led,karakterkorek kuping led cute lampu led,7.0,6.0,1.0,14.3
Shopee,(HARGA PERBIJI BKN SEPASANG) Ear Candle Lilin pembersih telinga aroma terapi,ear candle lilin,harga perbiji bkn sepasang ear candle lilin pembersih telinga aroma terapi,perbiji bkn ear candle lilin pembersih telinga aroma terapi,biji bkn ear candle lilin bersih telinga aroma terapi,11.0,9.0,2.0,18.2
Shopee,Cotton Bud Dewasa & Baby 100pcs/Korek Kuping/Pembersih Telinga,cotton bud,cotton bud dewasa baby pcskorek kupingpembersih telinga,cotton bud baby pcskorek kupingpembersih telinga,cotton bud baby pcskorek kupingpembersih telinga,8.0,6.0,2.0,25.0
Shopee,"Cotton Bud Kimo Baby Isi 40 Sticks Ukuran 7,5cm",cotton bud kimo baby,cotton bud kimo baby isi sticks ukuran cm,cotton bud kimo baby sticks,cotton bud kimo baby sticks,9.0,5.0,4.0,44.4
Shopee,[DM89] KOREK KUPING LAMPU LED / KOREK KUPING SENTER KARAKTER,korek kuping lampu led,dm korek kuping lampu led korek kuping senter karakter,dm kuping lampu led kuping senter karakter,dm kuping lampu led kuping senter karakter,10.0,7.0,3.0,30.0
Shopee,COTTON BUD KIMO (100 Pcs) - Cotton Bud Baby / Cotton Anak - Cotton Bud Dewasa,cotton bud,cotton bud kimo pcs cotton bud baby cotton anak cotton bud dewasa,cotton bud kimo cotton bud baby cotton cotton bud,cotton bud kimo cotton bud baby cotton cotton bud,16.0,9.0,7.0,43.8
Shopee,Cotton Bud Yukinawa Kapas Halus Isi 100,cotton bud yukinawa kapas halus,cotton bud yukinawa kapas halus isi,cotton bud yukinawa kapas,cotton bud yukinawa kapas,7.0,4.0,3.0,42.9
Shopee,Cussons Baby Cotton Buds Extra Fine 100 pcs / Korek Kuping Cusson / Pembersih Telinga Bayi,cussons baby cotton buds,cussons baby cotton buds extra fine pcs korek kuping cusson pembersih telinga bayi,cussons baby cotton buds extra fine kuping cusson pembersih telinga,cussons baby cotton buds extra fine kuping cusson bersih telinga,16.0,10.0,6.0,37.5
Shopee,(SKR) Alat Pembersih Telinga / Korek Kuping Earpick dengan Lampu LED Untuk Bayi Anak ear pick,ear pick,skr alat pembersih telinga korek kuping earpick dengan lampu led untuk bayi anak ear pick,skr alat pembersih telinga kuping earpick lampu led ear pick,skr alat bersih telinga kuping earpick lampu led ear pick,16.0,10.0,6.0,37.5
Shopee,1234OS - Korek Kuping Premium Isi 20pcs Cutton Buds Kelas Super Market Kapas Alami Untuk Dewasa Pembersih Telinga Anak Bayi,1234os korek kuping,os korek kuping premium isi pcs cutton buds kelas super market kapas alami untuk dewasa pembersih telinga anak bayi,os kuping cutton buds kelas market kapas pembersih telinga,os kuping cutton buds kelas market kapas bersih telinga,20.0,9.0,11.0,55.0
Shopee,KOREK KUPING LED POLOS/ PEMBERSIH TELINGA TERMURAH / Korek Kuping LED Pembersih Telinga Senter Flashlight,korek kuping led,korek kuping led polos pembersih telinga termurah korek kuping led pembersih telinga senter flashlight,kuping led pembersih telinga kuping led pembersih telinga senter flashlight,kuping led bersih telinga kuping led bersih telinga senter flashlight,15.0,10.0,5.0,33.3
Shopee,( 1PACK ) KOREK KUPING BANDUL LOVE MURAH,korek kuping bandul,pack korek kuping bandul love murah,kuping bandul love,kuping bandul love,8.0,3.0,5.0,62.5
Shopee,MV EAR PICK LED LED KOREK KUPING,mv ear pick,mv ear pick led led korek kuping,mv ear pick led led kuping,mv ear pick led led kuping,7.0,6.0,1.0,14.3
Shopee,Isi 1 Lusin Cotton Buds Dewasa 40 pcs Yukinawa,yukinawa cotton buds,isi lusin cotton buds dewasa pcs yukinawa,cotton buds yukinawa,cotton buds yukinawa,9.0,3.0,6.0,66.7
Shopee,BABYBOZ - Biutte.co Set Pembersih Telinga Korek Kuping Ear Spoon Tool 6 PCS,babyboz ear spoon tool,babyboz biutteco set pembersih telinga korek kuping ear spoon tool pcs,babyboz biutteco pembersih telinga kuping ear spoon tool,babyboz biutteco bersih telinga kuping ear spoon tool,13.0,8.0,5.0,38.5
Shopee,Korek Kuping Lem Pembersih Telinga Portable Pembersih Kotoran Earwax Earpick Isi 24pcs,korek kuping lempembersih telinga,korek kuping lem pembersih telinga portable pembersih kotoran earwax earpick isi pcs,kuping lem pembersih telinga portable pembersih kotoran earwax earpick,kuping lem bersih telinga portable bersih kotor earwax earpick,12.0,9.0,3.0,25.0
Shopee,Korek Kuping LED STD Colorful Dengan Cahaya Terang,korek kuping led,korek kuping led std colorful dengan cahaya terang,kuping led std colorful cahaya,kuping led std colorful cahaya,8.0,5.0,3.0,37.5
Shopee,Alat Korek Kuping LED Flashlight Earpick Clean Pembersih Telinga,alat korek kuping,alat korek kuping led flashlight earpick clean pembersih telinga,alat kuping led flashlight earpick clean pembersih telinga,alat kuping led flashlight earpick clean bersih telinga,9.0,8.0,1.0,11.1
Shopee,EARPLUG ultrafit Corded pelindung telinga peredam kebisingan 25db,earplug ultrafit,earplug ultrafit corded pelindung telinga peredam kebisingan db,earplug ultrafit corded pelindung telinga peredam kebisingan db,earplug ultrafit corded lindung telinga redam bising db,8.0,8.0,0.0,0.0
Shopee,NAIM_SURYA_ASEMKA_KOREK KUPING STAINLESS WARNA ISI 20 PCS,naim surya asemka korek kuping stainless,naimsuryaasemkakorek kuping stainless warna isi pcs,naimsuryaasemkakorek kuping stainless,naimsuryaasemkakorek kuping stainless,7.0,3.0,4.0,57.1
Shopee,Earpick Korek Kuping Led Korek Kuping Anak Ear Pick Earpick Cartoon Flash Light LED Cute Animal Korek Telinga Kuping Karakter Lampu LED,earpick korek kuping,earpick korek kuping led korek kuping anak ear pick earpick cartoon flash light led cute animal korek telinga kuping karakter lampu led,earpick kuping led kuping ear pick earpick cartoon light led cute animal telinga kuping karakter lampu led,earpick kuping led kuping ear pick earpick cartoon light led cute animal telinga kuping karakter lampu led,22.0,17.0,5.0,22.7
Shopee,BEVAVAR Korek Kuping Led Pembersih Telinga Bayi / Earpick,bevavar korek kuping,bevavar korek kuping led pembersih telinga bayi earpick,bevavar kuping led pembersih telinga earpick,bevavar kuping led bersih telinga earpick,9.0,6.0,3.0,33.3
Shopee,BEVAVAR Korek Kuping LED Set Alat Pembersih Telinga Earpick untuk Anak Bayi dan Dewasa,bevavar korek kuping,bevavar korek kuping led set alat pembersih telinga earpick untuk anak bayi dan dewasa,bevavar kuping led alat pembersih telinga earpick,bevavar kuping led alat bersih telinga earpick,14.0,7.0,7.0,50.0
Shopee,[PER PCS] KOREK KUPING BESI GAGANG PLASTIK BY CHERRY SHOP,korek kuping besi,per pcs korek kuping besi gagang plastik by cherry shop,kuping besi gagang plastik by cherry,kuping besi gagang plastik by cherry,10.0,6.0,4.0,40.0
Shopee,Victoky Korek kuping LED/Pembersih Telinga bayi/Earpick led bayi,korek kuping led,victoky korek kuping ledpembersih telinga bayiearpick led bayi,victoky kuping ledpembersih telinga bayiearpick led,victoky kuping ledpembersih telinga bayiearpick led,8.0,6.0,2.0,25.0
Shopee,KIMO Cotton Bud Baby Dewasa Kecil Besar isi 100 pcs / Korek Kuping Bayi 1 Pack Cotton BUD KIMO,kimo cotton bud,kimo cotton bud baby dewasa kecil besar isi pcs korek kuping bayi pack cotton bud kimo,kimo cotton bud baby kuping cotton bud kimo,kimo cotton bud baby kuping cotton bud kimo,19.0,8.0,11.0,57.9
Shopee,"Cotton Bud Kimo - Korek Kuping Kapas Dewasa & Bayi, Pembersih Telinga Kapas Praktis & Aman",kimo cotton bud,cotton bud kimo korek kuping kapas dewasa bayi pembersih telinga kapas praktis aman,cotton bud kimo kuping kapas pembersih telinga kapas,cotton bud kimo kuping kapas bersih telinga kapas,16.0,8.0,8.0,50.0
Shopee,BOBASTORE 1 PASANG Ear Candle Indian Original Terapi Telinga Alat Pembersih Telinga Lilin Telinga R775,bobastore ear candle,bobastore pasang ear candle indian original terapi telinga alat pembersih telinga lilin telinga r,bobastore ear candle indian terapi telinga alat pembersih telinga lilin telinga,bobastore ear candle indian terapi telinga alat bersih telinga lilin telinga,15.0,11.0,4.0,26.7
Shopee,Alat Pembersih Telinga Korek Kuping Stainless Steel Paket 8pc set,alat pembersih telinga korek kuping stainless steel,alat pembersih telinga korek kuping stainless steel paket pc set,alat pembersih telinga kuping stainless steel,alat bersih telinga kuping stainless steel,10.0,6.0,4.0,40.0
Shopee,Cotton Bud Anak Anak Kimo isi 100 Sticks / Pembersih Telinga Kecil / Korek Kuping Kapas Bayi Balita,cotton bud kimo,cotton bud anak anak kimo isi sticks pembersih telinga kecil korek kuping kapas bayi balita,cotton bud kimo sticks pembersih telinga kuping kapas,cotton bud kimo sticks bersih telinga kuping kapas,18.0,8.0,10.0,55.6
Shopee,Alat Sumbat Penyumbat Penutup Tutup Telinga Kuping Earplug Anti Bising,alat sumbat earplug,alat sumbat penyumbat penutup tutup telinga kuping earplug anti bising,alat sumbat penyumbat penutup tutup telinga kuping earplug anti bising,alat sumbat sumbat tutup tutup telinga kuping earplug anti bising,10.0,10.0,0.0,0.0
Shopee,MELEDE 98Pcs Kancing Alat Kit Set Alat Tindik telinga Alat dengan Hidung Telinga Pusar Tindik Badan,melede kancing alat tindik,melede pcs kancing alat kit set alat tindik telinga alat dengan hidung telinga pusar tindik badan,melede kancing alat kit alat tindik telinga alat hidung telinga pusar tindik badan,melede kancing alat kit alat tindik telinga alat hidung telinga pusar tindik badan,16.0,13.0,3.0,18.8
Shopee,KOREK KUPING BESI KECIL / ALAT PEMBERSIH TELINGA / KOREK KUPING BESI CHROOM (VC),korek kuping besi,korek kuping besi kecil alat pembersih telinga korek kuping besi chroom vc,kuping besi alat pembersih telinga kuping besi chroom vc,kuping besi alat bersih telinga kuping besi chroom vc,14.0,9.0,5.0,35.7
Shopee,Earpick Cartoon Korek Kuping Telinga Karakter Lampu LED Cute Animal,earpick korek kuping,earpick cartoon korek kuping telinga karakter lampu led cute animal,earpick cartoon kuping telinga karakter lampu led cute animal,earpick cartoon kuping telinga karakter lampu led cute animal,10.0,9.0,1.0,10.0
Shopee,Korek kuping Senter Lampu LED / Earpick Flashlight LED,korek senter,korek kuping senter lampu led earpick flashlight led,kuping senter lampu led earpick flashlight led,kuping senter lampu led earpick flashlight led,9.0,7.0,2.0,22.2
Shopee,GTB R005 READY STOCK KOREK PEMBERSIH KUPING LAMPU LED IMPORT MURAH BATAM TAS COD,gtb korek pembersih kuping,gtb r ready stock korek pembersih kuping lampu led import murah batam tas cod,gtb pembersih kuping lampu led batam tas,gtb bersih kuping lampu led batam tas,14.0,7.0,7.0,50.0
Shopee,korek kuping stainless stell mini / korek kuping besi,korek kuping,korek kuping stainless stell mini korek kuping besi,kuping stainless stell kuping besi,kuping stainless stell kuping besi,9.0,5.0,4.0,44.4
Shopee,TaffSPORT Penutup Telinga Earplug Noise Reduction 3 Layer - VO75,taffsport earplug,taffsport penutup telinga earplug noise reduction layer vo,taffsport penutup telinga earplug noise reduction layer vo,taffsport tutup telinga earplug noise reduction layer vo,10.0,8.0,2.0,20.0
Shopee,Pigeon Cotton Buds membersihkan - Pembersih Telinga Anak Bayi,pigeon cotton buds,pigeon cotton buds membersihkan pembersih telinga anak bayi,pigeon cotton buds membersihkan pembersih telinga,pigeon cotton buds bersih bersih telinga,9.0,6.0,3.0,33.3
Shopee,COTTON BUDS / Cottonbud / Korek Kuping / Ear Pick,cotton buds,cotton buds cottonbud korek kuping ear pick,cotton buds cottonbud kuping ear pick,cotton buds cottonbud kuping ear pick,10.0,6.0,4.0,40.0
Shopee,Korek Kuping Led Earpick Dengan Sinar Terang,korek kuping led,korek kuping led earpick dengan sinar terang,kuping led earpick sinar,kuping led earpick sinar,7.0,4.0,3.0,42.9
Shopee,Korek Kuping Warna-Warni Alat Pembersih Telinga,korek kuping,korek kuping warnawarni alat pembersih telinga,kuping warnawarni alat pembersih telinga,kuping warnawarni alat bersih telinga,6.0,5.0,1.0,16.7
Shopee,Satu Keluarga Alat Pembersih Telinga C571 C572 Set Paket Pembersih Kotoran Telinga Korek Kuping Ear Wax 6 In 1 Bahan Stainless Steel,alat pembersih telinga,satu keluarga alat pembersih telinga c c set paket pembersih kotoran telinga korek kuping ear wax in bahan stainless steel,keluarga alat pembersih telinga pembersih kotoran telinga kuping ear wax in stainless steel,keluarga alat bersih telinga bersih kotor telinga kuping ear wax in stainless steel,22.0,13.0,9.0,40.9
Shopee,Phenol glycerol 10%/ tetes telinga / Pembersih Kotoran Telinga,phenol glycerol,phenol glycerol tetes telinga pembersih kotoran telinga,phenol glycerol tetes telinga pembersih kotoran telinga,phenol glycerol tetes telinga bersih kotor telinga,9.0,7.0,2.0,22.2
Shopee,1 Pack Isi 100 Cotton Bud Dewasa Anak Yukinawa,cotton bud,pack isi cotton bud dewasa anak yukinawa,cotton bud yukinawa,cotton bud yukinawa,9.0,3.0,6.0,66.7
Shopee,Ear Plug Pelindung Sumbat Telinga Earplug Ultrafit KOTAK BENING,ear plug pelindung sumbat telinga,ear plug pelindung sumbat telinga earplug ultrafit kotak bening,ear plug pelindung sumbat telinga earplug ultrafit bening,ear plug lindung sumbat telinga earplug ultrafit bening,9.0,8.0,1.0,11.1
Shopee,Earpick Lamp - Alat Pembersih Telinga Lampu - Korek Kuping Lampu,earpick lamp,earpick lamp alat pembersih telinga lampu korek kuping lampu,earpick lamp alat pembersih telinga lampu kuping lampu,earpick lamp alat bersih telinga lampu kuping lampu,11.0,8.0,3.0,27.3
Shopee,SANTADEX Obat Tetes Telinga 20 ml - Ear Drops,santadex obat tetes telinga,santadex obat tetes telinga ml ear drops,santadex obat tetes telinga ear drops,santadex obat tetes telinga ear drops,9.0,6.0,3.0,33.3
Shopee,(12pcs) Lifa Cutton Bud Dewasa Dan Bayi Lembut 5.5g,lifa cutton bud,pcs lifa cutton bud dewasa dan bayi lembut g,lifa cutton bud,lifa cutton bud,9.0,3.0,6.0,66.7
Shopee,Sakumini Cotton Bud 2in1 Pembersih Telinga 2 Sisi Korek Kuping Bayi,sakumini cotton bud,sakumini cotton bud in pembersih telinga sisi korek kuping bayi,sakumini cotton bud in pembersih telinga sisi kuping,sakumini cotton bud in bersih telinga sisi kuping,11.0,8.0,3.0,27.3
Shopee,5 LUSIN PROMO COTTON BUDS / COTTONBUDS / COTTONBUDS MURAH,cotton buds,lusin promo cotton buds cottonbuds cottonbuds murah,cotton buds cottonbuds cottonbuds,cotton buds cottonbuds cottonbuds,10.0,4.0,6.0,60.0
Shopee,Baby Cotton Bud 200 pcs / Korek Kuping Bayi,baby cotton bud,baby cotton bud pcs korek kuping bayi,baby cotton bud kuping,baby cotton bud kuping,9.0,4.0,5.0,55.6
Shopee,[ PAKET HEMAT Isi 10 PCS ] Earplug Ultrafit Penutup Telinga HARMIT,earplug ultrafit,paket hemat isi pcs earplug ultrafit penutup telinga harmit,earplug ultrafit penutup telinga harmit,earplug ultrafit tutup telinga harmit,12.0,5.0,7.0,58.3
Shopee,Penutup Telinga/ Earplug 3M EAR Ultrafit 340-4002 Corded With Case ORIGINAL,3m ear ultrafit,penutup telinga earplug m ear ultrafit corded with case original,penutup telinga earplug ear ultrafit corded with case,tutup telinga earplug ear ultrafit corded with case,11.0,8.0,3.0,27.3
Shopee,✿ELYSABETHME✿ Ear pick korek earpick kuping lampu LED pembersih telinga dengan lampu,elysabethme ear pick,✿elysabethme✿ ear pick korek earpick kuping lampu led pembersih telinga dengan lampu,✿elysabethme✿ ear pick earpick kuping lampu led pembersih telinga lampu,elysabethme ear pick earpick kuping lampu led bersih telinga lampu,12.0,10.0,2.0,16.7
Shopee,ASLI EAR CANDLE LILIN TERAPI TELINGA 10 PCS (5 PASANG) INDIAN TIPE TEROMPET,asli ear candle,asli ear candle lilin terapi telinga pcs pasang indian tipe terompet,ear candle lilin terapi telinga indian terompet,ear candle lilin terapi telinga indian terompet,13.0,7.0,6.0,46.2
Shopee,Korek Kuping Senter LED Electric / Alat Pembersih Telinga Elektrik / Earpick Flash Light LED,korek kuping senter,korek kuping senter led electric alat pembersih telinga elektrik earpick flash light led,kuping senter led electric alat pembersih telinga elektrik earpick light led,kuping senter led electric alat bersih telinga elektrik earpick light led,15.0,11.0,4.0,26.7
Shopee,Korek kuping lampu hardbox mica / flashlight earpick / korek kuping lampu set,korek kuping lampu,korek kuping lampu hardbox mica flashlight earpick korek kuping lampu set,kuping lampu hardbox mica flashlight earpick kuping lampu,kuping lampu hardbox mica flashlight earpick kuping lampu,13.0,8.0,5.0,38.5
Shopee,KK5 - KOREK KUPING SENTER NYALA EARPICK FLASH LIGHT GROSIR RESELLER DROPSHIP TERMURAH SURABAYA,korek kuping,kk korek kuping senter nyala earpick flash light grosir reseller dropship termurah surabaya,kk kuping senter nyala earpick light surabaya,kk kuping senter nyala earpick light surabaya,14.0,7.0,7.0,50.0
Shopee,Sikat Gigi Nano Pembersih Karang Gigi Sikat Gigi Serat Bulu Halus Sikat Gigi Dengan Tabung,sikat gigi,sikat gigi nano pembersih karang gigi sikat gigi serat bulu halus sikat gigi dengan tabung,sikat gigi nano pembersih karang gigi sikat gigi serat bulu sikat gigi tabung,sikat gigi nano bersih karang gigi sikat gigi serat bulu sikat gigi tabung,15.0,13.0,2.0,13.3
Shopee,UG Sikat Gigi 1 Paket Isi 10 Pcs Lembut,ug sikat gigi,ug sikat gigi paket isi pcs lembut,ug sikat gigi,ug sikat gigi,9.0,3.0,6.0,66.7
Shopee,[Travel Size 20g] METOO MW-3 Advanced Whitening Tooth Paste 20g- pemutih gigi / Bebas Sensitif / Bebas Karang Gigi / Pasta Gigi Probiotik / Karang Gigi / Gusi Sensitif / Membersihkan Noda Gigi,metoo mw-3 tooth paste,travel size g metoo mw advanced whitening tooth paste g pemutih gigi bebas sensitif bebas karang gigi pasta gigi probiotik karang gigi gusi sensitif membersihkan noda gigi,travel metoo mw advanced whitening tooth paste pemutih gigi karang gigi pasta gigi probiotik karang gigi gusi membersihkan noda gigi,travel metoo mw advanced whitening tooth paste mutih gigi karang gigi pasta gigi probiotik karang gigi gusi bersih noda gigi,33.0,20.0,13.0,39.4
Shopee,COD (PGN) Pasta Gigi NASA Anti Bacterial Pencegah gigi berlubang Obat Sakit Gigi Penghilang Bau Mulut,pasta gigi nasa,cod pgn pasta gigi nasa anti bacterial pencegah gigi berlubang obat sakit gigi penghilang bau mulut,pgn pasta gigi nasa anti bacterial pencegah gigi berlubang obat gigi penghilang bau mulut,pgn pasta gigi nasa anti bacterial cegah gigi lubang obat gigi hilang bau mulut,16.0,14.0,2.0,12.5
Shopee,Power O AO dental karet behel o ring / american ortho orthodontic usa braces ecer 1 pcs,power o ao dental karet behel,power o ao dental karet behel o ring american ortho orthodontic usa braces ecer pcs,power ao dental behel ring american ortho orthodontic usa braces,power ao dental behel ring american ortho orthodontic usa braces,17.0,10.0,7.0,41.2
Shopee,MTZ Sikat Gigi Ciptadent Formula CPSK Halal Murah,mtz sikat gigi ciptadent,mtz sikat gigi ciptadent formula cpsk halal murah,mtz sikat gigi ciptadent formula cpsk,mtz sikat gigi ciptadent formula cpsk,8.0,6.0,2.0,25.0
Shopee,"GROSIR ISI 1000 BUTIR Penambal gigi berlubang,gigi ompong,gigi patah,gigi bolong permanen kuat asli",penambal gigi,grosir isi butir penambal gigi berlubanggigi omponggigi patahgigi bolong permanen kuat asli,penambal gigi berlubanggigi omponggigi patahgigi,tambal gigi berlubanggigi omponggigi patahgigi,13.0,5.0,8.0,61.5
Shopee,Pepsodent Pasta Gigi Complete 8 Herbal 100gr,pepsodent pasta gigi,pepsodent pasta gigi complete herbal gr,pepsodent pasta gigi complete herbal,pepsodent pasta gigi complete herbal,7.0,5.0,2.0,28.6
Shopee,Pepsodent Pasta Gigi SensitivExpert Whitening 100g,pepsodent pasta gigi,pepsodent pasta gigi sensitivexpert whitening g,pepsodent pasta gigi sensitivexpert whitening,pepsodent pasta gigi sensitivexpert whitening,6.0,5.0,1.0,16.7
Shopee,Pepsodent Complete 8 Plus Whitening 75g,pepsodent complete 8 plus,pepsodent complete plus whitening g,pepsodent complete whitening,pepsodent complete whitening,6.0,3.0,3.0,50.0
Shopee,Pepsodent Kids Pasta Gigi Strawberry Twinpack,pepsodent kids pasta gigi,pepsodent kids pasta gigi strawberry twinpack,pepsodent kids pasta gigi strawberry twinpack,pepsodent kids pasta gigi strawberry twinpack,6.0,6.0,0.0,0.0
Shopee,ENZIM PASTA GIGI ANAK 42GR - 63GR | TnT Beauty Shop,enzim pasta gigi anak,enzim pasta gigi anak gr gr tnt beauty shop,enzim pasta gigi tnt beauty,enzim pasta gigi tnt beauty,11.0,5.0,6.0,54.5
Shopee,Ciptadent Pasta Gigi Series | Ciptadent Toothpaste Series | TnT Beauty Shop,ciptadent pasta gigi,ciptadent pasta gigi series ciptadent toothpaste series tnt beauty shop,ciptadent pasta gigi series ciptadent toothpaste series tnt beauty,ciptadent pasta gigi series ciptadent toothpaste series tnt beauty,12.0,9.0,3.0,25.0
Shopee,Siwak Miswak Sunnah plus holder|Siwak Miswak,siwak miswak sunnah,siwak miswak sunnah plus holdersiwak miswak,siwak miswak sunnah holdersiwak miswak,siwak miswak sunnah holdersiwak miswak,6.0,5.0,1.0,16.7
Shopee,[MURAH BGT] METOO PASTA GIGI MW3- BPOM-Probiotics-pemutih gigi / Bebas Sensitif / Bebas Karang Gigi / Pasta Gigi Probiotik / Karang Gigi / Gusi Sensitif / Membersihkan Noda Gigi- METOO MW-3 Advanced Whitening Tooth Paste 100 gr,metoo pasta gigi,murah bgt metoo pasta gigi mw bpomprobioticspemutih gigi bebas sensitif bebas karang gigi pasta gigi probiotik karang gigi gusi sensitif membersihkan noda gigi metoo mw advanced whitening tooth paste gr,bgt metoo pasta gigi mw bpomprobioticspemutih gigi karang gigi pasta gigi probiotik karang gigi gusi membersihkan noda gigi metoo mw advanced whitening tooth paste,bgt metoo pasta gigi mw bpomprobioticspemutih gigi karang gigi pasta gigi probiotik karang gigi gusi bersih noda gigi metoo mw advanced whitening tooth paste,37.0,24.0,13.0,35.1
Shopee,BRACKET AMPLOP,bracket amplop,bracket amplop,bracket amplop,bracket amplop,2.0,2.0,0.0,0.0
Shopee,Colgate Optic White Purple - Pasta Gigi Pemutih,colgate optic white pasta gigi,colgate optic white purple pasta gigi pemutih,colgate optic white purple pasta gigi pemutih,colgate optic white purple pasta gigi mutih,8.0,7.0,1.0,12.5
Shopee,1 SET ISI 3 PLASTIK STERIL - ALAT PEMBERSIH KARANG GIGI PLAK AMPUH - Dental Instrument Hook Pinset Kaca Mulut Cermin Gigi Sonde Set Kit Mini Disposable - Ampuh Rontokin Perontok Penghilang Kikir Scaling Scaler Dental Tartar Gigi - BEHELLDENTAL,beheldental alat pembersih karang gigi,set isi plastik steril alat pembersih karang gigi plak ampuh dental instrument hook pinset kaca mulut cermin gigi sonde set kit mini disposable ampuh rontokin perontok penghilang kikir scaling scaler dental tartar gigi behelldental,plastik alat pembersih karang gigi plak ampuh dental instrument hook pinset kaca mulut cermin gigi sonde kit disposable ampuh rontokin perontok penghilang scaling scaler dental tartar gigi behelldental,plastik alat bersih karang gigi plak ampuh dental instrument hook pinset kaca mulut cermin gigi sonde kit disposable ampuh rontokin rontok hilang scaling scaler dental tartar gigi behelldental,40.0,28.0,12.0,30.0
Shopee,Siwak/Miswak Al Khair Reguler ORIGINAL Made In Pakistan,siwak al khair,siwakmiswak al khair reguler original made in pakistan,siwakmiswak al made in pakistan,siwakmiswak al made in pakistan,8.0,5.0,3.0,37.5
Shopee,Tambal Gigi Ompong Sementara – Solusi Gigi Bolong Instant – Isi 300 & 500 Butir,tambal gigi ompong,tambal gigi ompong sementara – solusi gigi bolong instant – isi butir,tambal gigi solusi gigi instant,tambal gigi solusi gigi instant,15.0,5.0,10.0,66.7
Shopee,Siwak Al Khair Kecil+ Holder Miswak Asli Organik Kayu Zaitun- Penghilang Bau Mulut & Pemutih Gigi,siwak al khair kayu zaitun,siwak al khair kecil holder miswak asli organik kayu zaitun penghilang bau mulut pemutih gigi,siwak al holder miswak kayu zaitun penghilang bau mulut pemutih gigi,siwak al holder miswak kayu zaitun hilang bau mulut mutih gigi,16.0,11.0,5.0,31.2
Shopee,Dental power chain short meteran per meter 30cm 15 feet karet sambung rantai ortho behel penarik tarik merapatkan gigi ALICE DENTAL ALICEDENTAL,dental power chain,dental power chain short meteran per meter cm feet karet sambung rantai ortho behel penarik tarik merapatkan gigi alice dental alicedental,dental power chain short meteran feet sambung rantai ortho behel penarik tarik merapatkan gigi alice dental alicedental,dental power chain short meter feet sambung rantai ortho behel tarik tarik rapat gigi alice dental alicedental,22.0,17.0,5.0,22.7
Shopee,Temptooth Penambal Gigi 1000 Butir - Temptooth Gigi Palsu Buatan - Temptooth Temporary Tooth Repair,temptooth gigi palsu,temptooth penambal gigi butir temptooth gigi palsu buatan temptooth temporary tooth repair,temptooth penambal gigi temptooth gigi buatan temptooth temporary tooth repair,temptooth tambal gigi temptooth gigi buat temptooth temporary tooth repair,15.0,10.0,5.0,33.3
Shopee,PEACH - Sikat Gigi Dewasa 10 in 1 / Sikat Gigi Bulu Lembut / Sikat Gigi Bulu Halus Murah Produk Impor H5463,peach sikat gigi,peach sikat gigi dewasa in sikat gigi bulu lembut sikat gigi bulu halus murah produk impor h,peach sikat gigi in sikat gigi bulu sikat gigi bulu produk impor,peach sikat gigi in sikat gigi bulu sikat gigi bulu produk impor,22.0,12.0,10.0,45.5
Shopee,Power O Karet behel elastis ortho satuan,power o karet,power o karet behel elastis ortho satuan,power behel ortho satuan,power behel ortho satu,7.0,4.0,3.0,42.9
Shopee,Niti round Archwire Elastis Ortho kawat behel 1 set isi 10 pcs,niti round archwire elastis,niti round archwire elastis ortho kawat behel set isi pcs,niti round archwire ortho kawat behel,niti round archwire ortho kawat behel,12.0,6.0,6.0,50.0
Shopee,Pepsodent Pasta Gigi Pencegah Gigi Berlubang Fresh Cool Mint 190 gr,pepsodent pasta gigi,pepsodent pasta gigi pencegah gigi berlubang fresh cool mint gr,pepsodent pasta gigi pencegah gigi berlubang fresh cool mint,pepsodent pasta gigi cegah gigi lubang fresh cool mint,11.0,9.0,2.0,18.2
Shopee,Bracket amplop,amplop,bracket amplop,bracket amplop,bracket amplop,2.0,2.0,0.0,0.0
Shopee,Whitening Toothpaste Pasta Gigi Probiotik SP-4 Gigi putih Pasta gigi whitening - Pasta Gigi SP4,whitening toothpaste pasta gigi probiotik,whitening toothpaste pasta gigi probiotik sp gigi putih pasta gigi whitening pasta gigi sp,whitening toothpaste pasta gigi probiotik sp gigi pasta gigi whitening pasta gigi sp,whitening toothpaste pasta gigi probiotik sp gigi pasta gigi whitening pasta gigi sp,15.0,13.0,2.0,13.3
Shopee,MATCHA PASTA GIGI NASA - ODOL NASA,matcha pasta gigi nasa,matcha pasta gigi nasa odol nasa,matcha pasta gigi nasa odol nasa,matcha pasta gigi nasa odol nasa,7.0,6.0,1.0,14.3
Shopee,Paket Sabun Hotel-Pasta Gigi-2 Sikat Gigi Lengkap,sabun pasta gigi,paket sabun hotelpasta gigi sikat gigi lengkap,hotelpasta gigi sikat gigi,hotelpasta gigi sikat gigi,7.0,4.0,3.0,42.9
Shopee,Listerine Multi Protect Zero 250ml,listerine multi protect,listerine multi protect zero ml,listerine multi protect zero,listerine multi protect zero,5.0,4.0,1.0,20.0
Shopee,Karet power O biasa ECER isi 10 biji,karet power o,karet power o biasa ecer isi biji,power,power,8.0,1.0,7.0,87.5
Shopee,Ciptadent 75gr Paket Hemat isi 6pcs Termurah,ciptadent,ciptadent gr paket hemat isi pcs termurah,ciptadent,ciptadent,7.0,1.0,6.0,85.7
Shopee,Dental Silk Braided Benang Suturing Jarum + Benang Steril,dental silk braided benang suturing jarum,dental silk braided benang suturing jarum benang steril,dental silk braided benang suturing jarum benang,dental silk braided benang suturing jarum benang,9.0,7.0,2.0,22.2
Shopee,Ciptadent Pasta Gigi Maxi 12 Fresh Mint Tube 120 gr,ciptadent pasta gigi,ciptadent pasta gigi maxi fresh mint tube gr,ciptadent pasta gigi maxi fresh mint tube,ciptadent pasta gigi maxi fresh mint tube,10.0,7.0,3.0,30.0
Shopee,A14 Sikat gigi Formula,sikat gigi formula,a sikat gigi formula,sikat gigi formula,sikat gigi formula,4.0,3.0,1.0,25.0
Shopee,Pepsodent Sikat Gigi Lipat Travel,pepsodent sikat gigi,pepsodent sikat gigi lipat travel,pepsodent sikat gigi lipat travel,pepsodent sikat gigi lipat travel,5.0,5.0,0.0,0.0
Shopee,Ciptadent Sikat Gigi Crystal Clean Soft Kotak Isi 3 Pcs,ciplat sikat gigi crystal clean,ciptadent sikat gigi crystal clean soft kotak isi pcs,ciptadent sikat gigi crystal clean soft,ciptadent sikat gigi crystal clean soft,10.0,6.0,4.0,40.0
Shopee,ORI SIKAT GIGI NANO TECH - Tooth Brush Jepang sensitif bulu lembut Extra soft bisa untuk sikat behel ortho brush,ori sikat gigi nano tech,ori sikat gigi nano tech tooth brush jepang sensitif bulu lembut extra soft bisa untuk sikat behel ortho brush,sikat gigi nano tech tooth brush jepang bulu extra soft sikat behel ortho brush,sikat gigi nano tech tooth brush jepang bulu extra soft sikat behel ortho brush,20.0,14.0,6.0,30.0
Shopee,Ciptadent Pasta Gigi Maxi 12 Cool Mint Tube 120 gr,ciptadent pasta gigi,ciptadent pasta gigi maxi cool mint tube gr,ciptadent pasta gigi maxi cool mint tube,ciptadent pasta gigi maxi cool mint tube,10.0,7.0,3.0,30.0
Shopee,Systema Sikat Gigi Active Clean Soft Pack Isi 2 Pcs,sikat gigi active clean soft,systema sikat gigi active clean soft pack isi pcs,systema sikat gigi active clean soft,systema sikat gigi active clean soft,10.0,6.0,4.0,40.0
Shopee,Pepsodent PASTA GIGI Pencegah Gigi Berlubang Anti-cavity Toothpaste dengan Double Kalsium 190G,pepsodent pasta gigi,pepsodent pasta gigi pencegah gigi berlubang anticavity toothpaste dengan double kalsium g,pepsodent pasta gigi pencegah gigi berlubang anticavity toothpaste double kalsium,pepsodent pasta gigi cegah gigi lubang anticavity toothpaste double kalsium,12.0,10.0,2.0,16.7
Shopee,DENTAL KARET BEHEL POWER AO ORIGINAL AMERICAN ORTHO,dental karet behel,dental karet behel power ao original american ortho,dental behel power ao american ortho,dental behel power ao american ortho,8.0,6.0,2.0,25.0
Shopee,Sensodyne Pasta Gigi 80 gr/100gr,sensodyne pasta gigi,sensodyne pasta gigi grgr,sensodyne pasta gigi grgr,sensodyne pasta gigi grgr,5.0,4.0,1.0,20.0
Shopee,[TRIPLEPACK] Colgate Optic White Purple 100g - Pasta Gigi Pemutih (3pcs),colgate optic white,triplepack colgate optic white purple g pasta gigi pemutih pcs,triplepack colgate optic white purple pasta gigi pemutih,triplepack colgate optic white purple pasta gigi mutih,11.0,8.0,3.0,27.3
Shopee,Ciptadent Sikat Gigi Classic Regular Soft Pack Isi 3 Pcs,ciptadent sikat gigi,ciptadent sikat gigi classic regular soft pack isi pcs,ciptadent sikat gigi classic soft,ciptadent sikat gigi classic soft,10.0,5.0,5.0,50.0
Shopee,Formula Extreme Clean sikat gigi 1 pack isi 4,formula extreme clean sikat gigi,formula extreme clean sikat gigi pack isi,formula extreme clean sikat gigi,formula extreme clean sikat gigi,9.0,5.0,4.0,44.4
Shopee,Careion Dental Floss - Benang Pembersih Gigi Isi 50 Pcs,careion dental floss,careion dental floss benang pembersih gigi isi pcs,careion dental floss benang pembersih gigi,careion dental floss benang bersih gigi,10.0,6.0,4.0,40.0
Shopee,Siwak Al Fazal / Ussunnah / Al Rak,siwak al fazal usunnah al rak,siwak al fazal ussunnah al rak,siwak al fazal ussunnah al rak,siwak al fazal ussunnah al rak,8.0,6.0,2.0,25.0
Shopee,Ciptadent Pasta Gigi Maxi 12 Fresh Mint Tube 120 gr x2,ciptadent pasta gigi,ciptadent pasta gigi maxi fresh mint tube gr x,ciptadent pasta gigi maxi fresh mint tube,ciptadent pasta gigi maxi fresh mint tube,11.0,7.0,4.0,36.4
Shopee,Sensodyne Toothpaste Pasta Gigi Cegah Gigi Berlubang & Sensitif 60gr,sensodyne toothpaste pasta gigi,sensodyne toothpaste pasta gigi cegah gigi berlubang sensitif gr,sensodyne toothpaste pasta gigi cegah gigi berlubang,sensodyne toothpaste pasta gigi cegah gigi lubang,10.0,7.0,3.0,30.0
Shopee,Dental Sendok Cetak Gigi / Tray Impression,dental sendok cetak gigi,dental sendok cetak gigi tray impression,dental sendok cetak gigi tray impression,dental sendok cetak gigi tray impression,7.0,6.0,1.0,14.3
Shopee,SENSODYNE SENSITIVITY PROTECTION ALL VARIAN 100GR,sensodyne sensitivity protection,sensodyne sensitivity protection all varian gr,sensodyne sensitivity protection varian,sensodyne sensitivity protection varian,6.0,4.0,2.0,33.3
Shopee,1Set Isi 10Pcs Kawat Behel Niti Archwire Elastis Ortho,kawat behel,set isi pcs kawat behel niti archwire elastis ortho,kawat behel niti archwire ortho,kawat behel niti archwire ortho,9.0,5.0,4.0,44.4
Shopee,Zact Tube 190 gr,zact tube,zact tube gr,zact tube,zact tube,4.0,2.0,2.0,50.0
Shopee,SIKAT GIGI NANO FIBER MICRO / SIKAT GIGI BULU LEMBUT / SIKAT GIGI KHUSUS BEHEL / TOOTHBRUSH,sikat gigi,sikat gigi nano fiber micro sikat gigi bulu lembut sikat gigi khusus behel toothbrush,sikat gigi nano fiber micro sikat gigi bulu sikat gigi behel toothbrush,sikat gigi nano fiber micro sikat gigi bulu sikat gigi behel toothbrush,17.0,12.0,5.0,29.4
Shopee,ORIGINAL & PREMIUM Karet Behel Power O Motif Bulat Ring Untuk Bracket Permanen / Lepas Pasang PERPICS / Ligature Ties Behelldental Super Tebal Kuat Awet Aman dan Steril,karet behel power,original premium karet behel power o motif bulat ring untuk bracket permanen lepas pasang perpics ligature ties behelldental super tebal kuat awet aman dan steril,behel power ring bracket perpics ligature ties behelldental,behel power ring bracket perpics ligature ties behelldental,28.0,8.0,20.0,71.4
Shopee,Colgate Toothpaste Optic White Plus Shine 100g,colgate optic white,colgate toothpaste optic white plus shine g,colgate toothpaste optic white shine,colgate toothpaste optic white shine,7.0,5.0,2.0,28.6
Shopee,Sikat Gigi Bambu Bamboo Toothbrush Kayu Ramah Lingkungan Eco Friendly,sikat gigi bambu,sikat gigi bambu bamboo toothbrush kayu ramah lingkungan eco friendly,sikat gigi bambu bamboo toothbrush kayu lingkungan friendly,sikat gigi bambu bamboo toothbrush kayu lingkung friendly,10.0,8.0,2.0,20.0
Shopee,Systema Pasta Gigi Menthol Breeze Tube 190 gr,pasta gigi menthol breeze,systema pasta gigi menthol breeze tube gr,systema pasta gigi menthol breeze tube,systema pasta gigi menthol breeze tube,8.0,6.0,2.0,25.0
Shopee,Power O AO per Pcs/ Karet Ortho Behel / Karet Ortho,karet ortho,power o ao per pcs karet ortho behel karet ortho,power ao ortho behel ortho,power ao ortho behel ortho,11.0,5.0,6.0,54.5
Shopee,Pepsodent Pasta Gigi Sweet Strawberry 45 gr x2,pepsodent pasta gigi,pepsodent pasta gigi sweet strawberry gr x,pepsodent pasta gigi sweet strawberry,pepsodent pasta gigi sweet strawberry,8.0,5.0,3.0,37.5
Shopee,Karet Behel Power O Lokal Ortodontik Isi 1 Stik,karet behel power,karet behel power o lokal ortodontik isi stik,behel power ortodontik stik,behel power ortodontik stik,9.0,4.0,5.0,55.6
Shopee,Kotak Retainer Dental / Tempat Gigi Palsu Denture Box,kotak retainer dental,kotak retainer dental tempat gigi palsu denture box,retainer dental gigi denture,retainer dental gigi denture,9.0,4.0,5.0,55.6
Shopee,Ciptadent Pasta Gigi Maxi 12 Cool Mint Tube Plus Jumbo 225 gr x3,ciptadent pasta gigi,ciptadent pasta gigi maxi cool mint tube plus jumbo gr x,ciptadent pasta gigi maxi cool mint tube,ciptadent pasta gigi maxi cool mint tube,13.0,7.0,6.0,46.2
Shopee,[BPOM] METOO PASTA GIGI MW3- BPOM- 100g*1/2/3 - pemutih gigi / Bebas Sensitif / Bebas Karang Gigi / Pasta Gigi Probiotik / Membersihkan Noda Gigi / Karang Gigi / Gusi Sensitif,metoo pasta gigi,bpom metoo pasta gigi mw bpom g pemutih gigi bebas sensitif bebas karang gigi pasta gigi probiotik membersihkan noda gigi karang gigi gusi sensitif,bpom metoo pasta gigi mw bpom pemutih gigi karang gigi pasta gigi probiotik membersihkan noda gigi karang gigi gusi,bpom metoo pasta gigi mw bpom mutih gigi karang gigi pasta gigi probiotik bersih noda gigi karang gigi gusi,31.0,19.0,12.0,38.7
Shopee,PASTA GIGI PEMUTIH CIPTADENT 30 GR DAN PEPSODENT 25 GR,ciptadent pepsodent,pasta gigi pemutih ciptadent gr dan pepsodent gr,pasta gigi pemutih ciptadent pepsodent,pasta gigi mutih ciptadent pepsodent,10.0,5.0,5.0,50.0
Shopee,Med+ Dental Floss / Tusuk Gigi 1 Pack 50 Pcs / Benang Gigi 2 in 1 / Pembersih Sela Gigi / Toothpick,dental floss,med dental floss tusuk gigi pack pcs benang gigi in pembersih sela gigi toothpick,med dental floss tusuk gigi benang gigi in pembersih gigi toothpick,med dental floss tusuk gigi benang gigi in bersih gigi toothpick,22.0,11.0,11.0,50.0
Shopee,HAYYLIFE Ultra Soft Sikat Gigi Serat Bulu Halus Dengan Cover Tabung Pelindung HL-BAA501,haylorife sikat gigi,hayylife ultra soft sikat gigi serat bulu halus dengan cover tabung pelindung hlbaa,hayylife soft sikat gigi serat bulu cover tabung pelindung hlbaa,hayylife soft sikat gigi serat bulu cover tabung lindung hlbaa,13.0,10.0,3.0,23.1
Shopee,Pasta Gigi Nasa - Odol Herbal Nasa - PGN Nasa - Merontokkan Karang Gigi - Stokis NASA,nasa odol pasta gigi,pasta gigi nasa odol herbal nasa pgn nasa merontokkan karang gigi stokis nasa,pasta gigi nasa odol herbal nasa pgn nasa merontokkan karang gigi stokis nasa,pasta gigi nasa odol herbal nasa pgn nasa rontok karang gigi stok nasa,17.0,13.0,4.0,23.5
Shopee,Karet Behel Power O Creative Per Biji,karet behel power,karet behel power o creative per biji,behel power creative,behel power creative,7.0,3.0,4.0,57.1
Shopee,1 set isi 3 pcs alat pemeriksaan standar gigi kaca mulut pinset sonde 3in1,alat pemeriksaan gigi,set isi pcs alat pemeriksaan standar gigi kaca mulut pinset sonde in,alat pemeriksaan gigi kaca mulut pinset sonde in,alat periksa gigi kaca mulut pinset sonde in,14.0,8.0,6.0,42.9
Shopee,Wire Kawat Niti Wire Lentur Behel Perawatan Gigi Ortho Behel Murah 012 014 016 018 020,wire kawat niti wire,wire kawat niti wire lentur behel perawatan gigi ortho behel murah,wire kawat niti wire behel perawatan gigi ortho behel,wire kawat niti wire behel awat gigi ortho behel,16.0,9.0,7.0,43.8
Shopee,Gigi Palsu Temptooth isi 1.000 butir / Lem Tambal Gigi patah dan Berlubang,temptooth gigi palsu,gigi palsu temptooth isi butir lem tambal gigi patah dan berlubang,gigi temptooth lem tambal gigi patah berlubang,gigi temptooth lem tambal gigi patah lubang,13.0,7.0,6.0,46.2
Shopee,Colgate Toothpaste Optic White Purple 100g,colgate optic white,colgate toothpaste optic white purple g,colgate toothpaste optic white purple,colgate toothpaste optic white purple,6.0,5.0,1.0,16.7
Shopee,(PGN) Pasta Gigi Nasa - Pasta Gigi Membantu Menghilangkan Karang Gigi - Rumah Cantikkk,pasta gigi nasa,pgn pasta gigi nasa pasta gigi membantu menghilangkan karang gigi rumah cantikkk,pgn pasta gigi nasa pasta gigi membantu menghilangkan karang gigi rumah cantikkk,pgn pasta gigi nasa pasta gigi bantu hilang karang gigi rumah cantikkk,14.0,12.0,2.0,14.3
Shopee,BUCCAL TUBE FDA HIGH QUALITY PENGUNCI BEHEL BRACKET KAWAT GIGI GERAHAM M1 M2 ROTH BUCAL - DENTAL ORTHO ORIGINAL - First Molar Second Molar Band Bands,buccal tube pengunci behel kawat gigi geraham,buccal tube fda high quality pengunci behel bracket kawat gigi geraham m m roth bucal dental ortho original first molar second molar band bands,buccal tube fda high quality pengunci behel bracket kawat gigi geraham roth bucal dental ortho first second band bands,buccal tube fda high quality kunci behel bracket kawat gigi geraham roth bucal dental ortho first second band bands,26.0,19.0,7.0,26.9
Shopee,Pepsodent Pasta Gigi Pencegah Gigi Berlubang 225G Value Pack x12,pepsodent pasta gigi,pepsodent pasta gigi pencegah gigi berlubang g value pack x,pepsodent pasta gigi pencegah gigi berlubang value,pepsodent pasta gigi cegah gigi lubang value,10.0,7.0,3.0,30.0
Shopee,BETADINE MOUTHWASH & GARGLE Obat Kumur Antiseptik 100ml,betadine mouthwash,betadine mouthwash gargle obat kumur antiseptik ml,betadine mouthwash gargle obat kumur antiseptik,betadine mouthwash gargle obat kumur antiseptik,8.0,6.0,2.0,25.0
Shopee,Enzim Pasta Gigi Anak-Anak Strawberry Flavour 42 gr,enzim pasta gigi anak-anak,enzim pasta gigi anakanak strawberry flavour gr,enzim pasta gigi anakanak strawberry flavour,enzim pasta gigi anakanak strawberry flavour,8.0,6.0,2.0,25.0
Shopee,Siwak Basah Al KHAIR PREMIUM JUMBO HOLDER Premium Asli Arab Sunnah Gigi Menjaga Kesehatan Mulut,siwak basah al khair,siwak basah al khair premium jumbo holder premium asli arab sunnah gigi menjaga kesehatan mulut,siwak al holder arab sunnah gigi menjaga kesehatan mulut,siwak al holder arab sunnah gigi jaga sehat mulut,15.0,9.0,6.0,40.0
Shopee,TER MURAH !! 600 BUTIR TEMPTOOTH GIGI PALSU SEMENTARA PENAMBAL GIGI PATAH RENGGANG / TEMTOOTH / BAHAN TAMBAL GIGI BOLONG BERLUBANG / TEMPORARY TOOTH INSTAN PRAKTIS / TEMPTOOTH GINGSUL PATAH LEM ORIGINAL ISI 600 / 500 / 400 / 300 / 200 / 100 BUTIR,temptooth,ter murah butir temptooth gigi palsu sementara penambal gigi patah renggang temtooth bahan tambal gigi bolong berlubang temporary tooth instan praktis temptooth gingsul patah lem original isi butir,ter temptooth gigi penambal gigi patah renggang temtooth tambal gigi berlubang temporary tooth temptooth patah lem,ter temptooth gigi tambal gigi patah renggang temtooth tambal gigi lubang temporary tooth temptooth patah lem,45.0,16.0,29.0,64.4
Shopee,Paket Hemat 3 pcs Ciptadent 75 gram,ciptadent,paket hemat pcs ciptadent gram,ciptadent,ciptadent,7.0,1.0,6.0,85.7
Shopee,Pepsodent Pasta Gigi Siwak & Mint 150+25 g,pepsodent pasta gigi,pepsodent pasta gigi siwak mint g,pepsodent pasta gigi siwak mint,pepsodent pasta gigi siwak mint,8.0,5.0,3.0,37.5
Shopee,PEMBUKA MULUT/WARNA BIRU,pembuka mulut,pembuka mulutwarna biru,pembuka mulutwarna,buka mulutwarna,3.0,2.0,1.0,33.3
Shopee,Power O Karet Behel,power o karet,power o karet behel,power behel,power behel,4.0,2.0,2.0,50.0
Shopee,SIWAK Premium AL FAZAL Berkualitas Bagus Basah Untuk Kesehatan Gigi Mulut Sunnah Nabi bersiwak,siwak premium,siwak premium al fazal berkualitas bagus basah untuk kesehatan gigi mulut sunnah nabi bersiwak,siwak al fazal bagus kesehatan gigi mulut sunnah nabi bersiwak,siwak al fazal bagus sehat gigi mulut sunnah nabi bersiwak,14.0,10.0,4.0,28.6
Shopee,Interdental Brush / Sikat Gigi Behel / Sikat Sela Kawat Gigi,interdental brush,interdental brush sikat gigi behel sikat sela kawat gigi,interdental brush sikat gigi behel sikat kawat gigi,interdental brush sikat gigi behel sikat kawat gigi,11.0,8.0,3.0,27.3
Shopee,"[CLEARANCE SALE] Go Smile Bad Breath Go Away Mouthspray Peach - Mouth Spray Mulut Fresh untuk Menghilangkan Bau Mulut Penyegar Mulut Parfum Mulut | Mulut Segar Instan | Probiotik, Rasa Peach, Bebas Gula [BPOM}",go smile mouth spray,clearance sale go smile bad breath go away mouthspray peach mouth spray mulut fresh untuk menghilangkan bau mulut penyegar mulut parfum mulut mulut segar instan probiotik rasa peach bebas gula bpom,go smile bad breath go away mouthspray peach mouth spray mulut fresh menghilangkan bau mulut penyegar mulut parfum mulut mulut probiotik peach gula bpom,go smile bad breath go away mouthspray peach mouth spray mulut fresh hilang bau mulut segar mulut parfum mulut mulut probiotik peach gula bpom,34.0,24.0,10.0,29.4
Shopee,Sikat gigi ortho behel dengan tutup BONUS INTERDENTAL BRUSH orthodontic tooth brush dr smith dr smile tengah cekung v trim,ortho behel tooth brush,sikat gigi ortho behel dengan tutup bonus interdental brush orthodontic tooth brush dr smith dr smile tengah cekung v trim,sikat gigi ortho behel tutup bonus interdental brush orthodontic tooth brush dr smith dr smile trim,sikat gigi ortho behel tutup bonus interdental brush orthodontic tooth brush dr smith dr smile trim,20.0,16.0,4.0,20.0
Shopee,Pepsodent Pasta Gigi Complete 8 Charcoal Whitening 160G,pepsodent pasta gigi,pepsodent pasta gigi complete charcoal whitening g,pepsodent pasta gigi complete charcoal whitening,pepsodent pasta gigi complete charcoal whitening,8.0,6.0,2.0,25.0
Shopee,Colgate Super Flexi Charcoal Soft Toothbrush - Sikat Gigi (3pcs),colgate super flexi charcoal soft toothbrush,colgate super flexi charcoal soft toothbrush sikat gigi pcs,colgate flexi charcoal soft toothbrush sikat gigi,colgate flexi charcoal soft toothbrush sikat gigi,10.0,7.0,3.0,30.0
Shopee,HIGH QUALITY AMERICAN ORTHODONTICS SUPER TEBAL POWER O Ori Behelldental - Karet Pehel Motif ORTHO USA Premium Ligature Ties - Motif Ring Bulat Orthodontic Rubber Braces - Bracket Kawat Gigi Orthodontics ORIGINAL - ISI 1Pcs,ortho usa premium ligature ties,high quality american orthodontics super tebal power o ori behelldental karet pehel motif ortho usa premium ligature ties motif ring bulat orthodontic rubber braces bracket kawat gigi orthodontics original isi pcs,high quality american orthodontics power behelldental pehel ortho usa ligature ties ring orthodontic rubber braces bracket kawat gigi orthodontics,high quality american orthodontics power behelldental pehel ortho usa ligature ties ring orthodontic rubber braces bracket kawat gigi orthodontics,35.0,19.0,16.0,45.7
Shopee,pasta gigi pepsodent/formula/delident/ciptadent 25-30g (10pcs),pepsodent,pasta gigi pepsodentformuladelidentciptadent g pcs,pasta gigi pepsodentformuladelidentciptadent,pasta gigi pepsodentformuladelidentciptadent,5.0,3.0,2.0,40.0
Shopee,"(SKR) Sikat Gigi Behel , Sikat Sela Kawat Gigi",skat gigi,skr sikat gigi behel sikat sela kawat gigi,skr sikat gigi behel sikat kawat gigi,skr sikat gigi behel sikat kawat gigi,9.0,7.0,2.0,22.2
Shopee,Dental Kit Hotel Super Jet Opp ( Isi 10 Pcs ),dental kit hotel,dental kit hotel super jet opp isi pcs,dental kit hotel jet opp,dental kit hotel jet opp,11.0,5.0,6.0,54.5
Shopee,[BPOM]METOO MW-3 2*100g - pemutih gigi / Bebas Sensitif / Bebas Karang Gigi / Pasta Gigi Probiotik / Karang Gigi / Gusi Sensitif / Membersihkan Noda Gigi,metoo mw-3 pasta gigi,bpommetoo mw g pemutih gigi bebas sensitif bebas karang gigi pasta gigi probiotik karang gigi gusi sensitif membersihkan noda gigi,bpommetoo mw pemutih gigi karang gigi pasta gigi probiotik karang gigi gusi membersihkan noda gigi,bpommetoo mw mutih gigi karang gigi pasta gigi probiotik karang gigi gusi bersih noda gigi,27.0,15.0,12.0,44.4
Shopee,Dental bur prophy brush polishing brush flat nylon profilaksis prophylaxis after scaling scalling skeling poles gigi nilon kecil ALICE DENTAL ALICEDENTAL,dental bur prophy brush polishing brush,dental bur prophy brush polishing brush flat nylon profilaksis prophylaxis after scaling scalling skeling poles gigi nilon kecil alice dental alicedental,dental bur prophy brush polishing brush flat nylon profilaksis prophylaxis after scaling scalling skeling poles gigi nilon alice dental alicedental,dental bur prophy brush polishing brush flat nylon profilaksis prophylaxis after scaling scalling skeling poles gigi nilon alice dental alicedental,21.0,20.0,1.0,4.8
Shopee,Ciptadent Pasta Gigi Maxi 12 Cool Mint Tube 190 gr x2,ciptadent pasta gigi,ciptadent pasta gigi maxi cool mint tube gr x,ciptadent pasta gigi maxi cool mint tube,ciptadent pasta gigi maxi cool mint tube,11.0,7.0,4.0,36.4
Shopee,Penambal Gigi 250 Butir - Temptooth Gigi Palsu 250 Butir - Temporary Tooth Repair Kit Denture Teeth,temptooth gigi palsu,penambal gigi butir temptooth gigi palsu butir temporary tooth repair kit denture teeth,penambal gigi temptooth gigi temporary tooth repair kit denture teeth,tambal gigi temptooth gigi temporary tooth repair kit denture teeth,17.0,10.0,7.0,41.2
Shopee,500 Butir Temptooth Penutup Gigi Berlubang Penambal Gigi Palsu - Penambal Gigi Ompong Berlubang,temptooth penutup gigi,butir temptooth penutup gigi berlubang penambal gigi palsu penambal gigi ompong berlubang,temptooth penutup gigi berlubang penambal gigi penambal gigi berlubang,temptooth tutup gigi lubang tambal gigi tambal gigi lubang,14.0,9.0,5.0,35.7
Shopee,PENAMBAL GIGI BERLUBANG 50 BUTIR / TEMPTOOTH / GIGI PALSU / LEM GIGI PADAT / LEM GIGI BERLUBANG,penambal gigi,penambal gigi berlubang butir temptooth gigi palsu lem gigi padat lem gigi berlubang,penambal gigi berlubang temptooth gigi lem gigi lem gigi berlubang,tambal gigi lubang temptooth gigi lem gigi lem gigi lubang,18.0,10.0,8.0,44.4
Shopee,Sikat Gigi Behel BONUS INTERDENTAL BRUSH Ortho V PREMIUM Dengan Tutup LURUS bisa di BENGKOK in - BRUSH Orthodontic Tooth Brush Dr Smith Dr Smile Tengah Cekung V Trim - Sikat Sela Celah Tusuk Penghilang Plak Gigi - Toothbrush Ortho Behelldental,sikat gigi behel,sikat gigi behel bonus interdental brush ortho v premium dengan tutup lurus bisa di bengkok in brush orthodontic tooth brush dr smith dr smile tengah cekung v trim sikat sela celah tusuk penghilang plak gigi toothbrush ortho behelldental,sikat gigi behel bonus interdental brush ortho tutup in brush orthodontic tooth brush dr smith dr smile trim sikat celah tusuk penghilang plak gigi toothbrush ortho behelldental,sikat gigi behel bonus interdental brush ortho tutup in brush orthodontic tooth brush dr smith dr smile trim sikat celah tusuk hilang plak gigi toothbrush ortho behelldental,41.0,27.0,14.0,34.1
Shopee,Oral-B Sikat Gigi Toothbrush 123 Medium 3s [P&G],oral b sikat gigi,oralb sikat gigi toothbrush medium s pg,oralb sikat gigi toothbrush pg,oralb sikat gigi toothbrush pg,8.0,5.0,3.0,37.5
Shopee,Pepsodent Pasta Gigi Sweet Strawberry 45 gr x3,pepsodent pasta gigi,pepsodent pasta gigi sweet strawberry gr x,pepsodent pasta gigi sweet strawberry,pepsodent pasta gigi sweet strawberry,8.0,5.0,3.0,37.5
Shopee,Pepsodent Sikat Gigi Nanosoft Clean Isi 3,error,pepsodent sikat gigi nanosoft clean isi,pepsodent sikat gigi nanosoft clean,pepsodent sikat gigi nanosoft clean,7.0,5.0,2.0,28.6
Shopee,TEBAL KUAT KARET BEHEL POWER CHAIN AO USA TEBAL 1 ROLL / 1 Gulung Panjang Meter / Rantai Tarik Sambung Rubber Band Bracket Braces Kawat Gigi / Ligature Ties Tie Dental Orthodontic / Ortho Gigi 1 Gulungan atau Rol / Kawat Braces Behelldental,tebal karet behel power chain,tebal kuat karet behel power chain ao usa tebal roll gulung panjang meter rantai tarik sambung rubber band bracket braces kawat gigi ligature ties tie dental orthodontic ortho gigi gulungan atau rol kawat braces behelldental,behel power chain ao usa gulung rantai tarik sambung rubber band bracket braces kawat gigi ligature ties tie dental orthodontic ortho gigi gulungan rol kawat braces behelldental,behel power chain ao usa gulung rantai tarik sambung rubber band bracket braces kawat gigi ligature ties tie dental orthodontic ortho gigi gulung rol kawat braces behelldental,43.0,27.0,16.0,37.2
Shopee,Click Natural Toothpaste Whitening + All Out Protection - Pasta Gigi Pemutih,click natural toothpaste,click natural toothpaste whitening all out protection pasta gigi pemutih,click toothpaste whitening out protection pasta gigi pemutih,click toothpaste whitening out protection pasta gigi mutih,12.0,8.0,4.0,33.3
Shopee,BETADINE MOUTHWASH & GARGLE Obat Kumur Antiseptik 190ml,betadine mouthwash,betadine mouthwash gargle obat kumur antiseptik ml,betadine mouthwash gargle obat kumur antiseptik,betadine mouthwash gargle obat kumur antiseptik,8.0,6.0,2.0,25.0
Shopee,PEMUTIH GIGI TEETH WHITENING BREYLEE DAN ACTIVED CHARCOAL POWDER ORIGINAL,pemutih gigi,pemutih gigi teeth whitening breylee dan actived charcoal powder original,pemutih gigi teeth whitening breylee actived charcoal powder,mutih gigi teeth whitening breylee actived charcoal powder,10.0,8.0,2.0,20.0
Shopee,Dental alat standar plastik STERIL STERILE alat pembersih karang gigi alat periksa gigi disposable kacamulut plastik sonde halfmoon pinset kaca mulut alat standart baksos ALICE DENTAL ALICEDENTAL,dental alat pembersih karang gigi,dental alat standar plastik steril sterile alat pembersih karang gigi alat periksa gigi disposable kacamulut plastik sonde halfmoon pinset kaca mulut alat standart baksos alice dental alicedental,dental alat plastik sterile alat pembersih karang gigi alat periksa gigi disposable kacamulut plastik sonde halfmoon pinset kaca mulut alat standart baksos alice dental alicedental,dental alat plastik sterile alat bersih karang gigi alat periksa gigi disposable kacamulut plastik sonde halfmoon pinset kaca mulut alat standart baksos alice dental alicedental,27.0,25.0,2.0,7.4
Shopee,Dental Kit Hotel | 1 Sikat Gigi + 1 Pasta Gigi Cool Up 6gr Isi 500 set,dental kit,dental kit hotel sikat gigi pasta gigi cool up gr isi set,dental kit hotel sikat gigi pasta gigi cool up,dental kit hotel sikat gigi pasta gigi cool up,17.0,9.0,8.0,47.1
Shopee,Olaif Dental Ultra Floss Toothpick (50pcs) - Classic Floss Toothpick - Tusuk Gigi Benang Gigi / Dental Floss,dental ultra floss,olaif dental ultra floss toothpick pcs classic floss toothpick tusuk gigi benang gigi dental floss,olaif dental floss toothpick classic floss toothpick tusuk gigi benang gigi dental floss,olaif dental floss toothpick classic floss toothpick tusuk gigi benang gigi dental floss,18.0,13.0,5.0,27.8
Shopee,Ciptadent Sikat Gigi Crystal Clean Soft Kotak Isi 3 Pcs x3,ciplat sikat gigi crystal clean,ciptadent sikat gigi crystal clean soft kotak isi pcs x,ciptadent sikat gigi crystal clean soft,ciptadent sikat gigi crystal clean soft,11.0,6.0,5.0,45.5
Shopee,Holder siwak | Tempat Siwak Berbentuk Pulpen | di Jual Hanya holdernya saja,holder siwak,holder siwak tempat siwak berbentuk pulpen di jual hanya holdernya saja,holder siwak siwak berbentuk pulpen holdernya,holder siwak siwak bentuk pulpen holdernya,13.0,6.0,7.0,53.8
Shopee,ORIGINAL 1 Pack Isi 10 Pics KAWAT NITI BEHEL PERMANEN ORI - Super Elastis Arcwire Dental Ortho Wire Braces Bracket Gigi 012 0.12 014 0.14 016 0.16 018 0.18 Upper Lower Atas Bawah - BEHELDENTAL,kawat niti behel,original pack isi pics kawat niti behel permanen ori super elastis arcwire dental ortho wire braces bracket gigi upper lower atas bawah beheldental,pics kawat niti behel arcwire dental ortho wire braces bracket gigi upper lower beheldental,pics kawat niti behel arcwire dental ortho wire braces bracket gigi upper lower beheldental,35.0,14.0,21.0,60.0
Shopee,Sikat Gigi Hotel TERMURAH,sikat gigi,sikat gigi hotel termurah,sikat gigi hotel,sikat gigi hotel,4.0,3.0,1.0,25.0
Shopee,Sikat Gigi Hotel Set Odol Formula 5gr BPOM,sikat gigi odol,sikat gigi hotel set odol formula gr bpom,sikat gigi hotel odol formula bpom,sikat gigi hotel odol formula bpom,8.0,6.0,2.0,25.0
Shopee,Olaif Dental Pro Clean Toothbrush (Soft / Medium) - Sikat Gigi / Gosok Gigi,olaif dental pro clean toothbrush,olaif dental pro clean toothbrush soft medium sikat gigi gosok gigi,olaif dental pro clean toothbrush soft sikat gigi gosok gigi,olaif dental pro clean toothbrush soft sikat gigi gosok gigi,14.0,10.0,4.0,28.6
Shopee,Sikat Gigi Anak Bentuk U Bahan Silikon / Training Toothbrush / Tooth Brush Baby Silicon type U 360° Sikat gigi anak bentuk U lembut training toothbrush,sikat gigi anak,sikat gigi anak bentuk u bahan silikon training toothbrush tooth brush baby silicon type u ° sikat gigi anak bentuk u lembut training toothbrush,sikat gigi bentuk silikon training toothbrush tooth brush baby silicon sikat gigi bentuk training toothbrush,sikat gigi bentuk silikon training toothbrush tooth brush baby silicon sikat gigi bentuk training toothbrush,26.0,15.0,11.0,42.3
Shopee,Sikat Gigi Hotel Bulu Halus + Odol,sikat gigi hotel bulu halus odol,sikat gigi hotel bulu halus odol,sikat gigi hotel bulu odol,sikat gigi hotel bulu odol,7.0,5.0,2.0,28.6
Shopee,TERMURAH !! 1000 BUTIR TEMPTOOTH GIGI PALSU SEMENTARA PENAMBAL GIGI PATAH RENGGANG / TEMTOOTH / BAHAN TAMBAL GIGI BOLONG BERLUBANG / TEMPORARY TOOTH INSTAN PRAKTIS / TEMPTOOTH GINGSUL PATAH LEM TIRUAN MURAH ORIGINAL ISI 200 / 500 / 400 / 150 / 100 BUTIR,temptooth,termurah butir temptooth gigi palsu sementara penambal gigi patah renggang temtooth bahan tambal gigi bolong berlubang temporary tooth instan praktis temptooth gingsul patah lem tiruan murah original isi butir,temptooth gigi penambal gigi patah renggang temtooth tambal gigi berlubang temporary tooth temptooth patah lem tiruan,temptooth gigi tambal gigi patah renggang temtooth tambal gigi lubang temporary tooth temptooth patah lem tiru,44.0,16.0,28.0,63.6
Shopee,Power O / karet behel Dental ( kecil),power o karet behel,power o karet behel dental kecil,power behel dental,power behel dental,8.0,3.0,5.0,62.5
Shopee,Wax ortho wax dental wax anti sariawan wax behel fruit scent braces orthodontic behel lilin penutup kawat gigi pelindung gusi ALICE DENTAL ALICEDENTAL,wax ortho wax dental wax behel,wax ortho wax dental wax anti sariawan wax behel fruit scent braces orthodontic behel lilin penutup kawat gigi pelindung gusi alice dental alicedental,wax ortho wax dental wax anti sariawan wax behel fruit scent braces orthodontic behel lilin penutup kawat gigi pelindung gusi alice dental alicedental,wax ortho wax dental wax anti sariawan wax behel fruit scent braces orthodontic behel lilin tutup kawat gigi lindung gusi alice dental alicedental,23.0,23.0,0.0,0.0
Shopee,Power chain panjang 10cm Karet behel ortho,power chain,power chain panjang cm karet behel ortho,power chain behel ortho,power chain behel ortho,7.0,4.0,3.0,42.9
Shopee,Ciptadent Sikat Gigi Classic Double Action Soft Pack Isi 3 Pcs,ciplat sikat gigi,ciptadent sikat gigi classic double action soft pack isi pcs,ciptadent sikat gigi classic double action soft,ciptadent sikat gigi classic double action soft,11.0,7.0,4.0,36.4
Shopee,Pasta Gigi NASA Original 100% Herbal Segar,pasta gigi nasa,pasta gigi nasa original herbal segar,pasta gigi nasa herbal,pasta gigi nasa herbal,7.0,4.0,3.0,42.9
Shopee,MeToo Mouthwash Fresh Mint 250ml/ nafas segar / menghilangkan bau mulut / kumur karang gigi / non-alkohol,me too mouthwash,metoo mouthwash fresh mint ml nafas segar menghilangkan bau mulut kumur karang gigi nonalkohol,metoo mouthwash fresh mint nafas menghilangkan bau mulut kumur karang gigi nonalkohol,metoo mouthwash fresh mint nafas hilang bau mulut kumur karang gigi nonalkohol,17.0,12.0,5.0,29.4
Shopee,Close Up White Fresh Lemon Sea Salt 95gr,close up white lemon sea salt,close up white fresh lemon sea salt gr,close up white fresh lemon sea salt,close up white fresh lemon sea salt,8.0,7.0,1.0,12.5
Shopee,Oral-B Sikat Gigi All rounder Fresh Clean Black 3s,oral-b sikat gigi all rounder fresh clean,oralb sikat gigi all rounder fresh clean black s,oralb sikat gigi rounder fresh clean black,oralb sikat gigi rounder fresh clean black,9.0,7.0,2.0,22.2
Shopee,Pepsodent Kids Pasta Gigi dan Sikat Gigi Anak Strawberry 45g,pepsodent kids pasta gigi,pepsodent kids pasta gigi dan sikat gigi anak strawberry g,pepsodent kids pasta gigi sikat gigi strawberry,pepsodent kids pasta gigi sikat gigi strawberry,10.0,7.0,3.0,30.0
Shopee,Pepsodent Sikat Gigi Toothbrush Nanosoft Isi 3,pepsodent sikat gigi nanosoft,pepsodent sikat gigi toothbrush nanosoft isi,pepsodent sikat gigi toothbrush nanosoft,pepsodent sikat gigi toothbrush nanosoft,7.0,5.0,2.0,28.6
Shopee,( COD ) Termurah Karet Behel Ortho Power O Karet Behel Gigi Eceran,karet behel ortho power,cod termurah karet behel ortho power o karet behel gigi eceran,behel ortho power behel gigi eceran,behel ortho power behel gigi ecer,13.0,6.0,7.0,53.8
Shopee,[MURAH BGT!!] METOO MW-3 Advanced Whitening Tooth Paste 100gr*3 + 1pcs Mouthwash 250ml + Tooth Brush*3 - BPOM Gigi Putih / Karang Gigi / Membersihkan Noda Gigi / Gigi Sensitif / Bau Mulut / non-alkohol,metoo mw-3 tooth paste,murah bgt metoo mw advanced whitening tooth paste gr pcs mouthwash ml tooth brush bpom gigi putih karang gigi membersihkan noda gigi gigi sensitif bau mulut nonalkohol,bgt metoo mw advanced whitening tooth paste mouthwash tooth brush bpom gigi karang gigi membersihkan noda gigi gigi bau mulut nonalkohol,bgt metoo mw advanced whitening tooth paste mouthwash tooth brush bpom gigi karang gigi bersih noda gigi gigi bau mulut nonalkohol,35.0,21.0,14.0,40.0
Shopee,Kawat Behel Fashion Warna Hitam Perpack Isi 5,kawat behel,kawat behel fashion warna hitam perpack isi,kawat behel perpack,kawat behel perpack,8.0,3.0,5.0,62.5
Shopee,"[CLEARANCE SALE] Go Smile Bad Breath Go Away Mouthspray Mix Berries - Mouth Spray Mulut Fresh untuk Menghilangkan Bau Mulut Penyegar Mulut Parfum Mulut | Mulut Segar Instan | Probiotik, Rasa Buah, Bebas Gula [BPOM}",go smile mouth spray,clearance sale go smile bad breath go away mouthspray mix berries mouth spray mulut fresh untuk menghilangkan bau mulut penyegar mulut parfum mulut mulut segar instan probiotik rasa buah bebas gula bpom,go smile bad breath go away mouthspray berries mouth spray mulut fresh menghilangkan bau mulut penyegar mulut parfum mulut mulut probiotik gula bpom,go smile bad breath go away mouthspray berries mouth spray mulut fresh hilang bau mulut segar mulut parfum mulut mulut probiotik gula bpom,35.0,23.0,12.0,34.3
Shopee,DARLIE Double Action Pasta Gigi 225 gr - Value Pack Isi 4 Pcs - (Variasi),darlie pasta gigi,darlie double action pasta gigi gr value pack isi pcs variasi,darlie double action pasta gigi value,darlie double action pasta gigi value,15.0,6.0,9.0,60.0
Shopee,Close up Ever Fresh Toothpaste Anti Bacterial 160 g,ever fresh toothpaste,close up ever fresh toothpaste anti bacterial g,close up ever fresh toothpaste anti bacterial,close up ever fresh toothpaste anti bacterial,9.0,7.0,2.0,22.2
Shopee,UB SIKAT GIGI HOTEL THAKAMI + ODOL 6gram,ub sikat gigi thakami,ub sikat gigi hotel thakami odol gram,ub sikat gigi hotel thakami odol,ub sikat gigi hotel thakami odol,8.0,6.0,2.0,25.0
Shopee,Power O AO Karet Behel Original American Orthodontic,power o ao karet behel,power o ao karet behel original american orthodontic,power ao behel american orthodontic,power ao behel american orthodontic,8.0,5.0,3.0,37.5
Shopee,Snap On Smile Gigi Palsu Silikon 1 Set Atas Bawah Praktis Awet - Perawatan Gigi Palsu Super Kuat,snap on smile gigi palsu silikon,snap on smile gigi palsu silikon set atas bawah praktis awet perawatan gigi palsu super kuat,snap on smile gigi silikon perawatan gigi,snap on smile gigi silikon awat gigi,18.0,7.0,11.0,61.1
Shopee,Skinlyfe - Penghilang Bau Mulut Pengharum Mulut Mouth Spray Penyegar Nafas Bau Pemutih Kuning BPOM,skinlyfe penghilang bau mulut,skinlyfe penghilang bau mulut pengharum mulut mouth spray penyegar nafas bau pemutih kuning bpom,skinlyfe penghilang bau mulut pengharum mulut mouth spray penyegar nafas bau pemutih bpom,skinlyfe hilang bau mulut harum mulut mouth spray segar nafas bau mutih bpom,15.0,13.0,2.0,13.3
Shopee,Dental Nylon Polishing Brush Gigi Oral Polish Nilon,dental nylon polishing brush gigi oral polish nilon,dental nylon polishing brush gigi oral polish nilon,dental nylon polishing brush gigi polish nilon,dental nylon polishing brush gigi polish nilon,8.0,7.0,1.0,12.5
Shopee,Pepsodent Complete 8 Plus Whitening Pasta Gigi Anti Bakteri Gigi Putih dalam 2 Minggu 180g,pepsodent complete 8 plus whitening pasta gigi,pepsodent complete plus whitening pasta gigi anti bakteri gigi putih dalam minggu g,pepsodent complete whitening pasta gigi anti bakteri gigi minggu,pepsodent complete whitening pasta gigi anti bakteri gigi minggu,15.0,9.0,6.0,40.0
Shopee,Sikat sela gigi interdental brush / sikat gigi behel /sikat inter dental / sikat ortho,sikat gigi,sikat sela gigi interdental brush sikat gigi behel sikat inter dental sikat ortho,sikat gigi interdental brush sikat gigi behel sikat inter dental sikat ortho,sikat gigi interdental brush sikat gigi behel sikat inter dental sikat ortho,15.0,12.0,3.0,20.0
Shopee,ORI SIKAT GIGI BEHEL DR SMITH CX3 - Tooth Brush Kawat Dental Ortho Bukan Travel - Toothbrush Penghilang Plak Bau Mulut BEHELLDENTAL ORIGINAL sikat gigi behel mirip Dr smith Dr.smith,sikat gigi behel,ori sikat gigi behel dr smith cx tooth brush kawat dental ortho bukan travel toothbrush penghilang plak bau mulut behelldental original sikat gigi behel mirip dr smith drsmith,sikat gigi behel dr smith cx tooth brush kawat dental ortho travel toothbrush penghilang plak bau mulut behelldental sikat gigi behel dr smith drsmith,sikat gigi behel dr smith cx tooth brush kawat dental ortho travel toothbrush hilang plak bau mulut behelldental sikat gigi behel dr smith drsmith,30.0,24.0,6.0,20.0
Shopee,Karet Behel Power O Satuan Warna Beragam,karet behel power,karet behel power o satuan warna beragam,behel power satuan,behel power satu,7.0,3.0,4.0,57.1
Shopee,ORI BEST QUALITY SIKAT GIGI BEHEL NANO TECH - Tooth Brush Jepang Nano Micro Bisa Untuk Gigi Sensitif - Bulu Lembut Extra Soft ortho brush - Interdental Tusuk Dental Floss Pembersih Plak Karang Sela Gigi - Behelldental,sikat gigi,ori best quality sikat gigi behel nano tech tooth brush jepang nano micro bisa untuk gigi sensitif bulu lembut extra soft ortho brush interdental tusuk dental floss pembersih plak karang sela gigi behelldental,quality sikat gigi behel nano tech tooth brush jepang nano micro gigi bulu extra soft ortho brush interdental tusuk dental floss pembersih plak karang gigi behelldental,quality sikat gigi behel nano tech tooth brush jepang nano micro gigi bulu extra soft ortho brush interdental tusuk dental floss bersih plak karang gigi behelldental,37.0,26.0,11.0,29.7
Shopee,Temptooth Gigi Palsu Sementara Awet Tahan Lama 100 Butir - Penambal Gigi Butir Bahan Plastik Resin,temptooth gigi palsu,temptooth gigi palsu sementara awet tahan lama butir penambal gigi butir bahan plastik resin,temptooth gigi tahan penambal gigi plastik resin,temptooth gigi tahan tambal gigi plastik resin,16.0,7.0,9.0,56.2
Shopee,Gentian Violet 1% 10ml Onemed Gentian Violet Onemed 10ml,gentian violet,gentian violet ml onemed gentian violet onemed ml,gentian violet onemed gentian violet onemed,gentian violet onemed gentian violet onemed,9.0,6.0,3.0,33.3
Shopee,Kotak retainer behel kotak retainer gigi Denture box kotak prothesa protesa kotak gigi palsu tempat retainer behel ortho case mouth guard lubang ALICE DENTAL ALICEDENTAL,kotak retainer behel,kotak retainer behel kotak retainer gigi denture box kotak prothesa protesa kotak gigi palsu tempat retainer behel ortho case mouth guard lubang alice dental alicedental,retainer behel retainer gigi denture prothesa protesa gigi retainer behel ortho case mouth guard lubang alice dental alicedental,retainer behel retainer gigi denture prothesa protesa gigi retainer behel ortho case mouth guard lubang alice dental alicedental,25.0,18.0,7.0,28.0
Shopee,100 Pcs BOX PREMIUM - TUSUK GIGI 2 SISI BEHEL PREMIUM PUTIH PINK HIJAU BIRU ORENS KUNING - Dental Floss Pembersih Sela Celah Ortho Kawat Bracket - Tooth Brush Interdental Pick Picks Plastik - Sikat m Behel Anti Penghilang Plak Karang Gigi - Behelldental,tusuk gigi,pcs box premium tusuk gigi sisi behel premium putih pink hijau biru orens kuning dental floss pembersih sela celah ortho kawat bracket tooth brush interdental pick picks plastik sikat m behel anti penghilang plak karang gigi behelldental,tusuk gigi sisi behel pink orens dental floss pembersih celah ortho kawat bracket tooth brush interdental pick picks plastik sikat behel anti penghilang plak karang gigi behelldental,tusuk gigi sisi behel pink orens dental floss bersih celah ortho kawat bracket tooth brush interdental pick picks plastik sikat behel anti hilang plak karang gigi behelldental,44.0,27.0,17.0,38.6
Shopee,Karet elastik gigi ortho behel dental rubber band elastis karet elastic oz kawat gigi renggang braces karet behel penutup gigi renggang penarik gigi alice dental alicedental,karet elastik,karet elastik gigi ortho behel dental rubber band elastis karet elastic oz kawat gigi renggang braces karet behel penutup gigi renggang penarik gigi alice dental alicedental,elastik gigi ortho behel dental rubber band elastic oz kawat gigi renggang braces behel penutup gigi renggang penarik gigi alice dental alicedental,elastik gigi ortho behel dental rubber band elastic oz kawat gigi renggang braces behel tutup gigi renggang tarik gigi alice dental alicedental,26.0,22.0,4.0,15.4
Shopee,Pepsodent PASTA GIGI Pencegah Gigi Berlubang Anti-cavity Toothpaste dengan Double Kalsium 225G x4,pepsodent pasta gigi,pepsodent pasta gigi pencegah gigi berlubang anticavity toothpaste dengan double kalsium g x,pepsodent pasta gigi pencegah gigi berlubang anticavity toothpaste double kalsium,pepsodent pasta gigi cegah gigi lubang anticavity toothpaste double kalsium,13.0,10.0,3.0,23.1
Shopee,Ciptadent Sikat Gigi Extra Clean Soft Kotak Isi 3 Pcs x2,ciptadent sikat gigi extra clean,ciptadent sikat gigi extra clean soft kotak isi pcs x,ciptadent sikat gigi extra clean soft,ciptadent sikat gigi extra clean soft,11.0,6.0,5.0,45.5
Shopee,MeToo Mouthwash Cool Mint 250ml+100ml/ nafas segar / menghilangkan bau mulut / kumur karang gigi / non-alkohol,meetoo mouthwash,metoo mouthwash cool mint mlml nafas segar menghilangkan bau mulut kumur karang gigi nonalkohol,metoo mouthwash cool mint mlml nafas menghilangkan bau mulut kumur karang gigi nonalkohol,metoo mouthwash cool mint mlml nafas hilang bau mulut kumur karang gigi nonalkohol,17.0,13.0,4.0,23.5
Shopee,Pasta Gigi Odol Hotel Delident 6 Gram BPOM,pasta gigi odol,pasta gigi odol hotel delident gram bpom,pasta gigi odol hotel delident bpom,pasta gigi odol hotel delident bpom,8.0,6.0,2.0,25.0
Shopee,paket amenites A ( isi 50 set ),paket amenites,paket amenites a isi set,amenites,amenites,8.0,1.0,7.0,87.5
Shopee,ORI ALAT PEMBUKA MULUT BENTUK C INTRAORAL BIRU CHEEK RETRACTOR PENYANGGA RAHANG GIGI BEHEL MOUTH GAG // Bisa Untuk Anak Dewasa // Elastis Size M L S // Mouth Gate // Mouthgate Original Behelldental,ori alat pembuka mulut,ori alat pembuka mulut bentuk c intraoral biru cheek retractor penyangga rahang gigi behel mouth gag bisa untuk anak dewasa elastis size m l s mouth gate mouthgate original behelldental,alat pembuka mulut bentuk intraoral cheek retractor penyangga rahang gigi behel mouth gag mouth gate mouthgate behelldental,alat buka mulut bentuk intraoral cheek retractor sangga rahang gigi behel mouth gag mouth gate mouthgate behelldental,34.0,17.0,17.0,50.0
Shopee,Paket 2 sikat gigi hotel-pasta gigi,sikat gigi hotel pasta gigi,paket sikat gigi hotelpasta gigi,sikat gigi hotelpasta gigi,sikat gigi hotelpasta gigi,6.0,4.0,2.0,33.3
Shopee,[Bisa COD] Karet power o creative /karet behel lepas pasang/karet behel permanen,karet power,bisa cod karet power o creative karet behel lepas pasangkaret behel permanen,power creative behel pasangkaret behel,power creative behel pasangkaret behel,12.0,5.0,7.0,58.3
Shopee,Pepsodent Toothpaste Pasta Gigi Complete 8 Plus Whitening 180 g x2,pepsodent toothpaste pasta gigi complete,pepsodent toothpaste pasta gigi complete plus whitening g x,pepsodent toothpaste pasta gigi complete whitening,pepsodent toothpaste pasta gigi complete whitening,11.0,6.0,5.0,45.5
Shopee,"Pasta Gigi Bamboo Charcoal Herbal Pafex Coigore – Odol Pemutih Gigi, Hilangkan Bau Mulut, Nafas Segar, Anti Plak, Aman Harian",pasta gigi bamboo charcoal herbal,pasta gigi bamboo charcoal herbal pafex coigore – odol pemutih gigi hilangkan bau mulut nafas segar anti plak aman harian,pasta gigi bamboo charcoal herbal pafex coigore odol pemutih gigi hilangkan bau mulut nafas anti plak harian,pasta gigi bamboo charcoal herbal pafex coigore odol mutih gigi hilang bau mulut nafas anti plak hari,20.0,17.0,3.0,15.0
Shopee,Airuidu CF500 Water Flosser 160ML Foldable Water Floss Gigi Oral Lrrigator Pembersih Gigi 3 Mode Pembilasan Tiga Kecepatan Pengisian USB Pembersih Karang Gigi,airuidu water floss,airuidu cf water flosser ml foldable water floss gigi oral lrrigator pembersih gigi mode pembilasan tiga kecepatan pengisian usb pembersih karang gigi,airuidu cf water flosser foldable water floss gigi lrrigator pembersih gigi mode pembilasan kecepatan pengisian usb pembersih karang gigi,airuidu cf water flosser foldable water floss gigi lrrigator bersih gigi mode bilas cepat isi usb bersih karang gigi,23.0,19.0,4.0,17.4
Shopee,Secret Clean Propolis Antiseptic Mouthwash 150ml Nafas Segar & Menghilangkan Bau Mulut,secret clean propolis mouthwash,secret clean propolis antiseptic mouthwash ml nafas segar menghilangkan bau mulut,secret clean propolis antiseptic mouthwash nafas menghilangkan bau mulut,secret clean propolis antiseptic mouthwash nafas hilang bau mulut,12.0,9.0,3.0,25.0
Shopee,Unpa Cha-Cha Toothpaste Collection 100gr Korea Selatan,unpa cha cha toothpaste,unpa chacha toothpaste collection gr korea selatan,unpa chacha toothpaste collection korea selatan,unpa chacha toothpaste collection korea selatan,7.0,6.0,1.0,14.3
Shopee,Pepsodent Pasta Gigi Toothpaste Complete 8 Multi Protection Anti Bakteri 150 gr,pepsodent pasta gigi,pepsodent pasta gigi toothpaste complete multi protection anti bakteri gr,pepsodent pasta gigi toothpaste complete multi protection anti bakteri,pepsodent pasta gigi toothpaste complete multi protection anti bakteri,12.0,9.0,3.0,25.0
Shopee,Sikat Gigi Kayu Bambu Premium Biodegradable / Bamboo Toothbrush Eco Friendly,sikat gigi bambu,sikat gigi kayu bambu premium biodegradable bamboo toothbrush eco friendly,sikat gigi kayu bambu biodegradable bamboo toothbrush friendly,sikat gigi kayu bambu biodegradable bamboo toothbrush friendly,11.0,8.0,3.0,27.3
Shopee,Behelldental INTERDENTAL BRUSH BEHEL HIGH QUALITY • Sikat Sela Sela Celah Gigi / Ortho brush dengan tutup - Tusuk Ortho Dental - Pembersih Penghilang Plak Karang Gigi orthodontic orthodontics,beheldental interdental brush,behelldental interdental brush behel high quality • sikat sela sela celah gigi ortho brush dengan tutup tusuk ortho dental pembersih penghilang plak karang gigi orthodontic orthodontics,behelldental interdental brush behel high quality sikat celah gigi ortho brush tutup tusuk ortho dental pembersih penghilang plak karang gigi orthodontic orthodontics,behelldental interdental brush behel high quality sikat celah gigi ortho brush tutup tusuk ortho dental bersih hilang plak karang gigi orthodontic orthodontics,29.0,22.0,7.0,24.1
Shopee,Sensodyne Toothbrush Sikat Gigi Sensitif Bulu Sikat Lebih Halus dan Kepala Sikat Kecil Multi Action Soft 3s,sensodyne toothbrush,sensodyne toothbrush sikat gigi sensitif bulu sikat lebih halus dan kepala sikat kecil multi action soft s,sensodyne toothbrush sikat gigi bulu sikat kepala sikat multi action soft,sensodyne toothbrush sikat gigi bulu sikat kepala sikat multi action soft,17.0,11.0,6.0,35.3
Shopee,TERMURAH ! 1000 BUTIR GIGI PALSU TEMPTOOTH PENAMBAL TAMBALAN GIGI PATAH RENGGANG TEMPORARY TOOTH TEMPTOOTH GINGSUL PATAH SEMENTARA - LEM GIGI TIRUAN DENTAL SOLID ORTHO - 200 BUTIR / 100 BUTIR / 600 BUTIR - BEHELLDENTAL ORIGINAL,temptooth gingsul,termurah butir gigi palsu temptooth penambal tambalan gigi patah renggang temporary tooth temptooth gingsul patah sementara lem gigi tiruan dental solid ortho butir butir butir behelldental original,gigi temptooth penambal tambalan gigi patah renggang temporary tooth temptooth patah lem gigi tiruan dental ortho behelldental,gigi temptooth tambal tambal gigi patah renggang temporary tooth temptooth patah lem gigi tiru dental ortho behelldental,37.0,17.0,20.0,54.1
Shopee,Lem Gigi Palsu Patah 10 Ml Cepat Kering Kuat,lem gigi palsu,lem gigi palsu patah ml cepat kering kuat,lem gigi patah,lem gigi patah,9.0,3.0,6.0,66.7
Shopee,Close up Ever Fresh Toothpaste Anti Bacterial 160 g x2,ever fresh toothpaste,close up ever fresh toothpaste anti bacterial g x,close up ever fresh toothpaste anti bacterial,close up ever fresh toothpaste anti bacterial,10.0,7.0,3.0,30.0
Shopee,Colgate Optic White Whitening Toothpaste Exfoliating Mineral 100g - Pasta Gigi,colgate optic white,colgate optic white whitening toothpaste exfoliating mineral g pasta gigi,colgate optic white whitening toothpaste exfoliating mineral pasta gigi,colgate optic white whitening toothpaste exfoliating mineral pasta gigi,11.0,9.0,2.0,18.2
Shopee,ORI SONDE GAGANG PLASTIK UJUNG BESI U/ MELEPAS / MEMASANG KARET BEHEL / ALAT GANTI PASANG PEMASANG,sonde gagang plastik,ori sonde gagang plastik ujung besi u melepas memasang karet behel alat ganti pasang pemasang,sonde gagang plastik ujung besi melepas memasang behel alat ganti pemasang,sonde gagang plastik ujung besi lepas pasang behel alat ganti pasang,17.0,11.0,6.0,35.3
Shopee,"COD / Solusi Masalah Bau Mulut, Pasta Gigi NASA / Penghilang Bau Mulut / Pasta Gigi",pasta gigi nasa,cod solusi masalah bau mulut pasta gigi nasa penghilang bau mulut pasta gigi,solusi bau mulut pasta gigi nasa penghilang bau mulut pasta gigi,solusi bau mulut pasta gigi nasa hilang bau mulut pasta gigi,16.0,11.0,5.0,31.2
Shopee,Pepsodent PASTA GIGI Pencegah Gigi Berlubang Anti-cavity Toothpaste dengan Double Kalsium 225G x3,pepsodent pasta gigi,pepsodent pasta gigi pencegah gigi berlubang anticavity toothpaste dengan double kalsium g x,pepsodent pasta gigi pencegah gigi berlubang anticavity toothpaste double kalsium,pepsodent pasta gigi cegah gigi lubang anticavity toothpaste double kalsium,13.0,10.0,3.0,23.1
Shopee,Pasta Gigi Nasa - Odol Nasa - PGN Nasa - Membantu Merontokkan Karang Gigi - Grosirnasa,nasa odol pgn,pasta gigi nasa odol nasa pgn nasa membantu merontokkan karang gigi grosirnasa,pasta gigi nasa odol nasa pgn nasa membantu merontokkan karang gigi grosirnasa,pasta gigi nasa odol nasa pgn nasa bantu rontok karang gigi grosirnasa,16.0,12.0,4.0,25.0
Shopee,Niti Wire Super Elastic Kawat Ortho Behel Dental,niti wire,niti wire super elastic kawat ortho behel dental,niti wire elastic kawat ortho behel dental,niti wire elastic kawat ortho behel dental,8.0,7.0,1.0,12.5
Shopee,BREYLEE HALAL Pemutih Gigi Teeth Whitening Powder 30g/55g - Mencerahkan Gigi Pemutih Gigi Parah Noda Kopi Rokok Serbuk Pemutih Gigi,breylee pemutih gigi,breylee halal pemutih gigi teeth whitening powder gg mencerahkan gigi pemutih gigi parah noda kopi rokok serbuk pemutih gigi,breylee pemutih gigi teeth whitening powder gg mencerahkan gigi pemutih gigi noda kopi rokok serbuk pemutih gigi,breylee mutih gigi teeth whitening powder gg cerah gigi mutih gigi noda kopi rokok serbuk mutih gigi,20.0,17.0,3.0,15.0
Shopee,[BBOSS] Snap On Smile Gigi Palsu 1 Set Buatan Praktis Awet - Perawatan Gigi Palsu Silikon Kuat Tahan,bboss snap on smile gigi palsu,bboss snap on smile gigi palsu set buatan praktis awet perawatan gigi palsu silikon kuat tahan,bboss snap on smile gigi buatan perawatan gigi silikon tahan,bboss snap on smile gigi buat awat gigi silikon tahan,18.0,10.0,8.0,44.4
Shopee,Pepsodent Pasta Gigi Complete 8 Center Fresh 160 g x2,pepsodent pasta gigi,pepsodent pasta gigi complete center fresh g x,pepsodent pasta gigi complete center fresh,pepsodent pasta gigi complete center fresh,10.0,6.0,4.0,40.0
Shopee,Karet Behel Power O Per Pak Isi 40 Stik 32 Warna Pilihan,karet behel power o,karet behel power o per pak isi stik warna pilihan,behel power stik,behel power stik,12.0,3.0,9.0,75.0
Shopee,Orthodontic kit dental ortho kit cleaning set travel travelling jaring paket sikat gigi behel kawat gigi lengkap orthokit ALICE DENTAL ALICEDENTAL,orthodontic kit dental ortho kit,orthodontic kit dental ortho kit cleaning set travel travelling jaring paket sikat gigi behel kawat gigi lengkap orthokit alice dental alicedental,orthodontic kit dental ortho kit cleaning travel travelling jaring sikat gigi behel kawat gigi orthokit alice dental alicedental,orthodontic kit dental ortho kit cleaning travel travelling jaring sikat gigi behel kawat gigi orthokit alice dental alicedental,21.0,18.0,3.0,14.3
Shopee,1 pcs Pasta Gigi Nasa - Odol Nasa - PGN /1 PCS/120GRM,nas pasta gigi,pcs pasta gigi nasa odol nasa pgn pcsgrm,pasta gigi nasa odol nasa pgn pcsgrm,pasta gigi nasa odol nasa pgn pcsgrm,12.0,7.0,5.0,41.7
Shopee,Colgate Plax Mouthwash Freshmint 750ml - Obat Kumur,colgate plax mouthwash freshmint,colgate plax mouthwash freshmint ml obat kumur,colgate plax mouthwash freshmint obat kumur,colgate plax mouthwash freshmint obat kumur,8.0,6.0,2.0,25.0
Shopee,[BPOM]METOO MW-3 Advanced whitening Toothpaste 3*100g - Gigi Putih / Bebas Sensitif / Bebas Karang Gigi / Pasta Gigi Probiotik / Karang Gigi / Gusi Sensitif / Membersihkan Noda Gigi,metoo mw-3 toothpaste,bpommetoo mw advanced whitening toothpaste g gigi putih bebas sensitif bebas karang gigi pasta gigi probiotik karang gigi gusi sensitif membersihkan noda gigi,bpommetoo mw advanced whitening toothpaste gigi karang gigi pasta gigi probiotik karang gigi gusi membersihkan noda gigi,bpommetoo mw advanced whitening toothpaste gigi karang gigi pasta gigi probiotik karang gigi gusi bersih noda gigi,30.0,17.0,13.0,43.3
Shopee,PASTA GIGI HOTEL AMENITIES COOL UP 6 GRAM BPOM MIIN 100 PCS,pasta gigi,pasta gigi hotel amenities cool up gram bpom miin pcs,pasta gigi hotel amenities cool up bpom miin,pasta gigi hotel amenities cool up bpom miin,12.0,8.0,4.0,33.3
Shopee,"paket amenities hotel hemat duohjlf (2sq,1odol,1sabun,1LF) 20pcs",paket amenities hotel,paket amenities hotel hemat duohjlf sqodolsabunlf pcs,amenities hotel duohjlf sqodolsabunlf,amenities hotel duohjlf sqodolsabunlf,7.0,4.0,3.0,42.9
Shopee,Pasta Gigi COOLUP 6gram (100 Pcs),coolup pasta gigi,pasta gigi coolup gram pcs,pasta gigi coolup,pasta gigi coolup,6.0,3.0,3.0,50.0
Shopee,1PACK ISI 10pcs ORI KAWAT NITI ARCHWIRE BEHEL PERMANEN ECER SATUAN • 0.12 0.14 0.16 0.18 SS WIRE ORTHO DENTAL,kawat niti archwire,pack isi pcs ori kawat niti archwire behel permanen ecer satuan • ss wire ortho dental,kawat niti archwire behel satuan ss wire ortho dental,kawat niti archwire behel satu ss wire ortho dental,20.0,9.0,11.0,55.0
Shopee,"Pasta Gigi NASA, Odol NASA, Odol Pemutih Gigi",pasta gigi nasa,pasta gigi nasa odol nasa odol pemutih gigi,pasta gigi nasa odol nasa odol pemutih gigi,pasta gigi nasa odol nasa odol mutih gigi,8.0,8.0,0.0,0.0
Shopee,sikat gigi hotel halus set odol bpom / dental kit hotel super (50pcs),sikat gigi odol,sikat gigi hotel halus set odol bpom dental kit hotel super pcs,sikat gigi hotel odol bpom dental kit hotel,sikat gigi hotel odol bpom dental kit hotel,13.0,8.0,5.0,38.5
Shopee,Sikat Gigi Hotel / Dental Kit / Amenities Set,sikat gigi,sikat gigi hotel dental kit amenities set,sikat gigi hotel dental kit amenities,sikat gigi hotel dental kit amenities,9.0,6.0,3.0,33.3
Shopee,Oral-B Sikat Gigi All Rounder 123 Clean Soft 3s,oral-b sikat gigi all rounder,oralb sikat gigi all rounder clean soft s,oralb sikat gigi rounder clean soft,oralb sikat gigi rounder clean soft,9.0,6.0,3.0,33.3
Shopee,Sensodyne Toothpaste Pasta Gigi Sensitif Nafas Segar Fresh Mint 100gr,sensodyne toothpaste pasta gigi,sensodyne toothpaste pasta gigi sensitif nafas segar fresh mint gr,sensodyne toothpaste pasta gigi nafas fresh mint,sensodyne toothpaste pasta gigi nafas fresh mint,10.0,7.0,3.0,30.0
Shopee,"paket sikat gigi hotel /amenities murah DUOHJLF (2sq,1odol,1sabun,1lf/zinc) 50pcs",duohjlf,paket sikat gigi hotel amenities murah duohjlf sqodolsabunlfzinc pcs,sikat gigi hotel amenities duohjlf sqodolsabunlfzinc,sikat gigi hotel amenities duohjlf sqodolsabunlfzinc,9.0,6.0,3.0,33.3
Shopee,FUSE DX BIG 30A FLOSSER GERMANY- SEKRING TUSUK / TANCAP BESAR,fuse dx flosser,fuse dx big a flosser germany sekring tusuk tancap besar,fuse dx big flosser germany sekring tusuk tancap,fuse dx big flosser germany sekring tusuk tancap,11.0,8.0,3.0,27.3
Shopee,karet power o per pak isi 40 biji,karet power o,karet power o per pak isi biji,power,power,8.0,1.0,7.0,87.5
Shopee,sikat gigi hotel set odol bpom bulu halus (super nm/hbm 100 pcs),sikat gigi odol,sikat gigi hotel set odol bpom bulu halus super nmhbm pcs,sikat gigi hotel odol bpom bulu nmhbm,sikat gigi hotel odol bpom bulu nmhbm,12.0,7.0,5.0,41.7
Shopee,50 PICS DENTAL FLOSS STICKS PICK PICKS BENANG GIGI / SIKAT SELA CELAH BEHEL BENANG GUARDIAN / Alat Pembersih Penghilang Plak Gigi dan Bau Mulut / Behel Ortho Behelldental Dental,pics dental floss sticks,pics dental floss sticks pick picks benang gigi sikat sela celah behel benang guardian alat pembersih penghilang plak gigi dan bau mulut behel ortho behelldental dental,pics dental floss sticks pick picks benang gigi sikat celah behel benang guardian alat pembersih penghilang plak gigi bau mulut behel ortho behelldental dental,pics dental floss sticks pick picks benang gigi sikat celah behel benang guardian alat bersih hilang plak gigi bau mulut behel ortho behelldental dental,30.0,24.0,6.0,20.0
Shopee,Sikat Gigi Dental Kit Hotel Crystal Kristal Sikat Putih Biru / Putih Hijau / Putih,sikat gigi dental kit hotel crystal kristal,sikat gigi dental kit hotel crystal kristal sikat putih biru putih hijau putih,sikat gigi dental kit hotel crystal kristal sikat,sikat gigi dental kit hotel crystal kristal sikat,15.0,8.0,7.0,46.7
Shopee,Sikat Gigi Hotel BPOM Murah 1000 Pcs Herbal Mint,sikat gigi herbal mint,sikat gigi hotel bpom murah pcs herbal mint,sikat gigi hotel bpom herbal mint,sikat gigi hotel bpom herbal mint,9.0,6.0,3.0,33.3
Shopee,WAX ORTHO BEHEL Pencegah Sariawan Lilin Dental kawat gigi orthodontic gum untuk bracket buccal tube,wax ortho behel,wax ortho behel pencegah sariawan lilin dental kawat gigi orthodontic gum untuk bracket buccal tube,wax ortho behel pencegah sariawan lilin dental kawat gigi orthodontic gum bracket buccal tube,wax ortho behel cegah sariawan lilin dental kawat gigi orthodontic gum bracket buccal tube,15.0,14.0,1.0,6.7
Shopee,"paket mandi hotel murah DUOHJLF (2sq,1nm,1sabun,1Lf/zinc) 10pcs",paket mandi hotel,paket mandi hotel murah duohjlf sqnmsabunlfzinc pcs,mandi hotel duohjlf sqnmsabunlfzinc,mandi hotel duohjlf sqnmsabunlfzinc,7.0,4.0,3.0,42.9
Shopee,Sensodyne Toothpaste Pasta Gigi Sensitif Repair & Protect Memperbaiki Secara Menyeluruh + Kesegaran Extra Fresh 100gr,sensodyne toothpaste pasta gigi,sensodyne toothpaste pasta gigi sensitif repair protect memperbaiki secara menyeluruh kesegaran extra fresh gr,sensodyne toothpaste pasta gigi repair protect memperbaiki kesegaran extra fresh,sensodyne toothpaste pasta gigi repair protect baik segar extra fresh,16.0,10.0,6.0,37.5
Shopee,Closeup Pasta Gigi Menthol Fresh Valuepack 2x160gr,closeup pasta gigi menthol,closeup pasta gigi menthol fresh valuepack xgr,closeup pasta gigi menthol fresh valuepack,closeup pasta gigi menthol fresh valuepack,7.0,6.0,1.0,14.3
Shopee,Alice dental interdental brush sikat pembersih sela celah gigi ortho behel tusuk gigi tooth pick dental floss kawat gigi sikat sisir alis serat ALICEDENTAL,alice dental interdental brush,alice dental interdental brush sikat pembersih sela celah gigi ortho behel tusuk gigi tooth pick dental floss kawat gigi sikat sisir alis serat alicedental,alice dental interdental brush sikat pembersih celah gigi ortho behel tusuk gigi tooth pick dental floss kawat gigi sikat sisir alis serat alicedental,alice dental interdental brush sikat bersih celah gigi ortho behel tusuk gigi tooth pick dental floss kawat gigi sikat sisir alis serat alicedental,24.0,23.0,1.0,4.2
Shopee,Dental kit hotel / sikat gigi hotel halus super set odol (100pcs),dental kit odol,dental kit hotel sikat gigi hotel halus super set odol pcs,dental kit hotel sikat gigi hotel odol,dental kit hotel sikat gigi hotel odol,12.0,7.0,5.0,41.7
Shopee,BEHELLDENTAL ORIGINAL KACA MULUT CERMIN GIGI PLASTIK - Dental Mirror Alat Dokter Behel Dental Mouth Disposable - Alat Untuk Lihat Karang Plak Gigi Berlubang,behell dental mirror,behelldental original kaca mulut cermin gigi plastik dental mirror alat dokter behel dental mouth disposable alat untuk lihat karang plak gigi berlubang,behelldental kaca mulut cermin gigi plastik dental mirror alat dokter behel dental mouth disposable alat lihat karang plak gigi berlubang,behelldental kaca mulut cermin gigi plastik dental mirror alat dokter behel dental mouth disposable alat lihat karang plak gigi lubang,24.0,20.0,4.0,16.7
Shopee,POWER O CREATIVE PREMIUM / KARET BEHEL BRACKET ORTHO TEBAL AFHAM DENTAL,power o karet behel bracket,power o creative premium karet behel bracket ortho tebal afham dental,power creative behel bracket ortho afham dental,power creative behel bracket ortho afham dental,12.0,7.0,5.0,41.7
Shopee,sikat gigi hotel standar 16cm set odol jpt/mini-NM/HBM 100 pcs,sikat gigi odol,sikat gigi hotel standar cm set odol jptmininmhbm pcs,sikat gigi hotel odol jptmininmhbm,sikat gigi hotel odol jptmininmhbm,10.0,5.0,5.0,50.0
Shopee,MeToo Volcanic Pumice Whitening Tooth Powder 50g+ Fresh Mint Mouthwash 100ml/ Travel Essential Set /Probiotik / nafas segar / menghilangkan bau mulut / kumur karang gigi / mengurangi noda pada gigi / non-alkohol,me too volcanic pumice whitening tooth powder,metoo volcanic pumice whitening tooth powder g fresh mint mouthwash ml travel essential set probiotik nafas segar menghilangkan bau mulut kumur karang gigi mengurangi noda pada gigi nonalkohol,metoo volcanic pumice whitening tooth powder fresh mint mouthwash travel essential probiotik nafas menghilangkan bau mulut kumur karang gigi mengurangi noda gigi nonalkohol,metoo volcanic pumice whitening tooth powder fresh mint mouthwash travel essential probiotik nafas hilang bau mulut kumur karang gigi kurang noda gigi nonalkohol,33.0,23.0,10.0,30.3
Shopee,dental kit / tooth kit hotel crystal/ sikat gigi hotel kristal set odol 100 pcs,tooth kit,dental kit tooth kit hotel crystal sikat gigi hotel kristal set odol pcs,dental kit tooth kit hotel crystal sikat gigi hotel kristal odol,dental kit tooth kit hotel crystal sikat gigi hotel kristal odol,15.0,11.0,4.0,26.7
Shopee,dental kit duo / sikat gigi hotel duo standar-super set odol (50pcs),dental kit duo odol,dental kit duo sikat gigi hotel duo standarsuper set odol pcs,dental kit duo sikat gigi hotel duo standarsuper odol,dental kit duo sikat gigi hotel duo standarsuper odol,12.0,9.0,3.0,25.0
Shopee,Sikat Gigi Tooth Brush Amenities Dental Kit Hotel Putih / Biru / Hijau 15cm,sikat gigi,sikat gigi tooth brush amenities dental kit hotel putih biru hijau cm,sikat gigi tooth brush amenities dental kit hotel,sikat gigi tooth brush amenities dental kit hotel,14.0,8.0,6.0,42.9
Shopee,Paracetamol Kaplet Kemasan Kaleng Expired Date 2029,paracetamol kaplet,paracetamol kaplet kemasan kaleng expired date,paracetamol kaleng expired date,paracetamol kaleng expired date,7.0,4.0,3.0,42.9
Shopee,Bedak Salicyl Salisil 60 gram,bedak salicyl,bedak salicyl salisil gram,bedak salicyl salisil,bedak salicyl salisil,5.0,3.0,2.0,40.0
Shopee,Medicated Oil Four Season SSA Untuk Meredakan Nyeri,medicated oil,medicated oil four season ssa untuk meredakan nyeri,medicated oil four season ssa meredakan nyeri,medicated oil four season ssa reda nyeri,8.0,7.0,1.0,12.5
Shopee,Kuku Bima Ener-G All Variant 1 Box 6 Sachet 4.5Gr,kuku bima energ all,kuku bima energ all variant box sachet gr,kuku bima energ,kuku bima energ,10.0,3.0,7.0,70.0
Shopee,Serbuk PK (PeKa) 5gr - Obat Kulit Permanganas Kalicus,serbuk pka,serbuk pk peka gr obat kulit permanganas kalicus,serbuk pk obat kulit permanganas kalicus,serbuk pk obat kulit permanganas kalicus,9.0,6.0,3.0,33.3
Shopee,"GENTLY Mamacare Deodorant Brightening Serum | Menahan bau & keringat, dan Mencerahkan Ketiak I Non Aluminum",mamacare deodorant,gently mamacare deodorant brightening serum menahan bau keringat dan mencerahkan ketiak i non aluminum,gently mamacare deodorant brightening serum menahan bau keringat mencerahkan ketiak non aluminum,gently mamacare deodorant brightening serum tahan bau keringat cerah ketiak non aluminum,16.0,12.0,4.0,25.0
Shopee,Botol Bulat 135 ml Putih,botol,botol bulat ml putih,,,5.0,0.0,5.0,100.0
Shopee,Mixagrip All Variasi Obat Flu Hijau Kuning,mixagrip,mixagrip all variasi obat flu hijau kuning,mixagrip obat flu,mixagrip obat flu,7.0,3.0,4.0,57.1
Shopee,"POLARIST® (Obat Alergi, Gatal, Eksim, Gigit Serangga, Musim)",polarist,polarist® obat alergi gatal eksim gigit serangga musim,polarist® obat alergi eksim gigit serangga musim,polarist obat alergi eksim gigit serangga musim,8.0,7.0,1.0,12.5
Shopee,Daun Ketepeng Obat Tradisional Penyakit Kulit Gatal,daun ketepeng,daun ketepeng obat tradisional penyakit kulit gatal,daun ketepeng obat penyakit kulit,daun ketepeng obat sakit kulit,7.0,5.0,2.0,28.6
Shopee,Oskadon Biru 1 Strip Isi 4 Tablet Pereda Nyeri,oskadon biru,oskadon biru strip isi tablet pereda nyeri,oskadon strip tablet pereda nyeri,oskadon strip tablet reda nyeri,9.0,5.0,4.0,44.4
Shopee,Paramex Sakit Kepala Strip Isi 4 Tablet Paracetamol,paramex sakit kepala paracetamol,paramex sakit kepala strip isi tablet paracetamol,paramex kepala strip tablet paracetamol,paramex kepala strip tablet paracetamol,8.0,5.0,3.0,37.5
Shopee,Paracetamol 500 mg Tablet First Medifarma (10 Tablet),paracetamol,paracetamol mg tablet first medifarma tablet,paracetamol mg tablet first medifarma tablet,paracetamol mg tablet first medifarma tablet,8.0,6.0,2.0,25.0
Shopee,Pacetik 500 mg botol isi 100 kaplet Rasa Jeruk / Paracetamol,pacetik paracetamol,pacetik mg botol isi kaplet rasa jeruk paracetamol,pacetik mg jeruk paracetamol,pacetik mg jeruk paracetamol,11.0,4.0,7.0,63.6
Shopee,[FS] NEW Face shield anak LIST KARAKTER,face shield anak,fs new face shield anak list karakter,fs face shield list karakter,fs face shield list karakter,7.0,5.0,2.0,28.6
Shopee,Feminax 4 Tablet,feminax,feminax tablet,feminax tablet,feminax tablet,3.0,2.0,1.0,33.3
Shopee,Paracetamol Kaplet 500mg Box 10 Strip 100 Kaplet,paracetamol,paracetamol kaplet mg box strip kaplet,paracetamol mg strip,paracetamol mg strip,8.0,3.0,5.0,62.5
Shopee,Botol Kapsul Tutup List Gold / Silver,kapsul tutup list,botol kapsul tutup list gold silver,kapsul tutup list gold silver,kapsul tutup list gold silver,7.0,5.0,2.0,28.6
Shopee,Kapsul Pinang Muda Herbal 100 Kapsul Halal,kapsul pinang muda herbal,kapsul pinang muda herbal kapsul halal,kapsul pinang herbal kapsul,kapsul pinang herbal kapsul,7.0,4.0,3.0,42.9
Shopee,Komix Obat Batuk All Variant,komix obat batuk,komix obat batuk all variant,komix obat batuk,komix obat batuk,5.0,3.0,2.0,40.0
Shopee,XPRESS ! Tera - F STRIP isi 10 Tablet Obat Batuk Pilek Panas Demam Sakit Kepala Pusing Flu Tera-F Tera-f Tera F Teraf Tera Ef Tera ep Terra,tera f strip,xpress tera f strip isi tablet obat batuk pilek panas demam sakit kepala pusing flu teraf teraf tera f teraf tera ef tera ep terra,xpress tera strip tablet obat batuk pilek panas demam kepala flu teraf teraf tera teraf tera ef tera ep terra,xpress tera strip tablet obat batuk pilek panas demam kepala flu teraf teraf tera teraf tera ef tera ep terra,28.0,20.0,8.0,28.6
Shopee,Palu Sakti Kapsul Obat Sakit Gigi Dan Gusi Bengkak,palu sakti kapsul obat sakit gigi dan gusi bengkak,palu sakti kapsul obat sakit gigi dan gusi bengkak,palu kapsul obat gigi gusi,palu kapsul obat gigi gusi,9.0,5.0,4.0,44.4
Shopee,BEDAK SALICYL TALK ADINDA SACHET 50 GR MENGURANGI GATAL AKIBAT BIANG KERINGAT DIJAMIN ORIGINAL,bedak salicyl,bedak salicyl talk adinda sachet gr mengurangi gatal akibat biang keringat dijamin original,bedak salicyl talk adinda mengurangi akibat biang keringat dijamin,bedak salicyl talk adinda kurang akibat biang keringat jamin,14.0,9.0,5.0,35.7
Shopee,Alat Garuk Punggung Stainless Stell Penggaruk Garukan Back Scratch Alat garuk bisa di stel serbaguna,alat garuk punggung,alat garuk punggung stainless stell penggaruk garukan back scratch alat garuk bisa di stel serbaguna,alat garuk punggung stainless stell penggaruk garukan back scratch alat garuk stel,alat garuk punggung stainless stell garuk garu back scratch alat garuk stel,15.0,12.0,3.0,20.0
Shopee,HOLDER SIWAK Plastik Kosong I Wadah tempat siwak atau miswak higenis,siwak,holder siwak plastik kosong i wadah tempat siwak atau miswak higenis,holder siwak plastik siwak miswak higenis,holder siwak plastik siwak miswak higenis,11.0,6.0,5.0,45.5
Shopee,Bedak Herocyn Dewasa Ukuran 150 GR / 85 GR / 50 GR,bedak herocyn,bedak herocyn dewasa ukuran gr gr gr,bedak herocyn,bedak herocyn,12.0,2.0,10.0,83.3
Shopee,Underpad Perlak 60x90 Serbaguna Daya Serap Tinggi,underpad perlak,underpad perlak x serbaguna daya serap tinggi,underpad perlak daya serap,underpad perlak daya serap,7.0,4.0,3.0,42.9
Shopee,CTM Botol 4mg Isi 100 Tablet,ctm,ctm botol mg isi tablet,ctm mg tablet,ctm mg tablet,6.0,3.0,3.0,50.0
Shopee,[ISI 12 TABLET] CTM CITO 4MG / OBAT GATEL DAN ALERGI KULIT MAKANAN DINGIN CUACA UDARA / CETEME,ctm cito,isi tablet ctm cito mg obat gatel dan alergi kulit makanan dingin cuaca udara ceteme,tablet ctm cito mg obat gatel alergi kulit makanan cuaca udara ceteme,tablet ctm cito mg obat gatel alergi kulit makan cuaca udara ceteme,18.0,12.0,6.0,33.3
Shopee,Botol Kapsul FS 85-100ml Tutup List Gold / Silver,kapsul fs,botol kapsul fs ml tutup list gold silver,kapsul fs tutup list gold silver,kapsul fs tutup list gold silver,9.0,6.0,3.0,33.3
Shopee,Antimo Obat Mual | 1 Strip @ 10 Tablet,antimo obat mual,antimo obat mual strip tablet,antimo obat mual strip tablet,antimo obat mual strip tablet,9.0,5.0,4.0,44.4
Shopee,XPRESS ! Calcifar Plus STRIP Vitamin Kalsium Tulang Anak / Dewasa Tablet Kaplet Kalcifar Calcivar Kalcivar Calsifar Kalsifar Calsivar Zs,kalsium,xpress calcifar plus strip vitamin kalsium tulang anak dewasa tablet kaplet kalcifar calcivar kalcivar calsifar kalsifar calsivar zs,xpress calcifar strip vitamin kalsium tulang tablet kalcifar calcivar kalcivar calsifar kalsifar calsivar zs,xpress calcifar strip vitamin kalsium tulang tablet kalcifar calcivar kalcivar calsifar kalsifar calsivar zs,20.0,14.0,6.0,30.0
Shopee,Laxing Detoks Herbal Alami / Sembelit / Begah / Konstipasi susah BAB Halal 1 Blister @10 Kapsul,laxing detoks herbal,laxing detoks herbal alami sembelit begah konstipasi susah bab halal blister kapsul,laxing detoks herbal sembelit susah bab blister kapsul,laxing detoks herbal sembelit susah bab blister kapsul,17.0,8.0,9.0,52.9
Shopee,Sleep Patch Neru Sleeping Melatonin Insomnia Bantu Susah Tidur Herbal Alami 30 pcs Koyo Plester,neru sleeping melatonin,sleep patch neru sleeping melatonin insomnia bantu susah tidur herbal alami pcs koyo plester,sleep patch neru sleeping melatonin insomnia bantu susah tidur herbal koyo plester,sleep patch neru sleeping melatonin insomnia bantu susah tidur herbal koyo plester,15.0,12.0,3.0,20.0
Shopee,Magnetic Stirrer Bar 2cm 3cm 4cm Stirrer Bar 2 cm 3 cm 4 cm Tipe C,magnetic stirrer bar,magnetic stirrer bar cm cm cm stirrer bar cm cm cm tipe c,magnetic stirrer bar stirrer bar,magnetic stirrer bar stirrer bar,16.0,5.0,11.0,68.8
Shopee,VITACIMIN Tablet Hisap - Vitamin Daya Tahan Tubuh,vitacimin vitamin,vitacimin tablet hisap vitamin daya tahan tubuh,vitacimin tablet hisap vitamin daya tahan tubuh,vitacimin tablet hisap vitamin daya tahan tubuh,8.0,7.0,1.0,12.5
Shopee,Piercing Aftercare Spray Saline Solution / obat piercing / tindik,piercing aftercare spray,piercing aftercare spray saline solution obat piercing tindik,piercing aftercare spray saline solution obat piercing tindik,piercing aftercare spray saline solution obat piercing tindik,10.0,8.0,2.0,20.0
Shopee,Cetirizine box shamparindo,cetirizine,cetirizine box shamparindo,cetirizine shamparindo,cetirizine shamparindo,3.0,2.0,1.0,33.3
Shopee,Bodrex tablet isi 20,bodrex,bodrex tablet isi,bodrex tablet,bodrex tablet,4.0,2.0,2.0,50.0
Shopee,"dehista kplt (obat gatal,alergi,kaligata,biduran,cuaca,obat)",dehista kplt,dehista kplt obat gatalalergikaligatabidurancuacaobat,dehista kplt obat gatalalergikaligatabidurancuacaobat,dehista kplt obat gatalalergikaligatabidurancuacaobat,4.0,4.0,0.0,0.0
Shopee,Komix Pereda Batuk Sachet 7ml Untuk Dewasa Dan Anak-Anak,komix pereda batuk,komix pereda batuk sachet ml untuk dewasa dan anakanak,komix pereda batuk anakanak,komix reda batuk anakanak,9.0,4.0,5.0,55.6
Shopee,Ultraflu Tablet 1 Lembar Untuk Gejala Flu Dan Batuk,ultraflu,ultraflu tablet lembar untuk gejala flu dan batuk,ultraflu tablet gejala flu batuk,ultraflu tablet gejala flu batuk,9.0,5.0,4.0,44.4
Shopee,Panadol Biru 1 Lembar Isi 10 Paracetamol Nyeri Ringan,panadol biru,panadol biru lembar isi paracetamol nyeri ringan,panadol paracetamol nyeri,panadol paracetamol nyeri,9.0,3.0,6.0,66.7
Shopee,BOX Paracetamol 500mg perbox PT TRIFA,paracetamol,box paracetamol mg perbox pt trifa,paracetamol mg perbox pt trifa,paracetamol mg perbox pt trifa,6.0,5.0,1.0,16.7
Shopee,XPRESS ! STRIP DEMACOLIN TABLET Strip Isi 10 tablet Obat Batuk Pilek Flu Demakolin,demacolin strip,xpress strip demacolin tablet strip isi tablet obat batuk pilek flu demakolin,xpress strip demacolin tablet strip tablet obat batuk pilek flu demakolin,xpress strip demacolin tablet strip tablet obat batuk pilek flu demakolin,14.0,11.0,3.0,21.4
Shopee,Gentian Violet 10ml 24 Botol Anti Bakteri,gentian violet,gentian violet ml botol anti bakteri,gentian violet anti bakteri,gentian violet anti bakteri,7.0,4.0,3.0,42.9
Shopee,Golden Lohankuo / Premium Gold Monk Fruit Luo Han Kuo / Lo Han Guo Besar,lohankuo,golden lohankuo premium gold monk fruit luo han kuo lo han guo besar,golden lohankuo gold monk fruit luo han kuo lo han guo,golden lohankuo gold monk fruit luo han kuo lo han guo,15.0,11.0,4.0,26.7
Shopee,"SANMOL SYRUP 60 ml-Obat Demam, Panas Bayi dan Anak",sanmol syrup,sanmol syrup mlobat demam panas bayi dan anak,sanmol syrup mlobat demam panas,sanmol syrup mlobat demam panas,9.0,5.0,4.0,44.4
Shopee,SLEEP EASY - Natural Deep Sleep Aid Aromatherapy Spray Restology 100ml,sleep easy,sleep easy natural deep sleep aid aromatherapy spray restology ml,sleep easy deep sleep aid aromatherapy spray restology,sleep easy deep sleep aid aromatherapy spray restology,11.0,8.0,3.0,27.3
Shopee,Pacetik syrup 60ml,pacetik syrup,pacetik syrup ml,pacetik syrup,pacetik syrup,3.0,2.0,1.0,33.3
Shopee,paracetamol 500 mg kaleng isi 100 pabrik PIM/ triman pacetik CNZ,paracetamol,paracetamol mg kaleng isi pabrik pim triman pacetik cnz,paracetamol mg kaleng pabrik pim triman pacetik cnz,paracetamol mg kaleng pabrik pim trim pacetik cnz,11.0,8.0,3.0,27.3
Shopee,Vicks VapoRub 10gr,vicks vaporub,vicks vaporub gr,vicks vaporub,vicks vaporub,3.0,2.0,1.0,33.3
Shopee,Lerzin Sirup 60ml Untuk Gatal Anak,lerzin sirup,lerzin sirup ml untuk gatal anak,lerzin sirup,lerzin sirup,6.0,2.0,4.0,66.7
Shopee,Daun sirsak segar | herbal anti kangker | herbal anti diabetes,daun sirsak,daun sirsak segar herbal anti kangker herbal anti diabetes,daun sirsak herbal anti kangker herbal anti diabetes,daun sirsak herbal anti kangker herbal anti diabetes,11.0,8.0,3.0,27.3
Shopee,KOYOK BAMBOO DETOX RACUN DALAM TUBUH MURAH (KINOKI),koyok bamboo detox racun,koyok bamboo detox racun dalam tubuh murah kinoki,koyok bamboo detox racun tubuh kinoki,koyok bamboo detox racun tubuh kok,8.0,6.0,2.0,25.0
Shopee,RED Intimate Gel Fresh For Men PembesarP Original 50ml,red intimate gel,red intimate gel fresh for men pembesarp original ml,red intimate gel fresh for men pembesarp,red intimate gel fresh for men pembesarp,9.0,7.0,2.0,22.2
Shopee,Yekatria Antasida Doen Botol Isi 100 Tablet-Obat Maag,yekatria antasida,yekatria antasida doen botol isi tabletobat maag,yekatria antasida doen tabletobat maag,yekatria antasida doen tabletobat maag,8.0,5.0,3.0,37.5
Shopee,(Tersedia Harga Grosir) Tanpa BOX Gang Qi / GangQi Korset / Sabuk Terapi Khusus Size 4XL,gang qi korset,tersedia harga grosir tanpa box gang qi gangqi korset sabuk terapi khusus size xl,gang qi gangqi korset sabuk terapi,gang qi gangqi korset sabuk terapi,16.0,6.0,10.0,62.5
Shopee,XPRESS ! Decolgen STRIP Obat Batuk Pilek Flu Dekolgen Tablet Zk,dekolgen strip,xpress decolgen strip obat batuk pilek flu dekolgen tablet zk,xpress decolgen strip obat batuk pilek flu dekolgen tablet zk,xpress decolgen strip obat batuk pilek flu dekolgen tablet zk,11.0,10.0,1.0,9.1
Shopee,SANMOL 500 mg isi 4 tablet - Obat Demam,sanmol,sanmol mg isi tablet obat demam,sanmol mg tablet obat demam,sanmol mg tablet obat demam,9.0,5.0,4.0,44.4
Shopee,Belerang Murni Bubuk 1kg Untuk Kulit Dan Tanah,belerang murni bubuk,belerang murni bubuk kg untuk kulit dan tanah,belerang murni bubuk kulit tanah,belerang murni bubuk kulit tanah,8.0,5.0,3.0,37.5
Shopee,GENTLY Mamacare Intensive Stretch Marks Cream | Complex Hydrating Formula 5X Natural Soothing Agent | Skincare Ibu Hamil dan Menyusui Terdaftar BPOM | Cream untuk Menyamarkan Peregangan Kulit dan Membantu Melembapkan,mamacare intensive stretch marks cream,gently mamacare intensive stretch marks cream complex hydrating formula x natural soothing agent skincare ibu hamil dan menyusui terdaftar bpom cream untuk menyamarkan peregangan kulit dan membantu melembapkan,gently mamacare intensive stretch marks cream complex hydrating formula soothing agent skincare hamil menyusui terdaftar bpom cream menyamarkan peregangan kulit membantu melembapkan,gently mamacare intensive stretch marks cream complex hydrating formula soothing agent skincare hamil susu daftar bpom cream samar regang kulit bantu lembap,31.0,22.0,9.0,29.0
Shopee,"Daun Jambu Biji untuk Rambut Rontok, Diabetes, Demam Berdarah dll",daun jambu biji,daun jambu biji untuk rambut rontok diabetes demam berdarah dll,daun jambu rambut rontok diabetes demam berdarah,daun jambu rambut rontok diabetes demam darah,10.0,7.0,3.0,30.0
Shopee,[ECER] Mesologica Needle 30G 32G 34g 4MM/13MM | Jarum Mesoneedle | Meso Skin Booster,mesologica needle,ecer mesologica needle g g g mmmm jarum mesoneedle meso skin booster,mesologica needle mmmm jarum mesoneedle meso skin booster,mesologica needle mmmm jarum mesoneedle meso skin booster,14.0,8.0,6.0,42.9
Shopee,OBAT CACING VERMORAN MEBENDAZOLE 500MG / MENGATASI CACINGAN YANG AMPUH,vermoran mebendazole,obat cacing vermoran mebendazole mg mengatasi cacingan yang ampuh,obat cacing vermoran mebendazole mg mengatasi cacingan ampuh,obat cacing vermoran mebendazole mg atas cacing ampuh,10.0,8.0,2.0,20.0
Shopee,JAMU CLENG MAREM CAP WAYANG ISI 6 GRAM,cleng marem,jamu cleng marem cap wayang isi gram,jamu cleng cap wayang,jamu cleng cap wayang,8.0,4.0,4.0,50.0
Shopee,Oralit 200 4.1 GRAM 1 SACHET,oralit,oralit gram sachet,oralit,oralit,6.0,1.0,5.0,83.3
Shopee,5PCS Tongkat Pijat Stainless Steel Extendable Alat Garuk Punggung Stainless Extendable Alat Garuk Punggung Bisa Ditarik stainless tongkat panjang,tongkat pijat stainless steel,pcs tongkat pijat stainless steel extendable alat garuk punggung stainless extendable alat garuk punggung bisa ditarik stainless tongkat panjang,tongkat pijat stainless steel extendable alat garuk punggung stainless extendable alat garuk punggung ditarik stainless tongkat,tongkat pijat stainless steel extendable alat garuk punggung stainless extendable alat garuk punggung tarik stainless tongkat,19.0,16.0,3.0,15.8
Shopee,HEROCYN Bedak Badan Tubuh Sejuk Pereda Gatal & Menyegarkan Kulit,herocyn bedak badan,herocyn bedak badan tubuh sejuk pereda gatal menyegarkan kulit,herocyn bedak badan tubuh pereda menyegarkan kulit,herocyn bedak badan tubuh reda segar kulit,10.0,7.0,3.0,30.0
Shopee,Minyak Mantun Mbah Mijan untuk Ambeyen / ambeien / wasir (Ori 100% isi 10ml),minyak mantun mbah mijan,minyak mantun mbah mijan untuk ambeyen ambeien wasir ori isi ml,minyak mantun mbah mijan ambeyen ambeien wasir,minyak mantun mbah mijan ambeyen ambeien wasir,14.0,7.0,7.0,50.0
Shopee,1 Strip Gigi Palsu Caiyu Anterior Atas | Gigi Depan Atas,caiyu anterior atas,strip gigi palsu caiyu anterior atas gigi depan atas,strip gigi caiyu anterior gigi,strip gigi caiyu anterior gigi,11.0,5.0,6.0,54.5
Shopee,Ciplukan Kering kualitas terbaik daun akar buah cecendet kering,ciplukan kering,ciplukan kering kualitas terbaik daun akar buah cecendet kering,ciplukan terbaik daun cecendet,ciplukan baik daun cecendet,9.0,4.0,5.0,55.6
Shopee,XPRESS ! Paramex tablet Paramek Biru Hijau Nyeri Otot,paramex,xpress paramex tablet paramek biru hijau nyeri otot,xpress paramex tablet paramek nyeri otot,xpress paramex tablet paramek nyeri otot,9.0,6.0,3.0,33.3
Shopee,GARAM INGGRIS PENCAHAR CAP GAJAH,garam inggris pencahar cap gajah,garam inggris pencahar cap gajah,garam inggris pencahar cap gajah,garam inggris cahar cap gajah,5.0,5.0,0.0,0.0
Shopee,Botol kapsul FS 85 - 100 ml Tutup Polos,botol fs,botol kapsul fs ml tutup polos,kapsul fs tutup,kapsul fs tutup,9.0,3.0,6.0,66.7
Shopee,BERKA JSR dr Zaidul Akbar Minuman Kewanitaan - Pelancar Haid - PCOS - Nyeri Haid - 150gram,berka jsr,berka jsr dr zaidul akbar minuman kewanitaan pelancar haid pcos nyeri haid gram,berka jsr dr zaidul akbar minuman kewanitaan pelancar haid pcos nyeri haid,berka jsr dr zaidul akbar minum wanita pelancar haid pcos nyeri haid,17.0,12.0,5.0,29.4
Shopee,Wing Needle 23/25/27 Kupu Kupu Arum Untuk Infus,wing needle kupu kupu arum,wing needle kupu kupu arum untuk infus,wing needle kupu kupu arum infus,wing needle kupu kupu arum infus,8.0,6.0,2.0,25.0
Shopee,XPRESS ! Neozep Forte STRIP Obat Batuk Pilek Flu Amplop Catch Cover Zk,neozep forte,xpress neozep forte strip obat batuk pilek flu amplop catch cover zk,xpress neozep forte strip obat batuk pilek flu amplop catch cover zk,xpress neozep forte strip obat batuk pilek flu amplop catch cover zk,13.0,12.0,1.0,7.7
Shopee,Tempra Sirup Rasa Anggur 30 ml,tempra sirup rasa anggur,tempra sirup rasa anggur ml,tempra sirup anggur,tempra sirup anggur,6.0,3.0,3.0,50.0
Shopee,Degirol Hisap 0.25 mg 10 Tablet,degirrol hisap,degirol hisap mg tablet,degirol hisap mg tablet,degirol hisap mg tablet,6.0,4.0,2.0,33.3
Shopee,SANMOL STRIP ISI 4 TABLET Sebagai Penurun Demam,sanmol strip,sanmol strip isi tablet sebagai penurun demam,sanmol strip tablet penurun demam,sanmol strip tablet turun demam,8.0,5.0,3.0,37.5
Shopee,Decolgen Isi 4 Tablet - Obat Batuk Dan Flu,decolgen isi 4 tablet,decolgen isi tablet obat batuk dan flu,decolgen tablet obat batuk flu,decolgen tablet obat batuk flu,9.0,5.0,4.0,44.4
Shopee,Neometor 100 tablet,neometor,neometor tablet,neometor tablet,neometor tablet,3.0,2.0,1.0,33.3
Shopee,Maltofer Drops 30 ml,maltofer drops,maltofer drops ml,maltofer drops,maltofer drops,4.0,2.0,2.0,50.0
Shopee,Intunal F Forte Kuning 1 Strip 4 Tablet,intunal f forte,intunal f forte kuning strip tablet,intunal forte strip tablet,intunal forte strip tablet,8.0,4.0,4.0,50.0
Shopee,Combicitrine Obat Cacing Sirup 10 ML Rasa Jeruk,combicitrine obat cacing sirup,combicitrine obat cacing sirup ml rasa jeruk,combicitrine obat cacing sirup jeruk,combicitrine obat cacing sirup jeruk,8.0,5.0,3.0,37.5
Shopee,Antimo Tablet 1 Lembar Untuk Mabuk Perjalanan,antimo mabuk,antimo tablet lembar untuk mabuk perjalanan,antimo tablet perjalanan,antimo tablet jalan,7.0,3.0,4.0,57.1
Shopee,"Sediment Cartridge Filter Dewater / Spun Putih Dewater 10 Inchi (25,5 cm) berfungsi menyaring benda-benda padat yang ada di dalam air, contohnya: Lumut, kerak, karat, pasir, lumpur, dan lain-lain",sediment cartridge filter,sediment cartridge filter dewater spun putih dewater inchi cm berfungsi menyaring bendabenda padat yang ada di dalam air contohnya lumut kerak karat pasir lumpur dan lainlain,sediment cartridge filter dewater spun dewater inchi berfungsi menyaring bendabenda air contohnya lumut kerak karat lumpur lainlain,sediment cartridge filter dewater spun dewater inchi fungsi nyaring bendabenda air contoh lumut kerak karat lumpur lainlain,29.0,17.0,12.0,41.4
Shopee,Kalpanax Krim,kalpanax krim,kalpanax krim,kalpanax krim,kalpanax krim,2.0,2.0,0.0,0.0
Shopee,NUTRAHIS KAPLET / CeTeMe Obat Anti Alergi CTM 12 Kaplet,nutrahis kaplet,nutrahis kaplet ceteme obat anti alergi ctm kaplet,nutrahis ceteme obat anti alergi ctm,nutrahis ceteme obat anti alergi ctm,10.0,6.0,4.0,40.0
Shopee,MASKER DUCKBILL FACEMASK MOLANDI MIX WARNA ISI 50PCS-MASKER LARIS ISI 50PCS,masker duckbill facemask molandi mix,masker duckbill facemask molandi mix warna isi pcsmasker laris isi pcs,masker duckbill facemask molandi pcsmasker,masker duckbill facemask molandi pcsmasker,11.0,5.0,6.0,54.5
Shopee,Neo Ultraxon Obat Cacing 15ml Perbotol,neo ultraxon obat cacing,neo ultraxon obat cacing ml perbotol,neo ultraxon obat cacing perbotol,neo ultraxon obat cacing botol,6.0,5.0,1.0,16.7
Shopee,XT Herba Oil Minyak Pijat Tahan Lama 10ml BPOM,xt herba oil,xt herba oil minyak pijat tahan lama ml bpom,xt herba oil minyak pijat tahan bpom,xt herba oil minyak pijat tahan bpom,9.0,7.0,2.0,22.2
Shopee,Tempra Syrup Paracetamol Anak Rasa Anggur 30 ml,tempra paracetamol,tempra syrup paracetamol anak rasa anggur ml,tempra syrup paracetamol anggur,tempra syrup paracetamol anggur,8.0,4.0,4.0,50.0
Shopee,SleepFit - Herbal Sleep Patch - Melatonin - 12 Patch / Sachet,sleepfit patch melatonin,sleepfit herbal sleep patch melatonin patch sachet,sleepfit herbal sleep patch melatonin patch,sleepfit herbal sleep patch melatonin patch,12.0,6.0,6.0,50.0
Shopee,paracetamol box pim TRIMAN,paracetamol,paracetamol box pim triman,paracetamol pim triman,paracetamol pim trim,4.0,3.0,1.0,25.0
Shopee,Link Orderan Custom 1 (Ld/Lm/Ls) - Konfirmasi Dulu,ld lm ls,link orderan custom ldlmls konfirmasi dulu,link orderan custom ldlmls konfirmasi,link order custom ldlmls konfirmasi,8.0,5.0,3.0,37.5
Shopee,XPRESS ! Diapet / Diapet NR / Diapet Anak / Jamu untuk mencret,xpress,xpress diapet diapet nr diapet anak jamu untuk mencret,xpress diapet diapet nr diapet jamu mencret,xpress diapet diapet nr diapet jamu mencret,13.0,7.0,6.0,46.2
Shopee,Bodrex Perbal Isi 12 Box @ 2 Strip @ 10 Tab,bodrex perbal,bodrex perbal isi box strip tab,bodrex perbal strip tab,bodrex perbal strip tab,11.0,4.0,7.0,63.6
Shopee,XPRESS ! Promag Tablet Obat Maag Promak Promaag Kembung,promag,xpress promag tablet obat maag promak promaag kembung,xpress promag tablet obat maag promak promaag kembung,xpress promag tablet obat maag promak promaag kembung,9.0,8.0,1.0,11.1
Shopee,SAFETY BOX 5 Liter Sampah Medis/Safetybox/Alkes/BioHazard/Kardus/5L/5Liter,safety box,safety box liter sampah medissafetyboxalkesbiohazardkarduslliter,safety sampah medissafetyboxalkesbiohazardkarduslliter,safety sampah medissafetyboxalkesbiohazardkarduslliter,6.0,3.0,3.0,50.0
Shopee,Maltofer Drops untuk Mencegah Anemia (30 ml),maltofer drops,maltofer drops untuk mencegah anemia ml,maltofer drops mencegah anemia,maltofer drops cegah anemia,7.0,4.0,3.0,42.9
Shopee,XPRESS ! Feminax Obat Nyeri Haid Feminak Menstruasi Mens Perut Pv,feminax,xpress feminax obat nyeri haid feminak menstruasi mens perut pv,xpress feminax obat nyeri haid feminak menstruasi mens perut pv,xpress feminax obat nyeri haid feminak menstruasi mens perut pv,11.0,10.0,1.0,9.1
Shopee,Kartu Formulir Kms Anak Cetak Full Colour Tebal,kartu formulir kms anak cetak,kartu formulir kms anak cetak full colour tebal,kartu formulir kms cetak colour,kartu formulir kms cetak colour,8.0,5.0,3.0,37.5
Shopee,Karet elastik gigi ortho behel dental rubber band elastis karet elastic oz kawat gigi renggang eceran,karet elastik,karet elastik gigi ortho behel dental rubber band elastis karet elastic oz kawat gigi renggang eceran,elastik gigi ortho behel dental rubber band elastic oz kawat gigi renggang eceran,elastik gigi ortho behel dental rubber band elastic oz kawat gigi renggang ecer,16.0,13.0,3.0,18.8
Shopee,Microlax Gel Cepat Mengatasi Sembelit / Microlax Tablet / Microlax Herb / MicrolaxHerb / Pelancar Buang Air Besar,microlax,microlax gel cepat mengatasi sembelit microlax tablet microlax herb microlaxherb pelancar buang air besar,microlax gel mengatasi sembelit microlax tablet microlax herb microlaxherb pelancar buang air,microlax gel atas sembelit microlax tablet microlax herb microlaxherb pelancar buang air,18.0,12.0,6.0,33.3
Shopee,SANMOL PARACETAMOL 500MG PER STRIP ISI 4 TABLET PEREDA NYERI DEMAM SAKIT BADAN MERIANG,sanmol paracetamol,sanmol paracetamol mg per strip isi tablet pereda nyeri demam sakit badan meriang,sanmol paracetamol mg strip tablet pereda nyeri demam badan meriang,sanmol paracetamol mg strip tablet reda nyeri demam badan meriang,14.0,10.0,4.0,28.6
Shopee,Bodrex Tablet (1box Isi 2strip @10tablet) - Obat Sakit Kepala / Demam,bodrex,bodrex tablet box isi strip tablet obat sakit kepala demam,bodrex tablet strip tablet obat kepala demam,bodrex tablet strip tablet obat kepala demam,12.0,7.0,5.0,41.7
Shopee,BORDIR NAMA Doctor’s Scrub / Set Baju Celana Jaga Perawat / Dokter,baju celana jaga perawat,bordir nama doctor’s scrub set baju celana jaga perawat dokter,bordir nama doctor’s scrub baju celana jaga perawat dokter,bordir nama doctor s scrub baju celana jaga awat dokter,12.0,10.0,2.0,16.7
Shopee,Microlax Gel 1 Tube 5 mL / Susah BAB / Sembelit / Pelancar Sulit BAB / Pencahar,microlax gel,microlax gel tube ml susah bab sembelit pelancar sulit bab pencahar,microlax gel tube susah bab sembelit pelancar bab pencahar,microlax gel tube susah bab sembelit pelancar bab cahar,17.0,9.0,8.0,47.1
Shopee,BELERANG MURNI BUBUK 1KG ASLI,belerang murni,belerang murni bubuk kg asli,belerang murni bubuk,belerang murni bubuk,5.0,3.0,2.0,40.0
Shopee,Paracetamol Erita 10 Kaplet Untuk Sakit Kepala Dan Demam,paracetamol erita,paracetamol erita kaplet untuk sakit kepala dan demam,paracetamol erita kepala demam,paracetamol erita kepala demam,9.0,4.0,5.0,55.6
Shopee,Akar Alang Alang Kering Herbal 30gr Detox Ginjal,akar alang alang kering,akar alang alang kering herbal gr detox ginjal,herbal detox ginjal,herbal detox ginjal,8.0,3.0,5.0,62.5
Shopee,PIM-TRA-KOL Cherry-Lemon 60 ml / Pimtrakol-Obat Batuk Pilek Demam,pimtrakol,pimtrakol cherrylemon ml pimtrakolobat batuk pilek demam,pimtrakol cherrylemon pimtrakolobat batuk pilek demam,pimtrakol cherrylemon pimtrakolobat batuk pilek demam,9.0,6.0,3.0,33.3
Shopee,Neo Napacin Eceran Tablet Meringankan Sesak Nafas,neo napacin,neo napacin eceran tablet meringankan sesak nafas,neo napacin eceran tablet meringankan nafas,neo napacin ecer tablet ringan nafas,7.0,6.0,1.0,14.3
Shopee,PROMAG 10 TABLET 1 STRIP KUNYAH OBAT SAKIT MAAG DAN KEMBUNG PROMAAG TABLET MAG,promag tablet,promag tablet strip kunyah obat sakit maag dan kembung promaag tablet mag,promag tablet strip kunyah obat maag kembung promaag tablet mag,promag tablet strip kunyah obat maag kembung promaag tablet mag,14.0,10.0,4.0,28.6
Shopee,OBH Surya Itrasal 100 Ml - Obat Batuk Hitam Aman Anak Dewasa,obh itrasal,obh surya itrasal ml obat batuk hitam aman anak dewasa,obh surya itrasal obat batuk,obh surya itrasal obat batuk,12.0,5.0,7.0,58.3
Shopee,Sarung Tangan Mediglove Latex Non Steril Lembut,mediglove latex,sarung tangan mediglove latex non steril lembut,sarung tangan mediglove latex non,sarung tangan mediglove latex non,7.0,5.0,2.0,28.6
Shopee,Combantrin cair syirup 10ml,combantrin cair,combantrin cair syirup ml,combantrin syirup,combantrin syirup,4.0,2.0,2.0,50.0
Shopee,SANMOL TABLET BOX 25 LEMBAR,sanmol tablet,sanmol tablet box lembar,sanmol tablet,sanmol tablet,5.0,2.0,3.0,60.0
Shopee,R11 Mixagrip isi 4 per LEMBAR,mixagrip,r mixagrip isi per lembar,mixagrip,mixagrip,6.0,1.0,5.0,83.3
Shopee,Blood Lancet Sekali Pakai isi 1pcs + Kasa Steril 16x16 Isi 10 | Drcare Official,blood lancet,blood lancet sekali pakai isi pcs kasa steril x isi drcare official,blood lancet pakai kasa drcare official,blood lancet pakai kasa drcare official,15.0,6.0,9.0,60.0
Shopee,Konvermex 250 Kaplet Pyrantel Pamoate 250 mg,konvermex pyrantel,konvermex kaplet pyrantel pamoate mg,konvermex pyrantel pamoate mg,konvermex pyrantel pamoate mg,7.0,4.0,3.0,42.9
Shopee,Safe Care Minyak Angin Aromatherapy Refreshing Oil 10 mL,safe care minyak angin,safe care minyak angin aromatherapy refreshing oil ml,safe care minyak angin aromatherapy refreshing oil,safe care minyak angin aromatherapy refreshing oil,9.0,7.0,2.0,22.2
Shopee,Sleep Patch 48pcs Corry Good Night Sleep Patch Plester Mulut Tidur Obat Tidur Ampuh Sleeping Patch Sleep Aid Patch Sticker Plester Bantu Tidur Anti Insomnia Sleep Patch Bantu Tidur Relieve Insomnia Muscle Tension Physical Fatigue Anxiety,sleep patch,sleep patch pcs corry good night sleep patch plester mulut tidur obat tidur ampuh sleeping patch sleep aid patch sticker plester bantu tidur anti insomnia sleep patch bantu tidur relieve insomnia muscle tension physical fatigue anxiety,sleep patch corry good night sleep patch plester mulut tidur obat tidur ampuh sleeping patch sleep aid patch sticker plester bantu tidur anti insomnia sleep patch bantu tidur relieve insomnia muscle tension physical fatigue anxiety,sleep patch corry good night sleep patch plester mulut tidur obat tidur ampuh sleeping patch sleep aid patch sticker plester bantu tidur anti insomnia sleep patch bantu tidur relieve insomnia muscle tension physical fatigue anxiety,36.0,35.0,1.0,2.8
Shopee,Polysilane Sirup/Suspensi 180 mL - Obat Maag dan Kembung,polysilane sirup,polysilane sirupsuspensi ml obat maag dan kembung,polysilane sirupsuspensi obat maag kembung,polysilane sirupsuspensi obat maag kembung,9.0,5.0,4.0,44.4
Shopee,Mylanta Cair 50 Ml Untuk Meredakan Asam Lambung,mylanta cair,mylanta cair ml untuk meredakan asam lambung,mylanta meredakan lambung,mylanta reda lambung,8.0,3.0,5.0,62.5
Shopee,Minuman Cokelat Vmax obatsange khusus wanita obatperang sang wanita,cokelat vmax,minuman cokelat vmax obatsange khusus wanita obatperang sang wanita,minuman vmax obatsange obatperang sang,minum vmax obatsange obatperang sang,9.0,5.0,4.0,44.4
Shopee,PROMAG SLOP isi 4 Kotak(120 tablet)- Obat Maag Tablet,promag slop,promag slop isi kotak tablet obat maag tablet,promag slop tablet obat maag tablet,promag slop tablet obat maag tablet,9.0,6.0,3.0,33.3
Shopee,Corry Good Night Sleep Patch - Koyo Sleep Patch Melatonin Bantu Tidur - Tidur Nyenyak - Anti Insomnia - Bangun Fresh,koyo sleep patch,corry good night sleep patch koyo sleep patch melatonin bantu tidur tidur nyenyak anti insomnia bangun fresh,corry good night sleep patch koyo sleep patch melatonin bantu tidur tidur anti insomnia bangun fresh,corry good night sleep patch koyo sleep patch melatonin bantu tidur tidur anti insomnia bangun fresh,21.0,16.0,5.0,23.8
Shopee,Sticker Koyo Penghangat Badan Hot Pack Koyo Warmer Heat Pack,koyo penghangat badan,sticker koyo penghangat badan hot pack koyo warmer heat pack,sticker koyo penghangat badan hot koyo warmer heat,sticker koyo hangat badan hot koyo warmer heat,10.0,8.0,2.0,20.0
Shopee,Swiss Paris Lotion Penghilang Tahi Lalat dan Kutil - Penghilang mata ikan - Swiss Paris Lotion,swiss paris lotion,swiss paris lotion penghilang tahi lalat dan kutil penghilang mata ikan swiss paris lotion,swiss paris lotion penghilang tahi lalat kutil penghilang mata ikan swiss paris lotion,swiss paris lotion hilang tahi lalat kutil hilang mata ikan swiss paris lotion,16.0,13.0,3.0,18.8
Shopee,Gom glycerine per box isi 24 botol,gom glycerine,gom glycerine per box isi botol,gom glycerine,gom glycerine,7.0,2.0,5.0,71.4
Shopee,POT URIN 10 CC / WADAH URIN / POT OBAT / POT SALEP / WADAH SALEP / POT PLASTIK 10 CC / POT CREAM,pot urin,pot urin cc wadah urin pot obat pot salep wadah salep pot plastik cc pot cream,pot urin cc urin pot obat pot salep salep pot plastik cc pot cream,pot urin cc urin pot obat pot salep salep pot plastik cc pot cream,24.0,14.0,10.0,41.7
Shopee,Obat Haid Kista Miom Keputihan Benjolan Miss V Gatal Bau Turun Peranakan Sakit Perut Bawah Turun Rahim Sakit Pinggul Sehat Wanita Original Herbal Alami Bpom Halal Mui obattelat datang bulan paling ampuh NAMUN SETIAP ORANG HASILNYA BERBEDA,obat haid,obat haid kista miom keputihan benjolan miss v gatal bau turun peranakan sakit perut bawah turun rahim sakit pinggul sehat wanita original herbal alami bpom halal mui obattelat datang bulan paling ampuh namun setiap orang hasilnya berbeda,obat haid kista miom keputihan benjolan miss bau turun peranakan perut turun pinggul herbal bpom mui obattelat ampuh orang hasilnya berbeda,obat haid kista miom putih benjol miss bau turun ana perut turun pinggul herbal bpom mui obattelat ampuh orang hasil beda,37.0,21.0,16.0,43.2
Shopee,RAHASIA DIJAMIN AMAN Kondom SUTRA 003 Super Tipis Nyaman Kuat Extra Lubrikasi 1Box Isi 2 Pcs,kondom sutra,rahasia dijamin aman kondom sutra super tipis nyaman kuat extra lubrikasi box isi pcs,dijamin kondom sutra extra lubrikasi,jamin kondom sutra extra lubrikasi,16.0,5.0,11.0,68.8
Shopee,Angong Niuhuang Wan Original Obat Stroke Angkung Herbal Cina Original,angong niuhuang wan,angong niuhuang wan original obat stroke angkung herbal cina original,angong niuhuang wan obat stroke angkung herbal cina,angong niuhuang wan obat stroke angkung herbal cina,10.0,8.0,2.0,20.0
Shopee,Pispot Plastik Pipis Dewasa Tempat Urine Pria Dengan Tutup Laki Laki Pria Wanita Urinal,pispot plastik pipis,pispot plastik pipis dewasa tempat urine pria dengan tutup laki laki pria wanita urinal,pispot plastik pipis urine tutup urinal,pispot plastik pipis urine tutup urinal,14.0,6.0,8.0,57.1
Shopee,XPRESS ! 10 tablet Degirol Tablet Hisap Troches - Permen Sakit Tenggorokan FG,degirol tablet hisap troches,xpress tablet degirol tablet hisap troches permen sakit tenggorokan fg,xpress tablet degirol tablet hisap troches permen tenggorokan fg,xpress tablet degirol tablet hisap troches permen tenggorok fg,13.0,9.0,4.0,30.8
Shopee,1STRIP ENERVON ACTIVE STRIP ISI 4 TABLET ENERVON C ACTIVE ENERVON-C ACTIVE MULTIVITAMIN,enervon c active multivitamin,strip enervon active strip isi tablet enervon c active enervonc active multivitamin,strip enervon active strip tablet enervon active enervonc active multivitamin,strip enervon active strip tablet enervon active enervonc active multivitamin,13.0,10.0,3.0,23.1
Shopee,OBH Nellco Special PE Sirup 100 ml,nellco sirup,obh nellco special pe sirup ml,obh nellco special pe sirup,obh nellco special pe sirup,7.0,5.0,2.0,28.6
Shopee,Antimo Strip 10 Tablet,antimo strip,antimo strip tablet,antimo strip tablet,antimo strip tablet,4.0,3.0,1.0,25.0
Shopee,(MUTIARA ALKES)ECERAN 1pcs - Jarum Insulin / Needle BD Ultra Fine Hijau / Micro Fine Ungu/ Pen Needle ONEHEALTH,jarum insulin,mutiara alkeseceran pcs jarum insulin needle bd ultra fine hijau micro fine ungu pen needle onehealth,mutiara alkeseceran jarum insulin needle bd fine micro fine pen needle onehealth,mutiara alkeseceran jarum insulin needle bd fine micro fine pen needle onehealth,19.0,12.0,7.0,36.8
Shopee,Microlax Gel - Box isi 3 Tube @ 5 mL Atasi Sembelit (Susah BAB),microlax gel,microlax gel box isi tube ml atasi sembelit susah bab,microlax gel tube atasi sembelit susah bab,microlax gel tube atas sembelit susah bab,14.0,7.0,7.0,50.0
Shopee,Safe Care Minyak Angin Aromatherapy Refreshing Oil 30 ML,safe care minyak angin,safe care minyak angin aromatherapy refreshing oil ml,safe care minyak angin aromatherapy refreshing oil,safe care minyak angin aromatherapy refreshing oil,9.0,7.0,2.0,22.2
Shopee,Mouthpiece alcoscan Al 6000 original,mouthpiece,mouthpiece alcoscan al original,mouthpiece alcoscan al,mouthpiece alcoscan al,5.0,3.0,2.0,40.0
Shopee,Red Gel Minyak Pijat Intimate Gel For Men 50ml,red gel minyak pijat,red gel minyak pijat intimate gel for men ml,red gel minyak pijat intimate gel for men,red gel minyak pijat intimate gel for men,9.0,8.0,1.0,11.1
Shopee,Promag Tablet Kunyah 1 Box Isi 3 Lembar,promag tablet kunyah,promag tablet kunyah box isi lembar,promag tablet kunyah,promag tablet kunyah,8.0,3.0,5.0,62.5
Shopee,Blood Lancet 28G Isi 1pcs + Safeglove Nitrile | Perlengkapan Medis Drcare,blood lancet,blood lancet g isi pcs safeglove nitrile perlengkapan medis drcare,blood lancet safeglove nitrile perlengkapan medis drcare,blood lancet safeglove nitrile lengkap medis drcare,12.0,7.0,5.0,41.7
Shopee,PROMAG 1 STRIP OBAT ASAM LAMBUNG & GERD .,promag,promag strip obat asam lambung gerd,promag strip obat lambung gerd,promag strip obat lambung gerd,9.0,5.0,4.0,44.4
Shopee,Oneswabs Swab Tissue Steril,tisu steril,oneswabs swab tissue steril,oneswabs swab tissue,oneswabs swab tissue,4.0,3.0,1.0,25.0
Shopee,Tempra Drops Syrup Paracetamol Anak (0-2 Tahun) Rasa Anggur 15 ml,tempra drops paracetamol,tempra drops syrup paracetamol anak tahun rasa anggur ml,tempra drops syrup paracetamol anggur,tempra drops syrup paracetamol anggur,11.0,5.0,6.0,54.5
Shopee,Face Shield Kacamata Nagita 002 Faceshield Pelindung Wajah - TANPA BOX,face shield kacamata nagita faceshield,face shield kacamata nagita faceshield pelindung wajah tanpa box,face shield kacamata nagita faceshield pelindung wajah,face shield kacamata nagita faceshield lindung wajah,11.0,7.0,4.0,36.4
Shopee,Hufagrip Hufagripp All Variant Flu Batuk Pilek BP Demam / H Booster,hufagrip,hufagrip hufagripp all variant flu batuk pilek bp demam h booster,hufagrip hufagripp flu batuk pilek bp demam booster,hufagrip hufagripp flu batuk pilek bp demam booster,12.0,8.0,4.0,33.3
Shopee,Paramex isi 4 Tablet - Obat Sakit Kepala,paramex,paramex isi tablet obat sakit kepala,paramex tablet obat kepala,paramex tablet obat kepala,8.0,4.0,4.0,50.0
Shopee,Tong Spatel Kayu / Wooden Tongue Depressor / Spatel Kayu isi 50 pcs,tong spatel kayu,tong spatel kayu wooden tongue depressor spatel kayu isi pcs,tong spatel kayu wooden tongue depressor spatel kayu,tong spatel kayu wooden tongue depressor spatel kayu,13.0,8.0,5.0,38.5
Shopee,Lintah Alam 100% Asli alam. lintah sudah di sterilisasi Lintah ukuran kecil agak besar cocok untuk terapi. silahkan di order kak minimal pembelian 20 ekor yah kak. terimakasih,lintah alam,lintah alam asli alam lintah sudah di sterilisasi lintah ukuran kecil agak besar cocok untuk terapi silahkan di order kak minimal pembelian ekor yah kak terimakasih,lintah alam alam lintah sterilisasi lintah terapi silahkan order kak pembelian ekor yah kak terimakasih,lintah alam alam lintah sterilisasi lintah terapi silah order kak beli ekor yah kak terimakasih,28.0,15.0,13.0,46.4
Shopee,Nylon polishing brush sikat pemoles nilon,nylon polishing brush,nylon polishing brush sikat pemoles nilon,nylon polishing brush sikat pemoles nilon,nylon polishing brush sikat moles nilon,6.0,6.0,0.0,0.0
Shopee,Obat Kutil Kelamin - GOPILOMA & GOLUKA ASLI - Kutil di Kemaluan Langsung Rontok Hanya Sekali Oles,gopiloma goluka,obat kutil kelamin gopiloma goluka asli kutil di kemaluan langsung rontok hanya sekali oles,obat kutil kelamin gopiloma goluka kutil kemaluan langsung rontok oles,obat kutil kelamin gopiloma goluka kutil malu langsung rontok oles,17.0,10.0,7.0,41.2
Shopee,LECOZINC Tablet Ifars STRIP isi 10 Zinc Sulfate Obat Diare HALAL MUI,lecozinc,lecozinc tablet ifars strip isi zinc sulfate obat diare halal mui,lecozinc tablet ifars strip zinc sulfate obat diare mui,lecozinc tablet ifars strip zinc sulfate obat diare mui,12.0,9.0,3.0,25.0
Shopee,Cetak Etiket Label Obat Stiker Sirup / Etiket Obat Resep Apotek,"maaf, saya tidak dapat membantu dengan permintaan tersebut.",cetak etiket label obat stiker sirup etiket obat resep apotek,cetak etiket label obat stiker sirup etiket obat resep apotek,cetak etiket label obat stiker sirup etiket obat resep apotek,11.0,10.0,1.0,9.1
Shopee,VERMINT 12 KAPSUL - KAPSUL CACING VERMINT | Lumbriminfit,vermint cacing,vermint kapsul kapsul cacing vermint lumbriminfit,vermint kapsul kapsul cacing vermint lumbriminfit,vermint kapsul kapsul cacing vermint lumbriminfit,9.0,6.0,3.0,33.3
Shopee,NEO NAPACIN KEMASAN BARU BOX,napacin,neo napacin kemasan baru box,neo napacin,neo napacin,5.0,2.0,3.0,60.0
Shopee,Tempra Syrup Rasa Anggur 60 ml - Meredakan Demam Anak,tempra syrup rasa anggur,tempra syrup rasa anggur ml meredakan demam anak,tempra syrup anggur meredakan demam,tempra syrup anggur reda demam,10.0,5.0,5.0,50.0
Shopee,"Obat Herbal Sipilis, Gonore, Kutil Kelamin, Kencing Nanah, Klamydia - Ampuh Triganos Bharata",triganos bharata,obat herbal sipilis gonore kutil kelamin kencing nanah klamydia ampuh triganos bharata,obat herbal sipilis gonore kutil kelamin kencing nanah klamydia ampuh triganos bharata,obat herbal sipil gonore kutil kelamin kencing nanah klamydia ampuh triganos bharata,13.0,12.0,1.0,7.7
Shopee,Daun Sirih Segar [Harga Perlembar],daun sirih,daun sirih segar harga perlembar,daun sirih perlembar,daun sirih lembar,5.0,3.0,2.0,40.0
Shopee,"KURMAQU GMJ Ekstrak Sari Kurma, Gamat, Madu, Jahe Isi 350gr Sudah BPOM & Halal MUI 100% Original Bergaransi",kurmaqu ekstrak sari kurma gamat madu jahe,kurmaqu gmj ekstrak sari kurma gamat madu jahe isi gr sudah bpom halal mui original bergaransi,kurmaqu gmj ekstrak sari kurma gamat madu jahe bpom mui bergaransi,kurmaqu gmj ekstrak sari kurma gamat madu jahe bpom mui garansi,18.0,11.0,7.0,38.9
Shopee,(Tersedia Harga Grosir) Tanpa BOX Gang Qi / GangQi Korset / Sabuk Terapi,gang qi korset,tersedia harga grosir tanpa box gang qi gangqi korset sabuk terapi,gang qi gangqi korset sabuk terapi,gang qi gangqi korset sabuk terapi,13.0,6.0,7.0,53.8
Shopee,Obat Batuk Cap Ibu & Anak Sirup 300 ml,obat batuk sirup,obat batuk cap ibu anak sirup ml,obat batuk cap sirup,obat batuk cap sirup,9.0,4.0,5.0,55.6
Shopee,KOYO KAKI PENYERAP RACUN BAMBOO GOLD ORIGINAL DETOX FOOT,koyo kaki penyerap racun bamboo,koyo kaki penyerap racun bamboo gold original detox foot,koyo kaki penyerap racun bamboo gold detox foot,koyo kaki serap racun bamboo gold detox foot,9.0,8.0,1.0,11.1
Shopee,Stiker Lasa | Stiker High Alert | Stiker Obat Keras Psikotropika | Stiker Obat Bebas | Stiker Obat Bebas Terbatas Dia. 1 cm,stiker lasa,stiker lasa stiker high alert stiker obat keras psikotropika stiker obat bebas stiker obat bebas terbatas dia cm,stiker lasa stiker high alert stiker obat psikotropika stiker obat stiker obat,stiker lasa stiker high alert stiker obat psikotropika stiker obat stiker obat,23.0,12.0,11.0,47.8
Shopee,OSKADON SP 4 TABLET OBAT PEREDA NYERI OTOT OSKADON OTOT,oskadon otot,oskadon sp tablet obat pereda nyeri otot oskadon otot,oskadon sp tablet obat pereda nyeri otot oskadon otot,oskadon sp tablet obat reda nyeri otot oskadon otot,10.0,9.0,1.0,10.0
Shopee,Daun Binahong Segar Asli Original Untuk Kesehatan,daun binahong,daun binahong segar asli original untuk kesehatan,daun binahong kesehatan,daun binahong sehat,7.0,3.0,4.0,57.1
Shopee,Etiket sirup obat stiker 150pcs,sirup obat,etiket sirup obat stiker pcs,etiket sirup obat stiker,etiket sirup obat stiker,5.0,4.0,1.0,20.0
Shopee,MURAH / DAUN KARET KEBO SEGAR PER LEMBAR / KARET KEBO / HERBAL / STROKE / DARAH TINGGI,daun karet kebo,murah daun karet kebo segar per lembar karet kebo herbal stroke darah tinggi,daun kebo kebo herbal stroke darah,daun kebo kebo herbal stroke darah,18.0,6.0,12.0,66.7
Shopee,PROSTANIX Asli Obat Prostat Original Herbal Alami Tanpa Efek Samping,prostanix,prostanix asli obat prostat original herbal alami tanpa efek samping,prostanix obat prostat herbal efek samping,prostanix obat prostat herbal efek samping,10.0,6.0,4.0,40.0
Shopee,Combantrin Obat Cacing Cair Syrup Sirup 10 ml,combantrin obat cacing,combantrin obat cacing cair syrup sirup ml,combantrin obat cacing syrup sirup,combantrin obat cacing syrup sirup,8.0,5.0,3.0,37.5
Shopee,Resida Penganti Kaplanax Cair,resida penganti kaplanax cair,resida penganti kaplanax cair,resida penganti kaplanax,resida anti kaplanax,4.0,3.0,1.0,25.0
Shopee,DIAPET 10 KAPSUL KAPSUL UNTUK MENCRET BUANG AIR BESAR MULAS FESES,kapsul untuk mencecret,diapet kapsul kapsul untuk mencret buang air besar mulas feses,diapet kapsul kapsul mencret buang air mulas feses,diapet kapsul kapsul mencret buang air mulas feses,11.0,8.0,3.0,27.3
Shopee,Antacida doen box,antacida,antacida doen box,antacida doen,antacida doen,3.0,2.0,1.0,33.3
Shopee,Teh Bajakah Kalimantan Kualitas Terbaik 100% Asli Bajakah kalalwit isi 30 pcs,bajakah kalalwit,teh bajakah kalimantan kualitas terbaik asli bajakah kalalwit isi pcs,teh bajakah kalimantan terbaik bajakah kalalwit,teh baja kalimantan baik baja kalalwit,12.0,6.0,6.0,50.0
Shopee,"specimen collection swab / orofaring / naso swab tenggorokan, mulut",swab orofaring naso swab,specimen collection swab orofaring naso swab tenggorokan mulut,specimen collection swab orofaring naso swab tenggorokan mulut,specimen collection swab orofaring naso swab tenggorok mulut,10.0,8.0,2.0,20.0
Shopee,Bodrex 20 Tablet Lapis Dua Bode Paracetamol Caffeine Sakit Kepala Demam Sakit Gigi BODREX 20TAB,bodrex,bodrex tablet lapis dua bode paracetamol caffeine sakit kepala demam sakit gigi bodrex tab,bodrex tablet lapis bode paracetamol caffeine kepala demam gigi bodrex tab,bodrex tablet lapis bode paracetamol caffeine kepala demam gigi bodrex tab,15.0,11.0,4.0,26.7
Shopee,Lunafore Sleep Patch Sticker 18 Pcs - Sleep Patch Koyo Tidur Melatonin Bantu Insomnia Tidur Nyenyak,lunafore sleep patch,lunafore sleep patch sticker pcs sleep patch koyo tidur melatonin bantu insomnia tidur nyenyak,lunafore sleep patch sticker sleep patch koyo tidur melatonin bantu insomnia tidur,lunafore sleep patch sticker sleep patch koyo tidur melatonin bantu insomnia tidur,16.0,12.0,4.0,25.0
Shopee,Fufang Ejiao Jiang Asli Original SSA Efektif Dan Aman,fufang ejiao jiang,fufang ejiao jiang asli original ssa efektif dan aman,fufang ejiao jiang ssa,fufang ejiao jiang ssa,9.0,4.0,5.0,55.6
Shopee,XT Spray Balur Minyak Pijat Oba Kuat Pria Tahan Lama Mengatasi Pria lemah Tanpa Kebas Original BPOM 10ml,xt spray balur minyak pijat oba kuat,xt spray balur minyak pijat oba kuat pria tahan lama mengatasi pria lemah tanpa kebas original bpom ml,xt spray balur minyak pijat oba tahan mengatasi kebas bpom,xt spray balur minyak pijat oba tahan atas kebas bpom,18.0,10.0,8.0,44.4
Shopee,Vermint Kecil Isi 12 Kapsul Cacing Ekstrak Lumbricus Rubellus,vermint kecil cacing ekstrak lumbricus rubellus,vermint kecil isi kapsul cacing ekstrak lumbricus rubellus,vermint kapsul cacing ekstrak lumbricus rubellus,vermint kapsul cacing ekstrak lumbricus rubellus,9.0,6.0,3.0,33.3
Shopee,Vitamin b complex pim isi 100 kaplet,vitamin b complex,vitamin b complex pim isi kaplet,vitamin complex pim,vitamin complex pim,7.0,3.0,4.0,57.1
Shopee,"ETIKET SYRUP - ETIKET, LABEL STICKER - LABEL SYRUP","etiket syrup
 label sticker
 label syrup",etiket syrup etiket label sticker label syrup,etiket syrup etiket label sticker label syrup,etiket syrup etiket label sticker label syrup,9.0,7.0,2.0,22.2
Shopee,Pil anti pelakor asli kalimantan / jamu herbal wanita anti pelakor /pil keset rapet,"pil anti pelakor
 jamu herbal wanita anti pelakor
 pil kes",pil anti pelakor asli kalimantan jamu herbal wanita anti pelakor pil keset rapet,pil anti pelakor kalimantan jamu herbal anti pelakor pil keset rapet,pil anti pelakor kalimantan jamu herbal anti pelakor pil keset rapet,14.0,11.0,3.0,21.4
Shopee,KOYO KAKI PENYERAP RACUN BAMBOO GOLD ORIGINAL DETOX FOOT (ISI SEPASANG),koyo kaki penyerap racun bamboo,koyo kaki penyerap racun bamboo gold original detox foot isi sepasang,koyo kaki penyerap racun bamboo gold detox foot,koyo kaki serap racun bamboo gold detox foot,11.0,8.0,3.0,27.3
Shopee,PLASTIK KRESEK SABLON MURAH - CUSTOM NAMA - PLASTIK DOKTER - PLASTIK BIDAN - PLASTIK KLINIK - MINIMAL 1000 LEMBAR,plastik kresek sablon,plastik kresek sablon murah custom nama plastik dokter plastik bidan plastik klinik minimal lembar,plastik kresek sablon custom nama plastik dokter plastik bidan plastik klinik,plastik kresek sablon custom nama plastik dokter plastik bidan plastik klinik,20.0,11.0,9.0,45.0
Shopee,Paket Terapi K-MURICATA & MAZON B 100% Original Asli,k muricata & mazon,paket terapi kmuricata mazon b original asli,terapi kmuricata mazon,terapi kmuricata mazon,9.0,3.0,6.0,66.7
Shopee,FIXME + Flu Batuk Melegakan Pernapasan + Kemasan 80-120-330gr - Rekomendasi dr. Zaidul Akbar,flu batuk melegakan pernapasan,fixme flu batuk melegakan pernapasan kemasan gr rekomendasi dr zaidul akbar,fixme flu batuk melegakan pernapasan dr zaidul akbar,fixme flu batuk lega napas dr zaidul akbar,14.0,8.0,6.0,42.9
Shopee,[BIG SALE] Daun Sirih Merah Segar Per Lembar / Suruh Wulung / Anti Kangker / Ambeien / Diabetes,daun sirih merah,big sale daun sirih merah segar per lembar suruh wulung anti kangker ambeien diabetes,big daun sirih suruh wulung anti kangker ambeien diabetes,big daun sirih suruh wulung anti kangker ambeien diabetes,18.0,9.0,9.0,50.0
Shopee,Microlax Gel 1tube dan 3 tube / Cepat Mengatasi Sembelit/MIcrolax/Susah BAB/Konstipasi,microlax,microlax gel tube dan tube cepat mengatasi sembelitmicrolaxsusah babkonstipasi,microlax gel tube tube mengatasi sembelitmicrolaxsusah babkonstipasi,microlax gel tube tube atas sembelitmicrolaxsusah babkonstipasi,11.0,7.0,4.0,36.4
Shopee,TERMURAH ETIKET SYRUP (Minimal 500 pcs)-STICKER - STICKER SYRUP - ETIKET - ETIKET SIRUP - LABEL - LABEL SYRUP - LABEL DOKTER BIDAN KLINIK APOTEK,etiket sirup,termurah etiket syrup minimal pcssticker sticker syrup etiket etiket sirup label label syrup label dokter bidan klinik apotek,etiket syrup pcssticker sticker syrup etiket etiket sirup label label syrup label dokter bidan klinik apotek,etiket syrup pcssticker sticker syrup etiket etiket sirup label label syrup label dokter bidan klinik apotek,25.0,16.0,9.0,36.0
Shopee,Promag,promag,promag,promag,promag,1.0,1.0,0.0,0.0
Shopee,DULCOLAX BISACODYL 5MG 10 TABLETS MENGATASI KONSTIPASI DULCOLAK PENCAHAR,dulcolax bisacodyl,dulcolax bisacodyl mg tablets mengatasi konstipasi dulcolak pencahar,dulcolax bisacodyl mg tablets mengatasi dulcolak pencahar,dulcolax bisacodyl mg tablets atas dulcolak cahar,9.0,7.0,2.0,22.2
Shopee,Obat Batuk Mixadin Untuk Flu Dan Alergi,mixadin,obat batuk mixadin untuk flu dan alergi,obat batuk mixadin flu alergi,obat batuk mixadin flu alergi,7.0,5.0,2.0,28.6
Shopee,"HARGA PERLEMBAR BUKAN PERBUNGKUS YA, Armpit Pad Pembalut Ketiak Anti Ketiak Basah Penyerap Keringat tipis",armpit pad pembalut ketiak anti ketiak,harga perlembar bukan perbungkus ya armpit pad pembalut ketiak anti ketiak basah penyerap keringat tipis,perlembar perbungkus ya armpit pad pembalut ketiak anti ketiak penyerap keringat,lembar bungkus ya armpit pad balut ketiak anti ketiak serap keringat,15.0,11.0,4.0,26.7
Shopee,ANTIMO ( OBAT ANTI MABUK / MUNTAH ),antimo,antimo obat anti mabuk muntah,antimo obat anti muntah,antimo obat anti muntah,8.0,4.0,4.0,50.0
Shopee,Pil Galian Rapet Medunten,pil galian rapet,pil galian rapet medunten,pil galian rapet medunten,pil gali rapet medunten,4.0,4.0,0.0,0.0
Shopee,Cetak Kartu Rekam Medis / Medical Record Card / Kartu Riwayat Pasien,"maaf, saya tidak dapat membantu anda dalam mencetak kartu rekam medis atau kart",cetak kartu rekam medis medical record card kartu riwayat pasien,cetak kartu rekam medis medical record card kartu riwayat pasien,cetak kartu rekam medis medical record card kartu riwayat pasien,12.0,10.0,2.0,16.7
Shopee,OBAT CINA UNTUK MATA MINUS (Asli),obat cina mata minus,obat cina untuk mata minus asli,obat cina mata minus,obat cina mata minus,6.0,4.0,2.0,33.3
Shopee,Buccal Tube ROTH M1 & M2 FDA / BUCCALTUBE / BUCCAL CUP,buccal tube roth,buccal tube roth m m fda buccaltube buccal cup,buccal tube roth fda buccaltube buccal cup,buccal tube roth fda buccaltube buccal cup,12.0,7.0,5.0,41.7
Shopee,Organik 100% fresh daun sirih hijau segar petik langsung dari kebun,daun sirih,organik fresh daun sirih hijau segar petik langsung dari kebun,fresh daun sirih petik langsung kebun,fresh daun sirih petik langsung kebun,11.0,6.0,5.0,45.5
Shopee,COLOCASIA ASLI ORIGINAL OBAT ANTI SENDI TERBAIK DIJAMIN KHASIATNYA MANJUR TOPCER,colocasia asli,colocasia asli original obat anti sendi terbaik dijamin khasiatnya manjur topcer,colocasia obat anti sendi terbaik dijamin khasiatnya topcer,colocasia obat anti sendi baik jamin khasiat topcer,11.0,8.0,3.0,27.3
Shopee,OBAT CINA UNTUK TULANG DAN NYERI SENDI (Asli),obat cina,obat cina untuk tulang dan nyeri sendi asli,obat cina tulang nyeri sendi,obat cina tulang nyeri sendi,8.0,5.0,3.0,37.5
Shopee,[ECER] Needle 32G 4mm/13mm 34G 4mm | Jarum Mesoneedle | Meso Skin Booster,mesoneedle,ecer needle g mmmm g mm jarum mesoneedle meso skin booster,needle mmmm jarum mesoneedle meso skin booster,needle mmmm jarum mesoneedle meso skin booster,13.0,7.0,6.0,46.2
Shopee,PIM-TRA-KOL Syrup Batuk Pilek Rasa Lemon & Cherry,pim-tra-kol syrup batuk pilek,pimtrakol syrup batuk pilek rasa lemon cherry,pimtrakol syrup batuk pilek lemon cherry,pimtrakol syrup batuk pilek lemon cherry,8.0,6.0,2.0,25.0
Shopee,Obat Penghilang Bekas Luka Operasi - Obat Anti Nyeri Pasca Operasi Caesar | Channamax Bharata Original,channamax bharata,obat penghilang bekas luka operasi obat anti nyeri pasca operasi caesar channamax bharata original,obat penghilang bekas luka operasi obat anti nyeri pasca operasi caesar channamax bharata,obat hilang bekas luka operasi obat anti nyeri pasca operasi caesar channamax bharata,16.0,13.0,3.0,18.8
Shopee,Sarung Tangan SAFEGLOVE Nitrile Latex Karet Medis,safeglove nitrile latex karet medis,sarung tangan safeglove nitrile latex karet medis,sarung tangan safeglove nitrile latex medis,sarung tangan safeglove nitrile latex medis,7.0,6.0,1.0,14.3
Shopee,MASKER KN95 WARNA WARNI ISI 10 PCS MASKER KN 95 5PLY HIGHT QUALITY,masker kn95,masker kn warna warni isi pcs masker kn ply hight quality,masker kn warni masker kn ply hight quality,masker kn warni masker kn ply hight quality,13.0,8.0,5.0,38.5
Shopee,OBAT HIPERTENSI DARAH TINGGI ORIGINAL CINA HERBAL (Asli),obat hipertensi darah tinggi,obat hipertensi darah tinggi original cina herbal asli,obat hipertensi darah cina herbal,obat hipertensi darah cina herbal,8.0,5.0,3.0,37.5
Shopee,Vitamin C 1000 Mg Sidomuncul (Memelihara Daya Tahan Tubuh),vitamin c sidomuncul,vitamin c mg sidomuncul memelihara daya tahan tubuh,vitamin mg sidomuncul memelihara daya tahan tubuh,vitamin mg sidomuncul pelihara daya tahan tubuh,9.0,7.0,2.0,22.2
Shopee,HE HONG HUA 10GR HE HUNG HUA Saffron Teh Bunga Safflower saflower,he hong hua saffron,he hong hua gr he hung hua saffron teh bunga safflower saflower,he hong hua he hung hua saffron teh bunga safflower saflower,he hong hua he hung hua saffron teh bunga safflower saflower,12.0,11.0,1.0,8.3
Shopee,Obat Luka Sipilis Luka Kelamin Luka Pasca Operasi Luka Bakar Kecelakaan PALING AMPUH Goluka ASLI,goluka,obat luka sipilis luka kelamin luka pasca operasi luka bakar kecelakaan paling ampuh goluka asli,obat luka sipilis luka kelamin luka pasca operasi luka bakar kecelakaan ampuh goluka,obat luka sipil luka kelamin luka pasca operasi luka bakar celaka ampuh goluka,15.0,13.0,2.0,13.3
Shopee,MASKER KF94 KF MOUSON PUTIH HITAM ABU 4PLY PACK ISI 10PCS | MASKER KF94 CAREION BLACK WHITE GREY | MASKER MOUSON KF94 WARNA 4PLY HITAM PUTIH ABU GREY EMBOSS | MASKER KOREA 4PLY PACK ISI 10 PACK ISI 10,masker kf94 mouson,masker kf kf mouson putih hitam abu ply pack isi pcs masker kf careion black white grey masker mouson kf warna ply hitam putih abu grey emboss masker korea ply pack isi pack isi,masker kf kf mouson abu ply masker kf careion black white grey masker mouson kf ply abu grey emboss masker korea ply,masker kf kf mouson abu ply masker kf careion black white grey masker mouson kf ply abu grey emboss masker korea ply,39.0,22.0,17.0,43.6
Shopee,Muzoral krim isi 5 gr,muzoral krim,muzoral krim isi gr,muzoral krim,muzoral krim,5.0,2.0,3.0,60.0
Shopee,Xpress ! Ecer Komix Kid Anak Kids Obat Batuk Sachet Sirup Cair,komix kid,xpress ecer komix kid anak kids obat batuk sachet sirup cair,xpress komix kid kids obat batuk sirup,xpress komix kid kids obat batuk sirup,12.0,7.0,5.0,41.7
Shopee,Panadol Tablet - Pereda Nyeri & Penurun Demam,panadol,panadol tablet pereda nyeri penurun demam,panadol tablet pereda nyeri penurun demam,panadol tablet reda nyeri turun demam,8.0,6.0,2.0,25.0
Shopee,Daun sirsak / sirsat segar,daun sirsak,daun sirsak sirsat segar,daun sirsak sirsat,daun sirsak sirsat,5.0,3.0,2.0,40.0
Shopee,Belerang bubuk murni powder halus /sulfur murni 100 Mjsr,belerang bubuk,belerang bubuk murni powder halus sulfur murni mjsr,belerang bubuk murni powder sulfur murni mjsr,belerang bubuk murni powder sulfur murni mjsr,9.0,7.0,2.0,22.2
Shopee,OLESIN ID ORIGIN4L 100% DISTRIBUTOR OLESIN ID ORIGINAL MINYAK GINSENG OBAT BENJOLAN,olesin id original minyak ginseng,olesin id originl distributor olesin id original minyak ginseng obat benjolan,olesin id originl distributor olesin id minyak ginseng obat benjolan,olesin id originl distributor olesin id minyak ginseng obat benjol,12.0,10.0,2.0,16.7
Shopee,Dulcolax Tablet Harga Strip Isi 10 Tablet,dulcolax,dulcolax tablet harga strip isi tablet,dulcolax tablet strip tablet,dulcolax tablet strip tablet,7.0,4.0,3.0,42.9
Shopee,(Tersedia Harga Grosir) Jarum Akupuntur DongBang 25x25 mm 1 Cun / DB 0.25x25 Original 1 box isi 100 pcs / Dong Bang Murah,jarum akupuntur,tersedia harga grosir jarum akupuntur dongbang x mm cun db x original box isi pcs dong bang murah,jarum akupuntur dongbang cun db bang,jarum akupuntur dongbang cun db bang,23.0,6.0,17.0,73.9
Shopee,Pospack Simple Alcare 15041 Kantong Kolostomi Colostomy Bag,pospack simple alcare kantong kolostomi,pospack simple alcare kantong kolostomi colostomy bag,pospack simple alcare kantong kolostomi colostomy bag,pospack simple alcare kantong kolostomi colostomy bag,8.0,7.0,1.0,12.5
Shopee,GOM Aktivator Slime 10 Ml Isi 24 Pcs,gom aktivator slime,gom aktivator slime ml isi pcs,gom aktivator slime,gom aktivator slime,8.0,3.0,5.0,62.5
Shopee,Vitamin C 1000mg Sidomuncul Original rasa Orange,vitamin c,vitamin c mg sidomuncul original rasa orange,vitamin mg sidomuncul orange,vitamin mg sidomuncul orange,7.0,4.0,3.0,42.9
Shopee,AKSI AKSIQUO PROBIOTIK ORIGINAL PROBIOTIK SIKLUS Aksi Suplemen Pencernaan,aksi quoto probiotik,aksi aksiquo probiotik original probiotik siklus aksi suplemen pencernaan,aksi aksiquo probiotik probiotik siklus aksi suplemen pencernaan,aksi aksiquo probiotik probiotik siklus aksi suplemen cerna,9.0,8.0,1.0,11.1
