Source,Kategori,Nama Produk,Extracted
Shopee,Token Listrik,Token Listrik PLN Prabayar 5rb–50rb | Proses Cepat 24 Jam | Resmi & Aman,token listrik
Shopee,Token Listrik,diskon token listrik token listrik murah,token listrik
Shopee,Token Listrik,TOKEN LISTRIK TERMURAH SE-INDONESIA DAN RESMI,token listrik
Shopee,Token Listrik,TOKEN PLN - TOKEN PLN PROMO - PLN TOKEN PROMO - PLN TOKEN - TOKEN PLN 5K - TOKEN PLN 5 RIBU - TOKEN PLN 10K - TOKEN PLN 10 RIBU - TOKEN PLN 15K - TOKEN PLN 15 RIBU - TOKEN PLN 20K - TOKEN PLN 20 RIBU,token listrik
Shopee,Token Listrik,Promo Token Listrik 5k 10k 15k 20k 20ribu,token listrik
Shopee,Token Listrik,Token Listrik PLN Nominal 100.000 murah!,token listrik
Shopee,Token Listrik,Token PLN 5k-25k Proses cepat - TOKEN 5K - TOKEN 10K - TOKEN 15K - TOKEN 20K - TOKEN 25K,token listrik
Shopee,Token Listrik,PLN LISTRIK ISI ULANG TOKEN PLN 20RB,token listrik
Shopee,Token Listrik,Token Listrik Mini Pintar Murah 5000-20000,token listrik
Shopee,Token Listrik,TERMURAH!!! TOKEN PLN | TOKEN LISTRIK | PULSA LISTRIK MURAH 20K 50K 100K,token listrik
Shopee,Token Listrik,diskon token listrik token listrik murah,token listrik
Shopee,Token Listrik,"Token Listrik Nominal Kecil 5k,10k,15k,20k,50K Proses Cepat",token listrik
Shopee,Token Listrik,"Token Listrik Murah 5,10,15 Untuk Pembelian Online",token listrik
Shopee,Token Listrik,"Token Listrik PLN Termurah 20k, 25k, 50k Promo",token listrik
Shopee,Token Listrik,Token Listrik PLN 5k 10k 15k 20k,token listrik
Shopee,Token Listrik,Token listrik,token listrik
Shopee,Token Listrik,PROMO Token Listrik 50K 50RB Isi Cepat 50000,token listrik
Shopee,Token Listrik,Token Listrik PLN Nominal 15.000 murah!,token listrik
Shopee,Token Listrik,Pulsa Listrik Token PLN 5RB 10RB 15RB Dadakan,token listrik
Shopee,Token Listrik,Token Listrik Murah & Aman Rp. 100.000,token listrik
Shopee,Token Listrik,Token Listrik PLN Nominal 20.000 murah!,token listrik
Shopee,Token Listrik,Promo Token Listrik PLN Prabayar Dan Paskabayara 1jt-10jt,token listrik
Shopee,Token Listrik,TOKEN Pulsa Listrik PLN 5K 5 Ribu 5rb Eceran Murah (Kirim Kode via Chat),token listrik
Shopee,Token Listrik,"Token Listrik PLN Prabayar 25.000 , 50.000 dengan Pengisian Cepat",token listrik
Shopee,Token Listrik,Pulsa Listrik - Voucher listrik - Token Listrik PLN Termurah !!,token listrik
Shopee,Token Listrik,Token PLN / Harga Admin Termurah / Proses Langsung Masuk,token listrik
Shopee,Token Listrik,Murahhh || Token Listrik 20K 50K 70K 100K,token listrik
Shopee,Token Listrik,Token Listrik PLN Nominal 5.000 sampai 50.000 murah!,token listrik
Shopee,Token Listrik,Token Listrik Murah Rafachel Kualitas Konsisten,token listrik
Shopee,Token Listrik,Token Listrik PLN Termurah Shopee Berbagai Nominal,token listrik
Shopee,Token Listrik,Token Listrik Mini/Pln/Listrik Pintar 10k-5rb-100,token listrik
Shopee,Token Listrik,Token Listrik 5K 5RB 5000 Isi Ulang,token listrik
Shopee,Token Listrik,Token listrik pulsa PLN 50k,token listrik
Shopee,Token Listrik,Token Listrik Pintar | PLN Prabayar | Promo Diskon Biaya Admin,token listrik
Shopee,Token Listrik,Token Listrik Murah PLN Cepat Proses 20k-100k,token listrik
Shopee,Token Listrik,"token listrik mini murah,listrikpintar,token listrik",token listrik
Shopee,Token Listrik,Token Listrik PLN Nominal 10.000 murah!,token listrik
Shopee,Token Listrik,Token Listrik PLN Nominal 5.000 murah!,token listrik
Shopee,Token Listrik,Token Listrik PLN Nominal 25.000 murah!,token listrik
Shopee,Token Listrik,PLN Token | Pulsa Listrik | Token Listrik | Nominal 5.000 sampai 50.000,token listrik
Shopee,Token Listrik,Token Listrik PLN Nominal 50.000 murah!,token listrik
Shopee,Token Listrik,Isi Ulang Token Pln Nominal 20000 - 100000 Harga Murah,token listrik
Shopee,Token Listrik,token listrik,token listrik
Shopee,Token Listrik,Token Listrik PLN PROMO 100RB Original,token listrik
Shopee,Token Listrik,isi ulang token listrik,token listrik
Shopee,Token Listrik,PROMO Token Listrik Termurah PLN Terbaru,token listrik
Shopee,Token Listrik,"Termurah Token Listrik 5Rb,10Rb,15Rb,20Rb Proses Cepat",token listrik
Shopee,Token Listrik,Token Listrik Cepat Masuk Bergaransi harga Murah,token listrik
Shopee,Token Listrik,TERMURAH!!! TOKEN PLN | TOKEN LISTRIK | PULSA PLN | PULSA LISTRIK MURAH 20K 50K 100K,token listrik
Shopee,Token Listrik,TOKEN LISTRIK PLN PROMO TERMURAH,token listrik
Shopee,Token Listrik,PROMO Token Listrik 20 K Ready PLN ID,token listrik
Shopee,Token Listrik,Murah Token Listrik PLN Aman dan Amanah,token listrik
Shopee,Token Listrik,PROMO TOKEN LISTRIK 20Rb,token listrik
Shopee,Token Listrik,TOKEN LISTRIK 5k-50k,token listrik
Shopee,Token Listrik,TOKEN LISTRIK PLN 5 10 15 20 50 Best Seller,token listrik
Shopee,Token Listrik,Token Listrik Mini 5K-20K Asli Proses Cepat,token listrik
Shopee,Token Listrik,Promo Token Listrik 200RB-500RB,token listrik
Shopee,Token Listrik,Token listrik pulsa PLN 5k-200k,token listrik
Shopee,Token Listrik,PLN TOKEN 100RIBU | TOKEN LISTRIK 100.000 | PULSA LISTRIK 100K | NOMINAL 100,token listrik
Shopee,Token Listrik,PROMO!!! TOKEN PLN | TOKEN LISTRIK | PULSA PLN | PULSA LISTRIK MURAH 20K 50K 100Kl,token listrik
Shopee,Token Listrik,TERMURAH!!! TOKEN PLN | TOKEN LISTRIK | PULSA PLN | PULSA LISTRIK MURAH 20K 50K 100K,token listrik
Shopee,Token Listrik,Token Listrik Mini 5K-20K Asli Proses Cepat,token listrik
Shopee,Token Listrik,Token Listrik 5K 5RB 5000 Isi Ulang,token listrik
Shopee,Token Listrik,PROMO TOKEN LISTRIK 20Rb,token listrik
Shopee,Token Listrik,Token Listrik Murah dan Cepat  Rp. 20.000,token listrik
Shopee,Token Listrik,Token Listrik PLN PROMO 500RB Original 24 Jam,token listrik
Shopee,Token Listrik,Token Listrik PLN - Pengisian Cepat & Mudah,token listrik
Shopee,Token Listrik,PROMO!!! TOKEN PLN | TOKEN LISTRIK | PULSA PLN | PULSA LISTRIK MURAH 20K 50K 100Kl,token listrik
Shopee,Token Listrik,PROMO TOKEN LISTRIK CEPAT MUDAH,token listrik
Shopee,Token Listrik,PROMO Token Listrik PLN Termurah Proses Cepat,token listrik
Shopee,Token Listrik,Token Listrik PLN – Murah & Cepat,token listrik
Shopee,Token Listrik,Token Listrik PLN Nominal Lengkap Harga Murah,token listrik
Shopee,Token Listrik,Assyifa Peduli - Token Listrik Masjid,token listrik
Shopee,Token Listrik,Token PLN Promo Termurah Cuma Disini Ready 20K 50K,token listrik
Shopee,Token Listrik,TOKEN LISTRIK PLN NOMINAL 15.000 TERMURAH,token listrik
Shopee,Token Listrik,Token Listrik Murah | 15 20 25 50 100,token listrik
Shopee,Token Listrik,PLN TOKEN 100RIBU | TOKEN LISTRIK 100.000 | PULSA LISTRIK 100K | NOMINAL 100,token listrik
Shopee,Token Listrik,Token Listrik PLN PROMO 1 Juta Original,token listrik
Shopee,Token Listrik,TOKEN LISTRIK PLN 5/10/15/20 token listrik mini SALE TERMURAH!! Kirim Otomatis & Langsung Aktif,token listrik
Shopee,Token Listrik,TOKEN LISTRIK PLN PROMO NOMINAL 5 10 15 20 50 - ISI ULANG PULSA TOKEN LISTRIK PLN CEPAT LANGSUNG KIRIM,token listrik
Shopee,Token Listrik,PROMO TOKEN PLN 20 50 100,token listrik
Shopee,Token Listrik,TOKEN LISTRIK PRABYAR,token listrik
Shopee,Token Listrik,Token Listrik PLN 20.000 | Isi Token Listrik 20K Cepat & Aman,token listrik
Shopee,Token Listrik,TOKEN PLN 100.000,token listrik
Shopee,Token Listrik,PLN TOKEN,token listrik
Shopee,Token Listrik,Token listrik 200 ribu,token listrik
Shopee,Token Listrik,Promo token listrik 1jutak harga 900ribu,token listrik
Shopee,Token Listrik,Token Listrik 15,token listrik
Shopee,Token Listrik,"Token Listrik 5k , 10k , 15k , 20k",token listrik
Shopee,Token Listrik,Token Listrik Pintar Fast Respon 2-5 Menit,token listrik
Shopee,Token Listrik,Token Listrik 50 Diskon PROMO 500 Ribu,token listrik
Shopee,Token Listrik,Token Listrik 20k 50k 100k Proses Cepat Murah,token listrik
Shopee,Token Listrik,Token Listrik PLN 5k 10k PROMO Termurah,token listrik
Shopee,Token Listrik,Token Listrik PLN 5 10 15 20 25,token listrik
Shopee,Token Listrik,TOKEN LISTRIK PROMO CEPAT 200 500 1J,token listrik
Shopee,Token Listrik,TOKEN LISTRIK 10K 10.000 10Ribu 10Rb | Promo Pulsa PLN Pintar Eceran Grosir Murah Langsung Kirim Kode Via Chat,token listrik
Shopee,Token Listrik,Token listrik promo 850  bisa saldo,token listrik
Shopee,Token Listrik,Token PLN Listrik Pulsa 200 500 1 juta,token listrik
Shopee,Token Listrik,Token PLN Langsung 1 Juta 1 Jt 1Jt,token listrik
Shopee,Token Listrik,Promo token listrik 100 50 20,token listrik
Shopee,Token Listrik,PROMO!!! TOKEN PLN | TOKEN LISTRIK | PULSA PLN | PULSA LISTRIK MURAH 20K 50K 100K,token listrik
Shopee,Token Listrik,Token Listrik PLN 5k 10k 15k 20k 25k 50k,token listrik
Shopee,Token Listrik,"Token Listrik Murah 5k, 10k, 15k, 20k {Baca Deskripsi Dulu}",token listrik
Shopee,Token Listrik,PROMO Token Listrik PLN10,token listrik
Shopee,Token Listrik,Token Listrik PLN 15k muraaah,token listrik
Shopee,Token Listrik,PROMO Token Listrik 20K 50K Pengiriman Cepat,token listrik
Shopee,Token Listrik,Token PlN mini,token listrik
Shopee,Token Listrik,Token Listrik Promo murah cepat bergaransi 10k,token listrik
Shopee,Token Listrik,Token Listrik PLN 5 10 15 20 50 40 70 100 Pulsa Listrik,token listrik
Shopee,Token Listrik,Pulsa Token Listrik 200K,token listrik
Shopee,Token Listrik,Token Listrik Murah 5k 10k 15k 20k Pengiriman Cepat,token listrik
Shopee,Token Listrik,PROMO Token Listrik PLN Proses Cepat,token listrik
Shopee,Token Listrik,TOKEN LISTRIK PLN NOMINAL 10.000 TERMURAH,token listrik
Shopee,Token Listrik,Token PLN Prabayar,token listrik
Shopee,Token Listrik,Token listrik 20 50 100,token listrik
Shopee,Token Listrik,Token listrik termurah di shopee ( Bayar Tagihan listrik),token listrik
Shopee,Token Listrik,token PLN murah 20,token listrik
Shopee,Token Listrik,Token Listrik [Id Pelanggan Di Catatan Pesanan],token listrik
Shopee,Token Listrik,token listrik 15k,token listrik
Shopee,Token Listrik,Token Listrik Murah Dengan Nomor Meteran,token listrik
Shopee,Token Listrik,Token PlN mini,token listrik
Shopee,Token Listrik,JUAL TOKEN LISTRIK 100% AMANAH BACA DESKRIPSI,token listrik
Shopee,Token Listrik,Token Listrik 5 10 15 20,token listrik
Shopee,Token Listrik,Pulsa Token Listrik 200.500,token listrik
Shopee,Token Listrik,Token listrik 500,token listrik
Shopee,Token Listrik,Token listrik 10k promo,token listrik
Shopee,Token Listrik,TOKEN LISTRIK PLN PROMO 200RB,token listrik
Shopee,Token Listrik,Promo token listrik 1jutak harga 900ribu,token listrik
Shopee,Token Listrik,TERMURAH Token Listrik PLN Aman dan Amanah,token listrik
Shopee,Token Listrik,Token Listrik Murah 5k 10k 15k 20k Pengiriman Cepat,token listrik
Shopee,Token Listrik,Token Listrik PLN 100 100000 / Pulsa Listrik 100 Murah,token listrik
Shopee,Token Listrik,Token listrik original pln,token listrik
Shopee,Token Listrik,PROMO!!! TOKEN PLN | TOKEN LISTRIK | PULSA PLN | PULSA LISTRIK MURAH 20K 50K 100K,token listrik
Shopee,Token Listrik,PROMO Token Listrik PLN Proses Cepat,token listrik
Shopee,Token Listrik,TOKEN LISTRIK PLN5 PLN10 PLN15 PLN20,token listrik
Shopee,Token Listrik,Token Listrik PLN 20K | Isi Listrik Cepat Tanpa Delay,token listrik
Shopee,Token Listrik,Token Listrik PLN 5.000 | Pulsa Listrik 5K Instan Cepat,token listrik
Shopee,Token Listrik,token listrik 500,token listrik
Shopee,Token Listrik,Token PLN,token listrik
Shopee,Token Listrik,Token Listrik 20 20000 / Pulsa Listrik PLN 20K Murah,token listrik
Shopee,Token Listrik,Token Listrik [Id Pelanggan Di Catatan Pesanan],token listrik
Shopee,Token Listrik,Token Listrik PLN 5k,token listrik
Shopee,Token Listrik,Token Listrik PLN 10k,token listrik
Shopee,Token Listrik,Token Listrik PLN Pulsa 20 50 100 Murah,token listrik
Shopee,Token Listrik,TOKEN LISTRIK MURAH DAN AMANAH,token listrik
Shopee,Token Listrik,Token Listrik PLN 50K | Pulsa Listrik Best Seller Instan,token listrik
Shopee,Token Listrik,TOKEN LISTRIK l TOKEN PLN l PULSA LISTRIK MURAH!! 5k 10k 15k 20k 50k,token listrik
Shopee,Token Listrik,Token Listrik PLN 5 10 15 20 50 40 70 100 Pulsa Listrik,token listrik
Shopee,Token Listrik,Token Listrik PLN 50.000 100.000 200.000 Murah Cepat,token listrik
Shopee,Token Listrik,Token Listrik PLN Prabayar - Pengiriman Cepat & Langsung Via Chat,token listrik
Shopee,Token Listrik,Token Listrik Top Up PLN Murah,token listrik
Shopee,Token Listrik,token listrik,token listrik
Shopee,Token Listrik,TOKEN LISTRIK 50k,token listrik
Shopee,Token Listrik,Token Listrik PLN PROMO 50RB Original Sesuai KWH,token listrik
Shopee,Token Listrik,"Token Listrik PLN Nominal 5000, 10000, 15000, 20000",token listrik
Shopee,Token Listrik,"TOKEN LISTRIK 20000, 50000, 100000 | PLN | PULSA LISTRIK",token listrik
Shopee,Token Listrik,Token listrik termurah di shopee ( Bayar Tagihan listrik),token listrik
Shopee,Token Listrik,Token PLN Murah,token listrik
Shopee,Token Listrik,Token Listrik PLN 50.000 | Pulsa Listrik 50K Instan 24 Jam,token listrik
Shopee,Token Listrik,TOKEN PLN 50K,token listrik
Shopee,Token Listrik,Token Listrik Prabayar || Listrik PLN 20.000,token listrik
Shopee,Token Listrik,TOKEN LISTRIK PLN 20 50 100,token listrik
Shopee,Token Listrik,Token Listrik Pintar Pulsa Khusus Meter 56 Melcoinda,token listrik
Shopee,Token Listrik,LAZ RYDHA - Token Listrik untuk Mushola Yatim & Dhuafa [5000],token listrik
Shopee,Token Listrik,Isi Pulsa TOKEN LISTRIK PLN Prabayar 20 50 100 200,token listrik
Shopee,Token Listrik,"Token Listrik 5k , 10k , 15k , 20k",token listrik
Shopee,Token Listrik,Token 200K - 500K,token listrik
Shopee,Token Listrik,TOKEN LISTRIK PLN NOMINAL 5.000 TERMURAH,token listrik
Shopee,Token Listrik,Token Listrik 10.000 Cepat dan mudah,token listrik
Shopee,Token Listrik,Token Listrik PLN 10.000 | Isi Ulang Pulsa Listrik 10K Murah,token listrik
Shopee,Token Listrik,TERMURAH!!! TOKEN PLN | TOKEN LISTRIK | PULSA PLN | PULSA LISTRIK MURAH 50K 100K 200Kl,tagihan pln 
Shopee,Token Listrik,Token PLN dan tagihan PLN,token listrik
Shopee,Token Listrik,TOKEN LISTRIK PLN NOMINAL 5K 10K 15K 20K 25K 50K - TOKEN LISTRIK CEPAT MUDAH PRAKTIS,token listrik
Shopee,Token Listrik,Token Listrik PLN Prabayar 20.000 dengan Pengisian Cepat,token listrik
Shopee,Token Listrik,HARGA PROMO TOKEN LISTRIK PLN 50 PROSES CEPAT!!,token listrik
Shopee,Token Listrik,PROMO TERMURAH !!! TOKEN LISTRIK | LISTRIK PRABAYAR,token listrik
Shopee,Token Listrik,TOKEN PLN/PULSA LISTRIK,token listrik
Shopee,Token Listrik,Token Listrik 20k Termurah Proses Cepat Asli,token listrik
Shopee,Token Listrik,Token Listrik PLN Prabayar-Nominal 5rb s/d 200rb,token listrik
Shopee,Token Listrik,TOKEN PLN - TOKEN PLN PROMO - PLN TOKEN PROMO - PLN TOKEN - TOKEN PLN 5K - TOKEN PLN 5 RIBU - TOKEN PLN 10K - TOKEN PLN 10 RIBU - TOKEN PLN 20K - TOKEN PLN 20 RIBU,token listrik
Shopee,Token Listrik,Token Listrik Murah 5k 10k 15k 20k Pengiriman Cepat,token listrik
Shopee,Token Listrik,"Token Listrik PLN 20.00-100.000 - Promo, Murah, Langsung Dikirim",token listrik
Shopee,Token Listrik,Pulsa Listrik Token PLN Prabayar Murah Mudah Cepat,token listrik
Shopee,Token Listrik,"Token Listrik  Nominal Kecil 5K, 10K, 15K, 20K, 50K Proses Cepat",token listrik
Shopee,Token Listrik,Token Listrik 10k Termurah Terpercaya Amanah,token listrik
Shopee,Token Listrik,Token Listrik PLN 20K | Isi Listrik Cepat Tanpa Delay,token listrik
Shopee,Token Listrik,Token Listrik PLN 50 Ribu Proses Langsung,token listrik
Shopee,Token Listrik,Token Listrik Pulsa Listrik Token PLN 100 100RB,token listrik
Shopee,Token Listrik,Token Listrik PLN Murah Promo,token listrik
Shopee,Token Listrik,Token Listrik Promo murah cepat bergaransi 10k,token listrik
Shopee,Token Listrik,Token Listrik 5 10 15 20,token listrik
Shopee,Token Listrik,Token Listrik PLN 50 50000 / Pulsa Listrik 50K Murah,token listrik
Shopee,Token Listrik,PULSA TOKEN LISTRIK PLN Prabayar Murah 20 50 100 200 Isi Ulang,token listrik
Shopee,Token Listrik,Token Listrik PLN 10k,token listrik
Shopee,Token Listrik,Token listrik PLN murah,token listrik
Shopee,Token Listrik,Token Listrik Pln,token listrik
Shopee,Token Listrik,PROMO Jual Token Listrik 100rb 200rb 500rb MURAH,token listrik
Shopee,Token Listrik,token listrik listrik100  promo,token listrik
Shopee,Token Listrik,Token listrik termurah di shopee ( Bayar Tagihan listrik),token listrik
Shopee,Token Listrik,Token Listrik PLN 10K | Isi Ulang Listrik Instan Anti Ribet,token listrik
Shopee,Token Listrik,Token 50,token listrik
Shopee,Token Listrik,TOKEN LISTRIK 50k,token listrik
Shopee,Token Listrik,TOKEN LISTRIK PLN 20 50 100,token listrik
Shopee,Token Listrik,Token Listrik Murah 20 50 100 Pengiriman Cepat,token listrik
Shopee,Token Listrik,Token Listrik PLN 5.000 | Pulsa Listrik 5K Instan Cepat,token listrik
Shopee,Token Listrik,Token Listrik Mini 5Rb | 10 | 15 | 20 | 25.,token listrik
Shopee,Token Listrik,TOKEN LISTRIK PLN PROMO 200RB,token listrik
Shopee,Token Listrik,Token PLN 5K 10K 5K 20K 30K 40K 50K,token listrik
Shopee,Token Listrik,TOKEN PLN PROMO 20K MURAH TERLARIS,token listrik
Shopee,Token Listrik,TOKEN LISTRIK PLN NOMINAL 5.000 TERMURAH,token listrik
Shopee,Token Listrik,[PROMO]TOKEN LISTRIK  / LISTRIK PRABAYAR MURAH 20RB 50RB 100RB,token listrik
Shopee,Token Listrik,TERMURAH Token Listrik PLN Aman dan Amanah,token listrik
Shopee,Token Listrik,Token Listrik PLN 15k,token listrik
Shopee,Token Listrik,PROMO TOKEN LISTRIK ISI ULANG PLN 20RB 50RB 100RB MURAH 20K 20000 50K 50000 RIBU 100K PRABAYAR,token listrik
Shopee,Token Listrik,Token listrik 10k promo,token listrik
Shopee,Token Listrik,Token listrik 500,token listrik
Shopee,Token Listrik,TOKEN LISTRIK 20K 20000 20Ribu 20Rb | Promo Pulsa PLN Pintar Eceran Grosir Murah Langsung Kirim Kode Via Chat,token listrik
Shopee,Token Listrik,Token Listrik PLN 50.000 | Pulsa Listrik 50K Instan 24 Jam,token listrik
Shopee,Token Listrik,TOKEN LISTRIK PROMO PLN MURAH 15 25k 20 20k 50 50k 100 100k 200 200k 500 500k 1 juta,token listrik
Shopee,Token Listrik,Promo Token Listrik 15 PLN,token listrik
Shopee,Token Listrik,Token Listrik PLN 20 50 100 200 500,token listrik
Shopee,Token Listrik,Token listrik MURAH,token listrik
Shopee,Token Listrik,Stiker Vinyl JUAL PULSA DAN TOKEN LISTRIK 10X23CM,stiker vinyl
Shopee,Token Listrik,Struk Nota Pembelian Token Listrik Struk Pembelian Token Listrik Nota Token Listrik,token listrik
Shopee,Token Listrik,Box Meteran Token Telephone Mika Mdf 6mm,box meteran token
Shopee,Token Listrik,Leonardo Ai 8500 token Private,leonardo ai
Shopee,Token Listrik,Box Kwh Meter Pulsa Transparan Token Listrik 27x19x13 Cm,token listrik
Shopee,Token Listrik,Box Meteran Telephone Pintu Putih MDF 30x21x12,box meteran
Shopee,Token Listrik,papan lampu LED tulisan PULSA TOKEN DANA TRANSFER dimensi 70x20 cm daya 12 watt tinggal colok listrik,papan lampu led
Shopee,Token Listrik,Box Token Pulsa MDF 30x21x12 Mostera,box token pulsa
Shopee,Token Listrik,Rumah Saklar / Nero Inbowdus / Flush Box 86,saklar
Shopee,Token Listrik,Powerpal Katalog NR Booster Penghemat Listrik UpTo 4400watt,penghemat listrik
Shopee,Token Listrik,Stabilizer Listrik Auto Start 500W-2500W EMI Filter,stabilizer listrik
Shopee,Token Listrik,Box Meteran Listrik Token PLN Kayu MDF Anti Luntur,token listrik
Shopee,Token Listrik,TERMURAH!! Token Listrik Prabayar | Pulsa Listrik PLN 10k-20k-50k,token listrik
Shopee,Token Listrik,Token Listrik 10.000 Cepat dan mudah,token listrik
Shopee,Token Listrik,Token listrik pulsa listrik 50k murah,token listrik
Shopee,Token Listrik,Token Listrik Top Up PLN Murah,token listrik
Shopee,Token Listrik,TOKEN PLN,token listrik
Shopee,Token Listrik,Token Listrik 10k Promo,token listrik
Shopee,Token Listrik,Nota Token Listrik Murah HVS 70g 50 Lembar,token listrik
Shopee,Token Listrik,Stiker Cek Token Listrik jangan sampai kehabisan,stiker token listrik
Shopee,Token Listrik,[ 100x50cm ] Print Spanduk Konter Jualan Pulsa dan Token Listrik,spanduk pulsa dan token listrik
Shopee,Token Listrik,Box Kwh Meteran Listrik Token/Box Tutup Kwh Meteran Listrik,tutup kwh meteran listrik
Shopee,Token Listrik,Alat Penghemat Listrik Hemat Daya Listrik Electricity Saving Box Token Meteran Rumah Ac Kulkas Paling Efektif,alat penghemat listrik
Shopee,Token Listrik,Struk token listrik murah,token listrik
Shopee,Token Listrik,2025 Penghemat Listrik PLN Electric Saver / Electricity Saving Box Alat Hemat Daya kWh Soft Start Tagihan Pulsa Token / Bulanan-Aura Mobil,penghemat listrik
Shopee,Token Listrik,STRUK PEMBELIAN TOKEN LISTRIK PULSA BISA PAKAI NAMA TOKO UKURAN 10 X 4.5 CM BAHAN HVS,token listrik
Shopee,Token Listrik,Alat Penghemat Listrik Hemat Daya 80%-90% Berlaku Untuk Semua Meteran Listrik COD,penghemat listrik
Shopee,Token Listrik,SPANDUK TRANSFER / TOKEN LISTRIK / FREE EDIT,token listrik
Shopee,Token Listrik,PROMO!!Bok Meteran Desain Telephone Meteran Token/Listrik Tempat Pelindung Bok Meteran Listrik Token,bok meteran listrik
Shopee,Token Listrik,Box Meteran Token Telephone Mika Mdf 6mm,box meteran token
Shopee,Token Listrik,STRUK TOKEN LISTRIK/nota struk token listrik isi 50lembar,token listrik
Shopee,Token Listrik,Bok Meteran PLN Desain Telephone Prabayar token/listrik | Pelindung Meteran hiasan dekorasi Rumah,meteran pln
Shopee,Token Listrik,KOTAK BOX PENGAMAN PLN KWH METER PULSA TOKEN,token listrik
Shopee,Token Listrik,Stiker Jual Pulsa Dan Token Listrik Tahan Air,pulsa listrik
Shopee,Token Listrik,Alat Penghemat Listrik Hemat Daya Listrik Electricity Saving Box Token Meteran Rumah Ac Kulkas Paling Efektif,alat penghemat listrik
Shopee,Token Listrik,BOX KWH METERAN LISTRIK TOKEN PELINDUNG BOX PLN TOKEN LISTRIK PRABAYAR MURAH KERAS,token listrik
Shopee,Token Listrik,Struk Token Listrik Struk Pembelian Token Listrik Ukuran 10 X 4.5 Cm,token listrik
Shopee,Token Listrik,STIKER KONTER JUAL PULSA PAKET DATA / TOKEN LISTRIK / TERIMA TARIK TUNAI,token listrik
Shopee,Token Listrik,Struk Nota Token Listrik PLN Perforasi 50 Lembar,token listrik
Shopee,Token Listrik,Box Meteran Listrik Token Akrilik Estetik,token listrik
Shopee,Token Listrik,Alat Penghemat Listrik Hemat Daya Electricity Saving Box Token Meteran Rumah Colokan Ac Kulkas Paling Efektif Bayar Listrik Lebih Murah,penghemat listrik
Shopee,Token Listrik,2025 Penghemat Listrik PLN Electric Saver / Electricity Saving Box Alat Hemat Daya Kwh Soft Start Tagihan Pulsa Token / Bulanan,penghemat listrik
Shopee,Token Listrik,BOX METERAN TOKEN LISTRIK DEXICON KOTAK PELINDUNG KWH METERAN LISTRIK,kotak meteran listrik
Shopee,Token Listrik,Box Meteran Listrik Token Anti Air ABS Plastik,token listrik
Shopee,Token Listrik,Tutup Meteran Listrik Token Uchiro Plastik Kuat,tutup meteran listrik
Shopee,Token Listrik,Bok Meteran  meteran token/listrik tempat pelindung bok meteran,bok meteran
Shopee,Token Listrik,HKY Electric Saver Penghemat Listrik PLN Alat Hemat Daya kWh SoftStart Hemat Tagihan Token Bulanan,penghemat listrik
Shopee,Token Listrik,Penghemat Listrik Alat Hemat Daya Listrik Token Electric Energy Saver,penghemat listrik
Shopee,Token Listrik,Stiker Jual Pulsa & Token Listrik + Laminating Glossy,pulsa listrik
Shopee,Token Listrik,2025 Penghemat Listrik PLN Electric Saver / Electricity Saving Box Alat Hemat Daya Kwh Soft Start Tagihan Pulsa Token / Bulanan,penghemat listrik
Shopee,Token Listrik,®°LOVINA_STORE® Bok Meteran Desain telephone meteran token/listrik tempat pelindung bok meteran,bok meteran
Shopee,Token Listrik,DECRYPT TOKEN DIAG OPPO DAN REALME,decrypt token
Shopee,Token Listrik,"159 - Stiker Jual Pulsa dan Token Listrik, Sticker Vinyl, Tahan Air, Termurah, Bisa Custom",stiker
Shopee,Token Listrik,BOX KWH HIRO PASCABAYAR / BOX KWH TOKEN TUTUP METERAN LISTRIK HIRO,box kwh
Shopee,Token Listrik,(100 lembar) STRUK PEMBELIAN TOKEN LISTRIK | NOTA TOKEN LISTRIK KECIL,token listrik
Shopee,Token Listrik,2025 Penghemat Listrik PLN Electric Saver / Electricity Saving Box Alat Hemat Daya Kwh Soft Start Tagihan Pulsa Token / Bulanan,penghemat listrik
Shopee,Token Listrik,2025 Penghemat Listrik PLN Electric Saver / Electricity Saving Box Alat Hemat Daya kWh Soft Start Tagihan Pulsa Token / Bulanan,penghemat listrik
Shopee,Token Listrik,STIKER VINYL JUAL PULSA Paket Data Internet & Token Listrik 31 X 11 CM -SIAP KIRIM,token listrik
Shopee,Token Listrik,Spanduk Jual Pulsa dan Token Listrik tersedia - Part 4,pulsa listrik
Shopee,Token Listrik,Alat Penghemat Hemat Daya Kwh Listrik 80 90 Persen Listrik Rumah Tangga Kantor AC TV Kulkas Mesin Cuci Rice Cooker Magiccom Electricity Saving Box Power Factor Saver All In Semua Meteran Prabayar Bulanan Token Pulsa Multifungsi Serbaguna Original Jerman,penghemat listrik
Shopee,Token Listrik,Box Meteran PLN Desain Unik Telephone Prabayar Listrik/Token Pelindung Meteran Hiasan Dekorasi ruma,box meteran pln
Shopee,Token Listrik,Box Meteran Listrik KWH Meter Box Listrik Tutup Meteran Listrik Box Panel Listrik Outdoor Pengaman Pelindung KWH Meteran Token,box meteran listrik
Shopee,Token Listrik,2025 Penghemat Listrik Electric Saver / Electricity Saving Box Alat Hemat Daya Kwh Soft Start Tagihan Pulsa Token / Bulanan,penghemat listrik
Shopee,Token Listrik,(100 Lembr ) STRUK TOKEN LISTRIK UK.10.5X4.5 CM | NOTA TOKEN LISTRIK MURAH,token listrik
Shopee,Token Listrik,Box Meteran Token Akrilik Desain Telephone London Hiasan dekorasi dinding pelindung Meteran Token,token meteran
Shopee,Token Listrik,Voucher tambah daya PLN Promo,tambah daya pln
Shopee,Token Listrik,"Nota token listrik - BACA DESKRIPSI YAH KAK,,,",token listrik
Shopee,Token Listrik,Tutup Meteran KWH Token Tutup Meteran Listrik Uchiro,token listrik
Shopee,Token Listrik,Simple Furniture - Box Meteran Listrik Prabayar Token London Kayu Natural,box meteran listrik
Shopee,Token Listrik,Alat Penghemat Listrik Hemat Daya 80%-90% Listrik Electricity Saving Box Token Meteran Rumah Ac Kulkas Paling Efektif Hemat Daya Penghemat Daya,penghemat listrik
Shopee,Token Listrik,STIKER VINYL JUAL PULSA & TOKEN LISTRIK,stiker vinyl
Shopee,Token Listrik,Alat penghemat listrik hemat daya 99% box meteran listrik token Electricity power saver Berlaku untuk semua meteran listrik Pasang dan mainkan,alat penghemat listrik
Shopee,Token Listrik,BOX KWH Pelindung Meteran Listrik Token Pulsa Merk MASKO Tebal Kokoh [COD],box kwh
Shopee,Token Listrik,tulisan lampu LED SIGN PULSA DANA TOKEN DATA new 60x20 cm tinggal colok listrik,lampu led sign
Shopee,Token Listrik,(Pilih Tipe) Andoda HSA Electric Saver | Bambang Sugiyanto | PT Hikmat Sukses Abadi,penghemat listrik
Shopee,Token Listrik,"Stiker Murah Jual Pulsa, Paket Data, & Token Listrik Untuk Warung Serta Tempat Usaha",token listrik
Shopee,Token Listrik,"159 - Stiker Jual Pulsa dan Token Listrik, Sticker Vinyl, Tahan Air, Termurah, dan Bisa Custom",stiker
Shopee,Token Listrik,( Isi 100 Lembar ) Struk Token Listrik Struk Pembelian Token Listrik / Nota Token Listrik.,token listrik
Shopee,Token Listrik,token listrik prabayar 200k,token listrik
Shopee,Token Listrik,PROMO TOKEN LISTRIK PLN 500 RIBU,token listrik
Shopee,Token Listrik,TOKEN LISTRIK  5 RB TERMURAH - TOKEN LISTRIK 10 TERMURAH - TOKEN LISTRIK 15 TERMURAH - TOKEN LISTRIK 20 TERMURAH -PULSA LISTRIK PROMO,token listrik
Shopee,Token Listrik,"TOKEN LISTRIK MURAH / LISTRIK PULSA PLN 20K, 50K, 100K",token listrik
Shopee,Token Listrik,Token PLN Murah,token listrik
Shopee,Token Listrik,"TOKEN PLN - TOKEN LISTRIK PROMO, Termurah di SHOPEE Nominal 20.000, 50.000, 100.000, 200.000.",token listrik
Shopee,Token Listrik,TOKEN 20,token listrik
Shopee,Token Listrik,Promo token listrik 200 500 1j,token listrik
Shopee,Token Listrik,TOKEN LISTRIK 100 PROMO  - TOKEN LISTRIK 200 PROMO - TOKEN LISTRIK 500 PROMO - TOKEN LISTRIK  PAYLATTER -TOKEN LISTRIK MURAH PROMO,token listrik
Shopee,Token Listrik,Isi ulang Token PLN Listrik 50,token listrik
Shopee,Token Listrik,PROMO TOKEN LISTRIK PLN 100 RIBU,token listrik
Shopee,Token Listrik,Token Listrik 200.000,token listrik
Shopee,Token Listrik,Token Listrik PLN,token listrik
Shopee,Token Listrik,Token listrik pln 50rb 100rb 200rb,token listrik
Shopee,Token Listrik,Token Listrik / Pulsa PLN Prabayar 200 500 ribu 1 Juta 200000 500000 1000000,token listrik
Shopee,Token Listrik,PROMO TOKEN LISTRIK 20K / 50k,token listrik
Shopee,Token Listrik,"Token listrik dan pulsa kouta all operator xl,3,simpati,dll",token listrik
Shopee,Token Listrik,TOKEN LISTRIK PRABAYAR PROMO PLN 15 15k 20 20k 50 50k 100 100k 200 200k 500 500k 1 juta 1jt 1 juta 1000k dan Pulsa hp Isi Ulang all operator termurah,token listrik
Shopee,Token Listrik,TOKEN LISTRIK 500000 PRABAYAR MURAH PROSES CEPAT ( ID METER KIRIM KE CHAT ),token listrik
Shopee,Token Listrik,Token PLN Murah!,token listrik
Shopee,Token Listrik,Token Listrik 20ribu-100ribu Proses Cepat,token listrik
Shopee,Token Listrik,"Token Listrik PLN Prabayar | Kirim Cepat Via Chat (50K, 100K, 200K)",token listrik
Shopee,Token Listrik,TOKEN LISTRIK 200,token listrik
Shopee,Token Listrik,Token PLN murah 100rb 200rb 500rb,token listrik
Shopee,Token Listrik,TOKEN PLN HARGA 50/100 /200,token listrik
Shopee,Token Listrik,Promo token listrik pintar,token listrik
Shopee,Token Listrik,TOKEN LISTRIK PROMO PLN 20 20k 50 50k 100 100k 200 200k 500 500k 1 Juta  dan Pulsa Isi Ulang,token listrik
Shopee,Token Listrik,Token PLN 200.000 Murah,token listrik
Shopee,Token Listrik,Token Listrik || Token 100k || Token 200k,token listrik
Shopee,Token Listrik,Token Listrik 200 500 1000,token listrik
Shopee,Token Listrik,PULSA TOKEN LISTRIK PLN Prabayar Murah 20 50 100 200 Isi Ulang,token listrik
Shopee,Token Listrik,"Token listrik 20rb , 20 rb , 20 ribu , 20ribu, 100rb 100ribu 100 rb 100 ribu",token listrik
Shopee,Token Listrik,Token PLN 500 Promo#Listrik#Prabayar#,token listrik
Shopee,Token Listrik,TOKEN LISTRIK PLN 1 JUTA,token listrik
Shopee,Token Listrik,Token PLN Prabayar 500rb 1juta Proses Cepat,token listrik
Shopee,Token Listrik,TOKEN LISTRIK PLN PROMO 500rb,token listrik
Shopee,Token Listrik,"MURAH!!Token Listrik 20,50,100",token listrik
Shopee,Token Listrik,Token Listrik PLN Rp=1Juta 100% Aman,token listrik
Shopee,Token Listrik,Token listrik 200,token listrik
Shopee,Token Listrik,Token Listrik Prabayar Murah Nominal 20k-100k,token listrik
Shopee,Token Listrik,Token listrik prabayar 20RB 50RB 100RB,token listrik
Shopee,Token Listrik,TOKEN LISTRIK PLN PROMO 200rb,token listrik
Shopee,Token Listrik,Token Listrik Fast Respon,token listrik
Shopee,Token Listrik,TOKEN LISTRIK 500.000,token listrik
Shopee,Token Listrik,TOKEN LISTRIK PROMO HARGA 100,token listrik
Shopee,Token Listrik,PROMO TOKEN LISTRIK PLN 200 RIBU,token listrik
Shopee,Token Listrik,Token PLN 50.000,token listrik
Shopee,Token Listrik,Voucher Token Listrik 100.000,token listrik
Shopee,Token Listrik,TOKEN PLN 1JUTA BAYAR 1JUTA,token listrik
Shopee,Token Listrik,token listrik prabayar 500k,token listrik
Shopee,Token Listrik,promo token listrik 20ribu,token listrik
Shopee,Token Listrik,TOKEN LISTRIK PLN PROMO 500RB/500.000,token listrik
Shopee,Token Listrik,Token listrik 500k-1000k,token listrik
Shopee,Token Listrik,TOKEN LISTRIK 500,token listrik
Shopee,Token Listrik,Token listrik 200 500 1j,token listrik
Shopee,Token Listrik,TOKEN PLN / ISI ULANG PULSA LISTRIK 20 50 100 200 RIBU | MURAH CEPAT RESMI,token listrik
Shopee,Token Listrik,TERMURAH TOKEN LISTRIK  100 RB TOKEN PLN LISTRIK PINTAR,token listrik
Shopee,Token Listrik,PROMO TOKEN LISTRIK 500K TERMURAHH !!!!,token listrik
Shopee,Token Listrik,Token Listrik PLN Rp=500Ribu 100% Aman,token listrik
Shopee,Token Listrik,Kwh Pulsa Token 1P 5/60A Melcoinda Mitsubishi Digital,token listrik
Shopee,Token Listrik,TOKEN LISTRIK PRABAYAR PROMO PLN 15 15k 20 20k 50 50k 100 100k 200 200k 500 500k 1 juta 1jt 1 juta 1000k dan Pulsa hp Isi Ulang all operator termurah,token listrik
Shopee,Token Listrik,"Token listrik 20rb , 20 rb , 20 ribu , 20ribu, 100rb 100ribu 100 rb 100 ribu",token listrik
Shopee,Token Listrik,Token Listrik 200.000,token listrik
Shopee,Token Listrik,Token Listrik / Pulsa PLN Prabayar 200 500 ribu 1 Juta 200000 500000 1000000,token listrik
Shopee,Token Listrik,PROMO TOKEN LISTRIK PLN 100 RIBU,token listrik
Shopee,Token Listrik,"Token Listrik PLN Prabayar | Kirim Cepat Via Chat (50K, 100K, 200K)",token listrik
Shopee,Token Listrik,PULSA TOKEN LISTRIK PLN Prabayar Murah 20 50 100 200 Isi Ulang,token listrik
Shopee,Token Listrik,Token listrik pln 50rb 100rb 200rb,token listrik
Shopee,Token Listrik,Token PLN 500 Promo#Listrik#Prabayar#,token listrik
Shopee,Token Listrik,Token PLN 200-1jt,token listrik
Shopee,Token Listrik,Token Listrik PLN MURAH | Listrik Prabayar 20k | 50k | 100k | 200k,token listrik
Shopee,Token Listrik,Token Listrik PLN Rp=200Ribu Aman,token listrik
Shopee,Token Listrik,Token Listrik PLN Termurah Nominal 200.000,token listrik
Shopee,Token Listrik,TOKEN PLN 500.000 / Token 500,token listrik
Shopee,Token Listrik,TOKEN LISTRIK 200,token listrik
Shopee,Token Listrik,Voucher Token Listrik 200.000,token listrik
Shopee,Token Listrik,token listrik prabayar 200k,token listrik
Shopee,Token Listrik,TOKEN PLN 200.000,token listrik
Shopee,Token Listrik,"Token listrik dan pulsa kouta all operator xl,3,simpati,dll",token listrik
Shopee,Token Listrik,Token PLN 1 Juta / Token Listrik 1.000.000 / Token 1jt,token listrik
Shopee,Token Listrik,PROMO TOKEN LISTRIK PLN 500 RIBU,token listrik
Shopee,Token Listrik,Token PLN murah 500rb 1jt,token listrik
Shopee,Token Listrik,TOKEN PLN HARGA 50/100 /200,token listrik
Shopee,Token Listrik,TOKEN LISTRIK 500000 PRABAYAR MURAH PROSES CEPAT ( ID METER KIRIM KE CHAT ),token listrik
Shopee,Token Listrik,TOKEN PLN PULSA LISTRIK 500ribu 1Juta (Proses Cepat),token listrik
Shopee,Token Listrik,Token PLN murah 100rb 200rb 500rb,token listrik
Shopee,Token Listrik,TOKEN LISTRIK 1 JUTA TIDAK PECAHAN,token listrik
Shopee,Token Listrik,Token PLN Prabayar 500rb 1juta Proses Cepat,token listrik
Shopee,Token Listrik,Token Listrik PLN 1jt,token listrik
Shopee,Token Listrik,TOKEN PULSA PLN LISTRIK 1 JUTA (DIISI 1X LANGSUNG),token listrik
Shopee,Token Listrik,TOKEN LISTRIK PLN 1 JUTA,token listrik
Shopee,Token Listrik,TOKEN Listrik PLN Prabayar 1 Juta (Proses Cepat),token listrik
Shopee,Token Listrik,TOKEN PLN LISTRIK 200&500&1JT TIDAK PECAHAN,token listrik
Shopee,Token Listrik,TOKEN Listrik PLN Prabayar 500.000 (Proses Cepat),token listrik
Shopee,Token Listrik,PROMO TOKEN LISTRIK 1JT TERMURAHH !!!!,token listrik
Shopee,Token Listrik,TOKEN PLN 1.000.000,token listrik
Shopee,Token Listrik,Token Listrik Prabayar 500rb Proses Cepat,token listrik
Shopee,Token Listrik,token listrik,token listrik
Shopee,Token Listrik,Token Listrik PLN 500Kwh,token listrik
Shopee,Token Listrik,Token200/Token1000/Token500/Token PLN Murah/Prabayar/Promo,token listrik
Shopee,Token Listrik,Token Listrik Prabayar 1juta Proses Cepat,token listrik
Shopee,Token Listrik,Isi Ulang Token PLN - Isi Ulang Pulsa Listrik,token listrik
Shopee,Token Listrik,PLN PRABAYAR 20/50/100,token listrik
Shopee,Token Listrik,token murah,token listrik
Shopee,Token Listrik,pulsa listrik murah cuma disini,pulsa listrik
Shopee,Token Listrik,"BAYAR TAGIHAN MU SEKARANG, TOKEN PLN, PDAM, LISTRIK PASCABAYAR DAN PRABAYAR",token listrik
Shopee,Token Listrik,ISI ULANG TOKEN LISTRIK DENGAN CEPAT / ISI ULANG PULSA LISTRIK / ISI TOKEN PLN,token listrik
Shopee,Token Listrik,Box Token Listrik PVC Low-Profile Estetik,token listrik
Shopee,Token Listrik,Spandul Jual Pulsa Token Listrik dan Paket Data Internet - Part 5,pulsa token listrik
Shopee,Token Listrik,LEBIH HEMAT LEBIH TEPAT - PULSA ALL OPERATOR DAN TOKEN LISTRIK,pulsa dan token listrik
Shopee,Token Listrik,TOKEN MANDIRI,token mandiri
Shopee,Token Listrik,"Agen Pulsa, kuota internet, token pln, ppob dll.",pulsa listrik
Shopee,Token Listrik,Vantage Skill Token Upgrade Pack,token
Shopee,Token Listrik,Box Token Listrik Box KWH PLN Meteran Listrik Token / Boks Tutup Pulsa Prabayar,token listrik
Shopee,Token Listrik,Kotak Token Listrik PLN Pelindung Meteran Pulsa Warna Putih,token listrik
Shopee,Token Listrik,《 Termurah 》Caver Box Token Listrik Box Token Listrik model Untuk Pulsa & Token,token listrik
Shopee,Token Listrik,box tutup token listrik,token listrik
Shopee,Token Listrik,Pelindung Token Listrik Khusus Pulsa Bahan Kayu MDF Berkualitas,pelindung token listrik
Shopee,Token Listrik,KWH TOKEN PRABAYAR MERK SMART METER 5(60)A ORIGINAL,token listrik
Shopee,Token Listrik,Box Token listrik / Bok Box pulsa listrik,token listrik
Shopee,Token Listrik,[BUKAN METERAN] BOX TOKEN LISTRIK PLN DESAIN TERBARU/DEKORASI RUMAH LUCU,token listrik
Shopee,Token Listrik,Box Token Listrik Kotak Meteran Token BX01,token listrik
Shopee,Token Listrik,BOX TOKEN LISTRIK BOX KWH COVER TOKEN LISTRIK BOX TOKEN LISTRIK,token listrik
Shopee,Token Listrik,[BEST SELLER] Pelindung Token Listrik Kayu MDF Aman Berkualitas,pelindung token listrik
Shopee,Token Listrik,Rumah Token Listrik Hello Kitty Desain Lucu Mdf,token listrik
Shopee,Token Listrik,Box/kotak Token Listrik Prabayar Minimalis,token listrik
Shopee,Token Listrik,BOX COVER TUTUP TOKEN LISTRIK | TUTUP METERAN LISTRIK,tutup token listrik
Shopee,Token Listrik,Rumah Token Listrik Karakter Keropi Mdf Glossy,token listrik
Shopee,Token Listrik,TERMURAH!!!Cover Token Listrik Prabayar/Token Listrik Pulsa Kayu MDF Anti Luntur,token listrik
Shopee,Token Listrik,[BEST SELLER] Pelindung Token Listrik Bahan Kayu MDF Aman Berkualitas Model Telephone,pelindung token listrik
Shopee,Token Listrik,Box Listrik Token Miki Kayu MDF Anti Luntur,box listrik
Shopee,Token Listrik,TERMURAH!!!Pelindung Token Listrik Elegan Model Telephone/Cover Box Meteran Best Seller,pelindung token listrik
Shopee,Token Listrik,Rumah Token Listrik Karakter Micky Mouse Mdf Glossy,token listrik
Shopee,Token Listrik,Box Meteran Listrik Kayu Jati Unik Akrilik Bening,meteran listrik
Shopee,Token Listrik,KWH Token Prabayar Smart Meter 5(60)A Listrik Pintar,token listrik
Shopee,Token Listrik,Token Test,token test
Shopee,Token Listrik,PLN Home Number Token Box Meteran Listrik Prabayar,token listrik
Shopee,Token Listrik,BOX CAVER TUTUP TOKEN LISTRIK | TUTUP METERAN LISTRIK,token listrik
Shopee,Token Listrik,Cover Token Listrik Model Lucu Telephone/Pelindung Token Listrik Kayu MDF Berkualitas,token listrik
Shopee,Token Listrik,Indosaver hemat listrik 10~40%token pra bayar OkHemat,token listrik
Shopee,Token Listrik,Box Cover Khusus Token Listrik - Box Meteran Listrik DM,box meteran listrik
Shopee,Token Listrik,BOX COVER KHUSUS TOKEN LISTRIK - BOX METERAN LISTRIK TH2810,token listrik
Shopee,Token Listrik,bok  token listrik keropi/hello Kitty/ Doraemon/Mickey mouse,token listrik
Shopee,Token Listrik,Struk Penjualan Token Listrik Custom 50 Lembar,token listrik
Shopee,Token Listrik,Voucher Tambah Daya Listrik PLN PROMO 2025,tambah daya listrik
Shopee,Token Listrik,Struk token listrik murah,token listrik
Shopee,Token Listrik,KWH TOKEN PRABAYAR MEREK SMART METER murah,token listrik
Shopee,Token Listrik,Promo Kotak meteran listik Box TOKEN PULSA PLN PRABAYAR Diskon,token listrik
Shopee,Token Listrik,nota token listrik,token listrik
Shopee,Token Listrik,Bolt New Pro Plan – Private & 10M Token,token
Shopee,Token Listrik,PROMO DISKON - KWH TOKEN PRABAYAR MEREK SMART METER,token listrik
Shopee,Token Listrik,bok listrik token pulsa,token listrik
Shopee,Token Listrik,Stiker Vinyl JUAL PULSA DAN TOKEN LISTRIK Ukuran 10 x 23 CM,stiker
Shopee,Token Listrik,Stiker Vinyl JUAL PULSA DAN PAKET DATA TOKEN LISTRIK 10X23 CM,stiker vinyl
Shopee,Token Listrik,Alat Penghemat Listrik Token Listrik 2 Kwh - Hemat Daya Teknologi Jerman,token listrik
Shopee,Token Listrik,UCHIRO Box KWH Meter Mini MCB Prabayar / Token / Pulsa – Box Listrik Outdoor Ukuran Kecil Tahan Air & Debu Pelindung Meteran PLN,box kwh meter
Shopee,Token Listrik,TERMURAH!!! Box Meteran Listrik Token PLN Prabayar Kayu Minimalis Pelindung Meteran Listrik,token listrik
Shopee,Token Listrik,Stiker Pulsa & Token Listrik + Laminasi Glossy,pulsa listrik
Shopee,Token Listrik,Struk Pembelian Token Listrik 50 Lembar HVS 75 Gsm,token listrik
Shopee,Token Listrik,Box Meteran Listrik Token Akrilik Estetik,token listrik
Shopee,Token Listrik,®°LOVINA_STORE® PROMO!!Bok Meteran Desain Telephone Meteran Token/Listrik Tempat Pelindung Bok Meteran Listrik Token,bok meteran listrik
Shopee,Token Listrik,Box Kwh Meteran Listrik Token/Box Tutup Kwh Meteran Listrik,tutup kwh meteran listrik
Shopee,Token Listrik,Simple Furniture - Box Meteran Listrik Prabayar Token London Kayu Natural,box meteran listrik
Shopee,Token Listrik,Box Meteran Listrik Token Kayu MDF Estetik,box meteran listrik
Shopee,Token Listrik,BOX METERAN TOKEN LISTRIK DEXICON KOTAK PELINDUNG KWH METERAN LISTRIK,kotak meteran listrik
Shopee,Token Listrik,PROMO!!Bok Meteran Desain Telephone Meteran Token/Listrik Tempat Pelindung Bok Meteran Listrik Token,bok meteran listrik
Shopee,Token Listrik,Struk Pembelian Token Listrik – Isi 100 Lembar | Nota Token Listrik Pintar Warung Konter Agen,token listrik
Shopee,Token Listrik,Struk Pembelian Token Listrik | Nota Token Listrik,token listrik
Shopee,Token Listrik,Struk Token Listrik 100 Lembar Struk Pembelian Token Listrik Nota Token Listrik,token listrik
Shopee,Token Listrik,Stiker Jual Pulsa Dan Token Listrik Tahan Air,pulsa listrik
Shopee,Token Listrik,(100 lembar) STRUK PEMBELIAN TOKEN LISTRIK | NOTA TOKEN LISTRIK,token listrik
Shopee,Token Listrik,(100 lembar) STRUK PEMBELIAN TOKEN LISTRIK | NOTA TOKEN LISTRIK KECIL,token listrik
Shopee,Token Listrik,BOX KWH METERAN LISTRIK TOKEN PELINDUNG BOX PLN TOKEN LISTRIK PRABAYAR MURAH KERAS,token listrik
Shopee,Token Listrik,Bok Listrik kWh Terbaru / Token Listrik Pulsa,token listrik
Shopee,Token Listrik,BISA CUSTOM !!! Box Cover Meteran Listrik Tutup Token Listrik Lama Baru Pulsa Lemari Kecil Nakas Semua Bisa,tutup meteran listrik
Shopee,Token Listrik,Box Meteran Listrik Token / Pulsa - Kotak Meteran Listrik Token,kotak meteran listrik token
Shopee,Token Listrik,Tutup Kwh Meter Token /Box Meteran Listrik Token #Gratisongkir,token listrik
Shopee,Token Listrik,BOX PLN PELINDUNG KWH METER LISTRIK TOKEN  / BOX METERAN PLN BOX TOKEN LISTRIK METERAN,box token listrik
Shopee,Token Listrik,Rumah Token Listrik Shabby Chic Mdf Glossy,token listrik
Shopee,Token Listrik,Darin Masko Box Token Listrik Prabayar PLN Kwh Meter Tebal Dan Kuat,token listrik
Shopee,Token Listrik,Rumah Token Listrik Shabby Chic Mdf Glossy,token listrik
Shopee,Token Listrik,Tutup Kwh Meter Token /Box Meteran Listrik Token #Gratisongkir,token listrik
Shopee,Token Listrik,BOX PLN PELINDUNG KWH METER LISTRIK TOKEN  / BOX METERAN PLN BOX TOKEN LISTRIK METERAN,box token listrik
Shopee,Token Listrik,Darin Masko Box Token Listrik Prabayar PLN Kwh Meter Tebal Dan Kuat,token listrik
Shopee,Token Listrik,Alat Penghemat Listrik Hemat Energi Token Voucher Meteran Pulsa Listrik,token listrik
Shopee,Token Listrik,Lampu tulisan JUAL PULSA & TOKEN LISTRIK,token listrik
Shopee,Token Listrik,Box Meteran Token Listrik PLN Kayu MDF Anti Luntur,token listrik
Shopee,Token Listrik,Lampu tulisan JUAL PULSA HP & TOKEN LISTRIK,token listrik
Shopee,Token Listrik,Lampu Tulisan PULSA PAKET DATA TOKEN LISTRIK TOP UP EWALLET,token listrik
Shopee,Token Listrik,SINTE MASKO Box Token Listrik Prabayar PLN Kwh Meter Tebal dan Kuat Warna Putih Kualitas Bagus Murah,token listrik
Shopee,Token Listrik,Tulisan lampu led sign PULSA BPJS TOKEN LISTRIK TRANSFER new,lampu led
Shopee,Token Listrik,AULIART BOX METERAN LISTRIK TOKEN PLN TUTUP LISTRIK MCB COVER SHABBY KWH METER CUSTOM,meter listrik
Shopee,Token Listrik,Lampu Display Jual Token PLN Terang 3 Warna,lampu display
Shopee,Token Listrik,Tulisan lampu led sign jual pulsa kuota token listrik air full variasi,token listrik
Shopee,Token Listrik,Lampu Jual Pulsa Token Listrik / Open Gantung,token listrik
Shopee,Token Listrik,Taffware kwh meter token listrik digital multifungsi,token listrik
Shopee,Token Listrik,BOX METERAN TOKEN LISTRIK DEXICON KOTAK PELINDUNG KWH METERAN LISTRIK,kotak meteran listrik
Shopee,Token Listrik,Simple Furniture - Box Meteran Listrik Prabayar Token London Kayu Natural,box meteran listrik
Shopee,Token Listrik,PROMO!!Bok Meteran Desain Telephone Meteran Token/Listrik Tempat Pelindung Bok Meteran Listrik Token,bok meteran listrik
Shopee,Token Listrik,Box KWH meter/Box Meteran Listrik Token model rumah / Kotak PLN / PLN Pulsa / Dekorasi rumah  / kotak pln model rumah,kotak meteran listrik
Shopee,Token Listrik,tulisan lampu LED SIGN PULSA DANA TOKEN DATA new 60x20 cm tinggal colok listrik,lampu led sign
Shopee,Token Listrik,TERMURAH!!! Box Meteran Listrik Prabayar Token London Kayu Natural Termurah,token listrik
Shopee,Token Listrik,Box Meteran Listrik Token Kayu MDF Cantik,box meteran listrik
Shopee,Token Listrik,Box Meteran Listrik Token Kayu Solid 17x10x30 Cm,token listrik
Shopee,Token Listrik,Software Penambah Token Listrik Murah,token listrik
Shopee,Token Listrik,Nota Token Listrik Murah HVS 70g 50 Lembar,token listrik
Shopee,Token Listrik,"BAYAR TAGIHAN ANDA JADI MUDAH ( LISTRIK, TOKEN , PRABAYAR, PASCA BAYAR )",token listrik
Shopee,Token Listrik,Struk Nota Token Listrik PLN Perforasi 50 Lembar,token listrik
Shopee,Token Listrik,Stiker Vinyl JUAL PULSA & TOKEN LISTRIK ukuran 10x23 CM,stiker vinyl
Shopee,Token Listrik,STRUK PEMBELIAN TOKEN LISTRIK PULSA BISA PAKAI NAMA TOKO UKURAN 10 X 4.5 CM BAHAN HVS,token listrik
Shopee,Token Listrik,Stiker vinyl JUAL PULSA DAN TOKEN LISTRIK 10X23 CM,stiker vinyl
Shopee,Token Listrik,"""New"" Kotak meteran listik Box TOKEN PULSA PLN PRABAYAR",token listrik
Shopee,Token Listrik,Meteran listrik KWH Pulsa Token Berkualitas / BOX KOTAK TUTUP METERAN PLN PRABAYAR,token listrik
Shopee,Token Listrik,:=:=:=:=] Tutup Kwh Meter Token SNI Body Tebal Pintu / Box Meteran Listrik Token,token listrik
Shopee,Token Listrik,STIKER VINYL JUAL PULSA & TOKEN LISTRIK,stiker vinyl
Shopee,Token Listrik,Struk Token Listrik Struk Pembelian Token Listrik Ukuran 10 X 4.5 Cm,token listrik
Shopee,Token Listrik,BOX KWH Pelindung Meteran Listrik Token Pulsa Merk MASKO Tebal Kokoh [COD],box kwh
Shopee,Token Listrik,"Stiker Murah Jual Pulsa, Paket Data, & Token Listrik Untuk Warung Serta Tempat Usaha",token listrik
Shopee,Token Listrik,HKY Electric Saver Penghemat Listrik PLN Alat Hemat Daya kWh SoftStart Hemat Tagihan Token Bulanan,penghemat listrik
Shopee,Token Listrik,READY STOCK Box Meteran Listrik Token PLN Kayu MDF Anti Luntur,token listrik
Shopee,Token Listrik,"Stiker Vinyl JUAL PULSA, PAKET DATA, TOKEN LISTRIK ukuran 10x23 CM",stiker vinyl
Shopee,Token Listrik,Cod!!! Box Listrik Tutup Token Listrik Pulsa Pintu Kayu Termurah,token listrik
Shopee,Token Listrik,READY STOCK Box Listrik Tutup Token Listrik Pulsa Pintu Kayu,token listrik
Shopee,Token Listrik,STIKER VINYL JUAL PULSA Paket Data Internet & Token Listrik 31 X 11 CM -SIAP KIRIM,token listrik 
Shopee,Token Listrik,READY STOCK Nanhayu Tkisi - Box Cover Token Listrik KWH Meter Listrik Prabayar/Digital,token listrik
Shopee,Token Listrik,Penghemat Listrik Alat Hemat Daya Listrik Token Electric Energy Saver,penghemat listrik
Shopee,Token Listrik,BOX KWH HIRO PASCABAYAR / BOX KWH TOKEN TUTUP METERAN LISTRIK HIRO,box kwh
Shopee,Token Listrik,Alat Penghemat Daya Listrik Hemat kWh Tagihan Pulsa Token / Bulanan PLN Soft Start,penghemat daya listrik
Shopee,Token Listrik,Tutup KWH Token Pulsa Meteran Listrik Kuncian Gembok,token listrik
Shopee,Token Listrik,Box Meteran Listrik PLN Estetik - Penutup Box Token MDF 17x10x30 cm,box meteran listrik
Shopee,Token Listrik,Casing Box Meteran Listrik Wood MDF - Pelindung Token PLN 17x10x30 cm,casing meteran listrik
Shopee,Token Listrik,"""New"" Kotak meteran listik Box TOKEN PULSA PLN PRABAYAR",token listrik
Shopee,Token Listrik,READY STOCK AULIART BOX METERAN LISTRIK TOKEN PLN TUTUP LISTRIK MCB COVER SHABBY KWH METER CUSTOM,token listrik
Shopee,Token Listrik,Box Listrik Tutup Token Listrik Pulsa Pintu Kayu,token listrik
Shopee,Token Listrik,[isi 100 pcs] STRUK TOKEN LISTRIK PLN | NOTA TOKEN LISTRIK,token listrik
Shopee,Token Listrik,Box Tutup Meteran Listrik Token.Untuk Meteran Model Baru Token Bok Tutup Meteran Prabayar,tutup meteran listrik
Shopee,Token Listrik,tokozeifang | 2025 Penghemat Listrik PLN Electric Saver / Electricity Saving Box Alat Hemat Daya kWh Soft Start Tagihan Pulsa Token / Bulanan,penghemat listrik
Shopee,Token Listrik,Box listrik mesin baru pascabayar / box token listrik polos putih #standart,box token listrik
Shopee,Token Listrik,Wadah Meteran Listrik Token & Pascabayar MDF - Tutup Box PLN 17x10x30,wadah meteran listrik
Shopee,Token Listrik,Osy - Box Listrik Tutup Token Listrik Pulsa Pintu Kayu,token listrik
Shopee,Token PLN,TOKEN LISTRIK TERMURAH SE-INDONESIA DAN RESMI,token listrik
Shopee,Token PLN,diskon token listrik token listrik murah,token listrik
Shopee,Token PLN,Token Listrik PLN Prabayar 5rb–50rb | Proses Cepat 24 Jam | Resmi & Aman,token listrik
Shopee,Token PLN,TOKEN PLN - TOKEN PLN PROMO - PLN TOKEN PROMO - PLN TOKEN - TOKEN PLN 5K - TOKEN PLN 5 RIBU - TOKEN PLN 10K - TOKEN PLN 10 RIBU - TOKEN PLN 15K - TOKEN PLN 15 RIBU - TOKEN PLN 20K - TOKEN PLN 20 RIBU,token listrik
Shopee,Token PLN,Token PLN 5k-25k Proses cepat - TOKEN 5K - TOKEN 10K - TOKEN 15K - TOKEN 20K - TOKEN 25K,token listrik
Shopee,Token PLN,Promo Token Listrik 5k 10k 15k 20k 20ribu,token listrik
Shopee,Token PLN,Token Listrik PLN Nominal 100.000 murah!,token listrik
Shopee,Token PLN,Token Listrik Mini Pintar Murah 5000-20000,token listrik
Shopee,Token PLN,Token Listrik Diskon Murah PROMO PLN 1 Juta,token listrik
Shopee,Token PLN,PLN LISTRIK ISI ULANG TOKEN PLN 20RB,token listrik
Shopee,Token PLN,diskon token listrik token listrik murah,token listrik
Shopee,Token PLN,"Token Listrik PLN Termurah 20k, 25k, 50k Promo",token listrik
Shopee,Token PLN,TERMURAH!!! TOKEN PLN | TOKEN LISTRIK | PULSA LISTRIK MURAH 20K 50K 100K,token listrik
Shopee,Token PLN,Promo Token Listrik PLN Prabayar Dan Paskabayara 1jt-10jt,token listrik
Shopee,Token PLN,TOKEN Pulsa Listrik PLN 5K 5 Ribu 5rb Eceran Murah (Kirim Kode via Chat),token listrik
Shopee,Token PLN,Token Listrik Mini/Pln/Listrik Pintar 10k-5rb-100,token listrik
Shopee,Token PLN,Token Listrik Murah Rafachel Kualitas Konsisten,token listrik
Shopee,Token PLN,Token Listrik PLN 5k 10k 15k 20k,token listrik
Shopee,Token PLN,Pulsa Listrik Token PLN 5RB 10RB 15RB Dadakan,token listrik
Shopee,Token PLN,Token PLN / Harga Admin Termurah / Proses Langsung Masuk,token listrik
Shopee,Token PLN,Pulsa Listrik - Voucher listrik - Token Listrik PLN Termurah !!,token listrik
Shopee,Token PLN,"Token Listrik Nominal Kecil 5k,10k,15k,20k,50K Proses Cepat",token listrik
Shopee,Token PLN,Token Listrik PLN PROMO 500RB Original 24 Jam,token listrik
Shopee,Token PLN,TOKEN PLN 100.000,token listrik
Shopee,Token PLN,Murah Token Listrik PLN Aman dan Amanah,token listrik
Shopee,Token PLN,"Token Listrik Murah 5,10,15 Untuk Pembelian Online",token listrik
Shopee,Token PLN,PROMO Token Listrik 20 K Ready PLN ID,token listrik
Shopee,Token PLN,Token Listrik PLN Nominal 20.000 murah!,token listrik
Shopee,Token PLN,Token PLN Promo Termurah Cuma Disini Ready 20K 50K,token listrik
Shopee,Token PLN,Token listrik pulsa PLN 50k,token listrik
Shopee,Token PLN,Token Listrik PLN PROMO 100RB Original,token listrik
Shopee,Token PLN,Token Listrik PLN Termurah Shopee Berbagai Nominal,token listrik
Shopee,Token PLN,"Token Listrik PLN Prabayar 25.000 , 50.000 dengan Pengisian Cepat",token listrik
Shopee,Token PLN,Token Listrik PLN Nominal 15.000 murah!,token listrik
Shopee,Token PLN,"token listrik mini murah,listrikpintar,token listrik",token listrik
Shopee,Token PLN,Token Listrik PLN Nominal 5.000 sampai 50.000 murah!,token listrik
Shopee,Token PLN,TOKEN LISTRIK PLN 5 10 15 20 50 Best Seller,token listrik
Shopee,Token PLN,Token Listrik PLN Nominal 5.000 murah!,token listrik
Shopee,Token PLN,Token listrik promo 850  bisa saldo,token listrik
Shopee,Token PLN,TOKEN LISTRIK 5k-50k,token listrik
Shopee,Token PLN,PLN Token | Pulsa Listrik | Token Listrik | Nominal 5.000 sampai 50.000,token listrik
Shopee,Token PLN,Token Listrik Mini 5K-20K Asli Proses Cepat,token listrik
Shopee,Token PLN,TERMURAH!!! TOKEN PLN | TOKEN LISTRIK | PULSA PLN | PULSA LISTRIK MURAH 20K 50K 100K,token listrik
Shopee,Token PLN,Token PLN Langsung 1 Juta 1 Jt 1Jt,token listrik
Shopee,Token PLN,Token Listrik Murah & Aman Rp. 100.000,token listrik
Shopee,Token PLN,Token Listrik 5K 5RB 5000 Isi Ulang,token listrik
Shopee,Token PLN,PROMO Token Listrik 50K 50RB Isi Cepat 50000,token listrik
Shopee,Token PLN,Isi Ulang Token Pln Nominal 20000 - 100000 Harga Murah,token listrik
Shopee,Token PLN,PROMO Token Listrik Termurah PLN Terbaru,token listrik
Shopee,Token PLN,token listrik,token listrik
Shopee,Token PLN,PLN TOKEN 100RIBU | TOKEN LISTRIK 100.000 | PULSA LISTRIK 100K | NOMINAL 100,token listrik
Shopee,Token PLN,Murahhh || Token Listrik 20K 50K 70K 100K,token listrik
Shopee,Token PLN,Token Listrik PLN Nominal 10.000 murah!,token listrik
Shopee,Token PLN,Token PlN mini,token listrik
Shopee,Token PLN,Token Listrik PLN PROMO 1 Juta Original,token listrik
Shopee,Token PLN,Token Listrik PLN Nominal 25.000 murah!,token listrik
Shopee,Token PLN,Token Listrik Cepat Masuk Bergaransi harga Murah,token listrik
Shopee,Token PLN,Token Listrik PLN Nominal 50.000 murah!,token listrik
Shopee,Token PLN,"Termurah Token Listrik 5Rb,10Rb,15Rb,20Rb Proses Cepat",token listrik
Shopee,Token PLN,Pulsa Listrik Token Listrik PLN Amanah 100%,token listrik
Shopee,Token PLN,Pulsa Token Listrik 200K,token listrik
Shopee,Token PLN,TOKEN PLN | PLN TOKEN MINI PROMO  | TOKEN PLN 5K - TOKEN PLN 10K,token listrik
Shopee,Token PLN,TOKEN LISTRIK PLN PROMO NOMINAL 5 10 15 20 50 - ISI ULANG PULSA TOKEN LISTRIK PLN CEPAT LANGSUNG KIRIM,token listrik
Shopee,Token PLN,PLN Token | Pulsa Listrik | Token Listrik | Nominal 5.000 sampai 50.000,token listrik
Shopee,Token PLN,TOKEN LISTRIK PLN 5/10/15/20 token listrik mini SALE TERMURAH!! Kirim Otomatis & Langsung Aktif,token listrik
Shopee,Token PLN,Token Listrik PLN Nominal Lengkap Harga Murah,token listrik
Shopee,Token PLN,Token Listrik PLN 100 100000 / Pulsa Listrik 100 Murah,token listrik
Shopee,Token PLN,PROMO Token Listrik Termurah PLN Terbaru,token listrik
Shopee,Token PLN,Token PLN Prabayar,token listrik
Shopee,Token PLN,Token Listrik Murah 5k 10k 15k 20k Pengiriman Cepat,token listrik
Shopee,Token PLN,Token Listrik PLN Nominal 5.000 murah!,token listrik
Shopee,Token PLN,Token Listrik PLN Aman Murah dan Amanah,token listrik
Shopee,Token PLN,Pulsa Listrik Token Listrik PLN Amanah 100%,token listrik
Shopee,Token PLN,Murahhh || Token Listrik 20K 50K 70K 100K,token listrik
Shopee,Token PLN,Token Listrik PLN Nominal 5.000 sampai 50.000 murah!,token listrik
Shopee,Token PLN,Token Listrik Top Up PLN Murah,token listrik
Shopee,Token PLN,Token Listrik PLN 5 10 15 20 50 40 70 100 Pulsa Listrik,token listrik
Shopee,Token PLN,"Termurah Token Listrik 5Rb,10Rb,15Rb,20Rb Proses Cepat",token listrik
Shopee,Token PLN,Token Listrik PLN Nominal 10.000 murah!,token listrik
Shopee,Token PLN,TOKEN PLN CEPAT & MURAH 20K - 100K,token listrik
Shopee,Token PLN,Isi Ulang Token Pln Nominal Besar Termurah,token listrik
Shopee,Token PLN,Token listrik pulsa PLN 5k-200k,token listrik
Shopee,Token PLN,Pulsa Token Listrik 200.500,token listrik
Shopee,Token PLN,PROMO TOKEN LISTRIK CEPAT MUDAH,token listrik
Shopee,Token PLN,Token Listrik Mini 5K 10K 15K Asli Cepat Listrik PLN Nominal Lengkap,token listrik
Shopee,Token PLN,Token Listrik PLN Nominal 50.000 murah!,token listrik
Shopee,Token PLN,Token listrik PLN murah,token listrik
Shopee,Token PLN,TOKEN LISTRIK 10K 10.000 10Ribu 10Rb | Promo Pulsa PLN Pintar Eceran Grosir Murah Langsung Kirim Kode Via Chat,token listrik
Shopee,Token PLN,Token Listrik PLN – Murah & Cepat,token listrik
Shopee,Token PLN,Token Listrik Pintar | PLN Prabayar | Promo Diskon Biaya Admin,token listrik
Shopee,Token PLN,token PLN murah 20,token listrik
Shopee,Token PLN,TOKEN LISTRIK PLN MURAH 20K 50K 100K PROSES CEPAT!!!,token listrik
Shopee,Token PLN,TOKEN PLN  20/50/100 murah dan cepat,token listrik
Shopee,Token PLN,Token Listrik PLN 20.000 | Isi Token Listrik 20K Cepat & Aman,token listrik
Shopee,Token PLN,Token Listrik PLN 15.000 | Pulsa Listrik 15K Proses Instan,token listrik
Shopee,Token PLN,"Token Listrik 5k , 10k , 15k , 20k",token listrik
Shopee,Token PLN,Promo Token Listrik 200RB-500RB,token listrik
Shopee,Token PLN,TOKEN LISTRIK PLN NOMINAL 25.000 TERMURAH,token listrik
Shopee,Token PLN,Token Listrik Murah | 15 20 25 50 100,token listrik
Shopee,Token PLN,TOKEN LISTRIK 50k,token listrik
Shopee,Token PLN,TERMURAH Token Listrik PLN Aman dan Amanah,token listrik
Shopee,Token PLN,Isi Pulsa TOKEN LISTRIK PLN Prabayar 20 50 100 200,token listrik
Shopee,Token PLN,Token Listrik PLN PROMO 50RB Original Sesuai KWH,token listrik
Shopee,Token PLN,Token Listrik Murah Dengan Nomor Meteran,token listrik
Shopee,Token PLN,TOKEN PLN MURAH,token listrik
Shopee,Token PLN,TOKEN PLN - TOKEN PLN PROMO - PLN TOKEN PROMO - PLN TOKEN - TOKEN PLN 5K - TOKEN PLN 5 RIBU - TOKEN PLN 10K - TOKEN PLN 10 RIBU - TOKEN PLN 20K - TOKEN PLN 20 RIBU,token listrik
Shopee,Token PLN,Token Listrik PLN 50.000 | Pulsa Listrik 50K Instan 24 Jam,token listrik
Shopee,Token PLN,Token Listrik PLN Prabayar 20.000 dengan Pengisian Cepat,token listrik
Shopee,Token PLN,Token Listrik Murah dan Cepat  Rp. 20.000,token listrik
Shopee,Token PLN,Token Listrik Murah PLN Cepat Proses 20k-100k,token listrik
Shopee,Token PLN,PROMO TOKEN LISTRIK 20Rb,token listrik
Shopee,Token PLN,Token Listrik PLN 20K | Isi Listrik Cepat Tanpa Delay,token listrik
Shopee,Token PLN,Token PLN,token listrik
Shopee,Token PLN,TOKEN LISTRIK PLN PROMO TERMURAH,token listrik
Shopee,Token PLN,TOKEN LISTRIK PLN NOMINAL 50.000 TERMURAH,token listrik
Shopee,Token PLN,Token Listrik PLN 50.000 100.000 200.000 Murah Cepat,token listrik
Shopee,Token PLN,Token Listrik PLN Nominal Besar - Pengisian Cepat dan Mudah,token listrik
Shopee,Token PLN,TOKEN LISTRIK PLN NOMINAL 5.000 TERMURAH,token listrik
Shopee,Token PLN,Token Listrik 20 | 25 | 50 | 100 | 200.,token listrik
Shopee,Token PLN,Token listrik termurah di shopee ( Bayar Tagihan listrik),token listrik
Shopee,Token PLN,Token Listrik PLN 20K | Isi Listrik Cepat Tanpa Delay,token listrik
Shopee,Token PLN,Token listrik 10k promo,token listrik
Shopee,Token PLN,TOKEN LISTRIK PLN NOMINAL 5.000 TERMURAH,token listrik
Shopee,Token PLN,TOKEN LISTRIK PLN5 PLN10 PLN15 PLN20,token listrik
Shopee,Token PLN,Isi Ulang Token Pln Nominal Besar Termurah,token listrik
Shopee,Token PLN,Token Listrik PLN 10k,token listrik
Shopee,Token PLN,pulsa listrik pln,token listrik
Shopee,Token PLN,TOKEN LISTRIK PLN NOMINAL 20.000 TERMURAH,token listrik
Shopee,Token PLN,Token listrik original pln,token listrik
Shopee,Token PLN,Token Listrik PLN 50 50000 / Pulsa Listrik 50K Murah,token listrik
Shopee,Token PLN,TOKEN LISTRIK (PLN) HOT PROMO,token listrik
Shopee,Token PLN,[Promo] Token Listrik PLN Murah,token listrik
Shopee,Token PLN,TOKEN LISTRIK PLN NOMINAL 15.000 TERMURAH,token listrik
Shopee,Token PLN,TOKEN PLN - TOKEN PLN PROMO - PLN TOKEN PROMO - PLN TOKEN - TOKEN PLN 5K - TOKEN PLN 5 RIBU - TOKEN PLN 10K - TOKEN PLN 10 RIBU - TOKEN PLN 20K - TOKEN PLN 20 RIBU,token listrik
Shopee,Token PLN,Token Listrik Murah dan Cepat  Rp. 20.000,token listrik
Shopee,Token PLN,Token listrik 500,token listrik
Shopee,Token PLN,Token Listrik Pulsa Listrik Token PLN 100 100RB,token listrik
Shopee,Token PLN,Token Listrik 20 | 25 | 50 | 100 | 200.,token listrik
Shopee,Token PLN,"Token Listrik 20K, 50K Termurah Hemat Asli",token listrik
Shopee,Token PLN,Token Listrik PLN 5k,token listrik
Shopee,Token PLN,Token Listrik 20k Termurah Proses Cepat Asli,token listrik
Shopee,Token PLN,Token listrik termurah di shopee ( Bayar Tagihan listrik),token listrik
Shopee,Token PLN,PROMO Token Listrik PLN Proses Cepat,token listrik
Shopee,Token PLN,Token PLN,token listrik
Shopee,Token PLN,Token Listrik Prabayar || Listrik PLN 20.000,token listrik
Shopee,Token PLN,PROMO TOKEN LISTRIK CEPAT MUDAH,token listrik
Shopee,Token PLN,Token Listrik PLN 50.000 100.000 200.000 Murah Cepat,token listrik
Shopee,Token PLN,PROMO TOKEN PLN 20 50 100,token listrik
Shopee,Token PLN,Token Listrik 20 20000 / Pulsa Listrik PLN 20K Murah,token listrik
Shopee,Token PLN,token listrik listrik100  promo,token listrik
Shopee,Token PLN,Token Listrik PLN 5 10 15 20 50 40 70 100 Pulsa Listrik,token listrik
Shopee,Token PLN,Token listrik pulsa PLN 5k-200k,token listrik
Shopee,Token PLN,Token Listrik Top Up PLN Murah,token listrik
Shopee,Token PLN,TOKEN LISTRIK PLN 100K & 200K PROMO TERMURAH TERLARIS DISKON,token listrik
Shopee,Token PLN,Token Listrik PLN promo 20 50 100,token listrik
Shopee,Token PLN,Token Listrik Mini 5K 10K 15K Asli Cepat Listrik PLN Nominal Lengkap,token listrik
Shopee,Token PLN,TOKEN LISTRIK MURAH DAN AMANAH,token listrik
Shopee,Token PLN,"Token Listrik PLN 5.000 10.000 15.000 20.000 25.000 50.000 - Promo, Murah, Langsung Dikirim",token listrik
Shopee,Token PLN,TOKEN LISTRIK PRABAYAR PROMO  PLN 15 15k 20 20k 50 50k 100 100k 200 200k 500 500k 1 juta 1 jt 1jt 1000k,token listrik
Shopee,Token PLN,20K Token Listrik PLN Prabayar - Pengiriman Cepat & Langsung Via Chat,token listrik
Shopee,Token PLN,Token Listrik PLN 5k 10k PROMO Termurah,token listrik
Shopee,Token PLN,TOKEN PLN MURAH,token listrik
Shopee,Token PLN,"TOKEN LISTRIK 20000, 50000, 100000 | PLN | PULSA LISTRIK",token listrik
Shopee,Token PLN,"Token Listrik Murah 5k, 10k, 15k, 20k {Baca Deskripsi Dulu}",token listrik
Shopee,Token PLN,Token Listrik Murah | 15 20 25 50 100,token listrik
Shopee,Token PLN,Token PROMO Listrik 100 Dan 200 Murah Proses Cepat,token listrik
Shopee,Token PLN,Token Listrik PLN Prabayar - Pengiriman Cepat & Langsung Via Chat,token listrik
Shopee,Token PLN,Token PLN Murah,token listrik
Shopee,Token PLN,TERMURAH!!! TOKEN PLN | TOKEN LISTRIK | PULSA PLN | PULSA LISTRIK MURAH 50K 100K 200Kl,token listrik
Shopee,Token PLN,TOKEN LISTRIK PLN 20 RIBU / 20000,token listrik
Shopee,Token PLN,Token PLN dan tagihan PLN,tagihan pln 
Shopee,Token PLN,Pulsa Token Listrik 200.500,token listrik
Shopee,Token PLN,Pulsa Listrik Token PLN Prabayar Murah Mudah Cepat,token listrik
Shopee,Token PLN,Promo Token Listrik 200RB-500RB,token listrik
Shopee,Token PLN,PROMO Token Listrik 20K 50K Pengiriman Cepat,token listrik
Shopee,Token PLN,TOKEN PLN ECERAN MULAI DARI 5K - WARUNG KOMUNIKA,token listrik
Shopee,Token PLN,TOKEN LISTRIK 25K 25000 25Ribu 25Rb | Promo Pulsa PLN Pintar Eceran Grosir Murah Langsung Kirim Kode Via Chat | Serba 0 Rupiah,token listrik
Shopee,Token PLN,Token Listrik PLN Prabayar-Nominal 5rb s/d 200rb,token listrik
Shopee,Token PLN,Token Listrik Prabayar Digital 20 Digit,token listrik
Shopee,Token PLN,Token Listrik Pln,token listrik
Shopee,Token PLN,Token PLN 5K 10K 5K 20K 30K 40K 50K,token listrik
Shopee,Token PLN,Token listrik MURAH,token listrik
Shopee,Token PLN,Token listrik pulsa listrik 50k murah,token listrik
Shopee,Token PLN,token listrik listrik100  promo,token listrik
Shopee,Token PLN,TOKEN LISTRIK PLN 20 50 100,token listrik
Shopee,Token PLN,Promo Token Listrik 100K 100Rb,token listrik
Shopee,Token PLN,PULSA TOKEN LISTRIK PLN Prabayar Murah 20 50 100 200 Isi Ulang,token listrik
Shopee,Token PLN,PLN PRABAYAR 20/50/100,token listrik
Shopee,Token PLN,TOKEN LISTRIK PROMO PLN MURAH 15 15k 20 20k 50 50k 100 100k 200 200k 500 500k 1 juta,token listrik
Shopee,Token PLN,Token Listrik Pln,token listrik
Shopee,Token PLN,Token Listrik PLN 50 50000 / Pulsa Listrik 50K Murah,token listrik
Shopee,Token PLN,"Token Listrik 5k , 10k , 15k , 20k",token listrik
Shopee,Token PLN,Token Listrik PLN 5.000 | Pulsa Listrik 5K Instan Cepat,token listrik
Shopee,Token PLN,Token Listrik 500Rb PROMO Dikirim Via Kurir,token listrik
Shopee,Token PLN,TOKEN LISTRIK 20K 20000 20Ribu 20Rb | Promo Pulsa PLN Pintar Eceran Grosir Murah Langsung Kirim Kode Via Chat,token listrik
Shopee,Token PLN,"Token Listrik PLN 5.000 10.000 15.000 20.000 25.000 50.000 - Promo, Murah, Langsung Dikirim",token listrik
Shopee,Token PLN,Token Listrik 20 | 25 | 50 | 100 | 200.,token listrik
Shopee,Token PLN,Pulsa/Token/PLN Listrik Proses Cepat Murah,token listrik
Shopee,Token PLN,20K Token Listrik PLN Prabayar - Pengiriman Cepat & Langsung Via Chat,token listrik
Shopee,Token PLN,Token Listrik Murah 20 50 100 Pengiriman Cepat,token listrik
Shopee,Token PLN,Token Listrik promo 15k proses cepat,token listrik
Shopee,Token PLN,Token Listrik PLN promo 20 50 100,token listrik
Shopee,Token PLN,Token Listrik Prabayar || Listrik PLN 20.000,token listrik
Shopee,Token PLN,TOKEN LISTRIK PROMO PLN MURAH 15 25k 20 20k 50 50k 100 100k 200 200k 500 500k 1 juta,token listrik
Shopee,Token PLN,TOKEN PLN 100K,token listrik
Shopee,Token PLN,TOKEN LISTRIK 20K MURAH DAN CEPAT,token listrik
Shopee,Token PLN,Token Listrik PLN,token listrik
Shopee,Token PLN,Token listrik 10k promo,token listrik
Shopee,Token PLN,TOKEN LISTRIK PLN 100K & 200K PROMO TERMURAH TERLARIS DISKON,token listrik
Shopee,Token PLN,Token Listrik / Pulsa PLN Prabayar 20 50 100 ribu 20000 50000 100000,token listrik
Shopee,Token PLN,TOKEN LISTRIK PRABAYAR PROMO  PLN 15 15k 20 20k 50 50k 100 100k 200 200k 500 500k 1 juta 1 jt 1jt 1000k,token listrik
Shopee,Token PLN,Token Listrik 200,token listrik
Shopee,Token PLN,pulsa listrik pln,token listrik
Shopee,Token PLN,TOKEN LISTRIK MURAH DAN AMANAH,token listrik
Shopee,Token PLN,Token Listrik Murah 20 50 100 Pengiriman Cepat,token listrik
Shopee,Token PLN,TOKEN LISTRIK PLN PROMO 15/20/50/100  (20x5  100 100k) (20x10 200 200k) (20x25 500 500k) PALING MURAH,token listrik
Shopee,Token PLN,Token Listrik PLN 50.000 100.000 200.000 Murah Cepat,token listrik
Shopee,Token PLN,Token Listrik / Pulsa PLN Prabayar 200 500 ribu 1 Juta 200000 500000 1000000,token listrik
Shopee,Token PLN,"Token Listrik 20K, 50K Termurah Hemat Asli",token listrik
Shopee,Token PLN,Token Listrik 10k Termurah Terpercaya Amanah,token listrik
Shopee,Token PLN,TOKEN LISTRIK 15K 15000 15Ribu 15Rb | Promo Pulsa PLN Pintar Eceran Grosir Murah Langsung Kirim Kode Via Chat,token listrik
Shopee,Token PLN,TOKEN LISTRIK PRABYAR,token listrik
Shopee,Token PLN,TERMURAH TOP BANGET UP SALDO/REGULER ALL  OPERATOR SELULER,pulsa
Shopee,Token PLN,BISA COD NOMOR CANTIK TELKOMSEL 10 DIGIT BISA DIGUNAKAN DI WILAYAH INDONESIA BONUS KUOTA INTERNET 5000GB,nomor telkomsel
Shopee,Token PLN,MCB Pln modif request anti jegglek anti panas,mcb pln
Shopee,Token PLN,PROMO Token Listrik PLN Proses Cepat,token listrik
Shopee,Token PLN,Box Meteran Token Telephone Mika Mdf 6mm,box meteran token
Shopee,Token PLN,"MCB Schneider Biru PLN 1P 2A/4A/6A/10A/16A/20A/25A/35A/40A - Perlindungan Listrik, SNI Standar, Anti Jeglek",mcb schneider
Shopee,Token PLN,ijuk duri penghalang panjat /ijuk PLN / ijuk pengusir tikus &ular ukuran 50 cm,ijuk duri penghalang
Shopee,Token PLN,MCB modif Schneider pln anti jeglek bisa regues,mcb schneider
Shopee,Token PLN,Struk Nota Pembelian Token Listrik Struk Pembelian Token Listrik Nota Token Listrik,token listrik
Shopee,Token PLN,Stiker Vinyl JUAL PULSA DAN TOKEN LISTRIK 10X23CM,stiker vinyl
Shopee,Token PLN,Leonardo Ai 8500 token Private,leonardo ai
Shopee,Token PLN,Box Meteran Telephone Pintu Putih MDF 30x21x12,box meteran
Shopee,Token PLN,Box Kwh Meter Pulsa Transparan Token Listrik 27x19x13 Cm,token listrik
Shopee,Token PLN,MCB PLN modif ABB SH 201 biru anti jeglek bisah request second original 2a 4a 6a 10a 16a 20a 25a 35a 50a,mcb pln
Shopee,Token PLN,MCB Modif schneider pln 1 phase anti jeglek siap pake di jamin normal,mcb schneider
Shopee,Token PLN,MCB Modif Anti-Jeglek Merlin Gerin Pln 1P,mcb
Shopee,Token PLN,MCB modif Merlin gerin pln 1pas anti jeglek siap pakai di jamin normal,mcb
Shopee,Token PLN,MCB MODIF ABB SH201 PLN 1PAS ORGINAL SIAP PAKEK DI JAMIN NURMAL,mcb
Shopee,Token PLN,TOKEN LISTRIK PLN PRABAYAR 20.000 - 50.000 - 100.000,token listrik
Shopee,Token PLN,TERMURAH!!! TOKEN PLN | TOKEN LISTRIK | PULSA PLN | PULSA LISTRIK MURAH 50K 100K 200Kl,token listrik
Shopee,Token PLN,"TOKEN LISTRIK PROMO PLN PRABAYAR [5.000, 10.000, 15.000, 20.000, 50.000, 100.000] 5 5k 10 10k 15 15k 20 20k 50 50k 100 100k  TERMURAH",token listrik
Shopee,Token PLN,Token Listrik Murah,token listrik
Shopee,Token PLN,TOKEN Listrik/PLN Prabayar 200.000 Proses Cepat,token listrik
Shopee,Token PLN,TOKEN LISTRIK PRABAYAR PROMO PLN 5 5k 10 10k 15 15k 20 20k 50 50k 100 100k 200 200k 500 500k 1 Juta 1jt 1 jt,token listrik
Shopee,Token PLN,Token Listrik MURAH,token listrik
Shopee,Token PLN,SUPER MURAH TOKEN PLN CEPAT  200K - 1 JUTA,token listrik
Shopee,Token PLN,TOKEN LISTRIK PRABAYAR PROMO PLN 15 15k 20 20k 50 50k 100 100k 200 200k 500 500k 1 juta 1jt 1 juta 1000k dan Pulsa hp Isi Ulang all operator termurah,token listrik
Shopee,Token PLN,Token Listrik Murah 50K,token listrik
Shopee,Token PLN,PROMO TOKEN LISTRIK ISI ULANG PLN 20RB 50RB 100RB MURAH 20K 20000 50K 50000 RIBU 100K PRABAYAR,token listrik
Shopee,Token PLN,Token Listrik,token listrik
Shopee,Token PLN,Token PLN Murah,token listrik
Shopee,Token PLN,Token Listrik 20k,token listrik
Shopee,Token PLN,TOKEN PLN - TOKEN PLN PROMO - PLN TOKEN PROMO - PLN TOKEN - TOKEN PLN 5K - TOKEN PLN 5 RIBU - TOKEN PLN 10K - TOKEN PLN 10 RIBU - TOKEN PLN 15K - TOKEN PLN 15 RIBU - TOKEN PLN 20K - TOKEN PLN 20 RIBU,token listrik
Shopee,Token PLN,PROMO TOKEN PLN 100K,token listrik
Shopee,Token PLN,"PROMO TOKEN PLN//Token listrik murah 20k, 50k, 100k murah",token listrik
Shopee,Token PLN,Pulsa Listrik Token PLN Prabayar Murah Mudah Cepat,token listrik
Shopee,Token PLN,Token Listrik PLN Prabayar 20k 50k 100k,token listrik
Shopee,Token PLN,Token PLN 200.000 Murah,token listrik
Shopee,Token PLN,Token Pulsa Listrik Pengiriman Cepat Terjangkau,token listrik
Shopee,Token PLN,Token PLN 500 Promo#Listrik#Prabayar#,token listrik
Shopee,Token PLN,Token Listrik PLN Murah Nominal 20.000 PROMO Termurah,token listrik
Shopee,Token PLN,token listrik 20/50/100,token listrik
Shopee,Token PLN,Token Listrik BUKA 24 JAM,token listrik
Shopee,Token PLN,Jual Token Listrik,token listrik
Shopee,Token PLN,TOKEN LISTRIK,token listrik
Shopee,Token PLN,Token listrik termurah,token listrik
Shopee,Token PLN,Token listrik 100k,token listrik
Shopee,Token PLN,Token PLN Murah!,token listrik
Shopee,Token PLN,Token Listrik PLN Murah dan Cepat 20K 25K 50K 100K,token listrik
Shopee,Token PLN,"Token PLN - TOKEN LISTRIK PROMO, Termurah di Shopee Nominal 5.000, 10.000.",token listrik
Shopee,Token PLN,Token Listrik PLN Termurah Nominal 200.000,token listrik
Shopee,Token PLN,LANGSUNG PROSES 200K UTUH❗TOKEN PLN200 || PLN200 || TOKEN200 || PLN 200RB || PLN 200.000 || PLN 200K,token listrik
Shopee,Token PLN,Token Listrik 15k/20/50/100/200 15/20k/50k/100k/200k,token listrik
Shopee,Token PLN,Token PLN 20000 Proses Cepat,token listrik
Shopee,Token PLN,Token pulsa listrik,token listrik
Shopee,Token PLN,Token listrik termurah di shopee ( Bayar Tagihan listrik),token listrik
Shopee,Token PLN,Token Listrik 100,token listrik
Shopee,Token PLN,Token PLN Promo / Voucher Listrik Murah 20RB 50RB 100RB,token listrik
Shopee,Token PLN,TOKEN LISTRIK PLN PROMO 50RIBU/50.000,token listrik
Shopee,Token PLN,TOKEN LISTRIK 500000 PRABAYAR MURAH PROSES CEPAT ( ID METER KIRIM KE CHAT ),token listrik
Shopee,Token PLN,"TOKEN LISTRIK MURAH / LISTRIK PULSA PLN 20K, 50K, 100K",token listrik
Shopee,Token PLN,Token Listrik PLN Murah Promo,token listrik
Shopee,Token PLN,token listrik pln,token listrik
Shopee,Token PLN,token listrik prabayar 200k,token listrik
Shopee,Token PLN,"Token Listrik 5k , 10k , 15k , 20k",token listrik
Shopee,Token PLN,PROMO TOKEN LISTRIK PLN 20k 50k,token listrik
Shopee,Token PLN,TOKEN LISTRIK PLN PROMO 200K Proses Cepat,token listrik
Shopee,Token PLN,TOKEN LISTRIK PROMO 200K 500K 1000K,token listrik
Shopee,Token PLN,Token Listrik,token listrik
Shopee,Token PLN,TOKEN LISTRIK 300K,token listrik
Shopee,Token PLN,Token Listrik Promo,token listrik
Shopee,Token PLN,Promo token listrik pintar,token listrik
Shopee,Token PLN,[PROMO]TOKEN LISTRIK  / LISTRIK PRABAYAR MURAH 20RB 50RB 100RB,token listrik
Shopee,Token PLN,Token listrik 20,token listrik
Shopee,Token PLN,token listrik listrik100  promo,token listrik
Shopee,Token PLN,Token Listrik 200.000,token listrik
Shopee,Token PLN,PROMO Token Listrik PLN 20RB-100RB,token listrik
Shopee,Token PLN,Pulsa/Token/PLN Listrik Proses Cepat Murah,token listrik
Shopee,Token PLN,"Token Listrik PLN Prabayar | Kirim Cepat via Chat (5K, 10K, 20K)",token listrik
Shopee,Token PLN,TOKEN LISTRIK PROMO PLN 20 20k 50 50k 100 100k 200 200k 500 500k 1 Juta  dan Pulsa Isi Ulang,token listrik
Shopee,Token PLN,Token Listrik Murah 20 50 100 Pengiriman Cepat,token listrik
Shopee,Token PLN,TOKEN LISTRIK PLN PROMO 50RIBU/50.000,token listrik
Shopee,Token PLN,Token Listrik 10k Termurah Terpercaya Amanah,token listrik
Shopee,Token PLN,Token PLN Murah,token listrik
Shopee,Token PLN,Token listrik termurah di shopee ( Bayar Tagihan listrik),token listrik
Shopee,Token PLN,TOKEN LISTRIK PLN PROMO 15/20/50/100  (20x5  100 100k) (20x10 200 200k) (20x25 500 500k) PALING MURAH,token listrik
Shopee,Token PLN,Token Listrik 200 500 1000,token listrik
Shopee,Token PLN,Token Listrik BUKA 24 JAM,token listrik
Shopee,Token PLN,TOKEN LISTRIK PLN PRABAYAR 20.000 - 50.000 - 100.000,token listrik
Shopee,Token PLN,TOKEN LISTRIK PRABAYAR PROMO PLN 5 5k 10 10k 15 15k 20 20k 50 50k 100 100k 200 200k 500 500k 1 Juta 1jt 1 jt,token listrik
Shopee,Token PLN,"TOKEN LISTRIK PROMO PLN PRABAYAR [5.000, 10.000, 15.000, 20.000, 50.000, 100.000] 5 5k 10 10k 15 15k 20 20k 50 50k 100 100k  TERMURAH",token listrik
Shopee,Token PLN,"Token listrik 20rb , 20 rb , 20 ribu , 20ribu, 100rb 100ribu 100 rb 100 ribu",token listrik
Shopee,Token PLN,"TOKEN PLN - TOKEN LISTRIK PROMO, Termurah di SHOPEE Nominal 5.000, 10.000, 15.000, 20.000.",token listrik
Shopee,Token PLN,Token Listrik Bersahabat,token listrik
Shopee,Token PLN,Token Listrik Murah 200K-500K,token listrik
Shopee,Token PLN,Token Listrik Murah 100%,token listrik
Shopee,Token PLN,TOKEN PLN / ISI ULANG PULSA LISTRIK 20 50 100 200 RIBU | MURAH CEPAT RESMI,token listrik
Shopee,Token PLN,TOKEN LISTRIK PRABAYAR PROMO PLN 15 15k 20 20k 50 50k 100 100k 200 200k 500 500k 1 juta 1jt 1 juta 1000k dan Pulsa hp Isi Ulang all operator termurah,token listrik
Shopee,Token PLN,TOKEN PLN HARGA 50/100 /200,token listrik
Shopee,Token PLN,Token PLN nominal 20000,token listrik
Shopee,Token PLN,TOKEN LISTRIK PLN PROMO 500RB/500.000,token listrik
Shopee,Token PLN,Token Listrik PLN Murah dan Cepat 20K 25K 50K 100K,token listrik
Shopee,Token PLN,Token listrik,token listrik
Shopee,Token PLN,Token listrik 500k,token listrik
Shopee,Token PLN,"Token PLN - TOKEN LISTRIK PROMO, Termurah di Shopee Nominal 5.000, 10.000.",token listrik
Shopee,Token PLN,Token Listrik || Token 100k || Token 200k,token listrik
Shopee,Token PLN,Token Listrik PLN,token listrik
Shopee,Token PLN,Token PLN murah 100rb 200rb 500rb,token listrik
Shopee,Token PLN,Token listrik FASTRESPON,token listrik
Shopee,Token PLN,Isi ulang Token PLN Listrik 50,token listrik
Shopee,Token PLN,Token PLN 200-1jt,token listrik
Shopee,Token PLN,TOKEN LISTRIK PLN PROMO 200K Proses Cepat,token listrik
Shopee,Token PLN,Token listrik PLN Langsung 500,token listrik
Shopee,Token PLN,"Token Listrik PLN Prabayar | Kirim Cepat Via Chat (50K, 100K, 200K)",token listrik
Shopee,Token PLN,TOKEN PLN LISTRIK 200&500&1JT TIDAK PECAHAN!,token listrik
Shopee,Token PLN,Token Listrik / Pulsa PLN Prabayar 200 500 ribu 1 Juta 200000 500000 1000000,token listrik
Shopee,Token PLN,token listrik prabayar 200k,token listrik
Shopee,Token PLN,TOKEN LISTRIK PLN PROMO 200rb,token listrik
Shopee,Token PLN,PULSA TOKEN LISTRIK PLN Prabayar Murah 20 50 100 200 Isi Ulang,token listrik
Shopee,Token PLN,TOKEN LISTRIK PLN MURAH,token listrik
Shopee,Token PLN,TOKEN PLN 200.000,token listrik
Shopee,Token PLN,TOKEN LISTRIK PROMO token PLN 20K/Token PLN 50K/Token PLN100K,token listrik
Shopee,Token PLN,Token Listrik PLN Prabayar 20k 50k 100k,token listrik
Shopee,Token PLN,Promo token listrik pintar,token listrik
Shopee,Token PLN,Token PLN 50.000,token listrik
Shopee,Token PLN,"TOKEN PLN - TOKEN LISTRIK PROMO, Termurah di SHOPEE Nominal 20.000, 50.000, 100.000, 200.000.",token listrik
Shopee,Token PLN,Token PLN murah 500rb 1jt,token listrik
Shopee,Token PLN,PROMO TOKEN LISTRIK 20K / 50k,token listrik
Shopee,Token PLN,PROMO TOKEN LISTRIK PLN 20k 50k,token listrik
Shopee,Token PLN,Token PLN 200.000 Murah,token listrik
Shopee,Token PLN,Token PLN 500 Promo#Listrik#Prabayar#,token listrik
Shopee,Token PLN,PROMO TOKEN PLN 100K,token listrik
Shopee,Token PLN,TOKEN LISTRIK  5 RB TERMURAH - TOKEN LISTRIK 10 TERMURAH - TOKEN LISTRIK 15 TERMURAH - TOKEN LISTRIK 20 TERMURAH -PULSA LISTRIK PROMO,token listrik
Shopee,Token PLN,Token PLN 50 / 50.000,token listrik
Shopee,Token PLN,TERMURAH TOKEN LISTRIK  100 RB TOKEN PLN LISTRIK PINTAR,token listrik
Shopee,Token PLN,Token Listrik 20ribu-100ribu Proses Cepat,token listrik
Shopee,Token PLN,Voucher Token Listrik 200.000,token listrik
Shopee,Token PLN,Token Listrik Murah 20 Ribu - 100 Ribu Proses Cepat Terpercaya,token listrik
Shopee,Token PLN,"Struk Pembelian Token Listrik PLN, MINI ATM Bersama Transfer - Setor, Agen Brilink",token listrik
Shopee,Token PLN,"Listrik pln 20K, 50K, 100K",token listrik
Shopee,Token PLN,Token Listrik PLN Prabayar 5K 10K 15K 20K,token listrik
Shopee,Token PLN,Alat Penghemat Listrik Original 1300 Watt,penghemat listrik
Shopee,Token PLN,Alat Penghemat Listrik Hemat Daya Listrik Electricity Saving Box Token Meteran Rumah Ac Kulkas Paling Efektif,alat penghemat listrik
Shopee,Token PLN,Rumah Token Listrik Shabby Chic Mdf Glossy,token listrik
Shopee,Token PLN,Box Kotak Cover Meteran Listrik Token Kayu Model Telephone London Hiasan Dekorasi Dinding,hiasan dinding
Shopee,Token PLN,TOKEN LISTRIK PLN 20K PROMO,token listrik
Shopee,Token PLN,Box Token Listrik Box KWH PLN Meteran Listrik Token / Boks Tutup Pulsa Prabayar,token listrik
Shopee,Token PLN,Box Meteran Listrik Token / Pulsa - Kotak Meteran Listrik Token,kotak meteran listrik token
Shopee,Token PLN,Struk Pembelian Token Listrik | Nota Token Listrik,token listrik
Shopee,Token PLN,Alat Penghemat Listrik Hemat Daya 80%-90% Listrik Electricity Saving Box Token Meteran Rumah Ac Kulkas Paling Efektif COD,penghemat listrik
Shopee,Token PLN,Box Meteran Token Listrik PLN Kayu MDF Anti Luntur,token listrik
Shopee,Token PLN,[ BISA COD ] Alat Penghemat Listrik Hemat Daya Listrik Electricity Saving Box Token Meteran Rumah Ac Kulkas Paling Efektif Praktis,penghemat listrik
Shopee,Token PLN,Alat Penghemat Listrik Hemat Energi Token Voucher Meteran Pulsa Listrik,token listrik
Shopee,Token PLN,TOKEN PULSA PLN 20.000,token listrik
Shopee,Token PLN,Token Listrik/PLN,token listrik
Shopee,Token PLN,[RESMI] Promo Tambah Daya Listrik 450-7700VA Se-Indonesia,tambah daya listrik
Shopee,Token PLN,(100 LEMBAR) STRUK PEMBELIAN TOKEN LISTRIK | NOTA TOKEN LISTRIK KECIL | STRUK TOKEN LISTRIK,token listrik
Shopee,Token PLN,"Struk Pembelian Token Listrik PLN, MINI ATM Bersama Transfer - Setor, Agen Brilink",token listrik
Shopee,Token PLN,(100 lembar) STRUK PEMBELIAN TOKEN LISTRIK | NOTA TOKEN LISTRUK BESAR,token listrik
Shopee,Token PLN,Spanduk Token Listrik PLN - 50x100 Cm Flexy,token listrik
Shopee,Token PLN,TOKEN PLN20 / PLN 20 / TOKEN PLN50 / PLN 50,token listrik
Shopee,Token PLN,"Kabel Nya (lidi) 1x2,5 (1.1mm) Merk Aichi Panjang 80m",kabel
Shopee,Token PLN,token PLN,token listrik
Shopee,Token PLN,Alat Penghemat Daya Listrik Hemat kWh Tagihan Pulsa Token / Bulanan PLN Soft Start,penghemat daya listrik
Shopee,Token PLN,"Struk Pembelian Token Listrik PLN, MINI ATM Bersama Transfer - Setor, Agen Brilink",token listrik
Shopee,Token PLN,Alat Penghemat Listrik Hemat Daya Listrik Electricity Saving Box,penghemat listrik
Shopee,Token PLN,E-Voucher Tambah Daya April  2026,voucher tambah daya
Shopee,Token PLN,VOUCHER TAMBAH DAYA LISTRIK APRIL 2026,voucher tambah daya listrik
Shopee,Token PLN,SINTE MASKO Box Token Listrik Prabayar PLN Kwh Meter Tebal dan Kuat Warna Putih Kualitas Bagus Murah,token listrik
Shopee,Token PLN,Large Angle Assembly 50-70mm Spek PLN Tarikan Kabel untuk Project PLN,tarikan kabel
Shopee,Token PLN,[ CANGGIH ] Alat Penghemat Listrik Hemat Daya Listrik Praktis Electricity Saving Box Token Meteran Rumah Ac Kulkas Paling Efektif,alat penghemat listrik
Shopee,Token PLN,AULIART BOX METERAN LISTRIK TOKEN PLN TUTUP LISTRIK MCB COVER SHABBY KWH METER CUSTOM,meter listrik
Shopee,Token PLN,KWH Meter Merk Smart 5(60)A SMI-810 V3 (Prabayar) 1Phase,kwh meter
Shopee,Token PLN,Alat Penghemat Listrik Hemat Daya Listrik PLN Electricity Saving Box TPB,penghemat listrik
Shopee,Token PLN,Penghemat Listrik Hemat 75% Alat Penghemat Listrik Token Meter,penghemat listrik
Shopee,Token PLN,PROMO - Penghemat Listrik Hemat 75% Alat Penghemat Listrik Token Meteran,alat penghemat listrik
Shopee,Token PLN,ALAT MENSTABILKAN & PENGHEMAT ARUS LISTRIK PLN RUMAH. TOKO. PABRIK & MENSTABILKAN ARUS LISTRIK PLN Penghemat Peralatan Rumah Tangga dengan Efektivitas Tinggi Peralatan Hemat Energi Cerdas Hemat Listrik,penghemat listrik
Shopee,Token PLN,Anti Jeglek PLN Super Power Saver 450-2000W,anti jeglek pln
Shopee,Token PLN,KABEL TC SR PLN Twisted 100 Meter NFA 2X10MM SNI SPLN / KABEL Listrik / KABEL PLN 2 x 10 MM / KABEL Listrik PLN SPLN LMK,kabel listrik
Shopee,Token PLN,Box Token Telephone Motif Bunga Mdf Glossy,box token telephone
Shopee,Token PLN,Hemat Listrik Rumahan Royal Energy Saver 5-40%,hemat listrik
Shopee,Token PLN,Cover Meteran Listrik Token Kayu Pinus Rotan,cover meteran listrik
Shopee,Token PLN,[BUKAN METERAN] BOX TOKEN LISTRIK PLN DESAIN TERBARU/DEKORASI RUMAH LUCU,token listrik
Shopee,Token PLN,Tutup Box Token Listrik PRABAYAR I Kotak Pelindung Meteran PLN Isi Ulang Pulsa KwH Romusha Ibagstore,token listrik
Shopee,Token PLN,Box PLN Rumah PLN / Box PLN | Box Token Box Pengaman MCB,box pln
Shopee,Token PLN,Hiasan dinding Box Meteran Listrik Token Karakter Hello Kitty,hiasan dinding
Shopee,Token PLN,Alat Penghemat Daya Listrik Untuk 1300 watt 2200 watt 3500 watt 4400 watt 5500 watt sd 11000 watt,penghemat daya listrik
Shopee,Token PLN,Simple Furniture - Box Meteran Listrik Prabayar Token Dan Pascabayar Pendek,box meteran listrik
Shopee,Token PLN,Trillion - Inverator Automatic Soft Slow Start Anti Jeglek (5000W),inverter
Shopee,Token PLN,The VEXTRA Dua Alat Elektronik Max 2500 W Penghemat Listrik Body Besi Auto Start Power Saving Fuse,penghemat listrik
Shopee,Token PLN,READY STOCK Trillion - Inverator Anti Jeglek 1500W Stabil Listrik,stabil listrik
Shopee,Token PLN,BOX KWH TOKEN / BOX KWH PRABAYAR MERK UCHIRO / BOX KWH TOKEN UCHIRO,token kwh
Shopee,Token PLN,"Nanhayu Neo - Box Cover Meteran Listrik Prabayar / Token dan Kwh smart / Digital , Cover Meteran Listrik Baru",cover meteran listrik
Shopee,Token PLN,Trillion - Inverator Automatic Soft Slow Start Anti Jeglek (3500W),inverter
Shopee,Token PLN,Box Meteran Listrik Token/Pulsa Kayu MDF Warna Pilihan,box meteran listrik
Shopee,Token PLN,(Voltify) Tutup Box Meteran KWH MINI Token Voucher Prabayar UCHIRO Kotak Listrik Eficiency Rapi,kotak meteran listrik
Shopee,Token PLN,Struk Pembelian Token Listrik | Nota Token Listrik Isi 100 Lembar,token listrik
Shopee,Token PLN,NIDI SLO SATU PAKET DAYA 1300 2200 UNTUK DAFTAR PASANG BARU LISTRIK PLN,token listrik
Shopee,Token PLN,NIDI SLO Listrik Nusantara Pasang Baru Listrik KWH Meter Meteran PLN seluruh lokasi Kepulauan Riau,pasang listrik
Shopee,Token PLN,Paket Nidi Dan Slo Pln Daya 16500 Va Proses Cepat Dan Mudah Se Indonesia,token listrik
Shopee,Token PLN,Nidi Dan Slo Pln Daya 6600 Va Proses cepat Dan Mudah Se Indonesia,token listrik
Shopee,Token PLN,Paket Nidi Dan Slo Pln Daya 7700 Va Proses Cepat Dan Mudah Se Indonesia,token listrik
Shopee,Token PLN,Paket Nidi Dan Slo Pln Daya 6600 Va Proses Cepat Dan Mudah Se Indonesia,token listrik
Shopee,Token PLN,SLO dan NIDI 3 PHASE,slo nidi phase
Shopee,Token PLN,Paket Nidi Dan Slo Pln Daya 10600 Va Proses Cepat Dan Mudah Se Indonesia,token listrik
Shopee,Token PLN,Paket Nidi Dan Slo Pln Daya 33000 Va Proses Cepat Dan Mudah Se Indonesia,token listrik
Shopee,Token PLN,JASA PENERBITAN SLO DAN NIDI PLN,slo pln
Shopee,Token PLN,Paket Nidi Dan Slo Pln Daya 13200 Va Proses Cepat Dan Mudah Se Indonesia,token listrik
Shopee,Token PLN,SLO NIDI 3PHASE LENGKAP RESMI,slo nidi 3phase
Shopee,Token PLN,Pembayaran Tagihan Listrik Pascabayar free admin,tagihan listrik
Shopee,Token PLN,Paket Nidi Dan Slo Pln Daya 23000 Va Proses Cepat Dan Mudah Se Indonesia,token listrik
Shopee,Token PLN,Paket Nidi Dan Slo Pln Daya 41500 Va Proses Cepat Dan Mudah Se Indonesia,token listrik
Shopee,Token PLN,(Admin mulai 5ribu ) BAYAR TAGIHAN LISTRIK PLN,tagihan listrik
Shopee,Token PLN,Jasa Pemasangan Listrik Jabodetabek,pemasangan listrik
Shopee,Token PLN,E-Voucher Tambah Daya April  2026,voucher tambah daya
Shopee,Token PLN,NIDI DAN SLO PLN LISTRIK SEPAKET LANGSUNG JADI DAYA 900 1300 2200 3500 4500 5500 6600 7700 DST UNTUK PASANG BARU DAN TAMBAH DAYA,token listrik
Shopee,Token PLN,Nota/Struk Pembelian Token Listrik,token listrik
Shopee,Token PLN,Struk token listrik murah,token listrik
Shopee,Token PLN,SLO NIDI PLN DAYA 900 PASANG BARU LISTRIK SELURUH INDONESIA,pasang listrik
Shopee,Token PLN,[50Lembar] Struk Token Listrik Struk Pembelian Token Listrik Nota Token Listrik Ready Tanpa PreOrder,token listrik
Shopee,Token PLN,NIDI SLO Paket Daftar Listrik PLN Baru daya 450 900 1300 2200 4400 5500 6600 7700,daftar listrik pln
Shopee,Token PLN,[RESMI] Promo Tambah Daya Listrik 450-7700VA Se-Indonesia,tambah daya listrik
Shopee,Token PLN,Struk Pembelian Token Listrik,token listrik
Shopee,Token PLN,(100 Lembar) STRUK PEMBELIAN TOKEN LISTRIK | NOTA TOKEN LISTRIK KECIL / REKOMENDASI,token listrik
Shopee,Token PLN,Custom / nota listrik/token listrik||struk pembelian listrik/token,token listrik
Shopee,Token PLN,Struk Token Listrik 100 Lembar HVS 75 Grm || Struk Token Listrik 100 Lembar 5x10.5 Cm,struk token listrik
Shopee,Token PLN,NOTA / STRUK PEMBELIAN TOKEN LISTRIK,token listrik
Shopee,Token PLN,NOTA TOKEN LISTRIK ISI 50 LEMBAR,token listrik
Shopee,Token PLN,Resmi Pembuatan Paket NIDI & SLO Seluruh Indonesia,nidi slo
Shopee,Token PLN,UCHIRO Box KWH Meter Listrik Token Prabayar Pascabayar Ukuran Besar Box PLN Outdoor Tahan Air Anti Karat Pelindung Meteran,box meter listrik
Shopee,Token PLN,struk token listrik tinggal sobek bahan hvs 75gsm tebal isi 50 lembar,struk token listrik
Shopee,Token PLN,STRUK PEMVBELIAN TOKEN LISTRIK- NOTA TOEKN LISTRIK READY STOK SIAP PAKAI MURAH,token listrik
Shopee,Token PLN,Buku Struk Pemesanan Token Listrik Pulsa HVS 75gsm 10x5cm 50 Lembar,buku struk
Shopee,Token PLN,UCHIRO Box KWH Meter Mini MCB Prabayar / Token / Pulsa – Box Listrik Outdoor Ukuran Kecil Tahan Air & Debu Pelindung Meteran PLN,box kwh meter
Shopee,Token PLN,struk pemesanan token listrik pulsa bisa pakai nama toko isi 50 lembar,token listrik
Shopee,Token PLN,TERMURAH!!! Box Meteran Listrik Token PLN Prabayar Kayu Minimalis Pelindung Meteran Listrik,token listrik
Shopee,Token PLN,"Struk Pembelian Token Listrik PLN, MINI ATM Bersama Transfer - Setor, Agen Brilink",token listrik
Shopee,Token PLN,Stiker Pulsa & Token Listrik + Laminasi Glossy,pulsa listrik
Shopee,Token PLN,Tutup Meter Prabayar Token Listrik Uchiro Plastik Kuat,token listrik
Shopee,Token PLN,Bok Meteran Desain telephone meteran token/listrik tempat pelindung bok meteran,bok meteran
Shopee,Token PLN,Box Meteran Listrik Token Akrilik Estetik,meteran listrik
Shopee,Token PLN,PROMO!!Bok Meteran Desain Telephone Meteran Token/Listrik Tempat Pelindung Bok Meteran Listrik Token,bok meteran listrik
Shopee,Token PLN,Box Meteran Listrik Token Kayu MDF Estetik,box meteran listrik
Shopee,Token PLN,Bok Meteran PLN Desain Telephone Prabayar token/listrik | Pelindung Meteran hiasan dekorasi Rumah,meteran pln
Shopee,Token PLN,[READYSTOCK] Buku Nota STRUK PEMBELIAN TOKEN LISTRIK | Invoice Bon TOKEN LISTRIK,buku nota token listrik
Shopee,Token PLN,2025 Penghemat Listrik PLN Electric Saver / Electricity Saving Box Alat Hemat Daya kWh Soft Start Tagihan Pulsa Token / Bulanan,penghemat listrik
Shopee,Token PLN,Struk Pembelian Token Listrik 50 Lembar HVS 75 Gsm,token listrik
Shopee,Token PLN,Simple Furniture - Box Meteran Listrik Prabayar Token London Kayu Natural,box meteran listrik
Shopee,Token PLN,Box KWH meter/Box Meteran Listrik Token model rumah / Kotak PLN / PLN Pulsa / Dekorasi rumah  / kotak pln model rumah,kotak meteran listrik
Shopee,Token PLN,Token PLN 50.000,token listrik
Shopee,Token PLN,BOX METERAN TOKEN LISTRIK DEXICON KOTAK PELINDUNG KWH METERAN LISTRIK,kotak meteran listrik
Shopee,Token PLN,Box Meteran PLN Desain Unik Telephone Prabayar Listrik/Token Pelindung Meteran Hiasan Dekorasi ruma,box meteran pln
Shopee,Token PLN,Token PLN 100.000,token listrik
Shopee,Token PLN,Struk Pembelian Token Listrik – Isi 100 Lembar | Nota Token Listrik Pintar Warung Konter Agen,token listrik
Shopee,Token PLN,( Isi 100 Lembar ) Struk Token Listrik Struk Pembelian Token Listrik Nota Token Listrik,token listrik
Shopee,Token PLN,Struk Pembelian Token Listrik | Nota Token Listrik,token listrik
Shopee,Token PLN,(100 lembar) STRUK PEMBELIAN TOKEN LISTRIK | NOTA TOKEN LISTRIK,token listrik
Shopee,Token PLN,Token Listrik PLN 5k 10k PROMO Termurah,token listrik
Shopee,Token PLN,Promo Token Listrik 15 PLN,token listrik
Shopee,Token PLN,TOKEN LISTRIK PROMO PLN MURAH  500 500k 500 rb 500 ribu 1 juta 1jt 1 jt  DISKON,token listrik
Shopee,Token PLN,Token Listrik PLN 15k muraaah,token listrik
Shopee,Token PLN,Promo Token Listrik PLN15,token listrik
Shopee,Token PLN,Token Listrik Promo murah cepat bergaransi 10k,token listrik
Shopee,Token PLN,Token Listrik 5 10 15 20,token listrik
Shopee,Token PLN,Token Listrik PLN 15k,token listrik
Shopee,Token PLN,Token Listrik PLN 10k,token listrik
Shopee,Token PLN,Promo token listrik 100 50 20,token listrik
Shopee,Token PLN,"Token Listrik PLN 50.000 - Promo, Murah, Langsung Dikirim",token listrik
Shopee,Token PLN,token listrik 15k,token listrik
Shopee,Token PLN,"Token Listrik PLN 50.000 - 2.000.000 Promo, Murah, Langsung Dikirim",token listrik
Shopee,Token PLN,Token Listrik PLN 5k 10k 15k 20k 25k 50k,token listrik
Shopee,Token PLN,Token listrik promo 200 500 1jeti,token listrik
Shopee,Token PLN,Promo token listrik 200 500 1j,token listrik
Shopee,Token PLN,TOKEN PLN - TOKEN PLN PROMO - PROMO TOKEN PLN - TOKEN LISTRIK,token listrik
Shopee,Token PLN,Assyifa Peduli - Token Listrik Masjid,token listrik
Shopee,Token PLN,"JTTOP"" TOKEN LISTRIK 100RB",token listrik
Shopee,Token PLN,Daftar agen pulsa token listrik data  game dll,agen pulsa token listrik
Shopee,Token PLN,Kotak Token Listrik PLN Pelindung Meteran Pulsa Warna Putih,token listrik
Shopee,Token PLN,JUAL PULSA ALL OPERATOR DAN TOKEN LISTRIK,pulsa listrik
Shopee,Token PLN,"BAYAR TAGIHAN MU SEKARANG, TOKEN PLN, PDAM, LISTRIK PASCABAYAR DAN PRABAYAR",token listrik
Shopee,Token PLN,Spandul Jual Pulsa Token Listrik dan Paket Data Internet - Part 5,pulsa token listrik
Shopee,Token PLN,《 Termurah 》Caver Box Token Listrik Box Token Listrik model Untuk Pulsa & Token,token listrik
Shopee,Token PLN,pulsa token,token listrik
Shopee,Token PLN,Voucher Tambah Daya PLN 2025 Dengan Souvenir,voucher tambah daya pln
Shopee,Token PLN,Voucher Tambah Daya Listrik PLN Harga Normal,tambah daya listrik
Shopee,Token PLN,KWH TOKEN PRABAYAR MERK SMART METER 5(60)A ORIGINAL,token listrik
Shopee,Token PLN,"E Voucher Belanja Alfamart, Token Listrik Prabayar, Pulsa All Operator, GRAB Transport & R0bloxxx","e voucher 
 token listrik 
 pulsa 
 grab"
Shopee,Token PLN,KWH TOKEN PRABAYAR MERK SMART METER 5(60)A,token listrik
Shopee,Token PLN,"Pulsa, Token dan Lainnya",pulsa
Shopee,Token PLN,Kwh Pulsa Token 1P 5/60A Melcoinda Mitsubishi Digital,token listrik
Shopee,Token PLN,Token Ongkir 50K - Kurir Toko Jasa Pengiriman,token ongkir
Shopee,Token PLN,Token Ongkir 100K - Kurir Toko,token ongkir
Shopee,Token PLN,Kwh Pulsa Token 1P 5/60A Melcoinda Mitsubishi Digital,token listrik
Shopee,Token PLN,KWH Token Prabayar Smart Meter 5(60)A Listrik Pintar,token listrik
Shopee,Token PLN,Kwh Pulsa Token 1P 5/60A Melcoinda Mitsubishi Digital,token listrik
Shopee,Token PLN,Token Test,token test
Shopee,Token PLN,PLN Home Number Token Box Meteran Listrik Prabayar,token listrik
Shopee,Token PLN,Indosaver hemat listrik 10~40%token pra bayar OkHemat,token listrik
Shopee,Token PLN,Struk Penjualan Token Listrik Custom 50 Lembar,token listrik
Shopee,Token PLN,"( Isi 100 Lembar ) Struk Token Listrik Struk Pembelian Token Listrik, Nota Token Listrik.",token listrik
Shopee,Token PLN,Struk Token Listrik Struk Pembelian Token Listrik Nota Token Listrik,token listrik
Shopee,Token PLN,( Isi 100 Lembar ) Struk Token Listrik Struk Pembelian Token Listrik / Nota Token Listrik.,token listrik
Shopee,Token PLN,Nota token listrik isi 100 lembar,token listrik
Shopee,Token PLN,(Isi 100 Lembar) Struk Token Listrik Struk Pembelian Token Listrik Nota Token Listrik,token listrik
Shopee,Token PLN,Jasa Isi Token Listrik 500k Proses 24 Jam,token listrik
Shopee,Token PLN,Jasa isi Token Listrik digital nominal 200.000,token listrik
Shopee,Token PLN,vocherr,voucher
Shopee,Token PLN,Tag PLN PASCABAYAR free adm,tag pln pascabayar
Shopee,Token PLN,pembayaran listrik,token listrik
Shopee,Token PLN,bok listrik token pulsa,token listrik
Shopee,Token PLN,(Admin mulai 5ribu ) BAYAR TAGIHAN LISTRIK PLN,tagihan listrik
Shopee,Token PLN,NIDI SLO PLN METERAN LISTRIK TOKEN UNTUK KWH METER PASANG LISTRIK BARU B004,token listrik
Shopee,Token PLN,nota token/pulsa listrik bisa pakai nama toko,token listrik
Shopee,Token PLN,NIDI SLO PLN METERAN LISTRIK TOKEN UNTUK KWH METER PASANG LISTRIK BARU A004,token listrik
Shopee,Token PLN,Struk Token Listrik Struk Pembelian Token Listrik Nota Token Listrik,token listrik
Shopee,Token PLN,NIDI SLO PLN METERAN LISTRIK TOKEN UNTUK KWH METER PASANG LISTRIK BARU,token listrik
Shopee,Token PLN,Nota/Struk Pembelian Token Listrik,token listrik
Shopee,PLN Prabayar,Token Listrik PLN Prabayar 5rb–50rb | Proses Cepat 24 Jam | Resmi & Aman,token listrik
Shopee,PLN Prabayar,Token Listrik Pintar | PLN Prabayar | Promo Diskon Biaya Admin,token listrik
Shopee,PLN Prabayar,Token PLN Prabayar,token listrik
Shopee,PLN Prabayar,Promo Token Listrik PLN Prabayar Dan Paskabayara 1jt-10jt,token listrik
Shopee,PLN Prabayar,"Token Listrik PLN Prabayar 25.000 , 50.000 dengan Pengisian Cepat",token listrik
Shopee,PLN Prabayar,Token Listrik PLN Prabayar 20.000 dengan Pengisian Cepat,token listrik
Shopee,PLN Prabayar,Token Listrik PLN Prabayar - Pengiriman Cepat & Langsung Via Chat,token listrik
Shopee,PLN Prabayar,Token Listrik / Pulsa PLN Prabayar 20 50 100 ribu 20000 50000 100000,token listrik
Shopee,PLN Prabayar,TOKEN LISTRIK PRABAYAR PROMO  PLN 15 15k 20 20k 50 50k 100 100k 200 200k 500 500k 1 juta 1 jt 1jt 1000k,token listrik
Shopee,PLN Prabayar,PROMO TERMURAH !!! TOKEN LISTRIK | LISTRIK PRABAYAR,token listrik
Shopee,PLN Prabayar,TOKEN LISTRIK PRABYAR,token listrik
Shopee,PLN Prabayar,Token / Pulsa Isi Ulang Listrik PLN Prabayar 500rb 100rb x5,token listrik
Shopee,PLN Prabayar,Token Listrik Prabayar || Listrik PLN 20.000,token listrik
Shopee,PLN Prabayar,"TOKEN LISTRIK PROMO PLN PRABAYAR [5.000, 10.000, 15.000, 20.000, 50.000, 100.000] 5 5k 10 10k 15 15k 20 20k 50 50k 100 100k  TERMURAH",token listrik
Shopee,PLN Prabayar,TOKEN LISTRIK PLN PRABAYAR 20.000 - 50.000 - 100.000,token listrik
Shopee,PLN Prabayar,[PROSES CEPAT] Token Listrik PLN Prabayar - Nominal 50K Termurah,token listrik
Shopee,PLN Prabayar,TOKEN PLN PRABAYAR,token listrik
Shopee,PLN Prabayar,TOKEN LISTRIK PRABAYAR PROMO PLN 5 5k 10 10k 15 15k 20 20k 50 50k 100 100k 200 200k 500 500k 1 Juta 1jt 1 jt,token listrik
Shopee,PLN Prabayar,PROMO TOKEN LISTRIK ISI ULANG PLN 20RB 50RB 100RB MURAH 20K 20000 50K 50000 RIBU 100K PRABAYAR,token listrik
Shopee,PLN Prabayar,PLN PRABAYAR 20/50/100,token listrik
Shopee,PLN Prabayar,Token Listrik Pintar | PLN Prabayar | Promo Diskon Biaya Admin,token listrik
Shopee,PLN Prabayar,PULSA TOKEN LISTRIK PLN Prabayar Murah 20 50 100 200 Isi Ulang,token listrik
Shopee,PLN Prabayar,TOKEN LISTRIK PRABAYAR PROMO PLN 15 15k 20 20k 50 50k 100 100k 200 200k 500 500k 1 juta 1jt 1 juta 1000k dan Pulsa hp Isi Ulang all operator termurah,token listrik
Shopee,PLN Prabayar,Token Listrik PLN Prabayar-Nominal 5rb s/d 200rb,token listrik
Shopee,PLN Prabayar,TOKEN LISTRIK 20000 PRABAYAR MURAH PROSES CEPAT ( ID METER KIRIM KE CHAT ),token listrik
Shopee,PLN Prabayar,"Token Listrik PLN Prabayar | Kirim Cepat via Chat (5K, 10K, 20K)",token listrik
Shopee,PLN Prabayar,KWh prabayar merk ITRON 1fasa 230V 5(60)A,kwh prabayar
Shopee,PLN Prabayar,Token Listrik Prabayar Digital 20 Digit,token listrik
Shopee,PLN Prabayar,Token Listrik Pintar PLN Prabayar 20k,token listrik
Shopee,PLN Prabayar,token listrik/ listrik prabayar 23.000-505.000,token listrik
Shopee,PLN Prabayar,[PROMO]TOKEN LISTRIK  / LISTRIK PRABAYAR MURAH 20RB 50RB 100RB,token listrik
Shopee,PLN Prabayar,TOKEN LISTRIK 200000 PRABAYAR MURAH PROSES CEPAT ( ID METER KIRIM KE CHAT ),token listrik
Shopee,PLN Prabayar,Token Listrik PLN MURAH | Listrik Prabayar 20k | 50k | 100k | 200k,token listrik
Shopee,PLN Prabayar,"Token Listrik PLN Prabayar | Kirim Cepat Via Chat (50K, 100K, 200K)",token listrik
Shopee,PLN Prabayar,Token pln prabayar 200RB 500RB 1JT,token listrik
Shopee,PLN Prabayar,PULSA TOKEN LISTRIK PLN Prabayar Murah 20 50 100 200 Isi Ulang,token listrik
Shopee,PLN Prabayar,Token Listrik / Pulsa PLN Prabayar 200 500 ribu 1 Juta 200000 500000 1000000,token listrik
Shopee,PLN Prabayar,Token PLN 500 Promo#Listrik#Prabayar#,token listrik
Shopee,PLN Prabayar,Token Listrik PLN Prabayar Proses Cepat dan Aman,token listrik
Shopee,PLN Prabayar,KWH TOKEN PRABAYAR MEREK MELCOINDA,token listrik
Shopee,PLN Prabayar,Token200/Token1000/Token500/Token PLN Murah/Prabayar/Promo,token listrik
Shopee,PLN Prabayar,KWH TOKEN PRABAYAR MERK ITRON METER 5(60)A 3PHASA,token listrik
Shopee,PLN Prabayar,TOKEN LISTRIK TERMURAH SE-INDONESIA DAN RESMI,token listrik
Shopee,PLN Prabayar,Token PLN 5k-25k Proses cepat - TOKEN 5K - TOKEN 10K - TOKEN 15K - TOKEN 20K - TOKEN 25K,token listrik
Shopee,PLN Prabayar,Promo Token Listrik 5k 10k 15k 20k 20ribu,token listrik
Shopee,PLN Prabayar,PLN LISTRIK ISI ULANG TOKEN PLN 20RB,token listrik
Shopee,PLN Prabayar,TOKEN PLN - TOKEN PLN PROMO - PLN TOKEN PROMO - PLN TOKEN - TOKEN PLN 5K - TOKEN PLN 5 RIBU - TOKEN PLN 10K - TOKEN PLN 10 RIBU - TOKEN PLN 15K - TOKEN PLN 15 RIBU - TOKEN PLN 20K - TOKEN PLN 20 RIBU,token listrik
Shopee,PLN Prabayar,Token Listrik PLN Nominal 100.000 murah!,token listrik
Shopee,PLN Prabayar,Token Listrik Murah Rafachel Kualitas Konsisten,token listrik
Shopee,PLN Prabayar,TERMURAH!!! TOKEN PLN | TOKEN LISTRIK | PULSA LISTRIK MURAH 20K 50K 100K,token listrik
Shopee,PLN Prabayar,Murah Token Listrik PLN Aman dan Amanah,token listrik
Shopee,PLN Prabayar,Token Listrik Mini/Pln/Listrik Pintar 10k-5rb-100,token listrik
Shopee,PLN Prabayar,TOKEN LISTRIK PLN PROMO NOMINAL 5 10 15 20 50 - ISI ULANG PULSA TOKEN LISTRIK PLN CEPAT LANGSUNG KIRIM,token listrik
Shopee,PLN Prabayar,Token listrik pulsa PLN 50k,token listrik
Shopee,PLN Prabayar,PLN TOKEN 100RIBU | TOKEN LISTRIK 100.000 | PULSA LISTRIK 100K | NOMINAL 100,token listrik
Shopee,PLN Prabayar,Isi Ulang Token Pln Nominal 20000 - 100000 Harga Murah,token listrik
Shopee,PLN Prabayar,Token Listrik Cepat Masuk Bergaransi harga Murah,token listrik
Shopee,PLN Prabayar,PLN Token | Pulsa Listrik | Token Listrik | Nominal 5.000 sampai 50.000,token listrik
Shopee,PLN Prabayar,Token listrik,token listrik
Shopee,PLN Prabayar,Token Listrik PLN Nominal 20.000 murah!,token listrik
Shopee,PLN Prabayar,Pulsa Listrik Token PLN 5RB 10RB 15RB Dadakan,token listrik
Shopee,PLN Prabayar,Token Listrik Mini/Pln/Listrik Pintar 10k-5rb-100,token listrik
Shopee,PLN Prabayar,TOKEN LISTRIK PLN PROMO NOMINAL 5 10 15 20 50 - ISI ULANG PULSA TOKEN LISTRIK PLN CEPAT LANGSUNG KIRIM,token listrik
Shopee,PLN Prabayar,Isi Ulang Token PLN - Isi Ulang Pulsa Listrik,token listrik
Shopee,PLN Prabayar,Voucher Tambah Daya PLN 2026 Diskon 50%,tambah daya pln 
Shopee,PLN Prabayar,UCHIRO Box KWH Meter Mini MCB Prabayar / Token / Pulsa – Box Listrik Outdoor Ukuran Kecil Tahan Air & Debu Pelindung Meteran PLN,box kwh meter
Shopee,PLN Prabayar,Token Listrik Cepat Masuk Bergaransi harga Murah,token listrik
Shopee,PLN Prabayar,Token listrik pulsa PLN 50k,token listrik
Shopee,PLN Prabayar,Isi Ulang Token Pln Nominal 20000 - 100000 Harga Murah,token listrik
Shopee,PLN Prabayar,Token PLN Promo Termurah Cuma Disini Ready 20K 50K,token listrik
Shopee,PLN Prabayar,PLN TOKEN 100RIBU | TOKEN LISTRIK 100.000 | PULSA LISTRIK 100K | NOMINAL 100,token listrik
Shopee,PLN Prabayar,Token Listrik PLN Nominal 5.000 sampai 50.000 murah!,token listrik
Shopee,PLN Prabayar,PLN Token | Pulsa Listrik | Token Listrik | Nominal 5.000 sampai 50.000,token listrik
Shopee,PLN Prabayar,Token Listrik PLN Termurah Shopee Berbagai Nominal,token listrik
Shopee,PLN Prabayar,TOKEN Pulsa Listrik PLN 5K 5 Ribu 5rb Eceran Murah (Kirim Kode via Chat),token listrik
Shopee,PLN Prabayar,Token Listrik PLN Nominal 20.000 murah!,token listrik
Shopee,PLN Prabayar,Token listrik,token listrik
Shopee,PLN Prabayar,Token Listrik PLN 5k 10k 15k 20k,token listrik
Shopee,PLN Prabayar,TOKEN LISTRIK PLN PROMO TERMURAH,token listrik
Shopee,PLN Prabayar,Pulsa Listrik Token Listrik PLN Amanah 100%,token listrik
Shopee,PLN Prabayar,"BAYAR TAGIHAN ANDA JADI MUDAH ( LISTRIK, TOKEN , PRABAYAR, PASCA BAYAR )",token listrik
Shopee,PLN Prabayar,"token listrik mini murah,listrikpintar,token listrik",token listrik
Shopee,PLN Prabayar,Voucher Tambah Daya Listrik PLN PROMO 2025,tambah daya listrik
Shopee,PLN Prabayar,TOKEN PLN  20/50/100 murah dan cepat,token listrik
Shopee,PLN Prabayar,PROMO TOKEN LISTRIK 20Rb,token listrik
Shopee,PLN Prabayar,"Termurah Token Listrik 5Rb,10Rb,15Rb,20Rb Proses Cepat",token listrik
Shopee,PLN Prabayar,PLN TOKEN,token listrik
Shopee,PLN Prabayar,Token Listrik Mini 5K 10K 15K Asli Cepat Listrik PLN Nominal Lengkap,token listrik
Shopee,PLN Prabayar,Cetak Kartu Pln Listrik Prabayar Dan Pascabayar // Kartu Listrik Pvc / Id Card Satuan,kartu listrik
Shopee,PLN Prabayar,Isi Pulsa TOKEN LISTRIK PLN Prabayar 20 50 100 200,token listrik
Shopee,PLN Prabayar,"Token Listrik PLN Termurah 20k, 25k, 50k Promo",token listrik
Shopee,PLN Prabayar,Token listrik pulsa PLN 5k-200k,token listrik
Shopee,PLN Prabayar,TOKEN LISTRIK PLN NOMINAL 25.000 TERMURAH,token listrik
Shopee,PLN Prabayar,Token PLN Langsung 1 Juta 1 Jt 1Jt,token listrik
Shopee,PLN Prabayar,Pulsa Listrik - Voucher listrik - Token Listrik PLN Termurah !!,token listrik
Shopee,PLN Prabayar,Token Listrik PLN Nominal Lengkap Harga Murah,token listrik
Shopee,PLN Prabayar,Token listrik original pln,token listrik
Shopee,PLN Prabayar,TERMURAH!!! TOKEN PLN | TOKEN LISTRIK | PULSA PLN | PULSA LISTRIK MURAH 20K 50K 100K,token listrik
Shopee,PLN Prabayar,Token Listrik PLN 100 100000 / Pulsa Listrik 100 Murah,token listrik
Shopee,PLN Prabayar,Token Listrik PLN Nominal 15.000 murah!,token listrik
Shopee,PLN Prabayar,Murahhh || Token Listrik 20K 50K 70K 100K,token listrik
Shopee,PLN Prabayar,Token Listrik PLN PROMO 100RB Original,token listrik
Shopee,PLN Prabayar,Token Listrik 20k 50k 100k Proses Cepat Murah,token listrik
Shopee,PLN Prabayar,TOKEN PLN 100.000,token listrik
Shopee,PLN Prabayar,TOKEN LISTRIK PLN NOMINAL 5K 10K 15K 20K 25K 50K - TOKEN LISTRIK CEPAT MUDAH PRAKTIS,token listrik
Shopee,PLN Prabayar,Token Listrik PLN 50 50000 / Pulsa Listrik 50K Murah,token listrik
Shopee,PLN Prabayar,Token Listrik PLN 20.000 | Isi Token Listrik 20K Cepat & Aman,token listrik
Shopee,PLN Prabayar,Token Listrik Murah PLN Cepat Proses 20k-100k,token listrik
Shopee,PLN Prabayar,Token Listrik PLN 5 10 15 20 50 40 70 100 Pulsa Listrik,token listrik
Shopee,PLN Prabayar,TOKEN PLN | PLN TOKEN MINI PROMO  | TOKEN PLN 5K - TOKEN PLN 10K,token listrik
Shopee,PLN Prabayar,TOKEN LISTRIK PLN 20 RIBU / 20000,token listrik
Shopee,PLN Prabayar,Token Listrik Pintar Pulsa Khusus Meter 56 Melcoinda,token listrik
Shopee,PLN Prabayar,Token Listrik 20 20000 / Pulsa Listrik PLN 20K Murah,token listrik
Shopee,PLN Prabayar,Token Listrik PLN 50.000 100.000 200.000 Murah Cepat,token listrik
Shopee,PLN Prabayar,Token Listrik Murah 5k 10k 15k 20k Pengiriman Cepat,token listrik
Shopee,PLN Prabayar,Token Listrik PLN Nominal 5.000 murah!,token listrik
Shopee,PLN Prabayar,Voucher Diskon Tambah Daya PLN 2026 Ramadhan,tambah daya pln
Shopee,PLN Prabayar,[Promo] Token Listrik PLN Murah,token listrik
Shopee,PLN Prabayar,TOKEN LISTRIK PLN NOMINAL 15.000 TERMURAH,token listrik
Shopee,PLN Prabayar,Token Listrik PLN Aman Murah dan Amanah,token listrik
Shopee,PLN Prabayar,Token Listrik PLN Nominal 5.000 sampai 50.000 murah!,token listrik
Shopee,PLN Prabayar,Pulsa Listrik Token Listrik PLN Amanah 100%,token listrik
Shopee,PLN Prabayar,Token listrik pulsa PLN 50k,token listrik
Shopee,PLN Prabayar,TOKEN PLN  20/50/100 murah dan cepat,token listrik
Shopee,PLN Prabayar,TOKEN LISTRIK PLN NOMINAL 15.000 TERMURAH,token listrik
Shopee,PLN Prabayar,TERMURAH!!! TOKEN PLN | TOKEN LISTRIK | PULSA PLN | PULSA LISTRIK MURAH 20K 50K 100K,token listrik
Shopee,PLN Prabayar,TOKEN LISTRIK PLN PROMO TERMURAH,token listrik
Shopee,PLN Prabayar,Token Listrik Murah & Aman Rp. 100.000,token listrik
Shopee,PLN Prabayar,Token Listrik Pintar Pulsa Khusus Meter 56 Melcoinda,token listrik
Shopee,PLN Prabayar,TOKEN LISTRIK 20K MURAH DAN CEPAT,token listrik
Shopee,PLN Prabayar,TOKEN LISTRIK 10K 10.000 10Ribu 10Rb | Promo Pulsa PLN Pintar Eceran Grosir Murah Langsung Kirim Kode Via Chat,token listrik
Shopee,PLN Prabayar,Token PROMO Listrik 100 Dan 200 Murah Proses Cepat,token listrik
Shopee,PLN Prabayar,Token Listrik PLN 15k muraaah,token listrik
Shopee,PLN Prabayar,Isi Ulang Token Pln Nominal 20000 - 100000 Harga Murah,token listrik
Shopee,PLN Prabayar,TOKEN LISTRIK PLN 100K & 200K PROMO TERMURAH TERLARIS DISKON,token listrik
Shopee,PLN Prabayar,Pulsa Reguler Lengkap Token Listrik PLN,token listrik
Shopee,PLN Prabayar,Pulsa/Token/PLN Listrik Proses Cepat Murah,token listrik
Shopee,PLN Prabayar,Token PLN Promo Termurah Cuma Disini Ready 20K 50K,token listrik
Shopee,PLN Prabayar,Token Listrik PLN 5k,token listrik
Shopee,PLN Prabayar,TOKEN PLN 25K,token listrik
Shopee,PLN Prabayar,Token Listrik PLN 5k 10k 15k 20k,token listrik
Shopee,PLN Prabayar,Token pln 20.000-50.000,token listrik
Shopee,PLN Prabayar,Token Listrik Mini 5K 10K 15K Asli Cepat Listrik PLN Nominal Lengkap,token listrik
Shopee,PLN Prabayar,Token Listrik Promo murah cepat bergaransi 10k,token listrik
Shopee,PLN Prabayar,pulsa listrik pln,token listrik
Shopee,PLN Prabayar,TOKEN PLN MURAH,token listrik
Shopee,PLN Prabayar,Token Listrik 20 20000 / Pulsa Listrik PLN 20K Murah,token listrik
Shopee,PLN Prabayar,Token Listrik PLN 20 50 100 200 500,token listrik
Shopee,PLN Prabayar,"token listrik mini murah,listrikpintar,token listrik",token listrik
Shopee,PLN Prabayar,Token Listrik PLN - Pengisian Cepat & Mudah,token listrik
Shopee,PLN Prabayar,Token Listrik PLN Termurah Shopee Berbagai Nominal,token listrik
Shopee,PLN Prabayar,Token Listrik PLN 15k,token listrik
Shopee,PLN Prabayar,TOKEN LISTRIK PLN NOMINAL 10.000 TERMURAH,token listrik
Shopee,PLN Prabayar,TOKEN LISTRIK PLN 5 10 15 20 50 Best Seller,token listrik
Shopee,PLN Prabayar,"Termurah Token Listrik 5Rb,10Rb,15Rb,20Rb Proses Cepat",token listrik
Shopee,PLN Prabayar,Box KWH/PLN Prabayar Grey Mini/Box Tutup Meteran Listrik Box KWH Meter Listrik Prabayar Token,box kwh
Shopee,PLN Prabayar,Token Listrik Murah,token listrik
Shopee,PLN Prabayar,Darin Masko Box Token Listrik Prabayar PLN Kwh Meter Tebal Dan Kuat,token listrik
Shopee,PLN Prabayar,Paket Nidi Dan Slo Pln Daya 450 Va Proses Cepat Dan Mudah Se Indonesia,token listrik
Shopee,PLN Prabayar,TERMURAH!!! TOKEN PLN | TOKEN LISTRIK | PULSA PLN | PULSA LISTRIK MURAH 50K 100K 200Kl,token listrik
Shopee,PLN Prabayar,Token Listrik Pln,token listrik
Shopee,PLN Prabayar,Promo Token Listrik PLN,token listrik
Shopee,PLN Prabayar,"Token listrik termurah 20k, 50k, 100k, tercepat",token listrik
Shopee,PLN Prabayar,Token Listrik PLN 5.000 | Pulsa Listrik 5K Instan Cepat,token listrik
Shopee,PLN Prabayar,Promo Token Listrik 10k PLN Cepat Murah dan Mudah,token listrik
Shopee,PLN Prabayar,Token Listrik Pulsa Listrik Token PLN 100 100RB,token listrik
Shopee,PLN Prabayar,[Promo] Token Listrik PLN Murah,token listrik
Shopee,PLN Prabayar,"Token Listrik 20K, 50K Termurah Hemat Asli",token listrik
Shopee,PLN Prabayar,TOKEN PLN 20.000,token listrik
Shopee,PLN Prabayar,"Nanhayu Neo - Box Cover Meteran Listrik Prabayar / Token dan Kwh smart / Digital , Cover Meteran Listrik Baru",cover meteran listrik
Shopee,PLN Prabayar,token listrik,token listrik
Shopee,PLN Prabayar,TOKEN PLN CEPAT & MURAH 20K - 100K,token listrik
Shopee,PLN Prabayar,Token Listrik PLN PROMO 500RB Original 24 Jam,token listrik
Shopee,PLN Prabayar,TOKEN LISTRIK PLN MURAH 20K/50K/100K/500K,token listrik
Shopee,PLN Prabayar,"Token PLN - TOKEN LISTRIK PROMO, Termurah di Shopee Nominal 5.000, 10.000.",token listrik
Shopee,PLN Prabayar,Token PLN,token listrik
Shopee,PLN Prabayar,Box Cover Listrik Token PLN – Pelindung Meteran Prabayar Aman & Tahan Lama,token listrik
Shopee,PLN Prabayar,Tutup Box Token Listrik PRABAYAR I Kotak Pelindung Meteran PLN Isi Ulang Pulsa KwH Romusha Ibagstore,token listrik
Shopee,PLN Prabayar,Promo Token Listrik 100K 100Rb,token listrik
Shopee,PLN Prabayar,Token listrik PLN murah,token listrik
Shopee,PLN Prabayar,PROMO Token Listrik PLN10,token listrik
Shopee,PLN Prabayar,Token Listrik PLN PROMO 100RB Original,token listrik
Shopee,PLN Prabayar,TOKEN PLN TERBARU DAN TERMURAH,token listrik
Shopee,PLN Prabayar,Box KWH/PLN Prabayar Grey Mini/Box Tutup Meteran Listrik Box KWH Meter Listrik Prabayar Token,box kwh
Shopee,PLN Prabayar,TOKEN LISTRIK 50K 50000 50Ribu 50Rb | Promo Pulsa PLN Pintar Eceran Grosir Murah Langsung Kirim Kode Via Chat | Serba 0 Rupiah,token listrik
Shopee,PLN Prabayar,TOKEN LISTRIK 15K 15000 15Ribu 15Rb | Promo Pulsa PLN Pintar Eceran Grosir Murah Langsung Kirim Kode Via Chat,token listrik
Shopee,PLN Prabayar,Token Listrik PLN PROMO 500RB Original 24 Jam,token listrik
Shopee,PLN Prabayar,TOKEN PLN - TOKEN PLN PROMO - PLN TOKEN PROMO - PLN TOKEN - TOKEN PLN 5K - TOKEN PLN 5 RIBU - TOKEN PLN 10K - TOKEN PLN 10 RIBU - TOKEN PLN 15K - TOKEN PLN 15 RIBU - TOKEN PLN 20K - TOKEN PLN 20 RIBU,token listrik
Shopee,PLN Prabayar,Darin Masko Box Token Listrik Prabayar PLN Kwh Meter Tebal Dan Kuat,token listrik
Shopee,PLN Prabayar,Token Listrik PLN 5K | Pulsa Listrik Murah Proses Cepat,token listrik
Shopee,PLN Prabayar,Token PLN Murah,token listrik
Shopee,PLN Prabayar,Token Listrik 10.000 Cepat dan mudah,token listrik
Shopee,PLN Prabayar,TOKEN LISTRIK PLN  PROMO TIDAK BOLEH BELI DOUBLE DIMANAPUN,token listrik
Shopee,PLN Prabayar,TOKEN LISTRIK PLN MURAH,token listrik
Shopee,PLN Prabayar,Pulsa/Token/PLN Listrik Proses Cepat Murah,token listrik
Shopee,PLN Prabayar,NIDI DAN SLO PLN LISTRIK SEPAKET LANGSUNG JADI DAYA 900 1300 2200 3500 4500 5500 6600 7700 DST UNTUK PASANG BARU DAN TAMBAH DAYA B002,token listrik
Shopee,PLN Prabayar,NIDI DAN SLO PLN LISTRIK SEPAKET LANGSUNG JADI DAYA 900 1300 2200 3500 4500 5500 6600 7700 DST UNTUK PASANG BARU DAN TAMBAH DAYA,token listrik
Shopee,PLN Prabayar,[Promo] Token Listrik PLN Murah,token listrik
Shopee,PLN Prabayar,Box KWH Meter Listrik Token Prabayar Pascabayar Ukuran Besar Box PLN Outdoor Tahan Air Anti Karat Pelindung Meteran,box kwh meter listrik
Shopee,PLN Prabayar,TOKEN PLN,token listrik
Shopee,PLN Prabayar,Token Listrik PLN 5 10 15 20 25,token listrik
Shopee,PLN Prabayar,Token Listrik PLN 15k muraaah,token listrik
Shopee,PLN Prabayar,PROMO!!! TOKEN PLN | TOKEN LISTRIK | PULSA PLN | PULSA LISTRIK MURAH 20K 50K 100K,token listrik
Shopee,PLN Prabayar,Token Listrik PLN 10k,token listrik
Shopee,PLN Prabayar,Token Listrik PLN,token listrik
Shopee,PLN Prabayar,NIDI DAN SLO PLN LISTRIK SEPAKET LANGSUNG JADI DAYA 900 1300 2200 3500 4500 5500 6600 7700 DST UNTUK PASANG BARU DAN TAMBAH DAYA A002,token listrik
Shopee,PLN Prabayar,Token Listrik Promo murah cepat bergaransi 10k,token listrik
Shopee,PLN Prabayar,Promo Token Listrik PLN15,token listrik
Shopee,PLN Prabayar,Token PROMO Listrik 100 Dan 200 Murah Proses Cepat,token listrik
Shopee,PLN Prabayar,Token Listrik,token listrik
Shopee,PLN Prabayar,Token Listrik PLN  20 | 25 | 50 | 100.,token listrik
Shopee,PLN Prabayar,TOKEN LISTRIK PLN 20 50 100,token listrik
Shopee,PLN Prabayar,Token Listrik Murah,token listrik
Shopee,PLN Prabayar,TERMURAH!!! TOKEN PLN | TOKEN LISTRIK | PULSA PLN | PULSA LISTRIK MURAH 20K 50K 100K,token listrik
Shopee,PLN Prabayar,Token listrik 10k promo,token listrik
Shopee,PLN Prabayar,Token PlN mini,token listrik
Shopee,PLN Prabayar,Token Listrik PLN PROMO 50RB Original Sesuai KWH,token listrik
Shopee,PLN Prabayar,Promo token listrik 1jutak harga 900ribu,token listrik
Shopee,PLN Prabayar,"TOKEN PLN - TOKEN LISTRIK PROMO, Termurah di SHOPEE Nominal 5.000, 10.000, 15.000, 20.000.",token listrik
Shopee,PLN Prabayar,jual token listrik proses cepat ready stok 20k 50k 100k,token listrik
Shopee,PLN Prabayar,TOKEN LISTRIK PRABYAR,token listrik
Shopee,PLN Prabayar,MCB Pln modif request anti jegglek anti panas,mcb pln
Shopee,PLN Prabayar,MCB modif Schneider pln anti jeglek bisa regues,mcb schneider
Shopee,PLN Prabayar,"MCB Schneider Biru PLN 1P 2A/4A/6A/10A/16A/20A/25A/35A/40A - Perlindungan Listrik, SNI Standar, Anti Jeglek",mcb schneider
Shopee,PLN Prabayar,ijuk duri penghalang panjat /ijuk PLN / ijuk pengusir tikus &ular ukuran 50 cm,ijuk duri penghalang
Shopee,PLN Prabayar,MCB Modif schneider pln 1 phase anti jeglek siap pake di jamin normal,mcb schneider
Shopee,PLN Prabayar,MCB Modif Anti-Jeglek Merlin Gerin Pln 1P,mcb
Shopee,PLN Prabayar,MCB BIRU MULTI 9 MERLIN GERIN S PLN 2A 4A 6A 10A 16A 20A 25A 32A 40A BREKER PEMUTUS TEGANGAN LISTRIK,mcb listrik
Shopee,PLN Prabayar,Box Kwh Meter Pulsa Transparan Token Listrik 27x19x13 Cm,token listrik
Shopee,PLN Prabayar,MCB PLN BBC S161 ANTI JEKLEK 2A RASA 4A,mcb pln
Shopee,PLN Prabayar,MCB ABB 1Phase 35A Kepala Biru SNI Original Standar PLN,mcb
Shopee,PLN Prabayar,Struk Nota Pembelian Token Listrik Struk Pembelian Token Listrik Nota Token Listrik,token listrik
Shopee,PLN Prabayar,MCB MODIF ABB SH201 PLN 1PAS ORGINAL SIAP PAKEK DI JAMIN NURMAL,mcb
Shopee,PLN Prabayar,Stiker Vinyl JUAL PULSA DAN TOKEN LISTRIK 10X23CM,stiker vinyl
Shopee,PLN Prabayar,McB Pln Modif ANTI JEKLEK Bisa Regues Smper,mcb pln
Shopee,PLN Prabayar,MCB PLN SNI 1Pase 2A-25A ELEKTRO  (Miniature Circuit Breaker),mcb
Shopee,PLN Prabayar,MCB modif schneider PLN 3 phase anti jeglek siap pakai dijamin normal,mcb schneider
Shopee,PLN Prabayar,MCB ABB 1Phase 4A Kepala Biru SNI Original Standar PLN,mcb
Shopee,PLN Prabayar,MCB ABB 1 Phase 6A Kepala Biru Standar PLN Original,mcb
Shopee,PLN Prabayar,"TOKEN LISTRIK MURAH / LISTRIK PULSA PLN 20K, 50K, 100K",token listrik
Shopee,PLN Prabayar,Token Listrik  murah meriah,token listrik
Shopee,PLN Prabayar,TOKEN LISTRIK PLN AMAN DAN BERSAHABAT,token listrik
Shopee,PLN Prabayar,Token Listrik PLN 20 50 100 200 500,token listrik
Shopee,PLN Prabayar,Token Listrik Murah dan Cepat  Rp. 20.000,token listrik
Shopee,PLN Prabayar,Token Listrik,token listrik
Shopee,PLN Prabayar,Promo Token Listrik PLN,token listrik
Shopee,PLN Prabayar,Token PLN 20K Redy Setok MOBLE B003 (silahkan kirim nomer Meteran anda),token listrik
Shopee,PLN Prabayar,Token PLN Murah!,token listrik
Shopee,PLN Prabayar,Token Listrik Murah 20K 50K 100K Cepat Pengiriman,token listrik
Shopee,PLN Prabayar,Token Listrik 15k/20/50/100/200 15/20k/50k/100k/200k,token listrik
Shopee,PLN Prabayar,TOKEN LISTRIK 20 RIBU,token listrik
Shopee,PLN Prabayar,TOKEN LISTRIK PROMO PLN MURAH 15 25k 20 20k 50 50k 100 100k 200 200k 500 500k 1 juta,token listrik
Shopee,PLN Prabayar,TOKEN LISTRIK 15/20/50/100  (20x5  100 100k) (20x10 200 200k) (20x25 500 500k) PROMO PLN MURAH,token listrik
Shopee,PLN Prabayar,Pulsa Token Listrik 20 50 100 murah promo PLN,token listrik
Shopee,PLN Prabayar,Promo Token Listrik 100K 100Rb,token listrik
Shopee,PLN Prabayar,Token PLN/Listrik,token listrik
Shopee,PLN Prabayar,TOKEN LISTRIK l TOKEN PLN l PULSA LISTRIK MURAH!! 5k 10k 15k 20k 50k,token listrik
Shopee,PLN Prabayar,TOKEN LISTRIK PLN MURAH 20K/50K/100K/500K,token listrik
Shopee,PLN Prabayar,TOKEN LISTRIK 15K 15000 15Ribu 15Rb | Promo Pulsa PLN Pintar Eceran Grosir Murah Langsung Kirim Kode Via Chat,token listrik
Shopee,PLN Prabayar,Token listrik PLN Langsung 500,token listrik
Shopee,PLN Prabayar,TOKEN PLN CEPAT & MURAH 20K - 100K,token listrik
Shopee,PLN Prabayar,TOKEN LISTRIK PLN 5 10 15 20 50 Best Seller,token listrik
Shopee,PLN Prabayar,Token PLN dan tagihan PLN,tagihan pln 
Shopee,PLN Prabayar,Token Listrik PLN Murah Promo,token listrik
Shopee,PLN Prabayar,TOKEN LISTRIK MURAH,token listrik
Shopee,PLN Prabayar,Token Listrik PLN Murah dan Cepat 20K 25K 50K 100K,token listrik
Shopee,PLN Prabayar,Token Listrik Pln,token listrik
Shopee,PLN Prabayar,Token Listrik PLN Pulsa 20 50 100 Murah,token listrik
Shopee,PLN Prabayar,Promo token listrik 20k,token listrik
Shopee,PLN Prabayar,Token Listrik 20.000,token listrik
Shopee,PLN Prabayar,"TOKEN LISTRIK 20000, 50000, 100000 | PLN | PULSA LISTRIK",token listrik
Shopee,PLN Prabayar,Token PROMO Listrik 100 Dan 200 Murah Proses Cepat,token listrik
Shopee,PLN Prabayar,Token Listrik PLN 5.000 | Pulsa Listrik 5K Instan Cepat,token listrik
Shopee,PLN Prabayar,Token Listrik PLN 5K | Pulsa Listrik Murah Proses Cepat,token listrik
Shopee,PLN Prabayar,JUAL TOKEN/ PULSA LISTRIK PLN 20K,token listrik
Shopee,PLN Prabayar,TOKEN LISTRIK PLN 20 RIBU,token listrik
Shopee,PLN Prabayar,Token PLN Promo / Voucher Listrik Murah 20RB 50RB 100RB,token listrik
Shopee,PLN Prabayar,PULSA LISTRIK TERMURAH,pulsa listrik
Shopee,PLN Prabayar,Token listrik,token listrik
Shopee,PLN Prabayar,TOKEN LISTRIK PLN PROMO 100K Proses Cepat,token listrik
Shopee,PLN Prabayar,Token listrik PLN 200 500,token listrik
Shopee,PLN Prabayar,TOKEN PLN MURAH,token listrik
Shopee,PLN Prabayar,Token PLN 20K MOBLE Redy B002 ( kirim nomer Meteran anda),token listrik
Shopee,PLN Prabayar,Token Listrik promo 20,token listrik
Shopee,PLN Prabayar,PROMO Token PLN resmi Murah,token listrik
Shopee,PLN Prabayar,TOKEN PLN 20K MURAH PROMO TERBATAS,token listrik
Shopee,PLN Prabayar,Token PLN,token listrik
Shopee,PLN Prabayar,TOKEN LISTRIK 50K 50000 50Ribu 50Rb | Promo Pulsa PLN Pintar Eceran Grosir Murah Langsung Kirim Kode Via Chat | Serba 0 Rupiah,token listrik
Shopee,PLN Prabayar,TOKEN LISTRIK,token listrik
Shopee,PLN Prabayar,Token Listrik PLN 5k 10K 15K 20K 25K- Cepat Langsung Dikirim,token listrik
Shopee,PLN Prabayar,Token PLN Listrik Pulsa 200 500 1 juta,token listrik
Shopee,PLN Prabayar,Token listrik PLN murah,token listrik
Shopee,PLN Prabayar,Pulsa Token Listrik 200K,token listrik
Shopee,PLN Prabayar,Token Listrik Murah 100%,token listrik
Shopee,PLN Prabayar,Token listrik lestrick PLN 5k 10k 15k 20k 25k 50k promo proses cepat,token listrik
Shopee,PLN Prabayar,Token Listrik,token listrik
Shopee,PLN Prabayar,Token PLN Murah,token listrik
Shopee,PLN Prabayar,token listrik pln,token listrik
Shopee,PLN Prabayar,TOKEN LISTRIK PLN PROMO 200RB,token listrik
Shopee,PLN Prabayar,TOKEN LISTRIK PROMO 20K 50K 100K,token listrik
Shopee,PLN Prabayar,kWh meter merek Metbelosa 5(60)A 1phasa prabayar,kwh meter
Shopee,PLN Prabayar,Token Listrik 20k,token listrik
Shopee,PLN Prabayar,"Token Listrik PLN 20.00-100.000 - Promo, Murah, Langsung Dikirim",token listrik
Shopee,PLN Prabayar,TOKEN LISTRIK PLN PROMO 200RB,token listrik
Shopee,PLN Prabayar,"Pln 20,50,100",token listrik
Shopee,PLN Prabayar,Token pulsa listrik,token listrik
Shopee,PLN Prabayar,TOKEN LISTRIK l TOKEN PLN l PULSA LISTRIK MURAH!! 5k 10k 15k 20k 50k,token listrik
Shopee,PLN Prabayar,Box Meteran Listrik PLN With Home Number Token Prabayar,token listrik
Shopee,PLN Prabayar,jual token listrik proses cepat ready stok 20k 50k 100k,token listrik
Shopee,PLN Prabayar,Uchiro Box Kwh Mtr Listrik Pln Token Prabayar / Pulsa / Plastik Tebal,token listrik
Shopee,PLN Prabayar,Kwh Meter Token Prabayar Pra Bayar Prepaid Sistem Online Aplikasi Gratis,kwh meter token
Shopee,PLN Prabayar,meteran listrik PLN digital prabayar vocher voucher pulsa kos kosan,token listrik
Shopee,PLN Prabayar,New Box Tutup Meteran Listrik Box KWH Meter Listrik - Box KWH Meter Token Kotak PLN Penutup Prabayar,box kwh meter listrik
Shopee,PLN Prabayar,1 Dus Box KWH Prabayar MINI 10pcs / 40pcs Meteran Listrik Token PLN Harga Grosir,token listrik
Shopee,PLN Prabayar,"TOKEN LISTRIK MURAH / LISTRIK PULSA PLN 20K, 50K, 100K",token listrik
Shopee,PLN Prabayar,jual token pln murah 20k 50k 100k,token listrik
Shopee,PLN Prabayar,Nanhayu Tkisi - Box Cover Token Listrik KWH Meter Listrik Prabayar/Digital,token listrik
Shopee,PLN Prabayar,Token Listrik Murah 20K 50K 100K Cepat Pengiriman,token listrik
Shopee,PLN Prabayar,PROMO TOKEN LISTRIK PLN 100 RIBU,token listrik
Shopee,PLN Prabayar,TOKEN LISTRIK PLN 20K-100K,token listrik
Shopee,PLN Prabayar,promo token listrik,token listrik
Shopee,PLN Prabayar,TOKEN PLN,token listrik
Shopee,PLN Prabayar,Token Listrik Murah,token listrik
Shopee,PLN Prabayar,Promo token listrik 1jutak harga 900ribu,token listrik
Shopee,PLN Prabayar,"Agen Pulsa, kuota internet, token pln, ppob dll.",pulsa listrik
Shopee,PLN Prabayar,"TOKEN LISTRIK 20000, 50000, 100000 | PLN | PULSA LISTRIK",token listrik
Shopee,PLN Prabayar,Token Listrik 200.000,token listrik
Shopee,PLN Prabayar,Token Listrik PLN 20.000 20k 20ribu Murah,token listrik
Shopee,PLN Prabayar,TOKEN PLN 100K,token listrik
Shopee,PLN Prabayar,TOKEN ISI ULANG PLN 200.000 - 1.000.000,token listrik
Shopee,PLN Prabayar,PROMO TOKEN PLN 100K,token listrik
Shopee,PLN Prabayar,Token Listrik PLN Murah Promo,token listrik
Shopee,PLN Prabayar,PLN Nidi Slo Pln khusus jabodetabek 1300W 2200W 3500W 4500W 5500W 6600W 7700W Untuk Pasang Baru Tambah Daya,pln nidi slo
Shopee,PLN Prabayar,Token listrik,token listrik
Shopee,PLN Prabayar,Token PLN 20K Redy Setok MOBLE B003 (silahkan kirim nomer Meteran anda),token listrik
Shopee,PLN Prabayar,Box Tutup Meteran Listrik Box KWH Meter Listrik - Box KWH Meter Token Kotak PLN Penutup Prabayar,box kwh meter
Shopee,PLN Prabayar,Token listrik 10k promo,token listrik
Shopee,PLN Prabayar,1 Dus Box KWH Prabayar MINI isi 10pcs / 40pcs Box Meteran Listrik PLN Prabayar Harga Grosir,box meteran listrik
Shopee,PLN Prabayar,"TOKEN PLN - TOKEN LISTRIK PROMO, Termurah di SHOPEE Nominal 20.000, 50.000, 100.000, 200.000.",token listrik
Shopee,PLN Prabayar,TOKEN PLN - TOKEN PLN PROMO - PLN TOKEN PROMO - PLN TOKEN - TOKEN PLN 5K - TOKEN PLN 5 RIBU - TOKEN PLN 10K - TOKEN PLN 10 RIBU - TOKEN PLN 20K - TOKEN PLN 20 RIBU,token listrik
Shopee,PLN Prabayar,Token Listrik PLN 5k 10K 15K 20K 25K- Cepat Langsung Dikirim,token listrik
Shopee,PLN Prabayar,Token PLN Promo / Voucher Listrik Murah 20RB 50RB 100RB,token listrik
Shopee,PLN Prabayar,TOKEN LISTRIK PROMO token PLN 20K/Token PLN 50K/Token PLN100K,token listrik
Shopee,PLN Prabayar,TOKEN LISTRIK,token listrik
Shopee,PLN Prabayar,Nidi Dan Slo Pln Daya 900 Va Proses Cepat Dan Mudah Se Indonesia,token listrik
Shopee,PLN Prabayar,TOKEN LISTRIK RP 20.000,token listrik
Shopee,PLN Prabayar,meteran listrik pln digital prabayar vocher voucher pulsa kos kosan,token listrik
Shopee,PLN Prabayar,Nanhayu Rotan - Box KWH Meter Listrik Prabayar Pulsa Dan Panel Listrik MCB Tempat Meteran Listrik,kwh meter listrik
Shopee,PLN Prabayar,TOKEN LISTRIK PLN 20 RIBU,token listrik
Shopee,PLN Prabayar,PLN Nidi Slo Pln 1300W 2200W 3500W 4500W 5500W 6600W 7700W Untuk Pasang Baru,pln nidi slo
Shopee,PLN Prabayar,NEW!!! Box token listrik meteran tutup box KWH meter listrik prabayar,token listrik
Shopee,PLN Prabayar,Token Listrik PLN Nominal 5K 10K 15K 20K 50K,token listrik
Shopee,PLN Prabayar,Token Listrik Prabayar Murah Nominal 20k-100k,token listrik
Shopee,PLN Prabayar,Token PLN Murah!,token listrik
Shopee,PLN Prabayar,Voucher Diskon Tambah Daya Listrik PLN Ramadhan 2026,tambah daya listrik
Shopee,PLN Prabayar,"TERMURAH!!! TOKEN LISTRIK PLN 20k, 50k, 100k, 200k",token listrik
Shopee,PLN Prabayar,"Token Listrik 20k,50k,100k",token listrik
Shopee,PLN Prabayar,Token listrik PLN Langsung 500,token listrik
Shopee,PLN Prabayar,Token Listrik 20k Termurah Proses Cepat Asli,token listrik
Shopee,PLN Prabayar,PULSA TOKEN PLN MURAHHHH,token listrik
Shopee,PLN Prabayar,"TERMURAH!!! TOKEN LISTRIK PLN 20k, 50k, 100k, 200k",token listrik
Shopee,PLN Prabayar,TOKEN PLN 100K,token listrik
Shopee,PLN Prabayar,TOKEN LISTRIK MURAH,token listrik
Shopee,PLN Prabayar,PROMO TOKEN LISTRIK 50K TERMURAHH !!!!,token listrik
Shopee,PLN Prabayar,token listrik murah,token listrik
Shopee,PLN Prabayar,Voucher Tambah Daya PLN 2025 Dengan Souvenir,tambah daya pln
Shopee,PLN Prabayar,Token Listrik,token listrik
Shopee,PLN Prabayar,token listrik pln,token listrik
Shopee,PLN Prabayar,TOKEN LISTRIK,token listrik
Shopee,PLN Prabayar,promo token listrik 20ribu,token listrik
Shopee,PLN Prabayar,Token PLN 50 / 50.000,token listrik
Shopee,PLN Prabayar,Token listrik FASTRESPON,token listrik
Shopee,PLN Prabayar,TOKEN LISTRIK,token listrik
Shopee,PLN Prabayar,TOKEN LISTRIK PLN PROMO 100rb,token listrik
Shopee,PLN Prabayar,"Token Listrik PLN 20.00-100.000 - Promo, Murah, Langsung Dikirim",token listrik
Shopee,PLN Prabayar,Token Listrik Murah 100%,token listrik
Shopee,PLN Prabayar,"PROMO TOKEN LISTRIK 20K, 50K, 100K",token listrik
Shopee,PLN Prabayar,jual token pln murah 20k 50k 100k,token listrik
Shopee,PLN Prabayar,TOKEN PLN || TOKEN PLN 100 || PLN100 || TOKEN 100,token listrik
Shopee,PLN Prabayar,TOKEN LISTRIK PROMO 20K 50K 100K,token listrik
Shopee,PLN Prabayar,Token Listrik PLN 20.000 20k 20ribu Murah,token listrik
Shopee,PLN Prabayar,Token PLN 200-1jt,token listrik
Shopee,PLN Prabayar,"Token Listrik PLN 5K 10K 15K 20K 25K 50K - PROMO, Murah, Langsung Dikirim",token listrik
Shopee,PLN Prabayar,TOKEN LISTRIK,token listrik
Shopee,PLN Prabayar,Token listrik 100k,token listrik
Shopee,PLN Prabayar,TOKEN PLN 200.000,token listrik
Shopee,PLN Prabayar,Token Listrik Promo,token listrik
Shopee,PLN Prabayar,Token Listrik PLN Rp=1Juta 100% Aman,token listrik
Shopee,PLN Prabayar,Token Listrik 200.000,token listrik
Shopee,PLN Prabayar,TOKEN LISTRIK  5 RB TERMURAH - TOKEN LISTRIK 10 TERMURAH - TOKEN LISTRIK 15 TERMURAH - TOKEN LISTRIK 20 TERMURAH -PULSA LISTRIK PROMO,token listrik
Shopee,PLN Prabayar,Token Listrik 20ribu-100ribu Proses Cepat,token listrik
Shopee,PLN Prabayar,Token listrik gratis tanpa ongkos kirim,token listrik
Shopee,PLN Prabayar,TOKEN PLN - TOKEN PLN PROMO - PLN TOKEN PROMO - PLN TOKEN - TOKEN PLN 5K - TOKEN PLN 5 RIBU - TOKEN PLN 10K - TOKEN PLN 10 RIBU - TOKEN PLN 20K - TOKEN PLN 20 RIBU,token listrik
Shopee,PLN Prabayar,"Agen Pulsa, kuota internet, token pln, ppob dll.",pulsa listrik
Shopee,PLN Prabayar,TOKEN ISI ULANG PLN 200.000 - 1.000.000,token listrik
Shopee,PLN Prabayar,PROMO TOKEN PLN 100K,token listrik
Shopee,PLN Prabayar,TOKEN LISTRIK PROMO 200K 500K 1000K,token listrik
Shopee,PLN Prabayar,NCB Merlin standar PLN (harga satuan) anti jeklek mampuh daya besar,mcb pln
Shopee,PLN Prabayar,Token listrik,token listrik
Shopee,PLN Prabayar,Voucher Tambah Daya PLN Untuk Seluruh Indonesia,tambah daya pln
Shopee,PLN Prabayar,TOKEN LISTRIK RP 20.000,token listrik
Shopee,PLN Prabayar,PROMO TOKEN LISTRIK PLN 100 RIBU,token listrik
Shopee,PLN Prabayar,Token Listrik Murah 200K-500K,token listrik
Shopee,PLN Prabayar,TERMURAH TOKEN LISTRIK  100 RB TOKEN PLN LISTRIK PINTAR,token listrik
Shopee,PLN Prabayar,TOKEN PLN HARGA 50/100 /200,token listrik
Shopee,PLN Prabayar,Token Listrik PLN Nominal 5K 10K 15K 20K 50K,token listrik
Shopee,PLN Prabayar,Token PLN murah 500rb 1jt,token listrik
Shopee,PLN Prabayar,Token PLN Rp. 1.000.000 Diskon Murah,token listrik
Shopee,PLN Prabayar,token listrik,token listrik
Shopee,PLN Prabayar,TOKEN LISTRIK PLN PROMO 1JT Proses Cepat,token listrik
Shopee,PLN Prabayar,Token Listrik Fast Respon,token listrik
Shopee,PLN Prabayar,token listrik 50rb - 200rb,token listrik
Shopee,PLN Prabayar,Token listrik,token listrik
Shopee,PLN Prabayar,TOKEN LISTRIK 100 PROMO  - TOKEN LISTRIK 200 PROMO - TOKEN LISTRIK 500 PROMO - TOKEN LISTRIK  PAYLATTER -TOKEN LISTRIK MURAH PROMO,token listrik
Shopee,PLN Prabayar,KWH Meter Merk Smart 5(60)A SMI-810 V3 (Prabayar) 1Phase,kwh meter
Shopee,PLN Prabayar,Promo Voucher Tambah Daya Pln Terbaru Terima Beres (Gratis Ongkir),tambah daya pln
Shopee,PLN Prabayar,Box Listrik Akrilik KWH Meter PLN Token Prabayar Besar Listrik Pintar,token listrik
Shopee,PLN Prabayar,Voucher Tambah Daya PLN Terbaru Tambah Daya Listrik PLN,tambah daya listrik
Shopee,PLN Prabayar,Token PLN 100.000 Murah,token listrik
Shopee,PLN Prabayar,KWH TOKEN PRABAYAR MEREK SMART METER murah,token listrik
Shopee,PLN Prabayar,Token pulsa listrik,token listrik
Shopee,PLN Prabayar,Token Listrik MURAH,token listrik
Shopee,PLN Prabayar,Bolt New Pro Plan – Private & 10M Token,bolt new pro plan
Shopee,PLN Prabayar,token listrik,token listrik
Shopee,PLN Prabayar,PROMO DISKON - KWH TOKEN PRABAYAR MEREK SMART METER,token listrik
Shopee,PLN Prabayar,TOKEN LISTRIK,token listrik
Shopee,PLN Prabayar,token listrik,token listrik
Shopee,PLN Prabayar,PULSA / TOKEN LISTRIK TAGIHAN PDAM,pulsa listrik
Shopee,PLN Prabayar,TOKEN LISTRIK,token listrik
Shopee,PLN Prabayar,Token listrik,token listrik
Shopee,PLN Prabayar,TOKEN LISTRIK 300K,token listrik
Shopee,PLN Prabayar,Jual paket data dan token listrik,token listrik
Shopee,PLN Prabayar,Token Listrik Prabayar Murah Nominal 20k-100k,token listrik
Shopee,PLN Prabayar,token listrik murah,token listrik
Shopee,PLN Prabayar,TOKEN LISTRIK MURMER,token listrik
Shopee,PLN Prabayar,Token Listrik 200.000,token listrik
Shopee,PLN Prabayar,token listrik,token listrik
Shopee,PLN Prabayar,Token listrik gratis tanpa ongkos kirim,token listrik
Shopee,PLN Prabayar,"PROMO TOKEN LISTRIK 20K, 50K, 100K",token listrik
Shopee,PLN Prabayar,Token Listrik Murah 200K-500K,token listrik
Shopee,PLN Prabayar,Token Listrik 20ribu-100ribu Proses Cepat,token listrik
Shopee,PLN Prabayar,UCHIRO Box KWH Meter Mini MCB Prabayar / Token / Pulsa – Box Listrik Outdoor Ukuran Kecil Tahan Air & Debu Pelindung Meteran PLN,box kwh meter
Shopee,PLN Prabayar,TOKEN LISTRIK PLN 20 RIBU / 20000,token listrik
Shopee,PLN Prabayar,Token Listrik PLN 50 Ribu Proses Langsung,token listrik
Shopee,PLN Prabayar,Pulsa Reguler Lengkap Token Listrik PLN,token listrik
Shopee,PLN Prabayar,Kartu PLN Pelanggan Listrik Rumah Sehari Jadi,kartu pln
Shopee,PLN Prabayar,Token PlN mini,token listrik
Shopee,PLN Prabayar,KWh METER PRABAYAR Merk Fuji 1fasa 230 V 5(60)A,kwh meter
Shopee,PLN Prabayar,KWh meter PRABAYAR Merk CANNET 1 fasa 5(60) A,kwh meter
Shopee,PLN Prabayar,KWH Meter Token Prabayar Merk Smart 1 Fase,kwh meter token
Shopee,PLN Prabayar,Pulsa & Token Listrik.Telkomsel.IM3.Fren & PLN,pulsa listrik
Shopee,PLN Prabayar,kWh meter merek Metbelosa 5(60)A 1phasa prabayar,kwh meter
Shopee,PLN Prabayar,Voucher Tambah Daya PLN 2025 Dengan Souvenir,tambah daya pln
Shopee,PLN Prabayar,KWh Meter HEXING 5(60)A Prabayar 1Phasa,kwh meter
Shopee,PLN Prabayar,KWH Meter Merk Smart 5(60)A SMI-810 V3 (Prabayar) 1Phase,kwh meter
Shopee,PLN Prabayar,Box Listrik Akrilik KWH Meter PLN Token Prabayar Besar Listrik Pintar,token listrik
Shopee,PLN Prabayar,Cetak Kartu Pln Listrik Prabayar Dan Pascabayar // Kartu Listrik Pvc / Id Card Satuan,kartu listrik
Shopee,PLN Prabayar,"BAYAR TAGIHAN ANDA JADI MUDAH ( LISTRIK, TOKEN , PRABAYAR, PASCA BAYAR )",token listrik
Shopee,PLN Prabayar,Box KWH/PLN Prabayar Grey Mini/Box Tutup Meteran Listrik Box KWH Meter Listrik Prabayar Token,box kwh
Shopee,PLN Prabayar,Darin Masko Box Token Listrik Prabayar PLN Kwh Meter Tebal Dan Kuat,token listrik
Shopee,PLN Prabayar,Tutup Box Token Listrik PRABAYAR I Kotak Pelindung Meteran PLN Isi Ulang Pulsa KwH Romusha Ibagstore,token listrik
Shopee,PLN Prabayar,Token Listrik Promo murah cepat bergaransi 10k,token listrik
Shopee,PLN Prabayar,1 Dus Box KWH Prabayar MAX 20pcs Waterproof Meteran PLN Listrik Harga Grosir | ACELEKTRIK Original,meteran listrik
Shopee,PLN Prabayar,Promo Token Listrik 10k PLN Cepat Murah dan Mudah,token listrik
Shopee,PLN Prabayar,Meteran listrik KWH Pulsa Token Berkualitas / BOX KOTAK TUTUP METERAN PLN PRABAYAR,token listrik
Shopee,PLN Prabayar,"E Voucher Belanja Alfamart, Token Listrik Prabayar, Pulsa All Operator, GRAB Transport & R0bloxxx",token listrik 
Shopee,PLN Prabayar,Box KWH Meter Listrik Token Prabayar Pascabayar Ukuran Besar Box PLN Outdoor Tahan Air Anti Karat Pelindung Meteran,box kwh meter listrik
Shopee,PLN Prabayar,1 DUS Box KWH Prabayar MAX isi 20pcs Meteran Listrik PLN Waterproof Outdoor Tahan Cuaca Harga Grosir,meteran listrik
Shopee,PLN Prabayar,1 Dus Box KWH Prabayar MINI 40pcs/10pcs Waterproof Tutup Meteran PLN Grosir | ACELEKTRIK Official,tutup meteran pln
Shopee,PLN Prabayar,Box Cover Listrik Token PLN – Pelindung Meteran Prabayar Aman & Tahan Lama,token listrik
Shopee,PLN Prabayar,Token PLN,token listrik
Shopee,PLN Prabayar,Promo Token Listrik 15 PLN,token listrik
Shopee,PLN Prabayar,Token Listrik PLN 15k,token listrik
Shopee,PLN Prabayar,Token Listrik PLN 5 10 15 20 25,token listrik
Shopee,PLN Prabayar,Token Listrik PLN 15k muraaah,token listrik
Shopee,PLN Prabayar,Box KWH/PLN Prabayar Grey Mini/Box Tutup Meteran Listrik Box KWH Meter Listrik Prabayar Token,box kwh
Shopee,PLN Prabayar,Token Listrik PLN 10k,token listrik
Shopee,PLN Prabayar,1 DUS Box KWH Prabayar MINI isi 40pcs/10pcs Meteran Listrik PLN Waterproof Tahan Cuaca Harga Grosir,meteran listrik
Shopee,PLN Prabayar,Token Listrik PLN 5 10 15 20 25,token listrik
Shopee,PLN Prabayar,box kwh meter token kotak pln penutup prabayar pelindung kunci pengaman tutup pln meteran listrik,kotak meteran listrik
Shopee,PLN Prabayar,Token Listrik PLN 10k,token listrik
Shopee,PLN Prabayar,Box Kwh PLN Token Prabayar Uchiro,token listrik
Shopee,PLN Prabayar,Promo Token Listrik PLN15,token listrik
Shopee,PLN Prabayar,"Nanhayu Neo - Box Cover Meteran Listrik Prabayar / Token dan Kwh smart / Digital , Cover Meteran Listrik Baru",cover meteran listrik
Shopee,PLN Prabayar,TOKEN LISTRIK PLN 20 50 100,token listrik
Shopee,PLN Prabayar,Uchiro Box Kwh Mtr Listrik Pln Token Prabayar / Pulsa / Plastik Tebal,token listrik
Shopee,PLN Prabayar,Tutup Box Meter KWH Token / Box meteran PLN prabayar dan pasca Bayar,box meter pln
Shopee,PLN Prabayar,Token Listrik PLN 5k 10k PROMO Termurah,token listrik
Shopee,PLN Prabayar,1 Dus Box KWH Prabayar MINI 10pcs / 40pcs Meteran Listrik Token PLN Harga Grosir,token listrik
Shopee,PLN Prabayar,"Box MCB KWH Listrik Pelindung Meteran Token Prabayar & Pascabayar, Outdoor Tahan Cuaca",mcb listrik
Shopee,PLN Prabayar,Box Kwh PLN Token Prabayar Uchiro Max,token listrik
Shopee,PLN Prabayar,UCHIRO Box KWH MAX 1 DUS ISI 20pcs HARGA GROSIR Meter Listrik Token Prabayar Pascabayar Ukuran Besar Box PLN Outdoor Tahan Air Anti Karat Pelindung Meteran,box token listrik
Shopee,PLN Prabayar,pulsa dan token pln murah,token listrik
Shopee,PLN Prabayar,Box Meteran Listrik PLN With Home Number Token Prabayar,token listrik
Shopee,PLN Prabayar,Tutup Box Meter KWH Token / Box meteran PLN prabayar dan pasca Bayar,box meter pln
Shopee,PLN Prabayar,Box KWH Tutup Meteran Listrik Box KWH Meter Listrik - Box KWH  Meter Token Kotak PLN Penutup Prabayar,box kwh meter listrik
Shopee,PLN Prabayar,New Box Tutup Meteran Listrik Box KWH Meter Listrik - Box KWH Meter Token Kotak PLN Penutup Prabayar,box kwh meter listrik
Shopee,PLN Prabayar,Token listrik 10k promo,token listrik
Shopee,PLN Prabayar,Uchiro Box Kwh Mtr Listrik Pln Token Prabayar / Pulsa / Plastik Tebal,token listrik
Shopee,PLN Prabayar,Token Listrik PLN promo 20 50 100,token listrik
Shopee,PLN Prabayar,Box kWh Meter Listrik Prabayar Pra Bayar Cover Tutup Tutupan Kotak Penutup Pengaman Pelindung Meteran Token Pulsa Voucher Tagihan PLN,kwh meter
Shopee,PLN Prabayar,Box KWH Baru Box Token Listrik Prabayar Box Tutup Pengaman Meteran Prabayar Box token listrik pulsa,box token listrik
Shopee,PLN Prabayar,Token Listrik PLN 5k 10k 15k 20k 25k 50k,token listrik
Shopee,PLN Prabayar,1 Dus Box KWH Prabayar MINI isi 10pcs / 40pcs Box Meteran Listrik PLN Prabayar Harga Grosir,box meteran listrik
Shopee,PLN Prabayar,"Token Listrik PLN 50.000 - Promo, Murah, Langsung Dikirim",token listrik
Shopee,PLN Prabayar,1 Dus Box KWH Prabayar MAX isi 20pcs Meteran Listrik Token PLN Outdoor Indoor Rapi Harga Grosir,token listrik
Shopee,PLN Prabayar,Fourclub_ Box Kwh Meteran Listrik Token Pelindung Box Pln Token Listrik Prabayar,token listrik
Shopee,PLN Prabayar,NEW!!! Box Cover Listrik Token PLN Pelindung Meteran Prabayar Aman & Tahan Lama,token listrik
Shopee,PLN Prabayar,box kwh meter token kotak pln penutup prabayar pelindung kunci pengaman tutup pln meteran listrik tutup listrik,tutup meteran listrik
Shopee,PLN Prabayar,Box Pln Pelindung Kwh Meteran Listrik Pintar Prabayar Kecil Bahan Akrilik,box pln
Shopee,PLN Prabayar,siapkirim- Kotak meteran listik Box TOKEN PULSA PLN PRABAYAR,token listrik
Shopee,PLN Prabayar,Box Pln Pelindung Kwh Meteran Listrik Pintar Prabayar Besar Bahan Akrilik,box pln
Shopee,PLN Prabayar,Uchiro Box Cover Kwh Prabayar Plastik Tahan Debu,box cover kwh
Shopee,PLN Prabayar,New Box Tutup Meteran Listrik Box KWH Meter Listrik - Box KWH Meter Token Kotak PLN Penutup Prabayar,box kwh meter listrik
Shopee,PLN Prabayar,"Box MCB KWH Listrik Pelindung Meteran Token Prabayar & Pascabayar, Outdoor Tahan Cuaca",box mcb listrik
Shopee,PLN Prabayar,Uj-53 Box Kwh Meter Token Kotak Pln Penutup Prabayar Pelindung Kunci Pengaman Tutup Pln Meteran Listrik Tutup Listrik Premium,kwh meter
Shopee,PLN Prabayar,NEW!!! Box token listrik meteran tutup box KWH meter listrik prabayar,token listrik
Shopee,PLN Prabayar,Box Meteran Listrik PLN With Home Number Token Prabayar,token listrik
Shopee,PLN Prabayar,Sinte Masko Box Token Listrik Prabayar Pln Kwh Meter Tebal Dan Kuat Putih Cat Pasti Diskon,token listrik
Shopee,PLN Prabayar,Erke Box MCB KWH Prabayar - Box mcb pelindung meteran listrik Token Anti Debu Tahan Lama - Box MCB Listrik Token,box mcb listrik token
Shopee,PLN Prabayar,Box Tutup Meteran Listrik Box KWH Meter Listrik - Box KWH Meter Token Kotak PLN Penutup Prabayar,box kwh meter
Shopee,PLN Prabayar,New Box Tutup Meteran Listrik Box KWH Meter Listrik - Box KWH Meter Token Kotak PLN Penutup Prabayar,box kwh meter listrik
Shopee,PLN Prabayar,( BISA COD ) Box Cover Token Listrik KWH Meter Listrik Prabayar/Digital,token listrik
Shopee,PLN Prabayar,Erke Box Kwh Meter Listrik Pln Token Prabayar / Pulsa / Plastik Tebal,kwh meter listrik
Shopee,PLN Prabayar,NEW!!! Box token listrik meteran tutup box KWH meter listrik prabayar,token listrik
Shopee,PLN Prabayar,Kwh Meter Token Prabayar Pra Bayar Prepaid Sistem Online Aplikasi Gratis,kwh meter token
Shopee,PLN Prabayar,Box token listrik meteran tutup box KWH meter listrik prabayar,token listrik
Shopee,PLN Prabayar,Nanhayu Tkisi - Box Cover Token Listrik KWH Meter Listrik Prabayar/Digital,token listrik
Shopee,PLN Prabayar,Box Tutup Meteran Listrik Box KWH Meter Listrik - Box KWH Meter Token Kotak PLN Penutup Prabayar,box kwh meter
Shopee,PLN Prabayar,Box Listrik Akrilik KWH Meter  PLN Token Prabayar Kecil/Pascabayar/Listrik Pintar,token listrik
Shopee,PLN Prabayar,Box Listrik Akrilik KWH Meter PLN Token Prabayar Kecil,token listrik
Shopee,PLN Prabayar,"Box MCB KWH Listrik Pelindung Meteran Token Prabayar & Pascabayar, Outdoor Tahan Cuaca",box mcb listrik
Shopee,PLN Prabayar,Box token listrik meteran tutup box KWH meter listrik prabayar,token listrik
Shopee,PLN Prabayar,Box Listrik Akrilik KWH Meter PLN Token Prabayar Kecil Listrik Pintar,token listrik
Shopee,PLN Prabayar,TRIKTRIK- Box Kwh Prabayar Box Meteran Isi Ulang Pulsa Listrik Meter,box meteran prabayar
Shopee,PLN Prabayar,Tutup Box Meter KWH MINI Token Voucher Prabayar UCHIRO untuk Perlindungan Meteran Listrik,tutup meter listrik
Shopee,PLN Prabayar,Box Kwh Pelindung Pengaman Meteran Listrik Token Cover Sekring Sekering - BOX KWH LISTRIK PRABAYAR,box kwh listrik
Shopee,PLN Prabayar,KWH Prabayar Token Merek Smart Meter Listrik Pintar,token listrik
Shopee,PLN Prabayar,SINTE MASKO Box Token Listrik Prabayar PLN Kwh Meter Tebal dan Kuat Warna Putih Kualitas Bagus Murah,token listrik
Shopee,PLN Prabayar,Box Kwh Token Listrik Prabayar Bahan Multipleks Tahan Cuaca,token listrik
Shopee,PLN Prabayar,Box Cover Kwh Prabayar Pulsa / Kotak Tutup Meteran PLN,box cover kwh prabayar
Shopee,PLN Prabayar,Box Kwh Meteran Listrik Pln Prabayar Plastik,meter listrik
Shopee,PLN Prabayar,Box Token Listrik Box KWH PLN Meteran Listrik Token / Boks Tutup Pulsa Prabayar,token listrik
Shopee,PLN Prabayar,Box KWH Meteran Listrik Token Pelindung Box PLN Token Listrik Prabayar,token listrik
Shopee,PLN Prabayar,Box KWH Listrik PLN Token/ Pulsa Prabayar 1 Phase,token listrik
Shopee,PLN Prabayar,Box Meteran Listrik KWH Prabayar  Box Meteran Pulsa  PLN Tutup Meteran KWH Token Dexicon,token listrik
Shopee,PLN Prabayar,Box KWH Box Token Listrik Prabayar  Box Tutup Pengaman Meteran Prabayar Box token listrik pulsa,box token listrik
Shopee,PLN Prabayar,KWH METER METERAN LISTRIK TOKEN PRABAYAR PREPAID 1 PHASE UNTUK AREA USAHA / KOMERSIAL,kwh meter
Shopee,PLN Prabayar,Uchiro Tutup meteran Kwh prabayar token PLN Box cover mika plastik,token pln
Shopee,PLN Prabayar,Box Tutup Kotak KWh Listrik Prabayar Token PLN Meter Pelindung,token listrik
Shopee,PLN Prabayar,Box Listrik Akrilik KWH Meter PLN Token Prabayar Besar,token listrik
Shopee,PLN Prabayar,Box KWH Prabayar / Tutup Box Meteran Listrik PLN,box meteran listrik
Shopee,PLN Prabayar,Kwh Token Prabayar Merek Smart Meter,token listrik
Shopee,PLN Prabayar,Box KWH Prabayar Tutup Box Meteran Prabayar Box Kwh Pulsa Listrik,box kwh prabayar
Shopee,PLN Prabayar,TOKEN PLN - TOKEN PLN PROMO - PROMO TOKEN PLN - TOKEN LISTRIK,token listrik
Shopee,PLN Prabayar,"Pembayaran tagihan bulanan, Kredivo , Home credit, PLN, BPJS, INDIHOME, TV Kabel, PBB, kartu Pasca",pembayaran tagihan 
Shopee,PLN Prabayar,Tokon PLN Murah,token listrik
Shopee,PLN Prabayar,NIDI SLO Listrik Nusantara Pasang Baru Listrik KWH Meter Meteran PLN seluruh lokasi Jawa Indonesia,listrik
Shopee,PLN Prabayar,Slo Nidi Pln Daya 900 Va Paket Lengkap,token listrik
Shopee,PLN Prabayar,(Admin mulai 5ribu ) BAYAR TAGIHAN LISTRIK PLN,tagihan listrik
Shopee,PLN Prabayar,NIDI SLO Paket Daftar Listrik PLN Baru daya 450 900 1300 2200 4400 5500 6600 7700,daftar listrik pln
Shopee,PLN Prabayar,pulsa listrik murah,pulsa listrik
Shopee,PLN Prabayar,SLO NIDI PLN DAYA 900 PASANG BARU LISTRIK SELURUH INDONESIA B001,pasang listrik
Shopee,PLN Prabayar,SLO NIDI PLN DAYA 900 PASANG BARU LISTRIK SELURUH INDONESIA A001,pasang listrik
Shopee,PLN Prabayar,NIDI SLO SATU PAKET UNTUK DAFTAR PASANG BARU LISTRIK PLN WILAYAH JABODETABEK,token listrik
Shopee,PLN Prabayar,SLO NIDI PLN SATU PAKET DAYA 900 1300 2200 3500 4500 5500 6600 7700 DST UNTUK PASANG BARU LISTRIK DAN TAMBAH DAYA A003,slo pln
Shopee,PLN Prabayar,NIDI DAN SLO PLN PASANG BARU LISTRIK B005,pasang listrik
Shopee,PLN Prabayar,NIDI SLO PLN METERAN LISTRIK TOKEN UNTUK KWH METER PASANG LISTRIK BARU B004,token listrik
Shopee,PLN Prabayar,NIDI SLO PLN METERAN LISTRIK TOKEN UNTUK KWH METER PASANG LISTRIK BARU A004,token listrik
Shopee,PLN Prabayar,SLO NIDI PLN SATU PAKET DAYA 900 1300 2200 3500 4500 5500 6600 7700 DST UNTUK PASANG BARU LISTRIK DAN TAMBAH DAYA B003,slo pln
Shopee,PLN Prabayar,SLO NIDI PLN DAYA 900 PASANG BARU LISTRIK SELURUH INDONESIA,pasang listrik
Shopee,PLN Prabayar,NIDI SLO PLN METERAN LISTRIK TOKEN UNTUK KWH METER PASANG LISTRIK BARU,token listrik
Shopee,PLN Prabayar,NIDI DAN SLO PLN PASANG BARU LISTRIK,pasang listrik
Shopee,PLN Prabayar,SLO NIDI PLN SATU PAKET DAYA 900 1300 2200 3500 4500 5500 6600 7700 DST UNTUK PASANG BARU LISTRIK DAN TAMBAH DAYA,slo pln
Shopee,PLN Prabayar,HIRO Box Meteran KWH PLN Besar Pascabayar – Box KWH Listrik Outdoor,box kwh listrik
Shopee,PLN Prabayar,MCB PLN ABB SH201 1PHASE. TERSEDIA 2A. 4A. 6A. 10A. 16A. 25A. 35A. KUWALITAS ORIGINAL,mcb
Shopee,PLN Prabayar,TERMURAH!!! Box Meteran Listrik Token PLN Prabayar Kayu Minimalis Pelindung Meteran Listrik,token listrik
Shopee,PLN Prabayar,Bok Meteran PLN Desain Telephone Prabayar token/listrik | Pelindung Meteran hiasan dekorasi Rumah,meteran pln
Shopee,PLN Prabayar,Tutup Meter Prabayar Token Listrik Uchiro Plastik Kuat,token listrik
Shopee,PLN Prabayar,Box Meteran PLN Desain Unik Telephone Prabayar Listrik/Token Pelindung Meteran Hiasan Dekorasi ruma,box meteran pln
Shopee,PLN Prabayar,MCB PLN TYPE SH201 1ps 2A 4A 6A 10A 16A 20A 25A 35A  50A,mcb pln
Shopee,PLN Prabayar,"Struk Pembelian Token Listrik PLN, MINI ATM Bersama Transfer - Setor, Agen Brilink",token listrik
Shopee,PLN Prabayar,UORRIS Penghemat Listrik PLN Electric Saver / Electricity Saving Box Alat Hemat Daya kWh Soft Start Tagihan Pulsa Token / Bulanan,penghemat listrik
Shopee,PLN Prabayar,Tarikan kabel Listrik PLN Service wedge clamp dead end /SWC klem Buaya Tarikan kabel PLN,klem kabel listrik
Shopee,PLN Prabayar,2025 Penghemat Listrik PLN Electric Saver / Electricity Saving Box Alat Hemat Daya kWh Soft Start Tagihan Pulsa Token / Bulanan,penghemat listrik
Shopee,PLN Prabayar,mcb pLN Bekas Siap Pakai dengan Kapasitas Ampere Beragam,mcb pln
Shopee,PLN Prabayar,"segel PLN, segel meteran listrik, segel putar,",segel meteran listrik
Shopee,PLN Prabayar,2025 Penghemat Listrik PLN Electric Saver / Electricity Saving Box Alat Hemat Daya kWh Soft Start Tagihan Pulsa Token / Bulanan,penghemat listrik
Shopee,PLN Prabayar,MCCB ABB PLN TYPE SH201 2A 4A 6A 10A 16A 20A 25A 35A 50A 63A,mccb abb
Shopee,PLN Prabayar,mcb pln 1phase 20A sampai 50A,mcb pln
Shopee,PLN Prabayar,Segel Meteran Listrik PLN 20pcs/Segel Meteran Air/Segel Putar PLN,segel meteran listrik
Shopee,PLN Prabayar,MCB PLN Multi 1Pas Bagus Mulus Ori,mcb pln
Shopee,PLN Prabayar,BOX METERAN LISTRIK DEXICON / TUTUP BOX PELINDUNG METERAN LISTRIK PLN / BOX KWH / BOX METERAN PULSA,box meteran listrik
Shopee,PLN Prabayar,TERMURAH!!! Box Meteran Listrik Prabayar Token London Kayu Natural Termurah,token listrik
Shopee,PLN Prabayar,Tutup Meter UCHIRO Box KWH Listrik Prabayar Token,token listrik
Shopee,PLN Prabayar,TERMURAH!!! Bok Meteran PLN Desain Telephone Prabayar token/listrik | Pelindung Meteran hiasan dekorasi Rumah,token listrik
Shopee,PLN Prabayar,Alat penghemat listrik hemat daya 99% box meteran listrik token Electricity power saver Berlaku untuk semua meteran listrik Pasang dan mainkan,alat penghemat listrik
Shopee,PLN Prabayar,Segel Pln Resmi Untuk Meteran Kwh Air,segel pln
Shopee,Bayar PDAM,BAYAR PDAM AIR SEMUA WILAYAH SIMPLE,bayar pdam
Shopee,Bayar PDAM,Pembayaran Tagihan Pdam,tagihan pdam
Shopee,Bayar PDAM,Bayar Tagihan PDAM & Listrik Dengan Layanan Shopee,pdam & listrik
Shopee,Bayar PDAM,Pembayaran INDIHOME/LISTRIK/BPJS/PDAM cepat,listrik
Shopee,Bayar PDAM,"( ADMIN mulai 5K ) BAYAR TAGIHAN BPJS, PDAM, INDIHOME DAN LISTRIK",bayar tagihan
Shopee,Bayar PDAM,(ADMIN MULAI 5K) BAYAR TAGIHAN PDAM,bayar pdam
Shopee,Bayar PDAM,"BAYAR TAGIHAN MU SEKARANG, TOKEN PLN, PDAM, LISTRIK PASCABAYAR DAN PRABAYAR",token listrik
Shopee,Bayar PDAM,Pembayaran Tagihan Pam PDAM Tanpa Biaya Administrasi,tagihan pdam
Shopee,Bayar PDAM,"BAYAR TAGIHAN BPJS, INDIHOME, LISTRIK DAN PDAM ADMIN MULAI 5RIBU",bayar tagihan
Shopee,Bayar PDAM,"BAYAR TAGIHAN PDAM, LISTRIK, BPJS DAN INDIHOME, ADMIN MULAI 5K",bayar tagihan
Shopee,Bayar PDAM,"Bayar PDAM bea admin 2,500",bayar pdam
Shopee,Bayar PDAM,pembayaran pdam,bayar pdam 
Shopee,Bayar PDAM,Bayar PDAM Sesuai Tagihan Dengan Cek Terlebih Dahulu,bayar pdam
Shopee,Bayar PDAM,Tagihan Air PDAM,tagihan pdam
Shopee,Bayar PDAM,Tagihan PLN Listrik PLN Bill,tagihan listrik
Shopee,Bayar PDAM,Bayar Tagihan Terlengkap,bayar tagihan
Shopee,Bayar PDAM,Bayar Tagihan apapun bea admin cuma 2.500 s/d 5.000,bayar tagihan
Shopee,Bayar PDAM,Bayar tagihan listrik bulanan tanpa biaya admin,tagihan listrik
Shopee,Bayar PDAM,"Miami Meteran Air PDAM Besi 1/2"" Lengkap",meteran air
Shopee,Bayar PDAM,Kertas PPOB 1ply 9.5x11dibagi 4  isi 2000set,kertas ppob
Shopee,Bayar PDAM,NASAA PAPAN METERAN PLN PAM Listrik Air Meteran Kenmaster - Kuning,meteran listrik
Shopee,Bayar PDAM,Kenmaster Papan Meteran PLN PAM Meter - Random,papan meteran pln
Shopee,Bayar PDAM,PROMO! Papan Meter PLN & PAM Kenmaster,papan meter
Shopee,Bayar PDAM,"Silicone Mold Blind Box,Random Epoxy Resin Moulds Blessing Bags, Random Silicone Mold For Handmade",silicone mold
Shopee,Bayar PDAM,"Kertas PPOB 1 Ply 9,5x11"" Dibagi 4 Berkualitas",kertas ppob
Shopee,Bayar PDAM,New Sale Kenmaster Papan Meteran PLN PAM Meter,papan meteran pln
Shopee,Bayar PDAM,Bst Ready Papan Informasi Meteran Pln Dan Pam Best Seller,papan informasi meteran pln
Shopee,Bayar PDAM,Papan Meter PLN Papan Meter PAM Papan Meter PAM dan PLN BAGUS SUCCESS KENMASTER,papan meter
Shopee,Bayar PDAM,PAPAN METER AKRILIK PLN PDAM BOYKO - ACRYLIC PAPAN LISTRIK PAM METERAN KODE 1091,papan meter
Shopee,Bayar PDAM,PROMO! Papan Movitext PLN & PAM,papan movitext
Shopee,Bayar PDAM,‚ B.i.g Promo PAPAN PETUNJUK ANGKA PLN PAM RUMAH SERBAGUNA WATERPROOF KENMASTER ♮,papan petunjuk
Shopee,Bayar PDAM,Papan Meteran Pln Pam Listrik Air Meteran Kenmaster,meteran listrik
Shopee,Bayar PDAM,TERBARU! Papan Movitext PLN & PAM,papan movitext
Shopee,Bayar PDAM,HOT SALE! Papan Movitext PLN & PAM,papan movitext
Shopee,Bayar PDAM,Langsung Order Papan Meteran PLN & PAM Limited,papan meteran
Shopee,tagihan indihome wifi,TAGIHAN INDIHOM ANDA,tagihan indihome
Shopee,tagihan indihome wifi,"BAYAR TAGIHAN INDHOME, WIFI ALL, DLL",indhome
Shopee,tagihan indihome wifi,Tagihan indihome,tagihan indihome
Shopee,tagihan indihome wifi,Pembayaran Tagihan Tv Kabel Internet free admin,tagihan tv kabel internet
Shopee,tagihan indihome wifi,"BAYAR TAGIHAN BPJS, INDIHOME, LISTRIK DAN PDAM ADMIN MULAI 5RIBU",bayar tagihan
Shopee,tagihan indihome wifi,"Pembayaran tagihan bulanan, Kredivo , Home credit, PLN, BPJS, INDIHOME, TV Kabel, PBB, kartu Pasca",tagihan bulanan
Shopee,tagihan indihome wifi,"BAYAR TAGIHAN PDAM, LISTRIK, BPJS DAN INDIHOME, ADMIN MULAI 5K",bayar tagihan
Shopee,tagihan indihome wifi,Aplikasi tagihan internet rt rw bisa online dan offline,aplikasi tagihan internet
Shopee,tagihan indihome wifi,Speed On Demand Indihome | 50 - 300 Mbps | 1 - 7 Hari | Unlimited Tanpa Fup | Sod Indihome | Sod wifi | Upgrade Speed Sementara Indihome | Upgrade Speed Indihome Sementara | Upgrade Indihome Sementara | Jasa Layanan Indihome by Telkomsel | Wifi Indihome,indihome
Shopee,tagihan indihome wifi,Aplikasi Pembukuan Tagihan Wifi (Support Remote Mikrotik Via API),aplikasi pembukuan tagihan wifi
Shopee,tagihan indihome wifi,Berhenti Atau Stop Berlangganan INDIHOME,berhenti inidhome
Shopee,tagihan indihome wifi,Aplikasi Tagihan wifi RT RW berbasis web bisa online dan offline,aplikasi tagihan wifi
Shopee,tagihan indihome wifi,System Tagihan Internet V8.5 Full Source Code,source code sistem tagihan internet
Shopee,tagihan indihome wifi,Aplikasi Tagihan wifi RT RW berbasis web bisa online dan offline,aplikasi tagihan wifi
Shopee,tagihan indihome wifi,Resmi pembuat Aplikasi tagihan wifi RT RW net  Suport link tagih lewat WA,aplikasi tagihan wifi
Shopee,tagihan indihome wifi,Aplikasi Tagihan wifi RT RW berbasis web bisa online dan offline,aplikasi tagihan wifi
Shopee,tagihan indihome wifi,Aplikasi tagihan internet rt rw bisa online dan offline,aplikasi tagihan internet
Shopee,tagihan indihome wifi,Berhenti Berlangganan Indihome Dengan Syarat 12 Bulan,indihome
Shopee,tagihan indihome wifi,Nota RT RW Net Siap Pakai | Kwitansi Iuran WiFi | Bon Tagihan Internet 1/4 Folio,nota internet
Shopee,tagihan indihome wifi,Aplikasi tagihan internet rt rw bisa online dan offline,aplikasi tagihan internet
Shopee,tagihan indihome wifi,Aplikasi Tagihan wifi RT RW berbasis web bisa online dan offline,aplikasi tagihan wifi
Shopee,tagihan indihome wifi,Resmi pembuat Versi 3 Aplikasi tagihan wifi RT RW  net Suport link tagih lewat WA dan map,aplikasi tagihan wifi
Shopee,tagihan indihome wifi,Resmi pembuat Versi 2 Aplikasi tagihan wifi RT RW  net Suport link tagih lewat WA,aplikasi tagihan wifi
Shopee,tagihan indihome wifi,Pindah Rumah / Alamat Indihome | PDA,indihome
Shopee,tagihan indihome wifi,Tagihan indihome disc 20%,tagihan indihome
Shopee,tagihan indihome wifi,Pemasang wifi Indihome | One dynamic  | Pendaftaran baru,wifi indihome
Shopee,tagihan indihome wifi,Nota Tagihan Wifi Internet Rt Rw Buku HVS 1/4 Folio,nota tagihan wifi internet
Shopee,tagihan indihome wifi,Aplikasi Tagihan wifi RT RW berbasis web bisa online dan offline,aplikasi tagihan wifi
Shopee,tagihan indihome wifi,Aplikasi Tagihan Internet/Wifi RT RW Berbasis Web,tagihan internet
Shopee,tagihan indihome wifi,Resmi pembuat Versi 3 Aplikasi tagihan wifi RT RW  net Suport link tagih lewat WA dan map APD DIGITAL APD,aplikasi tagihan wifi
Shopee,tagihan indihome wifi,Pasang Wifi Indihome | Eznet Telkomsel Terpercaya,pasang wifi indihome
Shopee,tagihan indihome wifi,Wifi indihome,wifi indihome 
Shopee,tagihan indihome wifi,Software Aplikasi Tagihan langganan billing TV atau internet atau wifi CBMS 01,aplikasi billing
Shopee,tagihan indihome wifi,Daftar pasang Baru wifi indihome,wifi indihome
Shopee,tagihan indihome wifi,"Wifi IndiHome Terbaik,Termudah,Tercepat",wifi indihome
Shopee,tagihan indihome wifi,Aplikasi Android petugas tagihan wify Rt rw net baca deskripsi,aplikasi tagihan
Shopee,tagihan indihome wifi,Wifi Indihome,wifi indihome
Shopee,tagihan indihome wifi,Solusi indihome ke indibiz tagihan murah.,indihome
Shopee,tagihan indihome wifi,Indibiz 300mbps Tagihan 1Jt,indibiz
Shopee,tagihan indihome wifi,WiFi indihome,wifi indihome 
Shopee,tagihan indihome wifi,WiFi IndiHome,wifi indihome
Shopee,tagihan indihome wifi,Wifi Indihome Putih Melayani Pemasangan Se-Jabodetabek,wifi indihome
Shopee,tagihan indihome wifi,Wifi Indihome Unlimited siap pakai,wifi indihome
Shopee,tagihan indihome wifi,Indihome Migrasi to 300Mbps,indihome
Shopee,tagihan indihome wifi,wifi indihome 100mbps,wifi indihome
Shopee,tagihan indihome wifi,WiFi IndiHome Telkom Bandung,wifi indihome
Shopee,tagihan indihome wifi,Wifi Indihome,wifi indihome
Shopee,tagihan indihome wifi,WiFi IndiHome Telkom Bandung,wifi indihome
Shopee,tagihan indihome wifi,INDIHOME Telkom Bill,indihome
Shopee,tagihan indihome wifi,INDIHOME TV Kabel Bill,indihome tv kabel
Shopee,tagihan indihome wifi,(ADMIN MULAI 5K) BAYAR TAGIHAN WIFI TV FIRST CBN COMET XLHOME BIZNET ICONNET MYREPUBLIC CENTRINonline MNCPLAY  NET1INDONESIA INDIHOME,bayar tagihan wifi
Shopee,tagihan indihome wifi,Voucher Akun WIFI.ID Seamless Indihome Permanent,voucher wifi indihome
Shopee,tagihan indihome wifi,UPGRADE / DOWNGRADE INDIBIZ 50Mbps / 300Mbps,indibiz
Shopee,tagihan indihome wifi,"Template Rekap Pembayaran Wifi – Auto Dashboard, Pembukuan Pelanggan & Tagihan",wifi
Shopee,tagihan indihome wifi,internet indihome,indihome
Shopee,tagihan indihome wifi,INDIHOME PROMO SUPER MURAH!!!,indihome
Shopee,tagihan indihome wifi,paaang wifi murah,wifi
Shopee,tagihan indihome wifi,indihome,indihome
Shopee,tagihan indihome wifi,Fiberhome Type HG6145D2 Dualband Port Biru Lengkap Adaptor,fiberhome
Shopee,tagihan indihome wifi,indihome jabodetabek promo,indihome
Shopee,tagihan indihome wifi,100mbps indihome instan upgrade,indihome
Shopee,tagihan indihome wifi,Promo Terbatas Migrasi Indihome 100Mbps Spesial,indihome
Shopee,tagihan indihome wifi,BORONGAN ZTE  indihome ada( 15 )baru sisa toko  tanpa dus,zte
Shopee,tagihan indihome wifi,Indibiz 300mbps Tagihan 1Jt,indibiz
Shopee,tagihan indihome wifi,Solusi indihome ke indibiz tagihan murah.,indihome
Shopee,tagihan indihome wifi,Aplikasi Android petugas tagihan wify Rt rw net baca deskripsi,aplikasi tagihan
Shopee,tagihan indihome wifi,Paket resmi indibiz tagihan dibawah 1Jtan,tagihan indibiz
Shopee,tagihan indihome wifi,Wi-Fi indihome pekanbaru riau,wifi indihome
Shopee,tagihan indihome wifi,Wifi Indihome Huawei Router 4G LTE Cepat,wifi indihome
Shopee,tagihan indihome wifi,Indibiz Migrasi/PSB 300Mbps Tagihan 400k Permanen,indibiz
Shopee,tagihan indihome wifi,Pasang Internet Indihome Resmi,indihome
Shopee,tagihan indihome wifi,Wifi Indihome Putih Melayani Pemasangan Se-Jabodetabek,wifi indihome
Shopee,tagihan indihome wifi,Modem Indihome TP - LINK,modem indihome
Shopee,tagihan indihome wifi,Wifi Indihome,wifi indihome
Shopee,tagihan indihome wifi,WiFi Indihome Speedy--Router TP-Link TL-WR845RN 300Mbps,wifi indihome
Shopee,tagihan indihome wifi,Pasang wifi murah indihome,pasang wifi indihome
Shopee,tagihan indihome wifi,WiFi IndiHome Telkom Bandung,wifi indihome
Shopee,tagihan indihome wifi,indihome myrepublic intouch TP-Link MR6400 Wireless N 4G LTE Router Sim wi-fi network jaringan wifi tplink mr 6400 300mbps 300 mbps LAN WAN,router wifi
Shopee,tagihan indihome wifi,Wifi indihome unlimited/promo wifi/wifi rumah,wifi indihome
Shopee,tagihan indihome wifi,(ADMIN MULAI 5K) BAYAR TAGIHAN WIFI TV FIRST CBN COMET XLHOME BIZNET ICONNET MYREPUBLIC CENTRINonline MNCPLAY  NET1INDONESIA INDIHOME,bayar tagihan wifi
Shopee,tagihan indihome wifi,Pembayaran INDIHOME/LISTRIK/BPJS/PDAM cepat,tagihan listrik 
Shopee,tagihan indihome wifi,Jasa Hemat Tagihan WiFi MyRepublic Hingga 50% | Promo 6 Bulan | Jasa Layanan Akses Internet Myrepublic,wifi myrepublic
Shopee,tagihan indihome wifi,Migrasi Paket Indihome 10Mbps 1P Internet Only,indihome
Shopee,tagihan indihome wifi,COD Repeater WiFi 1200Mbps Dual Band 2.4G Penguat Sinyal Internet Tinggi 8/6/4 Antena Extender Jaringan Wireless Long Range Dukungan Mode AP Repeater Mudah Dipasang untuk Rumah Kantor,repeater wifi
Shopee,tagihan indihome wifi,ISOLIR SEMENTARA  LAYANAN INDIHOME 1 - 3 BULAN,isolir indihome
Shopee,tagihan indihome wifi,Bayar Tagihan Listrik Bulanan,tagihan listrik
Shopee,tagihan indihome wifi,Voucher Wifi Id Violet Unlimited 100Mbps Garansi,voucher wifi
Shopee,tagihan indihome wifi,Migrasi Paket Indihome / Downgrade Upgrade ke 1P Internet Only. 10 - 75 Mbps,indihome
Shopee,tagihan indihome wifi,RUBAH EMAIL / RUBAH NOMOR HP YANG TERDAFTAR DI INDIHOME MYTELKOMSEL,indihome
Shopee,tagihan indihome wifi,Migrasi Indihome Paket 1P Internet Only | 10 - 100 Mbps | Downgrade & Upgrade l Rubah Paket IndiHome Legal,indihome internet
Shopee,tagihan indihome wifi,PENCABUTAN ADD ON / LAYANAN TAMBAHAN INDIHOME,indihome
Shopee,tagihan indihome wifi,Lampu Tindakan medis/Lampu sorot/Lampu sorot stainless,lampu sorot
Shopee,tagihan indihome wifi,Pemasangan Indihome,indihome
Shopee,tagihan indihome wifi,Jasa Layanan Isolir Sementara Indibiz IndiHome Bisnis Selama 3 Bulan / Isolir Internet Indibiz,isolir internet
Shopee,tagihan indihome wifi,MIGRASI 10-150 MBPS PAKET INDIHOME 1P INET ONLY|| MIGRASI SPEED INDIHOME || DOWNGRADE UPGRADE PAKET INDIHOME,indihome
Shopee,tagihan indihome wifi,Migrasi Indihome Paket 1P Internet Only 10-100 Mbps Downgrade Upgrade,indihome internet
Shopee,tagihan indihome wifi,ADMIN MULAI 5K / BAYAR TAGIHAN PGN,tagihan pgn
Shopee,tagihan indihome wifi,ZYXEL INDIHOME P-660HN-T1 V2 ROUTER WIRELESS,router wireless
Shopee,tagihan indihome wifi,Migrasi Indibiz Paket 1P Internet Only 50 - 300 Mbps Unlimited Tanpa Kuota Fup / Downgrade Upgrade / Jasa Migrasi,internet
Shopee,tagihan indihome wifi,Remot / Remote Receiver STB Android TV BOX ZTE ZXV10 B860H B760H Indi MNC PLAY Speedy TV ZTE HITAM / ecer dan grosir,remote tv box
Shopee,tagihan indihome wifi,Remot Remote Original Untuk TV Indihome Control USEE TV/TELKOM SPEEDY/ ZTE/ STB/ INDI HOME/ OXYGEN,remot tv
Shopee,tagihan indihome wifi,Kemeja Indihome terbaru Bordir Telkom Akses Lengan Pendek,kemeja
Shopee,tagihan indihome wifi,PROMO Indihome TV Premium Dengan Android TV,indihome tv
Shopee,tagihan indihome wifi,Remote STB INDIH@ME Fiberh@me HG680P RM-001+A1 berkualitas tombol empuk,remote stb indihome
Shopee,tagihan indihome wifi,baju seragam kerja Indihome/kemeja promosi Indihome/custom bordir Indihome/Baju Indihome merah putih,baju indihome
Shopee,tagihan indihome wifi,RECIVER REMOTE STB INDIHOME SPEEDY TV ZTE ZX V10 HITAM PUTIH,stb indihome
Shopee,tagihan indihome wifi,Migrasi Paket 100 Mbps 1P Jitu Only Internet,internet
Shopee,tagihan indihome wifi,Baju Seragam Telkom Indihome Kemeja Kerja lengan pendek bordir,kemeja kerja
Shopee,tagihan indihome wifi,"STB V1, V2, V5, HG680P, B760, B866, HGFJ",stb
Shopee,tagihan indihome wifi,vocher indihome,voucher indihome
Shopee,tagihan indihome wifi,ISOLIR SEMENTARA INDIHOME,indihome
Shopee,tagihan indihome wifi,"STB ROOT & ORIGINAL ZXV10 B860H V1, V2, V5 - ZXV10 B866F & HG680 P/FJ",stb
Shopee,tagihan indihome wifi,STB Smart TV Box Open All Channel 4K Dolby Atmos,stb smart tv box
Shopee,tagihan indihome wifi,remotestb Indihome,remote indihome
Shopee,tagihan indihome wifi,Rompi Kerja Telkom Indihome-bisa costume dan reques logo dan nama,rompi kerja
Shopee,tagihan indihome wifi,"power supply adaptor bulat ont stb cctv 12v 1a 5,5 x 2,1mm hitam bawaan original dan adapter eu DC murni jack 5.5 Indihome china telecom ori router",adaptor
Shopee,tagihan indihome wifi,"Terbaru,,,Seragam Kerja Lapangan Indihome Telkom - Rompi Indihome-bisa costume dan reques logo,Ready scok",seragam indihome
Shopee,tagihan indihome wifi,JASA LAYANAN ADMINISTRASI MIGRASI PAKET INDIHOME,indihome
Shopee,tagihan indihome wifi,Remote STB ZTE Indihome Hitam Dan Putih Tanpa Setting,remote stb zte indihome
Shopee,Toko Pengangguran Suksess,PROMO TOKEN LISTRIK 20Rb,token listrik
Shopee,Toko Pengangguran Suksess,Promo Token Listrik 5k 10k 15k 20k 20ribu,token listrik
Shopee,Toko Pengangguran Suksess,Bayar Semua Tagihan Bulanan,bayar tagihan
Shopee,Toko Pengangguran Suksess,PROMO Token Listrik 50K 50RB Isi Cepat 50000,token listrik
Shopee,Toko Pengangguran Suksess,Token Listrik 5K 5RB 5000 Isi Ulang,token listrik
Shopee,Toko Pengangguran Suksess,"Termurah Token Listrik 5Rb,10Rb,15Rb,20Rb Proses Cepat",token listrik
Shopee,Toko Pengangguran Suksess,Pulsa Listrik Token PLN 5RB 10RB 15RB Dadakan,token listrik
Shopee,Toko Pengangguran Suksess,Voucher Alfamart 50K 50RB 50000,voucher alfamart
Shopee,Toko Pengangguran Suksess,PROMO Token Listrik 20K 50K Pengiriman Cepat,token listrik
Shopee,Toko Pengangguran Suksess,Paket internet axis xl 30hr Config zivpn,paket internet axis
Shopee,Toko Pengangguran Suksess,Config Zivpn XL Axis 1bln,config vpn
Shopee,Toko Pengangguran Suksess,Bayar Tagihan Listrik Bulanan,tagihan listrik
Shopee,Toko Pengangguran Suksess,Promo Token Listrik 100K 100Rb,token listrik
Shopee,Toko Pengangguran Suksess,Voucher Indomaret 100k Non Fisik,voucher indomaret
Shopee,Toko Pengangguran Suksess,Config Zivpn Axis XL 30hr,config vpn
Shopee,Toko Pengangguran Suksess,Voucher Pluang 100K Dikirim Langsung Via Permatta,voucher pluang
Shopee,Toko Pengangguran Suksess,Masa Aktif Axis Xl 30hr,masa aktif axis
Shopee,Toko Pengangguran Suksess,Perpanjang Masa Aktif Axis XL 1 Bulan,perpanjang masa aktif axis
Shopee,Toko Pengangguran Suksess,Voucher Alfamart 100K 100RB Kode Digital,voucher alfamart
Shopee,Toko Pengangguran Suksess,TOKEN LISTRIK 10K 10RB 10000,token listrik
Shopee,Toko Pengangguran Suksess,VOUCHER ALFAMART 25K 50K 100K,voucher alfamart
Shopee,Toko Pengangguran Suksess,Isi Pulsa 3 Three Murah 1rb 2rb 3rb 4rb 5rb,isi pulsa
Shopee,Toko Pengangguran Suksess,ISI ULANG PULSA TEKOMSEL 2K 2RB 2000,pulsa
Shopee,Toko Pengangguran Suksess,Masa Aktif Three Tri 4 bln,kartu tri
Shopee,Toko Pengangguran Suksess,Pulsa Telkomsel  2k 3k 4k 5k 10k Murah,pulsa telkomsel
Shopee,Toko Pengangguran Suksess,Bayar Tagihan Iconnet,tagihan iconnet
Shopee,Toko Pengangguran Suksess,PULSA TELKOMSEL REGULER MURAH,pulsa telkomsel
Shopee,Toko Pengangguran Suksess,PULSA TELKOMSEL 10K MURAH,pulsa telkomsel
Shopee,Toko Pengangguran Suksess,Perpanjang Masa Aktif Three Tri 4bln,perpanjang masa aktif tri
Shopee,Toko Pengangguran Suksess,INJEK KUOTA AXIS 50GB 60HARI,injek kuota axis
Shopee,Toko Pengangguran Suksess,PROMO VOUCHER ALFAMART 25K 25RB 25000,voucher alfamart
Deals,Wifi,Indihome,Indihome
Deals,Wifi,Biznet,Biznet
Deals,Wifi,Megavision,Megavision
Deals,Wifi,First Media,First Media
Deals,Wifi,MyRepublic,MyRepublic
Deals,Wifi,Oxygen,Oxygen
Deals,Wifi,Bali Fiber,Bali Fiber
Deals,Wifi,MNC Play,MNC Play
Deals,Wifi,ICONNET,ICONNET
Deals,Wifi,Indosat Hi-Fi,Indosat Hi-Fi
Deals,Wifi,Corpnet,Corpnet
Deals,Wifi,CBN Fiber,CBN Fiber
Deals,Wifi,XL Fiber,XL Fiber
Deals,Wifi,Telkomsel Orbit ,Telkomsel Orbit 
Deals,Wifi,Groovy,Groovy
IDNTimes,Asuransi Kesehatan,Allianz,Allianz
IDNTimes,Asuransi Kesehatan,Prudential,Prudential
IDNTimes,Asuransi Kesehatan,AIA,AIA
IDNTimes,Asuransi Kesehatan,Manulife,Manulife
IDNTimes,Asuransi Kesehatan,Sun Life,Sun Life
IDNTimes,Asuransi Kesehatan,AXA Mandiri,AXA Mandiri
IDNTimes,Asuransi Kesehatan,FWD,FWD
IDNTimes,Asuransi Kesehatan,Generali,Generali
IDNTimes,Asuransi Kesehatan,BNI Life,BNI Life
IDNTimes,Asuransi Kesehatan,BRI Life,BRI Life
IDNTimes,Asuransi Kesehatan,BCA Life,BCA Life
IDNTimes,Asuransi Kesehatan,Mandiri Inhealth,Mandiri Inhealth
IDNTimes,Asuransi Kesehatan,Sequis,Sequis
IDNTimes,Asuransi Kesehatan,CAR,CAR
IDNTimes,Asuransi Kesehatan,Sinarmas MSIG,Sinarmas MSIG
IDNTimes,Asuransi Kesehatan,ACA,ACA
IDNTimes,Asuransi Kesehatan,Asuransi Astra,Asuransi Astra
IDNTimes,Asuransi Kesehatan,Zurich,Zurich
IDNTimes,Asuransi Kesehatan,Tokio Marine,Tokio Marine
IDNTimes,Asuransi Kesehatan,Sompo,Sompo
Generate,Asuransi Kesehatan,BPJS Kesehatan,BPJS Kesehatan
Generate,Asuransi Kesehatan,Allianz Indonesia,Allianz Indonesia
Generate,Asuransi Kesehatan,Prudential Indonesia,Prudential Indonesia
Generate,Asuransi Kesehatan,AIA Financial,AIA Financial
Generate,Asuransi Kesehatan,Manulife Indonesia,Manulife Indonesia
Generate,Asuransi Kesehatan,Sun Life Indonesia,Sun Life Indonesia
Generate,Asuransi Kesehatan,AXA Mandiri,AXA Mandiri
Generate,Asuransi Kesehatan,FWD Insurance,FWD Insurance
Generate,Asuransi Kesehatan,Generali Indonesia,Generali Indonesia
Generate,Asuransi Kesehatan,Hanwha Life Indonesia,Hanwha Life Indonesia
Generate,Asuransi Kesehatan,BCA Life,BCA Life
Generate,Asuransi Kesehatan,BNI Life,BNI Life
Generate,Asuransi Kesehatan,BRI Life,BRI Life
Generate,Asuransi Kesehatan,Mandiri Inhealth,Mandiri Inhealth
Generate,Asuransi Kesehatan,Sequis Life,Sequis Life
Generate,Asuransi Kesehatan,Sinarmas MSIG Life,Sinarmas MSIG Life
Generate,Asuransi Kesehatan,Central Asia Raya (CAR),Central Asia Raya (CAR)
Generate,Asuransi Kesehatan,Bumiputera 1912,Bumiputera 1912
Generate,Asuransi Kesehatan,MNC Life,MNC Life
Generate,Asuransi Kesehatan,ACA,ACA
Generate,Asuransi Kesehatan,Asuransi Astra,Asuransi Astra
Generate,Asuransi Kesehatan,Zurich Indonesia,Zurich Indonesia
Generate,Asuransi Kesehatan,Tokio Marine Indonesia,Tokio Marine Indonesia
Generate,Asuransi Kesehatan,Sompo Insurance Indonesia,Sompo Insurance Indonesia
Generate,Asuransi Kesehatan,MSIG Indonesia,MSIG Indonesia
Generate,Asuransi Kendaraan,Asuransi Astra Buana,Asuransi Astra Buana
Generate,Asuransi Kendaraan,ACA,ACA
Generate,Asuransi Kendaraan,Allianz Utama Indonesia,Allianz Utama Indonesia
Generate,Asuransi Kendaraan,Zurich Asuransi Indonesia,Zurich Asuransi Indonesia
Generate,Asuransi Kendaraan,Tokio Marine Indonesia,Tokio Marine Indonesia
Generate,Asuransi Kendaraan,Sompo Insurance Indonesia,Sompo Insurance Indonesia
Generate,Asuransi Kendaraan,Tugu Insurance,Tugu Insurance
Generate,Asuransi Kendaraan,Sinar Mas Insurance,Sinar Mas Insurance
Generate,Asuransi Kendaraan,Adira Insurance,Adira Insurance
Generate,Asuransi Kendaraan,BCA Insurance,BCA Insurance
Generate,Asuransi Kendaraan,Mega Insurance,Mega Insurance
Generate,Asuransi Kendaraan,Jasindo,Jasindo
Generate,Asuransi Kendaraan,Reliance Insurance,Reliance Insurance
Generate,Asuransi Kendaraan,MAG Insurance,MAG Insurance
Generate,Asuransi Kendaraan,Askrida,Askrida
Generate,Asuransi Kendaraan,AXA Insurance Indonesia,AXA Insurance Indonesia
Generate,Asuransi Kendaraan,Chubb General Insurance Indonesia,Chubb General Insurance Indonesia
Generate,Asuransi Kendaraan,Multi Artha Guna Insurance,Multi Artha Guna Insurance
Generate,Asuransi Kendaraan,KB Insurance Indonesia,KB Insurance Indonesia
Generate,Asuransi Kendaraan,Rama Satria Wibawa,Rama Satria Wibawa
Generate,Asuransi Kendaraan,Oona Insurance,Oona Insurance
Generate,Asuransi Kendaraan,Great Eastern General Insurance,Great Eastern General Insurance
Generate,Asuransi Kendaraan,QBE General Insurance Indonesia,QBE General Insurance Indonesia
Generate,Asuransi Kendaraan,Simas Insurtech,Simas Insurtech
Generate,Asuransi Kendaraan,Tripakarta Insurance,Tripakarta Insurance
Generate,Asuransi Jiwa,Allianz Life Indonesia,Allianz Life Indonesia
Generate,Asuransi Jiwa,Prudential Indonesia,Prudential Indonesia
Generate,Asuransi Jiwa,AIA Financial,AIA Financial
Generate,Asuransi Jiwa,Manulife Indonesia,Manulife Indonesia
Generate,Asuransi Jiwa,Sun Life Indonesia,Sun Life Indonesia
Generate,Asuransi Jiwa,AXA Mandiri Financial Services,AXA Mandiri Financial Services
Generate,Asuransi Jiwa,FWD Insurance,FWD Insurance
Generate,Asuransi Jiwa,Generali Indonesia,Generali Indonesia
Generate,Asuransi Jiwa,Hanwha Life Indonesia,Hanwha Life Indonesia
Generate,Asuransi Jiwa,BCA Life,BCA Life
Generate,Asuransi Jiwa,BNI Life Insurance,BNI Life Insurance
Generate,Asuransi Jiwa,BRI Life,BRI Life
Generate,Asuransi Jiwa,Sequis Life,Sequis Life
Generate,Asuransi Jiwa,Sinarmas MSIG Life,Sinarmas MSIG Life
Generate,Asuransi Jiwa,Central Asia Raya (CAR Life),Central Asia Raya (CAR Life)
Generate,Asuransi Jiwa,Bumiputera 1912,Bumiputera 1912
Generate,Asuransi Jiwa,MNC Life,MNC Life
Generate,Asuransi Jiwa,Chubb Life Indonesia,Chubb Life Indonesia
Generate,Asuransi Jiwa,Avrist Assurance,Avrist Assurance
Generate,Asuransi Jiwa,Astra Life,Astra Life
Generate,Asuransi Jiwa,IFG Life,IFG Life
Generate,Asuransi Jiwa,OCBC Life Assurance,OCBC Life Assurance
Generate,Asuransi Jiwa,Ciputra Life,Ciputra Life
Generate,Asuransi Jiwa,Tokio Marine Life Insurance Indonesia,Tokio Marine Life Insurance Indonesia
Generate,Asuransi Jiwa,Great Eastern Life Indonesia,Great Eastern Life Indonesia
Generate,Data Realistis Asuransi,Bayar Premi Allianz,Bayar Premi Allianz
Generate,Data Realistis Asuransi,Autodebet Prudential,Autodebet Prudential
Generate,Data Realistis Asuransi,BPJS Kesehatan April,BPJS Kesehatan April
Generate,Data Realistis Asuransi,Premi AIA Financial,Premi AIA Financial
Generate,Data Realistis Asuransi,Transfer Manulife Bulanan,Transfer Manulife Bulanan
Generate,Data Realistis Asuransi,Sun Life Auto Debit,Sun Life Auto Debit
Generate,Data Realistis Asuransi,AXA Mandiri Premi,AXA Mandiri Premi
Generate,Data Realistis Asuransi,FWD Insurance Payment,FWD Insurance Payment
Generate,Data Realistis Asuransi,Generali Tagihan,Generali Tagihan
Generate,Data Realistis Asuransi,Hanwha Life Premi,Hanwha Life Premi
Generate,Data Realistis Asuransi,BCA Life Bulanan,BCA Life Bulanan
Generate,Data Realistis Asuransi,BNI Life Payment,BNI Life Payment
Generate,Data Realistis Asuransi,BRI Life Premi,BRI Life Premi
Generate,Data Realistis Asuransi,Mandiri Inhealth Tagihan,Mandiri Inhealth Tagihan
Generate,Data Realistis Asuransi,Sequis Auto Debit,Sequis Auto Debit
Generate,Data Realistis Asuransi,Sinarmas MSIG Premi,Sinarmas MSIG Premi
Generate,Data Realistis Asuransi,CAR Life Bulanan,CAR Life Bulanan
Generate,Data Realistis Asuransi,Bumiputera Premi,Bumiputera Premi
Generate,Data Realistis Asuransi,MNC Life Payment,MNC Life Payment
Generate,Data Realistis Asuransi,ACA Asuransi Kendaraan,ACA Asuransi Kendaraan
Generate,Data Realistis Asuransi,Astra Buana Mobil,Astra Buana Mobil
Generate,Data Realistis Asuransi,Zurich Motor Insurance,Zurich Motor Insurance
Generate,Data Realistis Asuransi,Tokio Marine Car Premium,Tokio Marine Car Premium
Generate,Data Realistis Asuransi,Sompo Asuransi Mobil,Sompo Asuransi Mobil
Generate,Data Realistis Asuransi,Tugu Insurance Mobil,Tugu Insurance Mobil
Generate,Data Realistis Asuransi,Sinar Mas Kendaraan,Sinar Mas Kendaraan
Generate,Data Realistis Asuransi,Adira Autocillin,Adira Autocillin
Generate,Data Realistis Asuransi,BCA Insurance Car,BCA Insurance Car
Generate,Data Realistis Asuransi,Mega Insurance Vehicle,Mega Insurance Vehicle
Generate,Data Realistis Asuransi,Jasindo Mobil,Jasindo Mobil
Generate,Data Realistis Asuransi,Reliance Car Premium,Reliance Car Premium
Generate,Data Realistis Asuransi,MAG Insurance Motor,MAG Insurance Motor
Generate,Data Realistis Asuransi,Askrida Kendaraan,Askrida Kendaraan
Generate,Data Realistis Asuransi,Chubb Vehicle Cover,Chubb Vehicle Cover
Generate,Data Realistis Asuransi,KB Insurance Mobil,KB Insurance Mobil
Generate,Data Realistis Asuransi,Tripakarta Motor,Tripakarta Motor
Generate,Data Realistis Asuransi,Oona Car Insurance,Oona Car Insurance
Generate,Data Realistis Asuransi,QBE Vehicle Premium,QBE Vehicle Premium
Generate,Data Realistis Asuransi,Great Eastern Mobil,Great Eastern Mobil
Generate,Data Realistis Asuransi,Simas Insurtech Motor,Simas Insurtech Motor
Generate,Data Realistis Asuransi,Bayar BPJS Mei,Bayar BPJS Mei
Generate,Data Realistis Asuransi,Premi Allianz Mei,Premi Allianz Mei
Generate,Data Realistis Asuransi,Prudential Auto Debit Mei,Prudential Auto Debit Mei
Generate,Data Realistis Asuransi,AIA Premi Mei,AIA Premi Mei
Generate,Data Realistis Asuransi,Manulife Transfer Mei,Manulife Transfer Mei
Generate,Data Realistis Asuransi,Sun Life Premi Mei,Sun Life Premi Mei
Generate,Data Realistis Asuransi,AXA Mandiri Mei,AXA Mandiri Mei
Generate,Data Realistis Asuransi,FWD Bulanan Mei,FWD Bulanan Mei
Generate,Data Realistis Asuransi,Generali Mei,Generali Mei
Generate,Data Realistis Asuransi,Hanwha Life Mei,Hanwha Life Mei
Generate,Data Realistis Asuransi,BCA Life Mei,BCA Life Mei
Generate,Data Realistis Asuransi,BNI Life Mei,BNI Life Mei
Generate,Data Realistis Asuransi,BRI Life Mei,BRI Life Mei
Generate,Data Realistis Asuransi,Inhealth Mei,Inhealth Mei
Generate,Data Realistis Asuransi,Sequis Mei,Sequis Mei
Generate,Data Realistis Asuransi,Sinarmas Life Mei,Sinarmas Life Mei
Generate,Data Realistis Asuransi,CAR Mei,CAR Mei
Generate,Data Realistis Asuransi,Bumiputera Mei,Bumiputera Mei
Generate,Data Realistis Asuransi,MNC Life Mei,MNC Life Mei
Generate,Data Realistis Asuransi,ACA Mobil Mei,ACA Mobil Mei
Generate,Data Realistis Asuransi,Astra Buana Mei,Astra Buana Mei
Generate,Data Realistis Asuransi,Zurich Mei,Zurich Mei
Generate,Data Realistis Asuransi,Tokio Marine Mei,Tokio Marine Mei
Generate,Data Realistis Asuransi,Sompo Mei,Sompo Mei
Generate,Data Realistis Asuransi,Tugu Mei,Tugu Mei
Generate,Data Realistis Asuransi,Sinar Mas Mei,Sinar Mas Mei
Generate,Data Realistis Asuransi,Adira Mei,Adira Mei
Generate,Data Realistis Asuransi,BCA Insurance Mei,BCA Insurance Mei
Generate,Data Realistis Asuransi,Mega Insurance Mei,Mega Insurance Mei
Generate,Data Realistis Asuransi,Jasindo Mei,Jasindo Mei
Generate,Data Realistis Asuransi,Reliance Mei,Reliance Mei
Generate,Data Realistis Asuransi,MAG Mei,MAG Mei
Generate,Data Realistis Asuransi,Askrida Mei,Askrida Mei
Generate,Data Realistis Asuransi,Chubb Mei,Chubb Mei
Generate,Data Realistis Asuransi,KB Insurance Mei,KB Insurance Mei
Generate,Data Realistis Asuransi,Tripakarta Mei,Tripakarta Mei
Generate,Data Realistis Asuransi,Oona Mei,Oona Mei
Generate,Data Realistis Asuransi,QBE Mei,QBE Mei
Generate,Data Realistis Asuransi,Great Eastern Mei,Great Eastern Mei
Generate,Data Realistis Asuransi,Simas Mei,Simas Mei
Generate,Data Realistis Asuransi,BPJS Juni,BPJS Juni
Generate,Data Realistis Asuransi,Allianz Juni,Allianz Juni
Generate,Data Realistis Asuransi,Prudential Juni,Prudential Juni
Generate,Data Realistis Asuransi,AIA Juni,AIA Juni
Generate,Data Realistis Asuransi,Manulife Juni,Manulife Juni
Generate,Data Realistis Asuransi,Sun Life Juni,Sun Life Juni
Generate,Data Realistis Asuransi,AXA Juni,AXA Juni
Generate,Data Realistis Asuransi,FWD Juni,FWD Juni
Generate,Data Realistis Asuransi,Generali Juni,Generali Juni
Generate,Data Realistis Asuransi,Hanwha Juni,Hanwha Juni
Generate,Data Realistis Asuransi,BCA Life Juni,BCA Life Juni
Generate,Data Realistis Asuransi,BNI Life Juni,BNI Life Juni
Generate,Data Realistis Asuransi,BRI Life Juni,BRI Life Juni
Generate,Data Realistis Asuransi,Mandiri Inhealth Juni,Mandiri Inhealth Juni
Generate,Data Realistis Asuransi,Sequis Juni,Sequis Juni
Generate,Data Realistis Asuransi,Sinarmas Juni,Sinarmas Juni
Generate,Data Realistis Asuransi,CAR Juni,CAR Juni
Generate,Data Realistis Asuransi,Bumiputera Juni,Bumiputera Juni
Generate,Data Realistis Asuransi,MNC Life Juni,MNC Life Juni
Generate,Data Realistis Asuransi,ACA Juni,ACA Juni
Generate,Data Realistis Asuransi,Astra Buana Juni,Astra Buana Juni
Generate,Data Realistis Asuransi,Zurich Juni,Zurich Juni
Generate,Data Realistis Asuransi,Tokio Marine Juni,Tokio Marine Juni
Generate,Data Realistis Asuransi,Sompo Juni,Sompo Juni
Generate,Data Realistis Asuransi,Tugu Juni,Tugu Juni
Generate,Data Realistis Asuransi,Sinar Mas Juni,Sinar Mas Juni
Generate,Data Realistis Asuransi,Adira Juni,Adira Juni
Generate,Data Realistis Asuransi,BCA Insurance Juni,BCA Insurance Juni
Generate,Data Realistis Asuransi,Mega Insurance Juni,Mega Insurance Juni
Generate,Data Realistis Asuransi,Jasindo Juni,Jasindo Juni
Generate,Data Realistis Asuransi,Reliance Juni,Reliance Juni
Generate,Data Realistis Asuransi,MAG Juni,MAG Juni
Generate,Data Realistis Asuransi,Askrida Juni,Askrida Juni
Generate,Data Realistis Asuransi,Chubb Juni,Chubb Juni
Generate,Data Realistis Asuransi,KB Insurance Juni,KB Insurance Juni
Generate,Data Realistis Asuransi,Tripakarta Juni,Tripakarta Juni
Generate,Data Realistis Asuransi,Oona Juni,Oona Juni
Generate,Data Realistis Asuransi,QBE Juni,QBE Juni
Generate,Data Realistis Asuransi,Great Eastern Juni,Great Eastern Juni
Generate,Data Realistis Asuransi,Simas Juni,Simas Juni
Generate,Data Realistis Asuransi,Premi Jiwa Allianz,Premi Jiwa Allianz
Generate,Data Realistis Asuransi,Asuransi Jiwa Prudential,Asuransi Jiwa Prudential
Generate,Data Realistis Asuransi,Life Cover AIA,Life Cover AIA
Generate,Data Realistis Asuransi,Proteksi Manulife,Proteksi Manulife
Generate,Data Realistis Asuransi,Premi Sun Life,Premi Sun Life
Generate,Data Realistis Asuransi,AXA Life Payment,AXA Life Payment
Generate,Data Realistis Asuransi,FWD Life Premi,FWD Life Premi
Generate,Data Realistis Asuransi,Generali Life Cover,Generali Life Cover
Generate,Data Realistis Asuransi,Hanwha Life Cover,Hanwha Life Cover
Generate,Data Realistis Asuransi,BCA Life Premi,BCA Life Premi
Generate,Data Realistis Asuransi,BNI Life Premi,BNI Life Premi
Generate,Data Realistis Asuransi,BRI Life Premi,BRI Life Premi
Generate,Data Realistis Asuransi,Sequis Life Premi,Sequis Life Premi
Generate,Data Realistis Asuransi,Sinarmas Life Premi,Sinarmas Life Premi
Generate,Data Realistis Asuransi,CAR Life Premi,CAR Life Premi
Generate,Data Realistis Asuransi,MNC Life Premi,MNC Life Premi
Generate,Data Realistis Asuransi,Avrist Assurance Premi,Avrist Assurance Premi
Generate,Data Realistis Asuransi,Astra Life Premi,Astra Life Premi
Generate,Data Realistis Asuransi,IFG Life Premi,IFG Life Premi
Generate,Data Realistis Asuransi,OCBC Life Premi,OCBC Life Premi
Generate,Data Realistis Asuransi,Ciputra Life Premi,Ciputra Life Premi
Generate,Data Realistis Asuransi,Tokio Marine Life Premi,Tokio Marine Life Premi
Generate,Data Realistis Asuransi,Great Eastern Life Premi,Great Eastern Life Premi
Generate,Data Realistis Asuransi,Allianz Car Insurance,Allianz Car Insurance
Generate,Data Realistis Asuransi,Prudential Health Cover,Prudential Health Cover
Generate,Data Realistis Asuransi,AIA Hospital Cover,AIA Hospital Cover
Generate,Data Realistis Asuransi,Manulife Health Plan,Manulife Health Plan
Generate,Data Realistis Asuransi,Sun Life Medical Cover,Sun Life Medical Cover
Generate,Data Realistis Asuransi,BPJS Mandiri Bayar,BPJS Mandiri Bayar
Generate,Data Realistis Asuransi,Premi Rawat Inap Allianz,Premi Rawat Inap Allianz
Generate,Data Realistis Asuransi,Asuransi Mobil ACA,Asuransi Mobil ACA
Generate,Data Realistis Asuransi,Proteksi Kendaraan Astra,Proteksi Kendaraan Astra
Generate,Data Realistis Asuransi,Autocillin Adira Bayar,Autocillin Adira Bayar
Generate,Data Realistis Asuransi,Motor Insurance Sompo,Motor Insurance Sompo
Generate,Data Realistis Asuransi,Mobil Cover Zurich,Mobil Cover Zurich
Generate,Data Realistis Asuransi,Premi Kendaraan Tugu,Premi Kendaraan Tugu
Generate,Data Realistis Asuransi,Asuransi Mobil Sinar Mas,Asuransi Mobil Sinar Mas
Generate,Data Realistis Asuransi,Tokio Marine Vehicle,Tokio Marine Vehicle
Generate,Data Realistis Asuransi,Reliance Motor Cover,Reliance Motor Cover
Generate,Data Realistis Asuransi,MAG Vehicle Payment,MAG Vehicle Payment
Generate,Data Realistis Asuransi,Askrida Car Cover,Askrida Car Cover
Generate,Data Realistis Asuransi,Chubb Auto Cover,Chubb Auto Cover
Generate,Data Realistis Asuransi,KB Car Insurance,KB Car Insurance
Generate,Data Realistis Asuransi,Tripakarta Vehicle,Tripakarta Vehicle
Generate,Data Realistis Asuransi,Oona Premium,Oona Premium
Generate,Data Realistis Asuransi,QBE Mobil Cover,QBE Mobil Cover
Generate,Data Realistis Asuransi,Great Eastern Auto,Great Eastern Auto
Generate,Data Realistis Asuransi,Simas Motor Premi,Simas Motor Premi
Generate,Data Realistis Asuransi,BPJS Auto Debit,BPJS Auto Debit
Generate,Data Realistis Asuransi,Prudential Virtual Account,Prudential Virtual Account
Generate,Data Realistis Asuransi,Allianz Transfer BCA,Allianz Transfer BCA
Generate,Data Realistis Asuransi,AIA Debit Mandiri,AIA Debit Mandiri
Generate,Data Realistis Asuransi,Manulife VA Payment,Manulife VA Payment
Generate,Data Realistis Asuransi,Sun Life Tokopedia,Sun Life Tokopedia
Generate,Data Realistis Asuransi,AXA Mandiri Autodebet,AXA Mandiri Autodebet
Generate,Data Realistis Asuransi,FWD ShopeePay,FWD ShopeePay
Generate,Data Realistis Asuransi,Generali Gopay,Generali Gopay
Generate,Data Realistis Asuransi,Hanwha Transfer BNI,Hanwha Transfer BNI
Shopee,Bayar Pulsa/Tagihan/Game/Digital,Indosat Ooredoo,Indosat Ooredoo
Shopee,Bayar Pulsa/Tagihan/Game/Digital,IM3,IM3
Shopee,Bayar Pulsa/Tagihan/Game/Digital,Telkomsel,Telkomsel
Shopee,Bayar Pulsa/Tagihan/Game/Digital,simPATI,simPATI
Shopee,Bayar Pulsa/Tagihan/Game/Digital,Kartu As,Kartu As
Shopee,Bayar Pulsa/Tagihan/Game/Digital,Smartfren,Smartfren
Shopee,Bayar Pulsa/Tagihan/Game/Digital,XL,XL
Shopee,Bayar Pulsa/Tagihan/Game/Digital,AXIS,AXIS
Shopee,Bayar Pulsa/Tagihan/Game/Digital,Three / 3 Tri,Three / 3 Tri
Shopee,Bayar Pulsa/Tagihan/Game/Digital,Esia,Esia
Shopee,Bayar Pulsa/Tagihan/Game/Digital,StarOne,StarOne
Shopee,Bayar Pulsa/Tagihan/Game/Digital,Telkom Indonesia,Telkom Indonesia
Shopee,Bayar Pulsa/Tagihan/Game/Digital,Indosat Mentari,Indosat Mentari
Shopee,Bayar Pulsa/Tagihan/Game/Digital,BOLT!,BOLT!
Shopee,Bayar Pulsa/Tagihan/Game/Digital,Flexi,Flexi
Generate,Tagihan Pulsa dan Internet,Bayar Pulsa Telkomsel,Bayar Pulsa Telkomsel
Generate,Tagihan Pulsa dan Internet,Bayar Pulsa XL,Bayar Pulsa XL
Generate,Tagihan Pulsa dan Internet,Bayar Pulsa Indosat,Bayar Pulsa Indosat
Generate,Tagihan Pulsa dan Internet,Bayar Pulsa Tri,Bayar Pulsa Tri
Generate,Tagihan Pulsa dan Internet,Bayar Pulsa Axis,Bayar Pulsa Axis
Generate,Tagihan Pulsa dan Internet,Bayar Pulsa Smartfren,Bayar Pulsa Smartfren
Generate,Tagihan Pulsa dan Internet,Pembayaran Pulsa Telkomsel,Pembayaran Pulsa Telkomsel
Generate,Tagihan Pulsa dan Internet,Pembayaran Pulsa XL,Pembayaran Pulsa XL
Generate,Tagihan Pulsa dan Internet,Pembayaran Pulsa IM3,Pembayaran Pulsa IM3
Generate,Tagihan Pulsa dan Internet,Pembayaran Pulsa Tri,Pembayaran Pulsa Tri
Generate,Tagihan Pulsa dan Internet,Pembayaran Pulsa Axis,Pembayaran Pulsa Axis
Generate,Tagihan Pulsa dan Internet,Pembayaran Pulsa Smartfren,Pembayaran Pulsa Smartfren
Generate,Tagihan Pulsa dan Internet,Tagihan Pulsa Telkomsel,Tagihan Pulsa Telkomsel
Generate,Tagihan Pulsa dan Internet,Tagihan Pulsa XL,Tagihan Pulsa XL
Generate,Tagihan Pulsa dan Internet,Tagihan Pulsa Indosat,Tagihan Pulsa Indosat
Generate,Tagihan Pulsa dan Internet,Tagihan Pulsa Tri,Tagihan Pulsa Tri
Generate,Tagihan Pulsa dan Internet,Tagihan Pulsa Axis,Tagihan Pulsa Axis
Generate,Tagihan Pulsa dan Internet,Tagihan Pulsa Smartfren,Tagihan Pulsa Smartfren
Generate,Tagihan Pulsa dan Internet,Isi Pulsa Telkomsel 10K,Isi Pulsa Telkomsel 10K
Generate,Tagihan Pulsa dan Internet,Isi Pulsa Telkomsel 25K,Isi Pulsa Telkomsel 25K
Generate,Tagihan Pulsa dan Internet,Isi Pulsa Telkomsel 50K,Isi Pulsa Telkomsel 50K
Generate,Tagihan Pulsa dan Internet,Isi Pulsa XL 10K,Isi Pulsa XL 10K
Generate,Tagihan Pulsa dan Internet,Isi Pulsa XL 25K,Isi Pulsa XL 25K
Generate,Tagihan Pulsa dan Internet,Isi Pulsa XL 50K,Isi Pulsa XL 50K
Generate,Tagihan Pulsa dan Internet,Isi Pulsa IM3 10K,Isi Pulsa IM3 10K
Generate,Tagihan Pulsa dan Internet,Isi Pulsa IM3 25K,Isi Pulsa IM3 25K
Generate,Tagihan Pulsa dan Internet,Isi Pulsa IM3 50K,Isi Pulsa IM3 50K
Generate,Tagihan Pulsa dan Internet,Isi Pulsa Tri 10K,Isi Pulsa Tri 10K
Generate,Tagihan Pulsa dan Internet,Isi Pulsa Tri 25K,Isi Pulsa Tri 25K
Generate,Tagihan Pulsa dan Internet,Isi Pulsa Axis 10K,Isi Pulsa Axis 10K
Generate,Tagihan Pulsa dan Internet,Isi Pulsa Axis 25K,Isi Pulsa Axis 25K
Generate,Tagihan Pulsa dan Internet,Isi Pulsa Smartfren 10K,Isi Pulsa Smartfren 10K
Generate,Tagihan Pulsa dan Internet,Isi Pulsa Smartfren 25K,Isi Pulsa Smartfren 25K
Generate,Tagihan Pulsa dan Internet,Topup Pulsa Telkomsel,Topup Pulsa Telkomsel
Generate,Tagihan Pulsa dan Internet,Topup Pulsa XL,Topup Pulsa XL
Generate,Tagihan Pulsa dan Internet,Topup Pulsa IM3,Topup Pulsa IM3
Generate,Tagihan Pulsa dan Internet,Topup Pulsa Tri,Topup Pulsa Tri
Generate,Tagihan Pulsa dan Internet,Topup Pulsa Axis,Topup Pulsa Axis
Generate,Tagihan Pulsa dan Internet,Topup Pulsa Smartfren,Topup Pulsa Smartfren
Generate,Tagihan Pulsa dan Internet,Shopee Pulsa Telkomsel,Shopee Pulsa Telkomsel
Generate,Tagihan Pulsa dan Internet,Shopee Pulsa XL,Shopee Pulsa XL
Generate,Tagihan Pulsa dan Internet,Shopee Pulsa Tri,Shopee Pulsa Tri
Generate,Tagihan Pulsa dan Internet,Shopee Pulsa Axis,Shopee Pulsa Axis
Generate,Tagihan Pulsa dan Internet,Shopee Pulsa IM3,Shopee Pulsa IM3
Generate,Tagihan Pulsa dan Internet,Shopee Pulsa Smartfren,Shopee Pulsa Smartfren
Generate,Tagihan Pulsa dan Internet,Tokopedia Pulsa Telkomsel,Tokopedia Pulsa Telkomsel
Generate,Tagihan Pulsa dan Internet,OVO Pulsa XL,OVO Pulsa XL
Generate,Tagihan Pulsa dan Internet,Dana Pulsa IM3,Dana Pulsa IM3
Generate,Tagihan Pulsa dan Internet,Gopay Pulsa Tri,Gopay Pulsa Tri
Generate,Tagihan Pulsa dan Internet,LinkAja Pulsa Axis,LinkAja Pulsa Axis
Generate,Tagihan Pulsa dan Internet,Bayar Paket Data Telkomsel,Bayar Paket Data Telkomsel
Generate,Tagihan Pulsa dan Internet,Bayar Paket Data XL,Bayar Paket Data XL
Generate,Tagihan Pulsa dan Internet,Bayar Paket Data Indosat,Bayar Paket Data Indosat
Generate,Tagihan Pulsa dan Internet,Bayar Paket Data Tri,Bayar Paket Data Tri
Generate,Tagihan Pulsa dan Internet,Bayar Paket Data Axis,Bayar Paket Data Axis
Generate,Tagihan Pulsa dan Internet,Bayar Paket Data Smartfren,Bayar Paket Data Smartfren
Generate,Tagihan Pulsa dan Internet,Pembayaran Paket Data Telkomsel,Pembayaran Paket Data Telkomsel
Generate,Tagihan Pulsa dan Internet,Pembayaran Paket Data XL,Pembayaran Paket Data XL
Generate,Tagihan Pulsa dan Internet,Pembayaran Paket Data IM3,Pembayaran Paket Data IM3
Generate,Tagihan Pulsa dan Internet,Pembayaran Paket Data Tri,Pembayaran Paket Data Tri
Generate,Tagihan Pulsa dan Internet,Pembayaran Paket Data Axis,Pembayaran Paket Data Axis
Generate,Tagihan Pulsa dan Internet,Pembayaran Paket Data Smartfren,Pembayaran Paket Data Smartfren
Generate,Tagihan Pulsa dan Internet,Tagihan Paket Data Telkomsel,Tagihan Paket Data Telkomsel
Generate,Tagihan Pulsa dan Internet,Tagihan Paket Data XL,Tagihan Paket Data XL
Generate,Tagihan Pulsa dan Internet,Tagihan Paket Data IM3,Tagihan Paket Data IM3
Generate,Tagihan Pulsa dan Internet,Tagihan Paket Data Tri,Tagihan Paket Data Tri
Generate,Tagihan Pulsa dan Internet,Tagihan Paket Data Axis,Tagihan Paket Data Axis
Generate,Tagihan Pulsa dan Internet,Tagihan Paket Data Smartfren,Tagihan Paket Data Smartfren
Generate,Tagihan Pulsa dan Internet,Paket Data Telkomsel 2GB,Paket Data Telkomsel 2GB
Generate,Tagihan Pulsa dan Internet,Paket Data Telkomsel 5GB,Paket Data Telkomsel 5GB
Generate,Tagihan Pulsa dan Internet,Paket Data Telkomsel 10GB,Paket Data Telkomsel 10GB
Generate,Tagihan Pulsa dan Internet,Paket Data XL 2GB,Paket Data XL 2GB
Generate,Tagihan Pulsa dan Internet,Paket Data XL 5GB,Paket Data XL 5GB
Generate,Tagihan Pulsa dan Internet,Paket Data XL 10GB,Paket Data XL 10GB
Generate,Tagihan Pulsa dan Internet,Paket Data IM3 2GB,Paket Data IM3 2GB
Generate,Tagihan Pulsa dan Internet,Paket Data IM3 5GB,Paket Data IM3 5GB
Generate,Tagihan Pulsa dan Internet,Paket Data IM3 10GB,Paket Data IM3 10GB
Generate,Tagihan Pulsa dan Internet,Paket Data Tri 2GB,Paket Data Tri 2GB
Generate,Tagihan Pulsa dan Internet,Paket Data Tri 5GB,Paket Data Tri 5GB
Generate,Tagihan Pulsa dan Internet,Paket Data Axis 2GB,Paket Data Axis 2GB
Generate,Tagihan Pulsa dan Internet,Paket Data Axis 5GB,Paket Data Axis 5GB
Generate,Tagihan Pulsa dan Internet,Paket Data Smartfren 5GB,Paket Data Smartfren 5GB
Generate,Tagihan Pulsa dan Internet,Paket Data Smartfren 10GB,Paket Data Smartfren 10GB
Generate,Tagihan Pulsa dan Internet,Kuota Internet Telkomsel,Kuota Internet Telkomsel
Generate,Tagihan Pulsa dan Internet,Kuota Internet XL,Kuota Internet XL
Generate,Tagihan Pulsa dan Internet,Kuota Internet IM3,Kuota Internet IM3
Generate,Tagihan Pulsa dan Internet,Kuota Internet Tri,Kuota Internet Tri
Generate,Tagihan Pulsa dan Internet,Kuota Internet Axis,Kuota Internet Axis
Generate,Tagihan Pulsa dan Internet,Kuota Internet Smartfren,Kuota Internet Smartfren
Generate,Tagihan Pulsa dan Internet,Beli Kuota Telkomsel,Beli Kuota Telkomsel
Generate,Tagihan Pulsa dan Internet,Beli Kuota XL,Beli Kuota XL
Generate,Tagihan Pulsa dan Internet,Beli Kuota IM3,Beli Kuota IM3
Generate,Tagihan Pulsa dan Internet,Beli Kuota Tri,Beli Kuota Tri
Generate,Tagihan Pulsa dan Internet,Beli Kuota Axis,Beli Kuota Axis
Generate,Tagihan Pulsa dan Internet,Beli Kuota Smartfren,Beli Kuota Smartfren
Generate,Tagihan Pulsa dan Internet,Voucher Data Telkomsel,Voucher Data Telkomsel
Generate,Tagihan Pulsa dan Internet,Voucher Data XL,Voucher Data XL
Generate,Tagihan Pulsa dan Internet,Voucher Data IM3,Voucher Data IM3
Generate,Tagihan Pulsa dan Internet,Voucher Data Tri,Voucher Data Tri
Generate,Tagihan Pulsa dan Internet,Voucher Data Axis,Voucher Data Axis
Generate,Tagihan Pulsa dan Internet,Voucher Data Smartfren,Voucher Data Smartfren
Generate,Tagihan Pulsa dan Internet,Telkomsel Combo Sakti,Telkomsel Combo Sakti
Generate,Tagihan Pulsa dan Internet,Telkomsel OMG Package,Telkomsel OMG Package
Generate,Tagihan Pulsa dan Internet,XL Xtra Combo,XL Xtra Combo
Generate,Tagihan Pulsa dan Internet,XL Prioritas Data,XL Prioritas Data
Generate,Tagihan Pulsa dan Internet,IM3 Freedom Internet,IM3 Freedom Internet
Generate,Tagihan Pulsa dan Internet,Tri AlwaysOn,Tri AlwaysOn
Generate,Tagihan Pulsa dan Internet,Tri Happy Package,Tri Happy Package
Generate,Tagihan Pulsa dan Internet,Axis Bronet,Axis Bronet
Generate,Tagihan Pulsa dan Internet,Axis Owsem,Axis Owsem
Generate,Tagihan Pulsa dan Internet,Smartfren Unlimited,Smartfren Unlimited
Generate,Tagihan Pulsa dan Internet,Smartfren Nonstop,Smartfren Nonstop
Generate,Tagihan Pulsa dan Internet,Shopee Paket Data Telkomsel,Shopee Paket Data Telkomsel
Generate,Tagihan Pulsa dan Internet,Shopee Paket Data XL,Shopee Paket Data XL
Generate,Tagihan Pulsa dan Internet,Shopee Paket Data IM3,Shopee Paket Data IM3
Generate,Tagihan Pulsa dan Internet,Shopee Paket Data Tri,Shopee Paket Data Tri
Generate,Tagihan Pulsa dan Internet,Shopee Paket Data Axis,Shopee Paket Data Axis
Generate,Tagihan Pulsa dan Internet,Shopee Paket Data Smartfren,Shopee Paket Data Smartfren
Generate,Tagihan Pulsa dan Internet,Tokopedia Paket Data XL,Tokopedia Paket Data XL
Generate,Tagihan Pulsa dan Internet,OVO Paket Data Tri,OVO Paket Data Tri
Generate,Tagihan Pulsa dan Internet,Dana Paket Data IM3,Dana Paket Data IM3
Generate,Tagihan Pulsa dan Internet,Gopay Paket Data Axis,Gopay Paket Data Axis
Generate,Tagihan Pulsa dan Internet,LinkAja Paket Data Telkomsel,LinkAja Paket Data Telkomsel
Generate,Tagihan Pulsa dan Internet,Autodebet Telkomsel Halo,Autodebet Telkomsel Halo
Generate,Tagihan Pulsa dan Internet,Tagihan kartuHalo,Tagihan kartuHalo
Generate,Tagihan Pulsa dan Internet,Bayar kartuHalo,Bayar kartuHalo
Generate,Tagihan Pulsa dan Internet,Pembayaran Halo Telkomsel,Pembayaran Halo Telkomsel
Generate,Tagihan Pulsa dan Internet,Tagihan Pascabayar XL,Tagihan Pascabayar XL
Generate,Tagihan Pulsa dan Internet,Bayar XL Prioritas,Bayar XL Prioritas
Generate,Tagihan Pulsa dan Internet,Pembayaran XL Prioritas,Pembayaran XL Prioritas
Generate,Tagihan Pulsa dan Internet,Tagihan Indosat Pascabayar,Tagihan Indosat Pascabayar
Generate,Tagihan Pulsa dan Internet,Bayar Matrix Indosat,Bayar Matrix Indosat
Generate,Tagihan Pulsa dan Internet,Pembayaran Matrix Ooredoo,Pembayaran Matrix Ooredoo
Generate,Tagihan Pulsa dan Internet,Tagihan Smartfren Pascabayar,Tagihan Smartfren Pascabayar
Generate,Tagihan Pulsa dan Internet,Bayar Smartfren Postpaid,Bayar Smartfren Postpaid
Generate,Tagihan Pulsa dan Internet,Tagihan Tri Pascabayar,Tagihan Tri Pascabayar
Generate,Tagihan Pulsa dan Internet,Bayar Tri Postpaid,Bayar Tri Postpaid
Generate,Tagihan Pulsa dan Internet,Telkomsel Pascabayar,Telkomsel Pascabayar
Generate,Tagihan Pulsa dan Internet,XL Pascabayar,XL Pascabayar
Generate,Tagihan Pulsa dan Internet,Indosat Pascabayar,Indosat Pascabayar
Generate,Tagihan Pulsa dan Internet,Smartfren Pascabayar,Smartfren Pascabayar
Generate,Tagihan Pulsa dan Internet,Tri Pascabayar,Tri Pascabayar
Generate,Tagihan Pulsa dan Internet,Pulsa Darurat Telkomsel,Pulsa Darurat Telkomsel
Generate,Tagihan Pulsa dan Internet,Pulsa Transfer XL,Pulsa Transfer XL
Generate,Tagihan Pulsa dan Internet,Pulsa Transfer Tri,Pulsa Transfer Tri
Generate,Tagihan Pulsa dan Internet,Pulsa Reguler Axis,Pulsa Reguler Axis
Generate,Tagihan Pulsa dan Internet,Recharge Telkomsel,Recharge Telkomsel
Generate,Tagihan Pulsa dan Internet,Recharge XL,Recharge XL
Generate,Tagihan Pulsa dan Internet,Recharge IM3,Recharge IM3
Generate,Tagihan Pulsa dan Internet,Recharge Tri,Recharge Tri
Generate,Tagihan Pulsa dan Internet,Recharge Axis,Recharge Axis
Generate,Tagihan Pulsa dan Internet,Recharge Smartfren,Recharge Smartfren
Generate,Tagihan Pulsa dan Internet,Mobile Credit Telkomsel,Mobile Credit Telkomsel
Generate,Tagihan Pulsa dan Internet,Mobile Credit XL,Mobile Credit XL
Generate,Tagihan Pulsa dan Internet,Mobile Credit IM3,Mobile Credit IM3
Generate,Tagihan Pulsa dan Internet,Mobile Credit Tri,Mobile Credit Tri
Generate,Tagihan Pulsa dan Internet,Internet Bill Telkomsel,Internet Bill Telkomsel
Generate,Tagihan Pulsa dan Internet,Internet Bill XL,Internet Bill XL
Generate,Tagihan Pulsa dan Internet,Internet Bill IM3,Internet Bill IM3
Generate,Tagihan Pulsa dan Internet,Internet Bill Tri,Internet Bill Tri
Generate,Tagihan Pulsa dan Internet,Internet Bill Axis,Internet Bill Axis
Generate,Tagihan Pulsa dan Internet,Internet Bill Smartfren,Internet Bill Smartfren
Generate,Tagihan Pulsa dan Internet,Tagihan Telkomsel Halo,Tagihan Telkomsel Halo
Generate,Tagihan Pulsa dan Internet,Bayar Telkomsel Halo,Bayar Telkomsel Halo
Generate,Tagihan Pulsa dan Internet,Pembayaran Halo Telkomsel,Pembayaran Halo Telkomsel
Generate,Tagihan Pulsa dan Internet,Autodebet Telkomsel Halo,Autodebet Telkomsel Halo
Generate,Tagihan Pulsa dan Internet,Telkomsel Halo Bulanan,Telkomsel Halo Bulanan
Generate,Tagihan Pulsa dan Internet,Invoice Telkomsel Halo,Invoice Telkomsel Halo
Generate,Tagihan Pulsa dan Internet,Tagihan kartuHalo,Tagihan kartuHalo
Generate,Tagihan Pulsa dan Internet,Bayar kartuHalo,Bayar kartuHalo
Generate,Tagihan Pulsa dan Internet,Kartu Halo Monthly Bill,Kartu Halo Monthly Bill
Generate,Tagihan Pulsa dan Internet,Postpaid Telkomsel Halo,Postpaid Telkomsel Halo
Generate,Tagihan Pulsa dan Internet,Tagihan XL Prioritas,Tagihan XL Prioritas
Generate,Tagihan Pulsa dan Internet,Bayar XL Prioritas,Bayar XL Prioritas
Generate,Tagihan Pulsa dan Internet,Pembayaran XL Prioritas,Pembayaran XL Prioritas
Generate,Tagihan Pulsa dan Internet,Autodebet XL Prioritas,Autodebet XL Prioritas
Generate,Tagihan Pulsa dan Internet,XL Prioritas Bulanan,XL Prioritas Bulanan
Generate,Tagihan Pulsa dan Internet,Invoice XL Prioritas,Invoice XL Prioritas
Generate,Tagihan Pulsa dan Internet,Tagihan XL Pascabayar,Tagihan XL Pascabayar
Generate,Tagihan Pulsa dan Internet,Bayar XL Pascabayar,Bayar XL Pascabayar
Generate,Tagihan Pulsa dan Internet,XL Postpaid Bill,XL Postpaid Bill
Generate,Tagihan Pulsa dan Internet,Tagihan Indosat Matrix,Tagihan Indosat Matrix
Generate,Tagihan Pulsa dan Internet,Bayar Indosat Matrix,Bayar Indosat Matrix
Generate,Tagihan Pulsa dan Internet,Pembayaran Matrix Ooredoo,Pembayaran Matrix Ooredoo
Generate,Tagihan Pulsa dan Internet,Autodebet Matrix,Autodebet Matrix
Generate,Tagihan Pulsa dan Internet,Matrix Bulanan,Matrix Bulanan
Generate,Tagihan Pulsa dan Internet,Invoice Matrix Indosat,Invoice Matrix Indosat
Generate,Tagihan Pulsa dan Internet,Tagihan Indosat Pascabayar,Tagihan Indosat Pascabayar
Generate,Tagihan Pulsa dan Internet,Bayar Indosat Pascabayar,Bayar Indosat Pascabayar
Generate,Tagihan Pulsa dan Internet,Indosat Postpaid Bill,Indosat Postpaid Bill
Generate,Tagihan Pulsa dan Internet,Tagihan Smartfren Pascabayar,Tagihan Smartfren Pascabayar
Generate,Tagihan Pulsa dan Internet,Bayar Smartfren Pascabayar,Bayar Smartfren Pascabayar
Generate,Tagihan Pulsa dan Internet,Pembayaran Smartfren Postpaid,Pembayaran Smartfren Postpaid
Generate,Tagihan Pulsa dan Internet,Autodebet Smartfren,Autodebet Smartfren
Generate,Tagihan Pulsa dan Internet,Smartfren Bulanan,Smartfren Bulanan
Generate,Tagihan Pulsa dan Internet,Invoice Smartfren,Invoice Smartfren
Generate,Tagihan Pulsa dan Internet,Smartfren Postpaid Bill,Smartfren Postpaid Bill
Generate,Tagihan Pulsa dan Internet,Tagihan Tri Pascabayar,Tagihan Tri Pascabayar
Generate,Tagihan Pulsa dan Internet,Bayar Tri Pascabayar,Bayar Tri Pascabayar
Generate,Tagihan Pulsa dan Internet,Pembayaran Tri Postpaid,Pembayaran Tri Postpaid
Generate,Tagihan Pulsa dan Internet,Autodebet Tri,Autodebet Tri
Generate,Tagihan Pulsa dan Internet,Tri Bulanan,Tri Bulanan
Generate,Tagihan Pulsa dan Internet,Invoice Tri,Invoice Tri
Generate,Tagihan Pulsa dan Internet,Tri Postpaid Bill,Tri Postpaid Bill
Generate,Tagihan Pulsa dan Internet,Tagihan Axis Pascabayar,Tagihan Axis Pascabayar
Generate,Tagihan Pulsa dan Internet,Bayar Axis Pascabayar,Bayar Axis Pascabayar
Generate,Tagihan Pulsa dan Internet,Pembayaran Axis Postpaid,Pembayaran Axis Postpaid
Generate,Tagihan Pulsa dan Internet,Autodebet Axis,Autodebet Axis
Generate,Tagihan Pulsa dan Internet,Axis Bulanan,Axis Bulanan
Generate,Tagihan Pulsa dan Internet,Invoice Axis,Invoice Axis
Generate,Tagihan Pulsa dan Internet,Axis Postpaid Bill,Axis Postpaid Bill
Generate,Tagihan Pulsa dan Internet,Tagihan IM3 Pascabayar,Tagihan IM3 Pascabayar
Generate,Tagihan Pulsa dan Internet,Bayar IM3 Pascabayar,Bayar IM3 Pascabayar
Generate,Tagihan Pulsa dan Internet,Pembayaran IM3 Postpaid,Pembayaran IM3 Postpaid
Generate,Tagihan Pulsa dan Internet,Autodebet IM3,Autodebet IM3
Generate,Tagihan Pulsa dan Internet,IM3 Bulanan,IM3 Bulanan
Generate,Tagihan Pulsa dan Internet,Invoice IM3,Invoice IM3
Generate,Tagihan Pulsa dan Internet,IM3 Postpaid Bill,IM3 Postpaid Bill
Generate,Tagihan Pulsa dan Internet,Bayar Nomor Halo,Bayar Nomor Halo
Generate,Tagihan Pulsa dan Internet,Tagihan Nomor XL Prioritas,Tagihan Nomor XL Prioritas
Generate,Tagihan Pulsa dan Internet,Bayar Nomor Matrix,Bayar Nomor Matrix
Generate,Tagihan Pulsa dan Internet,Tagihan Nomor Smartfren,Tagihan Nomor Smartfren
Generate,Tagihan Pulsa dan Internet,Pembayaran Nomor Tri,Pembayaran Nomor Tri
Generate,Tagihan Pulsa dan Internet,Invoice Nomor Axis,Invoice Nomor Axis
Generate,Tagihan Pulsa dan Internet,Tagihan Provider Bulanan,Tagihan Provider Bulanan
Generate,Tagihan Pulsa dan Internet,Bayar Kartu Pascabayar,Bayar Kartu Pascabayar
Generate,Tagihan Pulsa dan Internet,Pembayaran Seluler Pascabayar,Pembayaran Seluler Pascabayar
Generate,Tagihan Pulsa dan Internet,Autodebet Nomor Pascabayar,Autodebet Nomor Pascabayar
Generate,Tagihan Pulsa dan Internet,Tagihan Telekomunikasi Bulanan,Tagihan Telekomunikasi Bulanan
Generate,Tagihan Pulsa dan Internet,Bayar Bill Telkomsel,Bayar Bill Telkomsel
Generate,Tagihan Pulsa dan Internet,Bayar Bill XL,Bayar Bill XL
Generate,Tagihan Pulsa dan Internet,Bayar Bill Indosat,Bayar Bill Indosat
Generate,Tagihan Pulsa dan Internet,Bayar Bill Smartfren,Bayar Bill Smartfren
Generate,Tagihan Pulsa dan Internet,Bayar Bill Tri,Bayar Bill Tri
Generate,Tagihan Pulsa dan Internet,Bayar Bill Axis,Bayar Bill Axis
Generate,Tagihan Pulsa dan Internet,Monthly Bill Telkomsel Halo,Monthly Bill Telkomsel Halo
Generate,Tagihan Pulsa dan Internet,Monthly Bill XL Prioritas,Monthly Bill XL Prioritas
Generate,Tagihan Pulsa dan Internet,Monthly Bill Matrix,Monthly Bill Matrix
Generate,Tagihan Pulsa dan Internet,Monthly Bill Smartfren,Monthly Bill Smartfren
Generate,Tagihan Pulsa dan Internet,Monthly Bill Tri,Monthly Bill Tri
Generate,Tagihan Pulsa dan Internet,Monthly Bill Axis,Monthly Bill Axis
Generate,Tagihan Pulsa dan Internet,Postpaid Payment Telkomsel,Postpaid Payment Telkomsel
Generate,Tagihan Pulsa dan Internet,Postpaid Payment XL,Postpaid Payment XL
Generate,Tagihan Pulsa dan Internet,Postpaid Payment Indosat,Postpaid Payment Indosat
Generate,Tagihan Pulsa dan Internet,Postpaid Payment Smartfren,Postpaid Payment Smartfren
Generate,Tagihan Pulsa dan Internet,Postpaid Payment Tri,Postpaid Payment Tri
Generate,Tagihan Pulsa dan Internet,Postpaid Payment Axis,Postpaid Payment Axis
Generate,Tagihan Pulsa dan Internet,Tagihan Mobile Postpaid,Tagihan Mobile Postpaid
Generate,Tagihan Pulsa dan Internet,Bayar Mobile Postpaid,Bayar Mobile Postpaid
Generate,Tagihan Pulsa dan Internet,Pembayaran Paket Pascabayar,Pembayaran Paket Pascabayar
Generate,Tagihan Pulsa dan Internet,Tagihan Data Pascabayar,Tagihan Data Pascabayar
Generate,Tagihan Pulsa dan Internet,Bayar Data Pascabayar,Bayar Data Pascabayar
Generate,Tagihan Pulsa dan Internet,Tagihan Telepon Bulanan,Tagihan Telepon Bulanan
Generate,Tagihan Pulsa dan Internet,Bayar Telepon Seluler Bulanan,Bayar Telepon Seluler Bulanan
Generate,Tagihan Pulsa dan Internet,Invoice Provider Seluler,Invoice Provider Seluler
Generate,Tagihan Pulsa dan Internet,Autodebet Provider Mobile,Autodebet Provider Mobile
Generate,Tagihan Pulsa dan Internet,Tagihan Kartu Halo Mei,Tagihan Kartu Halo Mei
Generate,Tagihan Pulsa dan Internet,Tagihan XL Prioritas Mei,Tagihan XL Prioritas Mei
Generate,Tagihan Pulsa dan Internet,Tagihan Matrix Mei,Tagihan Matrix Mei
Generate,Tagihan Pulsa dan Internet,Tagihan Smartfren Mei,Tagihan Smartfren Mei
Generate,Tagihan Pulsa dan Internet,Tagihan Tri Mei,Tagihan Tri Mei
Generate,Tagihan Pulsa dan Internet,Tagihan Axis Mei,Tagihan Axis Mei
Generate,Tagihan Pulsa dan Internet,Tagihan Halo Juni,Tagihan Halo Juni
Generate,Tagihan Pulsa dan Internet,Tagihan XL Juni,Tagihan XL Juni
Generate,Tagihan Pulsa dan Internet,Tagihan Matrix Juni,Tagihan Matrix Juni
Generate,Tagihan Pulsa dan Internet,Tagihan Smartfren Juni,Tagihan Smartfren Juni
Generate,Tagihan Pulsa dan Internet,Tagihan Tri Juni,Tagihan Tri Juni
Generate,Tagihan Pulsa dan Internet,Tagihan Axis Juni,Tagihan Axis Juni
Generate,Tagihan Kos dan Hunian,Bayar Kos Bulanan,Bayar Kos Bulanan
Generate,Tagihan Kos dan Hunian,Tagihan Kos Bulan Ini,Tagihan Kos Bulan Ini
Generate,Tagihan Kos dan Hunian,Pembayaran Kos April,Pembayaran Kos April
Generate,Tagihan Kos dan Hunian,Sewa Kos Bulanan,Sewa Kos Bulanan
Generate,Tagihan Kos dan Hunian,Bayar Kost Bulanan,Bayar Kost Bulanan
Generate,Tagihan Kos dan Hunian,Tagihan Kost Putri,Tagihan Kost Putri
Generate,Tagihan Kos dan Hunian,Tagihan Kost Putra,Tagihan Kost Putra
Generate,Tagihan Kos dan Hunian,Bayar Kontrakan Bulanan,Bayar Kontrakan Bulanan
Generate,Tagihan Kos dan Hunian,Pembayaran Kontrakan April,Pembayaran Kontrakan April
Generate,Tagihan Kos dan Hunian,Sewa Rumah Bulanan,Sewa Rumah Bulanan
Generate,Tagihan Kos dan Hunian,Tagihan Sewa Rumah,Tagihan Sewa Rumah
Generate,Tagihan Kos dan Hunian,Bayar Apartemen Bulanan,Bayar Apartemen Bulanan
Generate,Tagihan Kos dan Hunian,Pembayaran Apartemen Mei,Pembayaran Apartemen Mei
Generate,Tagihan Kos dan Hunian,Tagihan Apartemen Bulanan,Tagihan Apartemen Bulanan
Generate,Tagihan Kos dan Hunian,Bayar Indekos Bulanan,Bayar Indekos Bulanan
Generate,Tagihan Kos dan Hunian,Pembayaran Rumah Sewa,Pembayaran Rumah Sewa
Generate,Tagihan Kos dan Hunian,Tagihan Hunian Bulanan,Tagihan Hunian Bulanan
Generate,Tagihan Kos dan Hunian,Bayar Tempat Tinggal,Bayar Tempat Tinggal
Generate,Tagihan Kos dan Hunian,Sewa Kamar Bulanan,Sewa Kamar Bulanan
Generate,Tagihan Kos dan Hunian,Bayar Kamar Kost,Bayar Kamar Kost
Generate,Tagihan Kos dan Hunian,Tagihan Kamar Kost,Tagihan Kamar Kost
Generate,Tagihan Kos dan Hunian,Bayar Kost Gejayan,Bayar Kost Gejayan
Generate,Tagihan Kos dan Hunian,Bayar Kos Seturan,Bayar Kos Seturan
Generate,Tagihan Kos dan Hunian,Bayar Kos Condongcatur,Bayar Kos Condongcatur
Generate,Tagihan Kos dan Hunian,Bayar Kos Pogung,Bayar Kos Pogung
Generate,Tagihan Kos dan Hunian,Bayar Kos Babarsari,Bayar Kos Babarsari
Generate,Tagihan Kos dan Hunian,Tagihan Kos Gejayan,Tagihan Kos Gejayan
Generate,Tagihan Kos dan Hunian,Tagihan Kost Seturan,Tagihan Kost Seturan
Generate,Tagihan Kos dan Hunian,Pembayaran Kost Pogung,Pembayaran Kost Pogung
Generate,Tagihan Kos dan Hunian,Sewa Kos Jogja,Sewa Kos Jogja
Generate,Tagihan Kos dan Hunian,Bayar Kontrakan Sleman,Bayar Kontrakan Sleman
Generate,Tagihan Kos dan Hunian,Tagihan Rumah Bantul,Tagihan Rumah Bantul
Generate,Tagihan Kos dan Hunian,Bayar Kost UGM,Bayar Kost UGM
Generate,Tagihan Kos dan Hunian,Pembayaran Kost Mahasiswa,Pembayaran Kost Mahasiswa
Generate,Tagihan Kos dan Hunian,Tagihan Kost Karyawan,Tagihan Kost Karyawan
Generate,Tagihan Kos dan Hunian,Bayar Kos Campur,Bayar Kos Campur
Generate,Tagihan Kos dan Hunian,Bayar Kost Exclusive,Bayar Kost Exclusive
Generate,Tagihan Kos dan Hunian,Tagihan Kost AC,Tagihan Kost AC
Generate,Tagihan Kos dan Hunian,Tagihan Kost Include Listrik,Tagihan Kost Include Listrik
Generate,Tagihan Kos dan Hunian,Bayar Kost Include Wifi,Bayar Kost Include Wifi
Generate,Tagihan Kos dan Hunian,Bayar Kos Harian,Bayar Kos Harian
Generate,Tagihan Kos dan Hunian,Bayar Kos Mingguan,Bayar Kos Mingguan
Generate,Tagihan Kos dan Hunian,Bayar Kos Bulanan Transfer,Bayar Kos Bulanan Transfer
Generate,Tagihan Kos dan Hunian,Bayar Kost Cash,Bayar Kost Cash
Generate,Tagihan Kos dan Hunian,Bayar Kost via BCA,Bayar Kost via BCA
Generate,Tagihan Kos dan Hunian,Bayar Kost via Mandiri,Bayar Kost via Mandiri
Generate,Tagihan Kos dan Hunian,Bayar Kost via BNI,Bayar Kost via BNI
Generate,Tagihan Kos dan Hunian,Bayar Kost via BRI,Bayar Kost via BRI
Generate,Tagihan Kos dan Hunian,Bayar Kost via Dana,Bayar Kost via Dana
Generate,Tagihan Kos dan Hunian,Bayar Kost via OVO,Bayar Kost via OVO
Generate,Tagihan Kos dan Hunian,Bayar Kost via Gopay,Bayar Kost via Gopay
Generate,Tagihan Kos dan Hunian,Bayar Kost via ShopeePay,Bayar Kost via ShopeePay
Generate,Tagihan Kos dan Hunian,Transfer Sewa Kost,Transfer Sewa Kost
Generate,Tagihan Kos dan Hunian,Transfer Sewa Rumah,Transfer Sewa Rumah
Generate,Tagihan Kos dan Hunian,Transfer Uang Kost,Transfer Uang Kost
Generate,Tagihan Kos dan Hunian,Bayar Uang Kost,Bayar Uang Kost
Generate,Tagihan Kos dan Hunian,Tagihan Uang Kost,Tagihan Uang Kost
Generate,Tagihan Kos dan Hunian,Pembayaran Uang Kos,Pembayaran Uang Kos
Generate,Tagihan Kos dan Hunian,Tagihan Sewa Kamar,Tagihan Sewa Kamar
Generate,Tagihan Kos dan Hunian,Bayar Sewa Kamar Bulanan,Bayar Sewa Kamar Bulanan
Generate,Tagihan Kos dan Hunian,Pembayaran Tempat Tinggal,Pembayaran Tempat Tinggal
Generate,Tagihan Kos dan Hunian,Tagihan Tempat Tinggal,Tagihan Tempat Tinggal
Generate,Tagihan Kos dan Hunian,Bayar Rent Room,Bayar Rent Room
Generate,Tagihan Kos dan Hunian,Monthly Rent Payment,Monthly Rent Payment
Generate,Tagihan Kos dan Hunian,Room Rent April,Room Rent April
Generate,Tagihan Kos dan Hunian,House Rent Payment,House Rent Payment
Generate,Tagihan Kos dan Hunian,Apartment Rent Payment,Apartment Rent Payment
Generate,Tagihan Kos dan Hunian,Boarding House Payment,Boarding House Payment
Generate,Tagihan Kos dan Hunian,Kost Monthly Bill,Kost Monthly Bill
Generate,Tagihan Kos dan Hunian,Kos Monthly Payment,Kos Monthly Payment
Generate,Tagihan Kos dan Hunian,Tagihan Hunian April,Tagihan Hunian April
Generate,Tagihan Kos dan Hunian,Tagihan Hunian Mei,Tagihan Hunian Mei
Generate,Tagihan Kos dan Hunian,Tagihan Hunian Juni,Tagihan Hunian Juni
Generate,Tagihan Kos dan Hunian,Bayar Kost April,Bayar Kost April
Generate,Tagihan Kos dan Hunian,Bayar Kost Mei,Bayar Kost Mei
Generate,Tagihan Kos dan Hunian,Bayar Kost Juni,Bayar Kost Juni
Generate,Tagihan Kos dan Hunian,Bayar Kos Juli,Bayar Kos Juli
Generate,Tagihan Kos dan Hunian,Bayar Kos Agustus,Bayar Kos Agustus
Generate,Tagihan Kos dan Hunian,Bayar Kontrakan Mei,Bayar Kontrakan Mei
Generate,Tagihan Kos dan Hunian,Bayar Kontrakan Juni,Bayar Kontrakan Juni
Generate,Tagihan Kos dan Hunian,Bayar Rumah Juli,Bayar Rumah Juli
Generate,Tagihan Kos dan Hunian,Tagihan Sewa Agustus,Tagihan Sewa Agustus
Generate,Tagihan Kos dan Hunian,Bayar Apartemen Juni,Bayar Apartemen Juni
Generate,Tagihan Kos dan Hunian,Tagihan Apartemen Juli,Tagihan Apartemen Juli
Generate,Tagihan Kos dan Hunian,Pembayaran Apartemen Agustus,Pembayaran Apartemen Agustus
Generate,Tagihan Kos dan Hunian,Bayar Deposit Kost,Bayar Deposit Kost
Generate,Tagihan Kos dan Hunian,Bayar DP Kost,Bayar DP Kost
Generate,Tagihan Kos dan Hunian,Pembayaran Uang Muka Kost,Pembayaran Uang Muka Kost
Generate,Tagihan Kos dan Hunian,Tagihan Maintenance Apartemen,Tagihan Maintenance Apartemen
Generate,Tagihan Kos dan Hunian,Bayar IPL Apartemen,Bayar IPL Apartemen
Generate,Tagihan Kos dan Hunian,Bayar Service Charge Apartemen,Bayar Service Charge Apartemen
Generate,Tagihan Kos dan Hunian,Tagihan Air Kost,Tagihan Air Kost
Generate,Tagihan Kos dan Hunian,Tagihan Listrik Kost,Tagihan Listrik Kost
Generate,Tagihan Kos dan Hunian,Tagihan Wifi Kost,Tagihan Wifi Kost
Generate,Tagihan Kos dan Hunian,Bayar Kost Include Air,Bayar Kost Include Air
Generate,Tagihan Kos dan Hunian,Bayar Kost Include Laundry,Bayar Kost Include Laundry
Generate,Tagihan Kos dan Hunian,Tagihan Kos Harian,Tagihan Kos Harian
Generate,Tagihan Kos dan Hunian,Tagihan Kos Mingguan,Tagihan Kos Mingguan
Generate,Tagihan Kos dan Hunian,Bayar Guest House Bulanan,Bayar Guest House Bulanan
Generate,Tagihan Kos dan Hunian,Pembayaran Sewa Studio,Pembayaran Sewa Studio
Generate,Tagihan Kos dan Hunian,Bayar Sewa Residence,Bayar Sewa Residence
Generate,Tagihan Kos dan Hunian,Tagihan Residence Bulanan,Tagihan Residence Bulanan
Generate,Tagihan Kos dan Hunian,Bayar Co Living Space,Bayar Co Living Space
Generate,Tagihan Kos dan Hunian,Pembayaran Co Living Bulanan,Pembayaran Co Living Bulanan
Generate,Tagihan Kos dan Hunian,Bayar Sewa Ruko Tinggal,Bayar Sewa Ruko Tinggal
Generate,Tagihan Kos dan Hunian,Tagihan Sewa Flat,Tagihan Sewa Flat
Generate,Tagihan Kos dan Hunian,Bayar Flat Bulanan,Bayar Flat Bulanan
Generate,Tagihan Kos dan Hunian,Pembayaran Dormitory,Pembayaran Dormitory
Generate,Tagihan Kos dan Hunian,Tagihan Asrama Bulanan,Tagihan Asrama Bulanan
Generate,Tagihan Kos dan Hunian,Bayar Asrama Mahasiswa,Bayar Asrama Mahasiswa
Generate,Tagihan Kos dan Hunian,Pembayaran Mess Karyawan,Pembayaran Mess Karyawan
Generate,Tagihan Kos dan Hunian,Tagihan Mess Bulanan,Tagihan Mess Bulanan
Generate,Tagihan Kos dan Hunian,Bayar Mess Perusahaan,Bayar Mess Perusahaan
Generate,Tagihan Kos dan Hunian,Tagihan Kamar Bulanan,Tagihan Kamar Bulanan
Generate,Tagihan Kos dan Hunian,Bayar Tempat Kost Putri,Bayar Tempat Kost Putri
Generate,Tagihan Kos dan Hunian,Bayar Tempat Kost Putra,Bayar Tempat Kost Putra
Generate,Tagihan Kos dan Hunian,Pembayaran Kost Exclusive,Pembayaran Kost Exclusive
Generate,Tagihan Kos dan Hunian,Tagihan Kost Premium,Tagihan Kost Premium
Generate,Tagihan Kos dan Hunian,Bayar Kost Full Furnished,Bayar Kost Full Furnished
Generate,Tagihan Kos dan Hunian,Bayar Kost Furnished,Bayar Kost Furnished
Generate,Tagihan Kos dan Hunian,Tagihan Kost Dekat Kampus,Tagihan Kost Dekat Kampus
Generate,Tagihan Kos dan Hunian,Bayar Kost Dekat Kantor,Bayar Kost Dekat Kantor
Generate,Tagihan Kos dan Hunian,Pembayaran Sewa Tahunan,Pembayaran Sewa Tahunan
Generate,Tagihan Kos dan Hunian,Bayar Sewa 6 Bulan,Bayar Sewa 6 Bulan
Generate,Tagihan Kos dan Hunian,Tagihan Perpanjangan Kost,Tagihan Perpanjangan Kost
Generate,Tagihan Kos dan Hunian,Bayar Perpanjang Kontrak Rumah,Bayar Perpanjang Kontrak Rumah
Generate,Tagihan Kos dan Hunian,Pembayaran Renewal Rent,Pembayaran Renewal Rent
Generate,Tagihan Kontrakan,Bayar Kontrakan Bulanan,Bayar Kontrakan Bulanan
Generate,Tagihan Kontrakan,Tagihan Kontrakan Bulan Ini,Tagihan Kontrakan Bulan Ini
Generate,Tagihan Kontrakan,Pembayaran Kontrakan April,Pembayaran Kontrakan April
Generate,Tagihan Kontrakan,Sewa Kontrakan Bulanan,Sewa Kontrakan Bulanan
Generate,Tagihan Kontrakan,Bayar Rumah Kontrakan,Bayar Rumah Kontrakan
Generate,Tagihan Kontrakan,Tagihan Rumah Kontrakan,Tagihan Rumah Kontrakan
Generate,Tagihan Kontrakan,Pembayaran Sewa Kontrakan,Pembayaran Sewa Kontrakan
Generate,Tagihan Kontrakan,Bayar Kontrak Rumah,Bayar Kontrak Rumah
Generate,Tagihan Kontrakan,Tagihan Kontrak Rumah,Tagihan Kontrak Rumah
Generate,Tagihan Kontrakan,Bayar Rumah Sewa Bulanan,Bayar Rumah Sewa Bulanan
Generate,Tagihan Kontrakan,Pembayaran Rumah Sewa,Pembayaran Rumah Sewa
Generate,Tagihan Kontrakan,Tagihan Hunian Kontrakan,Tagihan Hunian Kontrakan
Generate,Tagihan Kontrakan,Bayar Tempat Tinggal Kontrakan,Bayar Tempat Tinggal Kontrakan
Generate,Tagihan Kontrakan,Sewa Rumah Per Bulan,Sewa Rumah Per Bulan
Generate,Tagihan Kontrakan,Bayar Kontrakan Tahunan,Bayar Kontrakan Tahunan
Generate,Tagihan Kontrakan,Pembayaran Kontrakan 6 Bulan,Pembayaran Kontrakan 6 Bulan
Generate,Tagihan Kontrakan,Tagihan Kontrakan Mei,Tagihan Kontrakan Mei
Generate,Tagihan Kontrakan,Tagihan Kontrakan Juni,Tagihan Kontrakan Juni
Generate,Tagihan Kontrakan,Tagihan Kontrakan Juli,Tagihan Kontrakan Juli
Generate,Tagihan Kontrakan,Bayar Kontrakan Agustus,Bayar Kontrakan Agustus
Generate,Tagihan Kontrakan,Bayar Kontrakan September,Bayar Kontrakan September
Generate,Tagihan Kontrakan,Transfer Kontrakan Bulanan,Transfer Kontrakan Bulanan
Generate,Tagihan Kontrakan,Transfer Sewa Rumah,Transfer Sewa Rumah
Generate,Tagihan Kontrakan,Transfer Uang Kontrakan,Transfer Uang Kontrakan
Generate,Tagihan Kontrakan,Bayar Uang Kontrakan,Bayar Uang Kontrakan
Generate,Tagihan Kontrakan,Tagihan Uang Kontrakan,Tagihan Uang Kontrakan
Generate,Tagihan Kontrakan,Pembayaran Kontrakan via BCA,Pembayaran Kontrakan via BCA
Generate,Tagihan Kontrakan,Pembayaran Kontrakan via Mandiri,Pembayaran Kontrakan via Mandiri
Generate,Tagihan Kontrakan,Pembayaran Kontrakan via BNI,Pembayaran Kontrakan via BNI
Generate,Tagihan Kontrakan,Pembayaran Kontrakan via BRI,Pembayaran Kontrakan via BRI
Generate,Tagihan Kontrakan,Pembayaran Kontrakan via Dana,Pembayaran Kontrakan via Dana
Generate,Tagihan Kontrakan,Pembayaran Kontrakan via OVO,Pembayaran Kontrakan via OVO
Generate,Tagihan Kontrakan,Pembayaran Kontrakan via Gopay,Pembayaran Kontrakan via Gopay
Generate,Tagihan Kontrakan,Pembayaran Kontrakan via ShopeePay,Pembayaran Kontrakan via ShopeePay
Generate,Tagihan Kontrakan,Bayar Kontrakan Sleman,Bayar Kontrakan Sleman
Generate,Tagihan Kontrakan,Bayar Kontrakan Bantul,Bayar Kontrakan Bantul
Generate,Tagihan Kontrakan,Bayar Kontrakan Jogja,Bayar Kontrakan Jogja
Generate,Tagihan Kontrakan,Bayar Kontrakan Jakarta,Bayar Kontrakan Jakarta
Generate,Tagihan Kontrakan,Bayar Kontrakan Bekasi,Bayar Kontrakan Bekasi
Generate,Tagihan Kontrakan,Bayar Kontrakan Depok,Bayar Kontrakan Depok
Generate,Tagihan Kontrakan,Bayar Kontrakan Tangerang,Bayar Kontrakan Tangerang
Generate,Tagihan Kontrakan,Bayar Kontrakan Bandung,Bayar Kontrakan Bandung
Generate,Tagihan Kontrakan,Tagihan Rumah Sewa Sleman,Tagihan Rumah Sewa Sleman
Generate,Tagihan Kontrakan,Tagihan Rumah Sewa Jogja,Tagihan Rumah Sewa Jogja
Generate,Tagihan Kontrakan,Bayar Kontrakan Keluarga,Bayar Kontrakan Keluarga
Generate,Tagihan Kontrakan,Bayar Kontrakan Petakan,Bayar Kontrakan Petakan
Generate,Tagihan Kontrakan,Bayar Kontrakan Cluster,Bayar Kontrakan Cluster
Generate,Tagihan Kontrakan,Bayar Kontrakan Perumahan,Bayar Kontrakan Perumahan
Generate,Tagihan Kontrakan,Tagihan Rumah Petak,Tagihan Rumah Petak
Generate,Tagihan Kontrakan,Bayar Rumah Petakan,Bayar Rumah Petakan
Generate,Tagihan Kontrakan,Pembayaran Rumah Petak,Pembayaran Rumah Petak
Generate,Tagihan Kontrakan,Bayar Kontrakan 2 Kamar,Bayar Kontrakan 2 Kamar
Generate,Tagihan Kontrakan,Bayar Kontrakan 3 Kamar,Bayar Kontrakan 3 Kamar
Generate,Tagihan Kontrakan,Bayar Kontrakan Furnished,Bayar Kontrakan Furnished
Generate,Tagihan Kontrakan,Bayar Kontrakan Semi Furnished,Bayar Kontrakan Semi Furnished
Generate,Tagihan Kontrakan,Bayar Kontrakan Kosong,Bayar Kontrakan Kosong
Generate,Tagihan Kontrakan,Tagihan Kontrakan Include Air,Tagihan Kontrakan Include Air
Generate,Tagihan Kontrakan,Tagihan Kontrakan Include Listrik,Tagihan Kontrakan Include Listrik
Generate,Tagihan Kontrakan,Bayar Kontrakan Include Wifi,Bayar Kontrakan Include Wifi
Generate,Tagihan Kontrakan,Bayar Kontrakan Full Furnished,Bayar Kontrakan Full Furnished
Generate,Tagihan Kontrakan,Tagihan Perpanjangan Kontrak,Tagihan Perpanjangan Kontrak
Generate,Tagihan Kontrakan,Bayar Perpanjang Kontrakan,Bayar Perpanjang Kontrakan
Generate,Tagihan Kontrakan,Renewal Kontrakan,Renewal Kontrakan
Generate,Tagihan Kontrakan,Bayar Deposit Kontrakan,Bayar Deposit Kontrakan
Generate,Tagihan Kontrakan,Bayar DP Kontrakan,Bayar DP Kontrakan
Generate,Tagihan Kontrakan,Pembayaran Uang Muka Kontrakan,Pembayaran Uang Muka Kontrakan
Generate,Tagihan Kontrakan,Tagihan Maintenance Rumah Sewa,Tagihan Maintenance Rumah Sewa
Generate,Tagihan Kontrakan,Bayar IPL Rumah Sewa,Bayar IPL Rumah Sewa
Generate,Tagihan Kontrakan,Bayar Security Deposit Rumah,Bayar Security Deposit Rumah
Generate,Tagihan Kontrakan,House Rent Payment,House Rent Payment
Generate,Tagihan Kontrakan,Monthly House Rent,Monthly House Rent
Generate,Tagihan Kontrakan,Rental House Payment,Rental House Payment
Generate,Tagihan Kontrakan,Rent Payment April,Rent Payment April
Generate,Tagihan Kontrakan,Home Lease Payment,Home Lease Payment
Generate,Tagihan Kontrakan,Property Rent Monthly,Property Rent Monthly
Generate,Tagihan Kontrakan,Bayar Sewa Rumah Tahunan,Bayar Sewa Rumah Tahunan
Generate,Tagihan Kontrakan,Pembayaran Sewa Rumah Semester,Pembayaran Sewa Rumah Semester
Generate,Tagihan Kontrakan,Tagihan Hunian Bulanan,Tagihan Hunian Bulanan
Generate,Tagihan Kontrakan,Bayar Tempat Tinggal Bulanan,Bayar Tempat Tinggal Bulanan
Generate,Tagihan Kontrakan,Bayar Rumah Kontrak Kampung,Bayar Rumah Kontrak Kampung
Generate,Tagihan Kontrakan,Bayar Rumah Kontrak Kota,Bayar Rumah Kontrak Kota
Generate,Tagihan Kontrakan,Pembayaran Kontrakan Dekat Kampus,Pembayaran Kontrakan Dekat Kampus
Generate,Tagihan Kontrakan,Pembayaran Kontrakan Dekat Kantor,Pembayaran Kontrakan Dekat Kantor
Generate,Tagihan Kontrakan,Bayar Kontrakan Mahasiswa,Bayar Kontrakan Mahasiswa
Generate,Tagihan Kontrakan,Bayar Kontrakan Karyawan,Bayar Kontrakan Karyawan
Generate,Tagihan Kontrakan,Tagihan Kontrakan Premium,Tagihan Kontrakan Premium
Generate,Tagihan Kontrakan,Bayar Kontrakan Murah,Bayar Kontrakan Murah
Generate,Tagihan Kontrakan,Pembayaran Rumah Sewa Cash,Pembayaran Rumah Sewa Cash
Generate,Tagihan Kontrakan,Pembayaran Rumah Sewa Transfer,Pembayaran Rumah Sewa Transfer
Generate,Tagihan Kontrakan,Bayar Kontrakan Otodebet,Bayar Kontrakan Otodebet
Generate,Tagihan Kontrakan,Tagihan Sewa Rumah Oktober,Tagihan Sewa Rumah Oktober
Generate,Tagihan Kontrakan,Tagihan Sewa Rumah November,Tagihan Sewa Rumah November
Generate,Tagihan Kontrakan,Tagihan Sewa Rumah Desember,Tagihan Sewa Rumah Desember
Generate,Tagihan Kontrakan,Bayar Kontrakan Januari,Bayar Kontrakan Januari
Generate,Tagihan Kontrakan,Bayar Kontrakan Februari,Bayar Kontrakan Februari
Generate,Tagihan Kontrakan,Bayar Kontrakan Maret,Bayar Kontrakan Maret
Generate,Cicilan,Bayar Cicilan Motor,Bayar Cicilan Motor
Generate,Cicilan,Bayar Cicilan Mobil,Bayar Cicilan Mobil
Generate,Cicilan,Bayar Cicilan Rumah,Bayar Cicilan Rumah
Generate,Cicilan,Bayar Cicilan KPR,Bayar Cicilan KPR
Generate,Cicilan,Bayar Cicilan Kredit Rumah,Bayar Cicilan Kredit Rumah
Generate,Cicilan,Bayar Cicilan Kredit Mobil,Bayar Cicilan Kredit Mobil
Generate,Cicilan,Bayar Cicilan Kredit Motor,Bayar Cicilan Kredit Motor
Generate,Cicilan,Tagihan Cicilan Motor,Tagihan Cicilan Motor
Generate,Cicilan,Tagihan Cicilan Mobil,Tagihan Cicilan Mobil
Generate,Cicilan,Tagihan Cicilan Rumah,Tagihan Cicilan Rumah
Generate,Cicilan,Pembayaran Cicilan Motor,Pembayaran Cicilan Motor
Generate,Cicilan,Pembayaran Cicilan Mobil,Pembayaran Cicilan Mobil
Generate,Cicilan,Pembayaran Cicilan Rumah,Pembayaran Cicilan Rumah
Generate,Cicilan,Autodebet Cicilan Motor,Autodebet Cicilan Motor
Generate,Cicilan,Autodebet Cicilan Mobil,Autodebet Cicilan Mobil
Generate,Cicilan,Autodebet KPR Bulanan,Autodebet KPR Bulanan
Generate,Cicilan,Cicilan Motor Bulanan,Cicilan Motor Bulanan
Generate,Cicilan,Cicilan Mobil Bulanan,Cicilan Mobil Bulanan
Generate,Cicilan,Cicilan Rumah Bulanan,Cicilan Rumah Bulanan
Generate,Cicilan,KPR Bulanan,KPR Bulanan
Generate,Cicilan,Bayar KPR BCA,Bayar KPR BCA
Generate,Cicilan,Bayar KPR BTN,Bayar KPR BTN
Generate,Cicilan,Bayar KPR Mandiri,Bayar KPR Mandiri
Generate,Cicilan,Bayar KPR BNI,Bayar KPR BNI
Generate,Cicilan,Bayar KPR BRI,Bayar KPR BRI
Generate,Cicilan,Pembayaran KPR BTN,Pembayaran KPR BTN
Generate,Cicilan,Pembayaran KPR BCA,Pembayaran KPR BCA
Generate,Cicilan,Tagihan KPR Mandiri,Tagihan KPR Mandiri
Generate,Cicilan,Tagihan KPR BNI,Tagihan KPR BNI
Generate,Cicilan,Tagihan KPR BRI,Tagihan KPR BRI
Generate,Cicilan,Bayar Leasing FIF,Bayar Leasing FIF
Generate,Cicilan,Bayar Leasing Adira,Bayar Leasing Adira
Generate,Cicilan,Bayar Leasing OTO,Bayar Leasing OTO
Generate,Cicilan,Bayar Leasing BAF,Bayar Leasing BAF
Generate,Cicilan,Bayar Leasing WOM,Bayar Leasing WOM
Generate,Cicilan,Tagihan FIF Motor,Tagihan FIF Motor
Generate,Cicilan,Tagihan Adira Finance,Tagihan Adira Finance
Generate,Cicilan,Tagihan OTO Finance,Tagihan OTO Finance
Generate,Cicilan,Tagihan BAF Motor,Tagihan BAF Motor
Generate,Cicilan,Tagihan WOM Finance,Tagihan WOM Finance
Generate,Cicilan,Pembayaran FIF,Pembayaran FIF
Generate,Cicilan,Pembayaran Adira,Pembayaran Adira
Generate,Cicilan,Pembayaran OTO,Pembayaran OTO
Generate,Cicilan,Pembayaran BAF,Pembayaran BAF
Generate,Cicilan,Pembayaran WOM,Pembayaran WOM
Generate,Cicilan,Bayar Kredit Motor Honda,Bayar Kredit Motor Honda
Generate,Cicilan,Bayar Kredit Motor Yamaha,Bayar Kredit Motor Yamaha
Generate,Cicilan,Bayar Kredit Motor Suzuki,Bayar Kredit Motor Suzuki
Generate,Cicilan,Bayar Kredit Mobil Toyota,Bayar Kredit Mobil Toyota
Generate,Cicilan,Bayar Kredit Mobil Daihatsu,Bayar Kredit Mobil Daihatsu
Generate,Cicilan,Bayar Kredit Mobil Honda,Bayar Kredit Mobil Honda
Generate,Cicilan,Bayar Kredit Mobil Mitsubishi,Bayar Kredit Mobil Mitsubishi
Generate,Cicilan,Cicilan Toyota Avanza,Cicilan Toyota Avanza
Generate,Cicilan,Cicilan Honda Brio,Cicilan Honda Brio
Generate,Cicilan,Cicilan Daihatsu Sigra,Cicilan Daihatsu Sigra
Generate,Cicilan,Cicilan Honda Beat,Cicilan Honda Beat
Generate,Cicilan,Cicilan Yamaha Nmax,Cicilan Yamaha Nmax
Generate,Cicilan,Cicilan Vario Bulanan,Cicilan Vario Bulanan
Generate,Cicilan,Bayar Kredivo,Bayar Kredivo
Generate,Cicilan,Tagihan Kredivo,Tagihan Kredivo
Generate,Cicilan,Pembayaran Kredivo,Pembayaran Kredivo
Generate,Cicilan,Kredivo Bulanan,Kredivo Bulanan
Generate,Cicilan,Autodebet Kredivo,Autodebet Kredivo
Generate,Cicilan,Bayar Akulaku,Bayar Akulaku
Generate,Cicilan,Tagihan Akulaku,Tagihan Akulaku
Generate,Cicilan,Pembayaran Akulaku,Pembayaran Akulaku
Generate,Cicilan,Akulaku Bulanan,Akulaku Bulanan
Generate,Cicilan,Autodebet Akulaku,Autodebet Akulaku
Generate,Cicilan,Bayar Home Credit,Bayar Home Credit
Generate,Cicilan,Tagihan Home Credit,Tagihan Home Credit
Generate,Cicilan,Pembayaran Home Credit,Pembayaran Home Credit
Generate,Cicilan,Home Credit Bulanan,Home Credit Bulanan
Generate,Cicilan,Autodebet Home Credit,Autodebet Home Credit
Generate,Cicilan,Bayar SPayLater,Bayar SPayLater
Generate,Cicilan,Tagihan SPayLater,Tagihan SPayLater
Generate,Cicilan,Pembayaran SPayLater,Pembayaran SPayLater
Generate,Cicilan,SPayLater Bulanan,SPayLater Bulanan
Generate,Cicilan,Autodebet SPayLater,Autodebet SPayLater
Generate,Cicilan,Bayar GoPayLater,Bayar GoPayLater
Generate,Cicilan,Tagihan GoPayLater,Tagihan GoPayLater
Generate,Cicilan,Pembayaran GoPayLater,Pembayaran GoPayLater
Generate,Cicilan,GoPayLater Bulanan,GoPayLater Bulanan
Generate,Cicilan,Bayar OVO PayLater,Bayar OVO PayLater
Generate,Cicilan,Tagihan OVO PayLater,Tagihan OVO PayLater
Generate,Cicilan,Pembayaran OVO PayLater,Pembayaran OVO PayLater
Generate,Cicilan,OVO PayLater Bulanan,OVO PayLater Bulanan
Generate,Cicilan,Bayar Traveloka PayLater,Bayar Traveloka PayLater
Generate,Cicilan,Tagihan Traveloka PayLater,Tagihan Traveloka PayLater
Generate,Cicilan,Traveloka PayLater Bulanan,Traveloka PayLater Bulanan
Generate,Cicilan,Bayar Kredit HP,Bayar Kredit HP
Generate,Cicilan,Bayar Cicilan Laptop,Bayar Cicilan Laptop
Generate,Cicilan,Bayar Kredit Elektronik,Bayar Kredit Elektronik
Generate,Cicilan,Tagihan Kredit TV,Tagihan Kredit TV
Generate,Cicilan,Pembayaran Kredit Kulkas,Pembayaran Kredit Kulkas
Generate,Cicilan,Bayar Kredit AC,Bayar Kredit AC
Generate,Cicilan,Bayar Kredit Mesin Cuci,Bayar Kredit Mesin Cuci
Generate,Cicilan,Bayar Kredit iPhone,Bayar Kredit iPhone
Generate,Cicilan,Bayar Kredit Samsung,Bayar Kredit Samsung
Generate,Cicilan,Bayar Kredit Oppo,Bayar Kredit Oppo
Generate,Cicilan,Bayar Kredit Vivo,Bayar Kredit Vivo
Generate,Cicilan,Bayar Kredit Xiaomi,Bayar Kredit Xiaomi
Generate,Cicilan,Tagihan Kredit Gadget,Tagihan Kredit Gadget
Generate,Cicilan,Cicilan HP Bulanan,Cicilan HP Bulanan
Generate,Cicilan,Cicilan Laptop Bulanan,Cicilan Laptop Bulanan
Generate,Cicilan,Cicilan Elektronik Bulanan,Cicilan Elektronik Bulanan
Generate,Cicilan,Bayar Pinjaman Tunaiku,Bayar Pinjaman Tunaiku
Generate,Cicilan,Tagihan Tunaiku,Tagihan Tunaiku
Generate,Cicilan,Bayar Pinjaman Kredit Pintar,Bayar Pinjaman Kredit Pintar
Generate,Cicilan,Tagihan Kredit Pintar,Tagihan Kredit Pintar
Generate,Cicilan,Bayar Pinjaman Danafix,Bayar Pinjaman Danafix
Generate,Cicilan,Tagihan Danafix,Tagihan Danafix
Generate,Cicilan,Bayar Pinjaman Easycash,Bayar Pinjaman Easycash
Generate,Cicilan,Tagihan Easycash,Tagihan Easycash
Generate,Cicilan,Pembayaran Pinjaman Online,Pembayaran Pinjaman Online
Generate,Cicilan,Cicilan Pinjaman Bulanan,Cicilan Pinjaman Bulanan
Generate,Cicilan,Bayar Angsuran Motor,Bayar Angsuran Motor
Generate,Cicilan,Bayar Angsuran Mobil,Bayar Angsuran Mobil
Generate,Cicilan,Bayar Angsuran Rumah,Bayar Angsuran Rumah
Generate,Cicilan,Angsuran Bulanan FIF,Angsuran Bulanan FIF
Generate,Cicilan,Angsuran Adira,Angsuran Adira
Generate,Cicilan,Angsuran OTO Finance,Angsuran OTO Finance
Generate,Cicilan,Angsuran Kredivo,Angsuran Kredivo
Generate,Cicilan,Angsuran Akulaku,Angsuran Akulaku
Generate,Cicilan,Angsuran Home Credit,Angsuran Home Credit
Generate,Cicilan,Bayar Termin Rumah,Bayar Termin Rumah
Generate,Cicilan,Pembayaran DP Mobil,Pembayaran DP Mobil
Generate,Cicilan,Pembayaran DP Motor,Pembayaran DP Motor
Generate,Cicilan,Bayar Uang Muka Kredit,Bayar Uang Muka Kredit
Generate,Cicilan,Tagihan Lease Mobil,Tagihan Lease Mobil
Generate,Cicilan,Lease Payment Car,Lease Payment Car
Generate,Cicilan,Monthly Installment,Monthly Installment
Generate,Cicilan,Loan Payment Monthly,Loan Payment Monthly
Generate,Cicilan,Car Loan Payment,Car Loan Payment
Generate,Cicilan,Motorcycle Installment,Motorcycle Installment
Generate,Cicilan,Mortgage Payment,Mortgage Payment
Generate,Cicilan,Housing Loan Payment,Housing Loan Payment
Generate,Cicilan,Bayar Cicilan Januari,Bayar Cicilan Januari
Generate,Cicilan,Bayar Cicilan Februari,Bayar Cicilan Februari
Generate,Cicilan,Bayar Cicilan Maret,Bayar Cicilan Maret
Generate,Cicilan,Bayar Cicilan April,Bayar Cicilan April
Generate,Cicilan,Bayar Cicilan Mei,Bayar Cicilan Mei
Generate,Cicilan,Bayar Cicilan Juni,Bayar Cicilan Juni
Generate,Cicilan,Bayar Cicilan Juli,Bayar Cicilan Juli
Generate,Cicilan,Bayar Cicilan Agustus,Bayar Cicilan Agustus
Generate,Cicilan,Bayar Cicilan September,Bayar Cicilan September
Generate,Cicilan,Bayar Cicilan Oktober,Bayar Cicilan Oktober
Generate,Cicilan,Bayar Cicilan November,Bayar Cicilan November
Generate,Cicilan,Bayar Cicilan Desember,Bayar Cicilan Desember
Generate,Cicilan,Transfer Cicilan Motor,Transfer Cicilan Motor
Generate,Cicilan,Transfer Cicilan Mobil,Transfer Cicilan Mobil
Generate,Cicilan,Transfer Cicilan Rumah,Transfer Cicilan Rumah
Generate,Cicilan,Bayar Cicilan via BCA,Bayar Cicilan via BCA
Generate,Cicilan,Bayar Cicilan via Mandiri,Bayar Cicilan via Mandiri
Generate,Cicilan,Bayar Cicilan via BNI,Bayar Cicilan via BNI
Generate,Cicilan,Bayar Cicilan via BRI,Bayar Cicilan via BRI
Generate,Cicilan,Bayar Cicilan via Dana,Bayar Cicilan via Dana
Generate,Cicilan,Bayar Cicilan via OVO,Bayar Cicilan via OVO
Generate,Cicilan,Bayar Cicilan via Gopay,Bayar Cicilan via Gopay
Generate,Cicilan,Bayar Cicilan via ShopeePay,Bayar Cicilan via ShopeePay
Generate,Cicilan,Virtual Account Kredivo,Virtual Account Kredivo
Generate,Cicilan,Virtual Account Akulaku,Virtual Account Akulaku
Generate,Cicilan,Virtual Account FIF,Virtual Account FIF
Generate,Cicilan,Virtual Account Adira,Virtual Account Adira
Generate,Cicilan,Virtual Account Home Credit,Virtual Account Home Credit
Generate,Pajak,Bayar Pajak Motor,Bayar Pajak Motor
Generate,Pajak,Bayar Pajak Mobil,Bayar Pajak Mobil
Generate,Pajak,Bayar Pajak Kendaraan,Bayar Pajak Kendaraan
Generate,Pajak,Pembayaran Pajak Motor,Pembayaran Pajak Motor
Generate,Pajak,Pembayaran Pajak Mobil,Pembayaran Pajak Mobil
Generate,Pajak,Tagihan Pajak Kendaraan,Tagihan Pajak Kendaraan
Generate,Pajak,Bayar PKB Motor,Bayar PKB Motor
Generate,Pajak,Bayar PKB Mobil,Bayar PKB Mobil
Generate,Pajak,Pembayaran PKB Tahunan,Pembayaran PKB Tahunan
Generate,Pajak,Tagihan PKB Kendaraan,Tagihan PKB Kendaraan
Generate,Pajak,Bayar STNK Tahunan,Bayar STNK Tahunan
Generate,Pajak,Perpanjang STNK,Perpanjang STNK
Generate,Pajak,Pembayaran Perpanjang STNK,Pembayaran Perpanjang STNK
Generate,Pajak,Tagihan STNK Motor,Tagihan STNK Motor
Generate,Pajak,Tagihan STNK Mobil,Tagihan STNK Mobil
Generate,Pajak,Bayar SWDKLLJ,Bayar SWDKLLJ
Generate,Pajak,Pembayaran SWDKLLJ,Pembayaran SWDKLLJ
Generate,Pajak,Tagihan SWDKLLJ Motor,Tagihan SWDKLLJ Motor
Generate,Pajak,Tagihan SWDKLLJ Mobil,Tagihan SWDKLLJ Mobil
Generate,Pajak,Bayar Samsat Online,Bayar Samsat Online
Generate,Pajak,Pembayaran Samsat Nasional,Pembayaran Samsat Nasional
Generate,Pajak,Bayar E-Samsat,Bayar E-Samsat
Generate,Pajak,Tagihan E-Samsat,Tagihan E-Samsat
Generate,Pajak,Bayar Pajak Motor Honda,Bayar Pajak Motor Honda
Generate,Pajak,Bayar Pajak Motor Yamaha,Bayar Pajak Motor Yamaha
Generate,Pajak,Bayar Pajak Motor Suzuki,Bayar Pajak Motor Suzuki
Generate,Pajak,Bayar Pajak Mobil Toyota,Bayar Pajak Mobil Toyota
Generate,Pajak,Bayar Pajak Mobil Honda,Bayar Pajak Mobil Honda
Generate,Pajak,Bayar Pajak Mobil Daihatsu,Bayar Pajak Mobil Daihatsu
Generate,Pajak,Bayar Pajak Mobil Mitsubishi,Bayar Pajak Mobil Mitsubishi
Generate,Pajak,Pajak Beat Tahunan,Pajak Beat Tahunan
Generate,Pajak,Pajak Nmax Tahunan,Pajak Nmax Tahunan
Generate,Pajak,Pajak Vario Tahunan,Pajak Vario Tahunan
Generate,Pajak,Pajak Avanza Tahunan,Pajak Avanza Tahunan
Generate,Pajak,Pajak Brio Tahunan,Pajak Brio Tahunan
Generate,Pajak,Pajak Xenia Tahunan,Pajak Xenia Tahunan
Generate,Pajak,Bayar Pajak Kendaraan Januari,Bayar Pajak Kendaraan Januari
Generate,Pajak,Bayar Pajak Kendaraan Februari,Bayar Pajak Kendaraan Februari
Generate,Pajak,Bayar Pajak Kendaraan Maret,Bayar Pajak Kendaraan Maret
Generate,Pajak,Bayar Pajak Kendaraan April,Bayar Pajak Kendaraan April
Generate,Pajak,Bayar Pajak Kendaraan Mei,Bayar Pajak Kendaraan Mei
Generate,Pajak,Bayar Pajak Kendaraan Juni,Bayar Pajak Kendaraan Juni
Generate,Pajak,Bayar Pajak Kendaraan Juli,Bayar Pajak Kendaraan Juli
Generate,Pajak,Bayar Pajak Kendaraan Agustus,Bayar Pajak Kendaraan Agustus
Generate,Pajak,Bayar Pajak Kendaraan September,Bayar Pajak Kendaraan September
Generate,Pajak,Bayar Pajak Kendaraan Oktober,Bayar Pajak Kendaraan Oktober
Generate,Pajak,Bayar Pajak Kendaraan November,Bayar Pajak Kendaraan November
Generate,Pajak,Bayar Pajak Kendaraan Desember,Bayar Pajak Kendaraan Desember
Generate,Pajak,Bayar PBB,Bayar PBB
Generate,Pajak,Pembayaran PBB,Pembayaran PBB
Generate,Pajak,Tagihan PBB Rumah,Tagihan PBB Rumah
Generate,Pajak,Tagihan PBB Tanah,Tagihan PBB Tanah
Generate,Pajak,Bayar Pajak Bumi Bangunan,Bayar Pajak Bumi Bangunan
Generate,Pajak,Pembayaran Pajak Properti,Pembayaran Pajak Properti
Generate,Pajak,Bayar PBB Sleman,Bayar PBB Sleman
Generate,Pajak,Bayar PBB Bantul,Bayar PBB Bantul
Generate,Pajak,Bayar PBB Jogja,Bayar PBB Jogja
Generate,Pajak,Bayar PBB Jakarta,Bayar PBB Jakarta
Generate,Pajak,Bayar PBB Bandung,Bayar PBB Bandung
Generate,Pajak,Bayar PBB Surabaya,Bayar PBB Surabaya
Generate,Pajak,PBB Tahunan Rumah,PBB Tahunan Rumah
Generate,Pajak,PBB Tahunan Tanah,PBB Tahunan Tanah
Generate,Pajak,Tagihan Pajak Rumah,Tagihan Pajak Rumah
Generate,Pajak,Bayar Pajak Rumah,Bayar Pajak Rumah
Generate,Pajak,Bayar Pajak Ruko,Bayar Pajak Ruko
Generate,Pajak,Pembayaran Pajak Ruko,Pembayaran Pajak Ruko
Generate,Pajak,Bayar Pajak Apartemen,Bayar Pajak Apartemen
Generate,Pajak,Tagihan Pajak Apartemen,Tagihan Pajak Apartemen
Generate,Pajak,Bayar NPWP,Bayar NPWP
Generate,Pajak,Pembayaran Pajak Pribadi,Pembayaran Pajak Pribadi
Generate,Pajak,Tagihan Pajak Penghasilan,Tagihan Pajak Penghasilan
Generate,Pajak,Bayar PPh 21,Bayar PPh 21
Generate,Pajak,Bayar PPh Final,Bayar PPh Final
Generate,Pajak,Pembayaran Pajak Online,Pembayaran Pajak Online
Generate,Pajak,Tagihan DJP Online,Tagihan DJP Online
Generate,Pajak,Bayar eBilling Pajak,Bayar eBilling Pajak
Generate,Pajak,Pembayaran Billing Pajak,Pembayaran Billing Pajak
Generate,Pajak,Bayar Pajak UMKM,Bayar Pajak UMKM
Generate,Pajak,Tagihan Pajak Usaha,Tagihan Pajak Usaha
Generate,Pajak,Bayar Pajak Toko,Bayar Pajak Toko
Generate,Pajak,Pembayaran Pajak Dagang,Pembayaran Pajak Dagang
Generate,Pajak,Bayar Pajak Restoran,Bayar Pajak Restoran
Generate,Pajak,Bayar Pajak Hotel,Bayar Pajak Hotel
Generate,Pajak,Bayar Pajak Reklame,Bayar Pajak Reklame
Generate,Pajak,Bayar Bea Balik Nama,Bayar Bea Balik Nama
Generate,Pajak,Pembayaran BBNKB,Pembayaran BBNKB
Generate,Pajak,Tagihan BBNKB Mobil,Tagihan BBNKB Mobil
Generate,Pajak,Tagihan BBNKB Motor,Tagihan BBNKB Motor
Generate,Pajak,Bayar Balik Nama Motor,Bayar Balik Nama Motor
Generate,Pajak,Bayar Balik Nama Mobil,Bayar Balik Nama Mobil
Generate,Pajak,Bayar Retribusi Sampah,Bayar Retribusi Sampah
Generate,Pajak,Tagihan Retribusi Kebersihan,Tagihan Retribusi Kebersihan
Generate,Pajak,Pembayaran Iuran Sampah,Pembayaran Iuran Sampah
Generate,Pajak,Bayar Retribusi Parkir,Bayar Retribusi Parkir
Generate,Pajak,Tagihan Pajak Parkir,Tagihan Pajak Parkir
Generate,Pajak,Bayar Pajak Air Tanah,Bayar Pajak Air Tanah
Generate,Pajak,Pembayaran Pajak Daerah,Pembayaran Pajak Daerah
Generate,Pajak,Tagihan Pajak Daerah,Tagihan Pajak Daerah
Generate,Pajak,Bayar Pajak Tahunan,Bayar Pajak Tahunan
Generate,Pajak,Pembayaran Pajak Bulanan,Pembayaran Pajak Bulanan
Generate,Pajak,Tagihan Pajak Bulan Ini,Tagihan Pajak Bulan Ini
Generate,Pajak,Bayar Pajak via BCA,Bayar Pajak via BCA
Generate,Pajak,Bayar Pajak via Mandiri,Bayar Pajak via Mandiri
Generate,Pajak,Bayar Pajak via BNI,Bayar Pajak via BNI
Generate,Pajak,Bayar Pajak via BRI,Bayar Pajak via BRI
Generate,Pajak,Bayar Pajak via Dana,Bayar Pajak via Dana
Generate,Pajak,Bayar Pajak via OVO,Bayar Pajak via OVO
Generate,Pajak,Bayar Pajak via Gopay,Bayar Pajak via Gopay
Generate,Pajak,Bayar Pajak via ShopeePay,Bayar Pajak via ShopeePay
Generate,Pajak,Transfer Pajak Kendaraan,Transfer Pajak Kendaraan
Generate,Pajak,Transfer Pajak Properti,Transfer Pajak Properti
Generate,Pajak,Transfer Pajak Tahunan,Transfer Pajak Tahunan
Generate,Pajak,Tax Payment Vehicle,Tax Payment Vehicle
Generate,Pajak,Property Tax Payment,Property Tax Payment
Generate,Pajak,Annual Vehicle Tax,Annual Vehicle Tax
Generate,Pajak,Motorcycle Tax Payment,Motorcycle Tax Payment
Generate,Pajak,Car Tax Payment,Car Tax Payment
Generate,Pajak,House Tax Payment,House Tax Payment
Generate,Pajak,Land Tax Payment,Land Tax Payment
Generate,Pajak,Income Tax Payment,Income Tax Payment
Generate,Pajak,Online Tax Payment,Online Tax Payment
Generate,Pajak,Bayar Pajak Plat AB,Bayar Pajak Plat AB
Generate,Pajak,Bayar Pajak Plat B,Bayar Pajak Plat B
Generate,Pajak,Bayar Pajak Plat D,Bayar Pajak Plat D
Generate,Pajak,Bayar Pajak Plat L,Bayar Pajak Plat L
Generate,Pajak,Bayar Pajak Plat N,Bayar Pajak Plat N
Generate,Pajak,Bayar Pajak Telat,Bayar Pajak Telat
Generate,Pajak,Denda Pajak Motor,Denda Pajak Motor
Generate,Pajak,Denda Pajak Mobil,Denda Pajak Mobil
Generate,Pajak,Pembayaran Denda Pajak,Pembayaran Denda Pajak
Generate,Pajak,Tagihan Pajak + Denda,Tagihan Pajak + Denda
Generate,Pajak,Bayar Pajak Lima Tahunan,Bayar Pajak Lima Tahunan
Generate,Pajak,Perpanjang Plat Nomor,Perpanjang Plat Nomor
Generate,Pajak,Ganti Plat Kendaraan,Ganti Plat Kendaraan
Generate,Pajak,Pembayaran Ganti TNKB,Pembayaran Ganti TNKB
Generate,Pajak,Tagihan TNKB Baru,Tagihan TNKB Baru
Generate,Pajak,Bayar Pajak Motor Beat,Bayar Pajak Motor Beat
Generate,Pajak,Bayar Pajak Motor Vario,Bayar Pajak Motor Vario
Generate,Pajak,Bayar Pajak Motor Scoopy,Bayar Pajak Motor Scoopy
Generate,Pajak,Bayar Pajak Motor Nmax,Bayar Pajak Motor Nmax
Generate,Pajak,Bayar Pajak Motor Aerox,Bayar Pajak Motor Aerox
Generate,Pajak,Bayar Pajak Motor Mio,Bayar Pajak Motor Mio
Generate,Pajak,Bayar Pajak Motor Jupiter,Bayar Pajak Motor Jupiter
Generate,Pajak,Bayar Pajak Motor Supra,Bayar Pajak Motor Supra
Generate,Pajak,Bayar Pajak Motor PCX,Bayar Pajak Motor PCX
Generate,Pajak,Bayar Pajak Motor Lexi,Bayar Pajak Motor Lexi
Generate,Pajak,Bayar Pajak Mobil Avanza,Bayar Pajak Mobil Avanza
Generate,Pajak,Bayar Pajak Mobil Xenia,Bayar Pajak Mobil Xenia
Generate,Pajak,Bayar Pajak Mobil Brio,Bayar Pajak Mobil Brio
Generate,Pajak,Bayar Pajak Mobil Mobilio,Bayar Pajak Mobil Mobilio
Generate,Pajak,Bayar Pajak Mobil Jazz,Bayar Pajak Mobil Jazz
Generate,Pajak,Bayar Pajak Mobil HRV,Bayar Pajak Mobil HRV
Generate,Pajak,Bayar Pajak Mobil CRV,Bayar Pajak Mobil CRV
Generate,Pajak,Bayar Pajak Mobil Innova,Bayar Pajak Mobil Innova
Generate,Pajak,Bayar Pajak Mobil Fortuner,Bayar Pajak Mobil Fortuner
Generate,Pajak,Bayar Pajak Mobil Pajero,Bayar Pajak Mobil Pajero
Generate,Pajak,Bayar Pajak Mobil Sigra,Bayar Pajak Mobil Sigra
Generate,Pajak,Bayar Pajak Mobil Ayla,Bayar Pajak Mobil Ayla
Generate,Pajak,Bayar Pajak Mobil Agya,Bayar Pajak Mobil Agya
Generate,Pajak,Bayar Pajak Mobil Calya,Bayar Pajak Mobil Calya
Generate,Pajak,Bayar Pajak Mobil Ertiga,Bayar Pajak Mobil Ertiga
Generate,Pajak,Bayar Pajak Mobil XL7,Bayar Pajak Mobil XL7
Generate,Pajak,Bayar Pajak Mobil Rush,Bayar Pajak Mobil Rush
Generate,Pajak,Bayar Pajak Mobil Terios,Bayar Pajak Mobil Terios
Generate,Pajak,Bayar Pajak Mobil Yaris,Bayar Pajak Mobil Yaris
Generate,Pajak,Bayar Pajak Mobil Raize,Bayar Pajak Mobil Raize
Generate,Pajak,Pajak Beat Bulanan,Pajak Beat Bulanan
Generate,Pajak,Pajak Vario Tahunan,Pajak Vario Tahunan
Generate,Pajak,Pajak Nmax Tahunan,Pajak Nmax Tahunan
Generate,Pajak,Pajak Aerox Tahunan,Pajak Aerox Tahunan
Generate,Pajak,Pajak Scoopy Tahunan,Pajak Scoopy Tahunan
Generate,Pajak,Pajak Avanza Tahunan,Pajak Avanza Tahunan
Generate,Pajak,Pajak Brio Tahunan,Pajak Brio Tahunan
Generate,Pajak,Pajak Xenia Tahunan,Pajak Xenia Tahunan
Generate,Pajak,Pajak Sigra Tahunan,Pajak Sigra Tahunan
Generate,Pajak,Pajak Ayla Tahunan,Pajak Ayla Tahunan
Generate,Pajak,Pajak Agya Tahunan,Pajak Agya Tahunan
Generate,Pajak,Pajak Rush Tahunan,Pajak Rush Tahunan
Generate,Pajak,Pajak Pajero Tahunan,Pajak Pajero Tahunan
Generate,Pajak,Pajak Fortuner Tahunan,Pajak Fortuner Tahunan
Generate,Pajak,Bayar Samsat Jogja,Bayar Samsat Jogja
Generate,Pajak,Bayar Samsat Sleman,Bayar Samsat Sleman
Generate,Pajak,Bayar Samsat Bantul,Bayar Samsat Bantul
Generate,Pajak,Bayar Samsat Gunungkidul,Bayar Samsat Gunungkidul
Generate,Pajak,Bayar Samsat Kulon Progo,Bayar Samsat Kulon Progo
Generate,Pajak,Bayar Samsat Jakarta,Bayar Samsat Jakarta
Generate,Pajak,Bayar Samsat Bekasi,Bayar Samsat Bekasi
Generate,Pajak,Bayar Samsat Depok,Bayar Samsat Depok
Generate,Pajak,Bayar Samsat Tangerang,Bayar Samsat Tangerang
Generate,Pajak,Bayar Samsat Bandung,Bayar Samsat Bandung
Generate,Pajak,Bayar Samsat Surabaya,Bayar Samsat Surabaya
Generate,Pajak,Bayar Samsat Semarang,Bayar Samsat Semarang
Generate,Pajak,Bayar Samsat Solo,Bayar Samsat Solo
Generate,Pajak,Bayar Samsat Medan,Bayar Samsat Medan
Generate,Pajak,Bayar Samsat Makassar,Bayar Samsat Makassar
Generate,Pajak,Pembayaran Pajak Kendaraan Online,Pembayaran Pajak Kendaraan Online
Generate,Pajak,Pembayaran Pajak Kendaraan Offline,Pembayaran Pajak Kendaraan Offline
Generate,Pajak,Tagihan Pajak Kendaraan Tahunan,Tagihan Pajak Kendaraan Tahunan
Generate,Pajak,Tagihan Pajak Kendaraan 5 Tahunan,Tagihan Pajak Kendaraan 5 Tahunan
Generate,Pajak,Bayar Pajak STNK Mati,Bayar Pajak STNK Mati
Generate,Pajak,Bayar Pajak Telat 1 Tahun,Bayar Pajak Telat 1 Tahun
Generate,Pajak,Bayar Pajak Telat 2 Tahun,Bayar Pajak Telat 2 Tahun
Generate,Pajak,Bayar Denda STNK,Bayar Denda STNK
Generate,Pajak,Denda Pajak Telat Bayar,Denda Pajak Telat Bayar
Generate,Pajak,Pembayaran Denda Samsat,Pembayaran Denda Samsat
Generate,Pajak,Bayar Ganti Plat Motor,Bayar Ganti Plat Motor
Generate,Pajak,Bayar Ganti Plat Mobil,Bayar Ganti Plat Mobil
Generate,Pajak,Pembayaran TNKB Baru,Pembayaran TNKB Baru
Generate,Pajak,Tagihan TNKB 5 Tahunan,Tagihan TNKB 5 Tahunan
Generate,Pajak,Bayar Cek Fisik Kendaraan,Bayar Cek Fisik Kendaraan
Generate,Pajak,Bayar Mutasi Kendaraan,Bayar Mutasi Kendaraan
Generate,Pajak,Biaya Mutasi Motor,Biaya Mutasi Motor
Generate,Pajak,Biaya Mutasi Mobil,Biaya Mutasi Mobil
Generate,Pajak,Bayar Balik Nama Avanza,Bayar Balik Nama Avanza
Generate,Pajak,Bayar Balik Nama Beat,Bayar Balik Nama Beat
Generate,Pajak,Bayar Balik Nama Nmax,Bayar Balik Nama Nmax
Generate,Pajak,Bayar BBNKB Motor,Bayar BBNKB Motor
Generate,Pajak,Bayar BBNKB Mobil,Bayar BBNKB Mobil
Generate,Pajak,PBB Rumah Tahunan,PBB Rumah Tahunan
Generate,Pajak,PBB Tanah Tahunan,PBB Tanah Tahunan
Generate,Pajak,PBB Ruko Tahunan,PBB Ruko Tahunan
Generate,Pajak,PBB Apartemen Tahunan,PBB Apartemen Tahunan
Generate,Pajak,Bayar PBB Perumahan,Bayar PBB Perumahan
Generate,Pajak,Bayar PBB Cluster,Bayar PBB Cluster
Generate,Pajak,Bayar PBB Kos,Bayar PBB Kos
Generate,Pajak,Bayar PBB Kontrakan,Bayar PBB Kontrakan
Generate,Pajak,Bayar PBB Sleman April,Bayar PBB Sleman April
Generate,Pajak,Bayar PBB Bantul Mei,Bayar PBB Bantul Mei
Generate,Pajak,Bayar PBB Jogja Juni,Bayar PBB Jogja Juni
Generate,Pajak,Bayar PBB Jakarta Juli,Bayar PBB Jakarta Juli
Generate,Pajak,Tagihan PBB 2026,Tagihan PBB 2026
Generate,Pajak,Tagihan PBB 2025,Tagihan PBB 2025
Generate,Pajak,Pembayaran SPPT PBB,Pembayaran SPPT PBB
Generate,Pajak,Bayar Pajak Tanah Warisan,Bayar Pajak Tanah Warisan
Generate,Pajak,Bayar Pajak Jual Beli Rumah,Bayar Pajak Jual Beli Rumah
Generate,Pajak,BPHTB Rumah,BPHTB Rumah
Generate,Pajak,Bayar BPHTB Tanah,Bayar BPHTB Tanah
Generate,Pajak,Pajak Properti Bulanan,Pajak Properti Bulanan
Generate,Pajak,Pajak Properti Tahunan,Pajak Properti Tahunan
Generate,Pajak,Bayar Pajak NPWP,Bayar Pajak NPWP
Generate,Pajak,Bayar Pajak Pribadi Online,Bayar Pajak Pribadi Online
Generate,Pajak,Bayar Pajak Orang Pribadi,Bayar Pajak Orang Pribadi
Generate,Pajak,Bayar SPT Tahunan,Bayar SPT Tahunan
Generate,Pajak,Pembayaran SPT Online,Pembayaran SPT Online
Generate,Pajak,Bayar eFiling Pajak,Bayar eFiling Pajak
Generate,Pajak,Bayar eBilling DJP,Bayar eBilling DJP
Generate,Pajak,Tagihan DJP Pajak,Tagihan DJP Pajak
Generate,Pajak,Bayar PPh21 Gaji,Bayar PPh21 Gaji
Generate,Pajak,Bayar PPh23 Vendor,Bayar PPh23 Vendor
Generate,Pajak,Bayar PPh25 Bulanan,Bayar PPh25 Bulanan
Generate,Pajak,Bayar PPN Usaha,Bayar PPN Usaha
Generate,Pajak,Bayar PPN Toko,Bayar PPN Toko
Generate,Pajak,Bayar Pajak UMKM Final,Bayar Pajak UMKM Final
Generate,Pajak,Bayar Pajak Freelancer,Bayar Pajak Freelancer
Generate,Pajak,Bayar Pajak Konsultan,Bayar Pajak Konsultan
Generate,Pajak,Bayar Pajak Karyawan,Bayar Pajak Karyawan
Generate,Pajak,Bayar Pajak CV,Bayar Pajak CV
Generate,Pajak,Bayar Pajak PT,Bayar Pajak PT
Generate,Pajak,Bayar Pajak Usaha Kecil,Bayar Pajak Usaha Kecil
Generate,Pajak,Bayar Pajak Warung,Bayar Pajak Warung
Generate,Pajak,Bayar Pajak Restoran Online,Bayar Pajak Restoran Online
Generate,Pajak,Bayar Pajak Cafe,Bayar Pajak Cafe
Generate,Pajak,Bayar Pajak Hotel Bulanan,Bayar Pajak Hotel Bulanan
Generate,Pajak,Bayar Pajak Reklame Toko,Bayar Pajak Reklame Toko
Generate,Pajak,Bayar Pajak Billboard,Bayar Pajak Billboard
Generate,Pajak,Bayar Pajak Parkir Mall,Bayar Pajak Parkir Mall
Generate,Pajak,Bayar Pajak Hiburan,Bayar Pajak Hiburan
Generate,Pajak,Bayar Pajak Karaoke,Bayar Pajak Karaoke
Generate,Pajak,Bayar Pajak Event,Bayar Pajak Event
Generate,Pajak,Bayar Pajak Air Tanah Bulanan,Bayar Pajak Air Tanah Bulanan
Generate,Pajak,Bayar Pajak Sumur Bor,Bayar Pajak Sumur Bor
Generate,Pajak,Bayar Retribusi Sampah Rumah,Bayar Retribusi Sampah Rumah
Generate,Pajak,Bayar Retribusi Sampah Toko,Bayar Retribusi Sampah Toko
Generate,Pajak,Bayar Iuran Kebersihan Bulanan,Bayar Iuran Kebersihan Bulanan
Generate,Pajak,Bayar Pajak Daerah Online,Bayar Pajak Daerah Online
Generate,Pajak,Pembayaran Pajak Daerah Kota,Pembayaran Pajak Daerah Kota
Generate,Pajak,Tagihan Pajak Kabupaten,Tagihan Pajak Kabupaten
Generate,Pajak,Bayar Pajak via Tokopedia,Bayar Pajak via Tokopedia
Generate,Pajak,Bayar Pajak via Shopee,Bayar Pajak via Shopee
Generate,Pajak,Bayar Pajak via Bukalapak,Bayar Pajak via Bukalapak
Generate,Pajak,Bayar Pajak via Livin,Bayar Pajak via Livin
Generate,Pajak,Bayar Pajak via BCA Mobile,Bayar Pajak via BCA Mobile
Generate,Pajak,Bayar Pajak via BRImo,Bayar Pajak via BRImo
Generate,Pajak,Bayar Pajak via Dana,Bayar Pajak via Dana
Generate,Pajak,Bayar Pajak via OVO,Bayar Pajak via OVO
Generate,Pajak,Bayar Pajak via Gopay,Bayar Pajak via Gopay
Generate,Pajak,Bayar Pajak via LinkAja,Bayar Pajak via LinkAja
Generate,Pajak,Transfer Pajak PBB,Transfer Pajak PBB
Generate,Pajak,Transfer Pajak Kendaraan,Transfer Pajak Kendaraan
Generate,Pajak,Transfer Pajak Penghasilan,Transfer Pajak Penghasilan
Generate,Pajak,Tax Payment Indonesia,Tax Payment Indonesia
Generate,Pajak,Vehicle Tax Indonesia,Vehicle Tax Indonesia
Generate,Pajak,Property Tax Indonesia,Property Tax Indonesia
Generate,Pajak,Income Tax Indonesia,Income Tax Indonesia
Generate,Pajak,Annual Tax Payment,Annual Tax Payment
Generate,Pajak,Monthly Tax Payment,Monthly Tax Payment
Generate,Iuran Lingkungan,Bayar Iuran RT,Bayar Iuran RT
Generate,Iuran Lingkungan,Bayar Iuran RW,Bayar Iuran RW
Generate,Iuran Lingkungan,Bayar Iuran RT RW,Bayar Iuran RT RW
Generate,Iuran Lingkungan,Pembayaran Iuran RT,Pembayaran Iuran RT
Generate,Iuran Lingkungan,Pembayaran Iuran RW,Pembayaran Iuran RW
Generate,Iuran Lingkungan,Tagihan Iuran RT,Tagihan Iuran RT
Generate,Iuran Lingkungan,Tagihan Iuran RW,Tagihan Iuran RW
Generate,Iuran Lingkungan,Iuran Warga Bulanan,Iuran Warga Bulanan
Generate,Iuran Lingkungan,Iuran Lingkungan Bulanan,Iuran Lingkungan Bulanan
Generate,Iuran Lingkungan,Iuran Kompleks Bulanan,Iuran Kompleks Bulanan
Generate,Iuran Lingkungan,Bayar Kas RT,Bayar Kas RT
Generate,Iuran Lingkungan,Bayar Kas Warga,Bayar Kas Warga
Generate,Iuran Lingkungan,Bayar Dana Lingkungan,Bayar Dana Lingkungan
Generate,Iuran Lingkungan,Pembayaran Uang Kas RT,Pembayaran Uang Kas RT
Generate,Iuran Lingkungan,Tagihan Kas Bulanan,Tagihan Kas Bulanan
Generate,Iuran Lingkungan,Bayar Satpam,Bayar Satpam
Generate,Iuran Lingkungan,Bayar Iuran Satpam,Bayar Iuran Satpam
Generate,Iuran Lingkungan,Pembayaran Satpam Bulanan,Pembayaran Satpam Bulanan
Generate,Iuran Lingkungan,Tagihan Satpam Kompleks,Tagihan Satpam Kompleks
Generate,Iuran Lingkungan,Iuran Security Bulanan,Iuran Security Bulanan
Generate,Iuran Lingkungan,Bayar Keamanan Lingkungan,Bayar Keamanan Lingkungan
Generate,Iuran Lingkungan,Bayar Jaga Malam,Bayar Jaga Malam
Generate,Iuran Lingkungan,Iuran Pos Ronda,Iuran Pos Ronda
Generate,Iuran Lingkungan,Pembayaran Security Perumahan,Pembayaran Security Perumahan
Generate,Iuran Lingkungan,Tagihan Security Cluster,Tagihan Security Cluster
Generate,Iuran Lingkungan,Bayar Sampah,Bayar Sampah
Generate,Iuran Lingkungan,Iuran Sampah Bulanan,Iuran Sampah Bulanan
Generate,Iuran Lingkungan,Pembayaran Sampah Rumah,Pembayaran Sampah Rumah
Generate,Iuran Lingkungan,Tagihan Sampah Bulanan,Tagihan Sampah Bulanan
Generate,Iuran Lingkungan,Bayar Kebersihan Sampah,Bayar Kebersihan Sampah
Generate,Iuran Lingkungan,Retribusi Sampah Rumah,Retribusi Sampah Rumah
Generate,Iuran Lingkungan,Iuran Angkut Sampah,Iuran Angkut Sampah
Generate,Iuran Lingkungan,Bayar Petugas Sampah,Bayar Petugas Sampah
Generate,Iuran Lingkungan,Tagihan Sampah Kompleks,Tagihan Sampah Kompleks
Generate,Iuran Lingkungan,Bayar Kebersihan,Bayar Kebersihan
Generate,Iuran Lingkungan,Iuran Kebersihan Bulanan,Iuran Kebersihan Bulanan
Generate,Iuran Lingkungan,Pembayaran Kebersihan Lingkungan,Pembayaran Kebersihan Lingkungan
Generate,Iuran Lingkungan,Tagihan Kebersihan Kompleks,Tagihan Kebersihan Kompleks
Generate,Iuran Lingkungan,Bayar Cleaning Service Cluster,Bayar Cleaning Service Cluster
Generate,Iuran Lingkungan,Iuran Bersih Lingkungan,Iuran Bersih Lingkungan
Generate,Iuran Lingkungan,Bayar Petugas Kebersihan,Bayar Petugas Kebersihan
Generate,Iuran Lingkungan,Tagihan Kebersihan Rumah,Tagihan Kebersihan Rumah
Generate,Iuran Lingkungan,Bayar Parkir Bulanan,Bayar Parkir Bulanan
Generate,Iuran Lingkungan,Iuran Parkir Bulanan,Iuran Parkir Bulanan
Generate,Iuran Lingkungan,Pembayaran Parkir Resident,Pembayaran Parkir Resident
Generate,Iuran Lingkungan,Tagihan Parkir Apartemen,Tagihan Parkir Apartemen
Generate,Iuran Lingkungan,Bayar Parkir Motor Bulanan,Bayar Parkir Motor Bulanan
Generate,Iuran Lingkungan,Bayar Parkir Mobil Bulanan,Bayar Parkir Mobil Bulanan
Generate,Iuran Lingkungan,Monthly Parking Fee,Monthly Parking Fee
Generate,Iuran Lingkungan,Parking Subscription,Parking Subscription
Generate,Iuran Lingkungan,Bayar Parkir Kost,Bayar Parkir Kost
Generate,Iuran Lingkungan,Tagihan Parkir Perumahan,Tagihan Parkir Perumahan
Generate,Iuran Lingkungan,Bayar IPL,Bayar IPL
Generate,Iuran Lingkungan,Pembayaran IPL Apartemen,Pembayaran IPL Apartemen
Generate,Iuran Lingkungan,Tagihan IPL Bulanan,Tagihan IPL Bulanan
Generate,Iuran Lingkungan,Iuran Pengelolaan Lingkungan,Iuran Pengelolaan Lingkungan
Generate,Iuran Lingkungan,Bayar Maintenance Apartemen,Bayar Maintenance Apartemen
Generate,Iuran Lingkungan,Service Charge Apartemen,Service Charge Apartemen
Generate,Iuran Lingkungan,Tagihan Service Charge,Tagihan Service Charge
Generate,Iuran Lingkungan,Bayar Dana Sosial RT,Bayar Dana Sosial RT
Generate,Iuran Lingkungan,Iuran Sosial Warga,Iuran Sosial Warga
Generate,Iuran Lingkungan,Pembayaran Dana Sosial,Pembayaran Dana Sosial
Generate,Iuran Lingkungan,Tagihan Dana Sosial,Tagihan Dana Sosial
Generate,Iuran Lingkungan,Bayar Uang Jimpitan,Bayar Uang Jimpitan
Generate,Iuran Lingkungan,Iuran Jimpitan Bulanan,Iuran Jimpitan Bulanan
Generate,Iuran Lingkungan,Bayar Arisan Warga,Bayar Arisan Warga
Generate,Iuran Lingkungan,Iuran Kegiatan Warga,Iuran Kegiatan Warga
Generate,Iuran Lingkungan,Bayar Dana 17 Agustus,Bayar Dana 17 Agustus
Generate,Iuran Lingkungan,Iuran Acara Kompleks,Iuran Acara Kompleks
Generate,Iuran Lingkungan,Tagihan Kegiatan Lingkungan,Tagihan Kegiatan Lingkungan
Generate,Iuran Lingkungan,Bayar Iuran Masjid Kompleks,Bayar Iuran Masjid Kompleks
Generate,Iuran Lingkungan,Iuran Mushola Warga,Iuran Mushola Warga
Generate,Iuran Lingkungan,Dana Keagamaan Lingkungan,Dana Keagamaan Lingkungan
Generate,Iuran Lingkungan,Bayar Lampu Jalan,Bayar Lampu Jalan
Generate,Iuran Lingkungan,Iuran Lampu Jalan,Iuran Lampu Jalan
Generate,Iuran Lingkungan,Tagihan PJU Lingkungan,Tagihan PJU Lingkungan
Generate,Iuran Lingkungan,Pembayaran Lampu Kompleks,Pembayaran Lampu Kompleks
Generate,Iuran Lingkungan,Bayar Air Komunal,Bayar Air Komunal
Generate,Iuran Lingkungan,Iuran Air Lingkungan,Iuran Air Lingkungan
Generate,Iuran Lingkungan,Tagihan Air Warga,Tagihan Air Warga
Generate,Iuran Lingkungan,Bayar Internet Komplek,Bayar Internet Komplek
Generate,Iuran Lingkungan,Iuran Wifi RT,Iuran Wifi RT
Generate,Iuran Lingkungan,Tagihan Wifi Lingkungan,Tagihan Wifi Lingkungan
Generate,Iuran Lingkungan,Bayar Gerbang Kompleks,Bayar Gerbang Kompleks
Generate,Iuran Lingkungan,Iuran Gate Security,Iuran Gate Security
Generate,Iuran Lingkungan,Tagihan Access Card Apartemen,Tagihan Access Card Apartemen
Generate,Iuran Lingkungan,Bayar Kartu Akses,Bayar Kartu Akses
Generate,Iuran Lingkungan,Pembayaran CCTV Kompleks,Pembayaran CCTV Kompleks
Generate,Iuran Lingkungan,Iuran CCTV Bulanan,Iuran CCTV Bulanan
Generate,Iuran Lingkungan,Tagihan CCTV Lingkungan,Tagihan CCTV Lingkungan
Generate,Iuran Lingkungan,Bayar Kebun Kompleks,Bayar Kebun Kompleks
Generate,Iuran Lingkungan,Iuran Taman Bulanan,Iuran Taman Bulanan
Generate,Iuran Lingkungan,Tagihan Perawatan Taman,Tagihan Perawatan Taman
Generate,Iuran Lingkungan,Bayar Landscaping,Bayar Landscaping
Generate,Iuran Lingkungan,Pembayaran Tukang Kebun,Pembayaran Tukang Kebun
Generate,Iuran Lingkungan,Bayar Iuran RT Januari,Bayar Iuran RT Januari
Generate,Iuran Lingkungan,Bayar Iuran RT Februari,Bayar Iuran RT Februari
Generate,Iuran Lingkungan,Bayar Iuran RT Maret,Bayar Iuran RT Maret
Generate,Iuran Lingkungan,Bayar Iuran RT April,Bayar Iuran RT April
Generate,Iuran Lingkungan,Bayar Iuran RT Mei,Bayar Iuran RT Mei
Generate,Iuran Lingkungan,Bayar Iuran RT Juni,Bayar Iuran RT Juni
Generate,Iuran Lingkungan,Bayar Iuran RT Juli,Bayar Iuran RT Juli
Generate,Iuran Lingkungan,Bayar Iuran RT Agustus,Bayar Iuran RT Agustus
Generate,Iuran Lingkungan,Bayar Iuran RT September,Bayar Iuran RT September
Generate,Iuran Lingkungan,Bayar Iuran RT Oktober,Bayar Iuran RT Oktober
Generate,Iuran Lingkungan,Bayar Iuran RT November,Bayar Iuran RT November
Generate,Iuran Lingkungan,Bayar Iuran RT Desember,Bayar Iuran RT Desember
Generate,Iuran Lingkungan,Bayar Satpam Januari,Bayar Satpam Januari
Generate,Iuran Lingkungan,Bayar Sampah Februari,Bayar Sampah Februari
Generate,Iuran Lingkungan,Bayar Kebersihan Maret,Bayar Kebersihan Maret
Generate,Iuran Lingkungan,Bayar Parkir April,Bayar Parkir April
Generate,Iuran Lingkungan,Bayar IPL Mei,Bayar IPL Mei
Generate,Iuran Lingkungan,Bayar Security Juni,Bayar Security Juni
Generate,Iuran Lingkungan,Bayar Kas RT Juli,Bayar Kas RT Juli
Generate,Iuran Lingkungan,Bayar Dana Lingkungan Agustus,Bayar Dana Lingkungan Agustus
Generate,Iuran Lingkungan,Bayar Iuran via BCA,Bayar Iuran via BCA
Generate,Iuran Lingkungan,Bayar Iuran via Mandiri,Bayar Iuran via Mandiri
Generate,Iuran Lingkungan,Bayar Iuran via BNI,Bayar Iuran via BNI
Generate,Iuran Lingkungan,Bayar Iuran via BRI,Bayar Iuran via BRI
Generate,Iuran Lingkungan,Bayar Iuran via Dana,Bayar Iuran via Dana
Generate,Iuran Lingkungan,Bayar Iuran via OVO,Bayar Iuran via OVO
Generate,Iuran Lingkungan,Bayar Iuran via Gopay,Bayar Iuran via Gopay
Generate,Iuran Lingkungan,Bayar Iuran via ShopeePay,Bayar Iuran via ShopeePay
Generate,Iuran Lingkungan,Transfer Iuran RT,Transfer Iuran RT
Generate,Iuran Lingkungan,Transfer Uang Sampah,Transfer Uang Sampah
Generate,Iuran Lingkungan,Transfer Satpam Bulanan,Transfer Satpam Bulanan
Generate,Iuran Lingkungan,Transfer Parkir Bulanan,Transfer Parkir Bulanan
Generate,Iuran Lingkungan,Tagihan Warga Bulan Ini,Tagihan Warga Bulan Ini
Generate,Iuran Lingkungan,Pembayaran Lingkungan Bulanan,Pembayaran Lingkungan Bulanan
Generate,Iuran Lingkungan,Resident Fee Monthly,Resident Fee Monthly
Generate,Iuran Lingkungan,Community Fee Payment,Community Fee Payment
Generate,Iuran Lingkungan,Neighborhood Fee Payment,Neighborhood Fee Payment
Generate,Iuran Lingkungan,Security Fee Monthly,Security Fee Monthly
Generate,Iuran Lingkungan,Cleaning Fee Monthly,Cleaning Fee Monthly
Generate,Iuran Lingkungan,Waste Fee Monthly,Waste Fee Monthly
Tokopedia,Prabayar & Pascabayar,Indosat,Indosat
Tokopedia,Prabayar & Pascabayar,Pulsa,Pulsa
Tokopedia,Prabayar & Pascabayar,Pascabayar,Pascabayar
Tokopedia,Prabayar & Pascabayar,Telkomsel - Halo,Telkomsel - Halo
Tokopedia,Prabayar & Pascabayar,XL Prioritas,XL Prioritas
Tokopedia,Prabayar & Pascabayar,Indosat Platinum,Indosat Platinum
Tokopedia,Prabayar & Pascabayar,Tri Pascabayar,Tri Pascabayar
Tokopedia,Prabayar & Pascabayar,Smartfren Pascabayar,Smartfren Pascabayar
Tokopedia,Prabayar & Pascabayar,Paket Data,Paket Data
Tokopedia,Prabayar & Pascabayar,Roaming,Roaming
Tokopedia,Prabayar & Pascabayar,eSim,eSim
Tokopedia,Prabayar & Pascabayar,Gopay Later,Gopay Later
Tokopedia,Prabayar & Pascabayar,Tagihan Listrik,Tagihan Listrik
Tokopedia,Prabayar & Pascabayar,E-Invoicing,E-Invoicing
Tokopedia,Prabayar & Pascabayar,Upgrade Internet & TV,Upgrade Internet & TV
Tokopedia,Prabayar & Pascabayar,Tagihan Kartu Kredit,Tagihan Kartu Kredit
Tokopedia,Prabayar & Pascabayar,Premi Asuransi,Premi Asuransi
Tokopedia,Prabayar & Pascabayar,Angsuran Kredit,Angsuran Kredit
Tokopedia,Prabayar & Pascabayar,Properti,Properti
Tokopedia,Prabayar & Pascabayar,Langganan,Langganan
Tokopedia,Prabayar & Pascabayar,Internet dan TV Kabel,Internet dan TV Kabel
Tokopedia,Prabayar & Pascabayar,XL Satu,XL Satu