Source,Nama Produk,Extracted
Klik K24,GLUCOPHAGE XR 500MG TABLET,glucophage xr
Klik K24,METFORMIN GEN DEXA 500MG TABLET,metformin
Klik K24,GLUCOPHAGE 500MG TABLET,glucophage
Klik K24,THERMOLYTE DIET SUGAR (1 Dos isi 25),thermolyte diet sugar
Klik K24,THERMOLYTE DIET SUGAR (1 Dos isi 50),thermolite diet sugar
Klik K24,NUTRISALIN GARAM DIET 200G,nutrisalin garam
Klik K24,THERMOLYTE PLUS (1 DOS ISI 60),thermolite plus
Klik K24,THERMOLYTE PLUS (1 DOS ISI 30),thermolite plus
Klik K24,THERMOLYTE PLUS (1 DOS ISI 10),thermolite plus
Klik K24,MUSTIKA RATU SLIMMING TEA (1 dos isi 30 sachet),mustika ratu slimming tea
Klik K24,T ORGANA SWEET TEA (isi 10 kantong teh),t organa sweet tea
Klik K24,T ORGANA SWEET TEA (isi 20 kantong teh),t organa sweet tea
Klik K24,FITAMINO COKLAT 30G SACH,fitamino coklat
Klik K24,TROPICANA SLIM DIABETICS (1 Box isi 100 Sachet),tropicana slim diabetics
Klik K24,TROPICANA SLIM DIABETICS (1 Box isi 50 Sachet),tropicana slim diabetics
Klik K24,TROPICANA SLIM DIABETICS (1 Box isi 25 Sachet),tropicana slim diabetics
Klik K24,TROPICANA SLIM CLASSIC (1 Dos isi 25 Sachet),tropicana slim classic
Klik K24,TROPICANA SLIM CLASSIC (1 Dos isi 50 Sachet),tropicana slim classic
Klik K24,TROPICANA SLIM CLASSIC (1 Dos isi 100 Sachet),tropicana slim classic
Klik K24,TROPICANA SLIM SWEETENER STEVIA (1 Box isi 50 Sachet),tropicana stevia
Klik K24,FLIMEAL 50G SACH 12S,flimeal
Klik K24,JARDIANCE 25MG FC TABLET,jardiance
Klik K24,NUTRICAN MILK JERUK 245G,nutrican milk jeruk
Klik K24,GLIBENCLAMIDE INDOFARMA 5MG TABLET,glibenclamide
Klik K24,GALVUS 50MG TABLET,galvus
Klik K24,METRIX 3MG TABLET,metrix
Klik K24,STATOR 20MG TABLET,stator
Klik K24,ROSUFER 10MG TAB 30S,rosufer
Klik K24,ROSUFER 20MG TAB 30S,rosufer
Klik K24,GLUVAS 2MG TABLET,gluvas
Klik K24,GLUVAS 4MG TABLET,gluvas
Klik K24,GLIMEPIRIDE DEXA 1MG TABLET (1 Dos isi 5 Strip @10 Tablet),glimepiride dexametason
Klik K24,GLIMEPIRIDE DEXA 2MG TABLET (1 Dos isi 50 Tablet),glimepiride dexametason
Klik K24,GLIMEPIRIDE DEXA 2MG TABLET (1 Dos isi 50 Tablet),glimepiride dexametason
Klik K24,RHINOS SR KAPSUL,rhinos sr
Klik K24,TREMENZA TABLET,tremenza
Klik K24,AMOXICILLIN HEXPHARM 500MG KAPLET (1 Dos isi 20 Strip @10 Tablet),amoxicillin hexpharm
Klik K24,SAGESTAM TETES MATA/ TETES TELINGA,sagestam tetes mata
Klik K24,ACLAM 500MG TABLET,aclam
Klik K24,OTOPAIN TETES TELINGA 8ML,otopain tetes telinga
Klik K24,OTILON TETES TELINGA 8ML,otilon tetes telinga
Klik K24,FORUMEN TETES TELINGA 10ML,forumen tetes telinga
Klik K24,COLME TETES TELINGA 8ML,colme tetes telinga
Klik K24,ERLAMYCETIN EAR DROP 10ML,erlamycin ear drop
Klik K24,OTOLIN EAR DROP 10ML,otolin ear drop
Klik K24,HUKI COTTON BUDS TUTUP PINK,huki cotton buds
Klik K24,HUKI COTTON BUDS POT TUTUP BIRU,huki cotton buds
Klik K24,AMOXSAN 250MG KAPSUL,amoxsan
Klik K24,ABBOTIC XL 500MG TABLET,abbotic
Klik K24,ETAFLOX 500MG TABLET,etaflox
Klik K24,ZELAVEL 3MG/ML OTIC SOL 5ML,zelavel otic
Klik K24,CEFIXIME NOVELL 100MG KAPSUL,cefixime novell
Klik K24,AMICLAV 625MG FC KAPLET,amiclav
Klik K24,CO AMOXICLAV DEXA 500/125MG FC KAPLET,co amoxiclav dexametason
Klik K24,CO AMOXICLAV MEPRO 625MG FC TABLET,co amoxiclav mepro
Klik K24,AMOXICILLIN BERNOFARM 500MG CAPL 100S,amoxicillin
Klik K24,YUSIMOX 500MG KAPLET,yusimox
Klik K24,INFATRIM F 960MG TABLET,infatrim
Klik K24,SUPRAMOX 500MG TABLET,supramox
Klik K24,KALMOXILIN 500MG KAPLET,kalmoxilin
Klik K24,HUKI COTTON BUDS BOX,huki cotton buds
Klik K24,HUKI COTTON BUDS POT,huki cotton buds
Klik K24,LIZOR TABLET 500MG,lizor
Klik K24,CLABAT F 500MG TABLET,clabat
Klik K24,LINDACYN 150MG KAPSUL,lindacyn kapsul
Klik K24,LINDACYN 300MG KAPSUL,lindacyn kapsul
Klik K24,SANPRIMA SYR,sanprima sirup
Klik K24,CATAFLAM 50MG TABLET,cataflam
Klik K24,NEURALGIN RX TABLET,neuralgin rx
Klik K24,PONSTAN 500MG TABLET,ponstan
Klik K24,CHARM BODYFIT EXT MAXI WING,charm bodyfit
Klik K24,CHARM BODY FIT EXTRA COMFORT WING 26CM ISI 8PCS,charm body fit
Klik K24,CHARM BODYFIT EXTRA MAXI WING,charm bodyfit
Klik K24,CHARM BODYFIT EXT MAXI WING,charm bodyfit
Klik K24,LAURIER AD SUPER MAXI WING,laurier ad
Klik K24,LAURIER AD SUPER MAXI,laurier ad
Klik K24,LAURIER AD SUPER MAXI NON WING,laurier ad
Klik K24,AVAIL BEAUTY PANTILINER (HIJAU),avail beauty pantiliner
Klik K24,CHARM BF EXT MAXI,charm bf ext
Klik K24,AVAIL BEAUTY DAY USE (BIRU),avail beauty
Klik K24,AVAIL BEAUTY NIGHT USE (PINK),avail beauty
Klik K24,LAURIER RELAX NIGHT WING 35CM,laurier relax night
Klik K24,PYTRAMIC 500MG KAPSUL,pytramic
Klik K24,FEMINAX LANCAR HAID CAIR 15ML (isi 12 sachet),feminax lancar haid
Klik K24,CHARM BODYFIT EXT MAXI NON WING,charm bodyfit
Klik K24,DACCO PEMBALUT WANITA BERSALIN&NIFAS M,dacco pembalut
Klik K24,IFREE PAD TERAPI HANGAT PEREDA NYERI HAID (1 Pack isi 2),ifree pad terapi
Klik K24,FEMINAX LANCAR HAID CAIR 15ML (1 Dos isi 5 Sachet),feminax lancar haid
Klik K24,KAPAS PEMBALUT 25G,kapas pembalut
Klik K24,DUPHASTON 10MG TABLET,duphaston
Klik K24,ADINDA KAPAS PEMBALUT 50G,adinda kapas
Klik K24,KAPAS PEMBALUT ADINDA 25G,kapas pembalut adinda
Klik K24,KAPAS PEMBALUT ADINDA 500G,kapas pembalut adinda
Klik K24,DRC KAPAS PEMBALUT 25G,drc kapas pembalut
Klik K24,ADINDA KAPAS PEMBALUT 250G,adinda kapas
Klik K24,HUSADA KAPAS PEMBALUT 250G,husada kapas
Klik K24,NASACO KAPAS PEMBALUT 50G,nasaco kapas
Klik K24,HDC KAPAS PEMBALUT 100G,hdc kapas
Klik K24,HK KAPAS PEMBALUT 500G,hk kapas pembalut
Klik K24,Q LIFE MENSTRUAL CARE SACHET,q life menstrual care
Klik K24,LACTO B SACHET,lacto b
Klik K24,PROVE D3 5000IU CHEW TABLET,prove d3
Klik K24,DOHIXAT 100MG TABLET,dohixat
Klik K24,KAPAS SELECTION 35G,kapas selection
Klik K24,KAPAS SELECTION 75G,kapas selection
Klik K24,KAPAS SELECTION 50G,kapas selection
Klik K24,NATURE PLUS VITAMIN D3 400IU,vitamin d3
Klik K24,NATURE HEALTH VITAMIN E400IU KAPSUL,vitamin e
Klik K24,DARSI KAPSUL (1 Dos isi 12 Kapsul),darsi kapsul
Klik K24,HEMAVITON C1000 ORANGE 330ML,hemaviton
Klik K24,MELANOX ES 15GR,melanox es
Klik K24,MELANOX PREMIUM CR 14G,melanox premium cr
Klik K24,CETAPHIL MOISTURIZING CREAM 100G,cetaphil moisturizing cream
Klik K24,CETAPHIL MOISTURIZING LOTION 200ML,cetaphil moisturizing lotion
Klik K24,ONE MED KAPAS PEMBALUT 50G,one med kapas
Klik K24,KAPAS PEMBALUT MASA HUSADA INDONESIA 100G,kapsa pembalut
Klik K24,ONE MED KAPAS BOLA BESAR (isi 100),one med kapas
Klik K24,MARCKS BEDAK BEAUTY POWDER PUTIH 40G,marcks bedak beauty powder
Klik K24,BEDAK BIANG KERINGAT KONICARE 80G,bedak biang keringat
Klik K24,DRAGON SALICYL MENTHOL BEDAK 100G,dragon salicyl menthol bedak
Klik K24,BEDAK SALICYL CAP GAJAH 100G,bedak salicyl gajah
Klik K24,ACNE COVER FUN PACK NEXCARE,acne cover fun pack nexcare
Klik K24,NOURISH ACNE PLAST FUN PATCH (isi 24 pcs),nourish acne plast fun patch
Klik K24,VITACID 0.05% GEL 20G,vitacid gel
Klik K24,VITACID 0.1% GEL 20G,vitacid gel
Klik K24,CETAPHIL DAILY ADVANCE ULTRA HYDRATING LOTION 85G,cetaphil daily advance lotion
Klik K24,VITAMIN B1 IPI,vitamin b1
Klik K24,MEFINAL 500MG TABLET,mefinal
Klik K24,AMOXSAN 500MG KAPSUL,amoxsan
Klik K24,SUMAGESIC TABLET,sumagesic
Klik K24,ULTRACAP,ultracap
Klik K24,SUMBAWA HOT IN CREAM AROMATHERAPY PUMP 120ML,sumbawa hot in cream
Klik K24,NEO RHEUMACYL EXTRA HOT CR 25G,neo rheumacyl
Klik K24,HANSAPLAST HANGAT KOYO RENCENG,hansaplast hangat koyo
Klik K24,SALONPAS CREAM 30G,salonpas cream
Klik K24,SALONPAS KOYO HIJAU,salonpas koyo
Klik K24,PARAMEX NYERI OTOT TABLET,parameks nyeri otot
Klik K24,PILKITA PEGAL LINU TABLET,pilkita pegal linu
Klik K24,KIRANTI PEGAL LINU 150ML,kiran pegal linu
Klik K24,HOTIN STRONG TUBE 60G,hotin strong
Klik K24,SUMBAWA HOT IN CR PUMP 120ML,sumbawa hot in cr pump
Klik K24,OPPO ANKLE SUPPORT M 1001,oppo ankle support
Klik K24,OPPO ANKLE SUPPORT S 1001,oppo ankle support
Klik K24,NEO RHEUMACYL HOT CR 108ML BOTOL,neo rheumacyl
Klik K24,STOP X CR 30G,stop x cr
Klik K24,ARTRODAR TABLET,artrodar
Klik K24,NUTRAFOR JOINTS PWD VANILA MILK 21G,nutrafor joints pwd vanila milk
Klik K24,SYALOX 300P TABLET,syalox
Klik K24,NUTRIMAX OSTEOGARD (1 botol isi 30 tablet salut selaput),nutrimax osteogard
Klik K24,BENVIT ETAWA PLATINUM GINSENG JAHE 200G BOX,benvit etawa ginseng jahe
Klik K24,NEO RHEUMACYL EUCALYPTUS CR 25G,neo rheumacyl eucalyptus
Klik K24,FLEXAMINE CR 30G,flexamine cr
Klik K24,FLEXAMINE CR 15G,flexamine cr
Klik K24,NEO RHEUMACYL ORALINU 15ML SACH,neo rheumacyl oralinu
Klik K24,BLACKMORES CALCIMAG MULTI TABLET (1 Botol isi 60),blackmores calcimag
Klik K24,LAFALOS CR 20G,lafalos cr
Klik K24,HOTIN DCL EMULGEL 30GR,hotin dcl emulgel
Klik K24,HOTIN DCL EMULGEL 60G,hotin dcl emulgel
Klik K24,SALONPAS KOYO MERAH HOT (1 Sachet isi 12 lembar),salonpas koyo merah
Klik K24,HOTIN CREAM STRONG 120G TUBE,hotin cream
Klik K24,BECOM C TABLET,become c
Klik K24,TOLAK ANGIN CAIR PLUS MADU 15ML (1 Box isi 12 Sachet),tolak angin cair plus madu
Klik K24,ANTANGIN CAIR JUNIOR HONEY MINT SACH,antangin cair junior honey mint
Klik K24,MADU TJ MASUK ANGIN 140G,madu tj masuk angin
Klik K24,TAMR SARI KURMA 250ML,tamr sari kurma
Klik K24,SAHARA SARI KURMA 330G,sahara sari kurma
Klik K24,AMIRA SARI KURMA 175G,amira sari kurma
Klik K24,KAROMAH SARI KURMA 250G,karomah sari kurma
Klik K24,SIDOLA MKP 15ML,sidola mkp
Klik K24,SIDOLA MKP 30ML,sidola mkp
Klik K24,ANTANGIN LOZ HONEY MINT,antangin loz honey mint
Klik K24,SIDOLA MKP 100ML,sidola mkp
Klik K24,SIDOLA MINYAK TELON 60ML,sidola minyak telon
Klik K24,SIDOLA MINYAK TELON 100ML,sidola minyak telon
Klik K24,V FRESH LANG MINYAK ANGIN AROMATHERAPHY 8ML,v fresh lang minyak angin
Klik K24,SAFE CARE 3 POINT OIL TELON AROMATHERAPY 30ML,safe care oil
Klik K24,SIDOLA MKP 60ML,sidola mkp
Klik K24,IBOE NATURAL DRINK JAHE 25G SACH,iboe jahe
Klik K24,HOT IN CREAM AROMATHERAPY 60ML,hot in cream
Klik K24,ENTROSTOP HERBAL ANAK SACH,entrostop herbal
Klik K24,MIXAGRIP HERBAL GREGES 15ML SACHET,mixagrip herbal greges
Klik K24,BALPIRIK AROMATHERAPY LAVENDER 20G,balpirik aromatherapy lavender
Klik K24,GAJAH MINYAK TELON 120ML,gajah minyak telon
Klik K24,GAJAH MINYAK TELON 30ML,gajah minyak telon
Klik K24,MY BABY MINYAK TELON PLUS LAVENDER 150ML,baby minyak telon
Klik K24,BAN LENG YOE 100ML,ban leng yoe
Klik K24,MINYAK ANGIN V FRESH LAVENDER ROLL ON 8ML,minyak angin
Klik K24,TOLAK ANGIN CARE MINYAK ANGIN AROMATHERAPY 10ML,tolak angin care minyak angin
Klik K24,LASERIN HERBAL SIRUP 30ML,laserin herbal sirup
Klik K24,MADU TJ KURMA 150G,madu tj kurma
Klik K24,MADU TJ KURMA 250G,madu tj kurma
Klik K24,TOLAK ANGIN TABLET (1 Strip isi 4 Tablet),tolak angin
Klik K24,CAVIPLEX TABLET,caviplex
Klik K24,SURBEX Z TABLET (1 Strip isi 6 tablet),surbex z
Klik K24,SURBEX T TABLET (1 Strip isi 6 Tablet),surbex t
Klik K24,MOTHERS CHOICE PREGNANCY&BREAST FEEDING (1 botol isi 30 kapsul),mothers choice pregnancy
Klik K24,PIGEON BREAST PADS HONEYCOMB (1 Dos isi 36),pigeon breast pads honeycomb
Klik K24,PIGEON BREAST PAD COMFY FEEL (1 Dos isi 12 Pcs),pigeon breast pad
Klik K24,FOLAVICAP 400MCG TABLET,folavicap
Klik K24,STARFOLAT TABLET,starfolat
Klik K24,ANEMOLAT 1MG TABLET,anemolat
Klik K24,FOLAVICAP 1000MCG TABLET,folavicap
Klik K24,SAMBUNGAN ASI / NIPPLE SHIELD JENNY,sambungan asi nipple shield jenny
Klik K24,MOM UUNG SUNFLOWER LECITHIN (1 botol isi 30 kapsul),mom uung sunflower lecithin
Klik K24,NULACTA UNTUK IBU,nulacta
Klik K24,PIGEON BREAST PAD (1 Dos isi 36 Pcs),pigeon breast pad
Klik K24,PROCALMA CAPSUL,procalma capsur
Klik K24,NUVITA NUTRI FOLIC 1000MCG (1 strip isi 10 tablet),nuvita nutri folic
Klik K24,HERBA ASIMOR 10G SACHET (1 dos isi 10 sachet),herba asimor
Klik K24,CALCID PEPPERMINT CHEW TABLET,peppermint chew
Klik K24,MOLOCO PLUS B12 TABLET,molo co plus b12
Klik K24,BLACKMORES LACTA WELL (1 botol isi 30 kapsul lunak),blackmores lacta well
Klik K24,BLACKMORES LACTA WELL (1 botol isi 60 kapsul lunak),blackmores lacta well
Klik K24,LACTASIN KAPSUL,lactasin kapsul
Klik K24,OBICAL TABLET,obical
Klik K24,PRENAGEN ESENSIS MOKA 360G,prengen esensis moka
Klik K24,PRENAGEN LACTAMOM MOKA 400G,prenagen lactamom moka
Klik K24,PRENAGEN ESENSIS COKL 180GR,prenagen esensis
Klik K24,PRENAGEN ESENSIS VAN 180GR,prenagen esensis van
Klik K24,PRENAGEN LACTAMOM VANILA 200GR,prenagen lactamom vanila
Klik K24,PRENAGEN EMESIS PLAIN 200G,prenagen emesis plain
Klik K24,PRENAGEN EMESIS COKLAT 200GR,prenagen emesis coklat
Klik K24,PRENAGEN MOMMY STRAW 200G,prenagen mommy straw
Klik K24,PRENAGEN MOMMY COKLAT 400G,prenagen mommy coklat
Klik K24,PRENAGEN EMESIS COKLAT 400G,prenagen emesis coklat
Klik K24,OMEPRAZOLE NOVELL 20MG KAPSUL,omeprazole novell
Klik K24,RANITIDINE DEXA 150MG TABLET,ranitidine dexam
Klik K24,PRAZOTEC 30MG KAPSUL,prazotec
Klik K24,ULSAFATE SUSP 200ML,ulsafate susp
Klik K24,ULSAFATE 500MG TABLET,ulsafate
Klik K24,MAGASIDA TABLET (isi 10 tablet),magasida
Klik K24,PROMAG CHEW TABLET (Per Strip isi 10 Tablet),promag chew
Klik K24,ACITRAL TABLET,acitral
Klik K24,POLYCROL SUSP 100ML,polycrol susp
Klik K24,NOVAMAG CHEW TABLET,novamag chew
Klik K24,FARMACROL FORTE TABLET,farmacrol forte
Klik K24,PLANTACID F SUSP 100ML,plantacid f
Klik K24,PROSOGAN FD 30MG TABLET,prosogan fd
Klik K24,RANTIN 150MG TABLET,rantin
Klik K24,ULTILOX TABLET (1 Strtip isi 10 Tablet),ultilox
Klik K24,ULSAFATE SUSP 100ML,ulsafate susp
Klik K24,CAPRAZOL,caprazol
Klik K24,ULMO 20MG TABLET,ulmo
Klik K24,PROMAG SUSP 10ML SACH 6S,promag susp
Klik K24,POLYSILANE MAX PAPPERMINT TABLET,polysilane max pappermint
Klik K24,ACITRAL SUSP 120ML,acitral susp
Klik K24,ALUMY TABLET,alumy
Klik K24,BUFANTACID TABLET (1 Strip isi 10 tablet),bufantacid
Klik K24,CIMETIDINE HOLI 200MG TABLET,cimetidine holi
Klik K24,CIMEXOL 200MG KAPLET,cimexol
Klik K24,CIMETIDINE FM 200MG TABLET,cimetidine
Klik K24,CIMETIDINE PROMED 200MG TABLET,cimetidine
Klik K24,HUFAMAG PLUS SIRUP 60ML,hufamag sirup
Klik K24,HUFAMAG PLUS TABLET,hufamag plus
Klik K24,S OMEVELL 20MG FC TABLET,somevell
Klik K24,SUCRALFATE PROMED 500MG/5ML SUSP 100ML,sucralfate promed
Klik K24,POSTINOR 750MCG TABLET,postinor
Klik K24,TESTPACK TEST KEHAMILAN,testpack kehamilan
Klik K24,FOLACOM TABLET,folacom
Klik K24,NUTRIMAMA 3 KAPSUL,nutrimama
Klik K24,CALCIFAR TABLET,calcifar
Klik K24,NUTRIMAMA 1 KAPSUL LUNAK (1 Botol isi 15 Kapsul),nutrimama kapsul
Klik K24,NUTRIMAMA 2 KAPSUL LUNAK,nutrimama
Klik K24,NUTRIMAMA 3 KAPSUL LUNAK,nutrimama
Klik K24,ANELAT TABLET,anelat
Klik K24,NUTRIMAMA 2 KAPSUL,nutrimama
Klik K24,VITAMAM 1,vitamamin
Klik K24,NULACTA PLUS KAPSUL,nulacta plus
Klik K24,NUTRIMAMA 1 (1 blister isi 10 kapsul lunak),nutrimama
Klik K24,CALCIFAR PLUS TABLET,calcifar plus
Klik K24,AFOLAT TABLET,afolat
Klik K24,FOLAMIL GOLD TABLET (1 Botol isi 30 Kapsul),folamil gold
Klik K24,PRENAGEN EMESIS COKLAT 200GR,prenagen emesis coklat
Klik K24,PRENAGEN EMESIS VANILA DELIGHT 180G BOX,prenagen emesis vanila delight
Klik K24,PRENAGEN EMESIS VELVETY CHOCOLATE 360G BOX,prenagen emesis velvety chocolate
Klik K24,PRENATAL KAPSUL (1 strip isi 10 kapsul),prenatal kapsul
Klik K24,SENSITIF TEST KEHAMILAN,test kehamilan
Klik K24,AMOR TEST KEHAMILAN,amor test kehamilan
Klik K24,PRENATIN DF TABLET,prenatin df
Klik K24,CALSICAL TABLET,calsical
Klik K24,SANGOBION BABY DROP 30ML,sangobion baby drop
Klik K24,PRENAGEN EMESIS VELVETY CHOCOLATE 180G BOX,prenagen emesis velvety chocolate
Klik K24,BYE BYE FEVER BAYI,bye bye fever bayi
Klik K24,TIGA ANAK MINYAK TELON 90ML,tiga anak minyak
Klik K24,TIGA ANAK MINYAK TELON PLUS 60ML,tiga anak minyak telon
Klik K24,DRAGON MINYAK TELON 100ML,dragon minyak telon
Klik K24,MY BABY MINYAK TELON PLUS LAVENDER 90ML,baby minyak telon
Klik K24,MY BABY LOTION TELON PLUS 50G,baby telon lotion
Klik K24,TERMOREX PATCH BAYI & ANAK,termorex patch
Klik K24,LANG MINYAK TELON PLUS 100ML,lang minyak telon
Klik K24,MINYAK TELON TRESNOJOYO PLUS LAVENDER 60ML,minyak telon tresnojoyo
Klik K24,MINYAK TELON TRESNOJOYO 60ML,minyak telon tresnojoyo
Klik K24,MY BABY MINYAK TELON PLUS 60ML,baby minyak telon
Klik K24,BEBE ROOSIE TELON CR 60G,bebe roosie telon
Klik K24,MINYAK TELON LANG 15ML,minyak telon
Klik K24,MY BABY MINYAK TELON PLUS 90ML,baby minyak telon
Klik K24,MINYAK TELON LANG 30ML,minyak telon
Klik K24,MINYAK TELON HUKI 60ML,minyak telon
Klik K24,HUKI MINYAK TELON 30ML,huki minyak telon
Klik K24,MINYAK TELON CAP GAJAH 60ML,minyak telon
Klik K24,MINYAK TELON 3A 60ML,minyak telon
Klik K24,KONICARE MINYAK TELON EXTRA LEMONGRASS 125ML,konicare minyak telon
Klik K24,KONICARE MINYAK TELON EXTRA LEMONGRASS 60ML,konicare minyak telon
Klik K24,HEROCYN BABY POWDER 100G,herocyn baby powder
Klik K24,MY BABY MINYAK TELON PLUS LONG PROTECT 90ML,baby minyak telon
Klik K24,MY BABY MINYAK TELON PLUS LAVENDER 150ML,baby minyak telon
Klik K24,MY BABY MINYAK TELON PLUS LONG PROTECT 60ML,baby minyak telon
Klik K24,PENGUKUR TINGGI BAYI,pengukur
Klik K24,PIGEON BABY POWDER JASMINE & ROSE 200G,pigeon baby powder
Klik K24,CUSSONS BABY POWDER SOFT&SMOOTH 50G,cussions baby powder
Klik K24,CUSSONS BABY POWDER MILD&GENTLE 100G,cussions baby powder
Klik K24,CUSSONS BABY POWDER FRESH & NOURISH 100G,cussions baby powder
Klik K24,CUSSONS BABY POWDER SOFT&SMOOTH 200G,cussions baby powder
Klik K24,BISOPROLOL FUMARATE 5MG TABLET NOVELL,bisoprolol fumarate
Klik K24,CANDESARTAN DEXA 8MG TABLET,candesartan dexam
Klik K24,JATI BELANDA,jati belanda
Klik K24,BENECHECK PRIME CHOLESTEROL STRIP isi 10 (TUBE),benecheck prime cholestrol strip
Klik K24,ENTRASOL ACTIVE VANILA LATTE 350G,entrasol active vanila latte
Klik K24,ENTRASOL ACTIVE COKLAT 340G,entrasol coklat
Klik K24,ENTRASOL ACTIVE VANILLA LATTE 160GR,entrasol active vanilla
Klik K24,ENTRASOL QUICKSTART CHOCOLATE 30G,entrasol chocolate
Klik K24,GHOLIBAN TEH CELUP DAUN JATI CINA,gholiban teh celup
Klik K24,STATOR 10MG TABLET,stator
Klik K24,COVERAM 5MG/5MG TABLET,coveram
Klik K24,COVERAM 10MG/10MG TABLET,coveram
Klik K24,COVERAM 5MG/10MG TABLET,coveram
Klik K24,COVERAM 10MG/5MG TABLET,coveram
Klik K24,ENTRASOL ACTIVE COKLAT LATTE 160G,entrasol active coklat
Klik K24,ENTRASOL GOLD COKLAT 340G BOX,entrasol coklat
Klik K24,ENTRASOL GOLD VANILA 340G BOX,entrasol vanila
Klik K24,ENTRASOL GOLD COKLAT 560G BOX,entrasol coklat
Klik K24,ENTRASOL GOLD VANILA 560G BOX,entrasol vanila
Klik K24,EFFIENT 3.75MG (1 blister isi 14 tablet),effient 3.75mg
Klik K24,CEDOCARD RETARD 20MG TABLET,cedocard retard
Klik K24,NATTO 10MG TABLET,natto
Klik K24,PLETAAL SR 100MG KAPSUL,pletaal
Klik K24,PROVE D3 5000IU CHEW TABLET,prove d3
Klik K24,D3 MORE 5000IU TABLET,d3 more
Klik K24,WELLNESS CALCIUM CITRATE (1 Botol isi 60 Tablet),wellness calcium citrate
Klik K24,PYRIDAM D3 400IU TABLET,pyridam d3
Klik K24,VITAMIN D3 NOVAPHARIN 400IU KAPLET,vitamin d3 novapharin
Klik K24,WELLNESS VITAMIN D3 1000IU SOFTGEL (1 Botol isi 60),vitamin d3
Klik K24,DAILY D3 1000IU TABLET (1 Strip isi 10 Tablet),d3 tablet
Klik K24,FORTIBOOST D3 1000IU CHEW TABLET,fortiboot d3
Klik K24,CEFIXIME NOVELL 200MG KAPSUL,cefixime novell
Klik K24,PEN NEEDLE 31GX5MM,pen needle
Klik K24,BD MICROFINE 32G 0.23X4MM,bd microfine
Klik K24,FORBETES 500MG TABLET,forbetes
Klik K24,JARDIANCE 25MG FC TABLET,jardiance
Klik K24,METFORMIN BERNOFARM 500MG TABLET,metformin bernofarm
Klik K24,DIABEMED PLUS (1 blister isi 12 kapsul),diabemed plus
Klik K24,AMADIAB 1MG TABLET,amadiab
Klik K24,DIAMICRON 80MG TABLET,diamicron 80mg
Klik K24,GLUFOR 500MG TABLET,glufor
Klik K24,GRADIAB 500MG TABLET,gradia b
Klik K24,GLIABETES 30MG TABLET,gliabetes
Klik K24,JANUMET XR 50/500MG TABLET,janumet xr
Klik K24,GLUBOSE 100MG TABLET,glubose
Klik K24,JANUMET 50/1000MG TABLET,janumet
Klik K24,DIAFORMIN XR 500MG KAPSUL,diaformin xr
Klik K24,FORDISBET (1 botol isi 50 kapsul),fordisbet
Klik K24,ACARBOSE DEXA 50MG TABLET,acarbose dexametason
Klik K24,JANUMET XR 100/1000MG TABLET,janumet xr
Klik K24,PIOGLITAZONE PRATAPA NIRMALA 15MG TAB 30S,pioglitazone pratapa
Klik K24,INAFITO FORDIAB BOTOL (isi 30 kapsul),inafito fordiab
Klik K24,IBOE DIABETIN KAPSUL,diabetin kapsul
Klik K24,BIO INSULEAF 150ML,bio insuleaf
Klik K24,NUTREN DIABETES VANILA 400G,nutren diabetes vanila
Klik K24,JANUVIA 50MG TABLET,januvia
Klik K24,JANUVIA 100MG TABLET,januvia
Klik K24,FORBETES 850MG TABLET,forbetes
Klik K24,AMADIAB 4MG TABLET,amadiab
Klik K24,GLUCOVANCE 500MG/2.5MG TABLET,glucovance
Klik K24,GLUCOPHAGE XR 500MG TABLET,glucophage xr
Klik K24,GLUCOPHAGE 500MG TABLET,glucophage
Klik K24,FG TROCHES (B),fg troches
Klik K24,CETIRIZINE NOVELL 10MG TABLET,cetirizine novell
Klik K24,INSTO TETES MATA 15ML,insto tetes mata
Klik K24,INSTO TETES MATA 7.5ML,insto tetes mata
Klik K24,CENDO XITROL TETES MATA 5ML,cendo xitrol tetes mata
Klik K24,ROHTO TETES MATA 7ML,rohto tetes mata
Klik K24,ROHTO COOL TETES MATA 7ML,rohto cool tetes mata
Klik K24,CENDO XITROL SALEP MATA 3.5G,cendo xitrol salep mata
Klik K24,GELAS CUCI MATA,gelas cuci mata
Klik K24,C VISION EYE DROP 15ML,c vision eye drop
Klik K24,LERGIO 1MG/ML EYE DROP 5ML,lergio eye drop
Klik K24,CENDO TOBRO EYE DROP 5ML,cendo tobro eye drop
Klik K24,CENDO ASTHENOF EYE DROP 5ML,cendo asthenof eye drop
Klik K24,C EYEFRESH EYE DROP 5ML,ceyefresh eye drop
Klik K24,C EYEFRESH MD 0.6ML,ceyefresh md
Klik K24,C VASACON A ED 0.6ML MD,vasacon
Klik K24,CENDO CYCLON EYE DROP 5ML,cendo cyclon eye drop
Klik K24,C ULCORI 0.6ML MD,culcori
Klik K24,C GIFLOX MD 0.6ML,giflox md
Klik K24,C VITROLENTA EYE DROP 5ML,c vitrolenta eye drop
Klik K24,C VERNACEL EYE DROP 5ML,c vernacel eye drop
Klik K24,HIALID 0.1% 5ML EYE DROP,hialid eye drop
Klik K24,CENDO AUGENTONIC EYE DROP 5ML,cendo augentonik eye drop
Klik K24,CENDO AUGENTONIC EYE DROP 15ML,cendo augentonik eye drop
Klik K24,FLAMERGI EYE DROP 5ML,flamergi eye drop
Klik K24,BRAITO 5ML EYE DROP,braito eye drop
Klik K24,ROHTO EYE FLUSH 150ML,rohto eye flush
Klik K24,GENTAMYCIN 3% EYE OINT 3.5G,gentamycin eye oint
Klik K24,C CENDRID EYE DROP 5ML,cendrid eye drop
Klik K24,C NONCORT EYE DROP 5ML,noncort eye drop
Klik K24,ERLAMYCETIN PLUS EYE DROP 10ML,erlamycin plus eye drop
Klik K24,VOMETA FLASH 10MG TABLET,vometa flash
Klik K24,DOMPERIDONE NOVELL 10MG TABLET,domperidone novell
Klik K24,PHAROLIT,pharolit
Klik K24,ANTANGIN JRG ORIGINAL SACH (1 Dos isi 12 Sachet),antangin jrg original
Klik K24,ANTANGIN CAIR ORIGINAL (5 PCS/DOS),antangin cair
Klik K24,ANTANGIN JRG TABLET (1 Strip isi 4 Tablet),antangin jrg
Klik K24,CONTRAMO 50MG TABLET,contramo
Klik K24,BALPIRIK MERAH 20G,balprik merah
Klik K24,ANTANGIN GINGER MINT CAIR 15ML (1 dos isi 12 sachet),antangin ginger mint cair
Klik K24,DIMENHYDRINATE ERLIMPEX 50MG (1 strip isi 10 tablet),dimenhydrinate erlimpex
Klik K24,MINYAK ANGIN LANG 3ML,minyak angin
Klik K24,MINYAK ANGIN LANG 24ML,minyak angin
Klik K24,MINYAK ANGIN LANG 6ML,minyak angin
Klik K24,MINYAK TELON KONICARE 60ML,minyak telon konicare
Klik K24,WAJI WARISAN JAWI MINYAK BALUR 100ML,waji warisan jawi minyak balur
Klik K24,AMH JAHE MERAH CAIR 15ML SACHET (1 dos isi 12 sachet),amh jahe meraah cair
Klik K24,BALPIRIK HIJAU 20G,balprik hijau
Klik K24,FRESH CARE VAPOBALM MATCHA 10G,fresh care vapobalm matcha
Klik K24,BALPIRIK KAYU PUTIH 20G,balprik kayu
Klik K24,MIXAGRIP HERBAL GREGES 15ML SACHET,mixagrip herbal greges
Klik K24,TOLAK ANGIN CARE MINYAK ANGIN AROMATHERAPY 10ML,tolak angin care minyak angin
Klik K24,CATAFLAM 50MG TABLET,cataflam
Klik K24,TICAGRELOR DEXA 90MG (1 strip isi 10 tablet),ticagrelor dexametason
Klik K24,TICAGRELOR HEXPHARM 90MG (1 blister si 10 tablet),ticagrelor hexpharm
Klik K24,TIARYT 200MG TABLET,tiaryt
Klik K24,PLAVIX 75MG TABLET,plavix
Klik K24,PLATOGRIX 75MG TABLET,platogrix
Klik K24,RYTMONORM 150MG TABLET,rytmonorm
Klik K24,ONE MED ONEDOT DISP ECG ELECTRODE ADULT,one med onedot disp ecg electrode
Klik K24,ISOPTIN 80MG TABLET,isoptin
Klik K24,XARELTO 15MG TABLET,xarelto
Klik K24,KENDARON 200MG TABLET,kendaron
Klik K24,CEDOCARD 10MG TABLET,cedocard 10mg
Klik K24,CEDOCARD 5MG TABLET,cedocard 5mg
Klik K24,CORDARON 200MG TABLET,cordaron
Klik K24,CARDIOMIN SOFT KAPSUL,cardiomine soft
Klik K24,ALERTEN Q25 KAPSUL,alerten q25
Klik K24,WELLNESS CHITOSAN (1 Botol isi 30 Kapsul),chitosan
Klik K24,Q TEN 30MG KAPSUL,q ten
Klik K24,Q TEN 60MG KAPSUL,q ten
Klik K24,CARPIATON 100MG TABLET,carpiaton
Klik K24,Q TEN COM 60MG KAPSUL (1 Strip isi 10 Kapsul),q ten com
Klik K24,SPIRONOLACTON DEXA 25MG TABLET,spironolacton dexametason
Klik K24,HIBLOK 50MG TABLET,hiblok
Klik K24,ACEPRESS 12.5MG TABLET,acepress
Klik K24,COTEN 100MG KAPSUL,coten kapsul
Klik K24,LODIA,lodia
Klik K24,IMODIUM 2MG TABLET,imodium
Klik K24,NORIT LANG DOS,norit lang dos
Klik K24,ENTROSTOP HERBAL 15ML SACHET,entrostop herbal
Klik K24,INTERZINC 20MG TABLET,interzinc
Klik K24,HOLIZINC 20MG/5ML SIRUP 60ML,holizinc sirup
Klik K24,ZINC SULFATE IMFARMIND 20MG TABLET (1 strip isi 10 tablet),zinc sulfate
Klik K24,DIAPET ANAK SIRUP 60ML,diapet sirup
Klik K24,DIAPET ANAK 10ML SACH,diapet anak
Klik K24,INTERZINC SIRUP 60ML,interzinc sirup
Klik K24,ZINC SULFATE IF 20MG DISP TAB 100S,zinc sulfate
Klik K24,ZINC SULFATE COMBIPHAR 10MG/ML DROP 15ML,zinc sulfate
Klik K24,ENTROSTOP TABLET (1 Strip isi 10 Tablet),entrostop
Klik K24,RENALYTE LIQ 200ML,renalyte liq
Klik K24,ORALIT 200 SACHET INDOFARMA,oralit
Klik K24,ORALIT PHAPROS 200MG SACH (1 Dos isi 100 Sachet),oralit phapros
Klik K24,ORALIT RAMA SACH 100S,oralit rama sach
Klik K24,PHAROLIT,pharolit
Klik K24,ZINCPRO DROP 15ML,zinpro drop
Klik K24,ATTAPULGITE TRIMAN 600MG (1 dos isi 100 tablet),attapulgite triman
Klik K24,NEO DIAFORM TABLET,neo diaform
Klik K24,ATTAPULGITE HOLI 600MG (1 strip isi 10 tablet),attapulgite holi
Klik K24,PULAREX (1 strip isi 10 tablet),pularex
Klik K24,ZINCPRO SIRUP 60ML,zinpro sirup
Klik K24,ANTIDIA TABLET,antidia
Klik K24,LOPERAMID KF 2MG TABLET,loperamid
Klik K24,MIDIX 2MG TABLET,midix
Klik K24,HOLIZINC 20MG DISPERSIBLE TABLET (1 strip isi 10 tablet),holizinc
Klik K24,LECOZINC 10MG/5ML SIRUP 60ML,lecozinc sirup
Klik K24,LOPERAMIDE NOVAPHARIN 2MG TABLET,loperamide novapharin
Klik K24,ZIRCUM KID 20MG DISP TABLET,zircum kid
Klik K24,METFORMIN HEXPHARM 500MG TABLET (1 Dos isi 20 Strip @10 Tablet),metformin hexpharm
Klik K24,PROPYLTHIOURACIL DEXA 100MG TABLET (PTU),propylthiouracil dexam
Klik K24,AMLODIPINE HEXPHARM 10MG TABLET (1 Dos isi 10 Strip @10 Tablet),amloipine hexpharm
Klik K24,SOMAN NON AROMA BOTOL 15ML,soman non aroma
Klik K24,SOMAN 1,soman
Klik K24,ENTRASOL ACTIVE VANILA LATTE 350G,entrasol active vanila latte
Klik K24,ARTRODAR TABLET,artrodar
Klik K24,KLOTAREN 25MG TABLET,klotaren
Klik K24,ENTRASOL ACTIVE VANILLA LATTE 160GR,entrasol active vanilla
Klik K24,ENTRASOL ACTIVE COKLAT 340G,entrasol coklat
Klik K24,SEA Q SELENIUM ACE SOFTCAP (1 Botol isi 30),sea q seleinium ace softcap
Klik K24,GRATHEOS 50MG TABLET (1 Dos isi 50 Tablet),gratheos
Klik K24,ACE MAX 350ML,ace max
Klik K24,VOREN GEL 20GR,vorengel
Klik K24,COXIRON 60MG FC TABLET,coxiron
Klik K24,ORINOX 120MG FC TABLET,orinox 120mg fc
Klik K24,RENADINAC 25MG TABLET,renadinac
Klik K24,SORICOX 60MG FC TABLET,soricox
Klik K24,LACOSIB 60MG FC TABLET,lacosib
Klik K24,SIKSTOP 120MG FC TABLET,sikstop
Klik K24,SIKSTOP 60MG FC TABLET,sikstop
Klik K24,SIKSTOP 90MG FC TABLET,sikstop
Klik K24,VOLTAREN EC 25MG TABLET,voltaren ec
Klik K24,VOLTAREN EC 50MG TABLET,voltaren ec
Klik K24,VOLTAREN RETARD 100MG TABLET,voltaren retard
Klik K24,VOLTAREN SR 75MG TABLET,voltaren sr
Klik K24,ZELONA 50MG TABLET,zelona
Klik K24,SEA Q VIT E 400 IU (60S +60S),sea q vit e
Klik K24,SEA Q VIT E 400IU SOFTCAP (1 Botol isi 60),sea q vit e
Klik K24,ATORVASTATIN HEXPHARM 20MG TAB 50S,atorvastatin hexpharm
Klik K24,AMLODIPINE PROMED 10MG TAB 100S,amlopidine
Klik K24,PIOGLITAZONE HCL DEXA 15MG TAB 30S,pioglitazone hcl dexametason
Klik K24,TRAJENTA DUO 2.5MG/500MG TAB 60S,trajenta duo
Klik K24,ALLOPURINOL HEXPHARM 100MG TABLET,allopurinol hexpharm
Klik K24,AMLODIPINE HEXPHARM 5MG TABLET (1 Dos isi 100 Tablet),amloipine hexpharm
Klik K24,GLUCOPHAGE XR 500MG TABLET,glucophage xr
Klik K24,HEXAVASK 10MG TAB 100S,hexavask
Klik K24,ALLOPURINOL YARINDO 100MG TAB 100S,allopurinol
Klik K24,AMLODIPINE IF 5MG TAB 100S,amlopidine
Klik K24,NISTROL 20MG TAB 20S,nistrol
Klik K24,HEXAVASK 5MG TABLET,hexavask
Klik K24,ZENICARDO 5MG KAPLET,zenicardo
Klik K24,AMLODIPINE TEMPO 5MG TABLET,amlopidine tempo
Klik K24,CANDESARTAN PRATAPA NIRMALA 16MG TABLET,candesartan pratapa
Klik K24,CANDESARTAN PRATAPA NIRMALA 8MG TABLET,candesartan pratapa
Klik K24,VELACOM PLUS 2/500MG CAPL 30S,velacom plus
Klik K24,VELACOM PLUS 1/250MG CAPL 30S,velacom plus
Klik K24,GLIMEPIRIDE DEXA 1MG TABLET (1 Dos isi 10 Strip @10 Tablet),glimepiride dexametason
Klik K24,GLIMEPIRIDE DEXA 4MG TABLET (1 Dos isi 100 Tablet),glimepiride dexametason
Klik K24,INCELIN 500MG TABLET,incelin
Klik K24,ARICEPT EVESS 10MG TABLET (1 Dos isi 2 Strip @14 Tablet),aricept e vess
Klik K24,NISTROL 10MG TAB 20S,nistrol
Klik K24,BISOPROLOL HEXPHARM 5MG TAB 50S,bisoprolol hexpharm
Klik K24,AMLODIPINE LANDSON 5MG TABLET,amlodipine landson
Klik K24,AMLODIPINE MAHAKAM 10MG TABLET,amlopidine
Klik K24,AMLODIPINE MEDIKON 5MG TABLET,amlopin medikon
Klik K24,AMLODIPINE NOVELL 10MG TABLET (1 Dos isi 10 Strip @10 Tablet),amlopin novel
Klik K24,AMLODIPINE NOVELL 10MG TABLET (1 Dos isi 3 Strip @10 Tablet),amlopin novel
Klik K24,LODIPAS 10MG TABLET,lodipas
Klik K24,AMLODIPINE NOVELL 5MG TABLET (1 Dos isi 100 Tablet),amlopin novel
Klik K24,AMLODIPINE NULAB 10MG TABLET,amlopin
Klik K24,AMLODIPINE NULAB 5MG TABLET,amlopin
Klik K24,AMLODIPINE OTTO 5MG TABLET,amlopidine
Klik K24,AMLODIPINE PHAPROS 10MG TABLET,amloipine phapros
Klik K24,SIMVASK 10MG TABLET,simvask
Klik K24,SIMVASK 5MG TABLET,simvask
Klik K24,PROPRANOLOL DEXA 10MG TABLET,propranolol dexametasona
Klik K24,BISOPROLOL FUMARATE 5MG TABLET NOVELL,bisoprolol fumarate
Klik K24,METFORMIN GEN DEXA 500MG TABLET,metformin
Klik K24,AMLODIPINE PHARMA 5MG TABLET,amloipine
Klik K24,UNISIA TABLET,unisia
Klik K24,AMLODIPINE PRATAPA 5MG TABLET,amlopidine pratapa
Klik K24,AMLODIPINE PROMED 5MG TABLET,amlopidine
Klik K24,LISINOPRIL DEXA 10MG TABLET,lisinopril dexametason
Klik K24,CARDIOCOM 150MG TABLET,cardiocom
Klik K24,OMESIVASK 10MG TABLET,omesivask
Klik K24,SAMCOVASK 5MG KAPLET,samcovask
Klik K24,AMLODIPINE INFION 10MG KAPLET,amlopin
Klik K24,RECOLIN 500MG TABLET,recolin
Klik K24,IRBESARTAN ETERCON 300MG TABLET,irbesartan etercon
Klik K24,IRBESARTAN HEXPHARM 150MG TABLET,irbesartan hexpharm
Klik K24,IRBESARTAN NOVELL 300MG TABLET,irbesartan novell
Klik K24,IRBESARTAN OTTO 150MG TABLET,irbesartan
Klik K24,DILAVASK 10MG TABLET,dilavask
Klik K24,DILAVASK 5MG TABLET,dilavask
Klik K24,DILTIAZEM IF 30MG TABLET,diltiazem
Klik K24,LOSARTAN HEXPHARM 50MG TABLET,losartan hexpharm
Klik K24,TWYNSTA 40/10MG TABLET,twynsta
Klik K24,TELMISARTAN DEXA 80MG TABLET,telmisartan dexam
Klik K24,TELMISARTAN DEXA 40MG TABLET,telmisartan dexam
Klik K24,DIOVAN 80MG TABLET,diovan
Klik K24,TELSAT 40MG TABLET,telsat
Klik K24,TELSAT 80MG TABLET,telsat
Klik K24,UPERIO 200MG FC TABLET,uperio
Klik K24,IRBESARTAN DEXA 300MG FC KAPLET,irbesartan dexam
Klik K24,CANDEFAR 8MG TABLET,candefar
Klik K24,RAMIPRIL NOVELL 10MG KAPSUL,ramipril novell
Klik K24,RAMIPRIL NOVELL 5MG KAPSUL,ramipril novell
Klik K24,STAMOTENS 10MG TABLET,stamotens
Klik K24,CANDESARTAN DEXA 8MG TABLET,candesartan dexam
Klik K24,AMLODIPINE NOVELL 10MG TABLET (1 Dos isi 3 Strip @10 Tablet),amlopin novel
Klik K24,AMLODIPINE NOVELL 5MG TABLET (1 Dos isi 30 Tablet),amlopin novel
Klik K24,AMLODIPINE LANDSON 10MG TABLET,amlodipine landson
Klik K24,TENSINOP 5MG TABLET,tensinop 5mg
Klik K24,DILTIAZEM KF 30MG TABLET,diltiazem
Klik K24,LOPROLOL 100MG TABLET,loprolol
Klik K24,NEVODIO 5MG TABLET,nevodio 5mg
Klik K24,PROPRANOLOL KF 40MG TABLET,propranolol
Klik K24,AMLODIPINE FM 10MG TABLET,amlopidine
Klik K24,AMLODIPINE FM 5MG TABLET,amlopidine
Klik K24,NIFEDIPINE KF 10MG TABLET,nifedipine
Klik K24,AMLODIPINE MEDIKON 10MG TABLET,amlopidine medikon
Klik K24,LODIPAS 5MG TABLET,lodipas
Klik K24,NIFEDIPIN IF 10MG TABLET,nifedipin
Klik K24,NIFEDIPIN SANBE 10MG TABLET,nifedipin sanbe
Klik K24,AMLODIPINE OTTO 10MG TABLET,amloipine otto
Klik K24,AMLODIPINE PRATAPA 10MG TABLET,amlopidine pratapa
Klik K24,ZEVASK 10MG TABLET,zevask
Klik K24,ZANIDIP 20MG TABLET,zanidip
Klik K24,LISINOPRIL DEXA 5MG TABLET,lisinopril dexametason
Klik K24,BELVAS 5MG TABLET,belvas
Klik K24,CANDESARTAN CILEXETIL NOVELL 8MG TABLET,candesartan cilexetil
Klik K24,ERTENSI 5MG TABLET,ertensti
Klik K24,COMDIPIN 10MG TABLET,comdipin
Klik K24,AMLODIPINE PROMED 10MG TABLET,amlopidine
Klik K24,FIONVASK 10MG KAPLET,fionvask
Klik K24,CANDOTENS 16MG TABLET,candotens
Klik K24,CANDOTENS 8MG TABLET,candotens
Klik K24,CO-IRVELL 300/12.5MG TABLET,co-irvell
Klik K24,IRBESARTAN ETERCON 150MG TABLET,irbesartan etercon
Klik K24,IRBESARTAN HEXPHARM 300MG TABLET,irbesartan hexpharm
Klik K24,IRBESARTAN IF 150MG TABLET,irbesartan
Klik K24,GLUCOPHAGE 500MG TABLET,glucophage
Klik K24,HISTIGO 6MG TABLET,histigo
Klik K24,ATORVASTATIN NOVELL 20MG TABLET,atorvastatin
Klik K24,IRBESARTAN NOVELL 150MG TABLET,irbesartan novell
Klik K24,IRBESARTAN OTTO 300MG TABLET,irbesartan
Klik K24,SANTESAR 50MG TABLET,santesar
Klik K24,VALSARTAN ETERCON 80MG TABLET,valsartan etercon
Klik K24,UPERIO 100MG FC TABLET,uperio
Klik K24,CANDEFAR 16MG TABLET,candefar
Klik K24,IRBESARTAN DEXA 150MG FC KAPLET,irbesartan dexamethasone
Klik K24,FUROSEMIDE YARINDO 40MG TABLET,furosemide yarindo
Klik K24,MYORES TABLET,myores
Klik K24,ISOPTIN SR 240MG TABLET,isoptin sr
Klik K24,NUTRILON 3 ROYAL VANILA 800G,nutrilon royal vanila
Klik K24,LACTOGEN 1 PREBOITIK G/F 750G,lactogen
Klik K24,ANMUM MATERNA COKLAT 400G,anmum coklat
Klik K24,DANCOW FULL CREAM 800G,dancow full cream
Klik K24,PROSTEO PLUS COKLAT 300G,prosteo coklat
Klik K24,LACTONA SKIM PLAIN 300G BOX,lactona skim
Klik K24,PRENAGEN ESENSIS MOKA 360G,prengen esensis moka
Klik K24,CEDOCARD 20MG TABLET,cedocard 20mg
Klik K24,DANCOW 5+ CALCI PRO MADU 400G,dancow calci pro madu
Klik K24,DANCOW 5+ CALCI PRO VANILA 400G,dancow calci pro vanila
Klik K24,DANCOW FORTIGRO COKLAT 400G BOX,dancow fortigro coklat
Klik K24,VIDORAN MY BABY MILK 2 POWDER 135G,vidoran baby milk
Klik K24,NUTRILON 4 MADU 400G BOX,nutrilon madu
Klik K24,VIDORAN MY BABY 6-12BLN 350G,vidoran my baby
Klik K24,HI LO TEEN VANILA CARAMEL 250G,hi lo teen vanila caramel
Klik K24,PROSTEO PLUS VANILLA 300G,prosteo plus vanilla
Klik K24,PRENAGEN LACTAMOM MOKA 400G,prenagen lactamom moka
Klik K24,AMLODIPINE DEXA 5MG TABLET (1 Dos isi 100 Tablet),amloipine dexam
Klik K24,RECOLFAR 0.5MG TABLET,recolfar
Klik K24,ASCARDIA 80MG TABLET,ascardia
Klik K24,GALTEN KAPSUL,galten kapsul
Klik K24,LACTONA 2 400G,lactona
Klik K24,BEBELOVE 1 0-6BLN 175G BOX,bebelove
Klik K24,LACTOGROW 3 PLAIN 750G,lactogrow plain
Klik K24,LACTONA 3 MADU 200G BOX,lactona madu
Klik K24,LACTOGROW 3 MADU 750G,lactogrow madu
Klik K24,LACTOGEN HAPPY NUTRI 2 350G,lactogen happy nutri
Klik K24,S26 PROMIL 2 6-12BLN 400G BOX,s26 promil
Klik K24,ALLOPURINOL PROMED 100MG TABLET,allopurinol promed
Klik K24,ANGINTRIZ MR TABLET,angintriz mr
Klik K24,PRENAGEN MOMMY COKLAT 400G,prenagen mommy coklat
Klik K24,BEBELOVE 1 0-6BLN 800G KALENG,bebelove
Klik K24,LACTOGEN 2 PREBOITIK G/F 750G,lactogen
Klik K24,LACTOGEN 3 PREBIOTIK G/F 350G,lactogen prebiotik
Klik K24,MORINAGA NL 33 350G,morinaga nl
Klik K24,CHIL SCHOOL GOLD 4 MADU 780G BOX,chil school madu
Klik K24,SGM EKSPLOR 1 PLUS MADU 150G,sgm eksplor madu
Klik K24,BONEETO YUMMY CHOCO 340G,boneeto yummy choco
Klik K24,BEBELAC 4 MADU 800G,bebelac madu
Klik K24,FRISIAN FLAG STRAWBERRY 250ML,frisian flag strawberry
Klik K24,CERELAC 6-12BLN BERAS MERAH SACH 20G,cerelac beras
Klik K24,CERELAC 6-12BLN BERAS MERAH 120G BOX,cerelac beras
Klik K24,CERELAC 6-12BLN KACANG HIJAU 120G BOX,cerelac kacang hijau
Klik K24,CHIL KID GOLD 3 1-3THN MADU 190G BOX,chil kid gold madu
Klik K24,DANCOW BLT 1+MADU 120G,dancow blt madu
Klik K24,DANCOW BLT 1+MADU 200G,dancow blt madu
Klik K24,DANCOW BLT 1+MADU 400G,dancow blt madu
Klik K24,DANCOW BLT 1+MADU 800G,dancow blt madu
Klik K24,CHIL KID PLATINUM 3 1-3THN VANILA 200G BOX,chil kid vanila
Klik K24,CHIL KID PLAT VAN 400G,chil kid plat
Klik K24,CONCOR 2.5MG TAB 100S,concor
Klik K24,ATORVASTATIN DEXA 20MG TABLET (1 Dos 5 Strip @6 Tablet),atorvastatin dexam
Klik K24,ARCOXIA 90MG TABLET (1 Strip isi 10 Tablet),arcoxia
Klik K24,DANCOW 1 PLUS 1-3THN VANILA 350G BOX,dancow 1 plus vanila
Klik K24,DANCOW BLT 1+VAN PREBIOTIK 150G,dancow blt prebiotik
Klik K24,DANCOW BLT 1+VAN PREBIOTIK 200G,dancow blt prebiotik
Klik K24,CHIL MIL REGULER 800G,chil mil
Klik K24,CHIL MIL SOYA 600G,chil mil soya
Klik K24,CHIL SCHOOL GOLD 4 STRAW 780G BOX,chil school gold
Klik K24,DANCOW BLT 3+MADU 800G,dancow blt madu
Klik K24,DANCOW BLT 3+MADU PREBIOTIK 400G,dancow blt
Klik K24,DANCOW BLT 3+VAN PREBIOTIK 400G,dancow blt prebiotik
Klik K24,DANCOW BLT 5+ MADU PREBIO 800G,dancow blt madu prebio
Klik K24,BATITA 3+ MADU 500G BOX,batita madu
Klik K24,DANCOW INST COKL 200G,dancow inst cokl
Klik K24,HILO ACTIVE CHOCOLATE 250G,hilog active chocolate
Klik K24,LACTOGEN 1 0-6BLN 1KG BOX,lactogen
Klik K24,HILO TEEN CHOCOLATE 250G,hiloteen chocolate
Klik K24,HILO TEEN VANILLA 250G,hilodeen vanilla
Klik K24,ENFAGROW A+ 3 MADU 400G,enfagrow a+ madu
Klik K24,LACTOGEN 2 DHA 350G,lactogen dha
Klik K24,ENFAMIL A+ TAHAP 2 800G,enfamil a+
Klik K24,LACTOGEN 1 0-6BLN 180G BOX,lactogen
Klik K24,ANLENE ACTIFIT 3X VANILA 590G BOX,anlene actifit vanila
Klik K24,ANMUM LACTA COKLAT 200G,anmum lacta coklat
Klik K24,ANMUM MATERNA COKLAT 200G,anmum coklat
Klik K24,VIDORAN MY BABY MILK 1 POWDER 135G,vidoran baby milk
Klik K24,VIDORAN X MART 4 MADU POWDER 375G,vidoran madu powder
Klik K24,BEBELOVE 2 6-12BLN 800G KALENG,bebelove
Klik K24,BMT 1 0-6BLN 800G BOX,bmt
Klik K24,CHIL SCHOOL 4 VANILA 800G BOX,chil school vanila
Klik K24,HILO GOLD VANILLA 250G,hilogold vanilla
Klik K24,ZYLORIC 100MG (1 Dos isi 20 Strip @10 Tablet),zyloric
Klik K24,CARDIO ASPIRIN 100MG TABLET,cardio aspirin
Klik K24,VOLTAREN EC 50MG TABLET,voltaren ec
Klik K24,ENFAGROW A+ GENTLE CARE 900G,enfagrow a+
Klik K24,BEBELAC 4 MADU 350G,bebelac madu
Klik K24,BEBELAC 4 VANILA 800G,bebelac vanila
Klik K24,BMT LACTOFERIN 200G,lactoferin
Klik K24,PRENAGEN EMESIS VANILA 200G,prenagen emesis vanila
Klik K24,PRENAGEN LACTAMOM COKLAT 400G,prenagen lactamom coklat
Klik K24,PROTEN GOLD VANILLA 52G SACH,proten gold vanilla
Klik K24,CERELAC SOYA MUNGBEAN DHA 120G,cerelac soya mungbean dha
Klik K24,HEPATOSOL COKL 240G,hepatosol cokl
Klik K24,CHIL KID PLAT MADU 400G,chil kid plat madu
Klik K24,CHIL KID GOLD 3 1-3THN VANILA 190G BOX,chil kid gold vanila
Klik K24,DANCOW BLT 1+VAN 800G,dancow blt
Klik K24,DANCOW INST 200G,dancow inst
Klik K24,DANCOW INST 400G,dancow inst
Klik K24,HILO GOLD CHOCOLATE 250G,hilo gold chocolate
Klik K24,HILO SCHOOL CHOCOLATE 250G,hiloschool chocolate
Klik K24,SGM EKSPLOR 3 PLUS VANILA 600G BOX,sgm eksplor 3 plus vanila
Klik K24,SGM EKSPLOR 1 PLUS VANILLA 150G,sgm eksplor 1 plus vanilla
Klik K24,ANLENE ACTIFIT 3X ORIG 240G BOX,anlene actifit
Klik K24,VIDORAN XMART MILK 3 PLUS MADU 350G BOX,vidoran milk 3 plus madu
Klik K24,SGM EKSPLOR 3 PLUS MADU 150G BOX,sgm eksplor madu
Klik K24,LACTOGROW 3 MADU 350G,lactogrow madu
Klik K24,FORTICO SACH,fortico sach
Klik K24,ANMUM MATERNA VANILA 400G,anmum materna vanila
Klik K24,FRISIAN FLAG STRAWBERRY 250ML KOTAK,frisian flag strawberry
Klik K24,METFORMIN 850MG TABLET DEXA,metformin
Klik K24,ALLOPURINOL HEXPHARM 300MG TABLET,allopurinol hexpharm
Klik K24,SIMVASTATIN HEXPHARM 10MG TABLET (1 Dos isi 10 Strip @10 Tablet),simvastatin hexpharm
Klik K24,SIMVASTATIN HEXPHARM 20MG TABLET (1 Dos isi 10 Strip @10 Tablet),simvastatin hexpharm
Klik K24,CHIL SCHOOL GOLD 4 COKLAT 780G BOX,chil school coklat
Klik K24,LACTOGROW 3 PLAIN 350G,lactogrow plain
Klik K24,VIDORAN XMART MILK 1 PLUS MADU 350G BOX,vidoran xmart milk
Klik K24,VIDORAN MY BABY 0-6BLN 350G,vidoran baby
Klik K24,VIDORAN XMART MILK 1 PLUS VANILA 350G BOX,vidoran milk
Klik K24,LACTOGROW 3 MADU 180G,lactogrow madu
Klik K24,CHIL SCHOOL GOLD 4 MADU 390G BOX,chil school madu
Klik K24,CHIL SCHOOL PLATINUM 4 VANILA 800G BOX,chil school vanila
Klik K24,BMT SOYA 1 0-6BLN 600G KALENG,bmt soya
Klik K24,HI LO ACTIVE VANILA 200G,hi lo vanila
Klik K24,HI LO GOLD VANILA 200G,hi lo gold vanila
Klik K24,ZEE SWISS CHOCOLATE 350G,zee swiss chocolate
Klik K24,ZEE SWIZZ CHOCOLATE SACH,zee swizz chocolate
Klik K24,ZEE VANILA TWIST MILK 350G,zee vanila twist milk
Klik K24,PROVIT PLUS ROYAL JELLY 20G SACH,provit plus royal jelly
Klik K24,PRENAGEN EMESIS PLAIN 400G,prenagen emesis plain
Klik K24,ENTRAMIX VANILA 555G,entramix vanila
Klik K24,PRENAGEN ESENSIS FRENCH VANILA 180G,prenagen esensis
Klik K24,ANLENE GOLD 5X COKLAT 640G BOX,anlene coklat
Klik K24,DIABETASOL SWEETENER SACHET (1 Box isi 100 Sachet),diabetesol sweetener
Klik K24,ZEVASK 5MG TABLET,zevask
Klik K24,CORALAN 7.5MG TABLET,coralan
Klik K24,SIMVASTATIN NOVELL 10MG TABLET,simvastatin
Klik K24,CANDESARTAN DEXA 16MG TABLET,candesartan dexam
Klik K24,NORVASK 5MG TABLET,norvask
Klik K24,KOMBIGLYZE XR 5MG/500MG,kombiglyze xr
Klik K24,DANCOW UHT COKLAT 180ML,dancow uht coklat
Klik K24,MILO ORIGINAL 220ML KALENG,milo original
Klik K24,DANCOW FULL CREAM 200G,dancow full cream
Klik K24,DANCOW FULL CREAM 400G,dancow full cream
Klik K24,NARAYA SOYA BOTOL,naraya soya
Klik K24,ENTRASOL ACTIVE VANILA STICK 32G,entrasol active vanila
Klik K24,ENTRASOL GOLD ORIGINAL 170G BOX,entrasol gold
Klik K24,ENTRASOL QUICKSTART VAN VEGGIE 30G,entrasol quickstart veggie
Klik K24,PRENAGEN MOMMY KACANG HIJAU 400G,prengen mommy kacang hijau
Klik K24,PROTEN COKL SACH 52G,proten cokl
Klik K24,NUTRIBEAN,nutribean
Klik K24,ISOCAL VANILA 400G BOX,isocal vanila
Klik K24,PRENAGEN ESENSIS VANILA 360G,prengen esensis vanila
Klik K24,FONTACTIV HPHC VANILA 200ML,fontactiv hphc vanila
Klik K24,NEO MUNE 40G SACH,neo mune
Klik K24,ANLENE GOLD 5X ORIG 620G BOX,anlene gold
Klik K24,DIASWEET POWDER,diasweet powder
Klik K24,MIOZIDINE 35MG TABLET,miozidine
Klik K24,MONECTO 20MG TABLET,monecto 20mg
Klik K24,FLEXOR TABLET,flexor
Klik K24,NITRAL 500MCG TABLET,nitral
Klik K24,ISOSORBIDE DINITRATE NOVELL 10MG TABLET,isosorbide dinitrate
Klik K24,LIPITOR 20MG TABLET,lipitor
Klik K24,ISOSORBIDE DINITRATE YARINDO 5MG (1 Strip isi 10 Tablet),isosorbide dinitrate
Klik K24,GLUCOPHAGE XR 750MG TABLET,glucophage xr
Klik K24,PLATOF 400MG TABLET,platof
Klik K24,NESTLE PEPTAMEN JUNIOR 400G,peptamen junior
Klik K24,PROLIPID CAP,prolipid cap
Klik K24,HYTROZ 2MG TABLET,hytroz
Klik K24,FASTOR 20MG CAPL 30S,fastor 20mg
Klik K24,FASTOR 10MG CAPL 30S,fastor
Klik K24,KONILIFE KOLESTRO KAPSUL LUNAK (1 botol isi 30 kapsul),kolestro kapsul
Klik K24,C CHOLINE 500MG KAPLET,c choline
Klik K24,ROSUVASTATIN AMAROX 20MG FC TABLET,rosuvastatin amarox
Klik K24,FIBESCO 300MG KAPSUL,fibesco kapsul
Klik K24,SIMVASTATIN BERNOFARM 10MG TABLET (1 Dos isi 3 Strip @10 Tablet),simvastatin
Klik K24,ACEPRESS 12.5MG TABLET,acepress
Klik K24,SIMVASTATIN BERNOFARM 20MG TABLET (1 Dos isi 3 Strip @10 Tablet),simvastatin
Klik K24,ATORVASTATIN HEXPHARM 40MG TABLET,atorvastatin hexpharm
Klik K24,SPIRONOLACTONE DEXA 100MG TABLET,spironolactone dexamethasone
Klik K24,PRENAGEN ESENSIS VELVETY CHOCOLATE 360G BOX,prenagen esensis
Klik K24,MANDALA 525 RASA PLAIN 200G,mandala
Klik K24,PRENAGEN LACTAMOM FRENCH VANILA 360G BOX,prengen lactamom
Klik K24,ENTRASOL ACTIVE COKLAT LATTE 160G,entrasol active coklat
Klik K24,AMLODIPINE HEXPHARM 10MG TABLET (1 Dos isi 10 Strip @10 Tablet),amloipine hexpharm
Klik K24,SGM LLM BEBAS LAKTOSA 0-12BLN 200G BOX,sgm laktosa
Klik K24,CAPTOPRIL IF 25MG TABLET,captopril
Klik K24,SGM LLM BEBAS LAKTOSA 0-12BLN 400G BOX,sgm laktosa
Klik K24,AMLODIPINE HEXPHARM 10MG TABLET (1 Dos isi 5 Strip @10 Tablet),amloipine hexpharm
Klik K24,CDR FORTOS EFF,fortos eff
Klik K24,ENTRASOY ALMOND SOYA 200G BOX,entrasoy almond soya
Klik K24,ROVASTAR 20MG FC TABLET,rovastar
Klik K24,SIMVASTATIN FM 10MG TABLET,simvastatin
Klik K24,SPIRONOLACTON DEXA 25MG TABLET,spironolacton dexametason
Klik K24,SIMVASTATIN KF 20MG TABLET,simvastatin
Klik K24,AMLODIPINE BERNO 5MG TABLET,amlopidine
Klik K24,SIMVASTATIN FM 20MG TABLET,simvastatin
Klik K24,SIMVASTATIN GRAHA 20MG TABLET,simvastatin
Klik K24,SIMVASTATIN HEXPHARM 10MG TABLET (1 Dos isi 5 Strip @10 Tablet),simvastatin hexpharm
Klik K24,SIMVASTATIN IFARS 20MG FC TABLET,simvastatin ifars
Klik K24,SIMVASTATIN INFION 20MG TABLET,simvastatin
Klik K24,SIMVASTATIN PROMED 10MG TABLET,simvastatin
Klik K24,SIMVASTATIN QUANTUM 20MG CAPL 100S,simvastatin
Klik K24,SIMVASTATIN YARINDO 10MG TABLET,simvastatin
Klik K24,STAVINOR 10MG TABLET,stavinor
Klik K24,STAVINOR 20MG TABLET,stavinor
Klik K24,YOSENOB 300MG KAPSUL,yosenob kapsul
Klik K24,SGM EKSPLOR 5 PLUS MADU 400G,sgm eksplor madu
Klik K24,KOLTON 100MG TABLET,kolton
Klik K24,BEBELAC 4 VANILA 350G,bebelac vanila
Klik K24,BONDI KAPSUL,bondi kapsul
Klik K24,AMLODIPINE HEXPHARM 5MG TABLET (1 Dos isi 100 Tablet),amloipine hexpharm
Klik K24,AMLODIPINE INTERBAT 5MG TABLET,amlopidine interbat
Klik K24,PEDIASURE TRIPLESURE VANILA 200G BOX,pediasure triplesure vanila
Klik K24,SIMVASTATIN BERNOFARM 10MG TABLET (1 Dos isi 10 Strip @10 Tablet),simvastatin
Klik K24,SINTROL 10MG FC KAPLET,sintrol
Klik K24,TAVORA 10MG TABLET,tavora
Klik K24,XARELTO 10MG TABLET,xarelto
Klik K24,TAVORA 20MG TABLET,tavora
Klik K24,TRUVAZ 40MG TABLET,truvaz
Klik K24,ANLENE GOLD 5X VANILA 240G BOX,anlene gold vanila
Klik K24,ANLENE GOLD 5X VANILA 640G BOX,anlene gold vanila
Klik K24,ARICEPT EVESS 5MG TABLET (1 Dos isi 2 Strip @14 Tablet),aricept e vess
Klik K24,ROSUVASTATIN AMAROX 10MG FC TABLET,rosuvastatin amarox
Klik K24,FESTARIC 40MG FC TABLET,festaric
Klik K24,FESTARIC 80MG FC TABLET,festaric
Klik K24,GLIQUIDONE 30MG TABLET DEXA,gliquidone dexametason
Klik K24,BISOPROLOL FUMARATE NOVELL 2.5MG TABLET,bisoprolol fumarate
Klik K24,CANDERIN 8MG TABLET,canderin
Klik K24,ROSUVASTATIN PRATAPA NIRMALA 20MG FC TABLET,rosuvastatin pratapa
Klik K24,CITION 1000MG TABLET,cition
Klik K24,CITION 500MG TABLET,cition
Klik K24,ROSUVASTATIN PRATAPA NIRMALA 10MG FC TABLET,rosuvastatin pratapa
Klik K24,ROVASTAR 10MG FC TABLET,rovastar
Klik K24,KOLKATRIOL F 0.5MG KAPSUL,kolkatriol
Klik K24,NITROKAF RETARD 2.5MG CAPS,nitrokaf retard
Klik K24,BENOXURIC 100MG TABLET,benoxuric
Klik K24,SGM ANANDA 0-6BLN 150G BOX,ananda
Klik K24,GLICAB 80MG TABLET,glicab
Klik K24,REXIDRON 200MG TABLET,rexidron
Klik K24,CANDEPRESS 8MG TABLET,candepress
Klik K24,CAPTOPRIL DEXA 12.5MG TABLET,captopril dexamethasone
Klik K24,CAPTOPRIL PHAPROS 12.5MG TABLET,captopril
Klik K24,CAPTOPRIL PHAPROS 25MG TABLET,captopril
Klik K24,ATORVASTATIN FAHREINHEIT 10MG TABLET,atorvastatin
Klik K24,ATORVASTATIN NOVELL 20MG TABLET,atorvastatin novell
Klik K24,ROSUVASTATIN GUARDIAN 20MG TAB 30S,rosuvastatin guardian
Klik K24,GEMFIBROZIL PHAPROS 300MG KAPSUL,gemfibrozil phapros
Klik K24,ATORVASTATIN DEXA 10MG TABLET (1 Dos isi 3 Strip @10 Tablet),atorvastatin dexam
Klik K24,SIMVASTATIN DEXA 10MG CAPL 100S,simvastatin dexam
Klik K24,CHOLESTOR 10MG FC TABLET,cholestor
Klik K24,ROVATOR 10MG FC TABLET,rovator
Klik K24,ROVATOR 20MG FC TABLET,rovator
Klik K24,AVESCO 40MG KAPLET,avesco
Klik K24,KOLEFION 20MG FC KAPLET,kolefion
Klik K24,ORVAST 10MG FC TABLET,orvast
Klik K24,ORVAST 20MG FC TABLET,orvast 20mg
Klik K24,ORVAST 40MG FC TABLET (1 Strip isi 10 Tablet),orvast
Klik K24,VASTROL 20MG FC TABLET,vastrol
Klik K24,THYROZOL 10MG TABLET,thyrozol
Klik K24,NITROKAF RETARD 2.5MG CAPS,nitrokaf retard
Klik K24,ADALAT OROS 30MG TABLET,oros
Klik K24,RECHOL 20MG TABLET,rechol
Klik K24,ISOSORBID DINITRAT 5MG INDOFARMA,isosorbid dinitrat
Klik K24,OSCAL 0.5MG KAPSUL,oscal kapsul
Klik K24,NATURAL HONEY AL SHIFA 500G,natural honey
Klik K24,NUTRIMAMA 3MG TABLET,nutrimama
Klik K24,DIGOXIN IF 0.25MG TABLET,digoxin if
Klik K24,DIGOXIN YARINDO 0.25MG TABLET,digoxin yarindo
Klik K24,CANDEPRESS 16MG TABLET,candepress
Klik K24,CANDESARTAN CILEXETIL BERNOFARM 8MG TABLET,candesartan cilexetil
Klik K24,CAPTOPRIL DEXA 25MG TABLET,captopril dexamethasone
Klik K24,CAPTOPRIL KF 12.5MG TABLET,captopril
Klik K24,CAPTOPRIL KF 25MG TABLET,captopril
Klik K24,ATORVASTATIN HEXPHARM 20MG TABLET,atorvastatin hexpharm
Klik K24,ATORVASTATIN PRATAPA NIRMALA 40MG TABLET,atorvastatin
Klik K24,ROSUVASTATIN GUARDIAN 10MG TAB 30S,rosuvastatin guardian
Klik K24,ATORVASTATIN DEXA 20MG TABLET (1 Dos 5 Strip @6 Tablet),atorvastatin dexam
Klik K24,ATORVASTATIN PRATAPA NIRMALA 10MG TABLET,atorvastatin
Klik K24,CHOLESTOR 20MG FC TABLET,cholestor
Klik K24,SIMVASTATIN BERNOFARM 20MG TABLET (1 Dos isi 10 Strip @10 Tablet),simvastatin
Klik K24,COVETOR 20MG FC TABLET,covetor
Klik K24,ROSTIN 20MG FC TABLET,rostin 20mg
Klik K24,VASTROL 10MG FC TABLET,vastrol
Klik K24,ATORVASTATIN BERNOFARM 40MG CAPL 30S,atorvastatin
Klik K24,PRAVINAT 20MG TABLET,pravinat
Klik K24,REMOVCHOL 20MG TABLET,removchol
Klik K24,REMOVCHOL 40MG TABLET,removchol
Klik K24,SELVIM 10MG TABLET,selvim
Klik K24,SELVIM 20 TABLET,selvim
Klik K24,FARMADRAL 10MG TABLET,farmadril
Klik K24,PIRACETAM DEXA 1200MG,piracetam dexam
Klik K24,VOLTAREN EC 25MG TABLET,voltaren ec
Klik K24,FREGO 5MG TABLET,frego
Klik K24,NIFEDIPIN DEXA 10MG,nifedipin dexametason
Klik K24,URESIX 40MG TABLET,uresix
Klik K24,VALSARTAN DEXA 160MG TABLET (1 Strip isi 6 Tablet),valsartan dexam
Klik K24,LISINOPRIL 5MG TABLET NOVELL,lisinopril
Klik K24,NITROKAF RETARD FORTE 5MG,nitrokaf retard forte
Klik K24,TENSINOP 10MG TABLET,tensinop 10mg
Klik K24,SPIROLA TABLET 25MG,spirola
Klik K24,TENACE 5MG TABLET,tenace
Klik K24,ESVAT 20MG TABLET,esvat
Klik K24,CITICOLINE DEXA 500MG KAPLET (1 Strip isi 6 Kaplet),citicoline dexamfetamin
Klik K24,CITICOLINE NOVELL 1000MG KAPLET (1 Strip isi 10 Kaplet),citicoline novell
Klik K24,OLMETEC 40MG TABLET,olmetec
Klik K24,NEOSMA 2.5MG TABLET,neosma
Klik K24,BISOVELL 5MG TAB 30S,bisovel
Klik K24,FORASMA 2.5 TABLET,forasma
Klik K24,OA PLUS TABLET,oa plus
Klik K24,PROSEVAL KAPSUL,proseval kapsul
Klik K24,DIASULIN (1 botol isi 90 kapsul),diasulin
Klik K24,ROSUVASTATIN NOVELL 40MG,rosuvastatin
Klik K24,DAPAZOX 10MG (1 strip isi 10 tablet),dapazox
Klik K24,ROZET 10/10MG (1 strip isi 10 tablet),rozet 10/10mg
Klik K24,ROZET 10/20MG (1 strip isi 10 tablet),rozet 10/20mg
Klik K24,ROSUVASTATIN NOVELL 10MG FC TABLET,rosuvastatin
Klik K24,ROSUVASTATIN NOVELL 20MG FC TABLET,rosuvastatin
Klik K24,ANLENE ACTIFIT 3X COKLAT 240G BOX,anlene actifit coklat
Klik K24,ANLENE GOLD 5X ORIG 250G BOX,anlene gold
Klik K24,ENFAGROW A+ 3 VANILA 800G,enfagrow a+ vanila
Klik K24,FENOFLEX 160MG KAPSUL,fenoflex
Klik K24,CANDESARTAN PYRIDAM 16MG (1 strip isi 10 tablet),candesartan pyridam
Klik K24,NUTRAFOR CHOL KAPSUL (1 Strip isi 10 Kapsul),nutrafor chol
Klik K24,FENOSUP LIDOSE 160MG KAPSUL,fenosup lidos
Klik K24,ACETYLCYSTEINE ETERCON 200MG CAP 100S,acetylcysteine etorcon
Klik K24,DEXAHARSEN 0.5MG,dexaharsen
Klik K24,CEFIXIME DEXA 200MG KAPSUL (1 Dos isi 10 Strip @10 Tablet),cefixime dexam
Klik K24,IRVASK 150MG TABLET,irvask
Klik K24,IRVASK 300MG TABLET,irvask
Klik K24,APROVEL 150MG TABLET,aprovil 150mg
Klik K24,APROVEL 300MG TABLET,aprovil
Klik K24,IRTAN 300MG TABLET,irtan
Klik K24,IRVELL 150MG TABLET,irvell
Klik K24,IRVELL 300MG TABLET,irvell
Klik K24,IRBESARTAN 300MG TABLET,irbesartan
Klik K24,CO-APROVEL 300/12.5MG TABLET,co-aprovel
Klik K24,IRBESARTAN 150MG TABLET,irbesartan
Klik K24,ADALAT OROS 30MG TABLET,adalat oros
Klik K24,AMLODIPINE SELES 5MG KAPLET,amlopidine
Klik K24,ZENICARDO 5MG (1 strip isi 10 kaplet),zenicardo
Klik K24,VALSARTAN INTERBAT 160MG (1 strip isi 7 kapsul),valsartan interbat
Klik K24,AMLODIPINE MEGA LIFESCIENCES 10MG (1 dos isi 100 tablet),amlopin
Klik K24,AMLODIPINE BETA 5MG (1 strip isi 10 tablet),amlopidine
Klik K24,TELMISARTAN NOVELL 80MG TABLET,telmisartan
Klik K24,AMLODIPINE BERNO 10MG TABLET (1 Dos isi 10 Strip @10 Tablet),amlopidine
Klik K24,AMLODIPINE BERNO 5MG TABLET,amlopidine
Klik K24,AMLODIPINE DEXA 10MG TABLET (1 Dos isi 50 Tablet),amloipine dexam
Klik K24,PRIX 25MG TABLET,prix 25mg
Klik K24,HERBAMON,herbamon
Klik K24,PEHAVASK 5MG TABLET,pehavask
Klik K24,V BLOC 6.25MG TABLET,v bloc
Klik K24,ZANIDIP 10MG TABLET 28’S,zanidip
Klik K24,NOPERTEN 10MG TABLET,noperten
Klik K24,TANAPRESS 10MG TABLET,tanapress
Klik K24,INTERPRIL 5MG TABLET,interpril
Klik K24,CONCOR AM 5/10MG TABLET,concor
Klik K24,BIOGESIC 500MG TABLET,biogesic
Klik K24,SUMAGESIC TABLET,sumagesic
Klik K24,ITRAMOL SIRUP 60ML,itramol sirup
Klik K24,HUFAGRIPP DEMAM 500MG CAPL 100S,hufagripp demam
Klik K24,SANMOL F 650MG TABLET per Strip isi 4 Tablet,sanmol f
Klik K24,GRAFADON DROP 15ML,grafadon drop
Klik K24,PANADOL SIRUP 30ML,panadol sirup
Klik K24,NAPREX SIRUP 60ML,naprex sirup
Klik K24,METAMIZOLE MARIN 500MG TABLET,metamizole marin
Klik K24,METAMIZOLE PIM 500MG KAPLET,metamizole pim
Klik K24,MIRASIC 120MG/ML SIRUP 60ML,mirasic sirup
Klik K24,GRAFADON 500MG KAPLET,grafadon
Klik K24,MIRASIC FORTE 650MG TABLET,mirasic forte
Klik K24,NOVAGESIC 500MG TABLET,novagesic
Klik K24,NOVAGESIC SIRUP 60ML,novagesic sirup
Klik K24,NUFADOL TABLET,nufadol
Klik K24,METAMIZOLE HOLI 500MG KAPLET,metamizole holi
Klik K24,FASIDOL 160MG/5ML FORTE SIRUP 60ML,fasidol sirup
Klik K24,FARMADOL 500MG TABLET,farmadol
Klik K24,ITRAMOL 500MG KAPLET,itramol
Klik K24,PARACETAMOL MEF SIRUP 60ML,paracetamol mef sirup
Klik K24,FARSIFEN PLUS KAPSUL,farsifen plus
Klik K24,FARSIFEN 200MG TABLET,farsifen
Klik K24,PROFENAL KAPLET,profenal
Klik K24,GINIFAR 500MG TABLET,ginifar
Klik K24,FASIDOL 125MG/5ML SIRUP 60ML,fasidol sirup
Klik K24,TERMOREX SIRUP 60ML,thermorex sirup
Klik K24,CONTREXYN TABLET,contrexy
Klik K24,TEMPRA JERUK DROP 15ML,tempra jeruk drop
Klik K24,PROGESIC TABLET,progesic
Klik K24,MENARA 5 PUYER SAKIT PERUT,menara 5 puyer
Klik K24,PIL SAKIT PERUT CAP LANG (PSP),pil sakit perut cap lang
Klik K24,KETOROLAC BERNOFARM 10MG TAB 30S,ketorolac
Klik K24,KETOROLAC NULAB 10MG TABLET,ketorolac
Klik K24,TORASIC 10MG TABLET,torasic
Klik K24,KETOROLAC NOVELL 10MG TABLET,ketorolac
Klik K24,PUYER SAKIT KEPALA NO 19,puyer sakit kepala
Klik K24,TAY PIN SAN PUYER SAKIT PERUT SACHET (1 Dos isi 12 Sachet),tay pin san puyer
Klik K24,PUYER OBAT SAKIT KEPALA NO 38,puyer obat sakit kepal
Klik K24,PANADOL ANAK CHEW TABLET,panadol anak chew
Klik K24,INZANA TABLET,inzana
Klik K24,IKACETAMOL SYR,ikacetamol
Klik K24,OTTOPAN 120MG/5ML SIRUP 60ML,ottopan sirup
Klik K24,BODREX TABLET,bodrex
Klik K24,SANMOL TABLET 500MG per Strip isi 4 Tablet,sanmol tablet
Klik K24,PRORIS FORTE 200MG/5ML SUSP 50ML,proris forte
Klik K24,HUFAGRIPP TMP SUSP 60ML,hufagripp tmp
Klik K24,MIRASIC 500MG TABLET,mirasic
Klik K24,FARSIFEN FORTE 200MG/5ML SUSP 60ML,farsifen forte
Klik K24,ERPHAMOL SIRUP 60ML,erphamol sirup
Klik K24,ERPHAMOL DROP,erphamol drop
Klik K24,ERPHAMOL 500MG KAPLET,erphamol
Klik K24,PROSINAL SUSP 60ML,prosinal susp
Klik K24,MAGANOL 500MG TABLET,maganol
Klik K24,PANADOL EXTRA TABLET (Per Strip isi 10 Tablet),panadol extra
Klik K24,PRONTO TABLET,pronto
Klik K24,MINYAK ANGIN POLAR BEAR 8ML,minyak angin polar bear
Klik K24,PARAMEX TABLET (1 Strip isi 4 Tablet),paramax tablet
Klik K24,ANTALGIN PHYTO 500MG TABLET,antalgin phyto
Klik K24,LAMESON 4MG TABLET,lameson
Klik K24,BODREXIN PILEK ALERGI PE SYR 56ML,bodrexin pilek
Klik K24,PANADOL FLU & BATUK KAPLET,panadol flu batuk
Klik K24,BODREXIN FLU & BATUK PE SIRUP 56ML,bodrexin flu & batuk
Klik K24,BODREXIN FLU & BATUK PE DRY SIRUP 60ML,bodrexin flu & batuk pe dry sirup
Klik K24,BODREXIN DEMAM SIRUP 60ML,bodrexin demam sirup
Klik K24,BODREXIN FLU & BATUK TIDAK BERDAHAK DPH SIRUP 56ML,bodrexin flu batuk
Klik K24,COLDREXIN PILEK&DEMAM SIRUP 60ML,coldrexin pilek&demam sirup
Klik K24,BODREXIN DEMAM JERUK DROP 15ML,bodrexin demam jeruk
Klik K24,DECOLGEN KIDS FLU SIRUP 60ML,decolgen kids flu sirup
Klik K24,BODREXIN DEMAM FORTE JERUK SUSPENSI 60ML,bodrexin demam jeruk suspensi
Klik K24,BODREXIN DEMAM JERUK DRY SYR 60ML,bodrexin demam jeruk
Klik K24,PANADOL COLD FLU REG TABLET,panadol cold flu
Klik K24,TRIAMINIC BATUK PILEK SIRUP 60ML,triaminic batuk pilek sirup
Klik K24,MIXAGRIP FLU & BATUK TABLET,mixagrip
Klik K24,PIMTRAKOL CHERRY SYR 60ML,pimtrakol cherry syr
Klik K24,DONEXAN TABLET (1 strip isi 10 tablet),donexan
Klik K24,FLUTOP C TABLET,flutop c
Klik K24,FEBRINEX SIRUP 60ML,febrinex sirup
Klik K24,SILADEX FLU SIRUP 60 ML,sildex flu sirup
Klik K24,BROCHIFAR KAPLET,brochifar kaplet
Klik K24,MOLEXFLU PE KAPSUL,molexflu pe
Klik K24,AFLUCAPS PE KAPLET,aflucaps pe
Klik K24,PROMEDEX TABLET (1 Strip isi 10 Tablet),promedex
Klik K24,HUSTADIN SIRUP 60ML,hustadin sirup
Klik K24,SANAFLU TABLET,sanaflu
Klik K24,ALERFED TABLET,alferfed
Klik K24,FLUCADEX PE FLU DAN BATUK BERDAHAK (1 strip isi 10 kaplet),flu cadex
Klik K24,NEO UNIBEBI COUGH SYR 60ML,neo unibebi cough syr
Klik K24,ANTIZA SIRUP 60ML,antiza sirup
Klik K24,ULTRAFLU FLU & BATUK (1 strip isi 4 kaplet),ultraflu flu batuk
Klik K24,OBH COMBI PLUS BATUK FLU MENTHOL SIRUP 100ML,obh combi plus batuk flu menthol sirup
Klik K24,BETADINE GARGLE 190ML,betadine gargle
Klik K24,OBH COMBI BATUK BERDAHAK MENTHOL SIRUP 100ML (GEPENG),obh combi batuk menthol sirup
Klik K24,DIXOL ALKOHOL 70% 100ML,dixol alkohol
Klik K24,DIXOL ALKOHOL 70% 500ML REFILL,dixol alkohol
Klik K24,DIXOL ALKOHOL 70% 1L REFILL,dixol alkohol
Klik K24,DIXOL ALKOHOL 70% 250ML REFILL,dixol alkohol
Klik K24,DIXOL ALKOHOL 70% 5L REFILL,dixol alkohol
Klik K24,GIOVAN ANTISEPTIK 100ML,giovan antiseptik
Klik K24,AFI ALKOHOL 95% 100ML,afi alkohol
Klik K24,AFI ALKOHOL 95% 300ML,afi alkohol
Klik K24,ALKOHOL 70% ONE MED 300ML,alkohol one med
Klik K24,ALKOHOL 70% ONE MED 1000ML,alkohol one med
Klik K24,TOTAL CARE ANTISEPTIK NASAL SPRAY 20ML,total care antiseptik nasal spray
Klik K24,HANSAPLAST ANTISEPTIK PEMBERSIH LUKA 40ML SPRAY,hansaplast antiseptik
Klik K24,ALKOHOL 70% ONE MED 100ML,alkohol one med
Klik K24,RIVANOL MOLEX AYUS 100ML,rivanol molex ayus
Klik K24,ALKOHOL 70% IKA 500ML,ika alkohol
Klik K24,PUREKIDS ITCHY CR 15G,purekids itchy cr
Klik K24,PUREKIDS TOOTHPASTE BANANA 50G,purekids toothpaste banana
Klik K24,PUREKIDS TOOTHPASTE STRAW 50G,purekids toothpaste
Klik K24,DIXOL HAND SANITIZER GEL 500ML PUMP,dixol hand sanitizer
Klik K24,DIXOL HAND SANITIZER LIQUID 100ML SPRAY,dixol hand sanitizer
Klik K24,DIXOL HAND SANITIZER LIQUID 500ML REFILL,dixol hand sanitizer
Klik K24,DIXOL HAND SANITIZER GEL 250ML PUMP,dixol hand sanitizer
Klik K24,DIXOL HAND SANITIZER LIQUID 500ML PUMP,dixol hand sanitizer
Klik K24,ALKOHOL 70% IKA 100ML,ika alkohol
Klik K24,ALKOHOL 70% SEINO 285ML,alkohol seino
Klik K24,AXIMED ALKOHOL SWAB 100S,aximed alkohol swab
Klik K24,ALTAMED ALKOHOL SWAB (1 BOX isi 100PCS),altamed alkohol swab
Klik K24,ONE SWABS ALKOHOL SWAB (1 dos isi 100 pcs),one swabs alkohol
Klik K24,PUREKIDS EYE CARE (1 botol isi 30 tablet),purekids eye care
Klik K24,OCTEDINE 0.1% 50ML SPRAY,octedine
Klik K24,VITAMIN B COMP NOVA,vitamin b comp
Klik K24,VIDORAN GUMMY VITAMIN C,vidoran gummy vitamin c
Klik K24,INAVITAMAX VITAMIN C KAPSUL,inavitamax vitamin c
Klik K24,VITAMIN C PROMED 500MG,vitamin c promed
Klik K24,VITAMIN B COMP MARIN TABLET,vitamin b comp
Klik K24,VITAMIN B COMP IPI TABLET,vitamin b comp ipi
Klik K24,VITAMIN B COMP PIM TABLET,vitamin b comp pim
Klik K24,VITAMIN B COMP KF TABLET,vitamin b comp
Klik K24,VITAMIN B COMP IMFARMIND TABLET,vitamin b comp
Klik K24,VITAMIN B COMP NOVAPHARIN KAPLET,vitamin b
Klik K24,VITAMIN C KF 100MG TABLET,vitamin c
Klik K24,VITAMIN C TRIMAN 500MG KAPLET,vitamin c triman
Klik K24,VITAMIN C BALATIF 50MG TABLET,vitamin c balatif
Klik K24,VITAMIN C PIM 25MG TABLET,vitamin c pim
Klik K24,VITAMIN C KF 250MG TABLET,vitamin c
Klik K24,VITAMIN C MEF 25MG TABLET,vitamin c mef
Klik K24,VITAMIN C IMFARMIND 250MG TABLET,vitamin c imfarmind
Klik K24,YOUVIT CURCUMA VITAMIN GUMMY SACHET,youvit curcuma vitamin gummy
Klik K24,VITAMIN B12 HOLI 50MCG TABLET,vitamin b12 holi
Klik K24,EGOJI SIRUP ANGGUR 50ML,egoji sirup anggur
Klik K24,VITAMIN B COMPLEX IPI (isi 80 tablet),vitamin b complex
Klik K24,VITAMIN B COMP IPI TAB 45S TUBE,vitamin b comp ipi
Klik K24,NUTRIMAX C PLUS JUNIOR (1 botol isi 30 tablet kunyah),nutrimax c plus junior
Klik K24,BECEFORT KAPLET (per Strip isi 4 Kaplet),becefort
Klik K24,BENOVIT C TABLET,benovit c
Klik K24,ENERVON ACTIVE (Isi 30 Kaplet),enervon active
Klik K24,ARKAVIT C TABLET,arkavit c
Klik K24,BIOSANBE KIDS SIRUP120ML,biosanbe sirup
Klik K24,REDOXON KIDS VIT C 200MG JERUK CHEW TABLET,reodoxon kids vit c
Klik K24,SGM EKSPLOR GAIN OPTIGROW 1 PLUS VANILA MADU 400G BOX,eksplor gain optigrow 1 plus vanila madu
Klik K24,SGM ANANDA GAIN 100 0-12BLN 400G BOX,ananda gain
Klik K24,LOVAMIL HAMIL COKLAT 200G,lovamil coklat
Klik K24,PIGEON BOTOL PP PERISTALTIC NIPPLE 240ML,pigeon botol pp peristaltic nipple
Klik K24,VIDORAN XMART MILK 1 PLUS VANILA 725G BOX,vidoran xmart milk
Klik K24,BMT GOLD 1 0-6BLN 190G BOX,bmt gold
Klik K24,BEBELAC GOLD SOYA 3 VANILA 360G BOX,bebelac gold soya vanila
Klik K24,BEBELOVE 1 0-6BLN 800G KALENG,bebelove
Klik K24,LACTOGEN 1 0-6BLN 180G BOX,lactogen
Klik K24,BEBELOVE 2 6-12BLN 800G KALENG,bebelove
Klik K24,ISOCAL VANILA 400G BOX,isocal vanila
Klik K24,NESTLE PEPTAMEN JUNIOR 400G,peptamen junior
Klik K24,MANDALA 525 RASA PLAIN 200G,mandala
Klik K24,DODO MILK CONTAINER SMALL 3 LAYER,dodo milk container
Shopee,Jessen Freshcare Fresh care Smash / Fruity / Matcha / VapoBalm Minyak Angin Aromatherapy Roll ON,jessen freshcare smash
Shopee,Masker Duckbill 50 Pcs Tebal Masker Duckbil Mix Warna Warni Face Mask,masker duckbill
Shopee,FRESH CARE Eucalyptus Patch Isi 12/ FreshCare Stiker Masker /Minyak Angin Aromatheraphy Roll On 10mL,fresh care eucalyptus patch
Shopee,Minyak Kayu Putih Cap Lang,minyak kayu putih
Shopee,Masker Duckbill Garis Facemask 1 Box Isi 50 Pcs (tersedia ecer 25pcs hitam dan putih),masker duckbill
Shopee,Dental floss benang Busur tusuk gigi Macromolecul carea pembersih sela gigi isi 50 pcs LBX Lerch Flosser Toothpick,dental floss
Shopee,OneMed Masker Medis Earloop per Box isi 50 pcs,onemed masker medis
Shopee,Ciptadent Pasta Gigi Maxi Jumbo Cool Mint 225g,ciptadent pasta gigi
Shopee,[GROSIR] MINYAK KAYU PUTIH CAPLANG 120 ML [EXP 2027],minyak kayu putih
Shopee,MASKER KF94 MOUSON ISI 10PC Masker KF 94 4ply Masker 4D EVO isi 10pcs,masker kf94 mouson
Shopee,Masker Duckbill 3Ply FaceMask Premium Mask Putih Garis seperti Sensi/Masker Duckbill Y&B Care (50pcs),masker duckbill
Shopee,FRESH CARE FRESHCARE Aromatherapy Roll On | Minyak Angin I Teens I StoryofMU,fresh care aromatherapy
Shopee,Jessen Freshcare Minyak Angin Aromatherapy Fresh Care Inhaler 10ml (SATUAN / ECER),jessen freshcare minyak angin
Shopee,Ciptadent Pasta Gigi Maxi 12 Cool Mint Tube Plus Jumbo 225 gr,ciptadent pasta gigi
Shopee,Medisoft Kapas Bola / Kapas bayi / Kapas Bulat / Kapas Medisoft isi 120 Bola Kapas,kapas medisoft
Shopee,Ciptadent Sikat Gigi Crystal Clean Medium Kotak Isi 3 Pcs,ciplat sikat gigi crystal clean
Shopee,MASKER DUCKBILL HITAM FACEMASK ISI 50 PCS nobox,masker duckbill
Shopee,MASKER DUCKBILL 10PCS 50pcs 1PACK 50 3PLY KEMENKES RI,masker duckbill
Shopee,SUHU Masker KF94 MOUSON 4Ply isi 10Pcs Putih Hitam Abu Warna KF 94 4Ply Earloop Surgical Mask,suhu masker kf94
Shopee,Barakat Pasta Gigi Siwak & Greentea Tube 75 gr x3,barakat pasta gigi
Shopee,Masker KF94 Korea 4 Ply 4 Lapis Warna Morandi Color Mask Pack Isi 10 pcs pelindung sekali pakai,masker korea
Shopee,MASKER DUCKBILL FACEMASK 3 PLY ISI 50 PCS PER KOTAK WARNA HITAM & PUTIH,masker duckbill facemask
Shopee,"MASKER DUCKBILL FM HITAM,PUTIH BAHAN TEBAL ISI 50PCS + BOX",masker duckbill
Shopee,TERMURAH MEDAN - MASKER DUCKBILL FACEMASK BERGARIS ISI 50PCS,masker duckbill
Shopee,Masker Duckbill Mouson ISI 50pcs emboss MOUSON 4ply disposable facemask,mouson facemask
Shopee,FreshCare 10ml Minyak Angin Fresh Care Aromaterapi Aromatherapy Roll,freshcare minyak angin
Shopee,Fresh Care Minyak Aromaterapi Grosir Perbotol,fresh care minyak aromaterapi
Shopee,MASKER DUCKBILL GARIS 3PLY SURGICAL ISI 50PCS/BOX [PERFECTHOME],masker duckbill
Shopee,Ciptadent Sikat Gigi Extra Clean Soft Kotak Isi 3 Pcs,ciptadent sikat gigi
Shopee,Masker Duckbil ALKINDO isi 50Pcs Putih Hitam Abu Warna Duckbill Earloop Surgical Mask,masker duckbil
Shopee,Pasta Gigi NASA Solusi Masalah Bau Mulut / Mengatasi Gigi Berlubang / PGN NASA / Menyegarkan Nafas NASA,pasta gigi nasa
Shopee,Timbangan Badan Kaca Digital - Elektronik 180kg KARTUN SCALE OLL - 2125,timbangan kaca digital
Shopee,MASKER KF94 UTAMA SACHET 10PC ORIGINAL,masker kf94
Shopee,Masker Duckbill 50 Pcs Masker Duckbil Warna Hitam Putih Facemask 1 Box Mix Campur,masker duckbill
Shopee,Masker 3 ply 3Ply Earloop Tali kuping 1 box isi 50 pcs ORLEE Putih White,masker 3 ply
Shopee,FRESH CARE Plossa Minyak Angin Aromatheraphy freshcare Roll On 10mL MIX Inhalant Press & Relax,fresh care plossa minyak angin
Shopee,Systema Sikat Gigi Smart Clean Isi 3 Pcs,sikat gigi smart clean
Shopee,[ZS21] Masker Duckbill Facemask Isi 50 Pcs Mix Hitam Putih Murah,masker duckbill facemask
Shopee,Masker Duckbill 3D Embos Orlee 3 Ply 3Ply Earloop Kemenkes isi 10 pcs Putih Hitam Merah Kuning Abu Red White Black Grey Yellow,masker duckbill
Shopee,MASKER DUCKBILL PUTIH / HITAM 3D 3 Ply Isi 50 pcs Face Mask,masker duckbill
Shopee,Masker Duckbill ALKINDO 4ply Dewasa isi 50pcs Earloop Garis Putih Hitam Warna Disposable Mask,masker duckbill alkindo
Shopee,Face mask duckbill PUTIH protective 3ply (50pc) masker duck bill,face mask duckbill
Shopee,LIFREE PANTS POPOK CELANA DEWASA / POPOK DEWASA [Size : M/L/XL per 1 Sachet],lifree popok
Shopee,MASKER KF94 FACEMASK ONCARE/C-CARE/WEMASK/MOUSON 3PLY 4PLY 10PCS,kf94 facemask
Shopee,Masker Headloop Hijab 3 Ply 3Ply Face Mask anti Virus 1 box isi 50 Pcs Orlee,masker headloop hijab
Shopee,MASKER DUCKBILL YNB FACEMASK GARIS MIRIP SENSI - Masker duckbill murah terlaris isi 50pcs,masker duckbill
Shopee,Masker Duckbill Careion 4ply Warna Premium isi 10PC Masker Duck bill 3D Dewasa Disposable Mask(10PC),masker duckbill careion
Shopee,Masker KF94 Mouson 10Pc Sachet 4ply Original,masker kf94 mouson
Shopee,(HARGA GROSIR) Air Softlens X2 60ml / Cairan Softlens X2 60 ML / X2 Comfort 60ml / Air Pencuci Softlens / Steril / Pembersih Softlens / Soflen / Softlen / Soflens / Coolsoftlens / CSCOOL / 1,softlens
Shopee,Masker Duckbill 3D Orlee 3 Ply 3Ply Earloop Medis Kemenkes isi 10 pcs Pria Wanita embos original,masker duckbill
Shopee,Masker KF94 4Ply Isi 50 Pcs Hitam Putih Earloop JM,masker kf94
Shopee,[MURAH BGT] METOO PASTA GIGI MW3- BPOM-pemutih gigi / Bebas Sensitif / Bebas Karang Gigi / Pasta Gigi Probiotik / Karang Gigi / Gusi Sensitif / Membersihkan Noda Gigi- METOO MW-3 Advanced Whitening Tooth Paste 100 gr,metoo pasta gigi
Shopee,MASKER KF94 MOUSON WARNA KLIP ISI 10 PCS,masker kf94 mouson
Shopee,Masker KF94 Mouson Dewasa Isi 10 Pcs | 4 Ply 3D Design Nyaman | GIENLY,masker kf94 mouson
Shopee,MASKER DUCKBILL GARIS IMPORT TERBARU ISI 10PCS,masker duckbill
Shopee,[ISI 50] Masker Duckbill Import Ada Garis ISI 50 PCS KUALITAS BAGUS,masker duckbill
Shopee,Masker SENSA PLUS Hijab Headloop 3ply isi 50pcs,masker sensa plus
Shopee,BELLA BOX ISI 50 - MASKER DUCKBILL MOLANDI WARNA MURAH FACE MASK 3PLY BFE 95% - HITAM PUTIH WARNA RAINBOW MURAH TERMURAH,bella box masker duckbill molandi face mask
Shopee,Masker Duckbill 3D kn95 3ply 3 Ply Duck Bill earloop Tali isi 50 Pcs Tanpa BOX,masker duckbill
Shopee,MASKER KF94 careion MASKER KF 94 MASKER KOREA 4PLY ISI 10pc care ion sertifikat CE Bnpb,masker korea
Shopee,Kalon Teh Hijau Premium Saffron | Teh Pelangsing Herbal | Teh Hijau | Pelangsing BPOM,kalon teh hijau
Shopee,Masker Kf94 4Ply 4 ply korea Hitam Putih Pink Hijau Kuning Ungu Biru 10pcs Mix Warna,masker kf94
Shopee,Magister Cairan Air Soflens / Air Pembersih Softlens Solution 120ml,soflens solution
Shopee,"BEST SELLER!!! Wristape / Fingertape / perban elastis/perban berperekat/cohesive bandage 5CM x 4,5M",wristape
Shopee,Masker KF94 CAREION 4Ply isi 10Pcs KF 94 Putih Hitam Abu Warna Earloop Surgical Mask Kemenkes,masker kf94 careion
Shopee,[ZS21] Masker Duckbill Mix Warna Warni 1 Box Isi 50 Pcs,masker duckbill
Shopee,[FS] 50PCS KF94 Masker Korea Tali Senada Dewasa & Anak anak,kf94 masker korea
Shopee,Kasa Kotak 16x16cm isi 12lembar Hexa Husada Kasa Hidrofil Hexa Husada Kasa Steril,kasa hidrofil
Shopee,MASKER KF94 MOUSON WARNA HITAM PUTIH ABU KLIP ISI 10 PCS(BEST SELLER,masker kf94 mouson
Shopee,DUCKBILL GRADATION SERIES CRIEON/DUCKBILL 4 PLY CARIEON MIX WARNA,duckbill crieon
Shopee,MASKER DUCKBIL EMBOS GARIS NEW ALKINDO C CARE SEPERTI SENSI 3PLY ISI 50PCS DAN 10PCS BUKAN SENSI,masker duckbil
Shopee,Masker Duckbill 3Ply 50Pcs Putih Dan Hitam,masker duckbill
Shopee,Masker KF94 Isi 50Pcs Hitam Putih Abu Murah,masker kf94
Shopee,Masker Duckbill Alkindo Mouson 4 Ply Isi 50 Pcs,masker duckbill
Shopee,❤ BELIA ❤ FRESH CARE (✔️BPOM) Minyak Angin Aromatheraphy Roll On 10mL | aroma terapi gosok freshcare,belia fresh care minyak angin
Shopee,Fresh Care Aromatherapy Roll On | Minyak Angin FreshCare | Teens - Minyak Angin | TnT Beauty Shop,fresh care aromatherapy roll on
Shopee,Masker Mouson Duckbill Garis 4 PLY isi 50 pcs Dewasa Disposable Mask Dewasa Hitam / Putih,masker mouson duckbill
Shopee,Masker Sensi Duckbill Isi 6/Pack Original,masker sensi duckbill
Shopee,Masker Kf94 Isi 50pcs 10pcs Mix Warna Warni Hitam Putih Murah,masker kf94
Shopee,Sheeby Beauty 1 PCS Pemutih Badan Minuman Collagen & Wajah Anti Aging Anti Acne - Whitening Booster - Glutathione Memutihkan Pencerah,sheeby beauty pemutih badan
Shopee,*DUCKBILL FACE MASK PROMOSI MURAH/DUCKBILL FACE MASK ISI 50 PCS/DUCKBILL PROMOSI,duckbill face mask
Shopee,Masker Kf94 4Ply 4 ply korea Convex 4D Hitam Putih merah abu pink biru isi 10 pcs,masker kf94
Shopee,Masker Duckbill Facemask Earloop 3ply Isi 50 Pcs,masker duckbill facemask
Shopee,Masker Duckbil Garis Dewasa Isi 50pcs Hitam/Putih,masker duckbil
Shopee,Masker Earloop Duckbill FACE MASK Tali Kuping 3ply 3 ply isi 50 pcs,masker earloop duckbill face mask
Shopee,( MOUSON ) Masker KF94 4 Ply Evo Plusmed Masker 4D KF 94 Murah Ready,mouson masker kf94
Shopee,Masker duckbill warna warni 50 pcs 3 Ply Masker Duck bill Rainbow,masker duckbill
Shopee,Dental Kit Hotel 2 Sikat Gigi 1 Pasta ( Isi 10 Pcs ),dental kit
Shopee,MOUSON PRO Masker KN95 5Ply isi 10Pcs KN 95 Disposable Face Mask,mouson pro masker kn95
Shopee,[BPOM] METOO MW-3 Advanced Whitening Tooth Paste 1/2/3pcs - Gigi Putih / Bebas Sensitif / Bebas Karang Gigi / Pasta Gigi Probiotik / Karang Gigi / Gusi Sensitif / Membersihkan Noda Gigi,metoo mw-3 tooth paste
Shopee,Masker KF94 KOREA WARNA ISI 10,masker korea
Shopee,MASKER KF94 WE MASK / CAREION (4ply) 1 PACK ISI 10 PCS,masker kf94
Shopee,MASKER KF94 4PLY,masker kf94
Shopee,Masker Duckbill Mouson Dewasa Isi 50 Pcs | 4 Ply Original | GIENLY,masker duckbill
Shopee,FILTCARE Masker KF94 Korea 4 ply Premium isi 10 pcs High Quality IZIN KEMENKES RI (TALI SENADA),filtcare masker korea
Shopee,Teh Diet Pelangsing Badan Herbal dan Peluntur Lemak Terampuh Detox Herbal Daun Jati Cina Alami,teh diet pelangsing badan herbal
Shopee,(GROSIR 8.500) CAIRAN PEMBERSIH SOFTLENS X2 MPS 60ML,cairan pembersih softlens
Shopee,MOUSON PRO Masker 5 Ply isi 10 Pcs KN 95 Disposable Face Mask,mouson pro masker
Shopee,Cotton Buds Selection Cottonbuds cottonbud Hygienic Kapas Korek Kuping (isi 100),cotton buds
Shopee,MASKER DUCKBILL GARIS DUCKBIL ISI 50PCS,masker duckbill
Shopee,X2 Extra Comfort 60ml Cairan Pembersih Softlens Multi Purpose Solution Expired April 2028,x2 extra comfort
Shopee,Masker Korea KF94 Premium 4 Ply Isi 10 pcs Disposable HITAM PUTIH,masker korea
Shopee,Duckbill OneCare 4ply masker dewasa EMBOS One Care earloop premium 50pcs Produk Lokal,duckbill one care
Shopee,Masker KF 94 CAREION ISI 10PC Masker 4D Masker KF94 CAREION KOREA 4ply KF94 Warna isi 10,masker kf94 careion
Shopee,Masker Duckbill Mouson 4ply earloop disposable facemask Duck Bill / Duckbill Impor,masker duckbill
Shopee,MASKER DUCKBILL FM TERMURAH ISI 50 PCS + BOX,masker duckbill
Shopee,Masker Duckbill FACE MASK Earloop Tali Kuping 3ply 3 ply isi 50 pcs,masker duckbill face mask
Shopee,Masker KF94 Oncare Anak Warna 4ply 1pack Isi 10pc,masker kf94 oncare
Shopee,(GROSIR 8.500) CAIRAN SOFTLENS ICE 60ML WITH PRO VITAMIN B5,cairan softlens
Shopee,Siwak plus holder Mudah Dibawa atau sudah dengan tempatnya berbentuk pulpen | siwak miswak SUNNAH PLUS HOLDER,siwak plus holder
Shopee,izin kemenkes / masker kf94 mouson isi 10pcs Daily protective face mask kemasan pack,izin kemenkes masker kf94 mouson
Shopee,Masker Duckbill Hitam 3 Ply isi 50 Pcs Premium Mask,masker duckbill
Shopee,Masker Duckbil 4Ply Putih Hitam Abu Warna Duckbill 4 Ply Earloop Surgical Mask Kemenkes,masker duckbil
Shopee,Masker KF94 4Ply Isi 10Pcs Hitam Putih,masker kf94
Shopee,Ice 60ml Cairan Pembersih Softlens Multi Purpose Solution Pro With Vit B5 Expired Maret 2028,ice softlens solution
Shopee,Masker KF94 4 Ply Disposable Face Mask Kesehatan Korea Kpop 4Ply (1 pack isi 10 pcs) Hitam Putih,masker k94
Shopee,KF94 ANAK 4PLY MOTIF ISI 10PCS MASKER 4 PLY WARNA KARAKTER KF 94,kf94 masker
Shopee,[ZS21] Masker Duckbill Alkindo Mouson 3Ply | 4Ply 1 Box Isi 50 Pcs,masker duckbill alkindo
Shopee,Kasa Hidrofil 16x16cm Hexa Husada / Kasa Steril Hidrophile,kasa hidrofil
Shopee,Masker KF94 Black - Masker Korea 4Ply Earloop Hitam KF 94,masker korea
Shopee,Cairan Softlens X2 120ml / Air Softlen X2 Comfort 120 ml,cairan softlens x2
Shopee,Power O AO american orthodontic ortho karet behel braces 0 ring dental gigi america amerika kawat gigi ALICE DENTAL ALICEDENTAL,power ao karet behel braces
Shopee,Masker Duckbill 4 Ply Alkindo Isi 50 Pcs,masker duckbill
Shopee,"Cotton Bud Isi 45-50 Batang - Lembut, Higienis, Aman untuk Bayi",cotton bud
Shopee,masker duckbill garis model alkindo isi 50pcs duckbill hitam putih,masker duckbill
Shopee,Masker Duckbill 50 Pcs Tebal Warna Warni Duckbil Face Mask 1Box Mix Campur Hitam Putih,masker duckbill
Shopee,Masker Duckbill ALKINDO Earloop 4ply Isi 50 Pcs,masker duckbill alkindo
Shopee,Timbangan Badan Digital 180KG Kaca Elektronik LCD Akurat Motif Kartun 25x21cm,timbangan badan digital
Shopee,POWER O LOKAL ECER,power o lokal
Shopee,KF94 WARNA WARNI 4PLY /KF94 WE MASK WARNA MATCHA NUDE PINK/ MASKER KF 94 KOREA (TALI SENADA) KF94 MOUSON / KF94 CAREION,masker kf94
Shopee,Kasa Hidrofil 16x16cm HEXA HUSADA,kasa hidrofil hexa
Shopee,Alat Tes Hamil Compact Stick Pregnancy Test Pack Kehamilan Stik Testpack HCG Midstream Colloidal Aman,alat tes hamil
Shopee,Masker KF94 Careion 4Ply Isi 10 Lembar EVO,masker kf94 careion
Shopee,[BPOM]METOO MW-3 Advanced whitening Toothpaste 100g - Gigi Putih / Bebas Sensitif / Bebas Karang Gigi / Pasta Gigi Probiotik / Karang Gigi / Gusi Sensitif / Membersihkan Noda Gigi,metoo mw-3 toothpaste
Shopee,Masker KN95 Pro Isi 10 Warna Beragam,masker kn95
Shopee,HIGH QUALITY power O karet ortho karet behel braces kawat gigi o ring orthodontic ALICE DENTAL ALICEDENTAL,alice dental
Shopee,MASKER KF94 4PLY MOUSON ISI 10 PCS,masker kf94
Shopee,MUMTAAZZTORE PEMBALUT CHARM BODYFIT EXTRA MAXI NON WING 1P ISI 10 SACHET PPPMS KTRK UCID,mumtazztores pembalut bodyfit
Shopee,Pepsodent PASTA GIGI Pencegah Gigi Berlubang Anti-cavity Toothpaste dengan Double Kalsium 225G x2,pepsodent pasta gigi
Shopee,Face mask duckbill protective 3ply (50pc) premium mask garis seperti sensi/masker duckbil Y&B care,mask duckbill
Shopee,Masker Duckbill Alkindo Dewasa Isi 50 Pcs | 4 Ply Nyaman & Breathable | GIENLY,masker duckbill alkindo
Shopee,ONEMED Masker Karet Medis Box Isi 50 Pcs,onemed masker karet
Shopee,Masker KF94 Korea 4Ply Isi 10 Pcs Warna Beragam,masker korea
Shopee,Nice Look Nicelook 60ml Cairan Pembersih Softlens Multi Purpose Solution Exp. 09-2029,nicelook softlens solution
Shopee,"DUCKBILL MASKER, IZIN MENKES RI, 1 BOX ISI 50pcs",duckbill masker
Shopee,MASKER KF94 CAREION ORIGINAL PACK ISI 10 PCS / MASKER KOREA / MASKER KF94 KOREA / MASKER,masker korea
Shopee,AZ KF94 MAsker 10 PCS Masker Korea 4PLY Masker EVO 4D Premium,masker korea
Shopee,CAIRAN SOFTLENS X2 120 ML,cairan softlens
Shopee,BEHELLDENTAL ORI KARET BEHEL AMERICAN ORTHODONTICS SUPER TEBAL POWER O AO -Karet Pehel Motif ORTHO USA Premium Ligature Ties - Motif Ring Bulat Orthodontic Orthodontics Braces ORIGINAL,behell dental karet
Shopee,Korek kuping Alat Pembersih kotoran telinga ear wax 5 in 1 Stainless steel besi earwax,korek kuping
Shopee,Duckbil Masker 3 Ply Isi 50 Pcs Izin Kemenkes,duckbil masker
Shopee,Test Hamil Onemed - Alat Test Kehamilan,test hamil onemed
Shopee,Morinz Onemed Tes Hamil Tespek Test Pack Alat Tes Kehamilan (SATUAN & BOX),morinz onemed tes hamil
Shopee,MASKER KF94 KOREA KUALITAS PREMIUM MURMER WARNA TERLENGKAP 45++ 10pc,masker k94
Shopee,"Masker KF94 Korea, 4ply Evo Masker, 1 Box ISI 10Pcs",masker korea
Shopee,FILTCARE Masker DUCKBILL 10PCS 3PLY Medis Garis model sensi Rainbow Nude BFE 95% Surgical Mask,filtercare masker duckbill
Shopee,MIISOO Disposable Mask Per BOX EVO N95 KN95 BFE 95% Masker Kesehatan 4ply Masker wajah KF94 BNPB,miisoo n95 masker
Shopee,[ZS21] Masker KF94 Korea 4Ply Hitam Putih Isi 10 Pcs dan 50 Pcs,masker kf94 korea
Shopee,Masker Duckbill 3D Embos Orlee 3 Ply 3Ply Earloop 1 pack isi 10 pcs pouch,masker duckbill
Shopee,Med+ Masker 3Ply Hijau/Biru/Putih/Hitam/Pink 50 Pcs / Masker 3Ply Kemenkes Disposable Face Mask,med masker
Shopee,Masker KN95 Careion Warna Warni Isi 10pc Masker KN 95 5ply Careion Face Mask isi 10pc,masker kn95 careion
Shopee,Madame Gie Protect You KF94 Mask - Masker Isi 10,madame gie protect you kf94 mask
Shopee,MASKER KN95 MOUSON PRO 5PLY ISI 10LEMBAR,masker kn95 mouson
Shopee,Magister Cairan Softlens 120ML Comfort Air Softlens Contact Lens Solution,softlens contact lens solution
Shopee,BISA COD ( 1 Box Isi 10 PCS ) Koyo kaki Kinoki GOLD Koyo Kesehatan Detox Toksin Ampuh Buang Racun,kinoki koyo kaki
Shopee,MASKER WEMASK ISI 10PCS (HARGA GROSIR)KF94 4PLY,masker wemask
Shopee,Confidence Popok Dewasa Adult Premium Pants M L XL - Confidence Popok Celana Dewasa Satuan - Popok Confidence Celana Renceng,popok dewasa
Shopee,ONCARE KF94 Masker Dewasa 4 Ply Filtration Sachet isi 10 Pcs Earloop Korea Mask,oncare kf94 masker
Shopee,ALKINDO Duckbill 4 PLY Dewasa isi 50 PCS Masker Box Medis Earloop,alkindo duckbill
Shopee,Masker 3ply isi 50pcs / Face mask / Disposable mask / Masker 3ply earloop isi 50pcs WARNA,masker 3ply
Shopee,Cairan Softlens Nice Look 60ml Untuk Cuci Rendam,softlens nice look
Shopee,TES KEHAMILAN GEA ONEMED PER PC URINE PREGNANCY TEST PRO HAMIL TEST PACK MEDICALONLINE,gea onemed pregnancy test
Shopee,Masker Kf94 Earloop Korea 10pcs Premium Tebal,masker kf94
Shopee,MIISOO Disposable Mask EVO N95 KN95 BFE 95% Masker Kesehatan 4ply Masker wajah KF94 IZIN RESMI BNPB,miisoo mask evo n95
Shopee,Med+ Masker Duckbill 4ply Putih/Hitam/Mix Pastel 50 Pcs / Masker Duckbill Kemenkes Disposable Face Mask,med+ masker duckbill
Shopee,[ZS21] Masker Duckbill 3Ply Facemask Isi 50 Pcs Mix Warna Hitam Putih Termurah,masker duckbill
Shopee,X2 60ml Cairan Pembersih Softlens Extra Comfort Multi Purpose Solution With HPMC - Exp. Des 2028,softlens solution
Shopee,Masker Duckbill Alkindo 4Ply Per Box Isi 50 Pcs,masker duckbill alkindo
Shopee,Kasa Steril 16x16cm OneMed box isi 10pouch,kasa steril
Shopee,Goto Enviro 3 ply Facemask Masker Earloop Kesehatan 3Ply,enviro 3 ply facemask
Shopee,{COD} Masker Duckbill Facemask 3ply 1Box Isi 50Pcs,masker duckbill
Shopee,OTO Popok Celana Dewasa Satuan 1pc M L XL XXL 1 pc - Oto Adult Diaper Pants Renceng,oto popok celana dewasa
Shopee,Masker Alkindo & Mouson 3ply Per Box Isi 50Pcs,masker alkindo
Shopee,Masker KF94 Masker Wajah 4 Layer 10pcs,masker kf94
Shopee,Sarung Tangan Latex Medis Safe Glove Safeglove Examination Karet Isi 100 Pcs Disposable,safeglove latex
Shopee,[MOUSON] MASKER DUCKBILL 50 Pcs MOUSON DUCKBIL 4PLY MIX WARNA WARNI PUTIH HITAM FACE MASK EARLOOP,mouson duckbill
Shopee,ESSENTIAL OIL AROMATHERAPY PENGHARUM RUANG FRAGRANCE MINYAK AROMATERAPI AROMA PEWANGI RUANGAN Humidifier Olis Diffuser,essential oil aromatherapy
Shopee,Masker Duckbill 3Ply Warna-Warni Isi 50Pc,masker duckbill
Shopee,Pepsodent Pasta Gigi Pencegah Gigi Berlubang 225g Value Pack,pepsodent pasta gigi
Shopee,Masker Duckbill MOUSON 4ply Dewasa isi 50pcs Earloop Garis Putih Hitam Warna Disposable Mask,masker duckbill
Shopee,Masker KF94 Careion 4Ply Isi 10Pc PROMO Nyaman,masker kf94 careion
Shopee,Masker KF94 We Mask 10 Lembar Semi Disposable,masker kf94
Shopee,[ZS21] Masker 4Ply Korea KF94 Mouson Warna Isi 10 Pcs Berkualitas,mouson masker
Shopee,[ZS21] Masker Duckbill 3Ply Facemask Isi 50 Pcs Putih Hitam Termurah,masker duckbill
Shopee,MASKER KF94 MOUSON ISI 10 PCS,masker kf94
Shopee,[200gr] T452 | MASKER DUCKBILL HITAM 3 PLY DEWASA ISI 50PC | ADA GARIS | KUALITAS BAGUS | ADA DUS,masker duckbill
Shopee,Masker KF94 I-Care 3D Evo Stereoscopic Fish Isi 20Pcs Icare - Big Plaza,masker kf94
Shopee,Micropore Plester Tanam Bulumata Palsu,micropore plester
Shopee,Korek Kuping LED Pembersih Telinga Senter Flashlight Earpick Alat Nyala Lampu Souvenir Murah,korek kuping led
Shopee,Masker Korea KF94 Model Convex 4 Ply isi 10 PCS,masker korea kf94
Shopee,{COD} MASKER DUCKBILL FACEMASK PREMIUM 50 PCS 3PLY HITAM PUTIH KEMENKES RI,masker duckbill facemask
Shopee,Lifree Pants Popok Dewasa Celana Sachet size M /L / XL,lifree popok
Shopee,MASKER DUCKBILL FACEMASK isi 50 / masker duckbill putih isi 50 PCS murah /MASKER DUCKBILL HITAM ISI 50 PCS,masker duckbill
Shopee,Goto Eco Masker KF94 Earloop Face Mask Kesehatan KF94 4Ply Warna,goto eco masker
Shopee,Duckbill Masker 3 Ply Isi 50 Pcs Non Medis,duckbill masker
Shopee,Sikat Gigi Hotel 2 Pcs + Pasta Gigi Promo,sikat gigi pasta gigi
Shopee,MIISOO Disposable Mask EVO Anak Motif N95 KN95 BFE 95% Masker Kesehatan wajah Kids 4ply IZIN BNPB,miisoo mask evo anak n95
Shopee,ABBIGAIL 🫰 MASKER KF94 ANAK CAREION 4PLY HITAM PUTIH WARNA WARNI / MASKER KF 94 ANAK CARE ION MODEL KOREA KIDS 4 PLY ISI 10 PCS / Masker Anak Hitam Putih Warna Warni 1007,abbigail masker anak
Shopee,ABBIGAIL 🫰 1 BOX MASKER DUCKBILL FACEMASK PUTIH / HITAM 3PLY DUCK BILL FACE MASK 3 PLY ISI 50 PCS 1027,abbigail duckbill facemask
Shopee,masker duckbil import 3play earloop duckbill murah,masker duckbil import 3play earloop duckbill
Shopee,CAL-95 6 Kaplet,cal-95
Shopee,MASKER KF94 DB Duckbill ANAK MOTIF MASKER KF94 ANAK MOTIF WARNA ISI 10 PCS,masker kf94 anak motif
Shopee,Behelldental ORIGINAL & PREMIUM Karet Behel Motif Power Chain Sambung Tarik 10 cm - Beli 1 Meter add 10x - Tebal Kuat Awet - Ortho Orthodontic Power Chain - Rubber Braces Bracket,beheldental karet behel
Shopee,[200gr] (PUTIH) MASKER DUCKBILL 3 PLY ISI 50PC | DUCKBILL DEWASA KUALITAS BAGUS IMPORT | ADA GARIS,duckbill masker
Shopee,{BISA COD} CAIRAN SOFTLENS X2 60ML EXP 2028,cairan softlens
Shopee,MASKER KF 94 care ion MASKER KOREA EARLOOP MODEL EVO ISI 10 pcs care ion sertifikat Bnpb,masker korea
Shopee,APEN Korek Kuping Premium Isi 20 Batang Cutton Buds Kapas Untuk Dewasa Pembersih Telinga Anak Bayi,apen korek kuping
Shopee,"GROSIR Teh celup jati cina,obat diet, pelangsing badan alami,peluntur lemak",teh celup jati cina
Shopee,KOREK KUPING LAMPU LED / KOREK KUPING SENTER KARAKTER,korek kuping lampu led
Shopee,MIISOO Disposable EVO Hitam N95 KN95 BFE 95% Masker Kesehatan wajah 4ply Facemask KF94 IZIN BNPB,miisoo evo masker
Shopee,[BPOM] METOO MW-3 Advanced whitening ToothPaste - pemutih gigi / Bebas Karang Gigi /Pasta Gigi Probiotik / Karang Gigi,metoo mw-3 toothpaste
Shopee,MASKER KF94 KOREA ISI 10 PCS/4PLY,masker k94
Shopee,(Bisa COD) Cairan Pembersih Softlens X2 60mL / X2 Comfort / BB,cairan pembersih softlens
Shopee,OTO ADULT PANTS POPOK CELANA DEWASA / POPOK DEWASA [Size : M/L/XL per 1 Sachet],oto adult pants
Shopee,PROMO Masker KF94 KOREA 4ply isi 10pcs,masker kf94
Shopee,Masker KF94 Masker Mouson Korea,masker kf94 mouson
Shopee,Masker Anak Duckbill 50 Motif Kartun 3 Ply Mask Kids 3PLY,masker anak duckbill
Shopee,Karet Behel Motif Power O ring Bulat PREMIUM - Dental rubber band elastic Bracket Gigi Permanen TEBAL Motif Ring Bulat - Ortho Dental Braces Ligature tie Bracket,karet behel
Shopee,Masker Korea KF94 CAREION isi 10pc Masker KF 94 korea 4ply Masker Korea Warna Disposable Mask,masker korea
Shopee,GIDCARE Infusion Type Y Adult / Inpus Tipe Y Dewasa,gicare infusion
Shopee,GIGI PALSU SEMENTARA 200 BUTIR / PENAMBAL GIGI PATAH RENGGANG TEMPORARY TOOTH TEMPTOOTH GINGSUL PATAH KELINCI / Snap On Smile Instan / Bahan Tambal Tambalan Lem Gigi Tiruan / Temporary Tooth Lem Gigi Original,gigi palsu
Shopee,Syringe Onemed 10cc Jarum Suntik 10cc Spuit 10cc Onemed,syringe onemed
Shopee,(Bisa COD) Cairan Pembersih Softlens ICE 60ml With PROVITAMIN B5 / BB,cairan pembersih softlens
Shopee,Pasta Gigi NASA [ Pgn ] - Odol,pasta gigi odol
Shopee,Secret Clean Hand Sanitizer - 100 ml Spray,secret clean hand sanitizer
Shopee,Onemed Test Kehamilan Strip,onemed test kehamilan
Shopee,Cairan Softlens X2 60 ML / X2 Comfort Air Softlens untuk Cuci softlens 60ML,cairan softlens x2
Shopee,Masker Duckbill 3ply Dewasa Hitam Dan Putih Face Mask Earloop isi 10 PCS,masker duckbill
Shopee,MASKER KF94 KOREA 4PLY ISI 10PC Impor High Quality,masker k94 korea
Shopee,Pasta gigi hotel / Odol Hotel Delident (100 pcs),odol delident
Shopee,Jarum Infus Inflo IV Catheter Plus Abbocath Abocath 20G 22G 24G Onemed,infus iv catheter
Shopee,Masker 3Ply 3 Ply Masker Disposable Masker Earloop Masker 3 Ply Masker 3Ply,masker 3ply
Shopee,CAIRAN SOFTLENS X2 60 ML BELLESOFTLENS,cairan softlens
Shopee,KARET BEHEL POWER O HIGH QUALITY AMERICAN ORTHODONTICS SUPER TEBAL Ori Behelldental - Karet Dental Motif Ring ORTHO USA Premium Ligature Ties - Motif Bulat Orthodontic Rubber Braces - Bracket Kawat Gigi ORIGINAL - ISI 1Pcs Original,karet behel power
Shopee,Masker KN95 Mouson Pro 5Ply Anti Bakteri,masker kn95 mouson
Shopee,PARACETAMOL MERSIFARMA 500 MG 1 BLISTER @ 10 TABLET,paracetamol
Shopee,Lifree popok celana dewasa M/L/XL/XXL,lifree popok celana
Shopee,Masker KF94 Korea 4 ply Impor High Quality,masker kf94 korea
Shopee,Softex Maternity Pembalut Ibu Bersalin 45cm Nyaman,softex maternity pembalut
Shopee,Sikat Gigi Hotel + Odol Ekonomis Murah,sikat gigi odol
Shopee,garuk punggung besi lipat tarik alat penghilang gatal garukan badan stainless mini portable,garuk punggung besi
Shopee,Pipet Drop Obat 1 ML Pippete Dropper Penetes Obat Plastik Pipet Kosmetik,pipet drop obat
Shopee,Pepsodent Pasta Gigi Pencegah Gigi Berlubang Anti-cavity Toothpaste Dgn MikroKalsium 225g,pepsodent pasta gigi
Shopee,[MHS] Masker Duckbill 3 Ply Garis 50 Pcs Tebal,masker duckbill
Shopee,LIFREE POPOK CELANA DEWASA/POPOK DEWASA /(SIZE : M/L/XL) Per 1 Pcs,lifree popok celana
Shopee,Pot Urine 10cc Bahan PS Tutup PP,pot urine
Shopee,[RX] Ciptadent Pasta Gigi Maxi 30 gr Pencegah Gigi Berlubang Wangi Menthol Segar,ciptadent pasta gigi
Shopee,Pot Urine 10cc,pot urine
Shopee,Masker Duckbill Mouson 4Ply Isi 50 Pcs Nyaman,masker duckbill
Shopee,Vitacimin 500 mg Rasa Lemon 2 Tablet,vitacimin
Shopee,CETIRIZINE HYDROCHLORIDE SAMPHARINDO 10 MG 1 STRIP @ 10 TABLET SALUT SELAPUT,cetirizine hydrochloride
Shopee,Ice 60 mL Air Softlens / Cairan Ice 60mL Provitamin B5,ice softlens cairan provitamin b5
Shopee,Sangobion 10 Kapsul - Vitamin Penambah Darah,sangobion vitamin
Shopee,ESSENTIAL OIL THERAPEUTIC GRADE ORGANIC BPOM BY PHARMACIE ORGANICO,essential oil
Shopee,[200gr] T405 | MASKER DUCKBILL 3 PLY DEWASA ISI 50 PER BOX | ADA GARIS | KUALITAS BAGUS,masker duckbill
Shopee,Careion KF94 Masker 4 Ply – Masker Wajah Proteksi Tinggi BFE ≥95% (10 pcs) | GIENLY,kf94 masker
Shopee,Botol labor 100 ml 100ml botol agro 100 ml 100ml botol HDPE 100 ml 100ml,botol labor
Shopee,Oneswab Oneswabs One Swabs Alkohol Swab Kapas Alkohol Tissue Alkohol,oneswab alkohol swab
Shopee,Masker KF94 Korean Model Murah Disposable-KF94 (Putih/Hitam),masker kf94
Shopee,Samyunwan Original Herbal Wisdom Bercode 100% Asli,samyunwan herbal wisdom
Shopee,Masker Earloop ONEMED Masker Bedah Karet 3ply isi 50s,masker earloop onemed
Shopee,BIG SALE Masker KF94 Korea 4 ply impor isi 50 pcs High Quality,masker kf94
Shopee,Botol labor 1000 ml 1000ml agro 1ltr 1 liter botol labor 1 liter agro 1liter Botol agro 1 liter 1000 ml /botol labor 1liter 1 ltr HDPE 1000ml 1ltr,botol labor
Shopee,Lifree Popok Celana Dewasa Isi 10 pcs - Lifree Pants Popok Celana Dewasa Satuan - Sachet Renceng 10pcs Size M L XL XXL,lifree popok celana dewasa
Shopee,masker KF94 korea 4play evo plusmed convex masker 4D import,masker korea 4play evo plusmed convex
Shopee,ABBIGAIL 🫰 MASKER KF94 CAREION 4PLY HITAM PUTIH WARNA WARNI ISI 10 / MASKER KF 94 CARE ION 4 PLY HITAM PUTIH MIX WARNA MODEL KOREA ISI 10PCS 1008,abbigail masker kf94 careion
Shopee,A7A ALGAN MASKER KF94 MOUSON WARNA 4PLY ISI 10 PCS,a7a algan masker
Shopee,Sarung Jari Karet Tebal Finger Cots Alice Dental Coat Coats Pelindung Tangan Rubber Latex,sarung jari karet
Shopee,MASKER CAREION DUCKBILL EMBOS FULL COLOUR ISI 50PC MASKER DUCK BILL CAREION FACE MASK 3PLY EMBOS,masker careion duckbill
Shopee,"Test Pack OneMed STERIL dan HCG / Testpack OneMed, Steril, HCG / Test Kehamilan Onemed Steril HCG",test pack onemed steril hcg
Shopee,Popok Dewasa Size XL Perekat Lembut Dan Daya Serap Bagus,popok dewasa
Shopee,Evo Plusmed Masker 4d Medis Berbagai Pilihan Warna,evo plusmed masker
Shopee,"Needle Wing 23G Panjang 0,75inch / Jarum Infus",needle wing
Shopee,HIGH QUALITY Finger coat cot coats cots sarung jari latex tangan karet pelindung jari cover penutup dental scaller scaler ALICE DENTAL ALICEDENTAL,alice dental scaler
Shopee,"MASKER DUCKBILL ALKINDO ISI 50PCS ,MASKER 3D ALKINDO DISPOSABLE",masker duckbill
Shopee,Pot Urine 50 cc Plastik / Cup Slime / Pot Salep Dahak 50cc 50ml 50 ml,pot urine slime salep dahak
Shopee,"MASKER DUCKBILL SENSI ISI 50 LEMBAR , SENSI MASK DUCKBILL 50 PCS",masker duckbill
Shopee,TEH DAUN JATI CINA HERBAL BERKAH ALAMI 40 GRAM Teh Pelangsing Alami untuk Diet dan Melancarkan BAB,teh daun jati cina herbal
Shopee,Popok Celana Dewasa Elastis Ukuran M-XXL,popok celana dewasa elastis
Shopee,BRACKET BEHEL AMPLOP BIRU • Permanen ORTHODONTICS BRACES KAWAT GIGI FANCY EDGEWISE 0.22 NO HOOK MINI - Kawat Dental Metal,bracket behel ampol
Shopee,pot urine pot salep pot obat pot kencing plastik pot cream 10cc / 20cc / 30cc / 50cc / 75cc / 100cc / 200cc,pot urine
Shopee,pot urine 20cc / pot salep 20ml / pot plastik 20cc,pot urine
Shopee,Lifree Pants - Lifree Popok Celana Dewasa Satuan - Sachet Renceng 1pc Size M L XL,lifree popok celana dewasa
Shopee,BELLA - MASKER KF94 MOUSON EMBOS 10PC - MASKER MOUSON KF94 NEW WARNA TALI SENADA 4PLY,bella masker kf94 mouson
Shopee,ANEKA - SABUN KESED MELODY ORIGINAL BPOM - SABUN KESED SIRIH MELODY KHUSUS MISS V,sabun kesed melody
Shopee,Syringe Onemed 3cc Jarum Suntik 3cc Spuit 3cc Onemed,syringe onemed
Shopee,MASKER DUCKBILL GARIS NEW CAREION SEPERTI SENSI 4PLY SACHET ISI 10,masker duckbill
Shopee,"PROMO!! LiFree Popok Celana Dewasa size M,L,XL,XXL per 1 Sachet",liefree popok celana dewasa
Shopee,Flimty Fiber - 1 Box (isi 16 sachet),flimty fiber
Shopee,WBS Hansaplast Plester Luka Karakter Kartun Hansaplast Kids Plester Luka Anti Air Cartoon SS068,hansaplast plester luka kids
Shopee,"Needle Wing 25G Panjang 0,75inch / Jarum Infus",needle wing
Shopee,MASKER KN95 MOUSON / WEMASK 5ply,mouson wemask
Shopee,Infus Set Onemed Dewasa Selang Infus Dewasa Onemed Infusion Set Alat Infus Dewasa Infus Set Dewasa Onemed,infus set onemed dewasa
Shopee,Pot urine 5 cc isi 500/pcs,pot urine
Shopee,Neurobion Forte 10 Tablet,neurobion forte
Shopee,Bulk Pack Popok Celana Dewasa Satuan M L XL XXL - BP Popok Celana Dewasa Sachet Renceng,bulk pack popok celana dewasa
Shopee,Jessen Onemed / Incinta Test Tes Hamil Tespek Test Pack Tes Kehamilan (1 DUS ISI 50s),tespek test pack tes kehamilan
Shopee,Pot urine 10cc,pot urine
Shopee,"Natur-E White Soft Capsule 16s/32s - Natur E White 32 kapsul dengan Natural Vitamin E, Olive Extract & Glutathione - Membantu Memelihara Kesehatan Kulit",natur e white
Shopee,Masker KF94 Anti Virus Isi 10 Warna Beragam,masker kf94
Shopee,Masker KN95 HITAM High Quality Masker KN 95 5PLY,masker kn95
Shopee,Kasa Steril 16x16cm Onemed Kasa Steril Onemed Gauze Swab Steril,kasa steril
Shopee,Noera Collagen Drink 3000Mg Tripeptide Salmon Collagen With Birdnest and Saffron Extract Improved Formula | Minuman Kolagen Rendah Gula Manis Extract Buah | Kolagen Sumber Protein Vitamin C Vitamin E,noera collagen drink
Shopee,Softex Maternity 45cm 20 Pads - Pembalut Bersalin dan Nifas,softex maternity pembalut
Shopee,Pot Urine/Obat/Slime 20cc Bahan PS Berkualitas,pot urine
Shopee,Sikat Gigi Hotel Duo Standar set odol NM (50pcs),sikat gigi hotel duo
Shopee,CAIRAN SOFTLENS ICE 60ML,cairan softlens
Shopee,Masker Duckbill Isi 50pcs 3Ply Facemask Earloop Disposable,masker duckbill
Shopee,Ciptadent Sikat Gigi Crystal Clean Medium Kotak Isi 3 Pcs x2,ciplat sikat gigi crystal clean
Shopee,Lifree Pants POPOK DEWASA Sachet Tipe Celana M/L/XL,lifree pants
Shopee,Pot cup wadah urin urine salep 20 cc gr gram ml 20cc 20gr 20ml,pot cup urin
Shopee,Tes Kehamilan Tes Hamil Test Kehamilan Alat Test Pack Onemed,tes kehamilan
Shopee,Flimty Fiber Travel Pack (5 sachet) Cobain Dulu!,flimty fiber
Shopee,Pot Urine 20cc Murah Berkualitas Tinggi,pot urine
Shopee,Masker Duckbill Anak | Masker Anak Duckbill 3ply | Masker Duckbill Bayi Motif Lucu | Duckbill Anak Motif | Masker Anak BTS,masker duckbill anak
Shopee,Mpot Empot Ayam Original Mpot Biang Utuh,mpot ayam
Shopee,[TERLARIS] MADU BS HONEY COD 1 Botol Penggemuk Badan BPOM HALAL 350 gr,madu bs honey
Shopee,Pot urine 10 cc / pot urin 10cc / pot salep 10 cc,pot urine
Shopee,Pot urin /salep/crim 10cc,pot urin
Shopee,BIG SALE !! POT CREAM VIVA 10GR / POT CREAM 10GR / POT VIVA 10GR,pot cream viva
Shopee,Pipet Obat 1 ML/Pipet Obat Bayi/Pipet Kosmetik 1 ML/Pipet Drop 1 ML/Penetes Obat/Pippete Dropper,pipet obat
Shopee,Sarung Tangan Latex Safeglove Handscoon Gloves Safeglove,safeglove handscoon gloves
Shopee,Sarung tangan plastik kemasan isi 100lembar,sarung tangan plastik
Shopee,sikat gigi hotel set odol / dental kit standar murah bpom (50-100pcs),sikat gigi odol
Shopee,NEWLAB Brightlogy GlutaColl-5500 | Minuman Glutathione & Collagen Drink,brightlogy gluta coll
Shopee,Popok Celana Dewasa Isi 20 pcs - Lifree Pants 20 pcs Lifree Sachet Renceng 20pcs Size M L XL XXL,lifree pants
Shopee,MASKER KF94 WE MASK ISI 10PCS Masker KF94 4Ply isi 10 duckbill Careion wemask MASKER Korea MURAH ISI 10,masker kf94
Shopee,Sendok obat 5 ml putih langsung dari pabrik,sendok obat
Shopee,Pot cup wadah urin urine salep 20 cc gr gram ml 20cc 20gr 20ml,pot cup urine salep
Shopee,Sendok Obat 5 ml,sendok obat
Shopee,(SKR) 3 Pc Tes Kesuburan Ovulasi / 1 Pc Andalan Strip - LH Acon Ovulation Test Testpack Pack Strips Bayi accon cup urin,tes kesuburan ovulasi
Shopee,Pot Urine 50cc / Pot Salep 50ml / Pot Plastik 50cc,pot urine
Shopee,Strip Easy Touch Gula Darah / Glucose,strip easy touch gula darah
Shopee,Sikat Gigi Hotel Standar Set Odol BPOM / Dental Kit (50Pcs),sikat gigi odol
Shopee,Plastik obat - plastik kresek obat ( min order 1000pcs ) - plastik obat kresek,plastik obat
Shopee,Masker Duckbill Medis 3 Ply Isi 50 Pcs,masker duckbill medis
Shopee,[TP] Pasta Gigi Ciptadent Maxi 30 gram Pencegah Gigi Berlubang Pasta Gigi Odol Ciptadent Wings 30 gr Wangi Menthol Segar,ciptadent maxi
Shopee,Masker KN95 HITAM / PUTIH CAREION ISI 10PC Masker KN95 HITAM HIJAB Masker N95 PUTIH HIJAB ISI (10PC) TANPA BOX,masker kn95 careion
Shopee,Prove D3 Drop - Vitamin D3 400 IU Tetes 12.5 ml untuk Dewasa dan Anak,d3 drop vitamin d3
Shopee,Masker KN95 HITAM CAREION ISI 10PC Masker KN 95 Hitam Hijab N95 Hitam EARLOOP 5ply - HITAM POLOS/HITAM HIJAB ISI 10PC,masker kn95 hitam
Shopee,Custom Plastik Klip Obat Free Desain,custom plastik klip obat
Shopee,Masker DUCKBILL CAREION DEWASA Face Mask Masker 3ply Duck Bill CAREION Disposable Mask 95% -50PC,duckbill careion
Shopee,Pipet Drop 1ml Murah | Pipet Tetes Obat | Pipet Kosmetik 1ml,pipet drop
Shopee,Masker Duckbill 3Ply Disposable Duck Bill 3 Ply Earloop Daily Mask - DUCKBILL HARGA PER 1 PCS,duckbill masker
Shopee,Plastik doff untuk Dental Kit / sikat gigi murah / odol （BAHAN HALUS IMPORT ) TIDAK KAKU,plastik doff
Shopee,exp 2028 1 pcs tes ovulasi / lh ovulation test / ovutes akurat,tes ovulasi
Shopee,Bundling Gendes Feminine Hygiene Wash Foam Vanilla dan Sweet Feminine Care Spray | Perawatan Area Kewanitaan | Membantu Mengurangi Keputihan | Membantu Menghilangkan Aroma Tidak Sedap Pada Area Kewanitaan,bundling gendes feminine hygiene
Shopee,Eyebost - Madu Herbal Vitamin Mata 160gr,eyebost madu herbal vitamin mata
Shopee,Masker KN95 CAREION ISI 10PC Masker N95 Masker KN 95 Masker N 95 Masker Disposable Mask CAREION - PUTIH POLOS ISI 10PC,careion masker
Shopee,Pot Urin Bening 30cc Dengan Tutup Luar,pot urin
Shopee,Test pack kehamilan /Tes hamil /Tespek TES KEHAMILAN INSTAN ONEMED,tespek tes kehamilan
Shopee,Beaudesoul Slimming Tea & Detox Tea | Teh Pelangsing Herbal Alami | Teh Diet | Peluntur Lemak,beaudesoul slimming tea
Shopee,LH Ovulation Ungu / Tes Kesuburan / Tes Ovulasi / Ovulation Testpack Ungu / / Ovulation Test,ovulation test
Shopee,Etaku Goatmilk Susu Vitamin Peninggi Badan Anak Remaja Dewasa 17 18 20 Tahun Ke Atas Tinggi Kalsium Nutrisi Penguat Tulang Dan Gigi Anti Inflamasi Susu Kambing Etawa Bubuk Murni,etaku goatmilk susu vitamin
Shopee,Tes Hamil / Test Pack / Alat Tes Hamil One Med,tes hamil
Shopee,Masker KF94 4Ply Evo 3D Proctection Mask Isi 10Pcs Masker KF94 4 Ply 3D Protection Isi 10Pcs,masker kf94
Shopee,Pot Urine 30cc / Pot Salep 30ml / Pot Plastik 30cc,pot urine
Shopee,Masker KN 95 CAREION ISI 10PC Masker KN95 Masker N95 Masker N 95 Putih Polos Disposable Mask ISI 10PC - CAREION,masker kn95
Shopee,Paket Satuan Zymuno - Secara Tradisional Membantu Memelihara Kondisi Kesehatan Tubuh,zymuno
Shopee,Sikat Gigi Hotel Amenities Dental Kit ( SIKAT GIGI SAJA) minimal order 100 pcs,sikat gigi
Shopee,LH Ovulation / Tes Kesuburan / Ovulation Test / Tes Ovulasi / Ovulation Testpack,lho ovulation tes
Shopee,Masker KF94 korea 4ply convex masker 4D impor KF 94,masker korea
Shopee,"Pipet Obat 1 ML, Pipet Obat Bayi 1ML, Pipet Kosmetik 1 ML, Pipet Drop, Penetes Obat, Pipet Kosmetik","pipet obat, pipet obat bayi, pipet kosmetik, pipet"
Shopee,Masker KF94 Senada 4Ply Evo 3D Proctection Mouson Sachet isi 10Pcs,masker kf94
Shopee,Goto Character Body Scale Timbangan Badan Karakter Kartun,karakter body scale
Shopee,Live Now!! KOYO KAKI BAMBOO GOLD FOOT PATCH),koyo kaki bamboo
Shopee,WST Masker kn95 5 PLY face mask KN95 makser medis,wst masker kn95
Shopee,Pipet drop obat 1 ML,pipet drop obat
Shopee,Masker KN95 Putih Isi 10 PCS Careion Masker N95 ASLI Masker KN 95 - TANPA BOX,masker kn95
Shopee,sikat gigi hotel BPOM murah 1000 pcs,sikat gigi hotel
Shopee,Samyunwan Wisdom Original Bercode Herbal 100% Asli,samyunwan wisdom
Shopee,Pot urin 10 CC,pot urin
Shopee,QnC Jelly Gamat Emas Asli 100% Original 300ml Obat Kolesterol Darah Tinggi Diabetes Maag Kronis Gerd Asam Lambung Jantung Usus Buntu Benjolan Kista Miom Tumor Kanker Sinusitis Stroke Ginjal Batuk TBC PALING AMPUH Namun Tergantung Kondisi Tubuh,qnc jelly gamat
Shopee,POPOK / DIAPERS DEWASA SIZE L,popok
Shopee,Masker KF94 4ply model convex masker 4D impor KF 94 disposable facemask,masker kf94
Shopee,Masker Anak KF94 CAREION Korea 4ply Masker kf 94 ANAK CAREION isi 10pc - HITAM/PUTIH,masker anak careion
Shopee,Syringe 5cc / Jarum Suntik 5cc / Spuit 5cc Onemed,syringe
Shopee,Pot urine 20cc / pot urin 20 cc / pot obat 20cc,pot urine
Shopee,Ovulation test / tes ovulasi / ovutest,ovutest
Shopee,Sanmol Forte 650 Mg Strip 4 Tablet,sanmol forte
Shopee,Goto Disposable Mask KN 95 Facemask 5Ply Earloop Masker KN95 5 Ply,disposable mask kn95 facemask
Shopee,MASKER KF94 WEMASK CAREION ( PACK isi 10 PCS ) / MASKER WEMASK KOREA / MASKER KF94 KOREA / MASKER,masker k94
Shopee,sikat gigi hotel standar set odol BPOM (100 pcs),sikat gigi odol
Shopee,Syringe Onemed 1cc Jarum Suntik 1cc Spuit 1cc Onemed,syringe onemed
Shopee,Strip Kolesterol Easy Touch Isi 10 Exp Oktober 2027,kolesterol easy touch
Shopee,Pot Urin/Slem/Salep/Crim 20cc Bening Tutup Luar,pot crim
Shopee,Sendok Obat 5 ml,sendok obat
Shopee,Terbaik Daun Sirih segar Langsung di petik Dari kebun Alami Di petik ketika ada yg order,terbaik daun sirih
Shopee,pipet tetes plastik 3ml ukur untuk e liquid ukuran 3 ml sedot e-liquid disposable straw dropper,pipet tetes plastik
Shopee,Masker KN95 CTC CAREION ISI 20PC Masker KN 95 Masker N 95 Masker Disposable Mask- CTC - kawat luar/kawat dalam ISI 20PC,masker kn95
Shopee,Pot Urine 30cc Plastik Tebal Multifungsi,pot urine
Shopee,Strip Easy Touch Asam Urat / Uric Acid,easy touch asam urat
Shopee,Laurier Pantyliner Cleanfresh Non Perfume 2 x 40 pcs,laurier pantyliner cleanfresh
Shopee,Laurier Active Day X-tra Pembalut Wanita Daya Serap Ekstra Bebas Bocor 22cm Wing Pengunci Bocor Instant Isi 30 Buah,laurier active day pembalut
Shopee,Tespek Onemed Alat Cek Tes Kehamilan 10 PCS,onemed alat cek tes kehamilan
Shopee,Tes Ovulasi 10 pcs / Tes Kesuburan / LH Ovulation Test / Paket Diskon Grosir Tes Ovulasi,tes ovulasi
Shopee,Testpek - Andalan Pregnancy Test Strip - Alat Tes Kehamilan,andalan pregnancy test strip
Shopee,Resik-V Feminine Wash Godokan Sirih 100ml,resik-v feminine wash
Shopee,Test HCG Onemed Kehamilan / Tes One Med Strip Pregnancy / tespek kehamilan / Test Pregnancy Strip,tespek kehamilan
Shopee,Pembalut Charm Body Fit EXTRA MAXI (non wing) Renceng isi 10 Sachet,pembalut charm body fit
Shopee,Charm Safe Night 29 cm & 35 cm | Charm Cooling Fresh Night Wing - Pembalut | TnT Beauty Shop,charm cooling fresh night wing
Shopee,Milk Recipe Gentle Feminine Wash - Pembersih Kewanitaan untuk Mengurangi dari Bau dan Keputihan mencerahkan area kewanitaan,milk recipe gentle feminine wash
Shopee,"Tes Kehamilan ONEMED Test Pack 1 Strip - Alat Tes HCG Urine Akurasi Tinggi, Test Kehamilan Instant",onemed test pack
Shopee,"Onemed 1's, Akurat Test kehamilan 1's, Steril 1's, Andalan Strip 1's - Tespek, Pregnancy Test",onemed tespek
Shopee,5 pack TESTPACK HAMIL Onemed - Sensitifitas 20mlU (5 pack) bila mau PRIVASI beri catatan ke seller,testpack hamil
Shopee,Softex Maternity Pembalut Bersalin 45 cm 10/20 pads,softex maternity pembalut
Shopee,Miscella-G | Miscella V Kapsul Manjakani - Pelancar Haid - Keputihan - Pereda Nyeri,miscella v manjakani
Shopee,Purbasari Sabun Sirih 60 ml / Perawatan Kewanitaan / Pembersih Miss V,purbasari sabun sirih
Shopee,Miss Tasa Original 100% Bpom Misstasa Sabun Tasa bar soap Sabun Kewanitaan Perapat Miss V,miss tasa original sabun
Shopee,ONEMED TEST PACK (ECERAN @1 STRIP) - ALAT TES KEHAMILAN WANITA,onemed test pack
Shopee,Hers Protex Daily Comfort Night Pembalut Wanita Cinnamoroll Bag Isi 20+2 pcs,cinnamoroll pembalut
Shopee,"Blood Corn Pads / Pembalut dari Jagung | Bebas gatal & ultra thin - 25cm, 29cm, 33cm, 41cm",blood corn pads
Shopee,"Onemed TestPack | Tes kandungan | Test Kehamilan Onemed HCG Urine - Mudah Digunakan, Tepat untuk Deteksi Dini, Hasil Cepat, Akurat",onemed testpack
Shopee,Hers Protex Comfort Night Pembalut Wanita bag 12 x2,hers protex comfort night
Shopee,Softex Comfort Night 29cm 18 pads - Pembalut Malam - Spesial Bulan Ungu,softex comfort night
Shopee,Andalan Strip Uji Kehamilan,andalan uji kehamilan
Shopee,Softex Comfort Night 29cm 9 pads - Spesial Bulan Ungu,softex comfort night
Shopee,[ 3 PACK ] Charm Pembalut Safe Night 29cm Wing 9 Pads - Dapat 27 Pads [ BUNDLE ],charm pembalut
Shopee,Hers Protex Softcare Pembalut Wanita Wing Bag Isi 20 Pcs x2,hers protex pembalut
Shopee,Cod Testpack Kehamilan Onemed Sensitif Test Pack Hamil Tespek Kehamilan Bisa Grab Promo Cod 10 Pcs,onemed tespek kehamilan
Shopee,Menspad / pembalut cuci ulang / pembalut kain/pcs azza,menspad azza
Shopee,BETADINE WASH SIRIH FIRMING FLORAL Pembersih Kewanitaan 110ml,betadine wash sirih
Shopee,Alat Tes Kehamilan / Tespek / Testpack / HCG Pregnancy Strip Test Onemed,tespek
Shopee,Test Pack Kehamilan Onemed Alat Cek Tes Hamil,onemed tes kehamilan
Shopee,Andalan Strip Uji Kehamilan - Alat Pendeteksi Kehamilan Cepat Akurat,andalan strip uji kehamilan
Shopee,Tes Hamil OneMed Strip Akurat 99.9% Pcs OJ,hamil onemed strip
Shopee,Laurier Active Day X-tra Pembalut Wanita Daya Serap Ekstra Bebas Bocor 25cm Wing Pengunci Bocor Instant Isi 16 Buah,laurier active day pembalut
Shopee,(SKR) TestPack COLLOIDAL Stik Compact HCG Test Pack Tespek Alat Tes Hamil Kehamilan Stick,skr tespek
Shopee,❤ BELIA ❤ HERS PROTEX Pembalut Nyaman Dipakai Kemasan Ecer Sachet | Daya Serap Tinggi | Nyaman Bergerak,belia hers proteks
Shopee,Hers Protex Softcare Pembalut Wanita Comfort Night 30 cm Bag Isi 20 Pcs,hers protex pembalut
Shopee,Andalan Pregnancy Test Alat Tes Hamil Andalan Tes Kehamilan Andalan,andalan pregnancy test
Shopee,Sabun Sirih Manjakani Sabun Keset Sabun Herbal Sabun Natural Sabun Gatal,sabun sirih manjakani
Shopee,TES KEHAMILAN TES PACK ONEMED ONE MED HCG URINE PREGNANCY TEST,tes onemed hcg
Shopee,Sumber Ayu Pembersih Kewanitaan Daun Sirih 50mL [Triple Whitening | Manjakani Keset ],sumber ayu pembersih kewanitaan daun sirih
Shopee,(SKR) Tespek Test Pack Testpack Strip Alat Tes Kehamilan One Med Onemed Eceran,tespek test pack
Shopee,Quick Sure Tes Hamil Quick Sure Tes Hamil Onemed,quick sure tes hamil
Shopee,MADU ASMARA SPRAY V virgin spray rapet Madura,madu asmara spray
Shopee,Test pack strip Uji kehamilan Onemed tes kehamilan testpack tespek pregnancy,onemed tes kehamilan
Shopee,Laurier Relax Night Pembalut Wanita Malam Panjang 35cm Wing Perlindungan Tidur Bebas Bocor Semalaman Isi 12 Buah,laurier relax night pembalut
Shopee,Tes Kehamilan ONEMED Exp 2028 - Testpack Instan,onemed testpack instan
Shopee,BETADINE WASH SIRIH RADIANCE BLOSSOM Pembersih Kewanitaan 110ml,betadine wash sirih radiance blossom
Shopee,Pantyliner Softex Daun Sirih + Vitamin E 20 pads - Pantyliner Daun Sirih,softex daun sirih
Shopee,Test Hamil Onemed 5 Strip - Alat Test Kehamilan / Testpack,test hamil onemed
Shopee,Misk Thahara Miss V Pengantin Original Musk TAHARAH Parfum,misk thahara miss v
Shopee,Testpack OneMed Test Kehamilan 1 Strip,testpack onemed
Shopee,Pembalut MISSY PURE COMFORT All Varian / Bebas Bergerak Seharian / Menyerap 3x Lebih cepat / Bebas Klorin / Pembalut dan Pantyliner Wanita / Perawatan Miss V Menstrual Cup Tampon Menstruasi / Anti Jamur Virus / Bebas Bocor,missy pure comfort
Shopee,Pantyliner Softex Daun Sirih + Vitamin E Longer & Wider 30 pads - Pantyliner Daun Sirih,softex daun sirih
Shopee,Seed Perapat Miss V Vagina Jamu Obat Pil Rapet Perapat Perapet Miss V Virgin Wangi Kewanitaan Wanita,miss v vagina jamu obat pil rapet
Shopee,Softex Daun Sirih + Vitamin E Jumbo Pack 23cm isi 30 Pads - Pembalut Daun Sirih Siang,softex daun sirih + vitamin e
Shopee,Tes Hamil Onemed Tes Kehamilan Test Kehamilan Alat Test Pack Onemed,tes kehamilan
Shopee,1 Strip test LH Ovulation Pink / Ovulasi masa subur / Tes Kesuburan / Baby ovutest / Fertility Strip,strip test lh ovulasi
Shopee,Tes Ovulasi 20 pcs / Tes Kesuburan / LH Ovulation Test / Paket Diskon Grosir Tes Ovulasi,tes ovulasi
Shopee,Laurier Relax Night Pembalut Wanita Wing 30cm 24 pcs,laurier relax night pembalut wanita
Shopee,Andalan Pregnancy Test Midstream,andalan pregnancy test
Shopee,Softex Maternity Pembalut Ibu Bersalin,softex pembalut
Shopee,Secret Clean Propolis Feminine Care,secret clean propolis
Shopee,Test Pack HCG CASSETTE BIRU - Tes Hamil HCG CASSETTE - Test Pack Kehamilan,test pack hcg
Shopee,Tes Kesuburan LH Ungu Grosir 20 pcs Harga Lebih Murah,tes subur
Shopee,HERS PROTEX PEMBALUT SACHET (1 Saset),hers proteks pembalut
Shopee,test pack tespek kehamilan hamil Onehealth,tespek kehamilan
Shopee,Intimate Brightening Wash BySaraHmad Aman Bumil,intimate brightening wash
Shopee,Laurier Pembalut Wanita Active X-Tra Day Maxi Non Wing 22cm 30 buah - Perawatan Kewanitaan,laurier pembalut
Shopee,Akurat Test Kehamilan Strip,akurat test kehamilan
Shopee,Menspad/pembalut kain NEW ( PCS),menspad pembalut kain
Shopee,pembalut wanita cuci ulang(full sayap) eceran,pembalut wanita
Shopee,Tes Kehamilan Onemed Tespek kehamilan,tespek kehamilan
Shopee,Feminine Spray BySarahAhmad 30ml Perapat Miss V,feminine spray by sarah ahmad
Shopee,Whisper Pembalut Heavy Flow & Overnight Wings - Isi 8 [P&G],whisper pembalut
Shopee,Tespek Tes Hamil INSTAN Onemed Test Pack Tes Kehamilan,tespek tes hamil onemed test pack
Shopee,"Missy Pembalut & Pantyliner Skin Friendly (Super Thin, Anion Tea Polyphenols)",missy pembalut
Shopee,Tes Kehamilan Testpack OneMed Tespek One Med hCG Urine Pregnancy,tespek onemed
Shopee,menspad /pembalut cuci ulang EMBUN (1 pak isi 6),menspad pembalut cuci ulang embun
Shopee,Test Hamil Onemed Alat Kehamilan Akurat 99%,hamil onemed alat kehamilan
Shopee,Tespek Tes Kehamilan Onemed Murah Harga Grosir,tespek tes kehamilan
Shopee,Test Kehamilan Onemed Pregnancy Test Testpack Hamil / Satuan P5,onemed pregnancy test
Shopee,NCX NASA CRISTAL X ORIGINAL 100% KRISTAL X CRYSTAL X NASA ORIGINAL ASLI ORI,ncx nasa cristal x
Shopee,(Banjarmasin) Testpack Kehamilan Onemed Steril Tes Hamil Instant,onemed tes hamil
Shopee,Softex Comfort Night 36cm 12s x 2 Pack - Pembalut Malam - Spesial Bulan Ungu,softex comfort night
Shopee,Lactacyd All Day Care Feminine Wash 60mL - Pembersih Kewanitaan untuk Melindungi dari Gatal dan Iritasi,lactacyd all day care
Shopee,Spekulum Cocor Bebek Disposable Speculum Vaginal Plastik,spekulum cocor bebek
Shopee,HERS PROTEX DAILY COMFORT DAY 23.5 CM PEMBALUT CINNAMOROLL MAXI WING PANTY LINER KEWANITAAN PERAWATAN TUBUH DIRI GROSIR MURAH 1 PAD CHARM,protex daily comfort
Shopee,SECRET CLEAN Antibacterial Propolis Feminine Wash 1 Pcs + Intimate Spray 1 Pcs | Paket 2 Pcs | Set,secret clean antibacterial propolis wash
Shopee,Tes Kehamilan Onemed / Test Hamil Onemed - PCS,tes kehamilan onemed
Shopee,1 Pcs Tes Ovulasi Tes Hamil Ovutes LH Ovulasi,tes ovulasi
Shopee,Laurier Cleanfresh Pantyliner Keputihan Breathable Non Perfumed -Tetap Bersih & Ekstra Kering Isi 40 Buah - Four Pack,laurier cleanfresh pantyliner
Shopee,TES KEHAMILAN TESTPACK ONEMED TESPEK ONE MED HCG MURAH ONE MED HAMIL TES HAMIL TEST PACK TESPEK TES,tespek one med hcg
Shopee,*PRIVASI AMAN* LH Test Tes Kesuburan -Strip Masa Subur ovulasi strip biru Ovulation Test ovutest / HCG Tespek Testpack Onemed kehamilan / OneHealth Ovu Test ECER Lh Test,tes kesuburan
Shopee,Softex Daun Sirih + Vitamin E Jumbo Pack 29cm 24 Pads - Pembalut Daun Sirih Malam,softex daun sirih
Shopee,Purbasari Sabun Sirih 60ml Romantic / Natural / Energic / Beauty,purbasari sabun sirih
Shopee,ONEMED - Strip Alat Tes Hamil Instant Isi 1 Pcs | HCG URINE PREGNANCY TEST | Test Pack Uji Kehamilan ECER,onemed strip alat tes hamil
Shopee,Pembalut Wanita Daun Sirih sayap reguler Sayap Isi 50 Pcs 23cm 29cm 35cm,pembalut daun sirih
Shopee,Steril Medical Tes Hamil / Test Pack Steril / Tes Kehamilan - 1 Strip,steril medical tes hamil
Shopee,ONEMED Alat Tes Kehamilan Cepat Test Pack Cek Hamil Testpack 1 Strip,onemed test pack
Shopee,Hers Protex Softcare Pembalut Wanita Maxi Bag Isi 20 Pcs,hers protex pembalut
Shopee,Hers Protex Daily Comfort Day Pembalut Wanita Cinnamoroll Bag Isi 20 + 2 Pcs x2,cinnamoroll pembalut
Shopee,"GENTLY pH Balanced Feminine Wash 100ml & 60ml - Pembersih Kewanitaan Kurangi Gatal, Bau, Keputihan - Natural & Lembut untuk kulit Sensitive - Dermatologically dan Hypoallergenic",gently pembersih kewanitaan
Shopee,Bundling Gendes Sweet Aromatic Feminine Care Spray 2 Pcs | Perawatan Area Kewanitaan | Membantu Mengurangi Keputihan | Membantu Mengurangi Gatal Pada Area Kewanitaan,gendes sweet aromatic care spray
Shopee,Softex Pantyliner Daun Sirih + Vitamin E 15cm 44s - Pantyliner Daun Sirih,pantyliner daun sirih
Shopee,"FILMORE Spritz Sister Mist | mengatasi Anyang2an, Keputihan, dan Infeksi Saluran Kemih dalam 7 hari | Sanitizer Area Kewanitaan",filmore spritz sister mist
Shopee,SOFTEX Maternity Pembalut 45cm 10pcs 20pcs l Pembalut Ibu Bersalin,sof tex pembalut
Shopee,Bundling Gendes Sweet Aromatic Feminine Hygiene Wash Foam & Sweet Aromatic Feminine Hygiene Spray | Perawatan Area Kewanitaan | Membantu Mengurangi Keputihan | Membantu Mengurangi Gatal Pada Area Kewanitaan,bundling gendes sweet aromatic
Shopee,Test pack kehamilan / tes hamil / tespek tes kehamilan instant ONEMED,tespek tes kehamilan
Shopee,Tes Kesuburan / LH ovulasi Tes / Promil /kehamilan / LH Ovulation Test Expire 2028 Privasi Aman,tes kehamilan
Shopee,MV Onemed Steril Medical Tes Hamil Test Pack Tes Kehamilan - 1 Strip,onemed steril medical tes hamil
Shopee,TERLARIS VIRICARE RAMUAN PERAPAT MISS V DAN PENGHILANG KEPUTIHAN BPOM VAGINA KEMBALI RAPAT MENGHILANGKAN KEPUTIHAN DAN BAU TAK SEDAP VAGINA WANGI PERMANEN,viricare ramuan perapat miss v
Shopee,Test Pack Alat Tes Kehamilan Akurat Urin,alat tes kehamilan
Shopee,Laurier Relax Night Pembalut Wanita Untuk Bebas Aktivitas di Hari Deras 30cm Wing ZERO Khawatir Bocor Sepanjang Malam Isi 24 Buah,laurier relax night pembalut wanita
Shopee,Menspad Pembalut kain Cuci Ulang Azza pembalut wanita Murah Day Night Panty Reguler (per pcs),menspad pembalut
Shopee,Bundling Gendes Feminine Wash Foam Bubblegum dan Sweet Aromatic Feminine Care Spray | Perawatan Area Kewanitaan | Membantu Mengurangi Keputihan | Membantu Menghilangkan Aroma Tidak Sedap Pada Area Kewanitaan,gendes feminine wash foam bubblegum
Shopee,Empot ayam biang asli tanpa bahan kimia empot ayam hitam,empot ayam
Shopee,[6 PACK] LADIS Pembalut Celana Menstruasi Size M/L,ladies pembalut celana
Shopee,Test Pack Andalan - Andalan Test kehamilan - Andalan pregnancy Test,test kehamilan
Shopee,Alat Tes Test Cek Kehamilan Hamil Test Pack Hcg Test OneMed strip,alat tes test cek kehamilan
Shopee,Andalan Strip Tespek / Test Pack / Test Kehamilan - Alat Pendeteksi Kehamilan Cepat Akurat,andalan tespek
Shopee,Softex Daun Sirih + Vitamin E Jumbo Pack 36cm 18s - Pembalut Daun Sirih Malam,softex daun sirih
Shopee,(Bayi) Tes Ovulasi Ungu Masa Subur 2027,tes ovulasi ungu
Shopee,"Poetry New Feminine Care Package (2Pcs)- Sabun Miss Ve Anti Bau, Keputihan, Gatal, Sabun Wangi Miss Ve Tanpa Alkohol- Sabun Area Intim - Sabun Keset",poetry sabun miss ve
Shopee,Hers Protex Softcare Pembalut Wanita Maxi Bag Isi 20 Pcs x2,hers protex pembalut
Shopee,Laurier Super Slimguard Pembalut Wanita Day Slim Breathable 22.5cm Wing Menyerap Maksimal dan Lebih Cepat Isi 20 Buah Twin Pack,laurier super slimguard pembalut
Shopee,ECERAN Alat Tes Kehamilan ONEMED - Tes Hamil / Tespek / HCG Strip Hamil OneMed Satuan ED 10/2027 (MINIMAL PEMBELIAN 10PCS),onemed tes hamil
Shopee,Laurier Healthy Skin Pembalut Wanita Night Irritation Free 35cm Wing Cegah Iritasi Dengan Permukaan Breathable 3D Bergelombang Isi 6 Buah Twin Pack,laurier pembalut
Shopee,"Missy Pembalut & Pantyliner Gentle Freeze Cooling Sensation (Super Thin, Anion Tea Polyphenols, Peppermint Extract)",missy pembalut
Shopee,GRATIS POT URINE TEST OVULASI TEST KESUBURAN OVULATION TEST TES MASA SUBUR LH PINK,gratis pot urine test ovulasi test kesuburan ovulation test tes masa subur lh pink
Shopee,NCX Crystal X Nasa Original 100% Herbal Alami,ncx crystal x nasa
Shopee,ungu LH ovutes tes ovulasi masa subur strip,ungu lh ovutes tes
Shopee,Test pack STERIL / tes kehamilan / preganancy test,steril tes kehamilan
Shopee,(SKR) TestPack Colloidal Andalan Stik Compact Cassette HCG Test Pack Tespek Alat Ovulasi Kesuburan LH,tespek alat ovulasi
Shopee,[B2G1] HERS PROTEX Daily Comfort Night Pembalut Wanita bag 12,hermes protex
Shopee,Ecer Satuan ONEMED Testpack Hamil Test Pack ONEMED Ecer,onemed testpack
Shopee,Florence Pembalut Celana Wanita Menstruasi Datang Bulan Haid Woman Disposable - isi 2pcs,florence pembalut celana wanita
Shopee,LH Ovulation/Test Kesuburan/Ovulation Test,lh ovulation
Shopee,Tes Kehamilan / Test Pack OneMed - 1 Strip,test pack onemed
Shopee,ECERAN Alat Tes Kehamilan ONEMED 1pcs - Tes Hamil / Tespek / HCG Strip Hamil OneMed Satuan ED 2028 (MINIMAL PEMBELIAN 10PCS),onemed tes hamil
Shopee,(SKR) GROSIR TestPack Stik Compact Onemed Test Pack Tespek Alat Tes Hamil Kehamilan,testpack tespek alat tes hamil
Shopee,Laurier Active Day X-tra Pembalut Wanita Daya Serap Ekstra Bebas Bocor 22cm Wing Pengunci Bocor Instant Isi 30 Buah,laurier active day pembalut
Shopee,ALAT TES KEHAMILAN TESTPACK ONEMED TESPEK PREGNANCY ONE MED - TEST HAMIL URINE PREGNANCY,tespack onemed tespek pregnancy
Shopee,(PROMO READY STOCK) MISSY PEMBALUT KESEHATAN/ PEMBALUT WANITA / PANTYLINER / SOFTEX KESEHATAN,missy pembalut
Shopee,Tes Ovulasi 30 pcs / Tes Kesuburan / LH Ovulation Test / Paket Diskon Grosir Tes Ovulasi,tes ovulasi
Shopee,Pembalut Kain / Menspad / Pembalut Cuci Ulang,pembalut kain
Shopee,Rose V Nasa Herbal Original Merapatkan MIss V DAN Mengatasi Masalah Kewanitaan,rose v nasa herbal
Shopee,Ratus Rebus Rempah Spa Miss V Untuk Keputihan,ratus rebus rempah spa miss v
Shopee,Test Pack Steril Strip Alat Tes Kehamilan - 1 Pcs,test pack steril strip alat tes kehamilan
Shopee,Alat Tes Test Cek Kehamilan Hamil ONEHEALTH GEA STERIL GP Care Test Pack Tespack Hcg Eceran,tespack hcg
Shopee,"FILMORE Spritz Sister Mist Mini | Mengatasi Anyang2an, Keputihan, dan Infeksi Saluran Kemih dalam 7 Hari | Sanitizer Area Kewanitaan",filmore spritz sister mist
Shopee,Purbasari Sabun Sirih 125 ml / Perawatan Kewanitaan / Pembersih Miss V,purbasari sabun sirih
Shopee,Tes Kehamilan Tes Hamil T10 Test Kehamilan Alat Test Pack Onemed / GP CARE ECERAN MURAH.,tes kehamilan
Shopee,Laurier Super Slimguard Pembalut Wanita Night Slim Breathable 35cm Wing Menyerap Maksimal dan Lebih Cepat Isi 12 Buah Twin Pack,laurier super slimguard pembalut wanita
Shopee,Cek Kehamilan Test Pack Satuan (Minimal Order 10 Pcs),kehamilan test pack
Shopee,Ratus Rebus 4x Pakai Ramuan Berendam Cebok Manjakani Perawatan,ratus rebus
Shopee,Test Kehamilan Instant Onemed Tes Tespek One Med hCG Urine Pregnancy Testpack Test pack hamil,one med tes tespek
Shopee,Ovulation Test Strip LH Tes Kesuburan Ovulasi ovutest,ovulation test strip
Shopee,Sehat Wanita Mpot Mpot Putih Kapsul HALAL & BPOM,mpot mpot putih
Shopee,Recare tes kehamilan / test pack / pregnancy test - 1 strip,recare tes kehamilan
Shopee,LH Ovulation Test Strip / Tespack Ovulasi Masa Subur Wanita / Tes Kesuburan,lh ovulation test strip
Shopee,(NCS) TERMURAH Tespek Test Pack Testpack Strip Alat Tes Kehamilan One Med Onemed Eceran,tespek test pack
Shopee,ncx crystal x -obat kewanitaan merapatkan atasi keputihan alami,ncx crystal x
Shopee,Pantyliner Softex Daun Sirih + Vitamin E Longer & Wider 30s x 2 Pack - Pantyliner Daun Sirih,softex daun sirih
Shopee,Charm Pembalut Safe Night 29cm Wing 30 pads,charm pembalut
Shopee,lh ovulation tes ovulasi masa subur promil wanita,lh ovulation tes
Shopee,Softex Beary Cool Pantyliner 15cm 32s - Pantyliner Cool / Dingin,beary cool pantyliner
Shopee,Onemed Test Kehamilan Akurat Dan Murah,onemed test kehamilan
Shopee,Tes Hamil Onemed Tes Kehamilan Test Kehamilan Alat Test Pack Onemed,tes kehamilan
Shopee,LH OVULATION TEST STRIP ALAT TES OVULASI KESUBURAN DETEKSI MASA SUBUR bukan test pack testpack hamil kehamilan,lho ovulation test strip
Shopee,Test Pack Kehamilan HCG / Tes Kehamilan / Testpack Hamil HCG Strip,hcg strip
Shopee,Laurier Cleanfresh Pantyliner Keputihan Breathable Non Perfumed -Tetap Bersih & Ekstra Kering Isi 40 Buah Triple Pack,laurier cleanfresh pantyliner
Shopee,Gendes Sweet Aromatic Feminine Care Spray with Vanilla 7 Miracle Bioactives Merawat Kewanitaan 23 ml | Perawatan Area Kewanitaan | Membantu Mengurangi Keputihan | Membantu Mengurangi Gatal Pada Area Kewanitaan,gendes sweet aromatic care spray
Shopee,"Pembersih Kewanitaan - Refreshing Feminine Wash Mama's Choice (Feminine Hygiene Intimate Wash, aman untuk ibu hamil dan menyusui, terdaftar BPOM)",pembersih kewanitaan mama's choice
Shopee,PROMO manjakani chy arno 1 butir,manjakani chy arno
Shopee,Kotex Liners Panty Liner / Unscented / Aloe Vera / Daun Sirih,kotex liners
Shopee,Softex Daun Sirih + Vitamin E 36cm 12 pads - Pembalut Daun Sirih Malam,softex daun sirih
Shopee,Laurier Cleanfresh Pantyliner Keputihan Breathable Non Perfumed -Tetap Bersih & Ekstra Kering Isi 40 Buah Twin Pack,laurier cleanfresh pantyliner
Shopee,Cod Test Pack Tespek Test Pack Tespack Kehamilan Hamil GEA Akurat Sensitif pregnancy test 10 PCS,tespack kehamilan
Shopee,[ROMANTIC LOVE] Secret Clean Propolis Feminine Care Package 2 pcs / 3 pcs / 4 pcs / 5 pcs | Paket Feminine Wash Pembersih Kewanitaan / Sabun Miss V,secret clean propolis
Shopee,Gendes Sweet Aromatic Feminine Care Wash Foam Vanilla 5 Miracle Bioactives 55 Ml | Perawatan Area Kewanitaan | Membantu Mengurangi Keputihan | Membantu Mengurangi Gatal Pada Area Kewanitaan,gendes sweet aromatic care wash foam
Shopee,MURNI TANPA CAMPURAN Original misk thaharah 3ml,misk thaharah
Shopee,"Missy Pembalut & Pantyliner (Super Thin, Anion Tea Polyphenols, Peppermint Extract)",missy pembalut
Shopee,TEST HAMIL / TEST PACK / ALAT TEST HAMIL / HARGA ECERAN TEST HAMIL ONE MED HARGA MUMER 100% ORIGINAL,test hamil one med
Shopee,Test Pack Alat Tes Kesuburan/Tes Masa Subur/Ovulation LH Strip,tes kesuburan
Shopee,Test Pack Alat Tes Kesuburan/Tes Masa Subur/Ovulation LH Strip,tes kesuburan
Shopee,"Andalan Compact Midstream Pregnancy Test Pack - Alat Tes Kehamilan Praktis, Tanpa Wadah Urin",andalan compact pregnancy test
Shopee,TEST OVULASI MASA SUBUR - OVULATION TEST LH TEST STRIP PENDETEKSI MASA SUBUR COCOK UNTUK PROMIL,ovulasi test
Shopee,Mpot Empot Putih Kualitas Super Utuh Herbal,mpot empot putih
Shopee,Pantyliner Softex Daun Sirih + Green Tea 20 pads - Pantyliner Daun Sirih,softex daun sirih
Shopee,"Alat tes kesuburan, masa subur (ovulasi ovulation LH test strip) dan tes hamil tespek kehamilan",tes kesuburan
Shopee,Pembalut MISSY DAY / Pembalut HERBAL Kesehatan Wanita Bersalin / Wings 245mm 10 pads / Perawatan Miss V Menstrual Pad Menstruasi / Anti Bacterial Jamur Virus / Anti Bocor,missy day
Shopee,ECER HCG Onemed Ecer Alat Tes Kehamilan Onemed,hcg onemed
Shopee,Hers Protex Daily Comfort Night Pembalut Wanita Cinnamoroll Bag Isi 20 + 2 Pcs x2,cinnamoroll pembalut
Shopee,Laurier Relax Night Pembalut Wanita Malam Panjang 30cm Wing Perlindungan Tidur Bebas Bocor Semalaman Isi 16 Buah Twin Pack,laurier relax night pembalut
Shopee,Nuvo Hand Sanitizer Merah Total Protect 85 ml,nuvo hand sanitizer
Shopee,Laurier Relax Night Pembalut Wanita Untuk Bebas Aktivitas di Hari Deras 35cm Wing ZERO Khawatir Bocor Sepanjang Malam Isi 12 Buah,laurier relax night pembalut wanita
Shopee,Tes Hamil Onehealth Alat Tes Kehamilan Onehealth HCG One Step Pregnancy Strip Test Onehealth,tes hamil onehealth
Shopee,Softex Maternity 45cm 10 Pads - Pembalut Bersalin dan Nifas,softex maternity pembalut
Shopee,Softex Celana Menstruasi All Size 2 pads - Pembalut Celana - Spesial Bulan Ungu,softex celana menstruasi
Shopee,Laurier Healthy Skin Pembalut Wanita Day Irritation Free 25cm Wing Cegah Iritasi Dengan Permukaan Breathable 3D Bergelombang Isi 14 Buah Twin Pack,laurier pembalut
Shopee,[CLEAN] Secret Clean Paket Propolis Feminine Care 2 pcs / 3 pcs / 4 pcs / 5 pcs | Halal Feminine Wash Spray Pembersih Kewanitaan / Sabun Miss V Daun Sirih,secret clean propolis
Shopee,(MUTIARA ALKES) ECERAN - Tes hamil/ TYPE Casette dan Strip Test ( Privasi Terjaga ),mutiara alkes tes hamil
Shopee,Test pack hamil / Tes HCG CASSETTE / Tes hamil stick Tes hamil HCG CASSETTE Akurat / Test pack kehamilan,tes hamil hcg
Shopee,Whisper Pembalut Wanita Heavy Flow & Overnight Wings 8's - Paket isi 3,whisper pembalut wanita
Shopee,eBayBee_ID OVULATION | ovulasi (Lh) Test Strip,ovulasi test strip
Shopee,Sepet Arum Bubuk Cebok Wangi Wasiat Ratu Isi 10 Sachet,sepet arum bubuk cebok wangi wasiat ratu
Shopee,Mitela Medstuff Pembalut Siku Segitiga Non Woven,mitela pembalut
Shopee,Test pack GEA / pregnancy test /GEA tespek/ tes hamil,gea tespek
Shopee,Test Hamil One Med Tes Kandungan Cek Kehamilan Tespack Strip Hamil OneMed Tespek Program Hamil Ecer,hamil onemed tes kandungan
Shopee,Test Pack Kehamilan Andalan Testpack Strip / Tes Kehamilan,testpack strip
Shopee,Softex Beary Cool Wing 23cm 14s,softex beary cool wing
Shopee,Pil arab ena ena harga perbutir manjakani kalimantan lonjong,pil arab ena ena
Shopee,Menspad / pembalut cuci ulang (day) (1pack isi 6pcs),menspad pembalut cuci
Shopee,Tes Hamil Get One Test Kehamilan Get One Tes Hamil Onemed Pregnancy Test,tes hamil onemed pregnancy
Shopee,(SKR) Test Ovulation test LH Pink / Ungu BAYI Ovulasi wanita Tes Masa subur Ovulation LH,ovulation test lh
Shopee,Ovutest LH Ovulation Pink Tes Kesuburan Wanita,ovutest lh tes kesuburan
Shopee,Test Pack Kehamilan Quick Sure Akurat 99%,test pack kehamilan
Shopee,[HAPPY DAY] Secret Clean Paket Propolis Feminine Care 2pcs / 3pcs / 4pcs / 5pcs | Paket Feminine Wash Spray Pembersih Kewanitaan / Sabun Miss V,secret clean propolis
Shopee,TEST PACK ONEMED STRIP / TES HAMIL INSTANT,tes pack onemed strip / tes hamil instant
Shopee,"Parfum Spray Madu Asmara, Pengharum Dan Perapet Kewanitaan Kemasan 25 Ml",parfum madu asmara
Shopee,Softex Daun Sirih + Vitamin E 3in1 16 pads - Pembalut Daun Sirih,softex daun sirih + vitamin e
Shopee,Alat test ovulasi Ovulation LH Test strip test kesuburan,ovulasi test strip
Shopee,Test Pack Kehamilan - Alat Test Hamil - Testpack Hamil,test pack kehamilan
Shopee,Ovulation LH Test Strip Purple Alat Tes Masa Subur Ungu Tespek Promil Uji Ovulasi Test Pack Program Hamil Testpack,ovulation lh test strip
Shopee,3x Pakai SPA Rempah Ratus Cebok Miss V Rapet Alami Ratus Uap Manjakani Majakani Rempah Ratus Miss V,spa rempah ratus cebok miss v rapet alami
Shopee,Alat test ovulasi Ovulation Test LH Test strip test kesuburan Ovutes,ovulasi test
Shopee,(SKR) 3 Pcs Tes Kesuburan Ovulasi / 1 Pc Tes Hamil Andalan Strip - Ovulation Test Testpack Pack Strips LH Andalan Cassete,tes kesuburan ovulasi
Shopee,ROSE V NASA ORIGINAL EXTRA BONUS,rose v nasa
Shopee,Ovulation LH Test Strip / Tes Kesuburan Ovulasi Wanita Onehealth per Pcs,ovulation lh test strip
Shopee,ECER - Tes Kehamilan Onemed - Testpack OneMed,tes kehamilan one med
Shopee,Strip Tes Hamil Hcg Testpack Onemed,tes hamil
Shopee,Test pack hamil ONEMED 1 PCS tes kehamilan testpack tespek hamil,onemed tes kehamilan
Shopee,Pil manjakani dayak kembali perawan putri dayak kalimantan,pil manjakani
Shopee,LH OVULATION PAKET TES OVULASI + URINE CUP PINK dan UNGU TEST STRIP KESUBURAN ALAT DETEKSI MASA SUBUR bukan test pack hamil kehamilan,ovulasi tes kesuburan
Shopee,"isi 6 pcs Menspad, Pembalut Kain Cuci Ulang Murah , Menstrual Pad , Pembalut Wanita",menspad pembalut kain cuci ulang
Shopee,Missy Gentle Freeze Pembalut Pantyliner Wanita Original Anti Bakteri Jamur Softex Super Thin,missy gentle pembalut
Shopee,Ovutest Ovulation Test Dengan Privasi Aman,ovutest ovulation test
Shopee,CRYSTAL X ORIGINAL NASA Cristal X ASLI Kristal X Nasa Solusi Masalah Kewanitaan Terbaik Dan Terampuh,kristal x
Shopee,ROSE V NASA ORIGINAL EXTRA BONUS,rose v nasa
Shopee,Tes pack hamil / tespek / tes kehamilan STERIL,tespek kehamilan
Shopee,Softex Daun Sirih + Vitamin E Non Wing 23Cm 18s x 2 Pack - Pembalut Daun Sirih Siang,softex daun sirih
Shopee,Vicks Vaporub Balsem Meringankan Gejala Batuk dan Pilek 25gr,vicks vaporub
Shopee,Laurier Super Slim Guard Day 25Cm 16S Pembalut Twinpack,laurier pembalut
Shopee,Pro Hamil Test Onemed Tes Hamil Onemed Tes Kehamilan Tes Hamil Pro Onemed hCG Urine Strip Test Pregnancy Test Strip Onemed,tes hamil onemed
Shopee,HCG Preganancy Test Hamil Strip GP Care / Alat Tes Kehamilan,hcg pregnancy test
Shopee,Tulip Facial Tissue 1Kg / Tisu Wajah 1000gr,tulip facial tissue
Shopee,Andalan Pregnancy Test Alat Tes Hamil Kehamilan Kesuburan,andalan pregnancy test
Shopee,Softex Celana Menstruasi All Size 2s x 3 Pack - Pembalut Celana - Spesial Bulan Ungu,softex celana menstruasi
Shopee,(SKR) GROSIR 1 Strip test LH Ovulation Pink / Ovulasi masa subur / Tes Kesuburan / Baby ovutest / Fertility Strip,strip test lh ovulasi
Shopee,TEST HAMIL ONEMED / TESPACK / ALAT TES HAMIL,tespack alat tes hamil
Shopee,Softex Daun Sirih + Vitamin E 3in1 16s x 2 Pack - Pembalut Daun Sirih,softex daun sirih + vitamin e
Shopee,Softex Maternity Isi 10 & 20bh Panjang 45cm / Pembalut Ibu Bersalin,softex maternity pembalut
Shopee,OneMed Test Kehamilan Instan (Ecer),onemed test kehamilan
Shopee,Sepet Arum Bubuk Cebok Wasiat Ratu/Sepet Arum Bubuk Cebok Wangi Eceran 1 Sachet,sepet arum bubuk cebok
Shopee,PENGENCANG PAYUDARA Dr.Susan Beauty Breast Cream SECARA ALAMI,penencang payudara dr susan beauty breast cream
Shopee,Test kehamilan instan onemed dan STERIL per (Box),test kehamilan instan onemed
Shopee,Tes Masa Subur Ovulation LH Strip Ovulasi Ovutest,ovulation lh strip
Shopee,Softex Maternity Breast Pad 50 Pads,softex maternity breast pad
Shopee,Menspad Nadnad Pembalut Kain Cuci Ulang Murah / Menstrual Pad Pembalut Wanita [ Bunda Altaf ],menspad pembalut
Shopee,Laurier Healthy Skin Pembalut Wanita Night Irritation Free 30cm Wing Cegah Iritasi Dengan Permukaan Breathable 3D Bergelombang Isi 8 Buah Twin Pack,laurier pembalut
Shopee,TES OVULASI (LH) OVULATION TEST STRIP ALAT TES MASA SUBUR GROSIR PINK OVUTEST PROMIL,tes ovulasi
Shopee,Charm Long & Wide Pantyliner Absorbent Fit Breathable Non Perfumed 40 Pads - 3 Packs,charm pantyliner
Shopee,Menspad Pembalut Kain Wanita Cuci Ulang Murah Ayya,menspad pembalut
Shopee,Softex Maternity 45cm 20s x 2 Pack - Pembalut Bersalin dan Nifas,softex maternity pembalut
Shopee,Softex Comfort Night 42cm 8 pads - Pembalut Malam - Spesial Bulan Ungu,softex comfort night
Shopee,Softex Beary Cool Night 29cm 10s,softex beary cool
Shopee,YOONA Day Pads | 10's - 24.5cm / Pembalut Organik / Organic Pads,yoono day pads
Shopee,Wish Premium Manjakani dr Boyke 125ml - Sabun Kewanitaan Sirih + Manjakani Pembersih Area Kewanitaan Herbal,wish premium manjakani
Shopee,"Herbilogy Women's Care Capsule - Suplemen Herbal Atasi Bau, Gatal dan Becek pada area kewanitaan",herbilogy women's care capsule
Shopee,TES MASA KESUBURAN WANITA PINK ONEHEALTH,tes masa kesuburan wanita
Shopee,NCX Crystal X ORI Cristal X ASLI Kristal X NASA Asli Original Nasa Perawatan Masalah Kewanitaan Terlaris Dan Terbaik,crystal x
Shopee,Tes Kehamilan / Tes Hamil / Test Kehamilan ECERAN / Test Pack Onemed ECERAN / Tes Kehamilan / Tes kehamilan Onemed / Testpack OneMed / TES HAMIL / ECERAN,tes kehamilan
Shopee,XPRESS ! Onemed Tes Kehamilan Testpack Akurat dan Sensitif Steril One med Tespek HCG Alat Cek Hamil Pv,onemed tes kehamilan
Shopee,Ovulation Test / Ovulasi Masa Subur / Testpack Kesuburan Promil / Baby Test / LH Ovutest Strip see,ovulasi test
Shopee,Ovulation LH Test Strip / Tes Ovulasi Masa Subur Ovutest Tespack Promil Kesuburan Tespek Program Hamil,ovulation lh test strip
Shopee,TESTPACK ONEMED PER PCS ECER,onemed
Shopee,Terompet Ear Candle Indian Lilin Pembersih Telinga Aromaterapi kuping Ala India Akura Kuno api,terompet ear candle
Shopee,Test pack hamil 10Miu ULTRAONE Tes kehamilan,ultraone tes kehamilan
Shopee,avail day use,avail day use
Shopee,Ovulation test (UNGU) Ovulasi wanita Tes Masa subur Ovulation /LH test strip,ovulation test
Shopee,Jamu Pil Sepat Keset Rapet Sabdo Palon Herbal,jamu pil sepat keset rapet sabdo palon
Shopee,Softex Celana Menstruasi All Size 2s x 5 Pack - Pembalut Celana - Spesial Bulan Ungu,softex celana menstruasi
Shopee,Ovulation LH Test Strip Tes Masa Subur Kesuburan Wanita Ovutest Fertitest,ovulation lh test strip
Shopee,SENSITIF COMPACT Testpack Test pack Tes hamil test kehamilan PRIVASI AMAN Test Pack Bagus Ori Sensitif Compact Sekali Pakai Alat Test test Kehamilan,testpack tes hamil test kehamilan
Shopee,SABUN GIOVAN WOMEN (MERAH) KEMASAN BARU / SABUN KEWANITAAN,giovan sabun kewanitaan
Shopee,AMPUUH!! MANJAKANI SR12 / MERAPATKAN DAN MENGHILANGKAN KEPUTIHAN DAN NYERI HAID - PROGRAM HAMIL,ampuuh manjakani
Shopee,Kondom Fiesta Aneka Rasa Buah Isi 3pc Aroma Mewah,kondom fiesta
Shopee,Kondom Sutra ISI 3- Merah - Gerigi Biru - Plus Abu-Abu,kondom sutra
Shopee,Kondom Andalan Isi 12pc Lateks Alami Transparan,kondom lateks
Shopee,Kondom Sutra Isi 3 / Isi 12 / Isi 24 Varian Merah / OK Hitam / Gerigi / Plus,kondom sutra
Shopee,K4PSL//BLACK PRIA D3WASA HARMONY HERBAL,k4psl black harmony herbal
Shopee,Kapsul Tempur Kuat Tahan Lama Jamu Herbal Original,kapsul tempur
Shopee,Best - Madu Herbal Alami ST10X – Stamina & Kebugaran Pria – Original 60 ml,madu herbal
Shopee,Magic Power Hitam 1 Box 6 Sachet 1 Box Tissue Magic Privasi Pasti Aman Tisu,magic power hitam
Shopee,Kondom Fiesta Delay Isi 3 Pcs,kondom fiesta delay
Shopee,Kondom Sutra Merah Classic Econopack,kondom sutra merah
Shopee,Kondom Andalan Isi 12,kondom andalan
Shopee,Kondom Andalan Berulir Alat Kontrapsesi Keluarga Berencana KB,kondom andalan
Shopee,"Kondom Sutra Merah Classic 3 Pcs + 1 Pcs | Kondom Tipis, Murah, Anti Bocor, Kemasan Rahasia | Sofit",kondom sutra merah classic
Shopee,Kondom Andalan Isi 12 Bertekstur Bergerigi Berulir Beraroma Original | MEDICURE SBY,kondom andalan
Shopee,Kondom Premium - Kondom 001 Efek Prang Sang Climax Berduri Bergerigi Tipis,kondom premium
Shopee,Kondom Sutra / Sutra Condom OK / GERIGI / PLUS / CLASSIC MERAH ALL VARIANT,sutra kondom
Shopee,Kondom Sutra Merah (Isi 3),kondom sutra merah
Shopee,[ DIKEMAS RAHASIA ] Sutra Merah Classic Isi 3 + 1 Pcs Econopack / Kondom Tipis Standar Internasional,sutra merah classic
Shopee,Kapsl Hitam Stamina Pria Dijamin Keras Dan Tahan Lama / Obat Kuat,kapsl hitam stamina pria
Shopee,DI JAMIN KU4T BERJ4M-JAM (ISI 4KPSL) MADU HITAM HARMONY,ku4t
Shopee,Sutra Lubricant Gel 30ml 50ml 120ml Lembut Aman,sutra lubricant gel
Shopee,Magic maxx isi 8 sachet khusus pria,magic maxx
Shopee,"Sutra 003 2s - Kondom Super Tipis, Serasa Gak Pake. Tetap Aman dan Nikmat",sutra kondom
Shopee,Kondom Tipis - Sutra Kondom 003 - 2 Pcs,kondom sutra
Shopee,Kondom Paling Tipis - Mirai Kondom Big Dots - 3 Pcs,mirai kondom
Shopee,KAPSUL MERAH JAMU KUAT TAHAN LAMA JOS,kapsul jos
Shopee,Sutra Lubricant - Pelumas / Lubrikan / Pelicin,sutra lubricant
Shopee,stud putih stud 007 termurah original no abal abal,stud putih
Shopee,Tissue / Tisu Super Power Magic Man 1 Kotak Isi 6,tissue super power magic man
Shopee,Durex Play Lubricant Intimate Lube Pelumas 50 mL,durex play lubricant
Shopee,Kondom Fiesta Ultra Thin,kondom fiesta
Shopee,Kondom Mirai Big Dots 3 Pcs - Tekstur Berbintik Lebih Besar dan Lebar,kondom mirai
Shopee,(KERAHASIAAN TERJAGA) MAGIC POWER ORIGINAL || TISU MAGIC POWER,magic power
Shopee,Minyak Oles pembesar Kelaminn Laki Laki Intimate Blue Gel For Men Minyak Mr P,minyak pembesar kelaminn
Shopee,Andalan Condom 12s / Kondom Andalan Isi 12,andalan kondom
Shopee,Kondom Rasa - Fiesta Kondom Watermelon Sugar - 3 Pcs - Kondom Tipis,kondom rasa fiesta
Shopee,Tisu Magic Original - isi 6 - Tissue Magic Power,tisu magic
Shopee,XT Spray Minyak pijat 0bat herbal Relaksasi Tubuh Atasi ezjakulasi dan bisa Kuat TahanLama,xt spray minyak pijat
Shopee,Tisu Magic Crimson Desire isi 6 Sachet Tisu Pria Tahan lama,tisu magic crimson desire
Shopee,Kondom Gerigi Varian Terlengkap Super Tipis 001 Sensasi Ice - Bisa Cod Pengiriman Instant,kondom gerigi
Shopee,HORN by Dr. Boyke - 1 Sachet Suplemen Cokelat Serbuk Stamina Pria,horn by dr. boyke
Shopee,"Andalan Kondom Isi 12 - Kondom Anti Bocor, Transparan, Berkontur, Berbintil, Berulir dan Beraroma",andalan kondom
Shopee,Tisu Magic All Varian / Sutra Tisu Plus / Magic Power / Crimson / Black Parade / Lovers / Casanova / Gold,tisu magic all
Shopee,XPRESS ! 12 24 Sutra Merah Sutra Ok Hitam Gerigi Biru Plus RM Lubrikan Kondom Pelumas Pv,xpress sutra merah sutra ok hitam gerigi biru plus rm lubrikan
Shopee,Kondom Sutra Hitam OK Isi 3 Tahan Lama,kondom sutra
Shopee,Kondom Fiesta Berbagai Rasa,kondom fiesta
Shopee,Tangkur Madu 100% Original,tangkur madu
Shopee,Condom Dotted 001 - Kondom Gerigi Premium - Privasi Aman Terjaga,kondom gerigi
Shopee,Durex Play Feel Pelumas Gel Seks Pria & Wanita 100ml Bottle - Lubricant Water Based Sex Lube,durex play feel pelumas
Shopee,G-MAX Minuman Kopi Stamina pria Extra Gingseng Tahan lama 10 sachet BPOM Original,g-max kopi stamina
Shopee,BLUE Minyak Pijat INTIMATE SPECIAL serum Pembesar & Perawatan Pria 50 ML,blue minyak pijat serum pembesar
Shopee,Lubricant Sutra - 50 mL - Gel Pelumas Ms V,lubricant sutra
Shopee,Lubricant Sutra 50 ml - Pelicin - Gel - pelumas,lubricant sutra
Shopee,XPRESS ! Isi 3 Sutra Kondom merah hitam plus rm gerigi biru ok Pv,xpress kondom
Shopee,Verba Luve Original Human Lubricant Pereda Nyeri Perih Miss V,verba luve original human lubricant
Shopee,Tissue Megic / Tisu Super Magic Power 1 kotak isi 6,tissue megic
Shopee,MINYAK LINTAH HITAM PAPUA ASLI 100% ORIGINAL MINYAK PEMBESAR PRIA LINTAH PAPUA ASLI ORIGINAL 100%,minyak lintah papua
Shopee,Loveles - Loveless Moisturizing Gel Asli Original 100%,loveless moisturizing gel
Shopee,Tisue magic Antiseptic Tisu Antiseptik SUPER MAGIC Man Tissue Magic (6 pcs) Tisu Mejik Megic,tisu magic
Shopee,Loveless Mousturizing Gel original,loveless mousturizing gel
Shopee,Tissue Super Magic Man (Tisu magic power) SEMUA VARIAN,tissue super magic man
Shopee,"Durevel Spray 15ml - Herbal Pria Dewasa, Penambah Stamina dan Vitalitas Pria",durevel spray
Shopee,Kondom Sutra Gerigi isi 12 + 3 Pcs / Condom Biru Bergerigi Econopack Import Standar Internasional,kondom sutra gerigi
Shopee,Kondom Vivo Extra Sensation isi 3 Pcs - Kondom Gerigi Terbaik,vivo extra sensation
Shopee,"Andalan Kondom Isi 12 - Kondom Anti Bocor, Transparan, Berkontur, Berbintil, Berulir dan Beraroma",andalan kondom
Shopee,Minyak Urut Obat Pembesar Aset Laki Laki Tahan Lama Original Permanen BPOM,minyak urut aset laki laki
Shopee,Fiesta Max Dotted 12s - Kondom Tekstur Bintil Tambah Sensasi Bercinta,fiesta max kondom
Shopee,Fiesta Ultra Thin 3s - Kondom Tipis dan Transparan,fiesta kondom
Shopee,Tissue Magic Power Ice Blast,tissue magic power
Shopee,Kondom Andalan isi 12pack - Anti Bocor Sesuai Standar Internasional ORI 100%,kondom andalan
Shopee,GMAX - Kopi Gingseng STAMINA PRIA RASA Gula Aren 1 Box isi 10 sachet Original Berkualitas BPOM HALAL,gmax kopi gingseng
Shopee,KONDOM SUTRA MERAH ISI 12,kondom sutra
Shopee,Sutra Lubricant Gel Sachet 5 ML Lembut Aman,sutra lubricant gel
Shopee,Fiesta Performax 3s - Kondom Tahan Lama,fiesta performax kondom
Shopee,"Kondom Vivo 0,03 isi 3 Pcs - Kondom Tipis Terbaik",kondom vivo
Shopee,Obat oles Kuat Pria Tahan Lama HERBAL solusi pembesar pria Daun Bungkus Papua,obat oles kuat pria
Shopee,Vigel Lubricant Gel - 60 gr - Pelumas Ms V Terbaik,vigel lubricant gel
Shopee,( TOP 1 ) Madu kuat pria Lebih Tahan Lama 100% Original,madu kuat
Shopee,TOP1 TERLARIS MADU PENAMBAH STAMINA PRIA TAHAN LAMA MADU LACKY BPOM AMPUH PERMANEN 100%original,madu tahan lama
Shopee,VERBAGEL RED 50ml Minyak pijat Pembesar Joni & Penguat Original BPOM 100% Aman,verbagel minyak pijat
Shopee,Magister Cairan Air Soflens | Air Pembersih cairan softlens Solution 120ml Multi Purpose,soflens solution
Shopee,ICE 60ml Cairan Pembersih Softlens With Pro Vit B5 Serbaguna Expired Maret 2028,ice cairan pembersih softlens
Shopee,CAIRAN PEMBERSIH AIR SOFTLENS ICE 60 ML / AIR SOFLENS SOFLEN,cairan pembersih air softlens
Shopee,Spex Symbol Solution SOL-8 60ml,spex symbol solution
Shopee,Tetes Mata X2 15ml Untuk Softlens Nyaman,tetes mata x2
Shopee,Cairan Pembersih Softlens X2 60 Ml Original,cairan pembersih softlens x2
Shopee,Cairan Softlens X2 60ml Exp 2027,cairan softlens x2
Shopee,GROSIR (14.000) CAIRAN PEMBERSIH SOFTLENS X2 120ML / X2 COMFORT 120ML,grosir cairan pembersih softlens
Shopee,Air Softlens / Cairan Pembersih Softlens SOL 8 60 ML,air softlens
Shopee,Cairan Softlens Ice 60ml Exp 2028,cairan softlens ice
Shopee,Cairan Softlens Ice Multipurpose 60ml/150ml Exoticon,cairan softlens ice
Shopee,"CAIRAN SOFTLENS AQUAS 60 ML , 120 ML/NICELOOK 60ML, 120 ML /SOL8 60 ML",softlens aquas
Shopee,"Obat tetes mata15ml Mata kering mata perih mata tersumbat,mata kabur dan bengkak mata kering kemerahan matalelah - Cocok untuk Mata Minus & Katarak",obat tetes mata
Shopee,X2 COMFORT 60ML,x2 comfort
Shopee,Cairan Softlens X2 Comfort 60ml Exp 2028 / Air Softlens X2 60ML,cairan softlens x2
Shopee,(HARGA GROSIR) Air Softlens X2 120ml / Cairan Softlens X2 120 ML / X2 Comfort 120ml / Air Pencuci Softlens / Steril / Pembersih Softlens / Soflen / Softlen / Soflens / Coolsoftlens / CSCOOL / 1,softlens
Shopee,Cairan Pembersih Softlens X2 Comfort 60 Ml 3 Bulan,cairan pembersih softlens x2 comfort
Shopee,NICE LOOK Varian Air Softlens 15ml 60ml 120ml 550ml,nice look softlens
Shopee,❤ BELIA ❤ ICE with Provitamin B5 All-In-1 MultiPurpose Contact Lens Solution 150ml 50ml | Cairan Mata Softlens | Pembersih Kontak Lensa,belia ice contact lens solution
Shopee,Insto Reguler Eye Drops 7.5 ml,insto eye drops
Shopee,Obat Herbal Mata THM Original Tetes Mata THM Naturaid,obat herbal mata thm
Shopee,Cairan Softlens Nicelook 60ml Untuk Lensa Kontak Lunak,cairan softlens nicelook
Shopee,Cairan Softlens ICE 60 Ml Multi Purpose Solution,softlens ice
Shopee,X2 Sanso + Bio Formula Solution 120 ml,x2 sanso bio formula solution
Shopee,[COD] Bundling paket 5 / Air softlens 60ml+airdrop 10ml+capitan+lens case+alat pencuci softlens,softlens
Shopee,TETES MATA NICE LOOK 15 ML,tetes mata
Shopee,EXOTICON - Solution Ice 60Ml,exoticon solution ice
Shopee,Obat Mata Berlemak Kekuningan Penyakit Pterigium Glukoma Katarak Ada Selaput di Bagian Putih Bola Mata Pinguace Lemak Mata Herbal Oil,obat mata pterigium
Shopee,TETES MATA FRESHKON 10 ML,tetes mata freshkon
Shopee,"CAIRAN SOFTLENS X2 COMFORT 60 ml & 120 ML, PURE n SOFT 60 ml DAN LAIN-LAIN",cairan softlens
Shopee,Air Softlens O2 OXYGEN 80ml & 160ml / Cairan Softlens O2 Oxygen 160 ML / Omega O2 Solution 160ml / O2 Oxygen 3+ / Air Pencuci Softlens / Steril / Pembersih Softlens / Soflen / Softlen / Soflens / Coolsoftlens / CSCOOL,softlens o2 oxygen
Shopee,TETES MATA SOFTLENS A+ 10 ML,tetes mata softlens
Shopee,Ice 60ml Cairan Softlens All-In-One Vitamin B5,softlens vitamin b5
Shopee,(Bisa COD) Tetes Mata X2 Contact For DRY EYES 15mL Moisturizing Comfort HA Hydroloc System Dry eye / BB,tetes mata x2 contact for dry eyes
Shopee,CAIRAN SOFTLENS ICE 60 ML,cairan softlens
Shopee,Eyelovin Alat Stik Pasang - Bantu Pasang dan Lepas Softlens,eyelovin alat stik pasang
Shopee,Cairan Pembersih Softlens Ice 150 Ml Serbaguna,cairan pembersih softlens ice
Shopee,Cairan Softlens X2 120 Ml Multi Purpose Solution,cairan softlens x2
Shopee,Tetes Mata Berbagai Jenis 10ml-15ml-8ml,tetes mata
Shopee,HARGA GROSIR CAIRAN SOFTLENS NICELOOK 60ML,softlens nice look
Shopee,Cairan Pembersih Softlens | Air Cuci Softlens X2 60ml Extra Comfort Multi Purpose Solution - Expired April 2028,air cuci softlens
Shopee,GROSIR (8200) CAIRAN PEMBERSIH SOFTLENS ICE 60 ML / ICE PROVITAMIN B5 60ML,grosir cairan softlens
Shopee,Magister Cairan Softlens 120ML Soflens Comfort Air Solution,soflens comfort air solution
Shopee,Cairan Softlens X2 120 Ml Perendam Softlens,cairan softlens x2
Shopee,Air Softlens Nice Look 120 ml - Nicelook Cairan Soft Lens 120ml,softlens nice look
Shopee,TETES MATA X2 CONTACTS 15 ML WITH HA HYDROLOC,tetes mata
Shopee,CAIRAN SOFTLENS A+ 100ML,cairan softlens a+
Shopee,JUAL SOFTLENS Cairan Softlens Pembersih 60 ml GET FRESH / Sol 8 / Nice Look / Cairan soflens 60 ml / cairan pembersih softlen / cairan pencuci soflen jual softlens jualsoflens jualsoftlen,cairan softlens
Shopee,X2 Comfort 60ml Solution Air Softlens Cairan Pencuci Soflen Dan Perendam Soft Lense,x2 comfort
Shopee,Spex Symbol Solution ICE 60 ml - Cairan Softlens,spex symbol solution
Shopee,Cairan Softlens PURIEN REVITA - Solution Softlens 60ml & 150ml,cairan softlens purien revita
Shopee,X2 Contacts 15 ml Tetes Mata Softlens,x2 contacts
Shopee,Cendo Cenfresh Minidose Obat Tetes Mata (5x0.6ml),cendo cenfresh minidose obat tetes mata
Shopee,MYSTICEYES Air Softlens 60ML/120ML,mysticeyes air softlens
Shopee,Cairan Pembersih Softlens X2 Comfort 500 Ml Multifungsi,cairan pembersih softlens x2 comfort
Shopee,X2 120ml Cairan Pembersih Softlens Extra Comfort Expired April 2028,softlens
Shopee,(GROSIR 16.500AN) Tetes Mata x2 Contacts With HA Hydroloc 15ML / Tetes Mata Softlens X2,tetes mata
Shopee,Cairan Softlens X2 60ml Untuk Semua Lensa Kontak Lunak,cairan softlens x2
Shopee,X2 Comfort Solutions 500 ml,x2 comfort solutions
Shopee,Tetes Mata Softlens FRESHKON 10 ML / Lens Drop Eye Drop,softlens freshkon
Shopee,Cairan Softlens X2 500mL / X2 Comfort 500 mL / Air Pencuci Softlen,softlens x2
Shopee,Trixin cat Tetes mata kucing 10ml,trixin cat tetes mata kucing
Shopee,(COD+AKL) Mysticeyes Contact Lens Care Solution 60ml/120ml Lens Solutions Softlens Softlen Cairan,mysticeyes contact lens care solution
Shopee,{BISA COD} CAIRAN SOFTLENS ICE 60ML [ EXP 09/2028 ] / PROVITAMIN B5 ICE 60 ML,softlens provitamin b5
Shopee,Freshkon 360ml Multi Purpose Solution Air Softlens Cairan Pembersih Perendam Bilas Softlen Softlense,freshkon softlens
Shopee,(Bisa COD) Cairan Pembersih Softlens O2 160ml,cairan pembersih softlens o2
Shopee,Tetes Mata X2 15ml Melembabkan Dan Anti Iritasi,tetes mata x2
Shopee,Cairan Tetes Mata Softlens X2 Contact 15ml Nyaman Dan Lembut,cairan tetes mata softlens x2
Shopee,HARGA TERMURAH free ONGKIR : BRG ASLI TETES MATA X2 15ml [ EXP 2028 ],tetes mata
Shopee,CAIRAN SOFTLENS NICE LOOK 60ML / CAIRAN PEMBERSIH NICELOOK 60 ML AQUAS,cairan softlens
Shopee,CAIRAN PEMBERSIH SOFTLENS X2 120ML,cairan pembersih softlens x2
Shopee,Cairan Softlens O2 Oxygen 160 Ml Melembabkan,cairan softlens o2 oxygen
Shopee,"XPRESS ! Insto Tetes Mata 7,5 ml / 15 ml Dry Eyes Tears Moist Sakit Mata Merah Kering",insto tetes mata
Shopee,X2 Contact 15ml Eye Drops Cairan Tetes Mata Soft lens Nyaman Dan Lembut Soflen,x2 contact eye drops
Shopee,Cairan Tetes Mata Softlens Freshkon 10 Ml Nyaman,cairan tetes mata softlens freshkon
Shopee,Freshkon 10ml Eye Drops Tetes Softlens Cairan Soft Lens Air Lensa Kontak Mata Pelembab Soflens,freshkon eye drops
Shopee,Cendo Protagenta Minidose 0.6 ml,protagenta minidose
Shopee,Bio True 60ml | Cairan Softlens Multi Purpose Solution,bio true softlens solution
Shopee,TETES MATA A+ PLUS BY EXOTICON TETES SOFTLENS SOFLEN,tetes mata a+ plus
Shopee,[ BARANG ASLI ] SOLUTION X2 120ML ( ED 2028 ),solution x2
Shopee,CAIRAN PEMBERSIH SOFTLENS X2 120ML,cairan pembersih softlens x2
Shopee,Cairan Pembersih Softlens X2 120ml Anti Bakteri,cairan pembersih softlens x2
Shopee,Cairan pembersih perendam mps softlens nicelook / aquas 60 ml,cairan pembersih perendam mps softlens nicelook
Shopee,‼️Miss.Vinka‼️ X2 Comfort Cairan Softlens 120ml | Air Pencuci Softlens Kontak Lensa,x2 comfort cairan softlens
Shopee,Cairan Pembersih Softlens Be Seen 60ml With Oxygen - Expired April 2028,be seen softlens
Shopee,TETES MATA SOFTLENS A+ 10ml,tetes mata softlens
Shopee,EYESIGHT LENSES A+ Lubricating & Rewetting Drops 10 ml / Tetes Mata Softlens,eyesight lenses
Shopee,O2 160ml Cairan Pembersih Softlens Multi Purpose Solution With Oxygen Expired Mei 2029,o2 cairan pembersih softlens
Shopee,{BISA COD} CAIRAN SOFTLENS ICE 150ML [ Exp 06/2028 ] / PROVITAMIN B5 ICE 150 ML,softlens provitamin b5
Shopee,(Bisa COD) Cairan Pembersih Softlens ICE 150ML / Provitamin B5 isi 150 ml,cairan pembersih softlens ice
Shopee,(Bisa COD) Cairan Pembersih Softlens X2 500ml / X2 Comfort / BB,cairan pembersih softlens
Shopee,BARANG ASLI : X2 AIR SOFTLENS MPS 120ML ( EXP 03 2028 ],x2 air softlens
Shopee,Mikeda - Tetes Mata A+ 10 Ml,mikeda tetes mata
Shopee,Freshkon 10ml Eye Drops Tetes Mata Untuk Softlens,freshkon eye drops
Shopee,Cairan Softlens X2 ICE 60ml Multi Purpose Solution Air Bilas Cuci Pembersih Soflens,cairan softlens x2 ice
Shopee,CAIRAN SOFTLENS BIOTRUE 300ML / BIO TRUE 300ML 2027 BLN 3,biotrue softlens
Shopee,(GROSIR 34.000AN) CAIRAN SOFTLEN X2 500ML / Air softlens murah X2 500ml,softlen x2
Shopee,NICE LOOK AQUAS ILOOK AIR SOFTLENS 60 ML UNTUK CUCI SOFTLEN CAIRAN NICELOOK 60ML,nice look aqas ilook air softlens
Shopee,(Bisa Cod) Tetes Mata A+ / Cairan Pelembap Mata A Plus,tetes mata a+
Shopee,Cleaner Softlens - Multi Purpose Solution - Cairan Cuci Rendam Soflens,cleaner softlens
Shopee,CAIRAN PEMBERSIH SOFTLENS ICE 150ML Pro VITAMIN B5 / AIR SOFTLEN ICE 150 ML,cairan pembersih softlens ice
Shopee,SOL 8 60ml SOL EIGHT 60ml Cairan Pembersih Softlens Multi Purpose Solution Expired Mei 2028,sol eight cairan pembersih
Shopee,CAIRAN SOFTLENS X2 COMFORT 500ML / CAIRAN PEMBERSIH SOFTLEN X2 500 ML,cairan softlens x2
Shopee,Rohto Cool Tetes Mata Steril isi 7 ml,rohto cool tetes mata
Shopee,Freshkon 10ml Eye Drops Tetes Mata untuk Softlens & Mata Kering,freshkon eye drops
Shopee,(Bisa COD) Tetes Mata Freshkon 10ml / fresh kon / tetes mata softlens / BB,freshkon tetes mata
Shopee,(GROSIR 8.700) Air Softlens X2 60ml / Cairan Softlens X2 60ml / X2 Comfort 60ml / CAIRAN SOFTLENS MPS X2 COMFORT 60 ML / AIR SOFLENS,softlens x2
Shopee,Cairan Pembersih Softlens X2 Comfort 120mL,cairan pembersih softlens x2 comfort
Shopee,"Botol tetes mata 15 ml Putih, MINIMUM BELI 30 PCS",botol tetes mata
Shopee,Samyunwan / Sam Yun Wan / Syw / Samyuwan / Sam Yu Wan / Gemuk / Nafsu Makan,samyunwan
Shopee,"NATUR-E WHITE KAPSUL GLUTATIONE, VIT E, OLIVE FRUIT EXTRACT",natur e white kapsul
Shopee,Samyunwan / Sam Yun Wan / Syw / Samyuwan / Sam Yu Wan / Gemuk / Nafsu Makan,samyunwan
Shopee,SAM YUN WAN/ SAMYUNWAN/ SANYUNWAN/SANYUNWAN WISDOM BARCODE ORIGINAL OBAT GEMUK BADAN,samyunwan wisdom
Shopee,Travel Size ELD Collagen Drink Minuman Pemutih dan Pelangsing Rasa Strawberry 20gr | TnT Beauty Shop,eld collagen drink
Shopee,IPI Suplemen Multivitamin - Vit C Vit B Complex Vit D Vit E Mineral Zinc,ipisuplemen multivitamin
Shopee,"Protein Source Drink - Alamon GO 200gr - with Whey Protein Concentrate, Isolated Soy Protein, Egg Albumin, Curcuma",alamon go
Shopee,NATUR-E Vitamin Soft Capsule Natur E White 100IU 300IU Advanced,natur e vitamin
Shopee,Natur-E Soft Capules 16's,natur-e soft capules
Shopee,* STAR * Natur-E White Glutathione Capsule 32's {Kapsul Putih Biru},natur e white glutathione
Shopee,Flimty Fiber (1 Sachet) - Cobain Dulu!,flimty fiber
Shopee,Jamu Pelangsing Perut Instan 5's - Membantu Mengurangi Lemak Tubuh,jamu pelangsing
Shopee,teh daun jati cina saji nikmat dan berhasiat,teh daun jati cina
Shopee,IPI Vitamin D3 + K2 25 Tablet - Suplemen Vitamin D3 dan K2,vitamin d3 k2
Shopee,Teh Diet Pelangsing Badan Herbal dan Peluntur Lemak Terampuh Detox Herbal Daun Jati Cina Alami,teh diet pelangsing badan herbal
Shopee,IPI Vitamin A B1 B12 B Komplek C D E Zinc Magnesium 1 Botol,ipivitamin ab1b12bkomplekcdezincmagnesium
Shopee,Madu TJ Sachet 1 Box isi 12 Sachet,madu tj sachet
Shopee,My Well Vitamin D3 1000 IU 20 Tablet,my well vitamin d3
Shopee,IPI Vitamin D3 1000 IU 30 Tablet - Suplementasi Vitamin D dengan Cepat,ipivitamin d3
Shopee,TOLAK ANGIN CAIR 15ml BOX ( ISI 12 ),tolak angin cair
Shopee,Tolak Angin Cair Isi 12 Sachet Perbox,tolak angin cair
Shopee,Penggemuk Badan Original Samyunwan Original Pil Penggemuk Badan,penggemuk badan
Shopee,Herwell Herslim - 1 Porsi Meal Replacement,herwell herslim
Shopee,TEH DIET PELANGSING DETOX PELUNTUR LEMAK BADAN HERBAL ALAMI /SLIMMING TEA JAMU OBAT DIET AMPUH R1 A1003,teh diet
Shopee,MUMTAAZZTORE | Sidomuncul Tolak Angin Cair 15ml isi 12,sidomuncul tolak angin
Shopee,IPI Mineral Zinc Plus Selenium 45 Tablet - Suplemen Zinc dan Selenium,ipimineral zinc plus selenium
Shopee,"KOMIX SIRUP SACHET ISI 30 SACHET ,PER BOX.",komix sirup
Shopee,Best Honey Paket 3in1 Sari Lemon Diet Detox Chia Seed Madu Multiflora Asli,honey madu
Shopee,TEH DIET PELANGSING DETOX PENURUN BERAT BADAN HERBAL ALAMI/ TEH OBAT DAUN JATI CHINA PERUT BUNCIT O2 A1000,teh diet
Shopee,Tomo Kenko Vitamin D3 1000 IU Kemasan Strip,tomo kenko vitamin d3
Shopee,Calcifar Plus 10 Kaplet - Suplemen Kalsium dan Vitamin D3,calcifar plus
Shopee,Vitamin C 1000mg Sidomuncul Original Dus 6 Sachet,vitamin c
Shopee,Tolak Angin Plus Madu Sido Muncul Box isi 12 Sachet,tolak angin plus madu
Shopee,"KAPSIDA HS Kembang Bulan Isi 12 Kapsul – Membantu Memelihara Kulit, Meredakan Jerawat, Gatal, Alergi, Pembersih Darah, Antioksidan, antiinflamasi, BPOM Halal Aman Ampuh ORIGINAL",kapsida kembang bulan
Shopee,Tolak Angin Cair Plus Madu 15 ml 5 Sachet,tolak angin cair plus madu
Shopee,Evolene - [NEW] Crevolene Monohydrate - Creatine - Menambah Massa Otot - Suplemen Fitness,evolene crevolene monohydrate
Shopee,20gr Travel Size ELD Collagen Drink Minuman Pemutih dan Pelangsing Rasa Strawberry [ELS STRAW KECIL],eld collagen drink
Shopee,"Minuman dengan Whey Protein Konsentrat / 6x Minum / Puluhan Ribu Ulasan / Alamon GO / 200 gram / GYM Favorit / Egg Albumin, Curcuma, Isolated Protein Soy",almon go
Shopee,Coolvita Milk Calcium Chewable Tablets Original Flavor 1 Botol - Suplemen Kesehatan Kalsium Tablet Kunyah BPOM dan Original untuk Anak & Dewasa,coolvita milk calcium
Shopee,Sido Muncul Vitamin C 1000 Serbuk Lemon 6's - Jaga Daya Tahan Tubuh,sido muncul vitamin c
Shopee,TEH DIET PELANGSING DETOX PELUNTUR LEMAK BADAN HERBAL ALAMI /SLIMMING TEA JAMU OBAT DIET AMPUH LANGSING ALAMI TEH DIET PELANGSING DETOX PELUNTUR LEMAK BADAN HERBAL ALAMI /SLIMMING TEA JAMU OBAT DIET AMPUH LANGSING ALAMI !!! Teh Celup Daun Jati Cina Herbal,teh diet
Shopee,COLLAGEN DRINK 20gr Travel Size ELD Collagen Drink Minuman Pemutih dan Pelangsing Rasa Strawberry [ELD STRAW KECIL],collagen drink
Shopee,"TEH DIET PELANGSING DETOX PELUNTUR LEMAK BADAN HERBAL ALAMI /SLIMMING TEA JAMU OBAT DIET AMPUH LANGSING ALAMI !!! Teh Celup Daun Jati Cina Herbal Alami dan Peluntur Lemak Terampuh GROSIR Teh jati cina curah,teh herbal,obat diet,Perut buncit Slimming Teh",teh diet
Shopee,IPI Vitamin C 45 Tablet - Memenuhi Kebutuhan Vitamin C,vitamin c
Shopee,Vitamin A B1 B12 B Complex C D3 K2 E Mineral Zinc Calsium Magnesium IPI (Isi 25 30 45 70 80 Tablet),vitamin b complex
Shopee,CDR rasa Jeruk ISI 10 / 15 / 20 TABLET,cdr rasa jeruk
Shopee,"Viva Apotek - Neurobion Forte 5000 untuk Kebutuhan Vitamin B1,B6, B12 (10 Tablet)",neurobion forte
Shopee,Enervon C Tablet 30's,enervon c
Shopee,Vitamin D3+K2 IPI untuk Memelihara Kesehatan Tulang (25 Tablet),vitamin d3+k2
Shopee,RAMUAN CINTA BY MUTY ECER + SENDOK [OFFICIAL],ramuan cinta by muty ecer
Shopee,Vitamin D3+K2 IPI untuk Memelihara Kesehatan Tulang (25 Tablet),vitamin d3+k2
Shopee,Curcuma Force 1 Blister @ 10 Tablet,curcuma force
Shopee,Sido Muncul Vitamin C 1000 Serbuk Orange 6's - Jaga Daya Tahan Tubuh,sido muncul vitamin c
Shopee,ORIGINAL DISTRIBUTOR RESMI‼️SHEEBY BEAUTY COLLAGEN | SHEEBY BEAUTY MINUMAN PEMUTIH BADAN ✅ SHEBBY BEAUTY REFIL MINISIZE SCRUB,sheeby beauty collagen
Shopee,"GIA Teh jati cina curah,teh herbal,obat diet,teh pelangsing / Serbuk / usut lemak Diet jaticina",gia teh jati cina
Shopee,BEAUTYBY.NADS | COLLAGEN BY SHEEBY BEAUTY COLLAGEN | SHEEBY BEAUTY MINUMAN PEMUTIH BADAN COLLAGEN BOOSTER SHEEBY RASA STRAWBERRY COKLAT VANILA VANILLA MINUMAN COLLAGEN POUCH NEW BOX,collagen by sheeby beauty collagen
Shopee,CDR Suplemen Ibu Hamil dan Ibu Menyusui isi 10 // 15 // 20 tablet,cdr suplemen
Shopee,BLACK GARLIC (BAWANG HITAM TUNGGAL ORI 100%)-FREE EMAS MINI,bawang hitam
Shopee,"BLACKMORES BIO D3 1000IU BPOM KALBE - 30 CAPS | SUPLEMEN VITAMIN D3, DAYA TAHAN TUBUH, IMUNITAS, AUTOIMUN, TULANG, PROMIL",blackmores bio d3
Shopee,TEH DIET PELANGSING DETOX PELUNTUR LEMAK BADAN HERBAL ALAMI / OBAT JAMU DIET DAUN JATI CINA AMPUH O1 A1002,teh diet pelangsing
Shopee,NATUR - E WHITE 32 Kapsul With Glutathion Vitamine E,natur e white
Shopee,Interlac Sachet 0.3 g,interlac sachet
Shopee,Forti-D 2000 Vitamin D3 4 Kapsul Lunak,forti-d vitamin d3
Shopee,Natur-E Active Beauty Natural Vitamin E 300 IU 16s/32s - Soft Capsule Dengan Vitamin E 300 IU - Membantu Menjaga Kesehatan Kulit dari Dalam,natur e active beauty vitamin e
Shopee,Etabion 10 Kapsul - Suplemen Penambah Darah,etabion
Shopee,DETOX TEA & SLIMMING / TEH DIET PELANGSING PELUNTUR LEMAK BADAN HERBAL ALAMI,detox tea
Shopee,STRIVE Energy Gel sachet 24g Energi Olahraga Lari Sepeda Triathlon Hiking,strive energy gel
Shopee,NB Samyunwan samyun wan Wisdom no barcode - Penggemuk Syw NB,samyunwan samyun wan wisdom
Shopee,Enervon-C 4 Tablet,enervon c
Shopee,Natur-E Soft Capsule Skin Start 100 IU 16s/32s - Soft Capsule untuk Menjaga Kesehatan Kulit dengan Vitamin E 100 IU - Nutrisi Kulit dari Dalam Untuk Awal Kesehatan Kulitmu,natur e soft capsule
Shopee,Flimeal (Meal Replacement) 1 sachet - Coklat Vegan,flimeal coklat
Shopee,Jati Cina Aur Diet Pelangsing Inayah Penurun Berat Badan 40gr,jati cina aur diet
Shopee,Detoslim Herbal Pelangsing Alami Bantu Turunkan Berat Badan,detoslim herbal pelangsing
Shopee,Astria 4 mg 6 Kapsul,astria
Shopee,JSR NATURLIFE DIET GLOWING - TEH RIMPANG JSR / RESEP SEHAT JSR / RAMUAN JSR / REMPAH JSR / PENURUN BERAT BADAN / JAMU JSR / MINUMAM JSR / RIMPANG / JSR MSH / JSR STORE ID /JSR STORE OFFICIAL/ JSR ZAIDUL AKBAR / JSR ZAIDUL AKBAR /JSR ZAIDUL AKBAR OFFICIAL,jsr naturlife diet glowing
Shopee,Beaudesoul Detox Tea Varian Orginal Biasa | Pelangsing Herbal | Diet Alami,beaudesoul detox tea
Shopee,Astria 4 mg 4 Kapsul,astria
Shopee,"Obat Diet Ampuh BPOM | Teh Pelangsing, Teh Hijau Green Tea & Daun Jati Cina, Slimming Tea Teh Diet Matchana, Pelangsing Badan Cepat dan Ampuh, Peluntur Lemak, Detox tea, Obat Pelangsing Badan Ampuh BPOM, Diet & Detoks, Obat Perut Buncit",matchana
Shopee,[Top Selling] Collagen Tablet Glow Up 3 Tube Isi 60 Tablet Coolvita – Minuman Kecantikan untuk Kulit Cerah & Halus – Glow Up dalam Satu Tegukan | Hasil dalam 14 Hari | Kolagen Halal & Praktis | Suplemen Kecantikan Minuman Kulit Glowing | Minuman Keca,collagen glow up
Shopee,Elumor APB Isi 60pcs per 1 Botol | Suplemen Diet,elumor apb
Shopee,KAPSUL & TEH DETOX 8X LEBIH CEPAT TURUNKAN BERAT BADAN] BUNDAYES DETOX SLIMMING PENURUN BERAT BADAN DETOX PELANGSING TEH DIET KURUS DIET PELANGSING SLIMMING TEA DETOX BADAN AMPUH slimming tea diet ampuh,kapsul teh detox
Shopee,BLACKMORES BIO D3 1000 IU BPOM KALBE - 60 CLEAR CAPSULE,blackmores bio d3
Shopee,Kembang Bulan Kapsida HS 12 Kapsul FREE SCRUNCHIE KOREA - Obat Jerawat Gatal-gatal Kulit Bisul Alergi Bekas Jerawat Punggung dan Batu Ampuh untuk Kesehatan Kulit,kembang bulan kapsida
Shopee,Coolvita Collagen Effervescent (4 Tube - 80 Tablet) - Suplemen Kolagen + Vit C | Membantu Mencerahkan Kulit Mengurangi Tanda Penuaan New Packaging | BPOM & Originals,coolvita collagen
Shopee,FAST NATURAL HERBAL PINK normal untuk pemula menurunkan sampai 5 kilogram lebih,fast natural herbal
Shopee,HEION Ashwagandha+ 60 Kapsul SUPLEMENT KESEHATAN ASHWAGANDA EXTRACT @500mg BPOM by HEION OFFICIAL,heion ashwagandha
Shopee,NEWLAB Acnalogy Powder Drink | Acne Drink | Minuman Obat Jerawat untuk Meredakan Bekas Jerawat dan Flek Hitam BPOM 15 Sachet,acnalogy powder drink
Shopee,NEWLAB Paket 2 Box Brightlogy GlutaColl-5500 | Collagen Drink | Minuman Collagen & Minuman Glutathione BPOM untuk Mencerahkan 30 Sachet,glutacoll
Shopee,Coolvita Collagen Effervescent Paket Lebih Murah - Suplemen Kolagen + Vit C | Membantu Mencerahkan Kulit Mengurangi Tanda Penuaan New Packaging | BPOM & Original,coolvita collagen
Shopee,Vitacimin C (2pcs/1strip) FREE,vitacimin c
Shopee,Gluta Drink Original Dengan Vitamin E Dan Collagen,gluta drink
Shopee,Biji polokyo biji polikio obat diet pelangsing kurus alami (minimal order 20biji),biji polokyo
Shopee,"Meal Replacement Lezat / Alamon FIBE 7x / Kombinasi Fiber Superfood / Fiber Drink Oat, Almond, Matcha, Pomegranate / Pengganti Sarapan Defisit Kalori",alamon fibe
Shopee,Puspa D3 1000 - Vitamin D3 1000 IU - isi 30 soft capsule - Untuk Menjaga kesehatan Tulang - BPOM No. SD211328861 - Halal No. ID00410000241530921,vitamin d3
Shopee,PRO EM1 Rasa Anggur 90ml |Anak |Dewasa |Bakteri Baik |Pencernaan |Imun |Maag |Gerd |Usus|GTM,pro em1 rasa anggur
Shopee,"Scott's Vitamin dengan Omega 3, Vitamin A dan D + Kalsium Vita Rasa Jeruk 400ml",scotts vitamin
Shopee,Mywell vitamin C/VITAMIN C+ZINC/MY WELL VIT C+ZINC/VITAMIN C 500mg/MY WELL VITAMIN C+Zinc,vitamin c+zinc
Shopee,NEWLAB Paket 2 Box Fitlogy Tea Drink | Herbal Tea | Minuman Teh Hijau Herbal 56 Tea Bags,fitlogy tea drink
Shopee,Prove D3 Drop - Vitamin D3 400 IU Tetes 12.5 ml untuk Dewasa dan Anak,d3 drop vitamin d3
Shopee,"Madu Zymuno - Bantu Atasi Keputihan, Kista, Haid Tidak Lancar dan Masalah Kewanitaan Lainnya",zymuno madu
Shopee,Caviplex isi 100 TABLET MULTIVITAMIN Kemasan Baru Daily Vitamin Imun Tubuh Menjaga Kesehatan,caviplex multivitamin
Shopee,Tolak Angin Plus Madu 1 Box Isi 12 Sachet,tolak angin plus madu
Shopee,Noera Glow Me Skin Improve Formula | Kapsul Pencerah Kulit | Brightening & Anti Acne Capsule | Whitening Booster | Kapsul Jerawat BPOM | Pil Pencerah Kulit | Suplemen Pencerah Badan | Whitening Booster | Obat Herbal Jerawat | Whitening Supplement,noera glow me skin improve formula
Shopee,Imboost Original Tablet Daya Tahan Tubuh 1 Botol - isi 30 Tablet,imboost original
Shopee,HEION Ashwagandha 30 Kapsul - KSM-66 Ashwaganda Extract @500mg BPOM by HEION OFFICIAL,heion ashwagandha
Shopee,Madam Royale Collagen Drink | Dosis Tinggi Collagen & L Glutation | Whitening Booster Pemutih Badan,madam royale collagen drink
Shopee,Sumak Optima Madu Herbal Efektif Atasi Nyeri Sendi Pegal Linu dan Kesemutan Tanpa Efek Samping HALAL BPOM 135 ml,sumak madu herbal
Shopee,Natur-E White Brightening Soft Capsule 32 tabs [DANAW32S],natur-e white brightening soft capsule
Shopee,Vitamin c 1000mg sidomuncul,vitamin c
Shopee,Nutrimax Vitamin Vit D3 1000 IU Memenuhi Kebutuhan Vitamin D,vitamin d3
Shopee,LALEMON FIBER DRINK,lalemon fiber drink
Shopee,mGanik Metafiber Yuzu - Suplemen Diabetes,mganik metafiber yuzu
Shopee,Vitamin c 1000 mg sidomuncul rasa strwaberry colagen isi 60 bks,vitamin c
Shopee,ZINC TIENS - NUTRISI DAN VITAMIN ANAK ALAMI PENAMBAH NAFSU MAKAN,zinc tiens nutrisi dan vitamin anak alami
Shopee,Bene SBP Herbal 30 Kapsul Untuk Menurunkan Berat Badan,bene sbp herbal
Shopee,( DISTRIBUTOR RESMI ZYMUNO ) Madu Terapi Kanker Tumor Atasi Gondok Kelenjar Getah Bening Benjolan Tingkatkan Imun Tubuh Cegah Penyakit,zymuno madu terapi
Shopee,PROPOLIS HEPRO TRIGONA - Membantu Memelihara Daya Tahan Tubuh,propolis hepro trigona
Shopee,Heion Relicare 60 KAPSUL @500mg Membantu Meringankan Gangguan Lambung Heion Official,heion relicare
Shopee,D'ovi Beauty Whitening Booster Kapsul Kesehatan,dovi beauty whitening booster
Shopee,biji polokyo 100% ASLI Herbal Detoks Alami Peluntur Lemak( silahkan diorder),biji polokyo
Shopee,Zymuno paket 2 Box Original - Secara Tradisional Membantu Memelihara Kondisi Kesehatan Pada Penderita Kanker,zymuno
Shopee,Kapsul Daun Binahong Inayah,binahong
Shopee,Holisticare EsterC 30 tablet vitamin C lebih tidak perih di lambung,holisticare esterc
Shopee,Penggemuk Herbal Original Wisdom Samyun Wan 100% Herbal,penggemuk herbal
Shopee,MUSCLE FIRST Pro Gainer 2lbs/900gr - Mass Gainer Penambah Berat Badan,muscle first pro gainer
Shopee,Obat Ginjal Amandel Hipertensi Diabetes Tipes Keputihan Kista Miom Asma Sinusitis Stroke Luka Bakar Radang Psoriasis Kolesterol Maag Lambung Batu Empedu QNC Jelly Gamat Emas Original Asli 100% Jeli Jely Ori PALING AMPUH Namun Tergantung Kondisi Tubuh,qnc jelly gamat
Shopee,"BLACKMORES GINKGO RECALL BPOM KALBE - 30 TAB | Suplemen Peningkat Daya Ingat, Konsentrasi Dan Demensia",blackmores ginkgo recall
Shopee,OSB Vitamin Otak Anak dan dewasa Omar Smart Brain Kapsul 100 % Produk Asli & Original,omar smart brain
Shopee,EVOLENE Evomass Gainer 912 gram 2lbs | Evo Mass BPOM HALAL MUI evomas PREVO,evomass gainer
Shopee,Tolak Angin Plus Madu Sido Muncul 1 Box (12 sachet),tolak angin plus madu
Shopee,PRO EM1 Original 90ml | Suplemen Probiotik | Anak Dewasa Lansia Bebas Gula | Bakteri baik Untuk Pencerenaan | Imun | Maag | Gerd | Usus | Sembelit,pro em1 original
Shopee,Kamil 3 in 1 isi 210 kapsul ORIGINAL,kamil 3 in 1
Shopee,Kapsul Daun Insulin Insulqu Inayah Bpom,insulqu inayah
Shopee,Dapatkan hadiah gift setiap pembelian produk suplemen herbal,suplemen herbal
Shopee,DIETBAE - BaeSlim Diet Detox Tea | Teh Pelangsing Penurun BB,bae slim diet
Shopee,Masker 3 Ply 3Ply isi 50 disposable Masker Anti Debu virus Tebal Earloop Biru Putih Hijau Tali nyaman di kuping elastis LBX,masker 3 ply
Shopee,WBS Masker 3ply Kesehatan Earloop 3 ply Isi 50 Face mask Headloop Disposable Protective ANTI BAKTERI MK015,wbs masker 3ply kesehatan
Shopee,Masker Duckbill Mouson 4Ply 50 Pcs Dewasa,masker duckbill mouson
Shopee,Masker Duckbill MOUSON IMPOR 4ply facemask Disposable ISI 50pcs,masker duckbill
Shopee,Masker Duckbill Alkindo Hitam / Putih 3 Ply Isi 50,masker duckbill alkindo
Shopee,MASKER DUCKBILL FACEMASK 3PLY 4PLY BERGARIS ISI 50PCS KOTAK BIRU,masker duckbill facemask
Shopee,Masker Mouson KF94 4Ply Mask Korea Original Emboss Belahan Hidung V,masker mouson kf94
Shopee,MASKER DUCKBILL MOUSON ISI 50 PCS,masker duckbill
Shopee,MASKER KF94 MOUSON WARNA HITAM ISI 10 LEMBAR,masker kf94 mouson
Shopee,MASKER DUCKBILL DEWASA ONCARE 1 PACK ISI 10 PCS 3PLY EMBOS WARNA WARNI TERBARU [PERFECTHOME],masker duckbill
Shopee,FILTCARE Masker Duckbill Anak isi 10Pcs 50pcs 3ply Kids duckbill Motif 3-12 tahun,masker duckbill
Shopee,MASKER KF94 MOUSON ORIGINAL ISI 10PC PREMIUM BEST SELLER HIGH QUALITY,masker kf94
Shopee,ABBIGAIL MASKER KF94 PACK KOREA 4PLY HITAM PUTIH WARNA WARNI / MASKER KF 94 KOREA 4 PLY PUTIH HITAM MIX WARNA ISI 10 PCS 1135,abbigail masker k94
Shopee,Salonpas Koyo 10 Patch,salonpas koyo
Shopee,MASKER KN95 PRO WE MAZE WARNA ISI 10 LEMBAR,masker kn95
Shopee,[READY GROSIR] Masker Duckbill Hygenix Dewasa 3Ply isi 50pcs+Box izin Kemenkes Premium Quality,masker duckbill
Shopee,CAREION | Masker Korea KF94 KF 94 4Ply Careion Wemaze Dewasa Facemask Hitam Putih Warna Warni Isi 10 Pcs 10Pcs,careion masker korea
Shopee,Masker Duckbill Hijab Headloop Garis 3Ply Garis 4Ply Premium Quality Facemask Isi 50 Pcs,masker duckbill hijab
Shopee,[ZS21] Masker Earloop 3Ply Biru Hitam Hijau Premium 1 Box Isi 50 Pcs,masker earloop 3ply
Shopee,Safe Glove Latex Powdered Sarung Tangan,safe glove latex
Shopee,Masker Mouson KN95 Pro Masker Non Medis Sekali Pakai,masker mouson
Shopee,URINE CONTAINER 60ML 100ML NON STERIL ONEMED - POT SAMPEL WADAH URIN TEMPAT KENCING MEDICALONLINE MEDICAL ONLINE,urine container
Shopee,MASKER EARLOOP HEADLOOP 3PLY 1BOX ISI 50PCS / READY BERBAGAI MACAM MASKER MERK NON WOVEN NON MEDIS MURAH,masker earloop
Shopee,Masker Anak Karakter Duckbill CAREION Masker Duckbill Anak 3D ISI 50PC 1-3thn & 4-12thn - CEWE/COWO,masker anak duckbill careion
Shopee,APD GOWN | GOWN MEDIS | SURGICAL GOWN | DISPOSABLE SPUNDBOND / NW 35 GSM,apd gown
Shopee,Masker KN95 Mouson 5Ply Warna Warni Isi 10 Pcs,masker kn95 mouson
Shopee,HOT ITEM-SUPER DEAL Masker KF94 Korea 4 ply impor isi 50 pcs High Quality,masker kf94
Shopee,(Bahan Tebal) Duckbill Garis Y&B Care earloop isi 50 pcs Facemask Garis Putih Hitam Masker 3 Ply Earloop isi 50 pcs,duckbill garis y&amp
Shopee,Selang Suction Catheter Cateter CosmoMed,suction catheter cosmed
Shopee,KF94 MASKER 10 PCS KOREA 4PLY / MASKER EVO 4D IMPORT 2 WARNA,masker evo
Shopee,MASKER KOREA KF 94 CAREION ISI 10 PCS WARNA WARNI MASKER 4 PLY MASKER KF94 4D WARNA -10PC,masker korea careion
Shopee,MASKER DUCKBILL ALKINDO HITAM & PUTIH ADULT FACE MASK 3PLY BFE 95%,masker duckbill alkindo
Shopee,Duckbil Masker 3 Ply Isi 50 Pcs Izin Kemenkes,duckbil masker
Shopee,syringe spuit OneMed jarum suntik 1cc 3cc 5cc 10 cc Onemed Harga satuan,syringe spuit onemed jarum suntik
Shopee,NEW!! KF94 ONCARE Warna 1 pack isi 10pcs / kf94 face mask high bfe,oncare kf94
Shopee,MASKER KF94 KOREA VERSION 4PLY KPOP MODEL 3D IMPORT,masker kf94 korea
Shopee,Pipet Tetes Plastik 1 3 5 ml Pipette Plastic 1ml 3ml 5ml Pasteur Laboratorium Tinta,pipet tetes plastik
Shopee,"syringe spuit onemed jarum suntik 1cc, 3cc, 5cc 10cc onemed satuan",syringe spuit onemed jarum suntik
Shopee,Koyo Kaki Bamboo Gold-Isi 2PCS Komplit-NIB 2606240105262,koyo kaki bamboo
Shopee,MASKER KF94 CAREION MASKER KF 94 MASKER KOREA 4PLY ISI 10pc - WARNA,masker korea
Shopee,Pot Urine 50 cc Plastik Multifungsi Transparan Wadah Cup Slime Salep Kapsul Obat 50cc 50ml 50 ml,pot urine
Shopee,PITA LILA BAYI DAN IBU HAMIL MURAH (LINGKAR LENGAN ATAS) - TERBARU,pita lila
Shopee,FREE BOX THERMOMETER DIGITAL XHF2001 - ALAT PENGUKUR SUHU BAYI DAN DEWASA - TERMOMETER DIGITAL,thermometer digital
Shopee,【Expired Masih Lama】 Sinoheart Strip Safe Accu 25 Stik Gula Sinoheart Accu strip cek gula darah,sinoheart strip gula
Shopee,"EASY TOUCH STRIP GLUCOSA,URID ACID,CHOLESTROL Original",easy touch strip glucosa
Shopee,Taff Omicron Pengukur Tekanan Darah / Tensi Darah Tensimeter Digital / Blood Pressure Monitor / Electronic Sphygmomanometer,taff omicron tensimeter digital
Shopee,Termometer Digital Onemed Alpha1 / Thermometer Digital Alpha 1,termometer digital alpha 1
Shopee,Thermometer Digital ThermoOne Alpha 3 OneMed,thermoone alpha
Shopee,Easytouch Cholesterol Strip Isi 10 Trip Murah,easytouch cholesterol strip
Shopee,Termometer Dinding - Thermometer Ruang GEA Onemed - Kayu | KYOMED,thermometer ruang gea onemed
Shopee,Blood Lancet Onemed 28G isi 100s,blood lancet
Shopee,Taff Omicron RZ204 Gelang Pengukur Tekanan Darah / Tensi Darah Tensimeter Digital / Blood Pressure Monitor / Electronic Sphygmomanometer,taff omicron tensimeter digital
Shopee,Blood Lancets 26G OneMed box 100pcs,blood lancets
Shopee,AUTOCHECK GULA DARAH AUTOCHECK GLUCOSE ISI 25 PER BOX MEDICAL ONLINE MEDICALONLINE,autocheck gula darah
Shopee,HTC HTC-1 HTC-2 Thermometer Hygrometer Digital Higrometer Termometer Ruangan Clock Temperature Humidity,thermometer
Shopee,STRIP AUTOCHECK Cholesterol / Strip Kolesterol - ISI 10 STRIP,strip kolesterol
Shopee,ONEMED TERMOMETER DIGITAL ALPHA 1G / THERMO ONE ALPHA 2G TERMOMETER ONEMED,onemed termometer digital
Shopee,Thermometer ThermoOne Alpha 1G OneMed untuk Mengukur Suhu Tubuh(1 Pcs),thermoone alpha
Shopee,"PAKET Murah Sinocare Sinoheart Safe Accu 1 Alat Tes Gula Darah Glukosa 1 Paket Lengkap (1 Buah Alat - 1 Buah Pen Lancet - 25 pcs Jarum - 28G, 25pcs Strip Gula, - 25 pcs Alcohol Swabs ONEMED)",sinocare sinoheart safe accu
Shopee,STRIP AUTOCHECK GULA DARAH STRIP STIK AUTOCHECK BLOOD GLUCOSE 25 STRIP,strip autocheck gula darah
Shopee,Blood Lancet / Jarum Lancet GEA / isi 100,blood lancet
Shopee,Plossa Minyak Angin Aromaterapi Inhaler 4in1 10ml,plossa minyak angin
Shopee,ARJUNA Kool Fever Cool Fever Plester Kompres Demam Bayi Anak Cooling Patch Koolfever 1 Pcs Gel KT4,kool fever plester kompres demam bayi
Shopee,CAP LANG Minyak Kayu Putih Roll On 15 ml,minyak kayu putih
Shopee,OneMed Ultrafix 5cmx5m Plester Penutup Luka Hypoallergenic,ultrafix plester
Shopee,AS Fresh Care Minyak Angin Roll On Aromatherapy Freshcare Press Relax 10 ML Kerokan / Ngerok,as fresh care minyak angin
Shopee,Fresh Care Minyak Angin Aromatherapy 10mL Freshcare,fresh care minyak angin
Shopee,Minyak Kayu Putih Cap Lang (️BPOM) | Caplang 15 | 30 | 60 | 120 ml,minyak kayu putih
Shopee,Kotak Obat Mini / Storage Box Case Container / Wadah Tempat Penyimpanan Pil Kapsul Serbaguna,kotak obat
Shopee,FRESH CARE Teens | Minyak Angin Aromatheraphy Roll On 10ml | Tnt Beauty Shop,fresh care teens minyak angin
Shopee,Minyak Sereh Sitronela Cap Lang Original,minyak sereh sitronela
Shopee,MUMTAAZZTORE SOFRESH SO FRESH MINYAK ANGIN AROMATHERAPY ART WC,mumtazztoresofresh
Shopee,Morinz Fresh Care Aromatherapy / Minyak angin / Smash Matcha VapoBalm 8ml & 10ml,smash matcha vapo
Shopee,One Swabs Kapas Alkohol 2ply OneMed box 100pcs OJ,one swabs alkohol
Shopee,Hansaplast Plester Transparan Tahan Air Transparent isi 10 P3K Bening,hansaplast plester
Shopee,Minyak angin aromatic 1001 aromateraphy,minyak angin aromatic
Shopee,SALEP GATEL EKSIM PANU KURAP KUDIS ALERGI PSORIASIS ORANG TUA HUATUOBAIFULING,salep gatel
Shopee,HANDSAPLAST KARAKTER / PLESTER LUKA / PLESTER KOREA,handsaplast plester
Shopee,ONEMED Alkohol Swab / Kapas Alkohol / Tissue Alkohol/ Oneswabs / One Swab OOF,onemed alkohol swab
Shopee,Salep Walet Original Cream / Salep iritasi / Salep gatal,salep walet
Shopee,One Swabs Alkohol OneMed / Tissue Alkohol Swab Box 100pc Promo Murah,one swabs alkohol
Shopee,Alkohol Swab OneMed BOX isi 100lbr,alkohol swab onemed
Shopee,[MILOLI] 1Pcs CUTE BANDAGE WRITING FINGER TAPE Perban/ Plaster Pelindung Jari Aesthetic - F0160,bandage writing finger tape
Shopee,Miconazole cream 10gr PT MULIA FARMA,miconazole cream
Shopee,HANSAPLAST BOX PLESTER LUKA HANSAPLAST 100Pcs,hansaplast plester
Shopee,KUKE Kotak Obat Mini Transparant/ Storage Box Wadah Tempat Penyimpanan Pil Kapsul Aksesoris,kuke kotak obat
Shopee,Hansaplast Salep Luka 20g - Salep Perawatan Luka & Kulit yang Rusak,hansaplast salep luka
Shopee,OneMed Kasa Steril 16x16 / Kasa Steril 10 x 10 cm,kasa steril
Shopee,Salep gatal paling ampuh Obat gatal selangkangan salep gatal kulit yang ampuh 30g Salep gatal selangkangan Salep gatal pada miss v Anti jamur Menghilangkan Psoriasis Eksim Kurap Obat Gatal Kelamin Obat Gatal Bokong Dan Selangkangan,salep gatal
Shopee,Miconazole 2% Cream / Infeksi Jamur / Kadas / Kurap / Panu (10 Gram),miconazole cream
Shopee,Miconazole 2% Cream 10 Gr - Krim Infeksi Jamur,miconazole krim
Shopee,Minyak Kayu Putih Cap Lang Caplang 15ml,minyak kayu putih
Shopee,Hansaplast Kain Roll Plester Luka 1.25cm x 1m,hansaplast plester luka
Shopee,"Gidcare Xpresplast Plester Rol Kain 1,25cm x 4,5m / Sejenis Leukoplast",gidcare xpresplast plester
Shopee,One Swab (Alkohol Swab) OneMed,one swab alkohol
Shopee,Ketoconazole cream 10gr PT MULIA,ketoconazole cream
Shopee,4Pcs Kotak Tempat Obat - Kotak Tempat penyimpanan Obat Serbaguna - SC,kotak tempat obat
Shopee,RESIDA CAIR 10ml SEBAGAI PENGGANTI KALPANAK kalpanax CAIR ORIGINAL OBAT KULIT PANU KADAS KURAP KUDIS DAN PANU RESIDA SC,resida cair kalpanax
Shopee,Minyak Angin Aromatic 1001 Roll On 4 Varian,minyak angin aromatic
Shopee,Koolfever For Baby 1 Sachet,koolfever
Shopee,FreshCare Minyak Angin AromaTherapy Aroma Therapy 10ml Teens Press & Relax / Eucalyptus Patch,freshcare minyak angin
Shopee,Niacef 4% Gel 15 Gram - Merawat Kulit Berjerawat dan Samarkan Noda Hitam,niacef gel
Shopee,Kasa Verban Perban OneMed 4yard x 15cm pak isi 5 rol OL,kasa verban perban onemed
Shopee,HANSAPLAST BOX FUN JUNIOR 1 PAK 100 STRIPS,hansaplast box fun junior
Shopee,SALEP GATAL LAI SHENG YUAN ORIGINAL SALEB GATEL SELANGKANGAN KUTU AIR EKSIM SCABIES KUDIS KURAP KADAS OBAT KRIM RINGWORM CREAM SALAP ALERGI JAMUR PANU AMPUH HOLOGRAM GOLD MURNI ASLI,salep gatal laian original
Shopee,Povidone Iodine Onemed 15ml Povidone Iodine 15ml Onemed Povidon Iodin 15ml,povidone iodine
Shopee,Jessen Kasa Steril Onemed 16x16cm & 10x10x 8 PLY,jessen kasa steril
Shopee,Benzolac 2.5% Gel 5 g,benzolac gel
Shopee,Alkohol 70% 100ml Onemed Alkohol Onemed 70% 100ml Alkohol Onemed 100ml Alkohol 100ml,alkohol onemed
Shopee,OneMed Alkohol 70 persen 100 ml,onemed alkohol
Shopee,Kasa Steril 16x16cm KS B10 Onemed 2 Box Free Plesterin One Amplop Isi 5,kasa steril
Shopee,Kalpanax Cair = RESIDA Cair 10 ml - Obat panu kadas kurap gatal gatal Ampuh,kalpanax cair
Shopee,Ecodine 10ml Povidone Iodine 10ml Antiseptik Povidon Iodin 10ml Povidone Iodine Onemed 10ml,ecodine povidone iodine
Shopee,MELOLIN UKURAN 10X10 - MELOLIN PAD - MELOLIN,melolin
Shopee,6/12 Pcs Plester Mata Ikan Penghilang Kutil Kapalan Foot Corn Removal /Plaster Obat Kutil/Plester Kutil Mata Ikan Kapalan Foot Corn Removal Sumifun,plester mata ikan penghilang kutil
Shopee,Minyak Kayu Putih Cap Lang Caplang 60ml Untuk Perut Kembung,minyak kayu putih
Shopee,Balatif Resida Cair 10ml Obat Panu Efektif,balatif resida cair
Shopee,Salep 2-4 Afiat 30 gr mengatasi masalah kulit Salep Afiat 30gr,afiat salep
Shopee,ECERAN Kasa Hexa Husada Kasa Hidrophile 16x16cm - 12 lembar Perban Verban Sterile P3K,kasa hexa husada
Shopee,Peka 5gram / Bubuk Peka / Sebuk PK Obat Kulit Gatal Jamur Cacar,peka bubuk
Shopee,"Minyak Tawon/DD 30ML, EE 60ML, FF 90ML/top.kingg",minyak tawon
Shopee,Alkohol Swab / Kapas Alkohol / Tissue Alkohol One Med,alkohol swab
Shopee,Kasa Hidrofil 16x16cm Narita Farma 10pcs/box / Kasa Steril Hidrophile,kasa hidrofil
Shopee,Kassa Steril 16x16 Hexa Husada Isi 10 Buah,kassa steril
Shopee,"RESIDA Cair 10 ml || Obat Jamur Panu, Kudis, Kadas & Kurap",resida cair
Shopee,Kantong PIPIS Urine Wanita Pria Portable Emergency Outdoor di mobil Travel Portable / kantung Urine / Alat Pipis / Urine Bag / Urinoir Bag / Toilet Portable / Pee Bag / Kantong Kencing Sekali /kantong kencing wanita travel,kantong pipis
Shopee,Miconazole 2% Cream / Infeksi Jamur / Kadas / Kurap / Panu (10 Gram),miconazole cream
Shopee,Silicone Scar Sheets Mandjur - Plaster penghilang bekas luka keloid,silicone scar sheets
Shopee,NARITA kasa steril 16x16 / kassa hydrofil steril NARITA Farma,nirita kasa
Shopee,Kasa Hidrofil 16 x 16 Cm Hexahusada Kasa Kotak Hodrophile / Box P5,kasa hidrofil
Shopee,SALEP SF PKS BIRU ORIGINAL 100 %,salep sf
Shopee,Kotak Obat Mika Apotek kecil 20 x 5 x 7 Rumah sakit dan Klinik,mika apotek
Shopee,Melolin 10 x 10 cm Penyerap Luka Eksudat,melolin
Shopee,Taisho Counterpain Cream 15 Gr - Pereda Nyeri Otot & Sendi,taisho counterpain cream
Shopee,HEXA HUSADA - Kasa Steril 16x16,kasa steril
Shopee,Kasa Steril 16 x 16 Cm Onemed KSB 10 / Box P3,kasa steril
Shopee,Plester Luka Kedap Air 10cmx5m Non Moven Ultrafix Onemed & Healthcare Roll,plester luka
Shopee,"(MUTIARA ALKES) Isopore 1,25cm x 9,2m + Dispenser Onemed Plester Kertas Medical",isopore plester
Shopee,XPRESS ! MKP LANG Minyak Kayu Putih Cap 30 60 120 210 ml Caplang,xpress mkp minyak kayu putih
Shopee,[COD] Kasa Steril HEXA HUSADA Kasa Hidrofil 16 x 16 cm Onemed Box isi 12 lbr,kasa steril hexa
Shopee,Kotak Obat Mika / Apotek jumbo ukuran 23 x 8 x 7 / Puskesmas / Rumah Sakit.,mika apotek
Shopee,Nearforest Calendula Skin Savior Hydrating Balm Krim Pereda Gatal Eksim dan Kulit Sensitif,nearforest calendula skin savior
Shopee,PLESTER DERMAFIX Transparan 10cm × 25cm / Harga per Lembar,dermalfix
Shopee,BIO HERBAL MEILIBAHENLING BPOM Salep Cream PENGILANG BEKAS LUKA,bio herbal meilibahenling
Shopee,Koolfever Baby [1 pcs] - Plester Kompres Demam Bayi Penurun Panas,koolfever baby plester kompres demam bayi
Shopee,MIISOO Penyangga Masker 3d Mask Bracket Silikon SIRKULASI UDARA Lancar 3D MASK Holder,mii soo penyangga masker
Shopee,Onemed Alkohol 70 Persen 1 Liter,onemed alkohol
Shopee,"Isopore 1,25cm x 9,2m seperti micropore Surgical Tape Paper Tape Plester Luka",isopore
Shopee,Kotak Penyimpanan Obat Apotek kertas premium ukuran kecil 15 x 5 x 5.6,kotak penyimpanan obat
Shopee,Niacef 4% Gel 15 g,niacef gel
Shopee,PLOSSA BESAR 10ML 4 in 1 ROLL ON INHALER Aromatherapy Minyak Angin Roll On PRESS SOOTHE AROMATICS AROMATERAPI EUCALYPTUS RED HOT PANASIN PEGAL LINU PLOSA SARANGHEYO KOREAN KOREA STRAWBERRY,plossa aromatherapy
Shopee,Kasa Lipat Steril 10cm X 12cm Isi 5 Pcs,kasa lipat steril
Shopee,Kotak Obat Kertas Premium 20 x 6 x 7,kotak obat kertas
Shopee,"CAP LANG Minyak Kayu Putih 120 ml - Memberikan rasa hangat, Meringankan Sakit Perut, Perut Kembung, dan Rasa Mual",minyak kayu putih
Shopee,SALEP ZWAFEL 24 2-4 HOLI 30 GRAM,salep zwafel
Shopee,OneMed Ultrafix 5Cm x 5M Plester Medis Non Woven AN,onemed ultrafix
Shopee,Kapas Pembalut Gulung 250gram Untuk Jenazah Dan Filter Air,kapas pembalut gulung
Shopee,Gauze Swab 7.5x7.5cm 16ply 5s Winner / Kasa Steril LD Cairan Luka P3K,gauze swab
Shopee,Minyak Kayu Putih Cap Lang 210ml Untuk Meredakan Batuk,minyak kayu putih
Shopee,"Isopore 2,5cm x 9m seperti micropore",isopore
Shopee,ANEKA - MEILIBAHENLING NUTRITIVE CREAM ORIGINAL BPOM - PENGHILANG BEKAS LUKA,meilibahenling nutritif
Shopee,Betadine Skin Cleanser Antiseptic 100 Ml,betadine skin cleanser
Shopee,"HANSAPLAST Perban Luka Roll Kain 5m P3K Perban Rol - Merekat kuat, lentur, mudah disobek",hansaplast perban luka
Shopee,Alkohol 96% 1 Liter - Alkohol 96 Persen - Alkohol Pembersih - Sterilisasi - Obat Luka - Disinfektan,alkohol 96%
Shopee,KOTAK OBAT APOTEK KERTAS UKURAN SEDANG 20 X 8 X 7 BAHAN KERTAS KERTAS,kotak obat
Shopee,Plester Luka Karakter Hansaplast Kids Plester anak Anti air Cartoon hansaplas,hansaplast kids plester
Shopee,Kasa Hidrofil 16 x 16 Cm Hexahusada Isi 12 Pcs M3,kasa hidrofil
Shopee,MEDICATED OIL 40ml FOUR SEASON SHEN NONG SI SE CI YU MINYAK ANGIN SHICIYU SHI JI YOU SECIYU 40 ML SARAS SUBUR ABADI SSA,shen nong si se ci yu minyak angin
Shopee,Pot Salep/Krim 20cc Wadah Praktis Dan Aman,salep krim
Shopee,NARITA kassa steril 16x16 / kasa hydrofil steril NARITA Farma / Per kotak isi 10 lembar,nirita kasa steril
Shopee,Kasa Steril OneMed 16x16cm Isi 10 Pouch,kasa steril
Shopee,"Kassa Steril 16x16cm - Hidrofil, Steril, dan Praktis untuk Penggunaan Medis",kassa steril
Shopee,Meilibahenling Nutritive Cream Original BPOM Penghilang Bekas Luka MEILI BPOM Original,meilibahenling nutrisi
Shopee,Spalk anak ukuran 15 x 5 cm,spalk anak
Shopee,Mouseman - Plester Luka Karakter Pembalut Luka Hansaplas Karakter Plester Anti Air Waterproof 1 PCS,mouseman plester luka
Shopee,Kasa Verban Gulung 4yard x 10cm isi 5 Rol / Kasa Perban 10cm Onemed,kasa perban
Shopee,"Stick Hidung tenggorokan, colokan hidung oro naso, flocked swab sudah kemenkes, nasal swab",nasal swab
Shopee,Deker Pelindung Penyangga Bahu Shoulder Support Alat Cedera Bahu Shoulder Brace Alat Terapi,deker pelindung penyangga bahu shoulder support
Shopee,Sprain Protection Thumb Brace / Adjustable Hand Support Wrist / Protective Gear Finger Sprain Wrist / Tendonitis / Carpal Tunnel,thumb brace
Shopee,Walker Tongkat Alat batun jalan lansian Walker,walker tongkat
Shopee,Back Brace Alat Terapi Penegak Korset Punggung Posture Corrector Back Support Penyangga Penegak Alat Terapi Pelurus Korset Punggung Alat Penyangga Back Support Belt Anti Bungkuk Penegak Badan Sabuk Punggung Terapi Tulang Belakang Premium Original,back brace
Shopee,Karet Tongkat Kaki 3 Karet Tongkat Kaki 4,karet tongkat kaki
Shopee,Sabuk Hernia Bayi merk Hons Baby Umbilical Truss Belt Pusar Bodong,hons baby umbilical truss belt pusar
Shopee,Tongkat Kayu Teken Kayu Jati Motif Ukir Alat Bantu Jalan Lansia Ada Karet Anti Slip,tongkat kayu
Shopee,posture corrector penyangga punggung membantu menghilangkan bungkuk dan meluruskan punggung dn badan,posture corrector
Shopee,Kabel Alat Bantu Dengar Telinga 2 pin Cocok Axon Harmed Vinmed Sammora Hearing Aid Cable,kabel alat bantu dengar
Shopee,1 PCS Bantalan Lutut Olahraga Lutut Knee Pad Pelindung Lutut Knee Support Brace Nylon Pelindung Lutut Compression Pad Elastis Running Fitness,bantalan lutut
Shopee,(Ready) Tongkat Kayu Jati Kokoh Belanda Unik / Alat Bantu Jalan / Tongkat Orang Tua,tongkat jati
Shopee,Korset Orthopedi lumbal / Korset LSO Penyangga tulang belakang Nyeri punggung,korset lumbal
Shopee,karet tongkat kaki 3 dan 4 karet tongkat kaki 4 karet tongkat kaki 3 original alas bawah tongkat kaki 3 tongkat kaki 4,karet tongkat kaki 3 dan 4
Shopee,Korektor Separator Jari Jempol Kaki Bunion Pad Hallux Valgus,korektor bunion pad hallux valgus
Shopee,Karet Tongkat Kruk Bawah Ketiak Original Premium (Bagian Bawah) Karet Kaki Tongkat - 21mm,karet kruk kaki
Shopee,Karet Kaki Kruk Ketiak OneMed Pcs,karet kaki kruk ketiak
Shopee,Baterai ORIGINAL Oticon Type 13 ( Baterai Alat Bantu Dengar ),baterai oticon
Shopee,SM Sarung Lutut Penghangat Kaki Sepasang Sabuk Terapi Lutut Nyeri Terapi Sendi,sm sarung lutut penghangat kaki
Shopee,Tongkat Jalan Orang Tua Kaki 4 Empat Onemed/Sella Tongkat Jalan Kaki 3/Tongkat Jalan Lipat Sella,tongkat jalan
Shopee,Mor Strap Belat Korektor Pain Relief Trigger Finger Fixing Splint Straightener Brace Corrector Supplies,mor strap
Shopee,Korektor Postur Punggung Bahu Posture Corrector Penegak Penyangga Punggung Bungkuk Back Support Shoulder ZuperZale,zuperzale posture corrector
Shopee,Mor Strap Belat Korektor Pelurus Jari Tangan Pereda Nyeri Pain Relief Trigger Finger Fixing Splint Straightener Brace Corrector Supplies,mor strap
Shopee,TaffOmicron Alat Bantu Dengar Hearing Aid F-139,taffomicron hearing aid
Shopee,AIMVUKES---Back Brace Alat Terapi Penegak Korset Punggung Posture Corrector Back Support Penyangga Penegak Alat Terapi Pelurus Korset Punggung Alat Penyangga Back Support Belt Anti Bungkuk Penegak Badan Sabuk Punggung Terapi Tulang Belakang Premium,aimvukes back brace
Shopee,ABD Alat Bantu Dengar Pengeras Suara Hearing Aid Omicron f139,abd alat bantu dengar
Shopee,"[UNIK88] Tongkat Kaki 1,4 & 3 Alat Bantu Jalan Lansia",tongkat kaki
Shopee,YOI KI Belt Terapi Alat Peyangga Punggung Penegak Postur Badan Bungkuk Back Support Korektor,yoi ki belt
Shopee,Korektor jempol kaki UZZU impor Jepang/korektor hallus valgus dengan kenop yang dapat disesuaikan Bantalan silikon lembut profesional untuk koreksi tanpa rasa sakit/silikon lembut untuk penggunaan sehari-hari Gratis 1 pasang,uzzu korektor jempol kaki
Shopee,KARET KAKI TONGKAT KRUK/ KARET KAKI TONGKAT KETIAK/ KARET PENGGANTI TONGKAT KETIAK,karet kaki tongkat kruk
Shopee,Highline Kursi Penopang Postur Pinggang Kursi Penyangga Punggung,highline kursi penopang postur
Shopee,Alat terapi lutut deker lutut kesehatan decker terapi sepasang pemanas lutut nyeri sendi knee pads,deker terapi lutut
Shopee,"Karet Tongkat Walker Anti Slip Diameter 2,8 Cm",karet tongkat walker
Shopee,"Alat Bantu Jalan/ Tongkat Kaki 4/Tongkat Jalan/Tongkat Medis Berkualitas/Ringan, Kuat, Tahan Lama",tongkat kaki
Shopee,Tongkat Kaki 4 Atau 3 Merk JUARA / Alat Penopang Jalan [ Kyomed ],tongkat kaki
Shopee,KORSET ORTHOPEDI NYERI PINGGANG. KORSET SARAF KEJEPIT. KORSET LUMBAL LUMBAR. KORSET TULANG BELAKANG,korset ortopedi
Shopee,ATHLETS Shoulder Brace Deker Penyangga Bahu Shoulder Support Pelindung Cidera Bahu,athlets shoulder brace
Shopee,BENBO Sabuk Dukungan Korset Lumbal Korset Lumbar Pinggang Tulang Belakang Saraf Pria Wanita,benbo korset
Shopee,TONGKAT JALAN DENGAN BAUT TAMBAHAN/TONGKAT KAKI 4/TONGKAT JALAN SIKU /TONGKAT MEDIS DENGAN BAUT KUAT,tongkat jalan
Shopee,Hearing Aid Sammora / Alat Bantu Dengar Pakai Kabel / Jernih Abd SM 348,hearing aid sammora
Shopee,"Kabel alat bantu dengar + Speaker + Karet, kabel alat dengar , speaker, karet universal Hearing Aid",kabel alat dengar
Shopee,Tongkat Siku Bagus Untuk Lansia Terbaik/Tongkat Siku Elbow Alat Bantu Jalan /Alat Bantu Jalan 4 Kaki,tongkat siku
Shopee,Karet Walker Alat Bantu Jalan Anti Licin Hitam,karet walker
Shopee,Tongkat lipat kaki 3 Alat bantu jalan tongkat senter kaki tiga manula,tongkat lipat kaki 3
Shopee,Putra Medica Arm Sling BASIC / Penyangga Tangan Cedera / Gendongan Lengan Siku Patah Tulang,putra medica arm sling
Shopee,Ballerbro Ankle Brace Support Next level - Alat Penyangga Kaki Keseleo,ballerbro ankle support
Shopee,Knee Long Mizuno MURAH / Deker Lutur Mizono Long Murah,knee long mizuno
Shopee,JUAL SEPASANG TONGKAT KETIAK STAINLESS/2 PCS TONGKAT KRUK CRUTCH/ALAT BANTU JALAN/TONGKAT KETIAK,tongkat ketiak
Shopee,FREE 10 BATRE!! Alat Bantu Dengar Denger Telinga Orang Tua Lansia mini Original Anak anak Taff Omicron Digital Hearing Aid Alat Bantu Pendengaran Telinga Orang Tua Original Tuli Alat Pendengaran Telinga Tuli Alat Dengar Tuli,taff omicron digital hearing aid
Shopee,OEM Terapi Penegak Penyangga Punggung Back Support Posture Corrector Male/Female Koreksi Postur,oem terapi penegak punggung back support posture corrector
Shopee,"(MUTIARA ALKES) Tongkat Kaki 3, Alat Bantu Jalan",tongkat kaki
Shopee,Fits Penyangga Punggung Shoulder Back Support Standard,fits penyangga punggung shoulder back support
Shopee,Tongkat + Tempat Duduk OneMed Alat Bantu Jalan / Tongkat Kursi Onemed Tongkat Duduk Tongkat Jalan One Med / Tongkat Duduk Onemed Kursi Lipat Sholat Lansia Travelling Haji / Tongkat Duduk / Kursi Lipat Orang Tua One Med / Tongkat Bangku Untuk Lansia,tongkat duduk onemed
Shopee,Denture box besar kotak retainer lubang tempat gigi palsu prothesa protesa behel ortho,denture box
Shopee,(BISA COD) TONGKAT TEKEN JATI UKIR KEPALA POLOS - ALAT BANTU JALAN UNTUK KESEHATAN MURAH,tongkat teken jati ukir
Shopee,Ankle Support MZN Engkel Tumit Deker Mata Kaki Pelindung Tumit mizuno Angkle Elastis,mizuno ankle support
Shopee,Baterai Alat Bantu Dengar - A13 (Hearing Aid Battery),baterai alat bantu dengar
Shopee,Tongkat Jalan Orang tua /Alat Bantu Jalan Orang Tua /Tongkat Jalan Lipat Lampu LED Trusty Cane ORI/Magic Cane With LED [TGT7],tongkat jalan
Shopee,‌[Ready COD]Finger Splint/Pelurus Jari/Trigger Finger/Jari Terapi Patah Tulang,finger splint
Shopee,LIVO Hearing Aid BION V-99 / Alat Bantu Dengar Tipe Pocket V99,livo hearing aid bion v99
Shopee,Dewasa dan anak-anak Backslab Arm / Backslab Tangan / Penyangga Tangan / Pelurus Tangan / Elbow Brace / Elbow Support,backslab arm
Shopee,Ban mati 16 kursi roda produk terbaru harga termurah,ban mati
Shopee,Penyangga leher / neck collar/ cervical collar / penahan leher,penahan leher
Shopee,Ban mati kursi roda ukuran 24 ban mati kursi roda 24x1 3/8 original untuk diameter velq 55 cm ban kursi roda,ban mati kursi roda
Shopee,Tongkat Kaki alat bantu jalan tongkat kaki 4 dan tongkat kaki 3 lansia,tongkat kaki
Shopee,Baterai Alat Bantu Dengar PowerOne P13 Oranye 6 Pcs,baterai powerone
Shopee,Ban mati ukuran 12 Kursi Roda trevel merk GEA harga murah,kursi roda trevel
Shopee,Kasur Decubitus Kasur Decubitus Anti Luka Baring Pasien – Kasur Angin Dr Heal & Care,kasur decubitus
Shopee,Battery Power One Ukuran 13 Alat Bantu Dengar (6 pcs) - Battery ABD Hearing Aid Battery Size Orange,battery power one
Shopee,Baterai Powerone p13 (AG5) Baterai Alat Bantu Dengar Bisa untuk Beurer HA 20/50,baterai powerone
Shopee,Sensu Knee Protector | Offical Sensutherapy,sensu knee protector
Shopee,BATERAI Alat Bantu Dengar POWERONE P10,baterai powerone
Shopee,Alat Bantu Dengar Pendengaran Pengeras Suara Telinga Tuli Orang Tua Hearing Aid Wireless Tanpa Kabel Original tjizy,alat bantu dengar
Shopee,KABEL ALAT BANTU DENGAR 2 PIN HEARING AID CABLE TERMURAH TERLARIS M211,kabel alat bantu dengar
Shopee,TONGKAT LIPAT/ALAT BANTU JALAN 1 KAKI/TONGKAT PORTABEL/BAHAN STAINLESS,tongkat lipat
Shopee,"Bearing / klaher garpu kursi roda,sparepart kursi roda",bearing klaher garpu
Shopee,Molded Compression Vest Posture Corrector Belt Rompi Penyangga Punggung Gen-3 Korektor Postur Pria Wanita A111,molded compression vest posture corrector
Shopee,Alat Bantu Dengar Pendengaran Telinga Tuli Orang Tua Hearing Aid Wireless Tanpa Kabel Original,alat bantu dengar
Shopee,Tongkat Ketiak / Crutch / Kruk Sella / Tongkat Jalan / Tongkat Bantu Jalan (Sepasang),tongkat ketiak
Shopee,Bearing / lakher garpu kursi roda depan sparepart kursi roda original,bearing
Shopee,Britzgo Alat Bantu Dengar asli rechargeable digital alat pendengaran telinga orang tua original Hearing aids mini usb charge hearing amplifier | BHA-1204,britzgo alat bantu dengar
Shopee,Korset Penegak Badan Bungkuk Penyangga Punggung Back Support Corrector 2023 Posture Corrector Wanita Pelurus Punggung Terapi Sakit Pinggang Tulang Belakang Adjustable Nyaman Dipakai Ringan Perbaiki Postur Tubuh Ideal Nyeri,korset penegak badan
Shopee,"Kursi Roda Lipat Aluminium Alkespro - Beban Maks 100 KG, Ringan & Mudah Disimpan",kursi roda lipat
Shopee,Travel Kursi Roda Lipat / Kursi Roda medis / Kursi Roda Travel / Kursi roda Alluminium Bisa Dilipat,kursi roda
Shopee,Tongkat Jalan/Tongkat 1 Kaki/Alat Bantu Jalan/Tongkat Medis Ringan/Kuat/Tahan Lama,tongkat jalan
Shopee,Furnibest Kursi Roda Lipat Portable Traveling Kursi Roda Medis,furnibest kursi roda
Shopee,ALAT BANTU JALAN LANSIA / TONGKAT KELINCI /TONGKAT JALAN FLEKSIBEL / ALAT BANTU JALAN,tongkat kelinca
Shopee,Power Magnetic Posture Sport / Penegak Punggung,power magnetic posture sport
Shopee,Alat Terapi Deker Pergelangan Tangan Magnetik Pelindung Wristband Hangat Self Heating,deker pergelangan tangan magnetik
Shopee,Arm Sling Penyangga Lengan Patah Tulang Tangan,arm sling
Shopee,"Kursi Roda Lipat 16 Inch Alkespro - Beban Maks 100 KG, Ringan & Mudah Disimpan",kursi roda lipat
Shopee,Walker Alat Bantu Jalan Dewasa (BB≥85kg) (kualitas standard) / Tongkat Alat Bantu jalan lansia,walker alat bantu jalan
Shopee,Deker lutut terapi magnetik panas/Deker Murah Good bio magnetic,deker lutut
Shopee,Powertone Original Alat Bantu Dengar BTE Pendengaran Telinga Tuli Earphone Charger Baterai battery Pengeras Suara TaffOmicron Ear Hearing Aid with Charging Station 1088F JZ-1088F2 F-138 Hearing Aid Lansia Earphone Alat Pendengaran Tuna Rungu Eartec F138,powertone original earphone
Shopee,CURBLE Posture Chair WIDER - Kursi Penopang Postur Tubuh,curble posture chair
Shopee,Alat korektor pelurus penyangga tulang jempol jari kaki bunion terapi alat kesehatan pelurus jempol kaki,alat korektor jempol
Shopee,Tourniquet One Med,tourniquet one
Shopee,Knee Support 4516 / Deker Lutut / Carezoe / Sammora / Bamboo / Sinar infrared / 4516,knee support
Shopee,1 Roll (6Butir) P675 (Biru) | Baterai hearing aid Powerone | Baterai Khusus Alat Dengar | Powerone P675 | AG13 | LR44 | Z675 | PR44 FlashSale,powerone baterai
Shopee,1Roll (6Butir) P10 (Yellow) | Baterai hearing aid | Baterai Khusus Alat Dengar | Powerone P10 | PR70 | AG10 | ZA10 | LR1130 FlashSale,baterai hearing aid
Shopee,Penjepit Tali Pusar Umbilical Cord Clamp Umbilical Kord Klem Life Resource /Pcs,penjepit tali pusar
Shopee,Alat Penegak Badan Bungkuk Korset Penyangga Punggung Pria Wanita Anti Bungkuk Back Pain Posture Support Corector Anti Bungkuk,alat penegak badan bungkuk korset
Shopee,[COD] Karet Kaki Tongkat Ketiak Kruk / Karet Bawah Tongkat Ketiak Original,karet kaki tongkat ketiak
Shopee,JORZILANO LEG SABUK KAKI O X PELURUS KAKI O X SABUK KESEHATAN SABUK TERAPI KESEHATAN CHS0031,jorzilano leg sabuk kaki
Shopee,Wrist Brace AOLIKES 1676 Penyangga Pergelangan Tangan Penyangga Splint Bracer Orthotic Carpal Tunnel,wrist brace aolikes
Shopee,Tongkat Jalan Alat Bantu Tongkat Siku/ Tongkat Siku Elbow Alat Bantu Jalan Kruk Tangan,tongkat jalan
Shopee,[Renceng Isi 24 Sachet] Soffell Lotion Anti Nyamuk - 6ml,soffell lotion
Shopee,Sticker Pengusir Nyamuk Isi 36 Pcs Stiker Anti Nyamuk,stiker pengusir nyamuk
Shopee,Hit Aerosol Cotton Powder 600ml x2 - Obat Nyamuk - Bunuh Nyamuk Penyebab Demam Berdarah (DBD),hit aerosol cotton powder
Shopee,XPRESS ! Soffell Botol 80 ml / Spray Sofell Soffel Sofel Sachet Obat lotion Anti Nyamuk,soffel
Shopee,anti nyamuk tiga roda terbukti efektif 8 jam,anti nyamuk tiga roda
Shopee,Hit Mat DUS Anti Nyamuk Electrik Refill 18+12 Mat,hit mat
Shopee,"AUTAN SACHET MIX @6ML ISI 24SACHET, PER RENTENG.",autan sachet mix
Shopee,Obat Nyamuk Kingkong Jumbo & Standar Efektif,obat nyamuk kingkong
Shopee,"Obat nyamuk Ampuh,pasir nyamuk ,pasir ajaib, refill nyamuk,ampuh, pembasmi nyamuk ukuran 500 gram",pasir nyamuk
Shopee,obat nyamuk kingkong cap kingkong,obat nyamuk kingkong
Shopee,Autan Tube Lotion Anti Nyamuk 50ml Aloe Vera 6-8 Jam,autan tube lotion anti nyamuk
Shopee,ARJUNA Soffell Lotion Anti Nyamuk Wangi Bunga Geranium Kulit Jeruk Korean Summer KT2,arjuna soffell lotion
Shopee,Anti Nyamuk Bayi / Penangkal Nyamuk / Mosquitto Repellent,mosquitto repellent
Shopee,NoMos Premium Jumbo Obat Nyamuk Bakar Ampuh Dimeflutrin,nomos premium obat nyamuk
Shopee,Pin Anti Nyamuk MOSQUITO Repellent//Clip Anti Nyamuk Anak Bayi,pin anti nyamuk
Shopee,AUTAN SACHET 1 pack -Autan Lotion Anti Nyamuk Autan Sachet 6ml 1 Renteng Isi 12 Renceng,autan lotion anti nyamuk
Shopee,Autan Lotion Anti Nyamuk Autan Sachet 6ml Renteng Isi 12pc Sachet Renceng,autan lotion anti nyamuk
Shopee,ABC KIDS Gelang Anak Anti Nyamuk Gelang Mosquito Bracellet Gelang Anti Nyamuk LED Motif Karakter,abc kids gelang anak anti nyamuk
Shopee,LAVENDA LOTION ANTI NYAMUK RENCENG ISI 24 x 8ml TAHAN LAMA EFEKTIF TERHINDAR DARI NYAMUK EKSTRAK LAVENDER ALOEVERA FRESH CITRUS FLORAL CALM COOL SEREH PENCEGAH DEMAM BERDARAH BUNGA BANDUNG INSTANT GOSEND TERMURAH KECIL,lavenda lotion
Shopee,Lavenda Lotion Anti Nyamuk 6ml × 14 Sachet,lavenda lotion
Shopee,[BARU PINK BLOSSOM | 48+12 MAT REFILL] Hit Mat Isi Ulang 48+6s Electric | Isi Ulang Anti Nyamuk Elektrik | Obat Anti Nyamuk,hit mat isi ulang
Shopee,BEBE ROOSIE BUGS REPELLENT ANTI NYAMUK Beberosie Bugs Repellent Cream 60gr,beberosie bugs repellent
Shopee,LAVENDA LOTION ANTI NYAMUK 8ml EFEKTIF TAHAN LAMA EKSTRAK LAVENDER ALOEVERA FRESH CITRUS CALM FLORAL COOL SEREH PENCEGAH DEMAM BERDARAH BUNGA,lavenda lotion
Shopee,AOKI Raket Nyamuk 2 in 1 Multifungsi Perangkap Nyamuk Bisa dilipat,aoki raket nyamuk
Shopee,Dee Dee Lotion Anti Nyamuk Anak 50gr 3 Varian,dee dee lotion anti nyamuk
Shopee,NoMos Obat Nyamuk Bakar Sedikit Asap Jumbo (10 Jam) Hitam,nomos obat nyamuk
Shopee,Autan Apel Lotion Tube 50ml,autan apel lotion
Shopee,Obat Nyamuk Bakar King Kong Jumbo Per Pack,obat nyamuk bakar king kong
Shopee,Obat Nyamuk Soffel Tahan Lama Isi 24 Sachet,soffel nyamuk
Shopee,SET TATAKAN OBAT NYAMUK BAKAR + TUTUP ALAS PIRING TEMPAT OBAT NYAMUK BAKAR LITTLE SWEET,nyamuk bakar
Shopee,Soffell Botol Bengkoang 60 gr - 2 Botol,soffell bengkoang
Shopee,UNDER100 LAVENDA Lotion Anti Nyamuk Tahan Lama 1 Renceng Isi 12 Sachet Fresh Cool | Fresh Citrus | Fresh Floral | 8ml,lavenda lotion
Shopee,❄️MATCHA❄️ [ SACHET ] SOFFELL MOSQUITO REPELLENT PENOLAK NYAMUK - LOT ANTI NYAMUK,matcha soffell mosquito repellent
Shopee,Anti Nyamuk Spray Cair Alami Fresh Segar Super Ampuh Kemasan 60ml Spray,anti nyamuk spray
Shopee,[1 Box/Kotak Kecil] Obat Nyamuk Kingkong Jumbo: Effective Mosquito Treatment,obat nyamuk kingkong
Shopee,Fumakilla Pouch Refill 175ml Obat Nyamuk Cair Membasmi Nyamuk Isi Ulang,fumakilla pouch refill obat nyamuk
Shopee,Hit Mat Classic 60+6's - Obat Nyamuk Elektrik - Bunuh Nyamuk Penyebab Demam Berdarah (DBD),hit mat classic
Shopee,Soffell Lotion Tube 50gr Lotion Penolak Nyamuk,soffell lotion
Shopee,Autan Lavender Lotion Tube 50ml X2,autan lavender lotion
Shopee,Goto UV-Comb Sisir Kutu Elektrik Rambut Penghilang Kutu Vacuum Comb,uv-comb sisir kutu
Shopee,Fumakilla Vape Aerosol FIK Obat Nyamuk Fruity Fresh 600 ml,fumakilla vape aerosol
Shopee,BerryC Berry C Bye Bye Bugs Mosquito Repellent - Anti Nyamuk Spray Anak Bayi,berry c bye bye bugs
Shopee,Obat Nyamuk Kingkong & Tatakan Obat Nyamuk Bakar,obat nyamuk kingkong
Shopee,Pin anti nyamuk Tempelan Anti Mosquito Musim panas Penangkal Nyamuk,pin anti nyamuk
Shopee,PAKET 4 Pcs REFILL HIT Anti Nyamuk Elektrik - Anti Nyamuk Elektrik Tanpa Asap,anti nyamuk elektrik
Shopee,[FREE WIPES ANTIBAC 10S] Momami Citronella Shield Patch | Sticker Anti Nyamuk Bayi & Anak Deet Free 24pcs,momami citronella shield patch
Shopee,Coconi Mosquito Repellent Patch isi 36 Pcs / Stiker Anti Nyamuk / Tempelan Anti Nyamuk / Stiker Anti Nyamuk Citronella Serai Bahan Alami - Citronella Patch,coconi mosquito repellent patch
Shopee,Tropee Bebe Bye Bye Bug Spray 100ml | Spray Anti Nyamuk dan Serangga,tropee bebe bye bye bug spray
Shopee,HIT Good Knight Xpress Refill 35ml - Isi Ulang Hit Elektrik Refill Obat Nyamuk Elektrik 45Malam - Bunuh Nyamuk Penyebab Demam Berdarah (DBD),hit good knight xpress refill
Shopee,☘️ CHAROZA ☘️ VAPE Liquid Electrik Anti Nyamuk | Vape Liquid,charoza vape liquid
Shopee,Kalale - Bundle 3pcs Daily Buddy Patch Stiker Anti Nyamuk Penangkal Flu Immune Booster Anak & Dewasa,kalale daily buddy patch
Shopee,Telon Lang Plus Anti Nyamuk isi 2pcs,telon lang plus
Shopee,Gelang Jam Tangan Anti Nyamuk Bayi dan Anak- Bikit Clip Guard,bikit clip guard
Shopee,DOUBLE ANTI NYAMUK - Paket Bundling 2 Bigroot Mosquito Repellent 110ml,double anti nyamuk
Shopee,1 KEPING (24 PCS) SOFFELL PENOLAK NYAMUK SACHET,keping soffell
Shopee,Kingkong - Paket Item Khusus - Obat Nyamuk Bakar Kingkong Jumbo 3 Pack,kingkong obat nyamuk
Shopee,Holder Obat Nyamuk Bakar Wadah Tempat Obat Nyamuk Gantung Sangkar Mosquito Killer Coil,holder obat nyamuk
Shopee,Sticker Anti Nyamuk bayi Mosquito Repellent Patch Eceran 6pcs,stiker anti nyamuk
Shopee,Herbachamp Cicak Go Away - Pengusir Cicak Alami Aman untuk Keluarga 250 ml,herbachamp cicak go away
Shopee,Lilbul Tempelan Anti Nyamuk Bayi dan Dewasa / Mosquito Repellent Patch,lilbul tempelan anti nyamuk
Shopee,Maharati Serai Anak | Natural Bug Repellent & Skin Soothing Oil | Anti-Nyamuk Pereda Gatal dan Penghilang Bekas Gigitan,maharati serai anak
Shopee,Obat Nyamuk Bakar Kingkong Jumbo 1 pack isi 5 || Obat Nyamuk Bakar Zebra 1 pack isi 5 || Obat Nyamuk Bakar Vape 1 pack isi 5,obat nyamuk bakar
Shopee,[ANTI NYAMUK] Dee-Dee Mosquito Repellent Lotion 50gr - Dee Dee / DeeDee Losion Penolak Anti Nyamuk Anak 50 gr,dee dee mosquito repellent losion
Shopee,Lotion Nyamuk Soffell 13 Lt - Obat Nyamuk Lotion - Mosquito Repellent,soffell lotion nyamuk
Shopee,Autan Junior Lotion Anti Nyamuk (50 Gram),autan junior lotion
Shopee,PROMO!! HIT ELEKTRIK NON STOP REFFIL 35ML,hit elektrik
Shopee,Autan Apel Lotion Tube 50ml - X2,autan apel lotion
Shopee,Pin Anti Nyamuk / Mosquito Repellent / Pin Penangkal Nyamuk,pin anti nyamuk
Shopee,BerryC Berry C Mosquito Insect Repellent Patch - Stiker Anti Nyamuk,berry c mosquito repellent patch
Shopee,LOTION ANTI NYAMUK ANAK AUTAN JUNIOR 50 ML LOSION 8 JAM SKIN PROTECTION,lotion anti nyamuk
Shopee,Vape Jumbo Obat Nyamuk Bakar & Kecoa Hitam Tanpa Asap,vape jumbo obat nyamuk
Shopee,Minyak Kayu Putih PLUS 30ml CAP LANG Minyak Kayu Putih Anti Nyamuk,minyak kayu putih
Shopee,Autan Sakura Lotion Tube 50ml X2,autan sakura lotion
Shopee,BerryC Insect Mosquito Repellent Patch Pack 12pcs - Stiker Anti Nyamuk Anak Bayi Alami No DEET,berryc stiker anti nyamuk
Shopee,Bebe Roosie Bugs Repellent Cream Krim Anti Nyamuk & Serangga Dengan Lavender & Aloe Vera 60g,bebe roosie bugs repellent cream
Shopee,"Hit Mat Refil 48+6's Besar, Perlindungan Nyamuk Efektif",hit mat
Shopee,Bebe Roosie Bugs Repellent Telon Cream Bayi,bebe roosie bugs repellent
Shopee,Racun Cicak Ampuh 20g Efektif Dan Aman,racun cicak
Shopee,Dee Dee Mosquito Repellent Lotion 50gr Anak Lembut,dee dee mosquito repellent lotion
Shopee,Prickly Heat Snake Brand Cool Pink 150 g,prickly heat snake brand cool
Shopee,Kingkong Obat Nyamuk Bakar Jumbo Efektif Murah,kingkong obat nyamuk
Shopee,Baygon Liquid Electric Refill Lavender 22ml,baygon liquid electric
Shopee,Baygon Obat Nyamuk Semprot 600ml Harum Manjur,baygon obat nyamuk
Shopee,STIKER Anti Nyamuk MIZO by Nokito - Mosquito Reppellent Patch isi 4 Strip = 24 Stiker,stiker anti nyamuk
Shopee,Minyak Kelapa Asli / Minyak Klentik Murni / Coconut Oil / Minyak Kelapa Murni,minyak kelapa
Shopee,A22 Hit Mat isi ulang 18+12's,hit mat
Shopee,HIT MAT ELEKTRIK ALAT N5 + REFILL,hit mat elektrik
Shopee,SOFFEL RENCENG ISI 12 SACHET [ RANDOM - KEMASAN JUMBO ] **,soffel rencek
Shopee,Serbuk obat nyamuk pasir,serbuk obat nyamuk
Shopee,Soffel Penolak Nyamuk 60 ml | Anti nyamuk | Geranium | Jeruk | Korean Summer | Apel,soffel penolak nyamuk
Shopee,[Cod] Underpad Onemed Pad 45 x 60 Cm Upad Perlak One Med Isi 10Lbr,underpad onemed pad
Shopee,"LiFree Popok Celana Dewasa Satuan [Size M, L, XL, XXL]",lifree popok celana dewasa
Shopee,"POPOK DEWASA PEREKAT isi 20 pcs, Termurah.",popok dewasa perekat
Shopee,OTO Adult Pants Diapers / Popok Dewasa model Celana uk M L XL XXL isi 8 pcs,oto adult pants diapers
Shopee,IDEAL Popok Dewasa Celana M10 (8+2) Pcs - HALAL Anti Iritasi Anti Bakteri Breathable Daya Serap Tinggi,ideal popok dewasa celana
Shopee,POPOKU PEREKAT L10,perekat
Shopee,Popok Dewasa perekat size L GRADE-B 1 pcs grosir & eceran (stok baru),popok dewasa
Shopee,Lifree Popok Dewasa Tipe Celana 1 pcs kemasan Renceng (M/ L/ XL/ XXL),lifree popok
Shopee,Lifree Popok Dewasa Perekat Satuan ukuran M L XL Sachet Renceng,lifree popok
Shopee,Popok Dewasa Perekat Confidence Classic Day/Night M8/L7/XL6,popok confidence classic
Shopee,Isi 20 Pcs/Pack Lifree Pants Popok Celana Dewasa / Popok Dewasa Celana Ukuran M/L/XL/XXL,lifree pants popok celana dewasa
Shopee,Confidence Classic Day/Classic Night Perekat M15/L15/XL15,confidence classic perekat
Shopee,Isi 20 Pcs/Pack Confidence Popok Celana Dewasa / Popok Dewasa Celana Ukuran M/L/XL,confidence popok celana dewasa
Shopee,Lifree Pants Popok Celana Dewasa Satuan Sachet Renceng 1pcs M L XL XXL,lifree popok celana
Shopee,Popok Dewasa Murah Harga Satuan/Ecer,popok dewasa
Shopee,Laurier Relax Night Pembalut Wanita Malam Panjang 35cm Wing Perlindungan Tidur Bebas Bocor Semalaman Isi 18 Buah Twin Pack,laurier relax night pembalut
Shopee,POPOK DEWASA PEREKAT ISI 20PCS M/L/XL,popok dewasa
Shopee,Lifree Popok CELANA Dewasa Lansia Melahirkan Rencengan Murah Berkualitas Ukuran M L XL dan XXL,lifree popok
Shopee,"CONFIDENCE CLASSIC NIGHT POPOK DEWASA PEREKAT - UKURAN M8, L7, XL6",confidence classic popok
Shopee,[Cod] Popok Dewasa Celana Grade-B Size L Isi 1 Pcs,popok dewasa celana
Shopee,"Confidence Classic Day Popok Perekat Isi Jumbo M15, L15, XL15",confidence classic day popok
Shopee,POPOK DEWASA / LANSIA /POPOK CUCI ULANG DEWASA,popok dewasa
Shopee,"[3 BAG] LIVELY Termurah Popok Perekat Dewasa Siang Malam M 8 x 3 Bag L 7 x 3 Bag XL 6 x 3 Bag - Adult Diapers Tape AM PM Breathable, Daya Serap Tinggi, Anti Iritasi & Anti Bakteri",lively popok perekat
Shopee,We Care Adult Diapers M20 / L16 / XL14 (WeCare Popok Dewasa PEREKAT),we care popok dewasa
Shopee,Confidence Popok Dewasa Celana Ekstra Serap M20 L16 XL12 Extra Serap,confidence popok
Shopee,Popok Celana Dewasa Oto M L XL Sachet Tebal Pempes Adult Diapers Pempers Murah,popok celana dewasa
Shopee,Lifree Popok Celana Dewasa M / L / XL / XXL ( 1 lusinan ) / 12 pcs,lifree popok celana dewasa
Shopee,Mom & Dad Popok Dewasa Celana Ukuran M-XL Isi 10 Pcs,mom dan dad popok
Shopee,Lifree Popok Celana Dewasa M L XL,lifree popok celana dewasa
Shopee,"Popok CELANA Dewasa Ukuran M, L, XL (1 Pack isi 10 pcs) Termurah",popok celana
Shopee,Bulk Pack Popok Celana Dewasa 20pcs M L XL XXL - BP Popok Celana Dewasa Sachet Renceng 20 pcs,popok celana dewasa
Shopee,PROMO Popok Dewasa Perekat Murah Isi 20 Pcs,popok perekat
Shopee,Promo! Popok Lansia Perekat Murah Satuan/Ecer,popok lansia perekat
Shopee,LIFREE POPOK PEREKAT MENYERAP & KERING M/L/XL- Karton Isi 3 Pack (Economic Box ~ Kemasan Putih),lifree popok
Shopee,OTO PEREKAT M14/L14/XL12 / Popok Dewasa Tipe Perekat MURAH PROMO,oto perekat
Shopee,Popok Dewasa Model Perekat Ukuran XXL Isi 10Pcs,popok dewasa
Shopee,LIFREE POPOK CELANA DEWASA/POPOK DEWASA (SIZE : M/L/XL) ISI 48 pcs/1 dus,lifree popok
Shopee,[CELANA] Lifree Pants Popok Celana Dewasa Lansia Melahirkan Murah Rencengan Size : M/L/XL per 1 pcs,lifree popok celana
Shopee,LIFREE POPOK PEREKAT/POPOK DEWASA PEREKAT (Size : M / L / XL),lifree popok
Shopee,Popok Celana Oto size M L XL Adult Diapers Premium Tebal,popok celana oto
Shopee,OTO Popok Celana Dewasa 20 pcs M20 L20 XL20 XXL20 - Oto Adult Diaper Pants Renceng 20pcs,oto popok celana dewasa
Shopee,POPOK PEREKAT DEWASA | PEMPERS DEWASA PEREKAT | DIAPERS DEWASA PEREKAT UKURAN L MURAH PRIA/WANITA,popok perekat dewasa
Shopee,Onemed Underpad DR.J Perlak Non Woven 60x90cm Isi 10pcs,onemed underpad
Shopee,PROMO Popok Dewasa Murah Harga Eceran Perekat Celana,popok dewasa
Shopee,Confidence Classic Day Popok Perekat Jumbo M L XL,confidence classic day popok
Shopee,Popok Dewasa Ideal Perekat Ukuran M8/L7/XL6,popok dewasa ideal
Shopee,Oto Popok Celana Dewasa M L XL Lembut Ekonomis,oto popok celana dewasa
Shopee,OTO ADULT PANTS POPOK DEWASA TIPE CELANA SACHET M /L /XL,oto adult pants
Shopee,IDEAL Popok Dewasa Perekat M8 L7 XL6 Pcs - HALAL Anti Iritasi & Anti Bakteri Nyaman Dipakai,ideal popok dewasa
Shopee,[Termurah] Lifree Popok Dewasa Tipe Celana M/L/XL,lifree popok
Shopee,"Pamperindo Popok Dewasa Perekat Pamperindo Dewasa Diapers Dewasa Size M 8, L 7 & XL 6",pamperindo popok dewasa
Shopee,[3 Pack] Lively Popok Dewasa Perekat All Day Breathable Daya Serap Tinggi Anti Iritasi Anti Bocor,lively popok dewasa
Shopee,Popok Dewasa Confidence renceng tipe celana M/L,popok dewasa
Shopee,Lifree Popok Perekat Dewasa / Popok Dewasa Perekat Ukuran M/L/XL isi 48 Pcs/Karton,lifree popok perekat
Shopee,Confidence Popok Celana Tipis & Pas XL12,confidence popok celana
Shopee,Confidence Popok Dewasa 10 pcs - Confidence Adult Premium Pants M L XL - Confidence Popok Celana Dewasa Satuan - Popok Confidence Celana Renceng 10 pcs,confidence popok
Shopee,Sensi Gopants Popok Celana Dewasa Slim S-XL,sensi gopants popok celana dewasa
Shopee,Underpad 60 x 90 Dr.J Onemed Alas Perlak Under Pad Popok Ompol Dr J 60x90 Dr. J 60x90cm Isi 10,underpad
Shopee,Laurier Relax Night Pembalut Wanita Malam Panjang 40cm Wing Gathers Perlindungan Tidur Bebas Bocor Semalaman Isi 16 Buah Twin Pack,laurier relax night pembalut
Shopee,TERLARIS LIFREE POPOK CELANA | POPOK DEWASA 1 KARTON / 48 PCS (Size :M/L/XL),lifree popok
Shopee,Laurier Relax Night Pembalut Wanita Untuk Bebas Aktivitas di Hari Deras 35cm Wing ZERO Khawatir Bocor Sepanjang Malam Isi 18 Buah,laurier relax night pembalut wanita
Shopee,Lifree Popok Perekat Dewasa / Popok Dewasa Perekat Ukuran M8/L7/XL6 Per Bal,lifree popok perekat
Shopee,TOP Adult Pants Popok Celana Dewasa Size M20 / L20 / XL20 Popok Orang Tua M 20 / L 20 / XL 20,top adult pants popok celana dewasa
Shopee,LIFREE POPOK PEREKAT M27 L21 XL18 / Lifree Perekat Popok Kemasan Karton 1 dus isi 3 PACK,lifree popok perekat
Shopee,Lifree Popok Dewasa Celana Ekstra Serap M 30 E-Box,lifree popok
Shopee,Confidence Adult Diapers Classic Day Night M8 L7 XL6,confidence adult diapers
Shopee,Popok Lansia Perekat isi 10Pcs / Popok Dewasa Celana Repack,popok lansia
Shopee,OTO Diapers PANTS / Lampin Popok Dewasa model Celana ukuran XL - isi 12 pcs,oto diapers
Shopee,"GROSIR POPOK DEWASA CELANA 60 PCS M,L,XL dan XXL PREMIUM.",celana popok dewasa
Shopee,Lifree Pants Popok dewasa M L XL XXL kemasan sachet isi 20 pcs,lifree popok
Shopee,WeCare Adult Diapers Size L 16 / Popok Dewasa,wecare adult diapers
Shopee,Lifree Popok Perekat Dewasa Daya Serap Tinggi,lifree popok perekat
Shopee,Confidence Classic Day M8 L7 XL6 (MAKSIMAL 12 PCS),confidence classic day
Shopee,Sensi Underpad 60x90 isi 10 lembar - Perlak Sekali Pakai,perlak underpad
Shopee,Popok Dewasa PAMPERINDO Perekat Ukuran M-XL,pamperindo popok
Shopee,Popok dewasa paket Hemat M/ L /XL tipe perekat,popok dewasa
Shopee,NEO HEALTH UNDERPAD POPOK ALAS DEWASA ISI 10PCS 60X90CM,neo health underpad
Shopee,Lifree Lapisan Penyerap Popok Hemat 49cm,lifree lapisan penyerap popok
Shopee,Popok Dewasa Confidence Classic Adult NIGHT,popok dewasa
Shopee,POPOKU Popok Dewasa Tipe Perekat (POPOKU Adult) size XL isi 10pcs,popoku adult
Shopee,Confidence Pants 1pcs / Renteng / satuan Popok Dewasa Celana,confidence pants
Shopee,"Pempes Confidence Classic Day M8, L7, XL6 Perekat Popok Dewasa Pempers Adult Diapers Lansia",pempes classic perekat popok
Shopee,"LIVELY Popok Perekat Dewasa Siang Malam M8 - Adult Diapers Tape AM PM - Breathable, Daya Serap Tinggi, Anti Iritasi & Anti Bakteri",lively popok perekat dewasa
Shopee,Lifree Popok Perekat Dewasa Lembut M-XL,lifree popok perekat
Shopee,Confidence Classic Night Popok Perekat Dewasa,confidence classic popok perekat
Shopee,Popok Dewasa Perekat Lembut Isi 10 Pcs,popok perekat lembut
Shopee,BP BULK PACK POPOK PEREKAT DEWASA / POPOK DEWASA [Size : M/L/XL],bp bulk pack popok dewasa
Shopee,Popok Dewasa Perekat Isi 10 Pcs Ukuran M-XL,popok perekat
Shopee,OTO PEREKAT UKURAN M10/L8/XL6 Popok Dewasa Tipe Perekat MURAH PROMO,perekat popok
Shopee,JUMBO WE CARE INTERNATIONAL popok perekat dewasa SIZE M20/L16/XL14 /WECARE ADULT DIAPERS pampes,jumbo we care popok perekat
Shopee,CONFIDENCE ADULT DIAPERS CLASSIC DAY NIGHT M8 L7 XL6 POPOK DEWASA,confidence adult diapers
Shopee,POPOK DEWASA PEREKAT size.L isi 25pcs. Murah,popok dewasa perekat
Shopee,Lifree Popok Perekat Dewasa L14 Extra Serap,lifree popok perekat
Shopee,POPOK DEWASA PAMPERINDO M L XL (ADULT DIAPERS),pamperindo adult diapers
Shopee,Sensi pads underpads isi 10 / Underpad Sensi / Underpads,sensi underpad
Shopee,Confidence Classic NIGHT M8 dan NIGHT L7 Popok Dewasa,confidence classic popok dewasa
Shopee,"MURAH Popok Dewasa Lively, Perekat dan Celana, M,L,XL",popok dewasa
Shopee,Underpad Dr J Perlak Alas Popok dewasa/ hewan 60 x 90 cm Onemed Isi 10 Lembar / underpads alas popok,underpad dr j perlak alas popok
Shopee,POPOK DEWASA PEREKAT MERK PAMPERINDO size M L XL,pamperindo popok dewasa
Shopee,Clodi Lansia / Popok Kain Dewasa Bisa Dicuci Snap dan Perekat [ Bunda Altaf ],clodi lansia popok kain dewasa
Shopee,Oto Adult Diapers Perekat Dewasa M8 L7 XL6,oto adult diapers
Shopee,Sensi Pads 60 X 90 Cm Isi 10 Pcs / Toko Makmur Online,sensi pads
Shopee,Onemed Dr. J Underpad Perlak Non Woven 60x90 Cm,onemed dr j underpad
Shopee,Lifree Popok Perekat Lansia M9 L7 XL6 Teknologi Jepang,lifree popok
Shopee,NATURA Hand Sanitizer Gel 50ml Peppermint Handsanitizer Gel PROMO,natura hand sanitizer gel
Shopee,Aseptic Plus Hand Sanitizer Cair 500ml Refill Onemed,aseptic plus hand sanitizer
Shopee,Instance Hand Sanitizer Spray Pembersih Tangan Tanpa Air (100 ml),hand sanitizer spray
Shopee,Hand Sanitizer Gel Antiseptic Macam Variasi Aroma Wangi Segar 500ml Pump + Free Bubble Wrap,hand sanitizer gel
Shopee,Secret Clean Hand Sanitizer Spray 100 mL,secret clean hand sanitizer
Shopee,Antis Hand Sanitizer Spray Jasmine Tea 55 mL,antis hand sanitizer
Shopee,Hand Sanitizer 20 ml | Souvenir Hand Sanitizer (Sticker Bulat),hand sanitizer
Shopee,Sippol Hand Sanitizer Kids Carabiner 60 ml [Semua Varian Lengkap],sippol hand sanitizer kids carabiner
Shopee,Aseptic Plus Spray Hand Sanitizer 60 ml ONEMED,aseptic plus spray hand sanitizer
Shopee,Hand Sanitizer Cair 1 Liter Antiseptik 70% Lembut,hand sanitizer
Shopee,Hand Sanitizer Cair Antiseptic Putihan Macam Varian Aroma Segar 250 ml Spray + Free Bubble Wrap,hand sanitizer
Shopee,Antis Hand Sanitizer Spray Jeruk Nipis 55 ML,antis hand sanitizer jeruk nipis
Shopee,ONEMED Aseptic Gel Hand Sanitizer 500ml + Dispenser OOF,onemed aseptic gel hand sanitizer
Shopee,DELTA PLUS HAND SANITIZER GEL JERIGEN 1 LITER ALKOHOL 70 %,delta plus hand sanitizer
Shopee,One Scrub OneMed 4% Hand Scrubs refill 500ml OJ,one scrub onemed
Shopee,Implora Icare Hand Sanitizer Gel 30ml | Pembersih Tangan - Gantungan Karakter Soap Tanpa Bilas,icare hand sanitizer gel
Shopee,Secret Clean Hand Sanitizer - 100 ml Spray x2,secret clean hand sanitizer
Shopee,Hand sanitizer spray 100 ML - Merk Mykonos,hand sanitizer
Shopee,Instance Hand Sanitizer 100 ml Cair Liquid Food Grade Handsanitizer Alkohol 75% Botol Semprot Spray,hand sanitizer
Shopee,"Hand Sanitizer 1 Liter Cair, tanpa pewarna, NEW..!",hand sanitizer
Shopee,"SALE !! Hand Sanitizer 29ml Wangi Bunga, Buah dan Aromatic",hand sanitizer
Shopee,"HANDSANITIZER GANTUNG 30ml(hargasudahtermasukGantungan,Isi,danStiker)",handsanitizer
Shopee,NORVUS - Dry Hand Foam Sanitizer 1 pcs 85 ml,norvus dry hand foam sanitizer
Shopee,"MINIS0 Unicorn Fruity Scent Hand Sanitizer Gel (Candy Apple, Tropical Melon, Strawberry Toast)",minis0 unicorn hand sanitizer
Shopee,dr soap Hand Antiseptic Spray 20ml | Sanitizer Tangan & Pembersih Alat Makan (Tanpa Alkohol),dr soap hand antiseptic spray
Shopee,Natura Hand Sanitizer X100 Cair 18 ml POCKET Peach Antiseptik Spray,natura hand sanitizer
Shopee,Evexia | Scented Perfumed Hand Sanitizer 60 ML | Hand Sanitizer Wangi Parfum International Murah Botol Spray,evexia hand sanitizer
Shopee,"Dettol Hand Sanitizer 50 ml – Bunuh 99.9% Kuman, Praktis di Mana Saja",dettol hand sanitizer
Shopee,Aseptic Gel 250ml Pump Dispenser Hand Sanitizer Handsanitizer Antiseptik,aseptic gel
Shopee,Hand Sanitizer Antiseptic Gel EAU+ Anti Bakteri 70% Ethyl Alcohol,hand sanitizer
Shopee,Real Clean Hand Sanitizer Cair 500ml Pump Handsanitizer Cair Pump Non Aroma- Antibakteri Desinfektan 2in1,real clean hand sanitizer
Shopee,Hand Sanitizer 1 Liter Non Alkohol Stoberi dan varian lain chlorhexidine gluconate OT2159N608,hand sanitizer chlorhexidine gluconate
Shopee,Hand sanitizer Gel. !!,hand sanitizer gel
Shopee,Lesom - Hand Sanitizer 30ml,lesom hand sanitizer
Shopee,Sippol Hand Sanitizer Kids Animal 60 ml [Baby Blossom],sippol hand sanitizer kids animal
Shopee,Silikon Holder Botol Hand Sanitizer 50ml Gantung Aman,silikon holder botol hand sanitizer
Shopee,BITTERSWEET CO - Scented Hand Sanitizer Spray with Niacinamide & Vit.E | 60ml | BPOM | Support Lokal,bittersweet co hand sanitizer
Shopee,Lesom - Fragrance Hand Sanitizer,lesom fragrance
Shopee,Hand Sanitizer Cair Antiseptic Varian Aroma Segar 1 liter / Varian Aroma Buah 1 Liter Kemasan Botol Free Bubble Wrap,hand sanitizer cair
Shopee,Rumah Atsiri 1963 Pocket Hand Sanitizer,rumah atsiri hand sanitizer
Shopee,Hand Sanitizer SUPREME - 1 LITER TERMURAH,hand sanitizer supreme
Shopee,Hand Sanitizer Cair Antiseptic Alcohol Variasi Segar Wangi/ Varian Wangi 1 Liter ( JERIGEN) FREE BUBBLE WRAP,hand sanitizer
Shopee,PROKLEEN Hand Sanitizer Cair 70% Antiseptic Food Grade Aseptic 100mL,prokleen hand sanitizer
Shopee,hand sanitizer karakter/gantungan hand sanitizer free isii,hand sanitizer
Shopee,PURELIZER Hand Sanitizer Cair 1 Liter [1000ml] Handsanitizer Refill Spray,purelizer hand sanitizer
Shopee,Refill Sanitizer 3x pcs 300ml - NORVUS,norvus sanitizer
Shopee,Rumah Atsiri Rayu Pocket Hand Sanitizer,rumah atsiri rayu
Shopee,HAND SANITIZER 50ML - NORVUS,norvus hand sanitizer
Shopee,Hand Sanitizer Gel Crystal Clean Pocket 60ML,crystal clean hand sanitizer
Shopee,Hand Sanitizer Cair Antiseptic Putihan Aroma Wangi Segar 500 ml botol pump + Free Bubble Wrap,hand sanitizer
Shopee,PROKLEEN Hand Sanitizer Cair 70% Antiseptic Food Grade Aseptic 60mL,prokleen hand sanitizer
Shopee,ASEPTIC PLUS 500ML ONEMED HAND SANITIZER MEDICAL ONLINE MEDICALONLINE,aseptic plus hand sanitizer
Shopee,Tevo BerryC Active Sanitizer Long Lasting Berry C Sanitizer Spray bundle nano gun K5 wireless fogging,tevo berryc sanitizer
Shopee,HANYA UNTUK + isi 1 BUAH hand sanitizer karakter. JANGAN BELI JIKA TIDAK ADA MEMBELI HOLDER KARAKTER,hand sanitizer
Shopee,Aseptic Gel Hand Sanitizer 1 Liter Refill OneMed OJ,one med hand sanitizer
Shopee,Botol TONER 30ml Bisa untuk Sanitizer Tutup Merah Putih DRS Mulut Kecil,toner
Shopee,Hand Sanitizer 1 Liter Non Alkohol wangi nipis dan varian wangi lain tanpa alkohol OT2158N607,hand sanitizer
Shopee,BerryC Hand Sanitizer Refill Spray/Foam 200ml - Sanitiser Bayi Kulit Tangan Sensitif Tanpa Alkohol,berryc hand sanitizer
Shopee,Pureco Hand Surface Sanitizer - 250ml,pureco hand surface sanitizer
Shopee,[TERMURAH] Hand Sanitizer Spray Gantung VERSI 2 + Silikon Termasuk ISI,hand sanitizer spray
Shopee,Hand Sanitizer Klarens Refill Calming Musk 500ml,klarens hand sanitizer
Shopee,Mustika Ratu Hand Sanitizer 60 mL Harga Grosir Termurah,hand sanitizer
Shopee,BerryC Hand Sanitizer Refill Spray/Foam 200ml - Sanitiser Bayi Kulit Tangan Sensitif Tanpa Alkohol,berryc hand sanitizer
Shopee,Hand Sanitizer Cair 100ml Onemed Aseptic Plus Spray GROSIR,hand sanitizer
Shopee,"handsanitizer cair /gel 5L, ijin kemenkes, aman d gunakan setiap org,, wangi dan tidak lengket",handsanitizer
Shopee,Hand sanitizer cair 5 liter MedLab antiseptik Alkohol 70% new Formula,hand sanitizer alkohol
Shopee,HAND SANITIZER GEL STERIX SOPHIE MARTIN PARIS/HANDSANITIZER GEL,sterix hand sanitizer
Shopee,New Normal Hygiene Set Hand sanitizer and surgical mask,new normal hygiene set
Shopee,Antis Botol Spray Timun 55 ml x 2 pcs,antis botol spray timun
Shopee,[Ready Stock] Hand Sanitizer GEL & CAIR 5 Liter Kental [Izin Kemenkes Resmi],hand sanitizer
Shopee,HandSanitizer 5Liter Cair Bening Non Parfum PRODICA Antiseptik HandSanitizer,handsanitizer prodica
Shopee,[Ready Stock] Hand Sanitizer 5 Liter Liquid/Cair Sudah Terdaftar di Kemenkes RI,hand sanitizer
Shopee,Antis Jasmine Tea 55 ml x 3,antis jasmine tea
Shopee,DEVLO ANVIS HAND SANITIZER spray altect alkohol 70% aseptic antiseptik 100ml spray cair kemenkes,devlo anvis hand sanitizer
Shopee,Aseptic Plus Essential Spray Handsanitizer Dan Surface Disinfektan 100ml GROSIR,aseptic plus essential spray
Shopee,Naturein Sanitizing Water 100ml Hypochlorus Acid,naturein sanitizing water
Shopee,DEVLO ANVIS HAND SANITIZER CAIR altect alkohol 70% aseptic antiseptik gel 500ml botol pump KEMENKES dan msds,devlo anvis hand sanitizer
Shopee,[ BELIA ] GIFT IMPLORA | Body Lotion | Hadiah Gratis,implora body lotion
Shopee,Everclean - Hand Sanitizer with Hyaluronic Acid 20ml | Pembersih Tangan | Antiseptik,everclean hand sanitizer
Shopee,Hand Sanitizer Antis 500ml Botol Jeruk Nipis,hand sanitizer
Shopee,Nuvo Handsanitizer 50ml,nuvo handsanitizer
Shopee,Hand Sanitizer 5 Liter cair Korea jeruk nipis untuk spray Best seller Promo murah Cair berizin keme+,hand sanitizer
Shopee,Antis Pembersih Tangan Jasmine Tea Spray 55ml,antis pembersih tangan jasmine tea
Shopee,Aseptic Gel Onemed 500mL + Dispenser (PUMP) / Hand sanitizer/ handsanitizer,onemed gel
Shopee,SECRET CLEAN - ANTISEPTIC HAND SANITIZER SPRAY / 60ml,secret clean hand sanitizer
Shopee,PROMO!!! HAPPY CARE Hand Sanitizer Liquid Cair Bening Refill 1 Liter IZIN KEMENKES,happy care hand sanitizer
Shopee,HAND SANITIZER GANTUNG SECRET CLEAN GELL DAN SPRAY • IEVHY SHOP,hand sanitizer
Shopee,Rhenza Hand Sanitizer Moistseptic Gel 60 ML,rhenza hand sanitizer
Shopee,Rumah Atsiri Buai Pocket Hand Sanitizer,rumah atsiri buai
Shopee,Essential Oil Aromatherapy Humidifier Fragrance Olis Diffuser Aromaterapi Pengharum Ruangan Pewangi Ruang Aroma Hotel,essential oil diffuser
Shopee,FRESH CARE BOTOL 10ML | ALL VARIAN,fresh care
Shopee,JAW.ID Aromatherapy Humidifier Fragrance Oils Diffuser Aromaterapi bukan Essential Oil - Arome Temps 10 ml,jaw.id aromatherapy humidifier
Shopee,Fragrance Essential Oil Humidifier Diffuser Oil Aromaterapi Aromateraphy,fragrance oil
Shopee,essen oplosan cabe sereh melati 30ml spesial galapung target babon essen bandung,essen oplosan cabe sereh melati
Shopee,Aromatherapy Essential Oil Diffuser Minyak Aroma Terapi Coffee Kopi,aromatherapy essential oil diffuser
Shopee,Minyak Essential Oil 10ml Sandalwood Jasmine Vanilla Ocean All Variant,sandalwood jasmine vanilla
Shopee,Aroma Terapi Aromatherapy Essential Oil Pengharum Ruangan Air Humidifier Termurah Pure Diffuser Pewangi Ruang,aroma terapi
Shopee,Minyak Aroma therapy Pengharum Ruangan Fragrance Oil Pewangi Aroma Ruangan Humidifier Diffuser Essential Oil Viral,minyak aroma therapy
Shopee,Essential Oil 30ml Aroma Ruangan Minyak Aromatherapy Oils SPA Untuk Diffuser Pewangi Ruang Pengharum Ruangan,essential oil
Shopee,PURE Essential Oil 10 mL Aromatherapy Aromaterapi Diffuser Humidifier PENGHARUM RUANG FRAGRANCE OIL,pure essential oil
Shopee,Cough & Flu Essentials Oil De'oils Aromateraphy Minyak Atsiri Murni Essential Oil Imune Booster,cough & flu essentials oil
Shopee,"10ml FRAGRANCE OIL SINGLE NOTES untuk parfum, Lilin, sabun, lotion, pomade, Diffuser",fragrance oil
Shopee,OIL AROMA THERAPY HUMIDIFIER FRAGRANCE OIL DIFFUSER MINYAK ESSENSIAL PENGHARUM RUANGAN,oil aroma therapy
Shopee,Essential Oil Ruangan Pewangi Ruangan Fragance OIL Aromaterapi Aromatherapy Essential Oil Disfuser Pewangi Pengharum Ruangan Essential Oil Aroma Premium,essential oil
Shopee,Essential Oil - 10ML by Hankey - Aromatherapy,essential oil
Shopee,Freshly Pure Fragrance Oil Aroma Diffuser Freshly Pure Aromatherapy Fragrance Oil Aromatherapy 6 in 1 Pewangi Ruangan Parfum Ruangan Pure Aroma Terapi Essential Oil Diffuser Young Living Set 6 In 1 10M Terlaris,fragrance oil aroma diffuser
Shopee,Essential Oils Minyak Aromaterapi Pipet Dropper All Variant,minyak aromaterapi
Shopee,6 Botol Aroma Terapi Aromatherapy Essential oil Diffuser Aromaterapi Pure Murni & Alami Air Fragrance Pengharum Pewangi Esensial Esential Oil Ruangan 10ml Defuser Humidifer Minyak Humadifier Humudifier Humdifier Difusser Essential Kamar Taffware,aroma terapi essential oil diffuser
Shopee,Essential Oil 50ML Minyak Pengharum Ruangan Pewangi Fragrance Air Purifier Aromatherapy Aromaterapi Diffuser Humidifier,essential oil
Shopee,Flowgreen Cough & Flu Essential Oil Diffuser Humidifier,flowgreen cough & flu essential oil diffuser
Shopee,Essential Oil 50 Ml Pengharum Ruangan Parfum Ruangan Pewangi Ruangan Minyak Fragrance Air Purifier Aromatherapy Oil Aromaterapi 50ML untuk Diffuser / Humidifier,essential oil
Shopee,Essential Oil Fragrance Oil SET 8 IN 1 Minyak Pengharum Ruangan Pewangi Ruang Aromaterapy Essential Oil Aroma Terapi Oil,essential oil fragrance oil
Shopee,Renescent Peppermint Pure Essential Oil 10ml Minyak Aromaterapi Diffuser,renescent peppermint pure essential oil
Shopee,Minyak Aromaterapi 14 Varian Wangi 10ml untuk Diffuser Pewangi Ruangan Aman & Praktis,minyak aromaterapi
Shopee,Minyak angin aromatic 1001/essential oil aromatherapy 8ml,minyak angin aromatic
Shopee,Essential Oil Therapeutic Grade by WHITE ESSENTIAL,essential oil
Shopee,2 Pcs So Fresh Minyak Angin 10 ml - Eucalyptus/Hot Aromaterapy,so fresh minyak angin
Shopee,CAPSEN Heppi Cube Gantungan Essential Oil Aromatherapy Diffuser Humidifier Minyak Esensial,heppi cube
Shopee,Botol Diffuser Aromaterapi 50ml 100ml 150ml Pengharum Ruangan Aroma Terapi Oil Minyak Essential Oil Miniso Botol Parfum Botol kaca Reed difuser Botol Diffuser,diffuser aromaterapi
Shopee,2 Pcs So Fresh Minyak Angin 10ml - Eucalyptus/Hot Aromaterapy,so fresh minyak angin
Shopee,OIL AROMATHERAPY ESSENTIAL - OIL DIFFUSSER MINYAK AROMATHERAPHY,oil aromatherapy
Shopee,2 Pcs So Fresh Minyak Angin 10ml - Eucalyptus / Hot Aromaterapy,so fresh minyak angin
Shopee,Cap Lang Minyak Kayu Putih Roll On 15 ml,cap lang minyak kayu putih
Shopee,2 Pcs So Fresh Minyak Angin 10ml - Eucalyptus/Hot Aromaterapy,so fresh minyak angin
Shopee,ESSENTIAL OIL AROMATHERAPY HUMIDIFIER FRAGRANCE OIL DIFFUSER ORIGINAL MURAH / MINYAK AROMATERAPI,essential oil aromatherapy
Shopee,FLOWGREEN ESSENTIAL OIL AROMATERAPI THERAPEUTIC GRADE ORGANIC,flowgreen essential oil
Shopee,2 Pcs So Fresh Minyak Angin 10ml - Eucalyptus/Hot Aromaterapy Sofresh Hemat,so fresh minyak angin
Shopee,(Isi 2 Pcs) So Fresh Minyak Angin 10 ml - Eucalyptus / Hot Aromaterapy,so fresh minyak angin
Shopee,Sidola Minyak Kayu Putih 30mL,sidola minyak kayu putih
Shopee,HERBORIST Bali Dancer Aromatherapy Oil Diffuser 10ml | Essential Difuser,bali dancer aromatherapy oil diffuser
Shopee,essen biang aroma buah 15ml dan 30ml,essen biang aroma buah
Shopee,Essential Oil 30ml Diffuser Tungku Aromaterapi Pengharum Ruangan Aromatherapy Peppermint Lavender,essential oil diffuser
Shopee,(A-B) Elie Moise Multipurposes Aromatic Fine Fragrance Oil Sample Size Tester untuk lilin sabun reed diffuser 2gr,elie moise fragrance oil
Shopee,30ml varian minyak atsiri murni asli penyulingan 100% pure essential oil aromatherapy diffuser 30 ml minyak atsiri murni biang 100% 30 ml pure essential oil 100% aromatherapy aromaterapi diffuser humadifier,minyak atsiri
Shopee,KAYU AJAIB KAYU PENYEBAR WANGI KAYU AROMA THERAPI Wooden Essential Oil Aroma therapy Diffuser Wooden MINYAK ESENSIAL oil,kayu ajaib
Shopee,2 Pcs So Fresh Minyak Angin 10 ml - Eucalyptus / Hot Aromaterapy,so fresh minyak angin
Shopee,Minyak Aromaterapi / Pure Aromatherapy Oil / Minyak Esensial / Esensitial Oils Pewangi Ruangan,minyak aromaterapi
Shopee,Aromatherapy Essential Oil 10ml Minyak Diffuser,aromatherapy essential oil
Shopee,Aromaterapi Essential Fragrance Oil Diffuser Humidifier Minyak Pengharum Ruangan 10mL,aromaterapi essential fragrance oil diffuser
Shopee,Minyak Pusaka Royal Gaharu Untuk Merawat Keris Dengan Essential Oil Asli Bukan Kimia Ukuran 60 ml,minyak pusaka royal gaharu
Shopee,Natural Botanica Cought & Flu Essential Oil Pure Minyak Esensial Atsiri Aroma Terapi Diffuser Humidifier,natural botanica cought & flu essential oil
Shopee,Hayya Essential Oil Aromania / Oil Diffuser & Aromatherapy / Scented Oil,hayya essential oil
Shopee,Safecare Aromatherapy 10ml,safecare aromatherapy
Shopee,Flowgreen Deep Sleep Essential Oil Diffuser Humidifier,flowgreen deep sleep essential oil diffuser
Shopee,2 Pcs So Fresh Minyak Angin 10ml - Eucalyptus / Hot Aromaterapy,so fresh minyak angin
Shopee,2 Pcs So Fresh Minyak Angin 10ml - Eucalyptus / Hot Aromaterapy,so fresh minyak angin
Shopee,Botol Roll On 10ml Kaca Amber / Coklat untuk Essential Oil,botol roll on
Shopee,Aromatherapy Sicher Essential Oil Natural Pengharum Ruangan Aroma Terapi Minyak Alami 10ml,sicher essential oil
Shopee,[BLEND OIL] ORGANIC TREASURE - Essential Oil Therapeutic Grade+ All Product Blend Oil Best Seller,blend oil
Shopee,【GOGOMART】Minyak Aroma Therapi Esensial / Essential Aroma Therapy Oil Humidifier Diffuser 10ml,minyak aroma therapi
Shopee,Fresh and Calm Series Manura Botanical Oil Diffuser Aromatherapy Natural 100% Premium Anti Fragrance,manura botanic oil diffuser
Shopee,Hanumganics Therapeutic Grade - 100% Murni lavender essential oil (Bisa untuk semua umur) Berkhasiat untuk kesehatan - BPOM - 10 ML - 5 ML - 30 ML minyak bunga lavender murni aromaterapi diffuser essensial AIR PURIFIER BISA COD,hanumganics lavender essential oil
Shopee,Herborist Bali Dancer Aromatherapy | Aroma Therapy Bali Dancer 10ml,bali dancer
Shopee,Minyak Sereh Wangi 1000 ml / Citronella Essential Oil Murni Tanpa Campuran Apapun Kualitas Terjamin,minyak sereh wangi
Shopee,Botol kaca serum clear frosted 20ml pipet tetes ring gold,botol serum
Shopee,ESSENTIAL OIL PURE 100% AROMATHERAPY AROMATERAPI PENGHARUM RUANGAN LEMONGRASS TEA TREE EUCALYPTUS,essential oil
Shopee,minyak cengkeh asli murni tanpa campuran murni penyulingan clove pure essential oil minyak atsiri cengkeh asli murni tanpa campuran murni penyulingan clove pure essential oil obat sakit gigi manjur ampuh 3ml 10ml 30ml 50ml 3 ml 10 ml 30 ml 50 ml,minyak cengkeh
Shopee,CAPSEN 10ml Pure Green Lemongrass Essential Oil 100% Murni Aromatherapy,capsen lemongrass essential oil
Shopee,10gr Sample Fragrance Oil For Candle Soap Perfume Ari Fresehener,fragrance oil
Shopee,Chio Essential Therapeutic Grade 100% Pure Aromaterapi,chio essential
Shopee,botol kaca 30ml bening tutup filler putih / botol essential oil 30ml,botol essential oil
Shopee,BLISS SCENTS Cough and Flu Essential Oil Aromatherapy 100% Murni Therapeutic Grade Aromaterapi,bliss scents essential oil
Shopee,Essential Oil Aromatherapy Diffuser Pengharum Ruangan Fragrance Pewangi Aroma Ruang Humidifier Minyak Wangi Reed Uap,essential oil diffuser
Shopee,ESSENTIAL OIL AROMATHERAPY HUMIDIFIER FRAGRANCE OIL DIFFUSER ORIGINAL,essential oil aromatherapy humidifier
Shopee,Aksesoris Kartu Ucapan Accessories Aromatherapy Capsen by Bobba Gia,aksesoris kartu ucapan
Shopee,BLISS SCENTS Peaceful Dreams Essential Oil Blend 100% Murni Therapeutic Grade Aromatherapy,bliss scents peaceful dreams essential oil blend
Shopee,Essential Oil Stress Away Organic by FLOWGREEN,stress away
Shopee,Darjeeling Eucalyptus Radiata Pure Essential Oil / Minyak Eukaliptus Aromaterapi Therapeutic Grade,eukaliptus aromaterapi
Shopee,Deep Sleep Essential Oil Roll On Untuk Tidur Nyenyak Netto 10ml,deep sleep essential oil
Shopee,Darjeeling Eucalyptus Globulus Pure Essential Oil / Minyak Eukaliptus Aromaterapi Therapeutic Grade,eucalyptus globulus
Shopee,Bathaholic - Peppermint 50 mL Essential Oil / Aromatherapi Pengharum Ruangan Segarkan Pikiran,bathaholic peppermint oil
Shopee,CAPSEN 10ml BEST SELLER Pure Essential Oil 100% Murni by Certified Aromatherapist,capsen essential oil
Shopee,Essential Oil Aromatherapy Massage Pengaharum Ruangan Minyak Oil Terapi Aroma Ruangan XX151 XX152,essential oil aromatherapy massage
Shopee,IB Blend Immune Booster Essential Oil by Manura Menyegarkan Tubuh Bahan Organik Tanpa Kimia Sintetis,ib blend immune booster
Shopee,ORGANIC TREASURE - [10 ML] Essential Oil Best Seller Product (berdasarkan penjualan terbaik),organic treasure essential oil
Shopee,Nu Aroma Essential Aromatic Oil Eucalyptus / Kayu Putih,nu aroma eucalyptus
Shopee,Chio Stress Healing Essential Oil 10ml Aromaterapi,chio stress healing essential oil
Shopee,Aromatherapy Pengharum Ruangan Essential Oil Humidifier,aromatherapy pengharum ruangan
Shopee,Chio Lemongrass Essential Oil 10ml Aromaterapi,chio lemongrass essential oil
Shopee,Pure Essential Oils Aromatherapy Diffusers 10ml,pure essential oils
Shopee,Nu Aroma Essential Aromatic Oil Vanilla / Vanili,nu aroma essential aromatic oil vanilla
Shopee,(BPOM RI SPP-IRT) MINYAK SEREH WANGI MURNI/CITRONELLA OIL TERMURAH AROMATERAPI 1LITER,minyak sereh
Shopee,Aroma Terapi Essential Oil Refill Diffuser Aromatherapy Pengharum Kamar Tidur Tahan 10ml,aroma terapi essential oil
Shopee,Chamomile - Pure Essential Oil 15ml | Aromatherapy Oil 15ml | Pewangi Ruangan | Oil Aromaterapi Diffuser Oil Burner | Minyak Atsiri | Birthday Gift Ideas | Minyak Esensial | Room Fragrance Perfume | Pengharum Ruangan,chamomile minyak esensial
Shopee,CHIO IMMUNE SHIELD ESSENSIAL OIL,chio immune shield
Shopee,Minyak Aromaterapi 20ml Grade B - Aroma Beragam,minyak aromaterapi
Shopee,CAPSEN Mom 's Recipe Signature Blend Cold Cough Flu Batuk Kids Friendly Essential Oil Aromatherapy,capsen mom's recipe signature blend
Shopee,Essential Oil Aromatherapy Aromaterapi 6 in 1 10ml,essential oil aromaterapi
Shopee,Aromaterapi Essential Oil Humidifier Aromatherapy Diffuser Fragrance,aromaterapi essential oil humidifier
Shopee,Pen spray 10ml / pen spray 10 ml / penspray 10 ml,pen spray
Shopee,Chio Cold & Flu Essential Oil,chio cold flu
Shopee,Freshcare aromatherapi,freshcare aromatherapi
Shopee,Bathaholic - Lavender Pure Essential Oil / Aromatherapy Pengharum Ruangan,bathaholic lavender pure essential oil
Shopee,Darjeeling Lemon Pure Essential Oil / Minyak Jeruk Lemon Aromaterapi Therapeutic Grade,darjeeling lemon pure essential oil
Shopee,botol kaca 10ml amber coklat frosted doff tutup filler hitam,botol kaca
Shopee,Refill Diffuser Eucalyptus 1L Fragrance Oil Maison Berger / Lampe Berger (oil aroma terapi kayu putih dari Paris),lampe berger
Shopee,LADEA AROMA TERAPI | AROMATHERAPY | ESSENTIAL OIL | PENGHARUM RUANGAN | REFILL / ISI ULANG HUMIDIFIER,ladea aroma terapi
Shopee,Darjeeling Cedarwood Pure Essential Oil / Minyak Kayu Cedar Aromaterapi Therapeutic Grade,darjeeling cedarwood pure essential oil
Shopee,Utama Spice Mint Essential Oil 10ml,utama spice mint essential oil
Shopee,tutup botol pipet non segel putih / tutup botol serum / tutup dropper neck 18,tutup botol pipet non segel putih
Shopee,PAKET HEMAT CLASSIC HELLOSAKHA /Essential Oil + zaitun evoo /obat herbal alami anak dewasa orang tua,hello sakha
Shopee,HELLOSAKHA PENAMBAH IMUN Essential Oil Evoo / herbal alami anak sakit cegah virus / daya tahan tubuh,hello sakha penambah imun
Shopee,Nu Aroma Essential Aromatic Oil Peach / Buah Persik,nu aroma essential aromatic oil peach
Shopee,Belli To Baby Essential Oil Cool & Fresh - Minyak Batuk & Pilek 10 ml,belli to baby essential oil
Shopee,Chio Minyak Essential Oil Aromaterapi / Aromatherapy Humidifier Diffuser,chio minyak essential oil
Shopee,Essential Oil 30 ml & 50 Ml Pengharum Pewangi Ruangan Aromatherapy Pengharum Ruangan Minyak Esensial Difuser Minyak Aromatherapy Pewangi Ruang,essential oil
Shopee,Fragrance Oil 10gram - Pewangi Kosmetik Sabun Pomade / Pewangi Lilin Candle,fragrance oil
Shopee,Bali Dancer Aromatherapy Green Tea 10 ml,bali dancer green tea
Shopee,La Bonte Refill Oil Scenting Diffuser Machine Aromatherapy 500ml ( 28 Aroma Hotel Mewah ),la bonte refill oil scented diffuser
Shopee,Minyak Sereh Wangi Murni 1000ml - Citronella Pure Essential Oil 100% Alami,minyak sereh wangi
Shopee,BPOM Happy Green Lemongrass Essential Oil - Minyak Sereh Dapur 100% Pure Murni Garansi Uang Kembali,happy green lemongrass essential oil
Shopee,Minyak Herbal Anak Batuk & Pilek | Medicated Oil Baby Cough and Flu | Minyak Balur Anak Premium,minyak herbal anak batuk pilek
Shopee,BPOM Happy Green Kemiri Oil - Minyak Candle nut Kukui 100% ASLI Garansi Uang Kembali Cocok u/ Segala Usia,happy green kemiri oil
Shopee,"CUCI GUDANG [BEST SELLER] BONNELS ESSENTIAL OIL - Cough Flu, Immune, Deep Sleep, Happy Tummy, Batuk Pilek Bayi",bonnels essential oil
Shopee,Pureair Tabung Oksigen 1 M3 Set Lengkap 4in1 (Tabung+Isi Oksigen+Regulator+Troli),pureair oksigen
Shopee,[PER PCS | BPOM] Plossa Minyak Angin Aromatherapy Inhaler 4in1,plossa minyak angin
Shopee,Mesh Nebulizer Portable Omicron / Alat Terapi Pernapasan Handheld Inhaler Nebulizer Machine Portable,nebulizer portable
Shopee,Fresh Care Smash Minyak Angin 4 In 1 Multifungsi,fresh care smash minyak angin
Shopee,30pcs Stiker Sticker Anti Mendengkur EXP 2028 Mouth Tape Seal Strip Dengkur Ngorok Snore Snor Plester Mulut Tidur Penutup Mulut Good Sleep Aid Patch,stiker anti mendengkur
Shopee,Alat anti dengkur magnetic anti snore noseclip anti ngorok snoring stopper nose clip magnet,alat anti dengkur
Shopee,Promo! EXP JAN 2028 Vicks Inhaler Meredakan Hidung Tersumbat Akibat Pilek Dan Flu,vicks inhaler
Shopee,Abc Menthol Cone Mintleaf 20 Gram Inhaler Gosok,abc menthol cone mintleaf
Shopee,Nebulizer Mask Set Dewasa| Masker Nebu / Anak / Dewasa / Bayi Masker Uap Masker Terapi Uap Onehealth,nebulizer mask set
Shopee,Inhaler Lang - Pelega Hidung Tersumbat Dengan Menthol Dan Kamper,inhaler lang
Shopee,FreshCare Smash Matcha 4 In 1 Glow In The Dark,freshcare smash matcha glow
Shopee,NeilMed Sinus Rinse Premixed Packets Per Sachet,neilmed sinus rinse
Shopee,FreshCare Smash Fruity - Double Inhaler + Roll On,freshcare smash fruity
Shopee,"FreshCare Aromatheraphy Citrus - Atasi Gejala Masuk Angin, Flu, Pegal",freshcare aromatheraphy citrus
Shopee,Masker Nebulizer Onehealth Dewasa Anak Bayi | Onehealth Nebulizer Mask Adult Child Life Resources ChronaLife,onehealth nebulizer
Shopee,Stepsils 6 Butir Permen Pelega Tenggorokan Dewasa,stepsils permen pelega
Shopee,Prima Minyak kayu putih membantu meredakan sesak nafas el kahfi,prima minyak kayu putih
Shopee,ONEHEALTH NEBULIZER MASK ADULT / CHILD / MASKER NEBULIZER DEWASA / ANAK HARGA MUMER 100% ORIGINAL,onehealth nebulizer
Shopee,Kemasan Double Inhaler Kosong Include Stick Kapas (Tanpa aroma),double inhaler
Shopee,Polkadope Alat Bantu Anti Ngorok Nose Breathing Stop Snoring Magnetic dengkur,polkadope alat bantu anti ngorok
Shopee,[ TAURUS88 ] Anti dengkur snore stopper alat anti ngorok penghilang ngorok snore free,taurus88 anti dengkur
Shopee,Vicks Twin Inhaler Melegakan Hidung Tersumbat Keychain 0.5ml - Isi 2,vicks twin inhaler
Shopee,TaffOmicron Alat Terapi Pernapasan Handheld Inhaler Nebulizer Machine Battery - JSL-W302 - Putih Biru,taffomicron alat terapi pernapasan
Shopee,Neilmed Sinus Rinse Larutan Garam Cuci Hidung Nasal Wash,neilmed sinus rinse larutan garam
Shopee,Oxyflow Bubble Nasal Canula Selang Oksigen Dewasa OneMed,oxyflow bubble nasal canula
Shopee,"ENZHICO ZHICHOLOGY Inhaler Anxiety Aromaterapi Atasi Disorder Penenang Stress Cemas Berlebih Anti Was Was Anxiety 2,5ml",enzhico zhichology inhaler
Shopee,Kemasan Double Inhaler Mini Kosong Include Cotton Wick (Kapas),double inhaler mini
Shopee,TERBARU !!! Alat Anti Mendengkur Noseclip Magnet Klip Hidung Penghilang Dengkuran Alat Anti mendengkur noseclip penghilang dengkur ngorok ampuh SNORE NOSE CLIP ALAT ANTI MENDENGKUR PENGHILANG NGOROK DENGKUR snoring,noseclip magnet
Shopee,Vicks VapoRub 10 Gr - Balsem Pelega Pernafasan & Hidung Tersumbat,vicks vaporub
Shopee,inhaler poy sian mark II nasal inhaler poysian hidung minyak angin thailand,inhaler poy sian
Shopee,"Rhinos Neo 7,5 mg/0,8 ml Drops untuk Hidung Tersumbat (10 ml)",rhinos neo
Shopee,ONEHEALTH Selang Oksigen - Nasal Oksigen Cannula,onehealth selang oksigen
Shopee,"Vicks Inhaler Keychain Melegakan Hidung Tersumbat 0,5ml",vicks inhaler
Shopee,TaffOmicron Alat Terapi Pernapasan Handheld Inhaler Nebulizer- JSL-W302- Battery,taffomicron alat terapi pernapasan
Shopee,ORIGINAL WATERPULSE TERBARU Nasal Rinse Salt Neti Pot Nose Wash Garam hidung 300 & 500ML pereda sinus pilek,waterpulse nasal rinse
Shopee,The First Halal Nose Hygiene Stuff Relief 3th - Dewasa 50ml Bigroot di Indonesia,bigroot
Shopee,"Rhinos Junior untuk Meredakan Gejala Flu, Bersin-Bersin Anak (60 ml)",rhinos junior
Shopee,10 pcs Plester Hidung L Nasal Strips Nose Strips Anti Dengkur Ngorok Nasal Plast Tape Harmony Life,plester hidung
Shopee,Inhaler Wadah Tabung Kosong Kasa Refill Empty Nasal Bottle Tabung Aromatherapy Essential Oil Pelega Pernapasan TJ,inhaler wadah tabung kasa nasal bottle tabung aromatherapy
Shopee,Oxycan Green Oksigen Portable Oksigen Tabung Kaleng 500cc Samator Group,oxycan oksigen
Shopee,TaffOmicron Alat Terapi Pernapasan Handheld Nebulizer Inhaler - JSL-W303 - Putih,taffomicron alat terapi pernapasan
Shopee,Suction Catheter COSMOMED Control Selang Kateter Sedot Lendir Dahak,suction catheter
Shopee,Nurse Cap Altamed Isi 100 Pcs Pelindung Medis,nurse cap altamed
Shopee,Nebulizer Alat Uap Bantu Pernafasan Asma Inhalasi / Nebulizer Portable / alat Nebulizer Anak / Nebulizer Taff Omicron / Alat Uap Nebulizer Anak Dan Dewasa / Alat Terapi Pernafasan Asma,nebulizer alat uap asma
Shopee,Dr.Spock Nasal Spray Neti Pot Waterpulse Nasal Wash Cleaner Spray Nasal Irrigator Cuci Hidung 300ml Rinse Nose Cleaner Avoid Sinusitis Rhinitis Treatment Health CareNasal Wash Nose Cleaner For Adults Children Nose Wash AH01,dr spock nasal spray
Shopee,Masker Nebulizer Anak / Nebulizer / Nebulizer Mask Child / Masker Nebulizer Anak Chrona Life,masker nebulizer anak
Shopee,10 pcs Plester Anak Hidung Nasal Strips Kids Nose Strips Anti Dengkur Ngorok Plast Hidung Tape,plester anak hidung
Shopee,Nasal rinse salt nose sinus Neti Pot wash cleaner Garam Lekang Hidung Pereda Alergi Pilek debu,nasal rinse salt
Shopee,Nebulizer Portable Mesh Alat Uap Bantu Pernafasan Asma Inhalasi/ Portable Mesh Nebulizer Asthma Respiratory Vapor Anak dan Dewasa,portable mesh nebulizer
Shopee,[LENYSHOP] Alat Anti Dengkur Nose Breathing Stop Snoring Magnetic Alat Penghenti Ngorok,alat anti dengkur
Shopee,1 pc strip Harmony Life Nasal Strips Anti Snore Ngorok Dengkur Plester Hidung,harmony life nasal strips
Shopee,Alat Anti Dengkur Nose Breathing Stop Snoring Magnetic Alat Penghenti Ngorok,alat anti dengkur
Shopee,Pastel Fruity Inhaler / Inhaler Fruity Scent / Inhaler,inhaler fruity
Shopee,Selang Nasal Oksigen GEA Transparan Lentur Per Pcs,selang nasal oksigen
Shopee,LIVO Nebulizer Alat Uap Bantu Pernafasan Asma Inhalasi MY-520A Ultrasonic Inhaler Gangguan Pernafasan,livo nebulizer
Shopee,Masker Nebulizer / Nebu Mask / Masker UAP,masker nebulizer
Shopee,West&Month Nasal Snoring Strip 50pcs Plester Hidung Anti Dengkur Anti Snoring Plester Hidung Tersumbat Relieves Nasal Congestion Prevent Snoring,west&month nasal snoring strip
Shopee,"Inhaler Cap Kapak - Pereda Hidung Tersumbat, Pilek, dan Flu",inhaler cap kapak
Shopee,Garam bersih cuci hidung SINUS NASAL RINSE NOSE WASH SALT 2.7gr,garam bersih
Shopee,Vicks Inhaler Kecil Pelega Hidung Mampet,vicks inhaler
Shopee,Selang Suction Catheter With Tumb Control Untuk Membersihkan Ingus / Satuan S3,selang suction catheter
Shopee,Masker Nebulizer Anak Bayi Dewasa Oksigen Pernapasan Nebu Mask,masker nebulizer oksigen
Shopee,Inhaler Kosong DIY Essential Oil - Empty Nasal Inhaler,inhaler kosong
Shopee,VICKS VAPORUB - VICKS INHALER - BALSEM VICKS DAN PELEGA HIDUNG MAMPET,vicks vaporub
Shopee,Omron Compressor Nebulizer NE-C28 Alat Terapi Pernapasan,omron compressor nebulizer
Shopee,OXYCAN SPORT Oksigen Portable Tabung Kaleng Kecil 600cc,oxykan sport oksigen
Shopee,Neilmed Sinus Rinse / Nose Rinse,neilmed sinus rinse
Shopee,TUTUP SPRAY NASAL NECK 18 PUTIH,tutup spray nasal
Shopee,Breathy Nasal Drops 30 ml,breathy nasal drops
Shopee,NeilMed Sinus Rinse Premixed Babies and Kids - Neilmed Sinus Rinse Premixed Bayi dan Anak Anak Pc,neilmed sinus rinse
Shopee,ONEHEALTH Masker Nebulizer Anak / Bayi Nebulizer Mask Child/IInfant Per Pcs,onehealth masker nebulizer
Shopee,MCI Nebulizer Portabel Alat Terapi Pernapasan Asma Ultrasonik Alat Inhalasi Mini Portabel Alat Uap Asma Inhaler,mci nebulizer
Shopee,Masker Nebulizer S Bayi M Anak L Dewasa XL Jumbo GEA Alat Bantu Pernafasan Nebuliser Mask Nebul Udara Uap Baby Small Child Medium Adult Large,masker nebulizer
Shopee,Freshcare Smash Matcha 10ml Aroma Segar 4 In 1,freshcare smash matcha
Shopee,Nasal Canula Dewasa Gea Selang Oksigen Latex-Free,nasal canula
Shopee,Transpulmin BB Baby Balsam 20gr Untuk Bayi,transpulmin bb baby balsam
Shopee,"ENZHICO ZHITHERA Inhaler Sinusitis Aromaterapi Atasi Hidung Tersumbat Radang Bengkak Sesak Polip 2,5ml",enzhico zhithera inhaler sinusitis
Shopee,Dr.isla Nebulizer Portable Mesh Alat Uap Bantu Pernafasan Asma Inhalasi/alat Nebulizer Anak/Cocok Untuk Anak Anak Dan Orang Dewasa/Pengisian USB N8,dr.isla nebulizer
Shopee,Botol Pencuci Hidung Botol Cuci Hidung Waterpulse Sinusitis,waterpulse botol cuci hidung
Shopee,Nasal Canul Cosmomed Nasal Oxygen Cannula Kanul Selang Oksigen,nasal canul kanul oksigen
Shopee,Suction Ball 60ml Nasal Aspirator Ear Syringe 60ml,suction ball nasal aspirator
Shopee,Masker Nebulizer OneHealth Anak Dewasa Child Adult M L XL Nebu Mirip GEA,masker nebulizer onehealth
Shopee,Cairan Nasal Steril 3pc 25ml Untuk Mencuci Hidung,cairan nasal steril
Shopee,OneMed Nebulizer Portable 405A Untuk Anak,one med nebulizer
Shopee,Dr.isla Nebulizer Portable Mesh 4 Jenis Masker Filter Sesuai Dewasa Anak Mengobati Asma Dan Ketidaknyamanan Pernapasan Pengisian USB N9,dr.isla nebulizer
Shopee,SELANG OKSIGEN NASAL CANNULA OXYGEN OKSIGEN GEA,oksigen nasal cannula
Shopee,Alat Anti Ngorok Dengkur Magnet - Snore Stopper - Nose Breathing Stop Snoring Magnetic,alat anti ngorok
Shopee,TERMURAH! INHALER LANG INHALER CAP LANG PELEGA NAPAS HIDUNG TERSUMBAT,inhaler lang pelega napas
Shopee,Hexacare Nebulizer Mask Set Adult Child / Masker Nebul Anak Dewasa Tempat Obat Uap,hexacare nebulizer mask set
Shopee,Nebulizer Yuwell 403D Air Compressing Nebulizer Alat uap merk Yuwell Generasi baru Murah + 1x Masker nebulizer Anak,yuwell nebulizer
Shopee,Masker Nebulizer M Anak GEA Nebuliser Mask Nebul Udara Uap Alat Bantu Pernafasan Child Medium,masker nebulizer
Shopee,Masker Nebulizer Anak & Dewasa - Nebu Mask - Masker Terapi Uap - Nebulizer Mask,nebu mask
Shopee,korek kuping lampu LED 3in1 + box ear pick pembersih telinga anak2 korek kuping bayi isi 3 kepala,korek kuping lampu led
Shopee,Pembersih Telinga Korek Kuping Ear Wax Picker Set 6pcs Stainless Steel Anti Karat Free Pouch 𝕀ℍ𝕊 860,pembersih telinga
Shopee,Isi 12pak Cotton Buds Dewasa Korek Telinga Termurah,12pak cotton buds
Shopee,Korek Kuping LED Earpick Lamp Flashlight / LED / pembersih telinga,korek kuping led
Shopee,[ANSA88] korek kuping lampu LED + box 3in1 ear pick pembersih telinga bayi korek kuping anak2,korek kuping
Shopee,korek kuping 6in1 plus pouch set pembersih telinga isi 6 tas kulit stainless ear pick 6in1,korek kuping 6in1 plus
Shopee,Pembersih Telinga Set Alat Korek Kuping Stainless Isi 7 Pcs Free Kotak,pembersih telinga
Shopee,OSM - 6083 Cotton Bud 2 In 1 / Korek Kuping Super Lembut Isi 100 Pcs / Pembersih Telinga 2 In 1 / Cotton Bud Lembut Dewasa Anak,osm cotton bud
Shopee,( 27AN.ID ) Alat Pembersih telinga 1 Set isi 5pcs H500 Korek kuping besi anti karat stainless steel pembersih telinga,alat pembersih telinga
Shopee,AS Cotton Bud 2in1 Korek Kuping Super Lembut Isi 100 PCS Pembersih Telinga 2 Sisi Untuk Dewasa / Anak Murah,as cotton bud
Shopee,SMS Cotton Bud 2in1 Korek Kuping Super Lembut Isi 100 PCS Pembersih Telinga 2 Sisi Untuk Dewasa Dan Anak,sms cotton bud
Shopee,Alat Pembersih Telinga 1 Set 8PCS Korek Kuping Ear Wax Picker Stainless Steel 5in1 6in1 8in1,alat pembersih telinga
Shopee,HANDPHONETIAM Korek Kuping Stainless Steel Earwax Earpick Cleaner Alat Pengorek Kotoran Telinga - Free Kotak,handphonetiam korek kuping
Shopee,Cotton Bud Yukinawa isi 100 stick | Cotton Bud Anak dan Dewasa | Korek kuping,cotton bud yukinawa
Shopee,( BISA COD ) PROMO Alat Pembersih Kotoran Telinga Portable Anti Karat Stainless/ Korek Kuping 6 in 1,alat pembersih kotoran telinga
Shopee,Kyopta Cotton bud spiral ear pick Cotton swab Cotton swabs 100 pcs,cotton bud
Shopee,Selection Cotton Buds Adult & Baby Higienis Pembersih Telinga Bayi & Dewasa,selection cotton buds
Shopee,Cotton Bud Supper Market 240 Stik Kapas Alami,cotton bud
Shopee,Sendok telinga/Pembersih telinga/Dengan lampu LED/Ear pick Lampu LED Flash Light L13,ear pick lampu led
Shopee,( KKM ) Pembersih Telinga 5in1 Korek Kuping set isi 5 pcs Ear wax 5 in 1,pembersih telinga
Shopee,COTTONBUDS DEWASA PERLUSIN 12 PAK. PER PAK ISI 17-20 PCS STIK,cottonbuds
Shopee,Korek Kuping Senter LED Nyala Earpick Flash Light Lampu Anak Souvenir,korek senter
Shopee,[20 PCS ] KOREK KUPING BESI,korek kuping besi
Shopee,[CALCES]Alat Pembersih Telinga Korek Kuping + Box Dengan LED Senter Terang Ear Pick Flashlight Anak Bayi,alat pembersih telinga korek kuping
Shopee,ONE-C571-C572 Alat Pembersih Telinga Korek Kuping Ear Wax 6 In 1 / Set Paket Pembersih Kotoran Telinga Stainless Steel,alat pembersih telinga
Shopee,INFY - Korek Kuping Lampu LED / Earpick Flashlight / Pembersih Telinga LED Earpict Murah Import R005,infy korek kuping
Shopee,Korek Kuping Stainless | Korek Kuping set pembersih kotoran telinga 5 in 1,korek kuping stainless
Shopee,korek kuping led karakter burung hantu,korek kuping led burung hantu
Shopee,TI Cotton Bud Buds Kayu Bamboo isi 100 Bambu Korek Kuping Telinga Pembersih,ti cotton bud
Shopee,Cotton Buds YUKI dewasa & anak [ isi 100 ] SUPER MURAH PROMO !!!,cotton buds yuki
Shopee,Karakter-Korek Kuping Led Cute Dengan Lampu LED,karakter korek kuping led cute
Shopee,(HARGA PERBIJI BKN SEPASANG) Ear Candle Lilin pembersih telinga aroma terapi,ear candle lilin
Shopee,Cotton Bud Dewasa & Baby 100pcs/Korek Kuping/Pembersih Telinga,cotton bud
Shopee,"Cotton Bud Kimo Baby Isi 40 Sticks Ukuran 7,5cm",cotton bud kimo baby
Shopee,[DM89] KOREK KUPING LAMPU LED / KOREK KUPING SENTER KARAKTER,korek kuping lampu led
Shopee,COTTON BUD KIMO (100 Pcs) - Cotton Bud Baby / Cotton Anak - Cotton Bud Dewasa,cotton bud
Shopee,Cotton Bud Yukinawa Kapas Halus Isi 100,cotton bud yukinawa kapas halus
Shopee,Cussons Baby Cotton Buds Extra Fine 100 pcs / Korek Kuping Cusson / Pembersih Telinga Bayi,cussons baby cotton buds
Shopee,(SKR) Alat Pembersih Telinga / Korek Kuping Earpick dengan Lampu LED Untuk Bayi Anak ear pick,ear pick
Shopee,1234OS - Korek Kuping Premium Isi 20pcs Cutton Buds Kelas Super Market Kapas Alami Untuk Dewasa Pembersih Telinga Anak Bayi,1234os korek kuping
Shopee,KOREK KUPING LED POLOS/ PEMBERSIH TELINGA TERMURAH / Korek Kuping LED Pembersih Telinga Senter Flashlight,korek kuping led
Shopee,( 1PACK ) KOREK KUPING BANDUL LOVE MURAH,korek kuping bandul
Shopee,MV EAR PICK LED LED KOREK KUPING,mv ear pick
Shopee,Isi 1 Lusin Cotton Buds Dewasa 40 pcs Yukinawa,yukinawa cotton buds
Shopee,BABYBOZ - Biutte.co Set Pembersih Telinga Korek Kuping Ear Spoon Tool 6 PCS,babyboz ear spoon tool
Shopee,Korek Kuping Lem Pembersih Telinga Portable Pembersih Kotoran Earwax Earpick Isi 24pcs,korek kuping lempembersih telinga
Shopee,Korek Kuping LED STD Colorful Dengan Cahaya Terang,korek kuping led
Shopee,Alat Korek Kuping LED Flashlight Earpick Clean Pembersih Telinga,alat korek kuping
Shopee,EARPLUG ultrafit Corded pelindung telinga peredam kebisingan 25db,earplug ultrafit
Shopee,NAIM_SURYA_ASEMKA_KOREK KUPING STAINLESS WARNA ISI 20 PCS,naim surya asemka korek kuping stainless
Shopee,Earpick Korek Kuping Led Korek Kuping Anak Ear Pick Earpick Cartoon Flash Light LED Cute Animal Korek Telinga Kuping Karakter Lampu LED,earpick korek kuping
Shopee,BEVAVAR Korek Kuping Led Pembersih Telinga Bayi / Earpick,bevavar korek kuping
Shopee,BEVAVAR Korek Kuping LED Set Alat Pembersih Telinga Earpick untuk Anak Bayi dan Dewasa,bevavar korek kuping
Shopee,[PER PCS] KOREK KUPING BESI GAGANG PLASTIK BY CHERRY SHOP,korek kuping besi
Shopee,Victoky Korek kuping LED/Pembersih Telinga bayi/Earpick led bayi,korek kuping led
Shopee,KIMO Cotton Bud Baby Dewasa Kecil Besar isi 100 pcs / Korek Kuping Bayi 1 Pack Cotton BUD KIMO,kimo cotton bud
Shopee,"Cotton Bud Kimo - Korek Kuping Kapas Dewasa & Bayi, Pembersih Telinga Kapas Praktis & Aman",kimo cotton bud
Shopee,BOBASTORE 1 PASANG Ear Candle Indian Original Terapi Telinga Alat Pembersih Telinga Lilin Telinga R775,bobastore ear candle
Shopee,Alat Pembersih Telinga Korek Kuping Stainless Steel Paket 8pc set,alat pembersih telinga korek kuping stainless steel
Shopee,Cotton Bud Anak Anak Kimo isi 100 Sticks / Pembersih Telinga Kecil / Korek Kuping Kapas Bayi Balita,cotton bud kimo
Shopee,Alat Sumbat Penyumbat Penutup Tutup Telinga Kuping Earplug Anti Bising,alat sumbat earplug
Shopee,MELEDE 98Pcs Kancing Alat Kit Set Alat Tindik telinga Alat dengan Hidung Telinga Pusar Tindik Badan,melede kancing alat tindik
Shopee,KOREK KUPING BESI KECIL / ALAT PEMBERSIH TELINGA / KOREK KUPING BESI CHROOM (VC),korek kuping besi
Shopee,Earpick Cartoon Korek Kuping Telinga Karakter Lampu LED Cute Animal,earpick korek kuping
Shopee,Korek kuping Senter Lampu LED / Earpick Flashlight LED,korek senter
Shopee,GTB R005 READY STOCK KOREK PEMBERSIH KUPING LAMPU LED IMPORT MURAH BATAM TAS COD,gtb korek pembersih kuping
Shopee,korek kuping stainless stell mini / korek kuping besi,korek kuping
Shopee,TaffSPORT Penutup Telinga Earplug Noise Reduction 3 Layer - VO75,taffsport earplug
Shopee,Pigeon Cotton Buds membersihkan - Pembersih Telinga Anak Bayi,pigeon cotton buds
Shopee,COTTON BUDS / Cottonbud / Korek Kuping / Ear Pick,cotton buds
Shopee,Korek Kuping Led Earpick Dengan Sinar Terang,korek kuping led
Shopee,Korek Kuping Warna-Warni Alat Pembersih Telinga,korek kuping
Shopee,Satu Keluarga Alat Pembersih Telinga C571 C572 Set Paket Pembersih Kotoran Telinga Korek Kuping Ear Wax 6 In 1 Bahan Stainless Steel,alat pembersih telinga
Shopee,Phenol glycerol 10%/ tetes telinga / Pembersih Kotoran Telinga,phenol glycerol
Shopee,1 Pack Isi 100 Cotton Bud Dewasa Anak Yukinawa,cotton bud
Shopee,Ear Plug Pelindung Sumbat Telinga Earplug Ultrafit KOTAK BENING,ear plug pelindung sumbat telinga
Shopee,Earpick Lamp - Alat Pembersih Telinga Lampu - Korek Kuping Lampu,earpick lamp
Shopee,SANTADEX Obat Tetes Telinga 20 ml - Ear Drops,santadex obat tetes telinga
Shopee,(12pcs) Lifa Cutton Bud Dewasa Dan Bayi Lembut 5.5g,lifa cutton bud
Shopee,Sakumini Cotton Bud 2in1 Pembersih Telinga 2 Sisi Korek Kuping Bayi,sakumini cotton bud
Shopee,5 LUSIN PROMO COTTON BUDS / COTTONBUDS / COTTONBUDS MURAH,cotton buds
Shopee,Baby Cotton Bud 200 pcs / Korek Kuping Bayi,baby cotton bud
Shopee,[ PAKET HEMAT Isi 10 PCS ] Earplug Ultrafit Penutup Telinga HARMIT,earplug ultrafit
Shopee,Penutup Telinga/ Earplug 3M EAR Ultrafit 340-4002 Corded With Case ORIGINAL,3m ear ultrafit
Shopee,✿ELYSABETHME✿ Ear pick korek earpick kuping lampu LED pembersih telinga dengan lampu,elysabethme ear pick
Shopee,ASLI EAR CANDLE LILIN TERAPI TELINGA 10 PCS (5 PASANG) INDIAN TIPE TEROMPET,asli ear candle
Shopee,Korek Kuping Senter LED Electric / Alat Pembersih Telinga Elektrik / Earpick Flash Light LED,korek kuping senter
Shopee,Korek kuping lampu hardbox mica / flashlight earpick / korek kuping lampu set,korek kuping lampu
Shopee,KK5 - KOREK KUPING SENTER NYALA EARPICK FLASH LIGHT GROSIR RESELLER DROPSHIP TERMURAH SURABAYA,korek kuping
Shopee,Sikat Gigi Nano Pembersih Karang Gigi Sikat Gigi Serat Bulu Halus Sikat Gigi Dengan Tabung,sikat gigi
Shopee,UG Sikat Gigi 1 Paket Isi 10 Pcs Lembut,ug sikat gigi
Shopee,[Travel Size 20g] METOO MW-3 Advanced Whitening Tooth Paste 20g- pemutih gigi / Bebas Sensitif / Bebas Karang Gigi / Pasta Gigi Probiotik / Karang Gigi / Gusi Sensitif / Membersihkan Noda Gigi,metoo mw-3 tooth paste
Shopee,COD (PGN) Pasta Gigi NASA Anti Bacterial Pencegah gigi berlubang Obat Sakit Gigi Penghilang Bau Mulut,pasta gigi nasa
Shopee,Power O AO dental karet behel o ring / american ortho orthodontic usa braces ecer 1 pcs,power o ao dental karet behel
Shopee,MTZ Sikat Gigi Ciptadent Formula CPSK Halal Murah,mtz sikat gigi ciptadent
Shopee,"GROSIR ISI 1000 BUTIR Penambal gigi berlubang,gigi ompong,gigi patah,gigi bolong permanen kuat asli",penambal gigi
Shopee,Pepsodent Pasta Gigi Complete 8 Herbal 100gr,pepsodent pasta gigi
Shopee,Pepsodent Pasta Gigi SensitivExpert Whitening 100g,pepsodent pasta gigi
Shopee,Pepsodent Complete 8 Plus Whitening 75g,pepsodent complete 8 plus
Shopee,Pepsodent Kids Pasta Gigi Strawberry Twinpack,pepsodent kids pasta gigi
Shopee,ENZIM PASTA GIGI ANAK 42GR - 63GR | TnT Beauty Shop,enzim pasta gigi anak
Shopee,Ciptadent Pasta Gigi Series | Ciptadent Toothpaste Series | TnT Beauty Shop,ciptadent pasta gigi
Shopee,Siwak Miswak Sunnah plus holder|Siwak Miswak,siwak miswak sunnah
Shopee,[MURAH BGT] METOO PASTA GIGI MW3- BPOM-Probiotics-pemutih gigi / Bebas Sensitif / Bebas Karang Gigi / Pasta Gigi Probiotik / Karang Gigi / Gusi Sensitif / Membersihkan Noda Gigi- METOO MW-3 Advanced Whitening Tooth Paste 100 gr,metoo pasta gigi
Shopee,BRACKET AMPLOP,bracket amplop
Shopee,Colgate Optic White Purple - Pasta Gigi Pemutih,colgate optic white pasta gigi
Shopee,1 SET ISI 3 PLASTIK STERIL - ALAT PEMBERSIH KARANG GIGI PLAK AMPUH - Dental Instrument Hook Pinset Kaca Mulut Cermin Gigi Sonde Set Kit Mini Disposable - Ampuh Rontokin Perontok Penghilang Kikir Scaling Scaler Dental Tartar Gigi - BEHELLDENTAL,beheldental alat pembersih karang gigi
Shopee,Siwak/Miswak Al Khair Reguler ORIGINAL Made In Pakistan,siwak al khair
Shopee,Tambal Gigi Ompong Sementara – Solusi Gigi Bolong Instant – Isi 300 & 500 Butir,tambal gigi ompong
Shopee,Siwak Al Khair Kecil+ Holder Miswak Asli Organik Kayu Zaitun- Penghilang Bau Mulut & Pemutih Gigi,siwak al khair kayu zaitun
Shopee,Dental power chain short meteran per meter 30cm 15 feet karet sambung rantai ortho behel penarik tarik merapatkan gigi ALICE DENTAL ALICEDENTAL,dental power chain
Shopee,Temptooth Penambal Gigi 1000 Butir - Temptooth Gigi Palsu Buatan - Temptooth Temporary Tooth Repair,temptooth gigi palsu
Shopee,PEACH - Sikat Gigi Dewasa 10 in 1 / Sikat Gigi Bulu Lembut / Sikat Gigi Bulu Halus Murah Produk Impor H5463,peach sikat gigi
Shopee,Pepsodent Pasta Gigi Pencegah Gigi Berlubang 225g Value Pack,pepsodent pasta gigi
Shopee,Power O Karet behel elastis ortho satuan,power o karet
Shopee,Niti round Archwire Elastis Ortho kawat behel 1 set isi 10 pcs,niti round archwire elastis
Shopee,Pepsodent Pasta Gigi Pencegah Gigi Berlubang Fresh Cool Mint 190 gr,pepsodent pasta gigi
Shopee,Bracket amplop,amplop
Shopee,Whitening Toothpaste Pasta Gigi Probiotik SP-4 Gigi putih Pasta gigi whitening - Pasta Gigi SP4,whitening toothpaste pasta gigi probiotik
Shopee,MATCHA PASTA GIGI NASA - ODOL NASA,matcha pasta gigi nasa
Shopee,Paket Sabun Hotel-Pasta Gigi-2 Sikat Gigi Lengkap,sabun pasta gigi
Shopee,Listerine Multi Protect Zero 250ml,listerine multi protect
Shopee,Karet power O biasa ECER isi 10 biji,karet power o
Shopee,Ciptadent 75gr Paket Hemat isi 6pcs Termurah,ciptadent
Shopee,Dental Silk Braided Benang Suturing Jarum + Benang Steril,dental silk braided benang suturing jarum
Shopee,Ciptadent Pasta Gigi Maxi 12 Fresh Mint Tube 120 gr,ciptadent pasta gigi
Shopee,A14 Sikat gigi Formula,sikat gigi formula
Shopee,Pepsodent Sikat Gigi Lipat Travel,pepsodent sikat gigi
Shopee,Ciptadent Sikat Gigi Crystal Clean Soft Kotak Isi 3 Pcs,ciplat sikat gigi crystal clean
Shopee,ORI SIKAT GIGI NANO TECH - Tooth Brush Jepang sensitif bulu lembut Extra soft bisa untuk sikat behel ortho brush,ori sikat gigi nano tech
Shopee,Ciptadent Pasta Gigi Maxi 12 Cool Mint Tube 120 gr,ciptadent pasta gigi
Shopee,Systema Sikat Gigi Active Clean Soft Pack Isi 2 Pcs,sikat gigi active clean soft
Shopee,Pepsodent PASTA GIGI Pencegah Gigi Berlubang Anti-cavity Toothpaste dengan Double Kalsium 190G,pepsodent pasta gigi
Shopee,DENTAL KARET BEHEL POWER AO ORIGINAL AMERICAN ORTHO,dental karet behel
Shopee,Sensodyne Pasta Gigi 80 gr/100gr,sensodyne pasta gigi
Shopee,[TRIPLEPACK] Colgate Optic White Purple 100g - Pasta Gigi Pemutih (3pcs),colgate optic white
Shopee,Ciptadent Sikat Gigi Classic Regular Soft Pack Isi 3 Pcs,ciptadent sikat gigi
Shopee,Formula Extreme Clean sikat gigi 1 pack isi 4,formula extreme clean sikat gigi
Shopee,Careion Dental Floss - Benang Pembersih Gigi Isi 50 Pcs,careion dental floss
Shopee,Siwak Al Fazal / Ussunnah / Al Rak,siwak al fazal usunnah al rak
Shopee,Ciptadent Pasta Gigi Maxi 12 Fresh Mint Tube 120 gr x2,ciptadent pasta gigi
Shopee,Sensodyne Toothpaste Pasta Gigi Cegah Gigi Berlubang & Sensitif 60gr,sensodyne toothpaste pasta gigi
Shopee,Dental Sendok Cetak Gigi / Tray Impression,dental sendok cetak gigi
Shopee,SENSODYNE SENSITIVITY PROTECTION ALL VARIAN 100GR,sensodyne sensitivity protection
Shopee,1Set Isi 10Pcs Kawat Behel Niti Archwire Elastis Ortho,kawat behel
Shopee,Zact Tube 190 gr,zact tube
Shopee,SIKAT GIGI NANO FIBER MICRO / SIKAT GIGI BULU LEMBUT / SIKAT GIGI KHUSUS BEHEL / TOOTHBRUSH,sikat gigi
Shopee,ORIGINAL & PREMIUM Karet Behel Power O Motif Bulat Ring Untuk Bracket Permanen / Lepas Pasang PERPICS / Ligature Ties Behelldental Super Tebal Kuat Awet Aman dan Steril,karet behel power
Shopee,Colgate Toothpaste Optic White Plus Shine 100g,colgate optic white
Shopee,Sikat Gigi Bambu Bamboo Toothbrush Kayu Ramah Lingkungan Eco Friendly,sikat gigi bambu
Shopee,Systema Pasta Gigi Menthol Breeze Tube 190 gr,pasta gigi menthol breeze
Shopee,Power O AO per Pcs/ Karet Ortho Behel / Karet Ortho,karet ortho
Shopee,Siwak plus holder Mudah Dibawa atau sudah dengan tempatnya berbentuk pulpen | siwak miswak SUNNAH PLUS HOLDER,siwak plus holder
Shopee,Pepsodent Pasta Gigi Sweet Strawberry 45 gr x2,pepsodent pasta gigi
Shopee,Karet Behel Power O Lokal Ortodontik Isi 1 Stik,karet behel power
Shopee,Kotak Retainer Dental / Tempat Gigi Palsu Denture Box,kotak retainer dental
Shopee,Ciptadent Pasta Gigi Maxi 12 Cool Mint Tube Plus Jumbo 225 gr x3,ciptadent pasta gigi
Shopee,[BPOM] METOO PASTA GIGI MW3- BPOM- 100g*1/2/3 - pemutih gigi / Bebas Sensitif / Bebas Karang Gigi / Pasta Gigi Probiotik / Membersihkan Noda Gigi / Karang Gigi / Gusi Sensitif,metoo pasta gigi
Shopee,PASTA GIGI PEMUTIH CIPTADENT 30 GR DAN PEPSODENT 25 GR,ciptadent pepsodent
Shopee,Med+ Dental Floss / Tusuk Gigi 1 Pack 50 Pcs / Benang Gigi 2 in 1 / Pembersih Sela Gigi / Toothpick,dental floss
Shopee,Pepsodent Pasta Gigi Pencegah Gigi Berlubang 225g Value Pack,pepsodent pasta gigi
Shopee,HAYYLIFE Ultra Soft Sikat Gigi Serat Bulu Halus Dengan Cover Tabung Pelindung HL-BAA501,haylorife sikat gigi
Shopee,Pasta Gigi Nasa - Odol Herbal Nasa - PGN Nasa - Merontokkan Karang Gigi - Stokis NASA,nasa odol pasta gigi
Shopee,Karet Behel Power O Creative Per Biji,karet behel power
Shopee,1 set isi 3 pcs alat pemeriksaan standar gigi kaca mulut pinset sonde 3in1,alat pemeriksaan gigi
Shopee,Wire Kawat Niti Wire Lentur Behel Perawatan Gigi Ortho Behel Murah 012 014 016 018 020,wire kawat niti wire
Shopee,Gigi Palsu Temptooth isi 1.000 butir / Lem Tambal Gigi patah dan Berlubang,temptooth gigi palsu
Shopee,Colgate Toothpaste Optic White Purple 100g,colgate optic white
Shopee,(PGN) Pasta Gigi Nasa - Pasta Gigi Membantu Menghilangkan Karang Gigi - Rumah Cantikkk,pasta gigi nasa
Shopee,BUCCAL TUBE FDA HIGH QUALITY PENGUNCI BEHEL BRACKET KAWAT GIGI GERAHAM M1 M2 ROTH BUCAL - DENTAL ORTHO ORIGINAL - First Molar Second Molar Band Bands,buccal tube pengunci behel kawat gigi geraham
Shopee,Pepsodent Pasta Gigi Pencegah Gigi Berlubang 225G Value Pack x12,pepsodent pasta gigi
Shopee,BETADINE MOUTHWASH & GARGLE Obat Kumur Antiseptik 100ml,betadine mouthwash
Shopee,Enzim Pasta Gigi Anak-Anak Strawberry Flavour 42 gr,enzim pasta gigi anak-anak
Shopee,Siwak Basah Al KHAIR PREMIUM JUMBO HOLDER Premium Asli Arab Sunnah Gigi Menjaga Kesehatan Mulut,siwak basah al khair
Shopee,TER MURAH !! 600 BUTIR TEMPTOOTH GIGI PALSU SEMENTARA PENAMBAL GIGI PATAH RENGGANG / TEMTOOTH / BAHAN TAMBAL GIGI BOLONG BERLUBANG / TEMPORARY TOOTH INSTAN PRAKTIS / TEMPTOOTH GINGSUL PATAH LEM ORIGINAL ISI 600 / 500 / 400 / 300 / 200 / 100 BUTIR,temptooth
Shopee,Paket Hemat 3 pcs Ciptadent 75 gram,ciptadent
Shopee,Pepsodent Pasta Gigi Siwak & Mint 150+25 g,pepsodent pasta gigi
Shopee,PEMBUKA MULUT/WARNA BIRU,pembuka mulut
Shopee,Power O Karet Behel,power o karet
Shopee,SIWAK Premium AL FAZAL Berkualitas Bagus Basah Untuk Kesehatan Gigi Mulut Sunnah Nabi bersiwak,siwak premium
Shopee,Interdental Brush / Sikat Gigi Behel / Sikat Sela Kawat Gigi,interdental brush
Shopee,"[CLEARANCE SALE] Go Smile Bad Breath Go Away Mouthspray Peach - Mouth Spray Mulut Fresh untuk Menghilangkan Bau Mulut Penyegar Mulut Parfum Mulut | Mulut Segar Instan | Probiotik, Rasa Peach, Bebas Gula [BPOM}",go smile mouth spray
Shopee,Sikat gigi ortho behel dengan tutup BONUS INTERDENTAL BRUSH orthodontic tooth brush dr smith dr smile tengah cekung v trim,ortho behel tooth brush
Shopee,Pepsodent Pasta Gigi Complete 8 Charcoal Whitening 160G,pepsodent pasta gigi
Shopee,Colgate Super Flexi Charcoal Soft Toothbrush - Sikat Gigi (3pcs),colgate super flexi charcoal soft toothbrush
Shopee,HIGH QUALITY AMERICAN ORTHODONTICS SUPER TEBAL POWER O Ori Behelldental - Karet Pehel Motif ORTHO USA Premium Ligature Ties - Motif Ring Bulat Orthodontic Rubber Braces - Bracket Kawat Gigi Orthodontics ORIGINAL - ISI 1Pcs,ortho usa premium ligature ties
Shopee,pasta gigi pepsodent/formula/delident/ciptadent 25-30g (10pcs),pepsodent
Shopee,"(SKR) Sikat Gigi Behel , Sikat Sela Kawat Gigi",skat gigi
Shopee,Dental Kit Hotel Super Jet Opp ( Isi 10 Pcs ),dental kit hotel
Shopee,[BPOM]METOO MW-3 2*100g - pemutih gigi / Bebas Sensitif / Bebas Karang Gigi / Pasta Gigi Probiotik / Karang Gigi / Gusi Sensitif / Membersihkan Noda Gigi,metoo mw-3 pasta gigi
Shopee,Dental bur prophy brush polishing brush flat nylon profilaksis prophylaxis after scaling scalling skeling poles gigi nilon kecil ALICE DENTAL ALICEDENTAL,dental bur prophy brush polishing brush
Shopee,Ciptadent Pasta Gigi Maxi 12 Cool Mint Tube 190 gr x2,ciptadent pasta gigi
Shopee,Penambal Gigi 250 Butir - Temptooth Gigi Palsu 250 Butir - Temporary Tooth Repair Kit Denture Teeth,temptooth gigi palsu
Shopee,500 Butir Temptooth Penutup Gigi Berlubang Penambal Gigi Palsu - Penambal Gigi Ompong Berlubang,temptooth penutup gigi
Shopee,PENAMBAL GIGI BERLUBANG 50 BUTIR / TEMPTOOTH / GIGI PALSU / LEM GIGI PADAT / LEM GIGI BERLUBANG,penambal gigi
Shopee,Sikat Gigi Behel BONUS INTERDENTAL BRUSH Ortho V PREMIUM Dengan Tutup LURUS bisa di BENGKOK in - BRUSH Orthodontic Tooth Brush Dr Smith Dr Smile Tengah Cekung V Trim - Sikat Sela Celah Tusuk Penghilang Plak Gigi - Toothbrush Ortho Behelldental,sikat gigi behel
Shopee,Oral-B Sikat Gigi Toothbrush 123 Medium 3s [P&G],oral b sikat gigi
Shopee,Pepsodent Pasta Gigi Sweet Strawberry 45 gr x3,pepsodent pasta gigi
Shopee,Pepsodent Sikat Gigi Nanosoft Clean Isi 3,error
Shopee,TEBAL KUAT KARET BEHEL POWER CHAIN AO USA TEBAL 1 ROLL / 1 Gulung Panjang Meter / Rantai Tarik Sambung Rubber Band Bracket Braces Kawat Gigi / Ligature Ties Tie Dental Orthodontic / Ortho Gigi 1 Gulungan atau Rol / Kawat Braces Behelldental,tebal karet behel power chain
Shopee,Click Natural Toothpaste Whitening + All Out Protection - Pasta Gigi Pemutih,click natural toothpaste
Shopee,BETADINE MOUTHWASH & GARGLE Obat Kumur Antiseptik 190ml,betadine mouthwash
Shopee,PEMUTIH GIGI TEETH WHITENING BREYLEE DAN ACTIVED CHARCOAL POWDER ORIGINAL,pemutih gigi
Shopee,Dental alat standar plastik STERIL STERILE alat pembersih karang gigi alat periksa gigi disposable kacamulut plastik sonde halfmoon pinset kaca mulut alat standart baksos ALICE DENTAL ALICEDENTAL,dental alat pembersih karang gigi
Shopee,Dental Kit Hotel | 1 Sikat Gigi + 1 Pasta Gigi Cool Up 6gr Isi 500 set,dental kit
Shopee,Olaif Dental Ultra Floss Toothpick (50pcs) - Classic Floss Toothpick - Tusuk Gigi Benang Gigi / Dental Floss,dental ultra floss
Shopee,Ciptadent Sikat Gigi Crystal Clean Soft Kotak Isi 3 Pcs x3,ciplat sikat gigi crystal clean
Shopee,Holder siwak | Tempat Siwak Berbentuk Pulpen | di Jual Hanya holdernya saja,holder siwak
Shopee,[BPOM] METOO MW-3 Advanced whitening ToothPaste - pemutih gigi / Bebas Karang Gigi /Pasta Gigi Probiotik / Karang Gigi,metoo mw-3 toothpaste
Shopee,ORIGINAL 1 Pack Isi 10 Pics KAWAT NITI BEHEL PERMANEN ORI - Super Elastis Arcwire Dental Ortho Wire Braces Bracket Gigi 012 0.12 014 0.14 016 0.16 018 0.18 Upper Lower Atas Bawah - BEHELDENTAL,kawat niti behel
Shopee,Sikat Gigi Hotel TERMURAH,sikat gigi
Shopee,Sikat Gigi Hotel Set Odol Formula 5gr BPOM,sikat gigi odol
Shopee,Olaif Dental Pro Clean Toothbrush (Soft / Medium) - Sikat Gigi / Gosok Gigi,olaif dental pro clean toothbrush
Shopee,Sikat Gigi Anak Bentuk U Bahan Silikon / Training Toothbrush / Tooth Brush Baby Silicon type U 360° Sikat gigi anak bentuk U lembut training toothbrush,sikat gigi anak
Shopee,Sikat Gigi Hotel Bulu Halus + Odol,sikat gigi hotel bulu halus odol
Shopee,TERMURAH !! 1000 BUTIR TEMPTOOTH GIGI PALSU SEMENTARA PENAMBAL GIGI PATAH RENGGANG / TEMTOOTH / BAHAN TAMBAL GIGI BOLONG BERLUBANG / TEMPORARY TOOTH INSTAN PRAKTIS / TEMPTOOTH GINGSUL PATAH LEM TIRUAN MURAH ORIGINAL ISI 200 / 500 / 400 / 150 / 100 BUTIR,temptooth
Shopee,Power O / karet behel Dental ( kecil),power o karet behel
Shopee,Wax ortho wax dental wax anti sariawan wax behel fruit scent braces orthodontic behel lilin penutup kawat gigi pelindung gusi ALICE DENTAL ALICEDENTAL,wax ortho wax dental wax behel
Shopee,Power chain panjang 10cm Karet behel ortho,power chain
Shopee,Ciptadent Sikat Gigi Classic Double Action Soft Pack Isi 3 Pcs,ciplat sikat gigi
Shopee,Pasta Gigi NASA Original 100% Herbal Segar,pasta gigi nasa
Shopee,MeToo Mouthwash Fresh Mint 250ml/ nafas segar / menghilangkan bau mulut / kumur karang gigi / non-alkohol,me too mouthwash
Shopee,Close Up White Fresh Lemon Sea Salt 95gr,close up white lemon sea salt
Shopee,Oral-B Sikat Gigi All rounder Fresh Clean Black 3s,oral-b sikat gigi all rounder fresh clean
Shopee,Pepsodent Kids Pasta Gigi dan Sikat Gigi Anak Strawberry 45g,pepsodent kids pasta gigi
Shopee,Pepsodent Sikat Gigi Toothbrush Nanosoft Isi 3,pepsodent sikat gigi nanosoft
Shopee,( COD ) Termurah Karet Behel Ortho Power O Karet Behel Gigi Eceran,karet behel ortho power
Shopee,[MURAH BGT!!] METOO MW-3 Advanced Whitening Tooth Paste 100gr*3 + 1pcs Mouthwash 250ml + Tooth Brush*3 - BPOM Gigi Putih / Karang Gigi / Membersihkan Noda Gigi / Gigi Sensitif / Bau Mulut / non-alkohol,metoo mw-3 tooth paste
Shopee,Kawat Behel Fashion Warna Hitam Perpack Isi 5,kawat behel
Shopee,"[CLEARANCE SALE] Go Smile Bad Breath Go Away Mouthspray Mix Berries - Mouth Spray Mulut Fresh untuk Menghilangkan Bau Mulut Penyegar Mulut Parfum Mulut | Mulut Segar Instan | Probiotik, Rasa Buah, Bebas Gula [BPOM}",go smile mouth spray
Shopee,DARLIE Double Action Pasta Gigi 225 gr - Value Pack Isi 4 Pcs - (Variasi),darlie pasta gigi
Shopee,Close up Ever Fresh Toothpaste Anti Bacterial 160 g,ever fresh toothpaste
Shopee,UB SIKAT GIGI HOTEL THAKAMI + ODOL 6gram,ub sikat gigi thakami
Shopee,Power O AO Karet Behel Original American Orthodontic,power o ao karet behel
Shopee,Snap On Smile Gigi Palsu Silikon 1 Set Atas Bawah Praktis Awet - Perawatan Gigi Palsu Super Kuat,snap on smile gigi palsu silikon
Shopee,Skinlyfe - Penghilang Bau Mulut Pengharum Mulut Mouth Spray Penyegar Nafas Bau Pemutih Kuning BPOM,skinlyfe penghilang bau mulut
Shopee,Dental Nylon Polishing Brush Gigi Oral Polish Nilon,dental nylon polishing brush gigi oral polish nilon
Shopee,Pepsodent Complete 8 Plus Whitening Pasta Gigi Anti Bakteri Gigi Putih dalam 2 Minggu 180g,pepsodent complete 8 plus whitening pasta gigi
Shopee,Sikat sela gigi interdental brush / sikat gigi behel /sikat inter dental / sikat ortho,sikat gigi
Shopee,ORI SIKAT GIGI BEHEL DR SMITH CX3 - Tooth Brush Kawat Dental Ortho Bukan Travel - Toothbrush Penghilang Plak Bau Mulut BEHELLDENTAL ORIGINAL sikat gigi behel mirip Dr smith Dr.smith,sikat gigi behel
Shopee,Karet Behel Power O Satuan Warna Beragam,karet behel power
Shopee,ORI BEST QUALITY SIKAT GIGI BEHEL NANO TECH - Tooth Brush Jepang Nano Micro Bisa Untuk Gigi Sensitif - Bulu Lembut Extra Soft ortho brush - Interdental Tusuk Dental Floss Pembersih Plak Karang Sela Gigi - Behelldental,sikat gigi
Shopee,Temptooth Gigi Palsu Sementara Awet Tahan Lama 100 Butir - Penambal Gigi Butir Bahan Plastik Resin,temptooth gigi palsu
Shopee,Gentian Violet 1% 10ml Onemed Gentian Violet Onemed 10ml,gentian violet
Shopee,Kotak retainer behel kotak retainer gigi Denture box kotak prothesa protesa kotak gigi palsu tempat retainer behel ortho case mouth guard lubang ALICE DENTAL ALICEDENTAL,kotak retainer behel
Shopee,100 Pcs BOX PREMIUM - TUSUK GIGI 2 SISI BEHEL PREMIUM PUTIH PINK HIJAU BIRU ORENS KUNING - Dental Floss Pembersih Sela Celah Ortho Kawat Bracket - Tooth Brush Interdental Pick Picks Plastik - Sikat m Behel Anti Penghilang Plak Karang Gigi - Behelldental,tusuk gigi
Shopee,Karet elastik gigi ortho behel dental rubber band elastis karet elastic oz kawat gigi renggang braces karet behel penutup gigi renggang penarik gigi alice dental alicedental,karet elastik
Shopee,Pepsodent PASTA GIGI Pencegah Gigi Berlubang Anti-cavity Toothpaste dengan Double Kalsium 225G x4,pepsodent pasta gigi
Shopee,Ciptadent Sikat Gigi Extra Clean Soft Kotak Isi 3 Pcs x2,ciptadent sikat gigi extra clean
Shopee,MeToo Mouthwash Cool Mint 250ml+100ml/ nafas segar / menghilangkan bau mulut / kumur karang gigi / non-alkohol,meetoo mouthwash
Shopee,Pasta Gigi Odol Hotel Delident 6 Gram BPOM,pasta gigi odol
Shopee,paket amenites A ( isi 50 set ),paket amenites
Shopee,ORI ALAT PEMBUKA MULUT BENTUK C INTRAORAL BIRU CHEEK RETRACTOR PENYANGGA RAHANG GIGI BEHEL MOUTH GAG // Bisa Untuk Anak Dewasa // Elastis Size M L S // Mouth Gate // Mouthgate Original Behelldental,ori alat pembuka mulut
Shopee,Paket 2 sikat gigi hotel-pasta gigi,sikat gigi hotel pasta gigi
Shopee,[Bisa COD] Karet power o creative /karet behel lepas pasang/karet behel permanen,karet power
Shopee,Pepsodent Toothpaste Pasta Gigi Complete 8 Plus Whitening 180 g x2,pepsodent toothpaste pasta gigi complete
Shopee,"Pasta Gigi Bamboo Charcoal Herbal Pafex Coigore – Odol Pemutih Gigi, Hilangkan Bau Mulut, Nafas Segar, Anti Plak, Aman Harian",pasta gigi bamboo charcoal herbal
Shopee,Airuidu CF500 Water Flosser 160ML Foldable Water Floss Gigi Oral Lrrigator Pembersih Gigi 3 Mode Pembilasan Tiga Kecepatan Pengisian USB Pembersih Karang Gigi,airuidu water floss
Shopee,Secret Clean Propolis Antiseptic Mouthwash 150ml Nafas Segar & Menghilangkan Bau Mulut,secret clean propolis mouthwash
Shopee,Unpa Cha-Cha Toothpaste Collection 100gr Korea Selatan,unpa cha cha toothpaste
Shopee,Pepsodent Pasta Gigi Toothpaste Complete 8 Multi Protection Anti Bakteri 150 gr,pepsodent pasta gigi
Shopee,Sikat Gigi Kayu Bambu Premium Biodegradable / Bamboo Toothbrush Eco Friendly,sikat gigi bambu
Shopee,Behelldental INTERDENTAL BRUSH BEHEL HIGH QUALITY • Sikat Sela Sela Celah Gigi / Ortho brush dengan tutup - Tusuk Ortho Dental - Pembersih Penghilang Plak Karang Gigi orthodontic orthodontics,beheldental interdental brush
Shopee,Sensodyne Toothbrush Sikat Gigi Sensitif Bulu Sikat Lebih Halus dan Kepala Sikat Kecil Multi Action Soft 3s,sensodyne toothbrush
Shopee,TERMURAH ! 1000 BUTIR GIGI PALSU TEMPTOOTH PENAMBAL TAMBALAN GIGI PATAH RENGGANG TEMPORARY TOOTH TEMPTOOTH GINGSUL PATAH SEMENTARA - LEM GIGI TIRUAN DENTAL SOLID ORTHO - 200 BUTIR / 100 BUTIR / 600 BUTIR - BEHELLDENTAL ORIGINAL,temptooth gingsul
Shopee,Lem Gigi Palsu Patah 10 Ml Cepat Kering Kuat,lem gigi palsu
Shopee,Close up Ever Fresh Toothpaste Anti Bacterial 160 g x2,ever fresh toothpaste
Shopee,Colgate Optic White Whitening Toothpaste Exfoliating Mineral 100g - Pasta Gigi,colgate optic white
Shopee,ORI SONDE GAGANG PLASTIK UJUNG BESI U/ MELEPAS / MEMASANG KARET BEHEL / ALAT GANTI PASANG PEMASANG,sonde gagang plastik
Shopee,"COD / Solusi Masalah Bau Mulut, Pasta Gigi NASA / Penghilang Bau Mulut / Pasta Gigi",pasta gigi nasa
Shopee,Pepsodent PASTA GIGI Pencegah Gigi Berlubang Anti-cavity Toothpaste dengan Double Kalsium 225G x3,pepsodent pasta gigi
Shopee,Pasta Gigi Nasa - Odol Nasa - PGN Nasa - Membantu Merontokkan Karang Gigi - Grosirnasa,nasa odol pgn
Shopee,Niti Wire Super Elastic Kawat Ortho Behel Dental,niti wire
Shopee,[RX] Ciptadent Pasta Gigi Maxi 30 gr Pencegah Gigi Berlubang Wangi Menthol Segar,ciptadent pasta gigi
Shopee,BREYLEE HALAL Pemutih Gigi Teeth Whitening Powder 30g/55g - Mencerahkan Gigi Pemutih Gigi Parah Noda Kopi Rokok Serbuk Pemutih Gigi,breylee pemutih gigi
Shopee,[BBOSS] Snap On Smile Gigi Palsu 1 Set Buatan Praktis Awet - Perawatan Gigi Palsu Silikon Kuat Tahan,bboss snap on smile gigi palsu
Shopee,Pepsodent Pasta Gigi Complete 8 Center Fresh 160 g x2,pepsodent pasta gigi
Shopee,Karet Behel Power O Per Pak Isi 40 Stik 32 Warna Pilihan,karet behel power o
Shopee,Orthodontic kit dental ortho kit cleaning set travel travelling jaring paket sikat gigi behel kawat gigi lengkap orthokit ALICE DENTAL ALICEDENTAL,orthodontic kit dental ortho kit
Shopee,1 pcs Pasta Gigi Nasa - Odol Nasa - PGN /1 PCS/120GRM,nas pasta gigi
Shopee,Colgate Plax Mouthwash Freshmint 750ml - Obat Kumur,colgate plax mouthwash freshmint
Shopee,[BPOM]METOO MW-3 Advanced whitening Toothpaste 3*100g - Gigi Putih / Bebas Sensitif / Bebas Karang Gigi / Pasta Gigi Probiotik / Karang Gigi / Gusi Sensitif / Membersihkan Noda Gigi,metoo mw-3 toothpaste
Shopee,PASTA GIGI HOTEL AMENITIES COOL UP 6 GRAM BPOM MIIN 100 PCS,pasta gigi
Shopee,"paket amenities hotel hemat duohjlf (2sq,1odol,1sabun,1LF) 20pcs",paket amenities hotel
Shopee,Pasta Gigi COOLUP 6gram (100 Pcs),coolup pasta gigi
Shopee,1PACK ISI 10pcs ORI KAWAT NITI ARCHWIRE BEHEL PERMANEN ECER SATUAN • 0.12 0.14 0.16 0.18 SS WIRE ORTHO DENTAL,kawat niti archwire
Shopee,"Pasta Gigi NASA, Odol NASA, Odol Pemutih Gigi",pasta gigi nasa
Shopee,sikat gigi hotel halus set odol bpom / dental kit hotel super (50pcs),sikat gigi odol
Shopee,Sikat Gigi Hotel / Dental Kit / Amenities Set,sikat gigi
Shopee,Oral-B Sikat Gigi All Rounder 123 Clean Soft 3s,oral-b sikat gigi all rounder
Shopee,Sensodyne Toothpaste Pasta Gigi Sensitif Nafas Segar Fresh Mint 100gr,sensodyne toothpaste pasta gigi
Shopee,"paket sikat gigi hotel /amenities murah DUOHJLF (2sq,1odol,1sabun,1lf/zinc) 50pcs",duohjlf
Shopee,FUSE DX BIG 30A FLOSSER GERMANY- SEKRING TUSUK / TANCAP BESAR,fuse dx flosser
Shopee,karet power o per pak isi 40 biji,karet power o
Shopee,sikat gigi hotel set odol bpom bulu halus (super nm/hbm 100 pcs),sikat gigi odol
Shopee,50 PICS DENTAL FLOSS STICKS PICK PICKS BENANG GIGI / SIKAT SELA CELAH BEHEL BENANG GUARDIAN / Alat Pembersih Penghilang Plak Gigi dan Bau Mulut / Behel Ortho Behelldental Dental,pics dental floss sticks
Shopee,Sikat Gigi Dental Kit Hotel Crystal Kristal Sikat Putih Biru / Putih Hijau / Putih,sikat gigi dental kit hotel crystal kristal
Shopee,Sikat Gigi Hotel BPOM Murah 1000 Pcs Herbal Mint,sikat gigi herbal mint
Shopee,WAX ORTHO BEHEL Pencegah Sariawan Lilin Dental kawat gigi orthodontic gum untuk bracket buccal tube,wax ortho behel
Shopee,"paket mandi hotel murah DUOHJLF (2sq,1nm,1sabun,1Lf/zinc) 10pcs",paket mandi hotel
Shopee,Sensodyne Toothpaste Pasta Gigi Sensitif Repair & Protect Memperbaiki Secara Menyeluruh + Kesegaran Extra Fresh 100gr,sensodyne toothpaste pasta gigi
Shopee,Closeup Pasta Gigi Menthol Fresh Valuepack 2x160gr,closeup pasta gigi menthol
Shopee,Alice dental interdental brush sikat pembersih sela celah gigi ortho behel tusuk gigi tooth pick dental floss kawat gigi sikat sisir alis serat ALICEDENTAL,alice dental interdental brush
Shopee,Dental kit hotel / sikat gigi hotel halus super set odol (100pcs),dental kit odol
Shopee,BEHELLDENTAL ORIGINAL KACA MULUT CERMIN GIGI PLASTIK - Dental Mirror Alat Dokter Behel Dental Mouth Disposable - Alat Untuk Lihat Karang Plak Gigi Berlubang,behell dental mirror
Shopee,POWER O CREATIVE PREMIUM / KARET BEHEL BRACKET ORTHO TEBAL AFHAM DENTAL,power o karet behel bracket
Shopee,sikat gigi hotel standar 16cm set odol jpt/mini-NM/HBM 100 pcs,sikat gigi odol
Shopee,MeToo Volcanic Pumice Whitening Tooth Powder 50g+ Fresh Mint Mouthwash 100ml/ Travel Essential Set /Probiotik / nafas segar / menghilangkan bau mulut / kumur karang gigi / mengurangi noda pada gigi / non-alkohol,me too volcanic pumice whitening tooth powder
Shopee,dental kit / tooth kit hotel crystal/ sikat gigi hotel kristal set odol 100 pcs,tooth kit
Shopee,dental kit duo / sikat gigi hotel duo standar-super set odol (50pcs),dental kit duo odol
Shopee,Sikat Gigi Tooth Brush Amenities Dental Kit Hotel Putih / Biru / Hijau 15cm,sikat gigi
Shopee,Paracetamol Kaplet Kemasan Kaleng Expired Date 2029,paracetamol kaplet
Shopee,Bedak Salicyl Salisil 60 gram,bedak salicyl
Shopee,Medicated Oil Four Season SSA Untuk Meredakan Nyeri,medicated oil
Shopee,Kuku Bima Ener-G All Variant 1 Box 6 Sachet 4.5Gr,kuku bima energ all
Shopee,Serbuk PK (PeKa) 5gr - Obat Kulit Permanganas Kalicus,serbuk pka
Shopee,"GENTLY Mamacare Deodorant Brightening Serum | Menahan bau & keringat, dan Mencerahkan Ketiak I Non Aluminum",mamacare deodorant
Shopee,Botol Bulat 135 ml Putih,botol
Shopee,Mixagrip All Variasi Obat Flu Hijau Kuning,mixagrip
Shopee,"POLARIST® (Obat Alergi, Gatal, Eksim, Gigit Serangga, Musim)",polarist
Shopee,Daun Ketepeng Obat Tradisional Penyakit Kulit Gatal,daun ketepeng
Shopee,Oskadon Biru 1 Strip Isi 4 Tablet Pereda Nyeri,oskadon biru
Shopee,Paramex Sakit Kepala Strip Isi 4 Tablet Paracetamol,paramex sakit kepala paracetamol
Shopee,Paracetamol 500 mg Tablet First Medifarma (10 Tablet),paracetamol
Shopee,Pacetik 500 mg botol isi 100 kaplet Rasa Jeruk / Paracetamol,pacetik paracetamol
Shopee,[FS] NEW Face shield anak LIST KARAKTER,face shield anak
Shopee,Feminax 4 Tablet,feminax
Shopee,Paracetamol Kaplet 500mg Box 10 Strip 100 Kaplet,paracetamol
Shopee,Botol Kapsul Tutup List Gold / Silver,kapsul tutup list
Shopee,Kapsul Pinang Muda Herbal 100 Kapsul Halal,kapsul pinang muda herbal
Shopee,Komix Obat Batuk All Variant,komix obat batuk
Shopee,XPRESS ! Tera - F STRIP isi 10 Tablet Obat Batuk Pilek Panas Demam Sakit Kepala Pusing Flu Tera-F Tera-f Tera F Teraf Tera Ef Tera ep Terra,tera f strip
Shopee,Palu Sakti Kapsul Obat Sakit Gigi Dan Gusi Bengkak,palu sakti kapsul obat sakit gigi dan gusi bengkak
Shopee,BEDAK SALICYL TALK ADINDA SACHET 50 GR MENGURANGI GATAL AKIBAT BIANG KERINGAT DIJAMIN ORIGINAL,bedak salicyl
Shopee,Alat Garuk Punggung Stainless Stell Penggaruk Garukan Back Scratch Alat garuk bisa di stel serbaguna,alat garuk punggung
Shopee,HOLDER SIWAK Plastik Kosong I Wadah tempat siwak atau miswak higenis,siwak
Shopee,Bedak Herocyn Dewasa Ukuran 150 GR / 85 GR / 50 GR,bedak herocyn
Shopee,Underpad Perlak 60x90 Serbaguna Daya Serap Tinggi,underpad perlak
Shopee,CTM Botol 4mg Isi 100 Tablet,ctm
Shopee,[ISI 12 TABLET] CTM CITO 4MG / OBAT GATEL DAN ALERGI KULIT MAKANAN DINGIN CUACA UDARA / CETEME,ctm cito
Shopee,Botol Kapsul FS 85-100ml Tutup List Gold / Silver,kapsul fs
Shopee,Antimo Obat Mual | 1 Strip @ 10 Tablet,antimo obat mual
Shopee,XPRESS ! Calcifar Plus STRIP Vitamin Kalsium Tulang Anak / Dewasa Tablet Kaplet Kalcifar Calcivar Kalcivar Calsifar Kalsifar Calsivar Zs,kalsium
Shopee,Laxing Detoks Herbal Alami / Sembelit / Begah / Konstipasi susah BAB Halal 1 Blister @10 Kapsul,laxing detoks herbal
Shopee,Sleep Patch Neru Sleeping Melatonin Insomnia Bantu Susah Tidur Herbal Alami 30 pcs Koyo Plester,neru sleeping melatonin
Shopee,Magnetic Stirrer Bar 2cm 3cm 4cm Stirrer Bar 2 cm 3 cm 4 cm Tipe C,magnetic stirrer bar
Shopee,VITACIMIN Tablet Hisap - Vitamin Daya Tahan Tubuh,vitacimin vitamin
Shopee,Piercing Aftercare Spray Saline Solution / obat piercing / tindik,piercing aftercare spray
Shopee,Cetirizine box shamparindo,cetirizine
Shopee,Bodrex tablet isi 20,bodrex
Shopee,"dehista kplt (obat gatal,alergi,kaligata,biduran,cuaca,obat)",dehista kplt
Shopee,Komix Pereda Batuk Sachet 7ml Untuk Dewasa Dan Anak-Anak,komix pereda batuk
Shopee,Ultraflu Tablet 1 Lembar Untuk Gejala Flu Dan Batuk,ultraflu
Shopee,Panadol Biru 1 Lembar Isi 10 Paracetamol Nyeri Ringan,panadol biru
Shopee,BOX Paracetamol 500mg perbox PT TRIFA,paracetamol
Shopee,XPRESS ! STRIP DEMACOLIN TABLET Strip Isi 10 tablet Obat Batuk Pilek Flu Demakolin,demacolin strip
Shopee,Gentian Violet 10ml 24 Botol Anti Bakteri,gentian violet
Shopee,Golden Lohankuo / Premium Gold Monk Fruit Luo Han Kuo / Lo Han Guo Besar,lohankuo
Shopee,"SANMOL SYRUP 60 ml-Obat Demam, Panas Bayi dan Anak",sanmol syrup
Shopee,SLEEP EASY - Natural Deep Sleep Aid Aromatherapy Spray Restology 100ml,sleep easy
Shopee,Pacetik syrup 60ml,pacetik syrup
Shopee,paracetamol 500 mg kaleng isi 100 pabrik PIM/ triman pacetik CNZ,paracetamol
Shopee,Vicks VapoRub 10gr,vicks vaporub
Shopee,Lerzin Sirup 60ml Untuk Gatal Anak,lerzin sirup
Shopee,Daun sirsak segar | herbal anti kangker | herbal anti diabetes,daun sirsak
Shopee,KOYOK BAMBOO DETOX RACUN DALAM TUBUH MURAH (KINOKI),koyok bamboo detox racun
Shopee,RED Intimate Gel Fresh For Men PembesarP Original 50ml,red intimate gel
Shopee,Yekatria Antasida Doen Botol Isi 100 Tablet-Obat Maag,yekatria antasida
Shopee,(Tersedia Harga Grosir) Tanpa BOX Gang Qi / GangQi Korset / Sabuk Terapi Khusus Size 4XL,gang qi korset
Shopee,XPRESS ! Decolgen STRIP Obat Batuk Pilek Flu Dekolgen Tablet Zk,dekolgen strip
Shopee,SANMOL 500 mg isi 4 tablet - Obat Demam,sanmol
Shopee,Belerang Murni Bubuk 1kg Untuk Kulit Dan Tanah,belerang murni bubuk
Shopee,GENTLY Mamacare Intensive Stretch Marks Cream | Complex Hydrating Formula 5X Natural Soothing Agent | Skincare Ibu Hamil dan Menyusui Terdaftar BPOM | Cream untuk Menyamarkan Peregangan Kulit dan Membantu Melembapkan,mamacare intensive stretch marks cream
Shopee,"Daun Jambu Biji untuk Rambut Rontok, Diabetes, Demam Berdarah dll",daun jambu biji
Shopee,[ECER] Mesologica Needle 30G 32G 34g 4MM/13MM | Jarum Mesoneedle | Meso Skin Booster,mesologica needle
Shopee,OBAT CACING VERMORAN MEBENDAZOLE 500MG / MENGATASI CACINGAN YANG AMPUH,vermoran mebendazole
Shopee,JAMU CLENG MAREM CAP WAYANG ISI 6 GRAM,cleng marem
Shopee,Oralit 200 4.1 GRAM 1 SACHET,oralit
Shopee,5PCS Tongkat Pijat Stainless Steel Extendable Alat Garuk Punggung Stainless Extendable Alat Garuk Punggung Bisa Ditarik stainless tongkat panjang,tongkat pijat stainless steel
Shopee,HEROCYN Bedak Badan Tubuh Sejuk Pereda Gatal & Menyegarkan Kulit,herocyn bedak badan
Shopee,Minyak Mantun Mbah Mijan untuk Ambeyen / ambeien / wasir (Ori 100% isi 10ml),minyak mantun mbah mijan
Shopee,1 Strip Gigi Palsu Caiyu Anterior Atas | Gigi Depan Atas,caiyu anterior atas
Shopee,Ciplukan Kering kualitas terbaik daun akar buah cecendet kering,ciplukan kering
Shopee,XPRESS ! Paramex tablet Paramek Biru Hijau Nyeri Otot,paramex
Shopee,GARAM INGGRIS PENCAHAR CAP GAJAH,garam inggris pencahar cap gajah
Shopee,Botol kapsul FS 85 - 100 ml Tutup Polos,botol fs
Shopee,BERKA JSR dr Zaidul Akbar Minuman Kewanitaan - Pelancar Haid - PCOS - Nyeri Haid - 150gram,berka jsr
Shopee,Wing Needle 23/25/27 Kupu Kupu Arum Untuk Infus,wing needle kupu kupu arum
Shopee,XPRESS ! Neozep Forte STRIP Obat Batuk Pilek Flu Amplop Catch Cover Zk,neozep forte
Shopee,Tempra Sirup Rasa Anggur 30 ml,tempra sirup rasa anggur
Shopee,Degirol Hisap 0.25 mg 10 Tablet,degirrol hisap
Shopee,SANMOL STRIP ISI 4 TABLET Sebagai Penurun Demam,sanmol strip
Shopee,Decolgen Isi 4 Tablet - Obat Batuk Dan Flu,decolgen isi 4 tablet
Shopee,Neometor 100 tablet,neometor
Shopee,Maltofer Drops 30 ml,maltofer drops
Shopee,Intunal F Forte Kuning 1 Strip 4 Tablet,intunal f forte
Shopee,Combicitrine Obat Cacing Sirup 10 ML Rasa Jeruk,combicitrine obat cacing sirup
Shopee,Antimo Tablet 1 Lembar Untuk Mabuk Perjalanan,antimo mabuk
Shopee,"Sediment Cartridge Filter Dewater / Spun Putih Dewater 10 Inchi (25,5 cm) berfungsi menyaring benda-benda padat yang ada di dalam air, contohnya: Lumut, kerak, karat, pasir, lumpur, dan lain-lain",sediment cartridge filter
Shopee,Kalpanax Krim,kalpanax krim
Shopee,NUTRAHIS KAPLET / CeTeMe Obat Anti Alergi CTM 12 Kaplet,nutrahis kaplet
Shopee,MASKER DUCKBILL FACEMASK MOLANDI MIX WARNA ISI 50PCS-MASKER LARIS ISI 50PCS,masker duckbill facemask molandi mix
Shopee,Neo Ultraxon Obat Cacing 15ml Perbotol,neo ultraxon obat cacing
Shopee,XT Herba Oil Minyak Pijat Tahan Lama 10ml BPOM,xt herba oil
Shopee,Tempra Syrup Paracetamol Anak Rasa Anggur 30 ml,tempra paracetamol
Shopee,SleepFit - Herbal Sleep Patch - Melatonin - 12 Patch / Sachet,sleepfit patch melatonin
Shopee,paracetamol box pim TRIMAN,paracetamol
Shopee,Link Orderan Custom 1 (Ld/Lm/Ls) - Konfirmasi Dulu,ld lm ls
Shopee,XPRESS ! Diapet / Diapet NR / Diapet Anak / Jamu untuk mencret,xpress
Shopee,Bodrex Perbal Isi 12 Box @ 2 Strip @ 10 Tab,bodrex perbal
Shopee,XPRESS ! Promag Tablet Obat Maag Promak Promaag Kembung,promag
Shopee,SAFETY BOX 5 Liter Sampah Medis/Safetybox/Alkes/BioHazard/Kardus/5L/5Liter,safety box
Shopee,Maltofer Drops untuk Mencegah Anemia (30 ml),maltofer drops
Shopee,XPRESS ! Feminax Obat Nyeri Haid Feminak Menstruasi Mens Perut Pv,feminax
Shopee,Kartu Formulir Kms Anak Cetak Full Colour Tebal,kartu formulir kms anak cetak
Shopee,Karet elastik gigi ortho behel dental rubber band elastis karet elastic oz kawat gigi renggang eceran,karet elastik
Shopee,Microlax Gel Cepat Mengatasi Sembelit / Microlax Tablet / Microlax Herb / MicrolaxHerb / Pelancar Buang Air Besar,microlax
Shopee,SANMOL PARACETAMOL 500MG PER STRIP ISI 4 TABLET PEREDA NYERI DEMAM SAKIT BADAN MERIANG,sanmol paracetamol
Shopee,Bodrex Tablet (1box Isi 2strip @10tablet) - Obat Sakit Kepala / Demam,bodrex
Shopee,BORDIR NAMA Doctor’s Scrub / Set Baju Celana Jaga Perawat / Dokter,baju celana jaga perawat
Shopee,Microlax Gel 1 Tube 5 mL / Susah BAB / Sembelit / Pelancar Sulit BAB / Pencahar,microlax gel
Shopee,BELERANG MURNI BUBUK 1KG ASLI,belerang murni
Shopee,Paracetamol Erita 10 Kaplet Untuk Sakit Kepala Dan Demam,paracetamol erita
Shopee,Akar Alang Alang Kering Herbal 30gr Detox Ginjal,akar alang alang kering
Shopee,PIM-TRA-KOL Cherry-Lemon 60 ml / Pimtrakol-Obat Batuk Pilek Demam,pimtrakol
Shopee,Neo Napacin Eceran Tablet Meringankan Sesak Nafas,neo napacin
Shopee,PROMAG 10 TABLET 1 STRIP KUNYAH OBAT SAKIT MAAG DAN KEMBUNG PROMAAG TABLET MAG,promag tablet
Shopee,OBH Surya Itrasal 100 Ml - Obat Batuk Hitam Aman Anak Dewasa,obh itrasal
Shopee,Sarung Tangan Mediglove Latex Non Steril Lembut,mediglove latex
Shopee,Combantrin cair syirup 10ml,combantrin cair
Shopee,SANMOL TABLET BOX 25 LEMBAR,sanmol tablet
Shopee,R11 Mixagrip isi 4 per LEMBAR,mixagrip
Shopee,Blood Lancet Sekali Pakai isi 1pcs + Kasa Steril 16x16 Isi 10 | Drcare Official,blood lancet
Shopee,Konvermex 250 Kaplet Pyrantel Pamoate 250 mg,konvermex pyrantel
Shopee,Safe Care Minyak Angin Aromatherapy Refreshing Oil 10 mL,safe care minyak angin
Shopee,Sleep Patch 48pcs Corry Good Night Sleep Patch Plester Mulut Tidur Obat Tidur Ampuh Sleeping Patch Sleep Aid Patch Sticker Plester Bantu Tidur Anti Insomnia Sleep Patch Bantu Tidur Relieve Insomnia Muscle Tension Physical Fatigue Anxiety,sleep patch
Shopee,Polysilane Sirup/Suspensi 180 mL - Obat Maag dan Kembung,polysilane sirup
Shopee,Mylanta Cair 50 Ml Untuk Meredakan Asam Lambung,mylanta cair
Shopee,Minuman Cokelat Vmax obatsange khusus wanita obatperang sang wanita,cokelat vmax
Shopee,PROMAG SLOP isi 4 Kotak(120 tablet)- Obat Maag Tablet,promag slop
Shopee,Corry Good Night Sleep Patch - Koyo Sleep Patch Melatonin Bantu Tidur - Tidur Nyenyak - Anti Insomnia - Bangun Fresh,koyo sleep patch
Shopee,Sticker Koyo Penghangat Badan Hot Pack Koyo Warmer Heat Pack,koyo penghangat badan
Shopee,Swiss Paris Lotion Penghilang Tahi Lalat dan Kutil - Penghilang mata ikan - Swiss Paris Lotion,swiss paris lotion
Shopee,Gom glycerine per box isi 24 botol,gom glycerine
Shopee,POT URIN 10 CC / WADAH URIN / POT OBAT / POT SALEP / WADAH SALEP / POT PLASTIK 10 CC / POT CREAM,pot urin
Shopee,Obat Haid Kista Miom Keputihan Benjolan Miss V Gatal Bau Turun Peranakan Sakit Perut Bawah Turun Rahim Sakit Pinggul Sehat Wanita Original Herbal Alami Bpom Halal Mui obattelat datang bulan paling ampuh NAMUN SETIAP ORANG HASILNYA BERBEDA,obat haid
Shopee,RAHASIA DIJAMIN AMAN Kondom SUTRA 003 Super Tipis Nyaman Kuat Extra Lubrikasi 1Box Isi 2 Pcs,kondom sutra
Shopee,Angong Niuhuang Wan Original Obat Stroke Angkung Herbal Cina Original,angong niuhuang wan
Shopee,Pispot Plastik Pipis Dewasa Tempat Urine Pria Dengan Tutup Laki Laki Pria Wanita Urinal,pispot plastik pipis
Shopee,XPRESS ! 10 tablet Degirol Tablet Hisap Troches - Permen Sakit Tenggorokan FG,degirol tablet hisap troches
Shopee,1STRIP ENERVON ACTIVE STRIP ISI 4 TABLET ENERVON C ACTIVE ENERVON-C ACTIVE MULTIVITAMIN,enervon c active multivitamin
Shopee,OBH Nellco Special PE Sirup 100 ml,nellco sirup
Shopee,Antimo Strip 10 Tablet,antimo strip
Shopee,(MUTIARA ALKES)ECERAN 1pcs - Jarum Insulin / Needle BD Ultra Fine Hijau / Micro Fine Ungu/ Pen Needle ONEHEALTH,jarum insulin
Shopee,Microlax Gel - Box isi 3 Tube @ 5 mL Atasi Sembelit (Susah BAB),microlax gel
Shopee,Safe Care Minyak Angin Aromatherapy Refreshing Oil 30 ML,safe care minyak angin
Shopee,Mouthpiece alcoscan Al 6000 original,mouthpiece
Shopee,Red Gel Minyak Pijat Intimate Gel For Men 50ml,red gel minyak pijat
Shopee,Promag Tablet Kunyah 1 Box Isi 3 Lembar,promag tablet kunyah
Shopee,Blood Lancet 28G Isi 1pcs + Safeglove Nitrile | Perlengkapan Medis Drcare,blood lancet
Shopee,PROMAG 1 STRIP OBAT ASAM LAMBUNG & GERD .,promag
Shopee,Oneswabs Swab Tissue Steril,tisu steril
Shopee,Tempra Drops Syrup Paracetamol Anak (0-2 Tahun) Rasa Anggur 15 ml,tempra drops paracetamol
Shopee,Face Shield Kacamata Nagita 002 Faceshield Pelindung Wajah - TANPA BOX,face shield kacamata nagita faceshield
Shopee,Hufagrip Hufagripp All Variant Flu Batuk Pilek BP Demam / H Booster,hufagrip
Shopee,Paramex isi 4 Tablet - Obat Sakit Kepala,paramex
Shopee,Tong Spatel Kayu / Wooden Tongue Depressor / Spatel Kayu isi 50 pcs,tong spatel kayu
Shopee,Lintah Alam 100% Asli alam. lintah sudah di sterilisasi Lintah ukuran kecil agak besar cocok untuk terapi. silahkan di order kak minimal pembelian 20 ekor yah kak. terimakasih,lintah alam
Shopee,Nylon polishing brush sikat pemoles nilon,nylon polishing brush
Shopee,Obat Kutil Kelamin - GOPILOMA & GOLUKA ASLI - Kutil di Kemaluan Langsung Rontok Hanya Sekali Oles,gopiloma goluka
Shopee,LECOZINC Tablet Ifars STRIP isi 10 Zinc Sulfate Obat Diare HALAL MUI,lecozinc
Shopee,Cetak Etiket Label Obat Stiker Sirup / Etiket Obat Resep Apotek,"maaf, saya tidak dapat membantu dengan permintaan tersebut."
Shopee,VERMINT 12 KAPSUL - KAPSUL CACING VERMINT | Lumbriminfit,vermint cacing
Shopee,NEO NAPACIN KEMASAN BARU BOX,napacin
Shopee,Tempra Syrup Rasa Anggur 60 ml - Meredakan Demam Anak,tempra syrup rasa anggur
Shopee,"Obat Herbal Sipilis, Gonore, Kutil Kelamin, Kencing Nanah, Klamydia - Ampuh Triganos Bharata",triganos bharata
Shopee,Daun Sirih Segar [Harga Perlembar],daun sirih
Shopee,"KURMAQU GMJ Ekstrak Sari Kurma, Gamat, Madu, Jahe Isi 350gr Sudah BPOM & Halal MUI 100% Original Bergaransi",kurmaqu ekstrak sari kurma gamat madu jahe
Shopee,(Tersedia Harga Grosir) Tanpa BOX Gang Qi / GangQi Korset / Sabuk Terapi,gang qi korset
Shopee,Obat Batuk Cap Ibu & Anak Sirup 300 ml,obat batuk sirup
Shopee,KOYO KAKI PENYERAP RACUN BAMBOO GOLD ORIGINAL DETOX FOOT,koyo kaki penyerap racun bamboo
Shopee,Stiker Lasa | Stiker High Alert | Stiker Obat Keras Psikotropika | Stiker Obat Bebas | Stiker Obat Bebas Terbatas Dia. 1 cm,stiker lasa
Shopee,OSKADON SP 4 TABLET OBAT PEREDA NYERI OTOT OSKADON OTOT,oskadon otot
Shopee,Daun Binahong Segar Asli Original Untuk Kesehatan,daun binahong
Shopee,Etiket sirup obat stiker 150pcs,sirup obat
Shopee,MURAH / DAUN KARET KEBO SEGAR PER LEMBAR / KARET KEBO / HERBAL / STROKE / DARAH TINGGI,daun karet kebo
Shopee,PROSTANIX Asli Obat Prostat Original Herbal Alami Tanpa Efek Samping,prostanix
Shopee,Combantrin Obat Cacing Cair Syrup Sirup 10 ml,combantrin obat cacing
Shopee,Resida Penganti Kaplanax Cair,resida penganti kaplanax cair
Shopee,DIAPET 10 KAPSUL KAPSUL UNTUK MENCRET BUANG AIR BESAR MULAS FESES,kapsul untuk mencecret
Shopee,Antacida doen box,antacida
Shopee,Teh Bajakah Kalimantan Kualitas Terbaik 100% Asli Bajakah kalalwit isi 30 pcs,bajakah kalalwit
Shopee,"specimen collection swab / orofaring / naso swab tenggorokan, mulut",swab orofaring naso swab
Shopee,Bodrex 20 Tablet Lapis Dua Bode Paracetamol Caffeine Sakit Kepala Demam Sakit Gigi BODREX 20TAB,bodrex
Shopee,Lunafore Sleep Patch Sticker 18 Pcs - Sleep Patch Koyo Tidur Melatonin Bantu Insomnia Tidur Nyenyak,lunafore sleep patch
Shopee,Fufang Ejiao Jiang Asli Original SSA Efektif Dan Aman,fufang ejiao jiang
Shopee,XT Spray Balur Minyak Pijat Oba Kuat Pria Tahan Lama Mengatasi Pria lemah Tanpa Kebas Original BPOM 10ml,xt spray balur minyak pijat oba kuat
Shopee,Vermint Kecil Isi 12 Kapsul Cacing Ekstrak Lumbricus Rubellus,vermint kecil cacing ekstrak lumbricus rubellus
Shopee,Vitamin b complex pim isi 100 kaplet,vitamin b complex
Shopee,"ETIKET SYRUP - ETIKET, LABEL STICKER - LABEL SYRUP","etiket syrup
 label sticker
 label syrup"
Shopee,Pil anti pelakor asli kalimantan / jamu herbal wanita anti pelakor /pil keset rapet,"pil anti pelakor
 jamu herbal wanita anti pelakor
 pil kes"
Shopee,KOYO KAKI PENYERAP RACUN BAMBOO GOLD ORIGINAL DETOX FOOT (ISI SEPASANG),koyo kaki penyerap racun bamboo
Shopee,PLASTIK KRESEK SABLON MURAH - CUSTOM NAMA - PLASTIK DOKTER - PLASTIK BIDAN - PLASTIK KLINIK - MINIMAL 1000 LEMBAR,plastik kresek sablon
Shopee,Paket Terapi K-MURICATA & MAZON B 100% Original Asli,k muricata & mazon
Shopee,FIXME + Flu Batuk Melegakan Pernapasan + Kemasan 80-120-330gr - Rekomendasi dr. Zaidul Akbar,flu batuk melegakan pernapasan
Shopee,[BIG SALE] Daun Sirih Merah Segar Per Lembar / Suruh Wulung / Anti Kangker / Ambeien / Diabetes,daun sirih merah
Shopee,Microlax Gel 1tube dan 3 tube / Cepat Mengatasi Sembelit/MIcrolax/Susah BAB/Konstipasi,microlax
Shopee,TERMURAH ETIKET SYRUP (Minimal 500 pcs)-STICKER - STICKER SYRUP - ETIKET - ETIKET SIRUP - LABEL - LABEL SYRUP - LABEL DOKTER BIDAN KLINIK APOTEK,etiket sirup
Shopee,Promag,promag
Shopee,DULCOLAX BISACODYL 5MG 10 TABLETS MENGATASI KONSTIPASI DULCOLAK PENCAHAR,dulcolax bisacodyl
Shopee,Obat Batuk Mixadin Untuk Flu Dan Alergi,mixadin
Shopee,"HARGA PERLEMBAR BUKAN PERBUNGKUS YA, Armpit Pad Pembalut Ketiak Anti Ketiak Basah Penyerap Keringat tipis",armpit pad pembalut ketiak anti ketiak
Shopee,ANTIMO ( OBAT ANTI MABUK / MUNTAH ),antimo
Shopee,Pil Galian Rapet Medunten,pil galian rapet
Shopee,Cetak Kartu Rekam Medis / Medical Record Card / Kartu Riwayat Pasien,"maaf, saya tidak dapat membantu anda dalam mencetak kartu rekam medis atau kart"
Shopee,OBAT CINA UNTUK MATA MINUS (Asli),obat cina mata minus
Shopee,Buccal Tube ROTH M1 & M2 FDA / BUCCALTUBE / BUCCAL CUP,buccal tube roth
Shopee,Organik 100% fresh daun sirih hijau segar petik langsung dari kebun,daun sirih
Shopee,COLOCASIA ASLI ORIGINAL OBAT ANTI SENDI TERBAIK DIJAMIN KHASIATNYA MANJUR TOPCER,colocasia asli
Shopee,OBAT CINA UNTUK TULANG DAN NYERI SENDI (Asli),obat cina
Shopee,[ECER] Needle 32G 4mm/13mm 34G 4mm | Jarum Mesoneedle | Meso Skin Booster,mesoneedle
Shopee,PIM-TRA-KOL Syrup Batuk Pilek Rasa Lemon & Cherry,pim-tra-kol syrup batuk pilek
Shopee,Obat Penghilang Bekas Luka Operasi - Obat Anti Nyeri Pasca Operasi Caesar | Channamax Bharata Original,channamax bharata
Shopee,Sarung Tangan SAFEGLOVE Nitrile Latex Karet Medis,safeglove nitrile latex karet medis
Shopee,MASKER KN95 WARNA WARNI ISI 10 PCS MASKER KN 95 5PLY HIGHT QUALITY,masker kn95
Shopee,OBAT HIPERTENSI DARAH TINGGI ORIGINAL CINA HERBAL (Asli),obat hipertensi darah tinggi
Shopee,Vitamin C 1000 Mg Sidomuncul (Memelihara Daya Tahan Tubuh),vitamin c sidomuncul
Shopee,HE HONG HUA 10GR HE HUNG HUA Saffron Teh Bunga Safflower saflower,he hong hua saffron
Shopee,Obat Luka Sipilis Luka Kelamin Luka Pasca Operasi Luka Bakar Kecelakaan PALING AMPUH Goluka ASLI,goluka
Shopee,MASKER KF94 KF MOUSON PUTIH HITAM ABU 4PLY PACK ISI 10PCS | MASKER KF94 CAREION BLACK WHITE GREY | MASKER MOUSON KF94 WARNA 4PLY HITAM PUTIH ABU GREY EMBOSS | MASKER KOREA 4PLY PACK ISI 10 PACK ISI 10,masker kf94 mouson
Shopee,Muzoral krim isi 5 gr,muzoral krim
Shopee,Xpress ! Ecer Komix Kid Anak Kids Obat Batuk Sachet Sirup Cair,komix kid
Shopee,Panadol Tablet - Pereda Nyeri & Penurun Demam,panadol
Shopee,Daun sirsak / sirsat segar,daun sirsak
Shopee,Belerang bubuk murni powder halus /sulfur murni 100 Mjsr,belerang bubuk
Shopee,OLESIN ID ORIGIN4L 100% DISTRIBUTOR OLESIN ID ORIGINAL MINYAK GINSENG OBAT BENJOLAN,olesin id original minyak ginseng
Shopee,Dulcolax Tablet Harga Strip Isi 10 Tablet,dulcolax
Shopee,(Tersedia Harga Grosir) Jarum Akupuntur DongBang 25x25 mm 1 Cun / DB 0.25x25 Original 1 box isi 100 pcs / Dong Bang Murah,jarum akupuntur
Shopee,Pospack Simple Alcare 15041 Kantong Kolostomi Colostomy Bag,pospack simple alcare kantong kolostomi
Shopee,GOM Aktivator Slime 10 Ml Isi 24 Pcs,gom aktivator slime
Shopee,Vitamin C 1000mg Sidomuncul Original rasa Orange,vitamin c
Shopee,AKSI AKSIQUO PROBIOTIK ORIGINAL PROBIOTIK SIKLUS Aksi Suplemen Pencernaan,aksi quoto probiotik