Source,Kategori,Nama Produk
Shopee,Token Listrik,Token Listrik PLN Prabayar 5rb–50rb | Proses Cepat 24 Jam | Resmi & Aman
Shopee,Token Listrik,diskon token listrik token listrik murah
Shopee,Token Listrik,TOKEN LISTRIK TERMURAH SE-INDONESIA DAN RESMI
Shopee,Token Listrik,TOKEN PLN - TOKEN PLN PROMO - PLN TOKEN PROMO - PLN TOKEN - TOKEN PLN 5K - TOKEN PLN 5 RIBU - TOKEN PLN 10K - TOKEN PLN 10 RIBU - TOKEN PLN 15K - TOKEN PLN 15 RIBU - TOKEN PLN 20K - TOKEN PLN 20 RIBU
Shopee,Token Listrik,Promo Token Listrik 5k 10k 15k 20k 20ribu
Shopee,Token Listrik,Token Listrik PLN Nominal 100.000 murah!
Shopee,Token Listrik,Token PLN 5k-25k Proses cepat - TOKEN 5K - TOKEN 10K - TOKEN 15K - TOKEN 20K - TOKEN 25K
Shopee,Token Listrik,PLN LISTRIK ISI ULANG TOKEN PLN 20RB
Shopee,Token Listrik,Token Listrik Mini Pintar Murah 5000-20000
Shopee,Token Listrik,TERMURAH!!! TOKEN PLN | TOKEN LISTRIK | PULSA LISTRIK MURAH 20K 50K 100K
Shopee,Token Listrik,diskon token listrik token listrik murah
Shopee,Token Listrik,"Token Listrik Nominal Kecil 5k,10k,15k,20k,50K Proses Cepat"
Shopee,Token Listrik,"Token Listrik Murah 5,10,15 Untuk Pembelian Online"
Shopee,Token Listrik,"Token Listrik PLN Termurah 20k, 25k, 50k Promo"
Shopee,Token Listrik,Token Listrik PLN 5k 10k 15k 20k
Shopee,Token Listrik,Token listrik
Shopee,Token Listrik,PROMO Token Listrik 50K 50RB Isi Cepat 50000
Shopee,Token Listrik,Token Listrik PLN Nominal 15.000 murah!
Shopee,Token Listrik,Pulsa Listrik Token PLN 5RB 10RB 15RB Dadakan
Shopee,Token Listrik,Token Listrik Murah & Aman Rp. 100.000
Shopee,Token Listrik,Token Listrik PLN Nominal 20.000 murah!
Shopee,Token Listrik,Promo Token Listrik PLN Prabayar Dan Paskabayara 1jt-10jt
Shopee,Token Listrik,TOKEN Pulsa Listrik PLN 5K 5 Ribu 5rb Eceran Murah (Kirim Kode via Chat)
Shopee,Token Listrik,"Token Listrik PLN Prabayar 25.000 , 50.000 dengan Pengisian Cepat"
Shopee,Token Listrik,Pulsa Listrik - Voucher listrik - Token Listrik PLN Termurah !!
Shopee,Token Listrik,Token PLN / Harga Admin Termurah / Proses Langsung Masuk
Shopee,Token Listrik,Murahhh || Token Listrik 20K 50K 70K 100K
Shopee,Token Listrik,Token Listrik PLN Nominal 5.000 sampai 50.000 murah!
Shopee,Token Listrik,Token Listrik Murah Rafachel Kualitas Konsisten
Shopee,Token Listrik,Token Listrik PLN Termurah Shopee Berbagai Nominal
Shopee,Token Listrik,Token Listrik Mini/Pln/Listrik Pintar 10k-5rb-100
Shopee,Token Listrik,Token Listrik 5K 5RB 5000 Isi Ulang
Shopee,Token Listrik,Token listrik pulsa PLN 50k
Shopee,Token Listrik,Token Listrik Pintar | PLN Prabayar | Promo Diskon Biaya Admin
Shopee,Token Listrik,Token Listrik Murah PLN Cepat Proses 20k-100k
Shopee,Token Listrik,"token listrik mini murah,listrikpintar,token listrik"
Shopee,Token Listrik,Token Listrik PLN Nominal 10.000 murah!
Shopee,Token Listrik,Token Listrik PLN Nominal 5.000 murah!
Shopee,Token Listrik,Token Listrik PLN Nominal 25.000 murah!
Shopee,Token Listrik,PLN Token | Pulsa Listrik | Token Listrik | Nominal 5.000 sampai 50.000
Shopee,Token Listrik,Token Listrik PLN Nominal 50.000 murah!
Shopee,Token Listrik,Isi Ulang Token Pln Nominal 20000 - 100000 Harga Murah
Shopee,Token Listrik,token listrik
Shopee,Token Listrik,Token Listrik PLN PROMO 100RB Original
Shopee,Token Listrik,isi ulang token listrik
Shopee,Token Listrik,PROMO Token Listrik Termurah PLN Terbaru
Shopee,Token Listrik,"Termurah Token Listrik 5Rb,10Rb,15Rb,20Rb Proses Cepat"
Shopee,Token Listrik,Token Listrik Cepat Masuk Bergaransi harga Murah
Shopee,Token Listrik,TERMURAH!!! TOKEN PLN | TOKEN LISTRIK | PULSA PLN | PULSA LISTRIK MURAH 20K 50K 100K
Shopee,Token Listrik,TOKEN LISTRIK PLN PROMO TERMURAH
Shopee,Token Listrik,PROMO Token Listrik 20 K Ready PLN ID
Shopee,Token Listrik,Murah Token Listrik PLN Aman dan Amanah
Shopee,Token Listrik,PROMO TOKEN LISTRIK 20Rb
Shopee,Token Listrik,TOKEN LISTRIK 5k-50k
Shopee,Token Listrik,TOKEN LISTRIK PLN 5 10 15 20 50 Best Seller
Shopee,Token Listrik,Token Listrik Mini 5K-20K Asli Proses Cepat
Shopee,Token Listrik,Promo Token Listrik 200RB-500RB
Shopee,Token Listrik,Token listrik pulsa PLN 5k-200k
Shopee,Token Listrik,PLN TOKEN 100RIBU | TOKEN LISTRIK 100.000 | PULSA LISTRIK 100K | NOMINAL 100
Shopee,Token Listrik,PROMO!!! TOKEN PLN | TOKEN LISTRIK | PULSA PLN | PULSA LISTRIK MURAH 20K 50K 100Kl
Shopee,Token Listrik,TERMURAH!!! TOKEN PLN | TOKEN LISTRIK | PULSA PLN | PULSA LISTRIK MURAH 20K 50K 100K
Shopee,Token Listrik,Token Listrik Mini 5K-20K Asli Proses Cepat
Shopee,Token Listrik,Token Listrik 5K 5RB 5000 Isi Ulang
Shopee,Token Listrik,PROMO TOKEN LISTRIK 20Rb
Shopee,Token Listrik,Token Listrik Murah dan Cepat  Rp. 20.000
Shopee,Token Listrik,Token Listrik PLN PROMO 500RB Original 24 Jam
Shopee,Token Listrik,Token Listrik PLN - Pengisian Cepat & Mudah
Shopee,Token Listrik,PROMO!!! TOKEN PLN | TOKEN LISTRIK | PULSA PLN | PULSA LISTRIK MURAH 20K 50K 100Kl
Shopee,Token Listrik,PROMO TOKEN LISTRIK CEPAT MUDAH
Shopee,Token Listrik,PROMO Token Listrik PLN Termurah Proses Cepat
Shopee,Token Listrik,Token Listrik PLN – Murah & Cepat
Shopee,Token Listrik,Token Listrik PLN Nominal Lengkap Harga Murah
Shopee,Token Listrik,Assyifa Peduli - Token Listrik Masjid
Shopee,Token Listrik,Token PLN Promo Termurah Cuma Disini Ready 20K 50K
Shopee,Token Listrik,TOKEN LISTRIK PLN NOMINAL 15.000 TERMURAH
Shopee,Token Listrik,Token Listrik Murah | 15 20 25 50 100
Shopee,Token Listrik,PLN TOKEN 100RIBU | TOKEN LISTRIK 100.000 | PULSA LISTRIK 100K | NOMINAL 100
Shopee,Token Listrik,Token Listrik PLN PROMO 1 Juta Original
Shopee,Token Listrik,TOKEN LISTRIK PLN 5/10/15/20 token listrik mini SALE TERMURAH!! Kirim Otomatis & Langsung Aktif
Shopee,Token Listrik,TOKEN LISTRIK PLN PROMO NOMINAL 5 10 15 20 50 - ISI ULANG PULSA TOKEN LISTRIK PLN CEPAT LANGSUNG KIRIM
Shopee,Token Listrik,PROMO TOKEN PLN 20 50 100
Shopee,Token Listrik,TOKEN LISTRIK PRABYAR
Shopee,Token Listrik,Token Listrik PLN 20.000 | Isi Token Listrik 20K Cepat & Aman
Shopee,Token Listrik,TOKEN PLN 100.000
Shopee,Token Listrik,PLN TOKEN
Shopee,Token Listrik,Token listrik 200 ribu
Shopee,Token Listrik,Promo token listrik 1jutak harga 900ribu
Shopee,Token Listrik,Token Listrik 15
Shopee,Token Listrik,"Token Listrik 5k , 10k , 15k , 20k"
Shopee,Token Listrik,Token Listrik Pintar Fast Respon 2-5 Menit
Shopee,Token Listrik,Token Listrik 50 Diskon PROMO 500 Ribu
Shopee,Token Listrik,Token Listrik 20k 50k 100k Proses Cepat Murah
Shopee,Token Listrik,Token Listrik PLN 5k 10k PROMO Termurah
Shopee,Token Listrik,Token Listrik PLN 5 10 15 20 25
Shopee,Token Listrik,TOKEN LISTRIK PROMO CEPAT 200 500 1J
Shopee,Token Listrik,TOKEN LISTRIK 10K 10.000 10Ribu 10Rb | Promo Pulsa PLN Pintar Eceran Grosir Murah Langsung Kirim Kode Via Chat
Shopee,Token Listrik,Token listrik promo 850  bisa saldo
Shopee,Token Listrik,Token PLN Listrik Pulsa 200 500 1 juta
Shopee,Token Listrik,Token PLN Langsung 1 Juta 1 Jt 1Jt
Shopee,Token Listrik,Promo token listrik 100 50 20
Shopee,Token Listrik,PROMO!!! TOKEN PLN | TOKEN LISTRIK | PULSA PLN | PULSA LISTRIK MURAH 20K 50K 100K
Shopee,Token Listrik,Token Listrik PLN 5k 10k 15k 20k 25k 50k
Shopee,Token Listrik,"Token Listrik Murah 5k, 10k, 15k, 20k {Baca Deskripsi Dulu}"
Shopee,Token Listrik,PROMO Token Listrik PLN10
Shopee,Token Listrik,Token Listrik PLN 15k muraaah
Shopee,Token Listrik,PROMO Token Listrik 20K 50K Pengiriman Cepat
Shopee,Token Listrik,Token PlN mini
Shopee,Token Listrik,Token Listrik Promo murah cepat bergaransi 10k
Shopee,Token Listrik,Token Listrik PLN 5 10 15 20 50 40 70 100 Pulsa Listrik
Shopee,Token Listrik,Pulsa Token Listrik 200K
Shopee,Token Listrik,Token Listrik Murah 5k 10k 15k 20k Pengiriman Cepat
Shopee,Token Listrik,PROMO Token Listrik PLN Proses Cepat
Shopee,Token Listrik,TOKEN LISTRIK PLN NOMINAL 10.000 TERMURAH
Shopee,Token Listrik,Token PLN Prabayar
Shopee,Token Listrik,Token listrik 20 50 100
Shopee,Token Listrik,Token listrik termurah di shopee ( Bayar Tagihan listrik)
Shopee,Token Listrik,token PLN murah 20
Shopee,Token Listrik,Token Listrik [Id Pelanggan Di Catatan Pesanan]
Shopee,Token Listrik,token listrik 15k
Shopee,Token Listrik,Token Listrik Murah Dengan Nomor Meteran
Shopee,Token Listrik,Token PlN mini
Shopee,Token Listrik,JUAL TOKEN LISTRIK 100% AMANAH BACA DESKRIPSI
Shopee,Token Listrik,Token Listrik 5 10 15 20
Shopee,Token Listrik,Pulsa Token Listrik 200.500
Shopee,Token Listrik,Token listrik 500
Shopee,Token Listrik,Token listrik 10k promo
Shopee,Token Listrik,TOKEN LISTRIK PLN PROMO 200RB
Shopee,Token Listrik,Promo token listrik 1jutak harga 900ribu
Shopee,Token Listrik,TERMURAH Token Listrik PLN Aman dan Amanah
Shopee,Token Listrik,Token Listrik Murah 5k 10k 15k 20k Pengiriman Cepat
Shopee,Token Listrik,Token Listrik PLN 100 100000 / Pulsa Listrik 100 Murah
Shopee,Token Listrik,Token listrik original pln
Shopee,Token Listrik,PROMO!!! TOKEN PLN | TOKEN LISTRIK | PULSA PLN | PULSA LISTRIK MURAH 20K 50K 100K
Shopee,Token Listrik,PROMO Token Listrik PLN Proses Cepat
Shopee,Token Listrik,TOKEN LISTRIK PLN5 PLN10 PLN15 PLN20
Shopee,Token Listrik,Token Listrik PLN 20K | Isi Listrik Cepat Tanpa Delay
Shopee,Token Listrik,Token Listrik PLN 5.000 | Pulsa Listrik 5K Instan Cepat
Shopee,Token Listrik,token listrik 500
Shopee,Token Listrik,Token PLN
Shopee,Token Listrik,Token Listrik 20 20000 / Pulsa Listrik PLN 20K Murah
Shopee,Token Listrik,Token Listrik [Id Pelanggan Di Catatan Pesanan]
Shopee,Token Listrik,Token Listrik PLN 5k
Shopee,Token Listrik,Token Listrik PLN 10k
Shopee,Token Listrik,Token Listrik PLN Pulsa 20 50 100 Murah
Shopee,Token Listrik,TOKEN LISTRIK MURAH DAN AMANAH
Shopee,Token Listrik,Token Listrik PLN 50K | Pulsa Listrik Best Seller Instan
Shopee,Token Listrik,TOKEN LISTRIK l TOKEN PLN l PULSA LISTRIK MURAH!! 5k 10k 15k 20k 50k
Shopee,Token Listrik,Token Listrik PLN 5 10 15 20 50 40 70 100 Pulsa Listrik
Shopee,Token Listrik,Token Listrik PLN 50.000 100.000 200.000 Murah Cepat
Shopee,Token Listrik,Token Listrik PLN Prabayar - Pengiriman Cepat & Langsung Via Chat
Shopee,Token Listrik,Token Listrik Top Up PLN Murah
Shopee,Token Listrik,token listrik
Shopee,Token Listrik,TOKEN LISTRIK 50k
Shopee,Token Listrik,Token Listrik PLN PROMO 50RB Original Sesuai KWH
Shopee,Token Listrik,"Token Listrik PLN Nominal 5000, 10000, 15000, 20000"
Shopee,Token Listrik,"TOKEN LISTRIK 20000, 50000, 100000 | PLN | PULSA LISTRIK"
Shopee,Token Listrik,Token listrik termurah di shopee ( Bayar Tagihan listrik)
Shopee,Token Listrik,Token PLN Murah
Shopee,Token Listrik,Token Listrik PLN 50.000 | Pulsa Listrik 50K Instan 24 Jam
Shopee,Token Listrik,TOKEN PLN 50K
Shopee,Token Listrik,Token Listrik Prabayar || Listrik PLN 20.000
Shopee,Token Listrik,TOKEN LISTRIK PLN 20 50 100
Shopee,Token Listrik,Token Listrik Pintar Pulsa Khusus Meter 56 Melcoinda
Shopee,Token Listrik,LAZ RYDHA - Token Listrik untuk Mushola Yatim & Dhuafa [5000]
Shopee,Token Listrik,Isi Pulsa TOKEN LISTRIK PLN Prabayar 20 50 100 200
Shopee,Token Listrik,"Token Listrik 5k , 10k , 15k , 20k"
Shopee,Token Listrik,Token 200K - 500K
Shopee,Token Listrik,TOKEN LISTRIK PLN NOMINAL 5.000 TERMURAH
Shopee,Token Listrik,Token Listrik 10.000 Cepat dan mudah
Shopee,Token Listrik,Token Listrik PLN 10.000 | Isi Ulang Pulsa Listrik 10K Murah
Shopee,Token Listrik,TERMURAH!!! TOKEN PLN | TOKEN LISTRIK | PULSA PLN | PULSA LISTRIK MURAH 50K 100K 200Kl
Shopee,Token Listrik,Token PLN dan tagihan PLN
Shopee,Token Listrik,TOKEN LISTRIK PLN NOMINAL 5K 10K 15K 20K 25K 50K - TOKEN LISTRIK CEPAT MUDAH PRAKTIS
Shopee,Token Listrik,Token Listrik PLN Prabayar 20.000 dengan Pengisian Cepat
Shopee,Token Listrik,HARGA PROMO TOKEN LISTRIK PLN 50 PROSES CEPAT!!
Shopee,Token Listrik,PROMO TERMURAH !!! TOKEN LISTRIK | LISTRIK PRABAYAR
Shopee,Token Listrik,TOKEN PLN/PULSA LISTRIK
Shopee,Token Listrik,Token Listrik 20k Termurah Proses Cepat Asli
Shopee,Token Listrik,Token Listrik PLN Prabayar-Nominal 5rb s/d 200rb
Shopee,Token Listrik,TOKEN PLN - TOKEN PLN PROMO - PLN TOKEN PROMO - PLN TOKEN - TOKEN PLN 5K - TOKEN PLN 5 RIBU - TOKEN PLN 10K - TOKEN PLN 10 RIBU - TOKEN PLN 20K - TOKEN PLN 20 RIBU
Shopee,Token Listrik,Token Listrik Murah 5k 10k 15k 20k Pengiriman Cepat
Shopee,Token Listrik,"Token Listrik PLN 20.00-100.000 - Promo, Murah, Langsung Dikirim"
Shopee,Token Listrik,Pulsa Listrik Token PLN Prabayar Murah Mudah Cepat
Shopee,Token Listrik,"Token Listrik  Nominal Kecil 5K, 10K, 15K, 20K, 50K Proses Cepat"
Shopee,Token Listrik,Token Listrik 10k Termurah Terpercaya Amanah
Shopee,Token Listrik,Token Listrik PLN 20K | Isi Listrik Cepat Tanpa Delay
Shopee,Token Listrik,Token Listrik PLN 50 Ribu Proses Langsung
Shopee,Token Listrik,Token Listrik Pulsa Listrik Token PLN 100 100RB
Shopee,Token Listrik,Token Listrik PLN Murah Promo
Shopee,Token Listrik,Token Listrik Promo murah cepat bergaransi 10k
Shopee,Token Listrik,Token Listrik 5 10 15 20
Shopee,Token Listrik,Token Listrik PLN 50 50000 / Pulsa Listrik 50K Murah
Shopee,Token Listrik,PULSA TOKEN LISTRIK PLN Prabayar Murah 20 50 100 200 Isi Ulang
Shopee,Token Listrik,Token Listrik PLN 10k
Shopee,Token Listrik,Token listrik PLN murah
Shopee,Token Listrik,Token Listrik Pln
Shopee,Token Listrik,PROMO Jual Token Listrik 100rb 200rb 500rb MURAH
Shopee,Token Listrik,token listrik listrik100  promo
Shopee,Token Listrik,Token listrik termurah di shopee ( Bayar Tagihan listrik)
Shopee,Token Listrik,Token Listrik PLN 10K | Isi Ulang Listrik Instan Anti Ribet
Shopee,Token Listrik,Token 50
Shopee,Token Listrik,TOKEN LISTRIK 50k
Shopee,Token Listrik,TOKEN LISTRIK PLN 20 50 100
Shopee,Token Listrik,Token Listrik Murah 20 50 100 Pengiriman Cepat
Shopee,Token Listrik,Token Listrik PLN 5.000 | Pulsa Listrik 5K Instan Cepat
Shopee,Token Listrik,Token Listrik Mini 5Rb | 10 | 15 | 20 | 25.
Shopee,Token Listrik,TOKEN LISTRIK PLN PROMO 200RB
Shopee,Token Listrik,Token PLN 5K 10K 5K 20K 30K 40K 50K
Shopee,Token Listrik,TOKEN PLN PROMO 20K MURAH TERLARIS
Shopee,Token Listrik,TOKEN LISTRIK PLN NOMINAL 5.000 TERMURAH
Shopee,Token Listrik,[PROMO]TOKEN LISTRIK  / LISTRIK PRABAYAR MURAH 20RB 50RB 100RB
Shopee,Token Listrik,TERMURAH Token Listrik PLN Aman dan Amanah
Shopee,Token Listrik,Token Listrik PLN 15k
Shopee,Token Listrik,PROMO TOKEN LISTRIK ISI ULANG PLN 20RB 50RB 100RB MURAH 20K 20000 50K 50000 RIBU 100K PRABAYAR
Shopee,Token Listrik,Token listrik 10k promo
Shopee,Token Listrik,Token listrik 500
Shopee,Token Listrik,TOKEN LISTRIK 20K 20000 20Ribu 20Rb | Promo Pulsa PLN Pintar Eceran Grosir Murah Langsung Kirim Kode Via Chat
Shopee,Token Listrik,Token Listrik PLN 50.000 | Pulsa Listrik 50K Instan 24 Jam
Shopee,Token Listrik,TOKEN LISTRIK PROMO PLN MURAH 15 25k 20 20k 50 50k 100 100k 200 200k 500 500k 1 juta
Shopee,Token Listrik,Promo Token Listrik 15 PLN
Shopee,Token Listrik,Token Listrik PLN 20 50 100 200 500
Shopee,Token Listrik,Token listrik MURAH
Shopee,Token Listrik,Stiker Vinyl JUAL PULSA DAN TOKEN LISTRIK 10X23CM
Shopee,Token Listrik,Struk Nota Pembelian Token Listrik Struk Pembelian Token Listrik Nota Token Listrik
Shopee,Token Listrik,Box Meteran Token Telephone Mika Mdf 6mm
Shopee,Token Listrik,Leonardo Ai 8500 token Private
Shopee,Token Listrik,Box Kwh Meter Pulsa Transparan Token Listrik 27x19x13 Cm
Shopee,Token Listrik,Box Meteran Telephone Pintu Putih MDF 30x21x12
Shopee,Token Listrik,papan lampu LED tulisan PULSA TOKEN DANA TRANSFER dimensi 70x20 cm daya 12 watt tinggal colok listrik
Shopee,Token Listrik,Box Token Pulsa MDF 30x21x12 Mostera
Shopee,Token Listrik,Rumah Saklar / Nero Inbowdus / Flush Box 86
Shopee,Token Listrik,Powerpal Katalog NR Booster Penghemat Listrik UpTo 4400watt
Shopee,Token Listrik,Stabilizer Listrik Auto Start 500W-2500W EMI Filter
Shopee,Token Listrik,Box Meteran Listrik Token PLN Kayu MDF Anti Luntur
Shopee,Token Listrik,TERMURAH!! Token Listrik Prabayar | Pulsa Listrik PLN 10k-20k-50k
Shopee,Token Listrik,Token Listrik 10.000 Cepat dan mudah
Shopee,Token Listrik,Token listrik pulsa listrik 50k murah
Shopee,Token Listrik,Token Listrik Top Up PLN Murah
Shopee,Token Listrik,TOKEN PLN
Shopee,Token Listrik,Token Listrik 10k Promo
Shopee,Token Listrik,Nota Token Listrik Murah HVS 70g 50 Lembar
Shopee,Token Listrik,Stiker Cek Token Listrik jangan sampai kehabisan
Shopee,Token Listrik,[ 100x50cm ] Print Spanduk Konter Jualan Pulsa dan Token Listrik
Shopee,Token Listrik,Box Kwh Meteran Listrik Token/Box Tutup Kwh Meteran Listrik
Shopee,Token Listrik,Alat Penghemat Listrik Hemat Daya Listrik Electricity Saving Box Token Meteran Rumah Ac Kulkas Paling Efektif
Shopee,Token Listrik,Struk token listrik murah
Shopee,Token Listrik,2025 Penghemat Listrik PLN Electric Saver / Electricity Saving Box Alat Hemat Daya kWh Soft Start Tagihan Pulsa Token / Bulanan-Aura Mobil
Shopee,Token Listrik,STRUK PEMBELIAN TOKEN LISTRIK PULSA BISA PAKAI NAMA TOKO UKURAN 10 X 4.5 CM BAHAN HVS
Shopee,Token Listrik,Alat Penghemat Listrik Hemat Daya 80%-90% Berlaku Untuk Semua Meteran Listrik COD
Shopee,Token Listrik,SPANDUK TRANSFER / TOKEN LISTRIK / FREE EDIT
Shopee,Token Listrik,PROMO!!Bok Meteran Desain Telephone Meteran Token/Listrik Tempat Pelindung Bok Meteran Listrik Token
Shopee,Token Listrik,Box Meteran Token Telephone Mika Mdf 6mm
Shopee,Token Listrik,STRUK TOKEN LISTRIK/nota struk token listrik isi 50lembar
Shopee,Token Listrik,Bok Meteran PLN Desain Telephone Prabayar token/listrik | Pelindung Meteran hiasan dekorasi Rumah
Shopee,Token Listrik,KOTAK BOX PENGAMAN PLN KWH METER PULSA TOKEN
Shopee,Token Listrik,Stiker Jual Pulsa Dan Token Listrik Tahan Air
Shopee,Token Listrik,Alat Penghemat Listrik Hemat Daya Listrik Electricity Saving Box Token Meteran Rumah Ac Kulkas Paling Efektif
Shopee,Token Listrik,BOX KWH METERAN LISTRIK TOKEN PELINDUNG BOX PLN TOKEN LISTRIK PRABAYAR MURAH KERAS
Shopee,Token Listrik,Struk Token Listrik Struk Pembelian Token Listrik Ukuran 10 X 4.5 Cm
Shopee,Token Listrik,STIKER KONTER JUAL PULSA PAKET DATA / TOKEN LISTRIK / TERIMA TARIK TUNAI
Shopee,Token Listrik,Struk Nota Token Listrik PLN Perforasi 50 Lembar
Shopee,Token Listrik,Box Meteran Listrik Token Akrilik Estetik
Shopee,Token Listrik,Alat Penghemat Listrik Hemat Daya Electricity Saving Box Token Meteran Rumah Colokan Ac Kulkas Paling Efektif Bayar Listrik Lebih Murah
Shopee,Token Listrik,2025 Penghemat Listrik PLN Electric Saver / Electricity Saving Box Alat Hemat Daya Kwh Soft Start Tagihan Pulsa Token / Bulanan
Shopee,Token Listrik,BOX METERAN TOKEN LISTRIK DEXICON KOTAK PELINDUNG KWH METERAN LISTRIK
Shopee,Token Listrik,Box Meteran Listrik Token Anti Air ABS Plastik
Shopee,Token Listrik,Tutup Meteran Listrik Token Uchiro Plastik Kuat
Shopee,Token Listrik,Bok Meteran  meteran token/listrik tempat pelindung bok meteran
Shopee,Token Listrik,HKY Electric Saver Penghemat Listrik PLN Alat Hemat Daya kWh SoftStart Hemat Tagihan Token Bulanan
Shopee,Token Listrik,Penghemat Listrik Alat Hemat Daya Listrik Token Electric Energy Saver
Shopee,Token Listrik,Stiker Jual Pulsa & Token Listrik + Laminating Glossy
Shopee,Token Listrik,2025 Penghemat Listrik PLN Electric Saver / Electricity Saving Box Alat Hemat Daya Kwh Soft Start Tagihan Pulsa Token / Bulanan
Shopee,Token Listrik,®°LOVINA_STORE® Bok Meteran Desain telephone meteran token/listrik tempat pelindung bok meteran
Shopee,Token Listrik,DECRYPT TOKEN DIAG OPPO DAN REALME
Shopee,Token Listrik,"159 - Stiker Jual Pulsa dan Token Listrik, Sticker Vinyl, Tahan Air, Termurah, Bisa Custom"
Shopee,Token Listrik,BOX KWH HIRO PASCABAYAR / BOX KWH TOKEN TUTUP METERAN LISTRIK HIRO
Shopee,Token Listrik,(100 lembar) STRUK PEMBELIAN TOKEN LISTRIK | NOTA TOKEN LISTRIK KECIL
Shopee,Token Listrik,2025 Penghemat Listrik PLN Electric Saver / Electricity Saving Box Alat Hemat Daya Kwh Soft Start Tagihan Pulsa Token / Bulanan
Shopee,Token Listrik,2025 Penghemat Listrik PLN Electric Saver / Electricity Saving Box Alat Hemat Daya kWh Soft Start Tagihan Pulsa Token / Bulanan
Shopee,Token Listrik,STIKER VINYL JUAL PULSA Paket Data Internet & Token Listrik 31 X 11 CM -SIAP KIRIM
Shopee,Token Listrik,Spanduk Jual Pulsa dan Token Listrik tersedia - Part 4
Shopee,Token Listrik,Alat Penghemat Hemat Daya Kwh Listrik 80 90 Persen Listrik Rumah Tangga Kantor AC TV Kulkas Mesin Cuci Rice Cooker Magiccom Electricity Saving Box Power Factor Saver All In Semua Meteran Prabayar Bulanan Token Pulsa Multifungsi Serbaguna Original Jerman
Shopee,Token Listrik,Box Meteran PLN Desain Unik Telephone Prabayar Listrik/Token Pelindung Meteran Hiasan Dekorasi ruma
Shopee,Token Listrik,Box Meteran Listrik KWH Meter Box Listrik Tutup Meteran Listrik Box Panel Listrik Outdoor Pengaman Pelindung KWH Meteran Token
Shopee,Token Listrik,2025 Penghemat Listrik Electric Saver / Electricity Saving Box Alat Hemat Daya Kwh Soft Start Tagihan Pulsa Token / Bulanan
Shopee,Token Listrik,(100 Lembr ) STRUK TOKEN LISTRIK UK.10.5X4.5 CM | NOTA TOKEN LISTRIK MURAH
Shopee,Token Listrik,Box Meteran Token Akrilik Desain Telephone London Hiasan dekorasi dinding pelindung Meteran Token
Shopee,Token Listrik,Voucher tambah daya PLN Promo
Shopee,Token Listrik,"Nota token listrik - BACA DESKRIPSI YAH KAK,,,"
Shopee,Token Listrik,Tutup Meteran KWH Token Tutup Meteran Listrik Uchiro
Shopee,Token Listrik,Simple Furniture - Box Meteran Listrik Prabayar Token London Kayu Natural
Shopee,Token Listrik,Alat Penghemat Listrik Hemat Daya 80%-90% Listrik Electricity Saving Box Token Meteran Rumah Ac Kulkas Paling Efektif Hemat Daya Penghemat Daya
Shopee,Token Listrik,STIKER VINYL JUAL PULSA & TOKEN LISTRIK
Shopee,Token Listrik,Alat penghemat listrik hemat daya 99% box meteran listrik token Electricity power saver Berlaku untuk semua meteran listrik Pasang dan mainkan
Shopee,Token Listrik,BOX KWH Pelindung Meteran Listrik Token Pulsa Merk MASKO Tebal Kokoh [COD]
Shopee,Token Listrik,tulisan lampu LED SIGN PULSA DANA TOKEN DATA new 60x20 cm tinggal colok listrik
Shopee,Token Listrik,(Pilih Tipe) Andoda HSA Electric Saver | Bambang Sugiyanto | PT Hikmat Sukses Abadi
Shopee,Token Listrik,"Stiker Murah Jual Pulsa, Paket Data, & Token Listrik Untuk Warung Serta Tempat Usaha"
Shopee,Token Listrik,"159 - Stiker Jual Pulsa dan Token Listrik, Sticker Vinyl, Tahan Air, Termurah, dan Bisa Custom"
Shopee,Token Listrik,( Isi 100 Lembar ) Struk Token Listrik Struk Pembelian Token Listrik / Nota Token Listrik.
Shopee,Token Listrik,token listrik prabayar 200k
Shopee,Token Listrik,PROMO TOKEN LISTRIK PLN 500 RIBU
Shopee,Token Listrik,TOKEN LISTRIK  5 RB TERMURAH - TOKEN LISTRIK 10 TERMURAH - TOKEN LISTRIK 15 TERMURAH - TOKEN LISTRIK 20 TERMURAH -PULSA LISTRIK PROMO
Shopee,Token Listrik,"TOKEN LISTRIK MURAH / LISTRIK PULSA PLN 20K, 50K, 100K"
Shopee,Token Listrik,Token PLN Murah
Shopee,Token Listrik,"TOKEN PLN - TOKEN LISTRIK PROMO, Termurah di SHOPEE Nominal 20.000, 50.000, 100.000, 200.000."
Shopee,Token Listrik,TOKEN 20
Shopee,Token Listrik,Promo token listrik 200 500 1j
Shopee,Token Listrik,TOKEN LISTRIK 100 PROMO  - TOKEN LISTRIK 200 PROMO - TOKEN LISTRIK 500 PROMO - TOKEN LISTRIK  PAYLATTER -TOKEN LISTRIK MURAH PROMO
Shopee,Token Listrik,Isi ulang Token PLN Listrik 50
Shopee,Token Listrik,PROMO TOKEN LISTRIK PLN 100 RIBU
Shopee,Token Listrik,Token Listrik 200.000
Shopee,Token Listrik,Token Listrik PLN
Shopee,Token Listrik,Token listrik pln 50rb 100rb 200rb
Shopee,Token Listrik,Token Listrik / Pulsa PLN Prabayar 200 500 ribu 1 Juta 200000 500000 1000000
Shopee,Token Listrik,PROMO TOKEN LISTRIK 20K / 50k
Shopee,Token Listrik,"Token listrik dan pulsa kouta all operator xl,3,simpati,dll"
Shopee,Token Listrik,TOKEN LISTRIK PRABAYAR PROMO PLN 15 15k 20 20k 50 50k 100 100k 200 200k 500 500k 1 juta 1jt 1 juta 1000k dan Pulsa hp Isi Ulang all operator termurah
Shopee,Token Listrik,TOKEN LISTRIK 500000 PRABAYAR MURAH PROSES CEPAT ( ID METER KIRIM KE CHAT )
Shopee,Token Listrik,Token PLN Murah!
Shopee,Token Listrik,Token Listrik 20ribu-100ribu Proses Cepat
Shopee,Token Listrik,"Token Listrik PLN Prabayar | Kirim Cepat Via Chat (50K, 100K, 200K)"
Shopee,Token Listrik,TOKEN LISTRIK 200
Shopee,Token Listrik,Token PLN murah 100rb 200rb 500rb
Shopee,Token Listrik,TOKEN PLN HARGA 50/100 /200
Shopee,Token Listrik,Promo token listrik pintar
Shopee,Token Listrik,TOKEN LISTRIK PROMO PLN 20 20k 50 50k 100 100k 200 200k 500 500k 1 Juta  dan Pulsa Isi Ulang
Shopee,Token Listrik,Token PLN 200.000 Murah
Shopee,Token Listrik,Token Listrik || Token 100k || Token 200k
Shopee,Token Listrik,Token Listrik 200 500 1000
Shopee,Token Listrik,PULSA TOKEN LISTRIK PLN Prabayar Murah 20 50 100 200 Isi Ulang
Shopee,Token Listrik,"Token listrik 20rb , 20 rb , 20 ribu , 20ribu, 100rb 100ribu 100 rb 100 ribu"
Shopee,Token Listrik,Token PLN 500 Promo#Listrik#Prabayar#
Shopee,Token Listrik,TOKEN LISTRIK PLN 1 JUTA
Shopee,Token Listrik,Token PLN Prabayar 500rb 1juta Proses Cepat
Shopee,Token Listrik,TOKEN LISTRIK PLN PROMO 500rb
Shopee,Token Listrik,"MURAH!!Token Listrik 20,50,100"
Shopee,Token Listrik,Token Listrik PLN Rp=1Juta 100% Aman
Shopee,Token Listrik,Token listrik 200
Shopee,Token Listrik,Token Listrik Prabayar Murah Nominal 20k-100k
Shopee,Token Listrik,Token listrik prabayar 20RB 50RB 100RB
Shopee,Token Listrik,TOKEN LISTRIK PLN PROMO 200rb
Shopee,Token Listrik,Token Listrik Fast Respon
Shopee,Token Listrik,TOKEN LISTRIK 500.000
Shopee,Token Listrik,TOKEN LISTRIK PROMO HARGA 100
Shopee,Token Listrik,PROMO TOKEN LISTRIK PLN 200 RIBU
Shopee,Token Listrik,Token PLN 50.000
Shopee,Token Listrik,Voucher Token Listrik 100.000
Shopee,Token Listrik,TOKEN PLN 1JUTA BAYAR 1JUTA
Shopee,Token Listrik,token listrik prabayar 500k
Shopee,Token Listrik,promo token listrik 20ribu
Shopee,Token Listrik,TOKEN LISTRIK PLN PROMO 500RB/500.000
Shopee,Token Listrik,Token listrik 500k-1000k
Shopee,Token Listrik,TOKEN LISTRIK 500
Shopee,Token Listrik,Token listrik 200 500 1j
Shopee,Token Listrik,TOKEN PLN / ISI ULANG PULSA LISTRIK 20 50 100 200 RIBU | MURAH CEPAT RESMI
Shopee,Token Listrik,TERMURAH TOKEN LISTRIK  100 RB TOKEN PLN LISTRIK PINTAR
Shopee,Token Listrik,PROMO TOKEN LISTRIK 500K TERMURAHH !!!!
Shopee,Token Listrik,Token Listrik PLN Rp=500Ribu 100% Aman
Shopee,Token Listrik,Kwh Pulsa Token 1P 5/60A Melcoinda Mitsubishi Digital
Shopee,Token Listrik,TOKEN LISTRIK PRABAYAR PROMO PLN 15 15k 20 20k 50 50k 100 100k 200 200k 500 500k 1 juta 1jt 1 juta 1000k dan Pulsa hp Isi Ulang all operator termurah
Shopee,Token Listrik,"Token listrik 20rb , 20 rb , 20 ribu , 20ribu, 100rb 100ribu 100 rb 100 ribu"
Shopee,Token Listrik,Token Listrik 200.000
Shopee,Token Listrik,Token Listrik / Pulsa PLN Prabayar 200 500 ribu 1 Juta 200000 500000 1000000
Shopee,Token Listrik,PROMO TOKEN LISTRIK PLN 100 RIBU
Shopee,Token Listrik,"Token Listrik PLN Prabayar | Kirim Cepat Via Chat (50K, 100K, 200K)"
Shopee,Token Listrik,PULSA TOKEN LISTRIK PLN Prabayar Murah 20 50 100 200 Isi Ulang
Shopee,Token Listrik,Token listrik pln 50rb 100rb 200rb
Shopee,Token Listrik,Token PLN 500 Promo#Listrik#Prabayar#
Shopee,Token Listrik,Token PLN 200-1jt
Shopee,Token Listrik,Token Listrik PLN MURAH | Listrik Prabayar 20k | 50k | 100k | 200k
Shopee,Token Listrik,Token Listrik PLN Rp=200Ribu Aman
Shopee,Token Listrik,Token Listrik PLN Termurah Nominal 200.000
Shopee,Token Listrik,TOKEN PLN 500.000 / Token 500
Shopee,Token Listrik,TOKEN LISTRIK 200
Shopee,Token Listrik,Voucher Token Listrik 200.000
Shopee,Token Listrik,token listrik prabayar 200k
Shopee,Token Listrik,TOKEN PLN 200.000
Shopee,Token Listrik,"Token listrik dan pulsa kouta all operator xl,3,simpati,dll"
Shopee,Token Listrik,Token PLN 1 Juta / Token Listrik 1.000.000 / Token 1jt
Shopee,Token Listrik,PROMO TOKEN LISTRIK PLN 500 RIBU
Shopee,Token Listrik,Token PLN murah 500rb 1jt
Shopee,Token Listrik,TOKEN PLN HARGA 50/100 /200
Shopee,Token Listrik,TOKEN LISTRIK 500000 PRABAYAR MURAH PROSES CEPAT ( ID METER KIRIM KE CHAT )
Shopee,Token Listrik,TOKEN PLN PULSA LISTRIK 500ribu 1Juta (Proses Cepat)
Shopee,Token Listrik,Token PLN murah 100rb 200rb 500rb
Shopee,Token Listrik,TOKEN LISTRIK 1 JUTA TIDAK PECAHAN
Shopee,Token Listrik,Token PLN Prabayar 500rb 1juta Proses Cepat
Shopee,Token Listrik,Token Listrik PLN 1jt
Shopee,Token Listrik,TOKEN PULSA PLN LISTRIK 1 JUTA (DIISI 1X LANGSUNG)
Shopee,Token Listrik,TOKEN LISTRIK PLN 1 JUTA
Shopee,Token Listrik,TOKEN Listrik PLN Prabayar 1 Juta (Proses Cepat)
Shopee,Token Listrik,TOKEN PLN LISTRIK 200&500&1JT TIDAK PECAHAN
Shopee,Token Listrik,TOKEN Listrik PLN Prabayar 500.000 (Proses Cepat)
Shopee,Token Listrik,PROMO TOKEN LISTRIK 1JT TERMURAHH !!!!
Shopee,Token Listrik,TOKEN PLN 1.000.000
Shopee,Token Listrik,Token Listrik Prabayar 500rb Proses Cepat
Shopee,Token Listrik,token listrik
Shopee,Token Listrik,Token Listrik PLN 500Kwh
Shopee,Token Listrik,Token200/Token1000/Token500/Token PLN Murah/Prabayar/Promo
Shopee,Token Listrik,Token Listrik Prabayar 1juta Proses Cepat
Shopee,Token Listrik,Isi Ulang Token PLN - Isi Ulang Pulsa Listrik
Shopee,Token Listrik,PLN PRABAYAR 20/50/100
Shopee,Token Listrik,token murah
Shopee,Token Listrik,pulsa listrik murah cuma disini
Shopee,Token Listrik,"BAYAR TAGIHAN MU SEKARANG, TOKEN PLN, PDAM, LISTRIK PASCABAYAR DAN PRABAYAR"
Shopee,Token Listrik,ISI ULANG TOKEN LISTRIK DENGAN CEPAT / ISI ULANG PULSA LISTRIK / ISI TOKEN PLN
Shopee,Token Listrik,Box Token Listrik PVC Low-Profile Estetik
Shopee,Token Listrik,Spandul Jual Pulsa Token Listrik dan Paket Data Internet - Part 5
Shopee,Token Listrik,LEBIH HEMAT LEBIH TEPAT - PULSA ALL OPERATOR DAN TOKEN LISTRIK
Shopee,Token Listrik,TOKEN MANDIRI
Shopee,Token Listrik,"Agen Pulsa, kuota internet, token pln, ppob dll."
Shopee,Token Listrik,Vantage Skill Token Upgrade Pack
Shopee,Token Listrik,Box Token Listrik Box KWH PLN Meteran Listrik Token / Boks Tutup Pulsa Prabayar
Shopee,Token Listrik,Kotak Token Listrik PLN Pelindung Meteran Pulsa Warna Putih
Shopee,Token Listrik,《 Termurah 》Caver Box Token Listrik Box Token Listrik model Untuk Pulsa & Token
Shopee,Token Listrik,box tutup token listrik
Shopee,Token Listrik,Pelindung Token Listrik Khusus Pulsa Bahan Kayu MDF Berkualitas
Shopee,Token Listrik,KWH TOKEN PRABAYAR MERK SMART METER 5(60)A ORIGINAL
Shopee,Token Listrik,Box Token listrik / Bok Box pulsa listrik
Shopee,Token Listrik,[BUKAN METERAN] BOX TOKEN LISTRIK PLN DESAIN TERBARU/DEKORASI RUMAH LUCU
Shopee,Token Listrik,Box Token Listrik Kotak Meteran Token BX01
Shopee,Token Listrik,BOX TOKEN LISTRIK BOX KWH COVER TOKEN LISTRIK BOX TOKEN LISTRIK
Shopee,Token Listrik,[BEST SELLER] Pelindung Token Listrik Kayu MDF Aman Berkualitas
Shopee,Token Listrik,Rumah Token Listrik Hello Kitty Desain Lucu Mdf
Shopee,Token Listrik,Box/kotak Token Listrik Prabayar Minimalis
Shopee,Token Listrik,BOX COVER TUTUP TOKEN LISTRIK | TUTUP METERAN LISTRIK
Shopee,Token Listrik,Rumah Token Listrik Karakter Keropi Mdf Glossy
Shopee,Token Listrik,TERMURAH!!!Cover Token Listrik Prabayar/Token Listrik Pulsa Kayu MDF Anti Luntur
Shopee,Token Listrik,[BEST SELLER] Pelindung Token Listrik Bahan Kayu MDF Aman Berkualitas Model Telephone
Shopee,Token Listrik,Box Listrik Token Miki Kayu MDF Anti Luntur
Shopee,Token Listrik,TERMURAH!!!Pelindung Token Listrik Elegan Model Telephone/Cover Box Meteran Best Seller
Shopee,Token Listrik,Rumah Token Listrik Karakter Micky Mouse Mdf Glossy
Shopee,Token Listrik,Box Meteran Listrik Kayu Jati Unik Akrilik Bening
Shopee,Token Listrik,KWH Token Prabayar Smart Meter 5(60)A Listrik Pintar
Shopee,Token Listrik,Token Test
Shopee,Token Listrik,PLN Home Number Token Box Meteran Listrik Prabayar
Shopee,Token Listrik,BOX CAVER TUTUP TOKEN LISTRIK | TUTUP METERAN LISTRIK
Shopee,Token Listrik,Cover Token Listrik Model Lucu Telephone/Pelindung Token Listrik Kayu MDF Berkualitas
Shopee,Token Listrik,Indosaver hemat listrik 10~40%token pra bayar OkHemat
Shopee,Token Listrik,Box Cover Khusus Token Listrik - Box Meteran Listrik DM
Shopee,Token Listrik,BOX COVER KHUSUS TOKEN LISTRIK - BOX METERAN LISTRIK TH2810
Shopee,Token Listrik,bok  token listrik keropi/hello Kitty/ Doraemon/Mickey mouse
Shopee,Token Listrik,Struk Penjualan Token Listrik Custom 50 Lembar
Shopee,Token Listrik,Voucher Tambah Daya Listrik PLN PROMO 2025
Shopee,Token Listrik,Struk token listrik murah
Shopee,Token Listrik,KWH TOKEN PRABAYAR MEREK SMART METER murah
Shopee,Token Listrik,Promo Kotak meteran listik Box TOKEN PULSA PLN PRABAYAR Diskon
Shopee,Token Listrik,nota token listrik
Shopee,Token Listrik,Bolt New Pro Plan – Private & 10M Token
Shopee,Token Listrik,PROMO DISKON - KWH TOKEN PRABAYAR MEREK SMART METER
Shopee,Token Listrik,bok listrik token pulsa
Shopee,Token Listrik,Stiker Vinyl JUAL PULSA DAN TOKEN LISTRIK Ukuran 10 x 23 CM
Shopee,Token Listrik,Stiker Vinyl JUAL PULSA DAN PAKET DATA TOKEN LISTRIK 10X23 CM
Shopee,Token Listrik,Alat Penghemat Listrik Token Listrik 2 Kwh - Hemat Daya Teknologi Jerman
Shopee,Token Listrik,UCHIRO Box KWH Meter Mini MCB Prabayar / Token / Pulsa – Box Listrik Outdoor Ukuran Kecil Tahan Air & Debu Pelindung Meteran PLN
Shopee,Token Listrik,TERMURAH!!! Box Meteran Listrik Token PLN Prabayar Kayu Minimalis Pelindung Meteran Listrik
Shopee,Token Listrik,Stiker Pulsa & Token Listrik + Laminasi Glossy
Shopee,Token Listrik,Struk Pembelian Token Listrik 50 Lembar HVS 75 Gsm
Shopee,Token Listrik,Box Meteran Listrik Token Akrilik Estetik
Shopee,Token Listrik,®°LOVINA_STORE® PROMO!!Bok Meteran Desain Telephone Meteran Token/Listrik Tempat Pelindung Bok Meteran Listrik Token
Shopee,Token Listrik,Box Kwh Meteran Listrik Token/Box Tutup Kwh Meteran Listrik
Shopee,Token Listrik,Simple Furniture - Box Meteran Listrik Prabayar Token London Kayu Natural
Shopee,Token Listrik,Box Meteran Listrik Token Kayu MDF Estetik
Shopee,Token Listrik,BOX METERAN TOKEN LISTRIK DEXICON KOTAK PELINDUNG KWH METERAN LISTRIK
Shopee,Token Listrik,PROMO!!Bok Meteran Desain Telephone Meteran Token/Listrik Tempat Pelindung Bok Meteran Listrik Token
Shopee,Token Listrik,Struk Pembelian Token Listrik – Isi 100 Lembar | Nota Token Listrik Pintar Warung Konter Agen
Shopee,Token Listrik,Struk Pembelian Token Listrik | Nota Token Listrik
Shopee,Token Listrik,Struk Token Listrik 100 Lembar Struk Pembelian Token Listrik Nota Token Listrik
Shopee,Token Listrik,Stiker Jual Pulsa Dan Token Listrik Tahan Air
Shopee,Token Listrik,(100 lembar) STRUK PEMBELIAN TOKEN LISTRIK | NOTA TOKEN LISTRIK
Shopee,Token Listrik,(100 lembar) STRUK PEMBELIAN TOKEN LISTRIK | NOTA TOKEN LISTRIK KECIL
Shopee,Token Listrik,BOX KWH METERAN LISTRIK TOKEN PELINDUNG BOX PLN TOKEN LISTRIK PRABAYAR MURAH KERAS
Shopee,Token Listrik,Bok Listrik kWh Terbaru / Token Listrik Pulsa
Shopee,Token Listrik,BISA CUSTOM !!! Box Cover Meteran Listrik Tutup Token Listrik Lama Baru Pulsa Lemari Kecil Nakas Semua Bisa
Shopee,Token Listrik,Box Meteran Listrik Token / Pulsa - Kotak Meteran Listrik Token
Shopee,Token Listrik,Tutup Kwh Meter Token /Box Meteran Listrik Token #Gratisongkir
Shopee,Token Listrik,BOX PLN PELINDUNG KWH METER LISTRIK TOKEN  / BOX METERAN PLN BOX TOKEN LISTRIK METERAN
Shopee,Token Listrik,Rumah Token Listrik Shabby Chic Mdf Glossy
Shopee,Token Listrik,Darin Masko Box Token Listrik Prabayar PLN Kwh Meter Tebal Dan Kuat
Shopee,Token Listrik,Rumah Token Listrik Shabby Chic Mdf Glossy
Shopee,Token Listrik,Tutup Kwh Meter Token /Box Meteran Listrik Token #Gratisongkir
Shopee,Token Listrik,BOX PLN PELINDUNG KWH METER LISTRIK TOKEN  / BOX METERAN PLN BOX TOKEN LISTRIK METERAN
Shopee,Token Listrik,Darin Masko Box Token Listrik Prabayar PLN Kwh Meter Tebal Dan Kuat
Shopee,Token Listrik,Alat Penghemat Listrik Hemat Energi Token Voucher Meteran Pulsa Listrik
Shopee,Token Listrik,Lampu tulisan JUAL PULSA & TOKEN LISTRIK
Shopee,Token Listrik,Box Meteran Token Listrik PLN Kayu MDF Anti Luntur
Shopee,Token Listrik,Lampu tulisan JUAL PULSA HP & TOKEN LISTRIK
Shopee,Token Listrik,Lampu Tulisan PULSA PAKET DATA TOKEN LISTRIK TOP UP EWALLET
Shopee,Token Listrik,SINTE MASKO Box Token Listrik Prabayar PLN Kwh Meter Tebal dan Kuat Warna Putih Kualitas Bagus Murah
Shopee,Token Listrik,Tulisan lampu led sign PULSA BPJS TOKEN LISTRIK TRANSFER new
Shopee,Token Listrik,AULIART BOX METERAN LISTRIK TOKEN PLN TUTUP LISTRIK MCB COVER SHABBY KWH METER CUSTOM
Shopee,Token Listrik,Lampu Display Jual Token PLN Terang 3 Warna
Shopee,Token Listrik,Tulisan lampu led sign jual pulsa kuota token listrik air full variasi
Shopee,Token Listrik,Lampu Jual Pulsa Token Listrik / Open Gantung
Shopee,Token Listrik,Taffware kwh meter token listrik digital multifungsi
Shopee,Token Listrik,BOX METERAN TOKEN LISTRIK DEXICON KOTAK PELINDUNG KWH METERAN LISTRIK
Shopee,Token Listrik,Simple Furniture - Box Meteran Listrik Prabayar Token London Kayu Natural
Shopee,Token Listrik,PROMO!!Bok Meteran Desain Telephone Meteran Token/Listrik Tempat Pelindung Bok Meteran Listrik Token
Shopee,Token Listrik,Box KWH meter/Box Meteran Listrik Token model rumah / Kotak PLN / PLN Pulsa / Dekorasi rumah  / kotak pln model rumah
Shopee,Token Listrik,tulisan lampu LED SIGN PULSA DANA TOKEN DATA new 60x20 cm tinggal colok listrik
Shopee,Token Listrik,TERMURAH!!! Box Meteran Listrik Prabayar Token London Kayu Natural Termurah
Shopee,Token Listrik,Box Meteran Listrik Token Kayu MDF Cantik
Shopee,Token Listrik,Box Meteran Listrik Token Kayu Solid 17x10x30 Cm
Shopee,Token Listrik,Software Penambah Token Listrik Murah
Shopee,Token Listrik,Nota Token Listrik Murah HVS 70g 50 Lembar
Shopee,Token Listrik,"BAYAR TAGIHAN ANDA JADI MUDAH ( LISTRIK, TOKEN , PRABAYAR, PASCA BAYAR )"
Shopee,Token Listrik,Struk Nota Token Listrik PLN Perforasi 50 Lembar
Shopee,Token Listrik,Stiker Vinyl JUAL PULSA & TOKEN LISTRIK ukuran 10x23 CM
Shopee,Token Listrik,STRUK PEMBELIAN TOKEN LISTRIK PULSA BISA PAKAI NAMA TOKO UKURAN 10 X 4.5 CM BAHAN HVS
Shopee,Token Listrik,Stiker vinyl JUAL PULSA DAN TOKEN LISTRIK 10X23 CM
Shopee,Token Listrik,"""New"" Kotak meteran listik Box TOKEN PULSA PLN PRABAYAR"
Shopee,Token Listrik,Meteran listrik KWH Pulsa Token Berkualitas / BOX KOTAK TUTUP METERAN PLN PRABAYAR
Shopee,Token Listrik,:=:=:=:=] Tutup Kwh Meter Token SNI Body Tebal Pintu / Box Meteran Listrik Token
Shopee,Token Listrik,STIKER VINYL JUAL PULSA & TOKEN LISTRIK
Shopee,Token Listrik,Struk Token Listrik Struk Pembelian Token Listrik Ukuran 10 X 4.5 Cm
Shopee,Token Listrik,BOX KWH Pelindung Meteran Listrik Token Pulsa Merk MASKO Tebal Kokoh [COD]
Shopee,Token Listrik,"Stiker Murah Jual Pulsa, Paket Data, & Token Listrik Untuk Warung Serta Tempat Usaha"
Shopee,Token Listrik,HKY Electric Saver Penghemat Listrik PLN Alat Hemat Daya kWh SoftStart Hemat Tagihan Token Bulanan
Shopee,Token Listrik,READY STOCK Box Meteran Listrik Token PLN Kayu MDF Anti Luntur
Shopee,Token Listrik,"Stiker Vinyl JUAL PULSA, PAKET DATA, TOKEN LISTRIK ukuran 10x23 CM"
Shopee,Token Listrik,Cod!!! Box Listrik Tutup Token Listrik Pulsa Pintu Kayu Termurah
Shopee,Token Listrik,READY STOCK Box Listrik Tutup Token Listrik Pulsa Pintu Kayu
Shopee,Token Listrik,STIKER VINYL JUAL PULSA Paket Data Internet & Token Listrik 31 X 11 CM -SIAP KIRIM
Shopee,Token Listrik,READY STOCK Nanhayu Tkisi - Box Cover Token Listrik KWH Meter Listrik Prabayar/Digital
Shopee,Token Listrik,Penghemat Listrik Alat Hemat Daya Listrik Token Electric Energy Saver
Shopee,Token Listrik,BOX KWH HIRO PASCABAYAR / BOX KWH TOKEN TUTUP METERAN LISTRIK HIRO
Shopee,Token Listrik,Alat Penghemat Daya Listrik Hemat kWh Tagihan Pulsa Token / Bulanan PLN Soft Start
Shopee,Token Listrik,Tutup KWH Token Pulsa Meteran Listrik Kuncian Gembok
Shopee,Token Listrik,Box Meteran Listrik PLN Estetik - Penutup Box Token MDF 17x10x30 cm
Shopee,Token Listrik,Casing Box Meteran Listrik Wood MDF - Pelindung Token PLN 17x10x30 cm
Shopee,Token Listrik,"""New"" Kotak meteran listik Box TOKEN PULSA PLN PRABAYAR"
Shopee,Token Listrik,READY STOCK AULIART BOX METERAN LISTRIK TOKEN PLN TUTUP LISTRIK MCB COVER SHABBY KWH METER CUSTOM
Shopee,Token Listrik,Box Listrik Tutup Token Listrik Pulsa Pintu Kayu
Shopee,Token Listrik,[isi 100 pcs] STRUK TOKEN LISTRIK PLN | NOTA TOKEN LISTRIK
Shopee,Token Listrik,Box Tutup Meteran Listrik Token.Untuk Meteran Model Baru Token Bok Tutup Meteran Prabayar
Shopee,Token Listrik,tokozeifang | 2025 Penghemat Listrik PLN Electric Saver / Electricity Saving Box Alat Hemat Daya kWh Soft Start Tagihan Pulsa Token / Bulanan
Shopee,Token Listrik,Box listrik mesin baru pascabayar / box token listrik polos putih #standart
Shopee,Token Listrik,Wadah Meteran Listrik Token & Pascabayar MDF - Tutup Box PLN 17x10x30
Shopee,Token Listrik,Osy - Box Listrik Tutup Token Listrik Pulsa Pintu Kayu
Shopee,Token PLN,TOKEN LISTRIK TERMURAH SE-INDONESIA DAN RESMI
Shopee,Token PLN,diskon token listrik token listrik murah
Shopee,Token PLN,Token Listrik PLN Prabayar 5rb–50rb | Proses Cepat 24 Jam | Resmi & Aman
Shopee,Token PLN,TOKEN PLN - TOKEN PLN PROMO - PLN TOKEN PROMO - PLN TOKEN - TOKEN PLN 5K - TOKEN PLN 5 RIBU - TOKEN PLN 10K - TOKEN PLN 10 RIBU - TOKEN PLN 15K - TOKEN PLN 15 RIBU - TOKEN PLN 20K - TOKEN PLN 20 RIBU
Shopee,Token PLN,Token PLN 5k-25k Proses cepat - TOKEN 5K - TOKEN 10K - TOKEN 15K - TOKEN 20K - TOKEN 25K
Shopee,Token PLN,Promo Token Listrik 5k 10k 15k 20k 20ribu
Shopee,Token PLN,Token Listrik PLN Nominal 100.000 murah!
Shopee,Token PLN,Token Listrik Mini Pintar Murah 5000-20000
Shopee,Token PLN,Token Listrik Diskon Murah PROMO PLN 1 Juta
Shopee,Token PLN,PLN LISTRIK ISI ULANG TOKEN PLN 20RB
Shopee,Token PLN,diskon token listrik token listrik murah
Shopee,Token PLN,"Token Listrik PLN Termurah 20k, 25k, 50k Promo"
Shopee,Token PLN,TERMURAH!!! TOKEN PLN | TOKEN LISTRIK | PULSA LISTRIK MURAH 20K 50K 100K
Shopee,Token PLN,Promo Token Listrik PLN Prabayar Dan Paskabayara 1jt-10jt
Shopee,Token PLN,TOKEN Pulsa Listrik PLN 5K 5 Ribu 5rb Eceran Murah (Kirim Kode via Chat)
Shopee,Token PLN,Token Listrik Mini/Pln/Listrik Pintar 10k-5rb-100
Shopee,Token PLN,Token Listrik Murah Rafachel Kualitas Konsisten
Shopee,Token PLN,Token Listrik PLN 5k 10k 15k 20k
Shopee,Token PLN,Pulsa Listrik Token PLN 5RB 10RB 15RB Dadakan
Shopee,Token PLN,Token PLN / Harga Admin Termurah / Proses Langsung Masuk
Shopee,Token PLN,Pulsa Listrik - Voucher listrik - Token Listrik PLN Termurah !!
Shopee,Token PLN,"Token Listrik Nominal Kecil 5k,10k,15k,20k,50K Proses Cepat"
Shopee,Token PLN,Token Listrik PLN PROMO 500RB Original 24 Jam
Shopee,Token PLN,TOKEN PLN 100.000
Shopee,Token PLN,Murah Token Listrik PLN Aman dan Amanah
Shopee,Token PLN,"Token Listrik Murah 5,10,15 Untuk Pembelian Online"
Shopee,Token PLN,PROMO Token Listrik 20 K Ready PLN ID
Shopee,Token PLN,Token Listrik PLN Nominal 20.000 murah!
Shopee,Token PLN,Token PLN Promo Termurah Cuma Disini Ready 20K 50K
Shopee,Token PLN,Token listrik pulsa PLN 50k
Shopee,Token PLN,Token Listrik PLN PROMO 100RB Original
Shopee,Token PLN,Token Listrik PLN Termurah Shopee Berbagai Nominal
Shopee,Token PLN,"Token Listrik PLN Prabayar 25.000 , 50.000 dengan Pengisian Cepat"
Shopee,Token PLN,Token Listrik PLN Nominal 15.000 murah!
Shopee,Token PLN,"token listrik mini murah,listrikpintar,token listrik"
Shopee,Token PLN,Token Listrik PLN Nominal 5.000 sampai 50.000 murah!
Shopee,Token PLN,TOKEN LISTRIK PLN 5 10 15 20 50 Best Seller
Shopee,Token PLN,Token Listrik PLN Nominal 5.000 murah!
Shopee,Token PLN,Token listrik promo 850  bisa saldo
Shopee,Token PLN,TOKEN LISTRIK 5k-50k
Shopee,Token PLN,PLN Token | Pulsa Listrik | Token Listrik | Nominal 5.000 sampai 50.000
Shopee,Token PLN,Token Listrik Mini 5K-20K Asli Proses Cepat
Shopee,Token PLN,TERMURAH!!! TOKEN PLN | TOKEN LISTRIK | PULSA PLN | PULSA LISTRIK MURAH 20K 50K 100K
Shopee,Token PLN,Token PLN Langsung 1 Juta 1 Jt 1Jt
Shopee,Token PLN,Token Listrik Murah & Aman Rp. 100.000
Shopee,Token PLN,Token Listrik 5K 5RB 5000 Isi Ulang
Shopee,Token PLN,PROMO Token Listrik 50K 50RB Isi Cepat 50000
Shopee,Token PLN,Isi Ulang Token Pln Nominal 20000 - 100000 Harga Murah
Shopee,Token PLN,PROMO Token Listrik Termurah PLN Terbaru
Shopee,Token PLN,token listrik
Shopee,Token PLN,PLN TOKEN 100RIBU | TOKEN LISTRIK 100.000 | PULSA LISTRIK 100K | NOMINAL 100
Shopee,Token PLN,Murahhh || Token Listrik 20K 50K 70K 100K
Shopee,Token PLN,Token Listrik PLN Nominal 10.000 murah!
Shopee,Token PLN,Token PlN mini
Shopee,Token PLN,Token Listrik PLN PROMO 1 Juta Original
Shopee,Token PLN,Token Listrik PLN Nominal 25.000 murah!
Shopee,Token PLN,Token Listrik Cepat Masuk Bergaransi harga Murah
Shopee,Token PLN,Token Listrik PLN Nominal 50.000 murah!
Shopee,Token PLN,"Termurah Token Listrik 5Rb,10Rb,15Rb,20Rb Proses Cepat"
Shopee,Token PLN,Pulsa Listrik Token Listrik PLN Amanah 100%
Shopee,Token PLN,Pulsa Token Listrik 200K
Shopee,Token PLN,TOKEN PLN | PLN TOKEN MINI PROMO  | TOKEN PLN 5K - TOKEN PLN 10K
Shopee,Token PLN,TOKEN LISTRIK PLN PROMO NOMINAL 5 10 15 20 50 - ISI ULANG PULSA TOKEN LISTRIK PLN CEPAT LANGSUNG KIRIM
Shopee,Token PLN,PLN Token | Pulsa Listrik | Token Listrik | Nominal 5.000 sampai 50.000
Shopee,Token PLN,TOKEN LISTRIK PLN 5/10/15/20 token listrik mini SALE TERMURAH!! Kirim Otomatis & Langsung Aktif
Shopee,Token PLN,Token Listrik PLN Nominal Lengkap Harga Murah
Shopee,Token PLN,Token Listrik PLN 100 100000 / Pulsa Listrik 100 Murah
Shopee,Token PLN,PROMO Token Listrik Termurah PLN Terbaru
Shopee,Token PLN,Token PLN Prabayar
Shopee,Token PLN,Token Listrik Murah 5k 10k 15k 20k Pengiriman Cepat
Shopee,Token PLN,Token Listrik PLN Nominal 5.000 murah!
Shopee,Token PLN,Token Listrik PLN Aman Murah dan Amanah
Shopee,Token PLN,Pulsa Listrik Token Listrik PLN Amanah 100%
Shopee,Token PLN,Murahhh || Token Listrik 20K 50K 70K 100K
Shopee,Token PLN,Token Listrik PLN Nominal 5.000 sampai 50.000 murah!
Shopee,Token PLN,Token Listrik Top Up PLN Murah
Shopee,Token PLN,Token Listrik PLN 5 10 15 20 50 40 70 100 Pulsa Listrik
Shopee,Token PLN,"Termurah Token Listrik 5Rb,10Rb,15Rb,20Rb Proses Cepat"
Shopee,Token PLN,Token Listrik PLN Nominal 10.000 murah!
Shopee,Token PLN,TOKEN PLN CEPAT & MURAH 20K - 100K
Shopee,Token PLN,Isi Ulang Token Pln Nominal Besar Termurah
Shopee,Token PLN,Token listrik pulsa PLN 5k-200k
Shopee,Token PLN,Pulsa Token Listrik 200.500
Shopee,Token PLN,PROMO TOKEN LISTRIK CEPAT MUDAH
Shopee,Token PLN,Token Listrik Mini 5K 10K 15K Asli Cepat Listrik PLN Nominal Lengkap
Shopee,Token PLN,Token Listrik PLN Nominal 50.000 murah!
Shopee,Token PLN,Token listrik PLN murah
Shopee,Token PLN,TOKEN LISTRIK 10K 10.000 10Ribu 10Rb | Promo Pulsa PLN Pintar Eceran Grosir Murah Langsung Kirim Kode Via Chat
Shopee,Token PLN,Token Listrik PLN – Murah & Cepat
Shopee,Token PLN,Token Listrik Pintar | PLN Prabayar | Promo Diskon Biaya Admin
Shopee,Token PLN,token PLN murah 20
Shopee,Token PLN,TOKEN LISTRIK PLN MURAH 20K 50K 100K PROSES CEPAT!!!
Shopee,Token PLN,TOKEN PLN  20/50/100 murah dan cepat
Shopee,Token PLN,Token Listrik PLN 20.000 | Isi Token Listrik 20K Cepat & Aman
Shopee,Token PLN,Token Listrik PLN 15.000 | Pulsa Listrik 15K Proses Instan
Shopee,Token PLN,"Token Listrik 5k , 10k , 15k , 20k"
Shopee,Token PLN,Promo Token Listrik 200RB-500RB
Shopee,Token PLN,TOKEN LISTRIK PLN NOMINAL 25.000 TERMURAH
Shopee,Token PLN,Token Listrik Murah | 15 20 25 50 100
Shopee,Token PLN,TOKEN LISTRIK 50k
Shopee,Token PLN,TERMURAH Token Listrik PLN Aman dan Amanah
Shopee,Token PLN,Isi Pulsa TOKEN LISTRIK PLN Prabayar 20 50 100 200
Shopee,Token PLN,Token Listrik PLN PROMO 50RB Original Sesuai KWH
Shopee,Token PLN,Token Listrik Murah Dengan Nomor Meteran
Shopee,Token PLN,TOKEN PLN MURAH
Shopee,Token PLN,TOKEN PLN - TOKEN PLN PROMO - PLN TOKEN PROMO - PLN TOKEN - TOKEN PLN 5K - TOKEN PLN 5 RIBU - TOKEN PLN 10K - TOKEN PLN 10 RIBU - TOKEN PLN 20K - TOKEN PLN 20 RIBU
Shopee,Token PLN,Token Listrik PLN 50.000 | Pulsa Listrik 50K Instan 24 Jam
Shopee,Token PLN,Token Listrik PLN Prabayar 20.000 dengan Pengisian Cepat
Shopee,Token PLN,Token Listrik Murah dan Cepat  Rp. 20.000
Shopee,Token PLN,Token Listrik Murah PLN Cepat Proses 20k-100k
Shopee,Token PLN,PROMO TOKEN LISTRIK 20Rb
Shopee,Token PLN,Token Listrik PLN 20K | Isi Listrik Cepat Tanpa Delay
Shopee,Token PLN,Token PLN
Shopee,Token PLN,TOKEN LISTRIK PLN PROMO TERMURAH
Shopee,Token PLN,TOKEN LISTRIK PLN NOMINAL 50.000 TERMURAH
Shopee,Token PLN,Token Listrik PLN 50.000 100.000 200.000 Murah Cepat
Shopee,Token PLN,Token Listrik PLN Nominal Besar - Pengisian Cepat dan Mudah
Shopee,Token PLN,TOKEN LISTRIK PLN NOMINAL 5.000 TERMURAH
Shopee,Token PLN,Token Listrik 20 | 25 | 50 | 100 | 200.
Shopee,Token PLN,Token listrik termurah di shopee ( Bayar Tagihan listrik)
Shopee,Token PLN,Token Listrik PLN 20K | Isi Listrik Cepat Tanpa Delay
Shopee,Token PLN,Token listrik 10k promo
Shopee,Token PLN,TOKEN LISTRIK PLN NOMINAL 5.000 TERMURAH
Shopee,Token PLN,TOKEN LISTRIK PLN5 PLN10 PLN15 PLN20
Shopee,Token PLN,Isi Ulang Token Pln Nominal Besar Termurah
Shopee,Token PLN,Token Listrik PLN 10k
Shopee,Token PLN,pulsa listrik pln
Shopee,Token PLN,TOKEN LISTRIK PLN NOMINAL 20.000 TERMURAH
Shopee,Token PLN,Token listrik original pln
Shopee,Token PLN,Token Listrik PLN 50 50000 / Pulsa Listrik 50K Murah
Shopee,Token PLN,TOKEN LISTRIK (PLN) HOT PROMO
Shopee,Token PLN,[Promo] Token Listrik PLN Murah
Shopee,Token PLN,TOKEN LISTRIK PLN NOMINAL 15.000 TERMURAH
Shopee,Token PLN,TOKEN PLN - TOKEN PLN PROMO - PLN TOKEN PROMO - PLN TOKEN - TOKEN PLN 5K - TOKEN PLN 5 RIBU - TOKEN PLN 10K - TOKEN PLN 10 RIBU - TOKEN PLN 20K - TOKEN PLN 20 RIBU
Shopee,Token PLN,Token Listrik Murah dan Cepat  Rp. 20.000
Shopee,Token PLN,Token listrik 500
Shopee,Token PLN,Token Listrik Pulsa Listrik Token PLN 100 100RB
Shopee,Token PLN,Token Listrik 20 | 25 | 50 | 100 | 200.
Shopee,Token PLN,"Token Listrik 20K, 50K Termurah Hemat Asli"
Shopee,Token PLN,Token Listrik PLN 5k
Shopee,Token PLN,Token Listrik 20k Termurah Proses Cepat Asli
Shopee,Token PLN,Token listrik termurah di shopee ( Bayar Tagihan listrik)
Shopee,Token PLN,PROMO Token Listrik PLN Proses Cepat
Shopee,Token PLN,Token PLN
Shopee,Token PLN,Token Listrik Prabayar || Listrik PLN 20.000
Shopee,Token PLN,PROMO TOKEN LISTRIK CEPAT MUDAH
Shopee,Token PLN,Token Listrik PLN 50.000 100.000 200.000 Murah Cepat
Shopee,Token PLN,PROMO TOKEN PLN 20 50 100
Shopee,Token PLN,Token Listrik 20 20000 / Pulsa Listrik PLN 20K Murah
Shopee,Token PLN,token listrik listrik100  promo
Shopee,Token PLN,Token Listrik PLN 5 10 15 20 50 40 70 100 Pulsa Listrik
Shopee,Token PLN,Token listrik pulsa PLN 5k-200k
Shopee,Token PLN,Token Listrik Top Up PLN Murah
Shopee,Token PLN,TOKEN LISTRIK PLN 100K & 200K PROMO TERMURAH TERLARIS DISKON
Shopee,Token PLN,Token Listrik PLN promo 20 50 100
Shopee,Token PLN,Token Listrik Mini 5K 10K 15K Asli Cepat Listrik PLN Nominal Lengkap
Shopee,Token PLN,TOKEN LISTRIK MURAH DAN AMANAH
Shopee,Token PLN,"Token Listrik PLN 5.000 10.000 15.000 20.000 25.000 50.000 - Promo, Murah, Langsung Dikirim"
Shopee,Token PLN,TOKEN LISTRIK PRABAYAR PROMO  PLN 15 15k 20 20k 50 50k 100 100k 200 200k 500 500k 1 juta 1 jt 1jt 1000k
Shopee,Token PLN,20K Token Listrik PLN Prabayar - Pengiriman Cepat & Langsung Via Chat
Shopee,Token PLN,Token Listrik PLN 5k 10k PROMO Termurah
Shopee,Token PLN,TOKEN PLN MURAH
Shopee,Token PLN,"TOKEN LISTRIK 20000, 50000, 100000 | PLN | PULSA LISTRIK"
Shopee,Token PLN,"Token Listrik Murah 5k, 10k, 15k, 20k {Baca Deskripsi Dulu}"
Shopee,Token PLN,Token Listrik Murah | 15 20 25 50 100
Shopee,Token PLN,Token PROMO Listrik 100 Dan 200 Murah Proses Cepat
Shopee,Token PLN,Token Listrik PLN Prabayar - Pengiriman Cepat & Langsung Via Chat
Shopee,Token PLN,Token PLN Murah
Shopee,Token PLN,TERMURAH!!! TOKEN PLN | TOKEN LISTRIK | PULSA PLN | PULSA LISTRIK MURAH 50K 100K 200Kl
Shopee,Token PLN,TOKEN LISTRIK PLN 20 RIBU / 20000
Shopee,Token PLN,Token PLN dan tagihan PLN
Shopee,Token PLN,Pulsa Token Listrik 200.500
Shopee,Token PLN,Pulsa Listrik Token PLN Prabayar Murah Mudah Cepat
Shopee,Token PLN,Promo Token Listrik 200RB-500RB
Shopee,Token PLN,PROMO Token Listrik 20K 50K Pengiriman Cepat
Shopee,Token PLN,TOKEN PLN ECERAN MULAI DARI 5K - WARUNG KOMUNIKA
Shopee,Token PLN,TOKEN LISTRIK 25K 25000 25Ribu 25Rb | Promo Pulsa PLN Pintar Eceran Grosir Murah Langsung Kirim Kode Via Chat | Serba 0 Rupiah
Shopee,Token PLN,Token Listrik PLN Prabayar-Nominal 5rb s/d 200rb
Shopee,Token PLN,Token Listrik Prabayar Digital 20 Digit
Shopee,Token PLN,Token Listrik Pln
Shopee,Token PLN,Token PLN 5K 10K 5K 20K 30K 40K 50K
Shopee,Token PLN,Token listrik MURAH
Shopee,Token PLN,Token listrik pulsa listrik 50k murah
Shopee,Token PLN,token listrik listrik100  promo
Shopee,Token PLN,TOKEN LISTRIK PLN 20 50 100
Shopee,Token PLN,Promo Token Listrik 100K 100Rb
Shopee,Token PLN,PULSA TOKEN LISTRIK PLN Prabayar Murah 20 50 100 200 Isi Ulang
Shopee,Token PLN,PLN PRABAYAR 20/50/100
Shopee,Token PLN,TOKEN LISTRIK PROMO PLN MURAH 15 15k 20 20k 50 50k 100 100k 200 200k 500 500k 1 juta
Shopee,Token PLN,Token Listrik Pln
Shopee,Token PLN,Token Listrik PLN 50 50000 / Pulsa Listrik 50K Murah
Shopee,Token PLN,"Token Listrik 5k , 10k , 15k , 20k"
Shopee,Token PLN,Token Listrik PLN 5.000 | Pulsa Listrik 5K Instan Cepat
Shopee,Token PLN,Token Listrik 500Rb PROMO Dikirim Via Kurir
Shopee,Token PLN,TOKEN LISTRIK 20K 20000 20Ribu 20Rb | Promo Pulsa PLN Pintar Eceran Grosir Murah Langsung Kirim Kode Via Chat
Shopee,Token PLN,"Token Listrik PLN 5.000 10.000 15.000 20.000 25.000 50.000 - Promo, Murah, Langsung Dikirim"
Shopee,Token PLN,Token Listrik 20 | 25 | 50 | 100 | 200.
Shopee,Token PLN,Pulsa/Token/PLN Listrik Proses Cepat Murah
Shopee,Token PLN,20K Token Listrik PLN Prabayar - Pengiriman Cepat & Langsung Via Chat
Shopee,Token PLN,Token Listrik Murah 20 50 100 Pengiriman Cepat
Shopee,Token PLN,Token Listrik promo 15k proses cepat
Shopee,Token PLN,Token Listrik PLN promo 20 50 100
Shopee,Token PLN,Token Listrik Prabayar || Listrik PLN 20.000
Shopee,Token PLN,TOKEN LISTRIK PROMO PLN MURAH 15 25k 20 20k 50 50k 100 100k 200 200k 500 500k 1 juta
Shopee,Token PLN,TOKEN PLN 100K
Shopee,Token PLN,TOKEN LISTRIK 20K MURAH DAN CEPAT
Shopee,Token PLN,Token Listrik PLN
Shopee,Token PLN,Token listrik 10k promo
Shopee,Token PLN,TOKEN LISTRIK PLN 100K & 200K PROMO TERMURAH TERLARIS DISKON
Shopee,Token PLN,Token Listrik / Pulsa PLN Prabayar 20 50 100 ribu 20000 50000 100000
Shopee,Token PLN,TOKEN LISTRIK PRABAYAR PROMO  PLN 15 15k 20 20k 50 50k 100 100k 200 200k 500 500k 1 juta 1 jt 1jt 1000k
Shopee,Token PLN,Token Listrik 200
Shopee,Token PLN,pulsa listrik pln
Shopee,Token PLN,TOKEN LISTRIK MURAH DAN AMANAH
Shopee,Token PLN,Token Listrik Murah 20 50 100 Pengiriman Cepat
Shopee,Token PLN,TOKEN LISTRIK PLN PROMO 15/20/50/100  (20x5  100 100k) (20x10 200 200k) (20x25 500 500k) PALING MURAH
Shopee,Token PLN,Token Listrik PLN 50.000 100.000 200.000 Murah Cepat
Shopee,Token PLN,Token Listrik / Pulsa PLN Prabayar 200 500 ribu 1 Juta 200000 500000 1000000
Shopee,Token PLN,"Token Listrik 20K, 50K Termurah Hemat Asli"
Shopee,Token PLN,Token Listrik 10k Termurah Terpercaya Amanah
Shopee,Token PLN,TOKEN LISTRIK 15K 15000 15Ribu 15Rb | Promo Pulsa PLN Pintar Eceran Grosir Murah Langsung Kirim Kode Via Chat
Shopee,Token PLN,TOKEN LISTRIK PRABYAR
Shopee,Token PLN,TERMURAH TOP BANGET UP SALDO/REGULER ALL  OPERATOR SELULER
Shopee,Token PLN,BISA COD NOMOR CANTIK TELKOMSEL 10 DIGIT BISA DIGUNAKAN DI WILAYAH INDONESIA BONUS KUOTA INTERNET 5000GB
Shopee,Token PLN,MCB Pln modif request anti jegglek anti panas
Shopee,Token PLN,PROMO Token Listrik PLN Proses Cepat
Shopee,Token PLN,Box Meteran Token Telephone Mika Mdf 6mm
Shopee,Token PLN,"MCB Schneider Biru PLN 1P 2A/4A/6A/10A/16A/20A/25A/35A/40A - Perlindungan Listrik, SNI Standar, Anti Jeglek"
Shopee,Token PLN,ijuk duri penghalang panjat /ijuk PLN / ijuk pengusir tikus &ular ukuran 50 cm
Shopee,Token PLN,MCB modif Schneider pln anti jeglek bisa regues
Shopee,Token PLN,Struk Nota Pembelian Token Listrik Struk Pembelian Token Listrik Nota Token Listrik
Shopee,Token PLN,Stiker Vinyl JUAL PULSA DAN TOKEN LISTRIK 10X23CM
Shopee,Token PLN,Leonardo Ai 8500 token Private
Shopee,Token PLN,Box Meteran Telephone Pintu Putih MDF 30x21x12
Shopee,Token PLN,Box Kwh Meter Pulsa Transparan Token Listrik 27x19x13 Cm
Shopee,Token PLN,MCB PLN modif ABB SH 201 biru anti jeglek bisah request second original 2a 4a 6a 10a 16a 20a 25a 35a 50a
Shopee,Token PLN,MCB Modif schneider pln 1 phase anti jeglek siap pake di jamin normal
Shopee,Token PLN,MCB Modif Anti-Jeglek Merlin Gerin Pln 1P
Shopee,Token PLN,MCB modif Merlin gerin pln 1pas anti jeglek siap pakai di jamin normal
Shopee,Token PLN,MCB MODIF ABB SH201 PLN 1PAS ORGINAL SIAP PAKEK DI JAMIN NURMAL
Shopee,Token PLN,TOKEN LISTRIK PLN PRABAYAR 20.000 - 50.000 - 100.000
Shopee,Token PLN,TERMURAH!!! TOKEN PLN | TOKEN LISTRIK | PULSA PLN | PULSA LISTRIK MURAH 50K 100K 200Kl
Shopee,Token PLN,"TOKEN LISTRIK PROMO PLN PRABAYAR [5.000, 10.000, 15.000, 20.000, 50.000, 100.000] 5 5k 10 10k 15 15k 20 20k 50 50k 100 100k  TERMURAH"
Shopee,Token PLN,Token Listrik Murah
Shopee,Token PLN,TOKEN Listrik/PLN Prabayar 200.000 Proses Cepat
Shopee,Token PLN,TOKEN LISTRIK PRABAYAR PROMO PLN 5 5k 10 10k 15 15k 20 20k 50 50k 100 100k 200 200k 500 500k 1 Juta 1jt 1 jt
Shopee,Token PLN,Token Listrik MURAH
Shopee,Token PLN,SUPER MURAH TOKEN PLN CEPAT  200K - 1 JUTA
Shopee,Token PLN,TOKEN LISTRIK PRABAYAR PROMO PLN 15 15k 20 20k 50 50k 100 100k 200 200k 500 500k 1 juta 1jt 1 juta 1000k dan Pulsa hp Isi Ulang all operator termurah
Shopee,Token PLN,Token Listrik Murah 50K
Shopee,Token PLN,PROMO TOKEN LISTRIK ISI ULANG PLN 20RB 50RB 100RB MURAH 20K 20000 50K 50000 RIBU 100K PRABAYAR
Shopee,Token PLN,Token Listrik
Shopee,Token PLN,Token PLN Murah
Shopee,Token PLN,Token Listrik 20k
Shopee,Token PLN,TOKEN PLN - TOKEN PLN PROMO - PLN TOKEN PROMO - PLN TOKEN - TOKEN PLN 5K - TOKEN PLN 5 RIBU - TOKEN PLN 10K - TOKEN PLN 10 RIBU - TOKEN PLN 15K - TOKEN PLN 15 RIBU - TOKEN PLN 20K - TOKEN PLN 20 RIBU
Shopee,Token PLN,PROMO TOKEN PLN 100K
Shopee,Token PLN,"PROMO TOKEN PLN//Token listrik murah 20k, 50k, 100k murah"
Shopee,Token PLN,Pulsa Listrik Token PLN Prabayar Murah Mudah Cepat
Shopee,Token PLN,Token Listrik PLN Prabayar 20k 50k 100k
Shopee,Token PLN,Token PLN 200.000 Murah
Shopee,Token PLN,Token Pulsa Listrik Pengiriman Cepat Terjangkau
Shopee,Token PLN,Token PLN 500 Promo#Listrik#Prabayar#
Shopee,Token PLN,Token Listrik PLN Murah Nominal 20.000 PROMO Termurah
Shopee,Token PLN,token listrik 20/50/100
Shopee,Token PLN,Token Listrik BUKA 24 JAM
Shopee,Token PLN,Jual Token Listrik
Shopee,Token PLN,TOKEN LISTRIK
Shopee,Token PLN,Token listrik termurah
Shopee,Token PLN,Token listrik 100k
Shopee,Token PLN,Token PLN Murah!
Shopee,Token PLN,Token Listrik PLN Murah dan Cepat 20K 25K 50K 100K
Shopee,Token PLN,"Token PLN - TOKEN LISTRIK PROMO, Termurah di Shopee Nominal 5.000, 10.000."
Shopee,Token PLN,Token Listrik PLN Termurah Nominal 200.000
Shopee,Token PLN,LANGSUNG PROSES 200K UTUH❗TOKEN PLN200 || PLN200 || TOKEN200 || PLN 200RB || PLN 200.000 || PLN 200K
Shopee,Token PLN,Token Listrik 15k/20/50/100/200 15/20k/50k/100k/200k
Shopee,Token PLN,Token PLN 20000 Proses Cepat
Shopee,Token PLN,Token pulsa listrik
Shopee,Token PLN,Token listrik termurah di shopee ( Bayar Tagihan listrik)
Shopee,Token PLN,Token Listrik 100
Shopee,Token PLN,Token PLN Promo / Voucher Listrik Murah 20RB 50RB 100RB
Shopee,Token PLN,TOKEN LISTRIK PLN PROMO 50RIBU/50.000
Shopee,Token PLN,TOKEN LISTRIK 500000 PRABAYAR MURAH PROSES CEPAT ( ID METER KIRIM KE CHAT )
Shopee,Token PLN,"TOKEN LISTRIK MURAH / LISTRIK PULSA PLN 20K, 50K, 100K"
Shopee,Token PLN,Token Listrik PLN Murah Promo
Shopee,Token PLN,token listrik pln
Shopee,Token PLN,token listrik prabayar 200k
Shopee,Token PLN,"Token Listrik 5k , 10k , 15k , 20k"
Shopee,Token PLN,PROMO TOKEN LISTRIK PLN 20k 50k
Shopee,Token PLN,TOKEN LISTRIK PLN PROMO 200K Proses Cepat
Shopee,Token PLN,TOKEN LISTRIK PROMO 200K 500K 1000K
Shopee,Token PLN,Token Listrik
Shopee,Token PLN,TOKEN LISTRIK 300K
Shopee,Token PLN,Token Listrik Promo
Shopee,Token PLN,Promo token listrik pintar
Shopee,Token PLN,[PROMO]TOKEN LISTRIK  / LISTRIK PRABAYAR MURAH 20RB 50RB 100RB
Shopee,Token PLN,Token listrik 20
Shopee,Token PLN,token listrik listrik100  promo
Shopee,Token PLN,Token Listrik 200.000
Shopee,Token PLN,PROMO Token Listrik PLN 20RB-100RB
Shopee,Token PLN,Pulsa/Token/PLN Listrik Proses Cepat Murah
Shopee,Token PLN,"Token Listrik PLN Prabayar | Kirim Cepat via Chat (5K, 10K, 20K)"
Shopee,Token PLN,TOKEN LISTRIK PROMO PLN 20 20k 50 50k 100 100k 200 200k 500 500k 1 Juta  dan Pulsa Isi Ulang
Shopee,Token PLN,Token Listrik Murah 20 50 100 Pengiriman Cepat
Shopee,Token PLN,TOKEN LISTRIK PLN PROMO 50RIBU/50.000
Shopee,Token PLN,Token Listrik 10k Termurah Terpercaya Amanah
Shopee,Token PLN,Token PLN Murah
Shopee,Token PLN,Token listrik termurah di shopee ( Bayar Tagihan listrik)
Shopee,Token PLN,TOKEN LISTRIK PLN PROMO 15/20/50/100  (20x5  100 100k) (20x10 200 200k) (20x25 500 500k) PALING MURAH
Shopee,Token PLN,Token Listrik 200 500 1000
Shopee,Token PLN,Token Listrik BUKA 24 JAM
Shopee,Token PLN,TOKEN LISTRIK PLN PRABAYAR 20.000 - 50.000 - 100.000
Shopee,Token PLN,TOKEN LISTRIK PRABAYAR PROMO PLN 5 5k 10 10k 15 15k 20 20k 50 50k 100 100k 200 200k 500 500k 1 Juta 1jt 1 jt
Shopee,Token PLN,"TOKEN LISTRIK PROMO PLN PRABAYAR [5.000, 10.000, 15.000, 20.000, 50.000, 100.000] 5 5k 10 10k 15 15k 20 20k 50 50k 100 100k  TERMURAH"
Shopee,Token PLN,"Token listrik 20rb , 20 rb , 20 ribu , 20ribu, 100rb 100ribu 100 rb 100 ribu"
Shopee,Token PLN,"TOKEN PLN - TOKEN LISTRIK PROMO, Termurah di SHOPEE Nominal 5.000, 10.000, 15.000, 20.000."
Shopee,Token PLN,Token Listrik Bersahabat
Shopee,Token PLN,Token Listrik Murah 200K-500K
Shopee,Token PLN,Token Listrik Murah 100%
Shopee,Token PLN,TOKEN PLN / ISI ULANG PULSA LISTRIK 20 50 100 200 RIBU | MURAH CEPAT RESMI
Shopee,Token PLN,TOKEN LISTRIK PRABAYAR PROMO PLN 15 15k 20 20k 50 50k 100 100k 200 200k 500 500k 1 juta 1jt 1 juta 1000k dan Pulsa hp Isi Ulang all operator termurah
Shopee,Token PLN,TOKEN PLN HARGA 50/100 /200
Shopee,Token PLN,Token PLN nominal 20000
Shopee,Token PLN,TOKEN LISTRIK PLN PROMO 500RB/500.000
Shopee,Token PLN,Token Listrik PLN Murah dan Cepat 20K 25K 50K 100K
Shopee,Token PLN,Token listrik
Shopee,Token PLN,Token listrik 500k
Shopee,Token PLN,"Token PLN - TOKEN LISTRIK PROMO, Termurah di Shopee Nominal 5.000, 10.000."
Shopee,Token PLN,Token Listrik || Token 100k || Token 200k
Shopee,Token PLN,Token Listrik PLN
Shopee,Token PLN,Token PLN murah 100rb 200rb 500rb
Shopee,Token PLN,Token listrik FASTRESPON
Shopee,Token PLN,Isi ulang Token PLN Listrik 50
Shopee,Token PLN,Token PLN 200-1jt
Shopee,Token PLN,TOKEN LISTRIK PLN PROMO 200K Proses Cepat
Shopee,Token PLN,Token listrik PLN Langsung 500
Shopee,Token PLN,"Token Listrik PLN Prabayar | Kirim Cepat Via Chat (50K, 100K, 200K)"
Shopee,Token PLN,TOKEN PLN LISTRIK 200&500&1JT TIDAK PECAHAN!
Shopee,Token PLN,Token Listrik / Pulsa PLN Prabayar 200 500 ribu 1 Juta 200000 500000 1000000
Shopee,Token PLN,token listrik prabayar 200k
Shopee,Token PLN,TOKEN LISTRIK PLN PROMO 200rb
Shopee,Token PLN,PULSA TOKEN LISTRIK PLN Prabayar Murah 20 50 100 200 Isi Ulang
Shopee,Token PLN,TOKEN LISTRIK PLN MURAH
Shopee,Token PLN,TOKEN PLN 200.000
Shopee,Token PLN,TOKEN LISTRIK PROMO token PLN 20K/Token PLN 50K/Token PLN100K
Shopee,Token PLN,Token Listrik PLN Prabayar 20k 50k 100k
Shopee,Token PLN,Promo token listrik pintar
Shopee,Token PLN,Token PLN 50.000
Shopee,Token PLN,"TOKEN PLN - TOKEN LISTRIK PROMO, Termurah di SHOPEE Nominal 20.000, 50.000, 100.000, 200.000."
Shopee,Token PLN,Token PLN murah 500rb 1jt
Shopee,Token PLN,PROMO TOKEN LISTRIK 20K / 50k
Shopee,Token PLN,PROMO TOKEN LISTRIK PLN 20k 50k
Shopee,Token PLN,Token PLN 200.000 Murah
Shopee,Token PLN,Token PLN 500 Promo#Listrik#Prabayar#
Shopee,Token PLN,PROMO TOKEN PLN 100K
Shopee,Token PLN,TOKEN LISTRIK  5 RB TERMURAH - TOKEN LISTRIK 10 TERMURAH - TOKEN LISTRIK 15 TERMURAH - TOKEN LISTRIK 20 TERMURAH -PULSA LISTRIK PROMO
Shopee,Token PLN,Token PLN 50 / 50.000
Shopee,Token PLN,TERMURAH TOKEN LISTRIK  100 RB TOKEN PLN LISTRIK PINTAR
Shopee,Token PLN,Token Listrik 20ribu-100ribu Proses Cepat
Shopee,Token PLN,Voucher Token Listrik 200.000
Shopee,Token PLN,Token Listrik Murah 20 Ribu - 100 Ribu Proses Cepat Terpercaya
Shopee,Token PLN,"Struk Pembelian Token Listrik PLN, MINI ATM Bersama Transfer - Setor, Agen Brilink"
Shopee,Token PLN,"Listrik pln 20K, 50K, 100K"
Shopee,Token PLN,Token Listrik PLN Prabayar 5K 10K 15K 20K
Shopee,Token PLN,Alat Penghemat Listrik Original 1300 Watt
Shopee,Token PLN,Alat Penghemat Listrik Hemat Daya Listrik Electricity Saving Box Token Meteran Rumah Ac Kulkas Paling Efektif
Shopee,Token PLN,Rumah Token Listrik Shabby Chic Mdf Glossy
Shopee,Token PLN,Box Kotak Cover Meteran Listrik Token Kayu Model Telephone London Hiasan Dekorasi Dinding
Shopee,Token PLN,TOKEN LISTRIK PLN 20K PROMO
Shopee,Token PLN,Box Token Listrik Box KWH PLN Meteran Listrik Token / Boks Tutup Pulsa Prabayar
Shopee,Token PLN,Box Meteran Listrik Token / Pulsa - Kotak Meteran Listrik Token
Shopee,Token PLN,Struk Pembelian Token Listrik | Nota Token Listrik
Shopee,Token PLN,Alat Penghemat Listrik Hemat Daya 80%-90% Listrik Electricity Saving Box Token Meteran Rumah Ac Kulkas Paling Efektif COD
Shopee,Token PLN,Box Meteran Token Listrik PLN Kayu MDF Anti Luntur
Shopee,Token PLN,[ BISA COD ] Alat Penghemat Listrik Hemat Daya Listrik Electricity Saving Box Token Meteran Rumah Ac Kulkas Paling Efektif Praktis
Shopee,Token PLN,Alat Penghemat Listrik Hemat Energi Token Voucher Meteran Pulsa Listrik
Shopee,Token PLN,TOKEN PULSA PLN 20.000
Shopee,Token PLN,Token Listrik/PLN
Shopee,Token PLN,[RESMI] Promo Tambah Daya Listrik 450-7700VA Se-Indonesia
Shopee,Token PLN,(100 LEMBAR) STRUK PEMBELIAN TOKEN LISTRIK | NOTA TOKEN LISTRIK KECIL | STRUK TOKEN LISTRIK
Shopee,Token PLN,"Struk Pembelian Token Listrik PLN, MINI ATM Bersama Transfer - Setor, Agen Brilink"
Shopee,Token PLN,(100 lembar) STRUK PEMBELIAN TOKEN LISTRIK | NOTA TOKEN LISTRUK BESAR
Shopee,Token PLN,Spanduk Token Listrik PLN - 50x100 Cm Flexy
Shopee,Token PLN,TOKEN PLN20 / PLN 20 / TOKEN PLN50 / PLN 50
Shopee,Token PLN,"Kabel Nya (lidi) 1x2,5 (1.1mm) Merk Aichi Panjang 80m"
Shopee,Token PLN,token PLN
Shopee,Token PLN,Alat Penghemat Daya Listrik Hemat kWh Tagihan Pulsa Token / Bulanan PLN Soft Start
Shopee,Token PLN,"Struk Pembelian Token Listrik PLN, MINI ATM Bersama Transfer - Setor, Agen Brilink"
Shopee,Token PLN,Alat Penghemat Listrik Hemat Daya Listrik Electricity Saving Box
Shopee,Token PLN,E-Voucher Tambah Daya April  2026
Shopee,Token PLN,VOUCHER TAMBAH DAYA LISTRIK APRIL 2026
Shopee,Token PLN,SINTE MASKO Box Token Listrik Prabayar PLN Kwh Meter Tebal dan Kuat Warna Putih Kualitas Bagus Murah
Shopee,Token PLN,Large Angle Assembly 50-70mm Spek PLN Tarikan Kabel untuk Project PLN
Shopee,Token PLN,[ CANGGIH ] Alat Penghemat Listrik Hemat Daya Listrik Praktis Electricity Saving Box Token Meteran Rumah Ac Kulkas Paling Efektif
Shopee,Token PLN,AULIART BOX METERAN LISTRIK TOKEN PLN TUTUP LISTRIK MCB COVER SHABBY KWH METER CUSTOM
Shopee,Token PLN,KWH Meter Merk Smart 5(60)A SMI-810 V3 (Prabayar) 1Phase
Shopee,Token PLN,Alat Penghemat Listrik Hemat Daya Listrik PLN Electricity Saving Box TPB
Shopee,Token PLN,Penghemat Listrik Hemat 75% Alat Penghemat Listrik Token Meter
Shopee,Token PLN,PROMO - Penghemat Listrik Hemat 75% Alat Penghemat Listrik Token Meteran
Shopee,Token PLN,ALAT MENSTABILKAN & PENGHEMAT ARUS LISTRIK PLN RUMAH. TOKO. PABRIK & MENSTABILKAN ARUS LISTRIK PLN Penghemat Peralatan Rumah Tangga dengan Efektivitas Tinggi Peralatan Hemat Energi Cerdas Hemat Listrik
Shopee,Token PLN,Anti Jeglek PLN Super Power Saver 450-2000W
Shopee,Token PLN,KABEL TC SR PLN Twisted 100 Meter NFA 2X10MM SNI SPLN / KABEL Listrik / KABEL PLN 2 x 10 MM / KABEL Listrik PLN SPLN LMK
Shopee,Token PLN,Box Token Telephone Motif Bunga Mdf Glossy
Shopee,Token PLN,Hemat Listrik Rumahan Royal Energy Saver 5-40%
Shopee,Token PLN,Cover Meteran Listrik Token Kayu Pinus Rotan
Shopee,Token PLN,[BUKAN METERAN] BOX TOKEN LISTRIK PLN DESAIN TERBARU/DEKORASI RUMAH LUCU
Shopee,Token PLN,Tutup Box Token Listrik PRABAYAR I Kotak Pelindung Meteran PLN Isi Ulang Pulsa KwH Romusha Ibagstore
Shopee,Token PLN,Box PLN Rumah PLN / Box PLN | Box Token Box Pengaman MCB
Shopee,Token PLN,Hiasan dinding Box Meteran Listrik Token Karakter Hello Kitty
Shopee,Token PLN,Alat Penghemat Daya Listrik Untuk 1300 watt 2200 watt 3500 watt 4400 watt 5500 watt sd 11000 watt
Shopee,Token PLN,Simple Furniture - Box Meteran Listrik Prabayar Token Dan Pascabayar Pendek
Shopee,Token PLN,Trillion - Inverator Automatic Soft Slow Start Anti Jeglek (5000W)
Shopee,Token PLN,The VEXTRA Dua Alat Elektronik Max 2500 W Penghemat Listrik Body Besi Auto Start Power Saving Fuse
Shopee,Token PLN,READY STOCK Trillion - Inverator Anti Jeglek 1500W Stabil Listrik
Shopee,Token PLN,BOX KWH TOKEN / BOX KWH PRABAYAR MERK UCHIRO / BOX KWH TOKEN UCHIRO
Shopee,Token PLN,"Nanhayu Neo - Box Cover Meteran Listrik Prabayar / Token dan Kwh smart / Digital , Cover Meteran Listrik Baru"
Shopee,Token PLN,Trillion - Inverator Automatic Soft Slow Start Anti Jeglek (3500W)
Shopee,Token PLN,Box Meteran Listrik Token/Pulsa Kayu MDF Warna Pilihan
Shopee,Token PLN,(Voltify) Tutup Box Meteran KWH MINI Token Voucher Prabayar UCHIRO Kotak Listrik Eficiency Rapi
Shopee,Token PLN,Struk Pembelian Token Listrik | Nota Token Listrik Isi 100 Lembar
Shopee,Token PLN,NIDI SLO SATU PAKET DAYA 1300 2200 UNTUK DAFTAR PASANG BARU LISTRIK PLN
Shopee,Token PLN,NIDI SLO Listrik Nusantara Pasang Baru Listrik KWH Meter Meteran PLN seluruh lokasi Kepulauan Riau
Shopee,Token PLN,Paket Nidi Dan Slo Pln Daya 16500 Va Proses Cepat Dan Mudah Se Indonesia
Shopee,Token PLN,Nidi Dan Slo Pln Daya 6600 Va Proses cepat Dan Mudah Se Indonesia
Shopee,Token PLN,Paket Nidi Dan Slo Pln Daya 7700 Va Proses Cepat Dan Mudah Se Indonesia
Shopee,Token PLN,Paket Nidi Dan Slo Pln Daya 6600 Va Proses Cepat Dan Mudah Se Indonesia
Shopee,Token PLN,SLO dan NIDI 3 PHASE
Shopee,Token PLN,Paket Nidi Dan Slo Pln Daya 10600 Va Proses Cepat Dan Mudah Se Indonesia
Shopee,Token PLN,Paket Nidi Dan Slo Pln Daya 33000 Va Proses Cepat Dan Mudah Se Indonesia
Shopee,Token PLN,JASA PENERBITAN SLO DAN NIDI PLN
Shopee,Token PLN,Paket Nidi Dan Slo Pln Daya 13200 Va Proses Cepat Dan Mudah Se Indonesia
Shopee,Token PLN,SLO NIDI 3PHASE LENGKAP RESMI
Shopee,Token PLN,Pembayaran Tagihan Listrik Pascabayar free admin
Shopee,Token PLN,Paket Nidi Dan Slo Pln Daya 23000 Va Proses Cepat Dan Mudah Se Indonesia
Shopee,Token PLN,Paket Nidi Dan Slo Pln Daya 41500 Va Proses Cepat Dan Mudah Se Indonesia
Shopee,Token PLN,(Admin mulai 5ribu ) BAYAR TAGIHAN LISTRIK PLN
Shopee,Token PLN,Jasa Pemasangan Listrik Jabodetabek
Shopee,Token PLN,E-Voucher Tambah Daya April  2026
Shopee,Token PLN,NIDI DAN SLO PLN LISTRIK SEPAKET LANGSUNG JADI DAYA 900 1300 2200 3500 4500 5500 6600 7700 DST UNTUK PASANG BARU DAN TAMBAH DAYA
Shopee,Token PLN,Nota/Struk Pembelian Token Listrik
Shopee,Token PLN,Struk token listrik murah
Shopee,Token PLN,SLO NIDI PLN DAYA 900 PASANG BARU LISTRIK SELURUH INDONESIA
Shopee,Token PLN,[50Lembar] Struk Token Listrik Struk Pembelian Token Listrik Nota Token Listrik Ready Tanpa PreOrder
Shopee,Token PLN,NIDI SLO Paket Daftar Listrik PLN Baru daya 450 900 1300 2200 4400 5500 6600 7700
Shopee,Token PLN,[RESMI] Promo Tambah Daya Listrik 450-7700VA Se-Indonesia
Shopee,Token PLN,Struk Pembelian Token Listrik
Shopee,Token PLN,(100 Lembar) STRUK PEMBELIAN TOKEN LISTRIK | NOTA TOKEN LISTRIK KECIL / REKOMENDASI
Shopee,Token PLN,Custom / nota listrik/token listrik||struk pembelian listrik/token
Shopee,Token PLN,Struk Token Listrik 100 Lembar HVS 75 Grm || Struk Token Listrik 100 Lembar 5x10.5 Cm
Shopee,Token PLN,NOTA / STRUK PEMBELIAN TOKEN LISTRIK
Shopee,Token PLN,NOTA TOKEN LISTRIK ISI 50 LEMBAR
Shopee,Token PLN,Resmi Pembuatan Paket NIDI & SLO Seluruh Indonesia
Shopee,Token PLN,UCHIRO Box KWH Meter Listrik Token Prabayar Pascabayar Ukuran Besar Box PLN Outdoor Tahan Air Anti Karat Pelindung Meteran
Shopee,Token PLN,struk token listrik tinggal sobek bahan hvs 75gsm tebal isi 50 lembar
Shopee,Token PLN,STRUK PEMVBELIAN TOKEN LISTRIK- NOTA TOEKN LISTRIK READY STOK SIAP PAKAI MURAH
Shopee,Token PLN,Buku Struk Pemesanan Token Listrik Pulsa HVS 75gsm 10x5cm 50 Lembar
Shopee,Token PLN,UCHIRO Box KWH Meter Mini MCB Prabayar / Token / Pulsa – Box Listrik Outdoor Ukuran Kecil Tahan Air & Debu Pelindung Meteran PLN
Shopee,Token PLN,struk pemesanan token listrik pulsa bisa pakai nama toko isi 50 lembar
Shopee,Token PLN,TERMURAH!!! Box Meteran Listrik Token PLN Prabayar Kayu Minimalis Pelindung Meteran Listrik
Shopee,Token PLN,"Struk Pembelian Token Listrik PLN, MINI ATM Bersama Transfer - Setor, Agen Brilink"
Shopee,Token PLN,Stiker Pulsa & Token Listrik + Laminasi Glossy
Shopee,Token PLN,Tutup Meter Prabayar Token Listrik Uchiro Plastik Kuat
Shopee,Token PLN,Bok Meteran Desain telephone meteran token/listrik tempat pelindung bok meteran
Shopee,Token PLN,Box Meteran Listrik Token Akrilik Estetik
Shopee,Token PLN,PROMO!!Bok Meteran Desain Telephone Meteran Token/Listrik Tempat Pelindung Bok Meteran Listrik Token
Shopee,Token PLN,Box Meteran Listrik Token Kayu MDF Estetik
Shopee,Token PLN,Bok Meteran PLN Desain Telephone Prabayar token/listrik | Pelindung Meteran hiasan dekorasi Rumah
Shopee,Token PLN,[READYSTOCK] Buku Nota STRUK PEMBELIAN TOKEN LISTRIK | Invoice Bon TOKEN LISTRIK
Shopee,Token PLN,2025 Penghemat Listrik PLN Electric Saver / Electricity Saving Box Alat Hemat Daya kWh Soft Start Tagihan Pulsa Token / Bulanan
Shopee,Token PLN,Struk Pembelian Token Listrik 50 Lembar HVS 75 Gsm
Shopee,Token PLN,Simple Furniture - Box Meteran Listrik Prabayar Token London Kayu Natural
Shopee,Token PLN,Box KWH meter/Box Meteran Listrik Token model rumah / Kotak PLN / PLN Pulsa / Dekorasi rumah  / kotak pln model rumah
Shopee,Token PLN,Token PLN 50.000
Shopee,Token PLN,BOX METERAN TOKEN LISTRIK DEXICON KOTAK PELINDUNG KWH METERAN LISTRIK
Shopee,Token PLN,Box Meteran PLN Desain Unik Telephone Prabayar Listrik/Token Pelindung Meteran Hiasan Dekorasi ruma
Shopee,Token PLN,Token PLN 100.000
Shopee,Token PLN,Struk Pembelian Token Listrik – Isi 100 Lembar | Nota Token Listrik Pintar Warung Konter Agen
Shopee,Token PLN,( Isi 100 Lembar ) Struk Token Listrik Struk Pembelian Token Listrik Nota Token Listrik
Shopee,Token PLN,Struk Pembelian Token Listrik | Nota Token Listrik
Shopee,Token PLN,(100 lembar) STRUK PEMBELIAN TOKEN LISTRIK | NOTA TOKEN LISTRIK
Shopee,Token PLN,Token Listrik PLN 5k 10k PROMO Termurah
Shopee,Token PLN,Promo Token Listrik 15 PLN
Shopee,Token PLN,TOKEN LISTRIK PROMO PLN MURAH  500 500k 500 rb 500 ribu 1 juta 1jt 1 jt  DISKON
Shopee,Token PLN,Token Listrik PLN 15k muraaah
Shopee,Token PLN,Promo Token Listrik PLN15
Shopee,Token PLN,Token Listrik Promo murah cepat bergaransi 10k
Shopee,Token PLN,Token Listrik 5 10 15 20
Shopee,Token PLN,Token Listrik PLN 15k
Shopee,Token PLN,Token Listrik PLN 10k
Shopee,Token PLN,Promo token listrik 100 50 20
Shopee,Token PLN,"Token Listrik PLN 50.000 - Promo, Murah, Langsung Dikirim"
Shopee,Token PLN,token listrik 15k
Shopee,Token PLN,"Token Listrik PLN 50.000 - 2.000.000 Promo, Murah, Langsung Dikirim"
Shopee,Token PLN,Token Listrik PLN 5k 10k 15k 20k 25k 50k
Shopee,Token PLN,Token listrik promo 200 500 1jeti
Shopee,Token PLN,Promo token listrik 200 500 1j
Shopee,Token PLN,TOKEN PLN - TOKEN PLN PROMO - PROMO TOKEN PLN - TOKEN LISTRIK
Shopee,Token PLN,Assyifa Peduli - Token Listrik Masjid
Shopee,Token PLN,"JTTOP"" TOKEN LISTRIK 100RB"
Shopee,Token PLN,Daftar agen pulsa token listrik data  game dll
Shopee,Token PLN,Kotak Token Listrik PLN Pelindung Meteran Pulsa Warna Putih
Shopee,Token PLN,JUAL PULSA ALL OPERATOR DAN TOKEN LISTRIK
Shopee,Token PLN,"BAYAR TAGIHAN MU SEKARANG, TOKEN PLN, PDAM, LISTRIK PASCABAYAR DAN PRABAYAR"
Shopee,Token PLN,Spandul Jual Pulsa Token Listrik dan Paket Data Internet - Part 5
Shopee,Token PLN,《 Termurah 》Caver Box Token Listrik Box Token Listrik model Untuk Pulsa & Token
Shopee,Token PLN,pulsa token
Shopee,Token PLN,Voucher Tambah Daya PLN 2025 Dengan Souvenir
Shopee,Token PLN,Voucher Tambah Daya Listrik PLN Harga Normal
Shopee,Token PLN,KWH TOKEN PRABAYAR MERK SMART METER 5(60)A ORIGINAL
Shopee,Token PLN,"E Voucher Belanja Alfamart, Token Listrik Prabayar, Pulsa All Operator, GRAB Transport & R0bloxxx"
Shopee,Token PLN,KWH TOKEN PRABAYAR MERK SMART METER 5(60)A
Shopee,Token PLN,"Pulsa, Token dan Lainnya"
Shopee,Token PLN,Kwh Pulsa Token 1P 5/60A Melcoinda Mitsubishi Digital
Shopee,Token PLN,Token Ongkir 50K - Kurir Toko Jasa Pengiriman
Shopee,Token PLN,Token Ongkir 100K - Kurir Toko
Shopee,Token PLN,Kwh Pulsa Token 1P 5/60A Melcoinda Mitsubishi Digital
Shopee,Token PLN,KWH Token Prabayar Smart Meter 5(60)A Listrik Pintar
Shopee,Token PLN,Kwh Pulsa Token 1P 5/60A Melcoinda Mitsubishi Digital
Shopee,Token PLN,Token Test
Shopee,Token PLN,PLN Home Number Token Box Meteran Listrik Prabayar
Shopee,Token PLN,Indosaver hemat listrik 10~40%token pra bayar OkHemat
Shopee,Token PLN,Struk Penjualan Token Listrik Custom 50 Lembar
Shopee,Token PLN,"( Isi 100 Lembar ) Struk Token Listrik Struk Pembelian Token Listrik, Nota Token Listrik."
Shopee,Token PLN,Struk Token Listrik Struk Pembelian Token Listrik Nota Token Listrik
Shopee,Token PLN,( Isi 100 Lembar ) Struk Token Listrik Struk Pembelian Token Listrik / Nota Token Listrik.
Shopee,Token PLN,Nota token listrik isi 100 lembar
Shopee,Token PLN,(Isi 100 Lembar) Struk Token Listrik Struk Pembelian Token Listrik Nota Token Listrik
Shopee,Token PLN,Jasa Isi Token Listrik 500k Proses 24 Jam
Shopee,Token PLN,Jasa isi Token Listrik digital nominal 200.000
Shopee,Token PLN,vocherr
Shopee,Token PLN,Tag PLN PASCABAYAR free adm
Shopee,Token PLN,pembayaran listrik
Shopee,Token PLN,bok listrik token pulsa
Shopee,Token PLN,(Admin mulai 5ribu ) BAYAR TAGIHAN LISTRIK PLN
Shopee,Token PLN,NIDI SLO PLN METERAN LISTRIK TOKEN UNTUK KWH METER PASANG LISTRIK BARU B004
Shopee,Token PLN,nota token/pulsa listrik bisa pakai nama toko
Shopee,Token PLN,NIDI SLO PLN METERAN LISTRIK TOKEN UNTUK KWH METER PASANG LISTRIK BARU A004
Shopee,Token PLN,Struk Token Listrik Struk Pembelian Token Listrik Nota Token Listrik
Shopee,Token PLN,NIDI SLO PLN METERAN LISTRIK TOKEN UNTUK KWH METER PASANG LISTRIK BARU
Shopee,Token PLN,Nota/Struk Pembelian Token Listrik
Shopee,PLN Prabayar,Token Listrik PLN Prabayar 5rb–50rb | Proses Cepat 24 Jam | Resmi & Aman
Shopee,PLN Prabayar,Token Listrik Pintar | PLN Prabayar | Promo Diskon Biaya Admin
Shopee,PLN Prabayar,Token PLN Prabayar
Shopee,PLN Prabayar,Promo Token Listrik PLN Prabayar Dan Paskabayara 1jt-10jt
Shopee,PLN Prabayar,"Token Listrik PLN Prabayar 25.000 , 50.000 dengan Pengisian Cepat"
Shopee,PLN Prabayar,Token Listrik PLN Prabayar 20.000 dengan Pengisian Cepat
Shopee,PLN Prabayar,Token Listrik PLN Prabayar - Pengiriman Cepat & Langsung Via Chat
Shopee,PLN Prabayar,Token Listrik / Pulsa PLN Prabayar 20 50 100 ribu 20000 50000 100000
Shopee,PLN Prabayar,TOKEN LISTRIK PRABAYAR PROMO  PLN 15 15k 20 20k 50 50k 100 100k 200 200k 500 500k 1 juta 1 jt 1jt 1000k
Shopee,PLN Prabayar,PROMO TERMURAH !!! TOKEN LISTRIK | LISTRIK PRABAYAR
Shopee,PLN Prabayar,TOKEN LISTRIK PRABYAR
Shopee,PLN Prabayar,Token / Pulsa Isi Ulang Listrik PLN Prabayar 500rb 100rb x5
Shopee,PLN Prabayar,Token Listrik Prabayar || Listrik PLN 20.000
Shopee,PLN Prabayar,"TOKEN LISTRIK PROMO PLN PRABAYAR [5.000, 10.000, 15.000, 20.000, 50.000, 100.000] 5 5k 10 10k 15 15k 20 20k 50 50k 100 100k  TERMURAH"
Shopee,PLN Prabayar,TOKEN LISTRIK PLN PRABAYAR 20.000 - 50.000 - 100.000
Shopee,PLN Prabayar,[PROSES CEPAT] Token Listrik PLN Prabayar - Nominal 50K Termurah
Shopee,PLN Prabayar,TOKEN PLN PRABAYAR
Shopee,PLN Prabayar,TOKEN LISTRIK PRABAYAR PROMO PLN 5 5k 10 10k 15 15k 20 20k 50 50k 100 100k 200 200k 500 500k 1 Juta 1jt 1 jt
Shopee,PLN Prabayar,PROMO TOKEN LISTRIK ISI ULANG PLN 20RB 50RB 100RB MURAH 20K 20000 50K 50000 RIBU 100K PRABAYAR
Shopee,PLN Prabayar,PLN PRABAYAR 20/50/100
Shopee,PLN Prabayar,Token Listrik Pintar | PLN Prabayar | Promo Diskon Biaya Admin
Shopee,PLN Prabayar,PULSA TOKEN LISTRIK PLN Prabayar Murah 20 50 100 200 Isi Ulang
Shopee,PLN Prabayar,TOKEN LISTRIK PRABAYAR PROMO PLN 15 15k 20 20k 50 50k 100 100k 200 200k 500 500k 1 juta 1jt 1 juta 1000k dan Pulsa hp Isi Ulang all operator termurah
Shopee,PLN Prabayar,Token Listrik PLN Prabayar-Nominal 5rb s/d 200rb
Shopee,PLN Prabayar,TOKEN LISTRIK 20000 PRABAYAR MURAH PROSES CEPAT ( ID METER KIRIM KE CHAT )
Shopee,PLN Prabayar,"Token Listrik PLN Prabayar | Kirim Cepat via Chat (5K, 10K, 20K)"
Shopee,PLN Prabayar,KWh prabayar merk ITRON 1fasa 230V 5(60)A
Shopee,PLN Prabayar,Token Listrik Prabayar Digital 20 Digit
Shopee,PLN Prabayar,Token Listrik Pintar PLN Prabayar 20k
Shopee,PLN Prabayar,token listrik/ listrik prabayar 23.000-505.000
Shopee,PLN Prabayar,[PROMO]TOKEN LISTRIK  / LISTRIK PRABAYAR MURAH 20RB 50RB 100RB
Shopee,PLN Prabayar,TOKEN LISTRIK 200000 PRABAYAR MURAH PROSES CEPAT ( ID METER KIRIM KE CHAT )
Shopee,PLN Prabayar,Token Listrik PLN MURAH | Listrik Prabayar 20k | 50k | 100k | 200k
Shopee,PLN Prabayar,"Token Listrik PLN Prabayar | Kirim Cepat Via Chat (50K, 100K, 200K)"
Shopee,PLN Prabayar,Token pln prabayar 200RB 500RB 1JT
Shopee,PLN Prabayar,PULSA TOKEN LISTRIK PLN Prabayar Murah 20 50 100 200 Isi Ulang
Shopee,PLN Prabayar,Token Listrik / Pulsa PLN Prabayar 200 500 ribu 1 Juta 200000 500000 1000000
Shopee,PLN Prabayar,Token PLN 500 Promo#Listrik#Prabayar#
Shopee,PLN Prabayar,Token Listrik PLN Prabayar Proses Cepat dan Aman
Shopee,PLN Prabayar,KWH TOKEN PRABAYAR MEREK MELCOINDA
Shopee,PLN Prabayar,Token200/Token1000/Token500/Token PLN Murah/Prabayar/Promo
Shopee,PLN Prabayar,KWH TOKEN PRABAYAR MERK ITRON METER 5(60)A 3PHASA
Shopee,PLN Prabayar,TOKEN LISTRIK TERMURAH SE-INDONESIA DAN RESMI
Shopee,PLN Prabayar,Token PLN 5k-25k Proses cepat - TOKEN 5K - TOKEN 10K - TOKEN 15K - TOKEN 20K - TOKEN 25K
Shopee,PLN Prabayar,Promo Token Listrik 5k 10k 15k 20k 20ribu
Shopee,PLN Prabayar,PLN LISTRIK ISI ULANG TOKEN PLN 20RB
Shopee,PLN Prabayar,TOKEN PLN - TOKEN PLN PROMO - PLN TOKEN PROMO - PLN TOKEN - TOKEN PLN 5K - TOKEN PLN 5 RIBU - TOKEN PLN 10K - TOKEN PLN 10 RIBU - TOKEN PLN 15K - TOKEN PLN 15 RIBU - TOKEN PLN 20K - TOKEN PLN 20 RIBU
Shopee,PLN Prabayar,Token Listrik PLN Nominal 100.000 murah!
Shopee,PLN Prabayar,Token Listrik Murah Rafachel Kualitas Konsisten
Shopee,PLN Prabayar,TERMURAH!!! TOKEN PLN | TOKEN LISTRIK | PULSA LISTRIK MURAH 20K 50K 100K
Shopee,PLN Prabayar,Murah Token Listrik PLN Aman dan Amanah
Shopee,PLN Prabayar,Token Listrik Mini/Pln/Listrik Pintar 10k-5rb-100
Shopee,PLN Prabayar,TOKEN LISTRIK PLN PROMO NOMINAL 5 10 15 20 50 - ISI ULANG PULSA TOKEN LISTRIK PLN CEPAT LANGSUNG KIRIM
Shopee,PLN Prabayar,Token listrik pulsa PLN 50k
Shopee,PLN Prabayar,PLN TOKEN 100RIBU | TOKEN LISTRIK 100.000 | PULSA LISTRIK 100K | NOMINAL 100
Shopee,PLN Prabayar,Isi Ulang Token Pln Nominal 20000 - 100000 Harga Murah
Shopee,PLN Prabayar,Token Listrik Cepat Masuk Bergaransi harga Murah
Shopee,PLN Prabayar,PLN Token | Pulsa Listrik | Token Listrik | Nominal 5.000 sampai 50.000
Shopee,PLN Prabayar,Token listrik
Shopee,PLN Prabayar,Token Listrik PLN Nominal 20.000 murah!
Shopee,PLN Prabayar,Pulsa Listrik Token PLN 5RB 10RB 15RB Dadakan
Shopee,PLN Prabayar,Token Listrik Mini/Pln/Listrik Pintar 10k-5rb-100
Shopee,PLN Prabayar,TOKEN LISTRIK PLN PROMO NOMINAL 5 10 15 20 50 - ISI ULANG PULSA TOKEN LISTRIK PLN CEPAT LANGSUNG KIRIM
Shopee,PLN Prabayar,Isi Ulang Token PLN - Isi Ulang Pulsa Listrik
Shopee,PLN Prabayar,Voucher Tambah Daya PLN 2026 Diskon 50%
Shopee,PLN Prabayar,UCHIRO Box KWH Meter Mini MCB Prabayar / Token / Pulsa – Box Listrik Outdoor Ukuran Kecil Tahan Air & Debu Pelindung Meteran PLN
Shopee,PLN Prabayar,Token Listrik Cepat Masuk Bergaransi harga Murah
Shopee,PLN Prabayar,Token listrik pulsa PLN 50k
Shopee,PLN Prabayar,Isi Ulang Token Pln Nominal 20000 - 100000 Harga Murah
Shopee,PLN Prabayar,Token PLN Promo Termurah Cuma Disini Ready 20K 50K
Shopee,PLN Prabayar,PLN TOKEN 100RIBU | TOKEN LISTRIK 100.000 | PULSA LISTRIK 100K | NOMINAL 100
Shopee,PLN Prabayar,Token Listrik PLN Nominal 5.000 sampai 50.000 murah!
Shopee,PLN Prabayar,PLN Token | Pulsa Listrik | Token Listrik | Nominal 5.000 sampai 50.000
Shopee,PLN Prabayar,Token Listrik PLN Termurah Shopee Berbagai Nominal
Shopee,PLN Prabayar,TOKEN Pulsa Listrik PLN 5K 5 Ribu 5rb Eceran Murah (Kirim Kode via Chat)
Shopee,PLN Prabayar,Token Listrik PLN Nominal 20.000 murah!
Shopee,PLN Prabayar,Token listrik
Shopee,PLN Prabayar,Token Listrik PLN 5k 10k 15k 20k
Shopee,PLN Prabayar,TOKEN LISTRIK PLN PROMO TERMURAH
Shopee,PLN Prabayar,Pulsa Listrik Token Listrik PLN Amanah 100%
Shopee,PLN Prabayar,"BAYAR TAGIHAN ANDA JADI MUDAH ( LISTRIK, TOKEN , PRABAYAR, PASCA BAYAR )"
Shopee,PLN Prabayar,"token listrik mini murah,listrikpintar,token listrik"
Shopee,PLN Prabayar,Voucher Tambah Daya Listrik PLN PROMO 2025
Shopee,PLN Prabayar,TOKEN PLN  20/50/100 murah dan cepat
Shopee,PLN Prabayar,PROMO TOKEN LISTRIK 20Rb
Shopee,PLN Prabayar,"Termurah Token Listrik 5Rb,10Rb,15Rb,20Rb Proses Cepat"
Shopee,PLN Prabayar,PLN TOKEN
Shopee,PLN Prabayar,Token Listrik Mini 5K 10K 15K Asli Cepat Listrik PLN Nominal Lengkap
Shopee,PLN Prabayar,Cetak Kartu Pln Listrik Prabayar Dan Pascabayar // Kartu Listrik Pvc / Id Card Satuan
Shopee,PLN Prabayar,Isi Pulsa TOKEN LISTRIK PLN Prabayar 20 50 100 200
Shopee,PLN Prabayar,"Token Listrik PLN Termurah 20k, 25k, 50k Promo"
Shopee,PLN Prabayar,Token listrik pulsa PLN 5k-200k
Shopee,PLN Prabayar,TOKEN LISTRIK PLN NOMINAL 25.000 TERMURAH
Shopee,PLN Prabayar,Token PLN Langsung 1 Juta 1 Jt 1Jt
Shopee,PLN Prabayar,Pulsa Listrik - Voucher listrik - Token Listrik PLN Termurah !!
Shopee,PLN Prabayar,Token Listrik PLN Nominal Lengkap Harga Murah
Shopee,PLN Prabayar,Token listrik original pln
Shopee,PLN Prabayar,TERMURAH!!! TOKEN PLN | TOKEN LISTRIK | PULSA PLN | PULSA LISTRIK MURAH 20K 50K 100K
Shopee,PLN Prabayar,Token Listrik PLN 100 100000 / Pulsa Listrik 100 Murah
Shopee,PLN Prabayar,Token Listrik PLN Nominal 15.000 murah!
Shopee,PLN Prabayar,Murahhh || Token Listrik 20K 50K 70K 100K
Shopee,PLN Prabayar,Token Listrik PLN PROMO 100RB Original
Shopee,PLN Prabayar,Token Listrik 20k 50k 100k Proses Cepat Murah
Shopee,PLN Prabayar,TOKEN PLN 100.000
Shopee,PLN Prabayar,TOKEN LISTRIK PLN NOMINAL 5K 10K 15K 20K 25K 50K - TOKEN LISTRIK CEPAT MUDAH PRAKTIS
Shopee,PLN Prabayar,Token Listrik PLN 50 50000 / Pulsa Listrik 50K Murah
Shopee,PLN Prabayar,Token Listrik PLN 20.000 | Isi Token Listrik 20K Cepat & Aman
Shopee,PLN Prabayar,Token Listrik Murah PLN Cepat Proses 20k-100k
Shopee,PLN Prabayar,Token Listrik PLN 5 10 15 20 50 40 70 100 Pulsa Listrik
Shopee,PLN Prabayar,TOKEN PLN | PLN TOKEN MINI PROMO  | TOKEN PLN 5K - TOKEN PLN 10K
Shopee,PLN Prabayar,TOKEN LISTRIK PLN 20 RIBU / 20000
Shopee,PLN Prabayar,Token Listrik Pintar Pulsa Khusus Meter 56 Melcoinda
Shopee,PLN Prabayar,Token Listrik 20 20000 / Pulsa Listrik PLN 20K Murah
Shopee,PLN Prabayar,Token Listrik PLN 50.000 100.000 200.000 Murah Cepat
Shopee,PLN Prabayar,Token Listrik Murah 5k 10k 15k 20k Pengiriman Cepat
Shopee,PLN Prabayar,Token Listrik PLN Nominal 5.000 murah!
Shopee,PLN Prabayar,Voucher Diskon Tambah Daya PLN 2026 Ramadhan
Shopee,PLN Prabayar,[Promo] Token Listrik PLN Murah
Shopee,PLN Prabayar,TOKEN LISTRIK PLN NOMINAL 15.000 TERMURAH
Shopee,PLN Prabayar,Token Listrik PLN Aman Murah dan Amanah
Shopee,PLN Prabayar,Token Listrik PLN Nominal 5.000 sampai 50.000 murah!
Shopee,PLN Prabayar,Pulsa Listrik Token Listrik PLN Amanah 100%
Shopee,PLN Prabayar,Token listrik pulsa PLN 50k
Shopee,PLN Prabayar,TOKEN PLN  20/50/100 murah dan cepat
Shopee,PLN Prabayar,TOKEN LISTRIK PLN NOMINAL 15.000 TERMURAH
Shopee,PLN Prabayar,TERMURAH!!! TOKEN PLN | TOKEN LISTRIK | PULSA PLN | PULSA LISTRIK MURAH 20K 50K 100K
Shopee,PLN Prabayar,TOKEN LISTRIK PLN PROMO TERMURAH
Shopee,PLN Prabayar,Token Listrik Murah & Aman Rp. 100.000
Shopee,PLN Prabayar,Token Listrik Pintar Pulsa Khusus Meter 56 Melcoinda
Shopee,PLN Prabayar,TOKEN LISTRIK 20K MURAH DAN CEPAT
Shopee,PLN Prabayar,TOKEN LISTRIK 10K 10.000 10Ribu 10Rb | Promo Pulsa PLN Pintar Eceran Grosir Murah Langsung Kirim Kode Via Chat
Shopee,PLN Prabayar,Token PROMO Listrik 100 Dan 200 Murah Proses Cepat
Shopee,PLN Prabayar,Token Listrik PLN 15k muraaah
Shopee,PLN Prabayar,Isi Ulang Token Pln Nominal 20000 - 100000 Harga Murah
Shopee,PLN Prabayar,TOKEN LISTRIK PLN 100K & 200K PROMO TERMURAH TERLARIS DISKON
Shopee,PLN Prabayar,Pulsa Reguler Lengkap Token Listrik PLN
Shopee,PLN Prabayar,Pulsa/Token/PLN Listrik Proses Cepat Murah
Shopee,PLN Prabayar,Token PLN Promo Termurah Cuma Disini Ready 20K 50K
Shopee,PLN Prabayar,Token Listrik PLN 5k
Shopee,PLN Prabayar,TOKEN PLN 25K
Shopee,PLN Prabayar,Token Listrik PLN 5k 10k 15k 20k
Shopee,PLN Prabayar,Token pln 20.000-50.000
Shopee,PLN Prabayar,Token Listrik Mini 5K 10K 15K Asli Cepat Listrik PLN Nominal Lengkap
Shopee,PLN Prabayar,Token Listrik Promo murah cepat bergaransi 10k
Shopee,PLN Prabayar,pulsa listrik pln
Shopee,PLN Prabayar,TOKEN PLN MURAH
Shopee,PLN Prabayar,Token Listrik 20 20000 / Pulsa Listrik PLN 20K Murah
Shopee,PLN Prabayar,Token Listrik PLN 20 50 100 200 500
Shopee,PLN Prabayar,"token listrik mini murah,listrikpintar,token listrik"
Shopee,PLN Prabayar,Token Listrik PLN - Pengisian Cepat & Mudah
Shopee,PLN Prabayar,Token Listrik PLN Termurah Shopee Berbagai Nominal
Shopee,PLN Prabayar,Token Listrik PLN 15k
Shopee,PLN Prabayar,TOKEN LISTRIK PLN NOMINAL 10.000 TERMURAH
Shopee,PLN Prabayar,TOKEN LISTRIK PLN 5 10 15 20 50 Best Seller
Shopee,PLN Prabayar,"Termurah Token Listrik 5Rb,10Rb,15Rb,20Rb Proses Cepat"
Shopee,PLN Prabayar,Box KWH/PLN Prabayar Grey Mini/Box Tutup Meteran Listrik Box KWH Meter Listrik Prabayar Token
Shopee,PLN Prabayar,Token Listrik Murah
Shopee,PLN Prabayar,Darin Masko Box Token Listrik Prabayar PLN Kwh Meter Tebal Dan Kuat
Shopee,PLN Prabayar,Paket Nidi Dan Slo Pln Daya 450 Va Proses Cepat Dan Mudah Se Indonesia
Shopee,PLN Prabayar,TERMURAH!!! TOKEN PLN | TOKEN LISTRIK | PULSA PLN | PULSA LISTRIK MURAH 50K 100K 200Kl
Shopee,PLN Prabayar,Token Listrik Pln
Shopee,PLN Prabayar,Promo Token Listrik PLN
Shopee,PLN Prabayar,"Token listrik termurah 20k, 50k, 100k, tercepat"
Shopee,PLN Prabayar,Token Listrik PLN 5.000 | Pulsa Listrik 5K Instan Cepat
Shopee,PLN Prabayar,Promo Token Listrik 10k PLN Cepat Murah dan Mudah
Shopee,PLN Prabayar,Token Listrik Pulsa Listrik Token PLN 100 100RB
Shopee,PLN Prabayar,[Promo] Token Listrik PLN Murah
Shopee,PLN Prabayar,"Token Listrik 20K, 50K Termurah Hemat Asli"
Shopee,PLN Prabayar,TOKEN PLN 20.000
Shopee,PLN Prabayar,"Nanhayu Neo - Box Cover Meteran Listrik Prabayar / Token dan Kwh smart / Digital , Cover Meteran Listrik Baru"
Shopee,PLN Prabayar,token listrik
Shopee,PLN Prabayar,TOKEN PLN CEPAT & MURAH 20K - 100K
Shopee,PLN Prabayar,Token Listrik PLN PROMO 500RB Original 24 Jam
Shopee,PLN Prabayar,TOKEN LISTRIK PLN MURAH 20K/50K/100K/500K
Shopee,PLN Prabayar,"Token PLN - TOKEN LISTRIK PROMO, Termurah di Shopee Nominal 5.000, 10.000."
Shopee,PLN Prabayar,Token PLN
Shopee,PLN Prabayar,Box Cover Listrik Token PLN – Pelindung Meteran Prabayar Aman & Tahan Lama
Shopee,PLN Prabayar,Tutup Box Token Listrik PRABAYAR I Kotak Pelindung Meteran PLN Isi Ulang Pulsa KwH Romusha Ibagstore
Shopee,PLN Prabayar,Promo Token Listrik 100K 100Rb
Shopee,PLN Prabayar,Token listrik PLN murah
Shopee,PLN Prabayar,PROMO Token Listrik PLN10
Shopee,PLN Prabayar,Token Listrik PLN PROMO 100RB Original
Shopee,PLN Prabayar,TOKEN PLN TERBARU DAN TERMURAH
Shopee,PLN Prabayar,Box KWH/PLN Prabayar Grey Mini/Box Tutup Meteran Listrik Box KWH Meter Listrik Prabayar Token
Shopee,PLN Prabayar,TOKEN LISTRIK 50K 50000 50Ribu 50Rb | Promo Pulsa PLN Pintar Eceran Grosir Murah Langsung Kirim Kode Via Chat | Serba 0 Rupiah
Shopee,PLN Prabayar,TOKEN LISTRIK 15K 15000 15Ribu 15Rb | Promo Pulsa PLN Pintar Eceran Grosir Murah Langsung Kirim Kode Via Chat
Shopee,PLN Prabayar,Token Listrik PLN PROMO 500RB Original 24 Jam
Shopee,PLN Prabayar,TOKEN PLN - TOKEN PLN PROMO - PLN TOKEN PROMO - PLN TOKEN - TOKEN PLN 5K - TOKEN PLN 5 RIBU - TOKEN PLN 10K - TOKEN PLN 10 RIBU - TOKEN PLN 15K - TOKEN PLN 15 RIBU - TOKEN PLN 20K - TOKEN PLN 20 RIBU
Shopee,PLN Prabayar,Darin Masko Box Token Listrik Prabayar PLN Kwh Meter Tebal Dan Kuat
Shopee,PLN Prabayar,Token Listrik PLN 5K | Pulsa Listrik Murah Proses Cepat
Shopee,PLN Prabayar,Token PLN Murah
Shopee,PLN Prabayar,Token Listrik 10.000 Cepat dan mudah
Shopee,PLN Prabayar,TOKEN LISTRIK PLN  PROMO TIDAK BOLEH BELI DOUBLE DIMANAPUN
Shopee,PLN Prabayar,TOKEN LISTRIK PLN MURAH
Shopee,PLN Prabayar,Pulsa/Token/PLN Listrik Proses Cepat Murah
Shopee,PLN Prabayar,NIDI DAN SLO PLN LISTRIK SEPAKET LANGSUNG JADI DAYA 900 1300 2200 3500 4500 5500 6600 7700 DST UNTUK PASANG BARU DAN TAMBAH DAYA B002
Shopee,PLN Prabayar,NIDI DAN SLO PLN LISTRIK SEPAKET LANGSUNG JADI DAYA 900 1300 2200 3500 4500 5500 6600 7700 DST UNTUK PASANG BARU DAN TAMBAH DAYA
Shopee,PLN Prabayar,[Promo] Token Listrik PLN Murah
Shopee,PLN Prabayar,Box KWH Meter Listrik Token Prabayar Pascabayar Ukuran Besar Box PLN Outdoor Tahan Air Anti Karat Pelindung Meteran
Shopee,PLN Prabayar,TOKEN PLN
Shopee,PLN Prabayar,Token Listrik PLN 5 10 15 20 25
Shopee,PLN Prabayar,Token Listrik PLN 15k muraaah
Shopee,PLN Prabayar,PROMO!!! TOKEN PLN | TOKEN LISTRIK | PULSA PLN | PULSA LISTRIK MURAH 20K 50K 100K
Shopee,PLN Prabayar,Token Listrik PLN 10k
Shopee,PLN Prabayar,Token Listrik PLN
Shopee,PLN Prabayar,NIDI DAN SLO PLN LISTRIK SEPAKET LANGSUNG JADI DAYA 900 1300 2200 3500 4500 5500 6600 7700 DST UNTUK PASANG BARU DAN TAMBAH DAYA A002
Shopee,PLN Prabayar,Token Listrik Promo murah cepat bergaransi 10k
Shopee,PLN Prabayar,Promo Token Listrik PLN15
Shopee,PLN Prabayar,Token PROMO Listrik 100 Dan 200 Murah Proses Cepat
Shopee,PLN Prabayar,Token Listrik
Shopee,PLN Prabayar,Token Listrik PLN  20 | 25 | 50 | 100.
Shopee,PLN Prabayar,TOKEN LISTRIK PLN 20 50 100
Shopee,PLN Prabayar,Token Listrik Murah
Shopee,PLN Prabayar,TERMURAH!!! TOKEN PLN | TOKEN LISTRIK | PULSA PLN | PULSA LISTRIK MURAH 20K 50K 100K
Shopee,PLN Prabayar,Token listrik 10k promo
Shopee,PLN Prabayar,Token PlN mini
Shopee,PLN Prabayar,Token Listrik PLN PROMO 50RB Original Sesuai KWH
Shopee,PLN Prabayar,Promo token listrik 1jutak harga 900ribu
Shopee,PLN Prabayar,"TOKEN PLN - TOKEN LISTRIK PROMO, Termurah di SHOPEE Nominal 5.000, 10.000, 15.000, 20.000."
Shopee,PLN Prabayar,jual token listrik proses cepat ready stok 20k 50k 100k
Shopee,PLN Prabayar,TOKEN LISTRIK PRABYAR
Shopee,PLN Prabayar,MCB Pln modif request anti jegglek anti panas
Shopee,PLN Prabayar,MCB modif Schneider pln anti jeglek bisa regues
Shopee,PLN Prabayar,"MCB Schneider Biru PLN 1P 2A/4A/6A/10A/16A/20A/25A/35A/40A - Perlindungan Listrik, SNI Standar, Anti Jeglek"
Shopee,PLN Prabayar,ijuk duri penghalang panjat /ijuk PLN / ijuk pengusir tikus &ular ukuran 50 cm
Shopee,PLN Prabayar,MCB Modif schneider pln 1 phase anti jeglek siap pake di jamin normal
Shopee,PLN Prabayar,MCB Modif Anti-Jeglek Merlin Gerin Pln 1P
Shopee,PLN Prabayar,MCB BIRU MULTI 9 MERLIN GERIN S PLN 2A 4A 6A 10A 16A 20A 25A 32A 40A BREKER PEMUTUS TEGANGAN LISTRIK
Shopee,PLN Prabayar,Box Kwh Meter Pulsa Transparan Token Listrik 27x19x13 Cm
Shopee,PLN Prabayar,MCB PLN BBC S161 ANTI JEKLEK 2A RASA 4A
Shopee,PLN Prabayar,MCB ABB 1Phase 35A Kepala Biru SNI Original Standar PLN
Shopee,PLN Prabayar,Struk Nota Pembelian Token Listrik Struk Pembelian Token Listrik Nota Token Listrik
Shopee,PLN Prabayar,MCB MODIF ABB SH201 PLN 1PAS ORGINAL SIAP PAKEK DI JAMIN NURMAL
Shopee,PLN Prabayar,Stiker Vinyl JUAL PULSA DAN TOKEN LISTRIK 10X23CM
Shopee,PLN Prabayar,McB Pln Modif ANTI JEKLEK Bisa Regues Smper
Shopee,PLN Prabayar,MCB PLN SNI 1Pase 2A-25A ELEKTRO  (Miniature Circuit Breaker)
Shopee,PLN Prabayar,MCB modif schneider PLN 3 phase anti jeglek siap pakai dijamin normal
Shopee,PLN Prabayar,MCB ABB 1Phase 4A Kepala Biru SNI Original Standar PLN
Shopee,PLN Prabayar,MCB ABB 1 Phase 6A Kepala Biru Standar PLN Original
Shopee,PLN Prabayar,"TOKEN LISTRIK MURAH / LISTRIK PULSA PLN 20K, 50K, 100K"
Shopee,PLN Prabayar,Token Listrik  murah meriah
Shopee,PLN Prabayar,TOKEN LISTRIK PLN AMAN DAN BERSAHABAT
Shopee,PLN Prabayar,Token Listrik PLN 20 50 100 200 500
Shopee,PLN Prabayar,Token Listrik Murah dan Cepat  Rp. 20.000
Shopee,PLN Prabayar,Token Listrik
Shopee,PLN Prabayar,Promo Token Listrik PLN
Shopee,PLN Prabayar,Token PLN 20K Redy Setok MOBLE B003 (silahkan kirim nomer Meteran anda)
Shopee,PLN Prabayar,Token PLN Murah!
Shopee,PLN Prabayar,Token Listrik Murah 20K 50K 100K Cepat Pengiriman
Shopee,PLN Prabayar,Token Listrik 15k/20/50/100/200 15/20k/50k/100k/200k
Shopee,PLN Prabayar,TOKEN LISTRIK 20 RIBU
Shopee,PLN Prabayar,TOKEN LISTRIK PROMO PLN MURAH 15 25k 20 20k 50 50k 100 100k 200 200k 500 500k 1 juta
Shopee,PLN Prabayar,TOKEN LISTRIK 15/20/50/100  (20x5  100 100k) (20x10 200 200k) (20x25 500 500k) PROMO PLN MURAH
Shopee,PLN Prabayar,Pulsa Token Listrik 20 50 100 murah promo PLN
Shopee,PLN Prabayar,Promo Token Listrik 100K 100Rb
Shopee,PLN Prabayar,Token PLN/Listrik
Shopee,PLN Prabayar,TOKEN LISTRIK l TOKEN PLN l PULSA LISTRIK MURAH!! 5k 10k 15k 20k 50k
Shopee,PLN Prabayar,TOKEN LISTRIK PLN MURAH 20K/50K/100K/500K
Shopee,PLN Prabayar,TOKEN LISTRIK 15K 15000 15Ribu 15Rb | Promo Pulsa PLN Pintar Eceran Grosir Murah Langsung Kirim Kode Via Chat
Shopee,PLN Prabayar,Token listrik PLN Langsung 500
Shopee,PLN Prabayar,TOKEN PLN CEPAT & MURAH 20K - 100K
Shopee,PLN Prabayar,TOKEN LISTRIK PLN 5 10 15 20 50 Best Seller
Shopee,PLN Prabayar,Token PLN dan tagihan PLN
Shopee,PLN Prabayar,Token Listrik PLN Murah Promo
Shopee,PLN Prabayar,TOKEN LISTRIK MURAH
Shopee,PLN Prabayar,Token Listrik PLN Murah dan Cepat 20K 25K 50K 100K
Shopee,PLN Prabayar,Token Listrik Pln
Shopee,PLN Prabayar,Token Listrik PLN Pulsa 20 50 100 Murah
Shopee,PLN Prabayar,Promo token listrik 20k
Shopee,PLN Prabayar,Token Listrik 20.000
Shopee,PLN Prabayar,"TOKEN LISTRIK 20000, 50000, 100000 | PLN | PULSA LISTRIK"
Shopee,PLN Prabayar,Token PROMO Listrik 100 Dan 200 Murah Proses Cepat
Shopee,PLN Prabayar,Token Listrik PLN 5.000 | Pulsa Listrik 5K Instan Cepat
Shopee,PLN Prabayar,Token Listrik PLN 5K | Pulsa Listrik Murah Proses Cepat
Shopee,PLN Prabayar,JUAL TOKEN/ PULSA LISTRIK PLN 20K
Shopee,PLN Prabayar,TOKEN LISTRIK PLN 20 RIBU
Shopee,PLN Prabayar,Token PLN Promo / Voucher Listrik Murah 20RB 50RB 100RB
Shopee,PLN Prabayar,PULSA LISTRIK TERMURAH
Shopee,PLN Prabayar,Token listrik
Shopee,PLN Prabayar,TOKEN LISTRIK PLN PROMO 100K Proses Cepat
Shopee,PLN Prabayar,Token listrik PLN 200 500
Shopee,PLN Prabayar,TOKEN PLN MURAH
Shopee,PLN Prabayar,Token PLN 20K MOBLE Redy B002 ( kirim nomer Meteran anda)
Shopee,PLN Prabayar,Token Listrik promo 20
Shopee,PLN Prabayar,PROMO Token PLN resmi Murah
Shopee,PLN Prabayar,TOKEN PLN 20K MURAH PROMO TERBATAS
Shopee,PLN Prabayar,Token PLN
Shopee,PLN Prabayar,TOKEN LISTRIK 50K 50000 50Ribu 50Rb | Promo Pulsa PLN Pintar Eceran Grosir Murah Langsung Kirim Kode Via Chat | Serba 0 Rupiah
Shopee,PLN Prabayar,TOKEN LISTRIK
Shopee,PLN Prabayar,Token Listrik PLN 5k 10K 15K 20K 25K- Cepat Langsung Dikirim
Shopee,PLN Prabayar,Token PLN Listrik Pulsa 200 500 1 juta
Shopee,PLN Prabayar,Token listrik PLN murah
Shopee,PLN Prabayar,Pulsa Token Listrik 200K
Shopee,PLN Prabayar,Token Listrik Murah 100%
Shopee,PLN Prabayar,Token listrik lestrick PLN 5k 10k 15k 20k 25k 50k promo proses cepat
Shopee,PLN Prabayar,Token Listrik
Shopee,PLN Prabayar,Token PLN Murah
Shopee,PLN Prabayar,token listrik pln
Shopee,PLN Prabayar,TOKEN LISTRIK PLN PROMO 200RB
Shopee,PLN Prabayar,TOKEN LISTRIK PROMO 20K 50K 100K
Shopee,PLN Prabayar,kWh meter merek Metbelosa 5(60)A 1phasa prabayar
Shopee,PLN Prabayar,Token Listrik 20k
Shopee,PLN Prabayar,"Token Listrik PLN 20.00-100.000 - Promo, Murah, Langsung Dikirim"
Shopee,PLN Prabayar,TOKEN LISTRIK PLN PROMO 200RB
Shopee,PLN Prabayar,"Pln 20,50,100"
Shopee,PLN Prabayar,Token pulsa listrik
Shopee,PLN Prabayar,TOKEN LISTRIK l TOKEN PLN l PULSA LISTRIK MURAH!! 5k 10k 15k 20k 50k
Shopee,PLN Prabayar,Box Meteran Listrik PLN With Home Number Token Prabayar
Shopee,PLN Prabayar,jual token listrik proses cepat ready stok 20k 50k 100k
Shopee,PLN Prabayar,Uchiro Box Kwh Mtr Listrik Pln Token Prabayar / Pulsa / Plastik Tebal
Shopee,PLN Prabayar,Kwh Meter Token Prabayar Pra Bayar Prepaid Sistem Online Aplikasi Gratis
Shopee,PLN Prabayar,meteran listrik PLN digital prabayar vocher voucher pulsa kos kosan
Shopee,PLN Prabayar,New Box Tutup Meteran Listrik Box KWH Meter Listrik - Box KWH Meter Token Kotak PLN Penutup Prabayar
Shopee,PLN Prabayar,1 Dus Box KWH Prabayar MINI 10pcs / 40pcs Meteran Listrik Token PLN Harga Grosir
Shopee,PLN Prabayar,"TOKEN LISTRIK MURAH / LISTRIK PULSA PLN 20K, 50K, 100K"
Shopee,PLN Prabayar,jual token pln murah 20k 50k 100k
Shopee,PLN Prabayar,Nanhayu Tkisi - Box Cover Token Listrik KWH Meter Listrik Prabayar/Digital
Shopee,PLN Prabayar,Token Listrik Murah 20K 50K 100K Cepat Pengiriman
Shopee,PLN Prabayar,PROMO TOKEN LISTRIK PLN 100 RIBU
Shopee,PLN Prabayar,TOKEN LISTRIK PLN 20K-100K
Shopee,PLN Prabayar,promo token listrik
Shopee,PLN Prabayar,TOKEN PLN
Shopee,PLN Prabayar,Token Listrik Murah
Shopee,PLN Prabayar,Promo token listrik 1jutak harga 900ribu
Shopee,PLN Prabayar,"Agen Pulsa, kuota internet, token pln, ppob dll."
Shopee,PLN Prabayar,"TOKEN LISTRIK 20000, 50000, 100000 | PLN | PULSA LISTRIK"
Shopee,PLN Prabayar,Token Listrik 200.000
Shopee,PLN Prabayar,Token Listrik PLN 20.000 20k 20ribu Murah
Shopee,PLN Prabayar,TOKEN PLN 100K
Shopee,PLN Prabayar,TOKEN ISI ULANG PLN 200.000 - 1.000.000
Shopee,PLN Prabayar,PROMO TOKEN PLN 100K
Shopee,PLN Prabayar,Token Listrik PLN Murah Promo
Shopee,PLN Prabayar,PLN Nidi Slo Pln khusus jabodetabek 1300W 2200W 3500W 4500W 5500W 6600W 7700W Untuk Pasang Baru Tambah Daya
Shopee,PLN Prabayar,Token listrik
Shopee,PLN Prabayar,Token PLN 20K Redy Setok MOBLE B003 (silahkan kirim nomer Meteran anda)
Shopee,PLN Prabayar,Box Tutup Meteran Listrik Box KWH Meter Listrik - Box KWH Meter Token Kotak PLN Penutup Prabayar
Shopee,PLN Prabayar,Token listrik 10k promo
Shopee,PLN Prabayar,1 Dus Box KWH Prabayar MINI isi 10pcs / 40pcs Box Meteran Listrik PLN Prabayar Harga Grosir
Shopee,PLN Prabayar,"TOKEN PLN - TOKEN LISTRIK PROMO, Termurah di SHOPEE Nominal 20.000, 50.000, 100.000, 200.000."
Shopee,PLN Prabayar,TOKEN PLN - TOKEN PLN PROMO - PLN TOKEN PROMO - PLN TOKEN - TOKEN PLN 5K - TOKEN PLN 5 RIBU - TOKEN PLN 10K - TOKEN PLN 10 RIBU - TOKEN PLN 20K - TOKEN PLN 20 RIBU
Shopee,PLN Prabayar,Token Listrik PLN 5k 10K 15K 20K 25K- Cepat Langsung Dikirim
Shopee,PLN Prabayar,Token PLN Promo / Voucher Listrik Murah 20RB 50RB 100RB
Shopee,PLN Prabayar,TOKEN LISTRIK PROMO token PLN 20K/Token PLN 50K/Token PLN100K
Shopee,PLN Prabayar,TOKEN LISTRIK
Shopee,PLN Prabayar,Nidi Dan Slo Pln Daya 900 Va Proses Cepat Dan Mudah Se Indonesia
Shopee,PLN Prabayar,TOKEN LISTRIK RP 20.000
Shopee,PLN Prabayar,meteran listrik pln digital prabayar vocher voucher pulsa kos kosan
Shopee,PLN Prabayar,Nanhayu Rotan - Box KWH Meter Listrik Prabayar Pulsa Dan Panel Listrik MCB Tempat Meteran Listrik
Shopee,PLN Prabayar,TOKEN LISTRIK PLN 20 RIBU
Shopee,PLN Prabayar,PLN Nidi Slo Pln 1300W 2200W 3500W 4500W 5500W 6600W 7700W Untuk Pasang Baru
Shopee,PLN Prabayar,NEW!!! Box token listrik meteran tutup box KWH meter listrik prabayar
Shopee,PLN Prabayar,Token Listrik PLN Nominal 5K 10K 15K 20K 50K
Shopee,PLN Prabayar,Token Listrik Prabayar Murah Nominal 20k-100k
Shopee,PLN Prabayar,Token PLN Murah!
Shopee,PLN Prabayar,Voucher Diskon Tambah Daya Listrik PLN Ramadhan 2026
Shopee,PLN Prabayar,"TERMURAH!!! TOKEN LISTRIK PLN 20k, 50k, 100k, 200k"
Shopee,PLN Prabayar,"Token Listrik 20k,50k,100k"
Shopee,PLN Prabayar,Token listrik PLN Langsung 500
Shopee,PLN Prabayar,Token Listrik 20k Termurah Proses Cepat Asli
Shopee,PLN Prabayar,PULSA TOKEN PLN MURAHHHH
Shopee,PLN Prabayar,"TERMURAH!!! TOKEN LISTRIK PLN 20k, 50k, 100k, 200k"
Shopee,PLN Prabayar,TOKEN PLN 100K
Shopee,PLN Prabayar,TOKEN LISTRIK MURAH
Shopee,PLN Prabayar,PROMO TOKEN LISTRIK 50K TERMURAHH !!!!
Shopee,PLN Prabayar,token listrik murah
Shopee,PLN Prabayar,Voucher Tambah Daya PLN 2025 Dengan Souvenir
Shopee,PLN Prabayar,Token Listrik
Shopee,PLN Prabayar,token listrik pln
Shopee,PLN Prabayar,TOKEN LISTRIK
Shopee,PLN Prabayar,promo token listrik 20ribu
Shopee,PLN Prabayar,Token PLN 50 / 50.000
Shopee,PLN Prabayar,Token listrik FASTRESPON
Shopee,PLN Prabayar,TOKEN LISTRIK
Shopee,PLN Prabayar,TOKEN LISTRIK PLN PROMO 100rb
Shopee,PLN Prabayar,"Token Listrik PLN 20.00-100.000 - Promo, Murah, Langsung Dikirim"
Shopee,PLN Prabayar,Token Listrik Murah 100%
Shopee,PLN Prabayar,"PROMO TOKEN LISTRIK 20K, 50K, 100K"
Shopee,PLN Prabayar,jual token pln murah 20k 50k 100k
Shopee,PLN Prabayar,TOKEN PLN || TOKEN PLN 100 || PLN100 || TOKEN 100
Shopee,PLN Prabayar,TOKEN LISTRIK PROMO 20K 50K 100K
Shopee,PLN Prabayar,Token Listrik PLN 20.000 20k 20ribu Murah
Shopee,PLN Prabayar,Token PLN 200-1jt
Shopee,PLN Prabayar,"Token Listrik PLN 5K 10K 15K 20K 25K 50K - PROMO, Murah, Langsung Dikirim"
Shopee,PLN Prabayar,TOKEN LISTRIK
Shopee,PLN Prabayar,Token listrik 100k
Shopee,PLN Prabayar,TOKEN PLN 200.000
Shopee,PLN Prabayar,Token Listrik Promo
Shopee,PLN Prabayar,Token Listrik PLN Rp=1Juta 100% Aman
Shopee,PLN Prabayar,Token Listrik 200.000
Shopee,PLN Prabayar,TOKEN LISTRIK  5 RB TERMURAH - TOKEN LISTRIK 10 TERMURAH - TOKEN LISTRIK 15 TERMURAH - TOKEN LISTRIK 20 TERMURAH -PULSA LISTRIK PROMO
Shopee,PLN Prabayar,Token Listrik 20ribu-100ribu Proses Cepat
Shopee,PLN Prabayar,Token listrik gratis tanpa ongkos kirim
Shopee,PLN Prabayar,TOKEN PLN - TOKEN PLN PROMO - PLN TOKEN PROMO - PLN TOKEN - TOKEN PLN 5K - TOKEN PLN 5 RIBU - TOKEN PLN 10K - TOKEN PLN 10 RIBU - TOKEN PLN 20K - TOKEN PLN 20 RIBU
Shopee,PLN Prabayar,"Agen Pulsa, kuota internet, token pln, ppob dll."
Shopee,PLN Prabayar,TOKEN ISI ULANG PLN 200.000 - 1.000.000
Shopee,PLN Prabayar,PROMO TOKEN PLN 100K
Shopee,PLN Prabayar,TOKEN LISTRIK PROMO 200K 500K 1000K
Shopee,PLN Prabayar,NCB Merlin standar PLN (harga satuan) anti jeklek mampuh daya besar
Shopee,PLN Prabayar,Token listrik
Shopee,PLN Prabayar,Voucher Tambah Daya PLN Untuk Seluruh Indonesia
Shopee,PLN Prabayar,TOKEN LISTRIK RP 20.000
Shopee,PLN Prabayar,PROMO TOKEN LISTRIK PLN 100 RIBU
Shopee,PLN Prabayar,Token Listrik Murah 200K-500K
Shopee,PLN Prabayar,TERMURAH TOKEN LISTRIK  100 RB TOKEN PLN LISTRIK PINTAR
Shopee,PLN Prabayar,TOKEN PLN HARGA 50/100 /200
Shopee,PLN Prabayar,Token Listrik PLN Nominal 5K 10K 15K 20K 50K
Shopee,PLN Prabayar,Token PLN murah 500rb 1jt
Shopee,PLN Prabayar,Token PLN Rp. 1.000.000 Diskon Murah
Shopee,PLN Prabayar,token listrik
Shopee,PLN Prabayar,TOKEN LISTRIK PLN PROMO 1JT Proses Cepat
Shopee,PLN Prabayar,Token Listrik Fast Respon
Shopee,PLN Prabayar,token listrik 50rb - 200rb
Shopee,PLN Prabayar,Token listrik
Shopee,PLN Prabayar,TOKEN LISTRIK 100 PROMO  - TOKEN LISTRIK 200 PROMO - TOKEN LISTRIK 500 PROMO - TOKEN LISTRIK  PAYLATTER -TOKEN LISTRIK MURAH PROMO
Shopee,PLN Prabayar,KWH Meter Merk Smart 5(60)A SMI-810 V3 (Prabayar) 1Phase
Shopee,PLN Prabayar,Promo Voucher Tambah Daya Pln Terbaru Terima Beres (Gratis Ongkir)
Shopee,PLN Prabayar,Box Listrik Akrilik KWH Meter PLN Token Prabayar Besar Listrik Pintar
Shopee,PLN Prabayar,Voucher Tambah Daya PLN Terbaru Tambah Daya Listrik PLN
Shopee,PLN Prabayar,Token PLN 100.000 Murah
Shopee,PLN Prabayar,KWH TOKEN PRABAYAR MEREK SMART METER murah
Shopee,PLN Prabayar,Token pulsa listrik
Shopee,PLN Prabayar,Token Listrik MURAH
Shopee,PLN Prabayar,Bolt New Pro Plan – Private & 10M Token
Shopee,PLN Prabayar,token listrik
Shopee,PLN Prabayar,PROMO DISKON - KWH TOKEN PRABAYAR MEREK SMART METER
Shopee,PLN Prabayar,TOKEN LISTRIK
Shopee,PLN Prabayar,token listrik
Shopee,PLN Prabayar,PULSA / TOKEN LISTRIK TAGIHAN PDAM
Shopee,PLN Prabayar,TOKEN LISTRIK
Shopee,PLN Prabayar,Token listrik
Shopee,PLN Prabayar,TOKEN LISTRIK 300K
Shopee,PLN Prabayar,Jual paket data dan token listrik
Shopee,PLN Prabayar,Token Listrik Prabayar Murah Nominal 20k-100k
Shopee,PLN Prabayar,token listrik murah
Shopee,PLN Prabayar,TOKEN LISTRIK MURMER
Shopee,PLN Prabayar,Token Listrik 200.000
Shopee,PLN Prabayar,token listrik
Shopee,PLN Prabayar,Token listrik gratis tanpa ongkos kirim
Shopee,PLN Prabayar,"PROMO TOKEN LISTRIK 20K, 50K, 100K"
Shopee,PLN Prabayar,Token Listrik Murah 200K-500K
Shopee,PLN Prabayar,Token Listrik 20ribu-100ribu Proses Cepat
Shopee,PLN Prabayar,UCHIRO Box KWH Meter Mini MCB Prabayar / Token / Pulsa – Box Listrik Outdoor Ukuran Kecil Tahan Air & Debu Pelindung Meteran PLN
Shopee,PLN Prabayar,TOKEN LISTRIK PLN 20 RIBU / 20000
Shopee,PLN Prabayar,Token Listrik PLN 50 Ribu Proses Langsung
Shopee,PLN Prabayar,Pulsa Reguler Lengkap Token Listrik PLN
Shopee,PLN Prabayar,Kartu PLN Pelanggan Listrik Rumah Sehari Jadi
Shopee,PLN Prabayar,Token PlN mini
Shopee,PLN Prabayar,KWh METER PRABAYAR Merk Fuji 1fasa 230 V 5(60)A
Shopee,PLN Prabayar,KWh meter PRABAYAR Merk CANNET 1 fasa 5(60) A
Shopee,PLN Prabayar,KWH Meter Token Prabayar Merk Smart 1 Fase
Shopee,PLN Prabayar,Pulsa & Token Listrik.Telkomsel.IM3.Fren & PLN
Shopee,PLN Prabayar,kWh meter merek Metbelosa 5(60)A 1phasa prabayar
Shopee,PLN Prabayar,Voucher Tambah Daya PLN 2025 Dengan Souvenir
Shopee,PLN Prabayar,KWh Meter HEXING 5(60)A Prabayar 1Phasa
Shopee,PLN Prabayar,KWH Meter Merk Smart 5(60)A SMI-810 V3 (Prabayar) 1Phase
Shopee,PLN Prabayar,Box Listrik Akrilik KWH Meter PLN Token Prabayar Besar Listrik Pintar
Shopee,PLN Prabayar,Cetak Kartu Pln Listrik Prabayar Dan Pascabayar // Kartu Listrik Pvc / Id Card Satuan
Shopee,PLN Prabayar,"BAYAR TAGIHAN ANDA JADI MUDAH ( LISTRIK, TOKEN , PRABAYAR, PASCA BAYAR )"
Shopee,PLN Prabayar,Box KWH/PLN Prabayar Grey Mini/Box Tutup Meteran Listrik Box KWH Meter Listrik Prabayar Token
Shopee,PLN Prabayar,Darin Masko Box Token Listrik Prabayar PLN Kwh Meter Tebal Dan Kuat
Shopee,PLN Prabayar,Tutup Box Token Listrik PRABAYAR I Kotak Pelindung Meteran PLN Isi Ulang Pulsa KwH Romusha Ibagstore
Shopee,PLN Prabayar,Token Listrik Promo murah cepat bergaransi 10k
Shopee,PLN Prabayar,1 Dus Box KWH Prabayar MAX 20pcs Waterproof Meteran PLN Listrik Harga Grosir | ACELEKTRIK Original
Shopee,PLN Prabayar,Promo Token Listrik 10k PLN Cepat Murah dan Mudah
Shopee,PLN Prabayar,Meteran listrik KWH Pulsa Token Berkualitas / BOX KOTAK TUTUP METERAN PLN PRABAYAR
Shopee,PLN Prabayar,"E Voucher Belanja Alfamart, Token Listrik Prabayar, Pulsa All Operator, GRAB Transport & R0bloxxx"
Shopee,PLN Prabayar,Box KWH Meter Listrik Token Prabayar Pascabayar Ukuran Besar Box PLN Outdoor Tahan Air Anti Karat Pelindung Meteran
Shopee,PLN Prabayar,1 DUS Box KWH Prabayar MAX isi 20pcs Meteran Listrik PLN Waterproof Outdoor Tahan Cuaca Harga Grosir
Shopee,PLN Prabayar,1 Dus Box KWH Prabayar MINI 40pcs/10pcs Waterproof Tutup Meteran PLN Grosir | ACELEKTRIK Official
Shopee,PLN Prabayar,Box Cover Listrik Token PLN – Pelindung Meteran Prabayar Aman & Tahan Lama
Shopee,PLN Prabayar,Token PLN
Shopee,PLN Prabayar,Promo Token Listrik 15 PLN
Shopee,PLN Prabayar,Token Listrik PLN 15k
Shopee,PLN Prabayar,Token Listrik PLN 5 10 15 20 25
Shopee,PLN Prabayar,Token Listrik PLN 15k muraaah
Shopee,PLN Prabayar,Box KWH/PLN Prabayar Grey Mini/Box Tutup Meteran Listrik Box KWH Meter Listrik Prabayar Token
Shopee,PLN Prabayar,Token Listrik PLN 10k
Shopee,PLN Prabayar,1 DUS Box KWH Prabayar MINI isi 40pcs/10pcs Meteran Listrik PLN Waterproof Tahan Cuaca Harga Grosir
Shopee,PLN Prabayar,Token Listrik PLN 5 10 15 20 25
Shopee,PLN Prabayar,box kwh meter token kotak pln penutup prabayar pelindung kunci pengaman tutup pln meteran listrik
Shopee,PLN Prabayar,Token Listrik PLN 10k
Shopee,PLN Prabayar,Box Kwh PLN Token Prabayar Uchiro
Shopee,PLN Prabayar,Promo Token Listrik PLN15
Shopee,PLN Prabayar,"Nanhayu Neo - Box Cover Meteran Listrik Prabayar / Token dan Kwh smart / Digital , Cover Meteran Listrik Baru"
Shopee,PLN Prabayar,TOKEN LISTRIK PLN 20 50 100
Shopee,PLN Prabayar,Uchiro Box Kwh Mtr Listrik Pln Token Prabayar / Pulsa / Plastik Tebal
Shopee,PLN Prabayar,Tutup Box Meter KWH Token / Box meteran PLN prabayar dan pasca Bayar
Shopee,PLN Prabayar,Token Listrik PLN 5k 10k PROMO Termurah
Shopee,PLN Prabayar,1 Dus Box KWH Prabayar MINI 10pcs / 40pcs Meteran Listrik Token PLN Harga Grosir
Shopee,PLN Prabayar,"Box MCB KWH Listrik Pelindung Meteran Token Prabayar & Pascabayar, Outdoor Tahan Cuaca"
Shopee,PLN Prabayar,Box Kwh PLN Token Prabayar Uchiro Max
Shopee,PLN Prabayar,UCHIRO Box KWH MAX 1 DUS ISI 20pcs HARGA GROSIR Meter Listrik Token Prabayar Pascabayar Ukuran Besar Box PLN Outdoor Tahan Air Anti Karat Pelindung Meteran
Shopee,PLN Prabayar,pulsa dan token pln murah
Shopee,PLN Prabayar,Box Meteran Listrik PLN With Home Number Token Prabayar
Shopee,PLN Prabayar,Tutup Box Meter KWH Token / Box meteran PLN prabayar dan pasca Bayar
Shopee,PLN Prabayar,Box KWH Tutup Meteran Listrik Box KWH Meter Listrik - Box KWH  Meter Token Kotak PLN Penutup Prabayar
Shopee,PLN Prabayar,New Box Tutup Meteran Listrik Box KWH Meter Listrik - Box KWH Meter Token Kotak PLN Penutup Prabayar
Shopee,PLN Prabayar,Token listrik 10k promo
Shopee,PLN Prabayar,Uchiro Box Kwh Mtr Listrik Pln Token Prabayar / Pulsa / Plastik Tebal
Shopee,PLN Prabayar,Token Listrik PLN promo 20 50 100
Shopee,PLN Prabayar,Box kWh Meter Listrik Prabayar Pra Bayar Cover Tutup Tutupan Kotak Penutup Pengaman Pelindung Meteran Token Pulsa Voucher Tagihan PLN
Shopee,PLN Prabayar,Box KWH Baru Box Token Listrik Prabayar Box Tutup Pengaman Meteran Prabayar Box token listrik pulsa
Shopee,PLN Prabayar,Token Listrik PLN 5k 10k 15k 20k 25k 50k
Shopee,PLN Prabayar,1 Dus Box KWH Prabayar MINI isi 10pcs / 40pcs Box Meteran Listrik PLN Prabayar Harga Grosir
Shopee,PLN Prabayar,"Token Listrik PLN 50.000 - Promo, Murah, Langsung Dikirim"
Shopee,PLN Prabayar,1 Dus Box KWH Prabayar MAX isi 20pcs Meteran Listrik Token PLN Outdoor Indoor Rapi Harga Grosir
Shopee,PLN Prabayar,Fourclub_ Box Kwh Meteran Listrik Token Pelindung Box Pln Token Listrik Prabayar
Shopee,PLN Prabayar,NEW!!! Box Cover Listrik Token PLN Pelindung Meteran Prabayar Aman & Tahan Lama
Shopee,PLN Prabayar,box kwh meter token kotak pln penutup prabayar pelindung kunci pengaman tutup pln meteran listrik tutup listrik
Shopee,PLN Prabayar,Box Pln Pelindung Kwh Meteran Listrik Pintar Prabayar Kecil Bahan Akrilik
Shopee,PLN Prabayar,siapkirim- Kotak meteran listik Box TOKEN PULSA PLN PRABAYAR
Shopee,PLN Prabayar,Box Pln Pelindung Kwh Meteran Listrik Pintar Prabayar Besar Bahan Akrilik
Shopee,PLN Prabayar,Uchiro Box Cover Kwh Prabayar Plastik Tahan Debu
Shopee,PLN Prabayar,New Box Tutup Meteran Listrik Box KWH Meter Listrik - Box KWH Meter Token Kotak PLN Penutup Prabayar
Shopee,PLN Prabayar,"Box MCB KWH Listrik Pelindung Meteran Token Prabayar & Pascabayar, Outdoor Tahan Cuaca"
Shopee,PLN Prabayar,Uj-53 Box Kwh Meter Token Kotak Pln Penutup Prabayar Pelindung Kunci Pengaman Tutup Pln Meteran Listrik Tutup Listrik Premium
Shopee,PLN Prabayar,NEW!!! Box token listrik meteran tutup box KWH meter listrik prabayar
Shopee,PLN Prabayar,Box Meteran Listrik PLN With Home Number Token Prabayar
Shopee,PLN Prabayar,Sinte Masko Box Token Listrik Prabayar Pln Kwh Meter Tebal Dan Kuat Putih Cat Pasti Diskon
Shopee,PLN Prabayar,Erke Box MCB KWH Prabayar - Box mcb pelindung meteran listrik Token Anti Debu Tahan Lama - Box MCB Listrik Token
Shopee,PLN Prabayar,Box Tutup Meteran Listrik Box KWH Meter Listrik - Box KWH Meter Token Kotak PLN Penutup Prabayar
Shopee,PLN Prabayar,New Box Tutup Meteran Listrik Box KWH Meter Listrik - Box KWH Meter Token Kotak PLN Penutup Prabayar
Shopee,PLN Prabayar,( BISA COD ) Box Cover Token Listrik KWH Meter Listrik Prabayar/Digital
Shopee,PLN Prabayar,Erke Box Kwh Meter Listrik Pln Token Prabayar / Pulsa / Plastik Tebal
Shopee,PLN Prabayar,NEW!!! Box token listrik meteran tutup box KWH meter listrik prabayar
Shopee,PLN Prabayar,Kwh Meter Token Prabayar Pra Bayar Prepaid Sistem Online Aplikasi Gratis
Shopee,PLN Prabayar,Box token listrik meteran tutup box KWH meter listrik prabayar
Shopee,PLN Prabayar,Nanhayu Tkisi - Box Cover Token Listrik KWH Meter Listrik Prabayar/Digital
Shopee,PLN Prabayar,Box Tutup Meteran Listrik Box KWH Meter Listrik - Box KWH Meter Token Kotak PLN Penutup Prabayar
Shopee,PLN Prabayar,Box Listrik Akrilik KWH Meter  PLN Token Prabayar Kecil/Pascabayar/Listrik Pintar
Shopee,PLN Prabayar,Box Listrik Akrilik KWH Meter PLN Token Prabayar Kecil
Shopee,PLN Prabayar,"Box MCB KWH Listrik Pelindung Meteran Token Prabayar & Pascabayar, Outdoor Tahan Cuaca"
Shopee,PLN Prabayar,Box token listrik meteran tutup box KWH meter listrik prabayar
Shopee,PLN Prabayar,Box Listrik Akrilik KWH Meter PLN Token Prabayar Kecil Listrik Pintar
Shopee,PLN Prabayar,TRIKTRIK- Box Kwh Prabayar Box Meteran Isi Ulang Pulsa Listrik Meter
Shopee,PLN Prabayar,Tutup Box Meter KWH MINI Token Voucher Prabayar UCHIRO untuk Perlindungan Meteran Listrik
Shopee,PLN Prabayar,Box Kwh Pelindung Pengaman Meteran Listrik Token Cover Sekring Sekering - BOX KWH LISTRIK PRABAYAR
Shopee,PLN Prabayar,KWH Prabayar Token Merek Smart Meter Listrik Pintar
Shopee,PLN Prabayar,SINTE MASKO Box Token Listrik Prabayar PLN Kwh Meter Tebal dan Kuat Warna Putih Kualitas Bagus Murah
Shopee,PLN Prabayar,Box Kwh Token Listrik Prabayar Bahan Multipleks Tahan Cuaca
Shopee,PLN Prabayar,Box Cover Kwh Prabayar Pulsa / Kotak Tutup Meteran PLN
Shopee,PLN Prabayar,Box Kwh Meteran Listrik Pln Prabayar Plastik
Shopee,PLN Prabayar,Box Token Listrik Box KWH PLN Meteran Listrik Token / Boks Tutup Pulsa Prabayar
Shopee,PLN Prabayar,Box KWH Meteran Listrik Token Pelindung Box PLN Token Listrik Prabayar
Shopee,PLN Prabayar,Box KWH Listrik PLN Token/ Pulsa Prabayar 1 Phase
Shopee,PLN Prabayar,Box Meteran Listrik KWH Prabayar  Box Meteran Pulsa  PLN Tutup Meteran KWH Token Dexicon
Shopee,PLN Prabayar,Box KWH Box Token Listrik Prabayar  Box Tutup Pengaman Meteran Prabayar Box token listrik pulsa
Shopee,PLN Prabayar,KWH METER METERAN LISTRIK TOKEN PRABAYAR PREPAID 1 PHASE UNTUK AREA USAHA / KOMERSIAL
Shopee,PLN Prabayar,Uchiro Tutup meteran Kwh prabayar token PLN Box cover mika plastik
Shopee,PLN Prabayar,Box Tutup Kotak KWh Listrik Prabayar Token PLN Meter Pelindung
Shopee,PLN Prabayar,Box Listrik Akrilik KWH Meter PLN Token Prabayar Besar
Shopee,PLN Prabayar,Box KWH Prabayar / Tutup Box Meteran Listrik PLN
Shopee,PLN Prabayar,Kwh Token Prabayar Merek Smart Meter
Shopee,PLN Prabayar,Box KWH Prabayar Tutup Box Meteran Prabayar Box Kwh Pulsa Listrik
Shopee,PLN Prabayar,TOKEN PLN - TOKEN PLN PROMO - PROMO TOKEN PLN - TOKEN LISTRIK
Shopee,PLN Prabayar,"Pembayaran tagihan bulanan, Kredivo , Home credit, PLN, BPJS, INDIHOME, TV Kabel, PBB, kartu Pasca"
Shopee,PLN Prabayar,Tokon PLN Murah
Shopee,PLN Prabayar,NIDI SLO Listrik Nusantara Pasang Baru Listrik KWH Meter Meteran PLN seluruh lokasi Jawa Indonesia
Shopee,PLN Prabayar,Slo Nidi Pln Daya 900 Va Paket Lengkap
Shopee,PLN Prabayar,(Admin mulai 5ribu ) BAYAR TAGIHAN LISTRIK PLN
Shopee,PLN Prabayar,NIDI SLO Paket Daftar Listrik PLN Baru daya 450 900 1300 2200 4400 5500 6600 7700
Shopee,PLN Prabayar,pulsa listrik murah
Shopee,PLN Prabayar,SLO NIDI PLN DAYA 900 PASANG BARU LISTRIK SELURUH INDONESIA B001
Shopee,PLN Prabayar,SLO NIDI PLN DAYA 900 PASANG BARU LISTRIK SELURUH INDONESIA A001
Shopee,PLN Prabayar,NIDI SLO SATU PAKET UNTUK DAFTAR PASANG BARU LISTRIK PLN WILAYAH JABODETABEK
Shopee,PLN Prabayar,SLO NIDI PLN SATU PAKET DAYA 900 1300 2200 3500 4500 5500 6600 7700 DST UNTUK PASANG BARU LISTRIK DAN TAMBAH DAYA A003
Shopee,PLN Prabayar,NIDI DAN SLO PLN PASANG BARU LISTRIK B005
Shopee,PLN Prabayar,NIDI SLO PLN METERAN LISTRIK TOKEN UNTUK KWH METER PASANG LISTRIK BARU B004
Shopee,PLN Prabayar,NIDI SLO PLN METERAN LISTRIK TOKEN UNTUK KWH METER PASANG LISTRIK BARU A004
Shopee,PLN Prabayar,SLO NIDI PLN SATU PAKET DAYA 900 1300 2200 3500 4500 5500 6600 7700 DST UNTUK PASANG BARU LISTRIK DAN TAMBAH DAYA B003
Shopee,PLN Prabayar,SLO NIDI PLN DAYA 900 PASANG BARU LISTRIK SELURUH INDONESIA
Shopee,PLN Prabayar,NIDI SLO PLN METERAN LISTRIK TOKEN UNTUK KWH METER PASANG LISTRIK BARU
Shopee,PLN Prabayar,NIDI DAN SLO PLN PASANG BARU LISTRIK
Shopee,PLN Prabayar,SLO NIDI PLN SATU PAKET DAYA 900 1300 2200 3500 4500 5500 6600 7700 DST UNTUK PASANG BARU LISTRIK DAN TAMBAH DAYA
Shopee,PLN Prabayar,HIRO Box Meteran KWH PLN Besar Pascabayar – Box KWH Listrik Outdoor
Shopee,PLN Prabayar,MCB PLN ABB SH201 1PHASE. TERSEDIA 2A. 4A. 6A. 10A. 16A. 25A. 35A. KUWALITAS ORIGINAL
Shopee,PLN Prabayar,TERMURAH!!! Box Meteran Listrik Token PLN Prabayar Kayu Minimalis Pelindung Meteran Listrik
Shopee,PLN Prabayar,Bok Meteran PLN Desain Telephone Prabayar token/listrik | Pelindung Meteran hiasan dekorasi Rumah
Shopee,PLN Prabayar,Tutup Meter Prabayar Token Listrik Uchiro Plastik Kuat
Shopee,PLN Prabayar,Box Meteran PLN Desain Unik Telephone Prabayar Listrik/Token Pelindung Meteran Hiasan Dekorasi ruma
Shopee,PLN Prabayar,MCB PLN TYPE SH201 1ps 2A 4A 6A 10A 16A 20A 25A 35A  50A
Shopee,PLN Prabayar,"Struk Pembelian Token Listrik PLN, MINI ATM Bersama Transfer - Setor, Agen Brilink"
Shopee,PLN Prabayar,UORRIS Penghemat Listrik PLN Electric Saver / Electricity Saving Box Alat Hemat Daya kWh Soft Start Tagihan Pulsa Token / Bulanan
Shopee,PLN Prabayar,Tarikan kabel Listrik PLN Service wedge clamp dead end /SWC klem Buaya Tarikan kabel PLN
Shopee,PLN Prabayar,2025 Penghemat Listrik PLN Electric Saver / Electricity Saving Box Alat Hemat Daya kWh Soft Start Tagihan Pulsa Token / Bulanan
Shopee,PLN Prabayar,mcb pLN Bekas Siap Pakai dengan Kapasitas Ampere Beragam
Shopee,PLN Prabayar,"segel PLN, segel meteran listrik, segel putar,"
Shopee,PLN Prabayar,2025 Penghemat Listrik PLN Electric Saver / Electricity Saving Box Alat Hemat Daya kWh Soft Start Tagihan Pulsa Token / Bulanan
Shopee,PLN Prabayar,MCCB ABB PLN TYPE SH201 2A 4A 6A 10A 16A 20A 25A 35A 50A 63A
Shopee,PLN Prabayar,mcb pln 1phase 20A sampai 50A
Shopee,PLN Prabayar,Segel Meteran Listrik PLN 20pcs/Segel Meteran Air/Segel Putar PLN
Shopee,PLN Prabayar,MCB PLN Multi 1Pas Bagus Mulus Ori
Shopee,PLN Prabayar,BOX METERAN LISTRIK DEXICON / TUTUP BOX PELINDUNG METERAN LISTRIK PLN / BOX KWH / BOX METERAN PULSA
Shopee,PLN Prabayar,TERMURAH!!! Box Meteran Listrik Prabayar Token London Kayu Natural Termurah
Shopee,PLN Prabayar,Tutup Meter UCHIRO Box KWH Listrik Prabayar Token
Shopee,PLN Prabayar,TERMURAH!!! Bok Meteran PLN Desain Telephone Prabayar token/listrik | Pelindung Meteran hiasan dekorasi Rumah
Shopee,PLN Prabayar,Alat penghemat listrik hemat daya 99% box meteran listrik token Electricity power saver Berlaku untuk semua meteran listrik Pasang dan mainkan
Shopee,PLN Prabayar,Segel Pln Resmi Untuk Meteran Kwh Air
Shopee,Bayar PDAM,BAYAR PDAM AIR SEMUA WILAYAH SIMPLE
Shopee,Bayar PDAM,Pembayaran Tagihan Pdam
Shopee,Bayar PDAM,Bayar Tagihan PDAM & Listrik Dengan Layanan Shopee
Shopee,Bayar PDAM,Pembayaran INDIHOME/LISTRIK/BPJS/PDAM cepat
Shopee,Bayar PDAM,"( ADMIN mulai 5K ) BAYAR TAGIHAN BPJS, PDAM, INDIHOME DAN LISTRIK"
Shopee,Bayar PDAM,(ADMIN MULAI 5K) BAYAR TAGIHAN PDAM
Shopee,Bayar PDAM,"BAYAR TAGIHAN MU SEKARANG, TOKEN PLN, PDAM, LISTRIK PASCABAYAR DAN PRABAYAR"
Shopee,Bayar PDAM,Pembayaran Tagihan Pam PDAM Tanpa Biaya Administrasi
Shopee,Bayar PDAM,"BAYAR TAGIHAN BPJS, INDIHOME, LISTRIK DAN PDAM ADMIN MULAI 5RIBU"
Shopee,Bayar PDAM,"BAYAR TAGIHAN PDAM, LISTRIK, BPJS DAN INDIHOME, ADMIN MULAI 5K"
Shopee,Bayar PDAM,"Bayar PDAM bea admin 2,500"
Shopee,Bayar PDAM,pembayaran pdam
Shopee,Bayar PDAM,Bayar PDAM Sesuai Tagihan Dengan Cek Terlebih Dahulu
Shopee,Bayar PDAM,Tagihan Air PDAM
Shopee,Bayar PDAM,Tagihan PLN Listrik PLN Bill
Shopee,Bayar PDAM,Bayar Tagihan Terlengkap
Shopee,Bayar PDAM,Bayar Tagihan apapun bea admin cuma 2.500 s/d 5.000
Shopee,Bayar PDAM,Bayar tagihan listrik bulanan tanpa biaya admin
Shopee,Bayar PDAM,"Miami Meteran Air PDAM Besi 1/2"" Lengkap"
Shopee,Bayar PDAM,Kertas PPOB 1ply 9.5x11dibagi 4  isi 2000set
Shopee,Bayar PDAM,NASAA PAPAN METERAN PLN PAM Listrik Air Meteran Kenmaster - Kuning
Shopee,Bayar PDAM,Kenmaster Papan Meteran PLN PAM Meter - Random
Shopee,Bayar PDAM,PROMO! Papan Meter PLN & PAM Kenmaster
Shopee,Bayar PDAM,"Silicone Mold Blind Box,Random Epoxy Resin Moulds Blessing Bags, Random Silicone Mold For Handmade"
Shopee,Bayar PDAM,"Kertas PPOB 1 Ply 9,5x11"" Dibagi 4 Berkualitas"
Shopee,Bayar PDAM,New Sale Kenmaster Papan Meteran PLN PAM Meter
Shopee,Bayar PDAM,Bst Ready Papan Informasi Meteran Pln Dan Pam Best Seller
Shopee,Bayar PDAM,Papan Meter PLN Papan Meter PAM Papan Meter PAM dan PLN BAGUS SUCCESS KENMASTER
Shopee,Bayar PDAM,PAPAN METER AKRILIK PLN PDAM BOYKO - ACRYLIC PAPAN LISTRIK PAM METERAN KODE 1091
Shopee,Bayar PDAM,PROMO! Papan Movitext PLN & PAM
Shopee,Bayar PDAM,‚ B.i.g Promo PAPAN PETUNJUK ANGKA PLN PAM RUMAH SERBAGUNA WATERPROOF KENMASTER ♮
Shopee,Bayar PDAM,Papan Meteran Pln Pam Listrik Air Meteran Kenmaster
Shopee,Bayar PDAM,TERBARU! Papan Movitext PLN & PAM
Shopee,Bayar PDAM,HOT SALE! Papan Movitext PLN & PAM
Shopee,Bayar PDAM,Langsung Order Papan Meteran PLN & PAM Limited
Shopee,tagihan indihome wifi,TAGIHAN INDIHOM ANDA
Shopee,tagihan indihome wifi,"BAYAR TAGIHAN INDHOME, WIFI ALL, DLL"
Shopee,tagihan indihome wifi,Tagihan indihome
Shopee,tagihan indihome wifi,Pembayaran Tagihan Tv Kabel Internet free admin
Shopee,tagihan indihome wifi,"BAYAR TAGIHAN BPJS, INDIHOME, LISTRIK DAN PDAM ADMIN MULAI 5RIBU"
Shopee,tagihan indihome wifi,"Pembayaran tagihan bulanan, Kredivo , Home credit, PLN, BPJS, INDIHOME, TV Kabel, PBB, kartu Pasca"
Shopee,tagihan indihome wifi,"BAYAR TAGIHAN PDAM, LISTRIK, BPJS DAN INDIHOME, ADMIN MULAI 5K"
Shopee,tagihan indihome wifi,Aplikasi tagihan internet rt rw bisa online dan offline
Shopee,tagihan indihome wifi,Speed On Demand Indihome | 50 - 300 Mbps | 1 - 7 Hari | Unlimited Tanpa Fup | Sod Indihome | Sod wifi | Upgrade Speed Sementara Indihome | Upgrade Speed Indihome Sementara | Upgrade Indihome Sementara | Jasa Layanan Indihome by Telkomsel | Wifi Indihome
Shopee,tagihan indihome wifi,Aplikasi Pembukuan Tagihan Wifi (Support Remote Mikrotik Via API)
Shopee,tagihan indihome wifi,Berhenti Atau Stop Berlangganan INDIHOME
Shopee,tagihan indihome wifi,Aplikasi Tagihan wifi RT RW berbasis web bisa online dan offline
Shopee,tagihan indihome wifi,System Tagihan Internet V8.5 Full Source Code
Shopee,tagihan indihome wifi,Aplikasi Tagihan wifi RT RW berbasis web bisa online dan offline
Shopee,tagihan indihome wifi,Resmi pembuat Aplikasi tagihan wifi RT RW net  Suport link tagih lewat WA
Shopee,tagihan indihome wifi,Aplikasi Tagihan wifi RT RW berbasis web bisa online dan offline
Shopee,tagihan indihome wifi,Aplikasi tagihan internet rt rw bisa online dan offline
Shopee,tagihan indihome wifi,Berhenti Berlangganan Indihome Dengan Syarat 12 Bulan
Shopee,tagihan indihome wifi,Nota RT RW Net Siap Pakai | Kwitansi Iuran WiFi | Bon Tagihan Internet 1/4 Folio
Shopee,tagihan indihome wifi,Aplikasi tagihan internet rt rw bisa online dan offline
Shopee,tagihan indihome wifi,Aplikasi Tagihan wifi RT RW berbasis web bisa online dan offline
Shopee,tagihan indihome wifi,Resmi pembuat Versi 3 Aplikasi tagihan wifi RT RW  net Suport link tagih lewat WA dan map
Shopee,tagihan indihome wifi,Resmi pembuat Versi 2 Aplikasi tagihan wifi RT RW  net Suport link tagih lewat WA
Shopee,tagihan indihome wifi,Pindah Rumah / Alamat Indihome | PDA
Shopee,tagihan indihome wifi,Tagihan indihome disc 20%
Shopee,tagihan indihome wifi,Pemasang wifi Indihome | One dynamic  | Pendaftaran baru
Shopee,tagihan indihome wifi,Nota Tagihan Wifi Internet Rt Rw Buku HVS 1/4 Folio
Shopee,tagihan indihome wifi,Aplikasi Tagihan wifi RT RW berbasis web bisa online dan offline
Shopee,tagihan indihome wifi,Aplikasi Tagihan Internet/Wifi RT RW Berbasis Web
Shopee,tagihan indihome wifi,Resmi pembuat Versi 3 Aplikasi tagihan wifi RT RW  net Suport link tagih lewat WA dan map APD DIGITAL APD
Shopee,tagihan indihome wifi,Pasang Wifi Indihome | Eznet Telkomsel Terpercaya
Shopee,tagihan indihome wifi,Wifi indihome
Shopee,tagihan indihome wifi,Software Aplikasi Tagihan langganan billing TV atau internet atau wifi CBMS 01
Shopee,tagihan indihome wifi,Daftar pasang Baru wifi indihome
Shopee,tagihan indihome wifi,"Wifi IndiHome Terbaik,Termudah,Tercepat"
Shopee,tagihan indihome wifi,Aplikasi Android petugas tagihan wify Rt rw net baca deskripsi
Shopee,tagihan indihome wifi,Wifi Indihome
Shopee,tagihan indihome wifi,Solusi indihome ke indibiz tagihan murah.
Shopee,tagihan indihome wifi,Indibiz 300mbps Tagihan 1Jt
Shopee,tagihan indihome wifi,WiFi indihome
Shopee,tagihan indihome wifi,WiFi IndiHome
Shopee,tagihan indihome wifi,Wifi Indihome Putih Melayani Pemasangan Se-Jabodetabek
Shopee,tagihan indihome wifi,Wifi Indihome Unlimited siap pakai
Shopee,tagihan indihome wifi,Indihome Migrasi to 300Mbps
Shopee,tagihan indihome wifi,wifi indihome 100mbps
Shopee,tagihan indihome wifi,WiFi IndiHome Telkom Bandung
Shopee,tagihan indihome wifi,Wifi Indihome
Shopee,tagihan indihome wifi,WiFi IndiHome Telkom Bandung
Shopee,tagihan indihome wifi,INDIHOME Telkom Bill
Shopee,tagihan indihome wifi,INDIHOME TV Kabel Bill
Shopee,tagihan indihome wifi,(ADMIN MULAI 5K) BAYAR TAGIHAN WIFI TV FIRST CBN COMET XLHOME BIZNET ICONNET MYREPUBLIC CENTRINonline MNCPLAY  NET1INDONESIA INDIHOME
Shopee,tagihan indihome wifi,Voucher Akun WIFI.ID Seamless Indihome Permanent
Shopee,tagihan indihome wifi,UPGRADE / DOWNGRADE INDIBIZ 50Mbps / 300Mbps
Shopee,tagihan indihome wifi,"Template Rekap Pembayaran Wifi – Auto Dashboard, Pembukuan Pelanggan & Tagihan"
Shopee,tagihan indihome wifi,internet indihome
Shopee,tagihan indihome wifi,INDIHOME PROMO SUPER MURAH!!!
Shopee,tagihan indihome wifi,paaang wifi murah
Shopee,tagihan indihome wifi,indihome
Shopee,tagihan indihome wifi,Fiberhome Type HG6145D2 Dualband Port Biru Lengkap Adaptor
Shopee,tagihan indihome wifi,indihome jabodetabek promo
Shopee,tagihan indihome wifi,100mbps indihome instan upgrade
Shopee,tagihan indihome wifi,Promo Terbatas Migrasi Indihome 100Mbps Spesial
Shopee,tagihan indihome wifi,BORONGAN ZTE  indihome ada( 15 )baru sisa toko  tanpa dus
Shopee,tagihan indihome wifi,Indibiz 300mbps Tagihan 1Jt
Shopee,tagihan indihome wifi,Solusi indihome ke indibiz tagihan murah.
Shopee,tagihan indihome wifi,Aplikasi Android petugas tagihan wify Rt rw net baca deskripsi
Shopee,tagihan indihome wifi,Paket resmi indibiz tagihan dibawah 1Jtan
Shopee,tagihan indihome wifi,Wi-Fi indihome pekanbaru riau
Shopee,tagihan indihome wifi,Wifi Indihome Huawei Router 4G LTE Cepat
Shopee,tagihan indihome wifi,Indibiz Migrasi/PSB 300Mbps Tagihan 400k Permanen
Shopee,tagihan indihome wifi,Pasang Internet Indihome Resmi
Shopee,tagihan indihome wifi,Wifi Indihome Putih Melayani Pemasangan Se-Jabodetabek
Shopee,tagihan indihome wifi,Modem Indihome TP - LINK
Shopee,tagihan indihome wifi,Wifi Indihome
Shopee,tagihan indihome wifi,WiFi Indihome Speedy--Router TP-Link TL-WR845RN 300Mbps
Shopee,tagihan indihome wifi,Pasang wifi murah indihome
Shopee,tagihan indihome wifi,WiFi IndiHome Telkom Bandung
Shopee,tagihan indihome wifi,indihome myrepublic intouch TP-Link MR6400 Wireless N 4G LTE Router Sim wi-fi network jaringan wifi tplink mr 6400 300mbps 300 mbps LAN WAN
Shopee,tagihan indihome wifi,Wifi indihome unlimited/promo wifi/wifi rumah
Shopee,tagihan indihome wifi,(ADMIN MULAI 5K) BAYAR TAGIHAN WIFI TV FIRST CBN COMET XLHOME BIZNET ICONNET MYREPUBLIC CENTRINonline MNCPLAY  NET1INDONESIA INDIHOME
Shopee,tagihan indihome wifi,Pembayaran INDIHOME/LISTRIK/BPJS/PDAM cepat
Shopee,tagihan indihome wifi,Jasa Hemat Tagihan WiFi MyRepublic Hingga 50% | Promo 6 Bulan | Jasa Layanan Akses Internet Myrepublic
Shopee,tagihan indihome wifi,Migrasi Paket Indihome 10Mbps 1P Internet Only
Shopee,tagihan indihome wifi,COD Repeater WiFi 1200Mbps Dual Band 2.4G Penguat Sinyal Internet Tinggi 8/6/4 Antena Extender Jaringan Wireless Long Range Dukungan Mode AP Repeater Mudah Dipasang untuk Rumah Kantor
Shopee,tagihan indihome wifi,ISOLIR SEMENTARA  LAYANAN INDIHOME 1 - 3 BULAN
Shopee,tagihan indihome wifi,Bayar Tagihan Listrik Bulanan
Shopee,tagihan indihome wifi,Voucher Wifi Id Violet Unlimited 100Mbps Garansi
Shopee,tagihan indihome wifi,Migrasi Paket Indihome / Downgrade Upgrade ke 1P Internet Only. 10 - 75 Mbps
Shopee,tagihan indihome wifi,RUBAH EMAIL / RUBAH NOMOR HP YANG TERDAFTAR DI INDIHOME MYTELKOMSEL
Shopee,tagihan indihome wifi,Migrasi Indihome Paket 1P Internet Only | 10 - 100 Mbps | Downgrade & Upgrade l Rubah Paket IndiHome Legal
Shopee,tagihan indihome wifi,PENCABUTAN ADD ON / LAYANAN TAMBAHAN INDIHOME
Shopee,tagihan indihome wifi,Lampu Tindakan medis/Lampu sorot/Lampu sorot stainless
Shopee,tagihan indihome wifi,Pemasangan Indihome
Shopee,tagihan indihome wifi,Jasa Layanan Isolir Sementara Indibiz IndiHome Bisnis Selama 3 Bulan / Isolir Internet Indibiz
Shopee,tagihan indihome wifi,MIGRASI 10-150 MBPS PAKET INDIHOME 1P INET ONLY|| MIGRASI SPEED INDIHOME || DOWNGRADE UPGRADE PAKET INDIHOME
Shopee,tagihan indihome wifi,Migrasi Indihome Paket 1P Internet Only 10-100 Mbps Downgrade Upgrade
Shopee,tagihan indihome wifi,ADMIN MULAI 5K / BAYAR TAGIHAN PGN
Shopee,tagihan indihome wifi,ZYXEL INDIHOME P-660HN-T1 V2 ROUTER WIRELESS
Shopee,tagihan indihome wifi,Migrasi Indibiz Paket 1P Internet Only 50 - 300 Mbps Unlimited Tanpa Kuota Fup / Downgrade Upgrade / Jasa Migrasi
Shopee,tagihan indihome wifi,Remot / Remote Receiver STB Android TV BOX ZTE ZXV10 B860H B760H Indi MNC PLAY Speedy TV ZTE HITAM / ecer dan grosir
Shopee,tagihan indihome wifi,Remot Remote Original Untuk TV Indihome Control USEE TV/TELKOM SPEEDY/ ZTE/ STB/ INDI HOME/ OXYGEN
Shopee,tagihan indihome wifi,Kemeja Indihome terbaru Bordir Telkom Akses Lengan Pendek
Shopee,tagihan indihome wifi,PROMO Indihome TV Premium Dengan Android TV
Shopee,tagihan indihome wifi,Remote STB INDIH@ME Fiberh@me HG680P RM-001+A1 berkualitas tombol empuk
Shopee,tagihan indihome wifi,baju seragam kerja Indihome/kemeja promosi Indihome/custom bordir Indihome/Baju Indihome merah putih
Shopee,tagihan indihome wifi,RECIVER REMOTE STB INDIHOME SPEEDY TV ZTE ZX V10 HITAM PUTIH
Shopee,tagihan indihome wifi,Migrasi Paket 100 Mbps 1P Jitu Only Internet
Shopee,tagihan indihome wifi,Baju Seragam Telkom Indihome Kemeja Kerja lengan pendek bordir
Shopee,tagihan indihome wifi,"STB V1, V2, V5, HG680P, B760, B866, HGFJ"
Shopee,tagihan indihome wifi,vocher indihome
Shopee,tagihan indihome wifi,ISOLIR SEMENTARA INDIHOME
Shopee,tagihan indihome wifi,"STB ROOT & ORIGINAL ZXV10 B860H V1, V2, V5 - ZXV10 B866F & HG680 P/FJ"
Shopee,tagihan indihome wifi,STB Smart TV Box Open All Channel 4K Dolby Atmos
Shopee,tagihan indihome wifi,remotestb Indihome
Shopee,tagihan indihome wifi,Rompi Kerja Telkom Indihome-bisa costume dan reques logo dan nama
Shopee,tagihan indihome wifi,"power supply adaptor bulat ont stb cctv 12v 1a 5,5 x 2,1mm hitam bawaan original dan adapter eu DC murni jack 5.5 Indihome china telecom ori router"
Shopee,tagihan indihome wifi,"Terbaru,,,Seragam Kerja Lapangan Indihome Telkom - Rompi Indihome-bisa costume dan reques logo,Ready scok"
Shopee,tagihan indihome wifi,JASA LAYANAN ADMINISTRASI MIGRASI PAKET INDIHOME
Shopee,tagihan indihome wifi,Remote STB ZTE Indihome Hitam Dan Putih Tanpa Setting
Shopee,Toko Pengangguran Suksess,PROMO TOKEN LISTRIK 20Rb
Shopee,Toko Pengangguran Suksess,Promo Token Listrik 5k 10k 15k 20k 20ribu
Shopee,Toko Pengangguran Suksess,Bayar Semua Tagihan Bulanan
Shopee,Toko Pengangguran Suksess,PROMO Token Listrik 50K 50RB Isi Cepat 50000
Shopee,Toko Pengangguran Suksess,Token Listrik 5K 5RB 5000 Isi Ulang
Shopee,Toko Pengangguran Suksess,"Termurah Token Listrik 5Rb,10Rb,15Rb,20Rb Proses Cepat"
Shopee,Toko Pengangguran Suksess,Pulsa Listrik Token PLN 5RB 10RB 15RB Dadakan
Shopee,Toko Pengangguran Suksess,Voucher Alfamart 50K 50RB 50000
Shopee,Toko Pengangguran Suksess,PROMO Token Listrik 20K 50K Pengiriman Cepat
Shopee,Toko Pengangguran Suksess,Paket internet axis xl 30hr Config zivpn
Shopee,Toko Pengangguran Suksess,Config Zivpn XL Axis 1bln
Shopee,Toko Pengangguran Suksess,Bayar Tagihan Listrik Bulanan
Shopee,Toko Pengangguran Suksess,Promo Token Listrik 100K 100Rb
Shopee,Toko Pengangguran Suksess,Voucher Indomaret 100k Non Fisik
Shopee,Toko Pengangguran Suksess,Config Zivpn Axis XL 30hr
Shopee,Toko Pengangguran Suksess,Voucher Pluang 100K Dikirim Langsung Via Permatta
Shopee,Toko Pengangguran Suksess,Masa Aktif Axis Xl 30hr
Shopee,Toko Pengangguran Suksess,Perpanjang Masa Aktif Axis XL 1 Bulan
Shopee,Toko Pengangguran Suksess,Voucher Alfamart 100K 100RB Kode Digital
Shopee,Toko Pengangguran Suksess,TOKEN LISTRIK 10K 10RB 10000
Shopee,Toko Pengangguran Suksess,VOUCHER ALFAMART 25K 50K 100K
Shopee,Toko Pengangguran Suksess,Isi Pulsa 3 Three Murah 1rb 2rb 3rb 4rb 5rb
Shopee,Toko Pengangguran Suksess,ISI ULANG PULSA TEKOMSEL 2K 2RB 2000
Shopee,Toko Pengangguran Suksess,Masa Aktif Three Tri 4 bln
Shopee,Toko Pengangguran Suksess,Pulsa Telkomsel  2k 3k 4k 5k 10k Murah
Shopee,Toko Pengangguran Suksess,Bayar Tagihan Iconnet
Shopee,Toko Pengangguran Suksess,PULSA TELKOMSEL REGULER MURAH
Shopee,Toko Pengangguran Suksess,PULSA TELKOMSEL 10K MURAH
Shopee,Toko Pengangguran Suksess,Perpanjang Masa Aktif Three Tri 4bln
Shopee,Toko Pengangguran Suksess,INJEK KUOTA AXIS 50GB 60HARI
Shopee,Toko Pengangguran Suksess,PROMO VOUCHER ALFAMART 25K 25RB 25000
Deals,Wifi,Indihome
Deals,Wifi,Biznet
Deals,Wifi,Megavision
Deals,Wifi,First Media
Deals,Wifi,MyRepublic
Deals,Wifi,Oxygen
Deals,Wifi,Bali Fiber
Deals,Wifi,MNC Play
Deals,Wifi,ICONNET
Deals,Wifi,Indosat Hi-Fi
Deals,Wifi,Corpnet
Deals,Wifi,CBN Fiber
Deals,Wifi,XL Fiber
Deals,Wifi,Telkomsel Orbit 
Deals,Wifi,Groovy
IDNTimes,Asuransi Kesehatan,Allianz
IDNTimes,Asuransi Kesehatan,Prudential
IDNTimes,Asuransi Kesehatan,AIA
IDNTimes,Asuransi Kesehatan,Manulife
IDNTimes,Asuransi Kesehatan,Sun Life
IDNTimes,Asuransi Kesehatan,AXA Mandiri
IDNTimes,Asuransi Kesehatan,FWD
IDNTimes,Asuransi Kesehatan,Generali
IDNTimes,Asuransi Kesehatan,BNI Life
IDNTimes,Asuransi Kesehatan,BRI Life
IDNTimes,Asuransi Kesehatan,BCA Life
IDNTimes,Asuransi Kesehatan,Mandiri Inhealth
IDNTimes,Asuransi Kesehatan,Sequis
IDNTimes,Asuransi Kesehatan,CAR
IDNTimes,Asuransi Kesehatan,Sinarmas MSIG
IDNTimes,Asuransi Kesehatan,ACA
IDNTimes,Asuransi Kesehatan,Asuransi Astra
IDNTimes,Asuransi Kesehatan,Zurich
IDNTimes,Asuransi Kesehatan,Tokio Marine
IDNTimes,Asuransi Kesehatan,Sompo
Generate,Asuransi Kesehatan,BPJS Kesehatan
Generate,Asuransi Kesehatan,Allianz Indonesia
Generate,Asuransi Kesehatan,Prudential Indonesia
Generate,Asuransi Kesehatan,AIA Financial
Generate,Asuransi Kesehatan,Manulife Indonesia
Generate,Asuransi Kesehatan,Sun Life Indonesia
Generate,Asuransi Kesehatan,AXA Mandiri
Generate,Asuransi Kesehatan,FWD Insurance
Generate,Asuransi Kesehatan,Generali Indonesia
Generate,Asuransi Kesehatan,Hanwha Life Indonesia
Generate,Asuransi Kesehatan,BCA Life
Generate,Asuransi Kesehatan,BNI Life
Generate,Asuransi Kesehatan,BRI Life
Generate,Asuransi Kesehatan,Mandiri Inhealth
Generate,Asuransi Kesehatan,Sequis Life
Generate,Asuransi Kesehatan,Sinarmas MSIG Life
Generate,Asuransi Kesehatan,Central Asia Raya (CAR)
Generate,Asuransi Kesehatan,Bumiputera 1912
Generate,Asuransi Kesehatan,MNC Life
Generate,Asuransi Kesehatan,ACA
Generate,Asuransi Kesehatan,Asuransi Astra
Generate,Asuransi Kesehatan,Zurich Indonesia
Generate,Asuransi Kesehatan,Tokio Marine Indonesia
Generate,Asuransi Kesehatan,Sompo Insurance Indonesia
Generate,Asuransi Kesehatan,MSIG Indonesia
Generate,Asuransi Kendaraan,Asuransi Astra Buana
Generate,Asuransi Kendaraan,ACA
Generate,Asuransi Kendaraan,Allianz Utama Indonesia
Generate,Asuransi Kendaraan,Zurich Asuransi Indonesia
Generate,Asuransi Kendaraan,Tokio Marine Indonesia
Generate,Asuransi Kendaraan,Sompo Insurance Indonesia
Generate,Asuransi Kendaraan,Tugu Insurance
Generate,Asuransi Kendaraan,Sinar Mas Insurance
Generate,Asuransi Kendaraan,Adira Insurance
Generate,Asuransi Kendaraan,BCA Insurance
Generate,Asuransi Kendaraan,Mega Insurance
Generate,Asuransi Kendaraan,Jasindo
Generate,Asuransi Kendaraan,Reliance Insurance
Generate,Asuransi Kendaraan,MAG Insurance
Generate,Asuransi Kendaraan,Askrida
Generate,Asuransi Kendaraan,AXA Insurance Indonesia
Generate,Asuransi Kendaraan,Chubb General Insurance Indonesia
Generate,Asuransi Kendaraan,Multi Artha Guna Insurance
Generate,Asuransi Kendaraan,KB Insurance Indonesia
Generate,Asuransi Kendaraan,Rama Satria Wibawa
Generate,Asuransi Kendaraan,Oona Insurance
Generate,Asuransi Kendaraan,Great Eastern General Insurance
Generate,Asuransi Kendaraan,QBE General Insurance Indonesia
Generate,Asuransi Kendaraan,Simas Insurtech
Generate,Asuransi Kendaraan,Tripakarta Insurance
Generate,Asuransi Jiwa,Allianz Life Indonesia
Generate,Asuransi Jiwa,Prudential Indonesia
Generate,Asuransi Jiwa,AIA Financial
Generate,Asuransi Jiwa,Manulife Indonesia
Generate,Asuransi Jiwa,Sun Life Indonesia
Generate,Asuransi Jiwa,AXA Mandiri Financial Services
Generate,Asuransi Jiwa,FWD Insurance
Generate,Asuransi Jiwa,Generali Indonesia
Generate,Asuransi Jiwa,Hanwha Life Indonesia
Generate,Asuransi Jiwa,BCA Life
Generate,Asuransi Jiwa,BNI Life Insurance
Generate,Asuransi Jiwa,BRI Life
Generate,Asuransi Jiwa,Sequis Life
Generate,Asuransi Jiwa,Sinarmas MSIG Life
Generate,Asuransi Jiwa,Central Asia Raya (CAR Life)
Generate,Asuransi Jiwa,Bumiputera 1912
Generate,Asuransi Jiwa,MNC Life
Generate,Asuransi Jiwa,Chubb Life Indonesia
Generate,Asuransi Jiwa,Avrist Assurance
Generate,Asuransi Jiwa,Astra Life
Generate,Asuransi Jiwa,IFG Life
Generate,Asuransi Jiwa,OCBC Life Assurance
Generate,Asuransi Jiwa,Ciputra Life
Generate,Asuransi Jiwa,Tokio Marine Life Insurance Indonesia
Generate,Asuransi Jiwa,Great Eastern Life Indonesia
Generate,Data Realistis Asuransi,Bayar Premi Allianz
Generate,Data Realistis Asuransi,Autodebet Prudential
Generate,Data Realistis Asuransi,BPJS Kesehatan April
Generate,Data Realistis Asuransi,Premi AIA Financial
Generate,Data Realistis Asuransi,Transfer Manulife Bulanan
Generate,Data Realistis Asuransi,Sun Life Auto Debit
Generate,Data Realistis Asuransi,AXA Mandiri Premi
Generate,Data Realistis Asuransi,FWD Insurance Payment
Generate,Data Realistis Asuransi,Generali Tagihan
Generate,Data Realistis Asuransi,Hanwha Life Premi
Generate,Data Realistis Asuransi,BCA Life Bulanan
Generate,Data Realistis Asuransi,BNI Life Payment
Generate,Data Realistis Asuransi,BRI Life Premi
Generate,Data Realistis Asuransi,Mandiri Inhealth Tagihan
Generate,Data Realistis Asuransi,Sequis Auto Debit
Generate,Data Realistis Asuransi,Sinarmas MSIG Premi
Generate,Data Realistis Asuransi,CAR Life Bulanan
Generate,Data Realistis Asuransi,Bumiputera Premi
Generate,Data Realistis Asuransi,MNC Life Payment
Generate,Data Realistis Asuransi,ACA Asuransi Kendaraan
Generate,Data Realistis Asuransi,Astra Buana Mobil
Generate,Data Realistis Asuransi,Zurich Motor Insurance
Generate,Data Realistis Asuransi,Tokio Marine Car Premium
Generate,Data Realistis Asuransi,Sompo Asuransi Mobil
Generate,Data Realistis Asuransi,Tugu Insurance Mobil
Generate,Data Realistis Asuransi,Sinar Mas Kendaraan
Generate,Data Realistis Asuransi,Adira Autocillin
Generate,Data Realistis Asuransi,BCA Insurance Car
Generate,Data Realistis Asuransi,Mega Insurance Vehicle
Generate,Data Realistis Asuransi,Jasindo Mobil
Generate,Data Realistis Asuransi,Reliance Car Premium
Generate,Data Realistis Asuransi,MAG Insurance Motor
Generate,Data Realistis Asuransi,Askrida Kendaraan
Generate,Data Realistis Asuransi,Chubb Vehicle Cover
Generate,Data Realistis Asuransi,KB Insurance Mobil
Generate,Data Realistis Asuransi,Tripakarta Motor
Generate,Data Realistis Asuransi,Oona Car Insurance
Generate,Data Realistis Asuransi,QBE Vehicle Premium
Generate,Data Realistis Asuransi,Great Eastern Mobil
Generate,Data Realistis Asuransi,Simas Insurtech Motor
Generate,Data Realistis Asuransi,Bayar BPJS Mei
Generate,Data Realistis Asuransi,Premi Allianz Mei
Generate,Data Realistis Asuransi,Prudential Auto Debit Mei
Generate,Data Realistis Asuransi,AIA Premi Mei
Generate,Data Realistis Asuransi,Manulife Transfer Mei
Generate,Data Realistis Asuransi,Sun Life Premi Mei
Generate,Data Realistis Asuransi,AXA Mandiri Mei
Generate,Data Realistis Asuransi,FWD Bulanan Mei
Generate,Data Realistis Asuransi,Generali Mei
Generate,Data Realistis Asuransi,Hanwha Life Mei
Generate,Data Realistis Asuransi,BCA Life Mei
Generate,Data Realistis Asuransi,BNI Life Mei
Generate,Data Realistis Asuransi,BRI Life Mei
Generate,Data Realistis Asuransi,Inhealth Mei
Generate,Data Realistis Asuransi,Sequis Mei
Generate,Data Realistis Asuransi,Sinarmas Life Mei
Generate,Data Realistis Asuransi,CAR Mei
Generate,Data Realistis Asuransi,Bumiputera Mei
Generate,Data Realistis Asuransi,MNC Life Mei
Generate,Data Realistis Asuransi,ACA Mobil Mei
Generate,Data Realistis Asuransi,Astra Buana Mei
Generate,Data Realistis Asuransi,Zurich Mei
Generate,Data Realistis Asuransi,Tokio Marine Mei
Generate,Data Realistis Asuransi,Sompo Mei
Generate,Data Realistis Asuransi,Tugu Mei
Generate,Data Realistis Asuransi,Sinar Mas Mei
Generate,Data Realistis Asuransi,Adira Mei
Generate,Data Realistis Asuransi,BCA Insurance Mei
Generate,Data Realistis Asuransi,Mega Insurance Mei
Generate,Data Realistis Asuransi,Jasindo Mei
Generate,Data Realistis Asuransi,Reliance Mei
Generate,Data Realistis Asuransi,MAG Mei
Generate,Data Realistis Asuransi,Askrida Mei
Generate,Data Realistis Asuransi,Chubb Mei
Generate,Data Realistis Asuransi,KB Insurance Mei
Generate,Data Realistis Asuransi,Tripakarta Mei
Generate,Data Realistis Asuransi,Oona Mei
Generate,Data Realistis Asuransi,QBE Mei
Generate,Data Realistis Asuransi,Great Eastern Mei
Generate,Data Realistis Asuransi,Simas Mei
Generate,Data Realistis Asuransi,BPJS Juni
Generate,Data Realistis Asuransi,Allianz Juni
Generate,Data Realistis Asuransi,Prudential Juni
Generate,Data Realistis Asuransi,AIA Juni
Generate,Data Realistis Asuransi,Manulife Juni
Generate,Data Realistis Asuransi,Sun Life Juni
Generate,Data Realistis Asuransi,AXA Juni
Generate,Data Realistis Asuransi,FWD Juni
Generate,Data Realistis Asuransi,Generali Juni
Generate,Data Realistis Asuransi,Hanwha Juni
Generate,Data Realistis Asuransi,BCA Life Juni
Generate,Data Realistis Asuransi,BNI Life Juni
Generate,Data Realistis Asuransi,BRI Life Juni
Generate,Data Realistis Asuransi,Mandiri Inhealth Juni
Generate,Data Realistis Asuransi,Sequis Juni
Generate,Data Realistis Asuransi,Sinarmas Juni
Generate,Data Realistis Asuransi,CAR Juni
Generate,Data Realistis Asuransi,Bumiputera Juni
Generate,Data Realistis Asuransi,MNC Life Juni
Generate,Data Realistis Asuransi,ACA Juni
Generate,Data Realistis Asuransi,Astra Buana Juni
Generate,Data Realistis Asuransi,Zurich Juni
Generate,Data Realistis Asuransi,Tokio Marine Juni
Generate,Data Realistis Asuransi,Sompo Juni
Generate,Data Realistis Asuransi,Tugu Juni
Generate,Data Realistis Asuransi,Sinar Mas Juni
Generate,Data Realistis Asuransi,Adira Juni
Generate,Data Realistis Asuransi,BCA Insurance Juni
Generate,Data Realistis Asuransi,Mega Insurance Juni
Generate,Data Realistis Asuransi,Jasindo Juni
Generate,Data Realistis Asuransi,Reliance Juni
Generate,Data Realistis Asuransi,MAG Juni
Generate,Data Realistis Asuransi,Askrida Juni
Generate,Data Realistis Asuransi,Chubb Juni
Generate,Data Realistis Asuransi,KB Insurance Juni
Generate,Data Realistis Asuransi,Tripakarta Juni
Generate,Data Realistis Asuransi,Oona Juni
Generate,Data Realistis Asuransi,QBE Juni
Generate,Data Realistis Asuransi,Great Eastern Juni
Generate,Data Realistis Asuransi,Simas Juni
Generate,Data Realistis Asuransi,Premi Jiwa Allianz
Generate,Data Realistis Asuransi,Asuransi Jiwa Prudential
Generate,Data Realistis Asuransi,Life Cover AIA
Generate,Data Realistis Asuransi,Proteksi Manulife
Generate,Data Realistis Asuransi,Premi Sun Life
Generate,Data Realistis Asuransi,AXA Life Payment
Generate,Data Realistis Asuransi,FWD Life Premi
Generate,Data Realistis Asuransi,Generali Life Cover
Generate,Data Realistis Asuransi,Hanwha Life Cover
Generate,Data Realistis Asuransi,BCA Life Premi
Generate,Data Realistis Asuransi,BNI Life Premi
Generate,Data Realistis Asuransi,BRI Life Premi
Generate,Data Realistis Asuransi,Sequis Life Premi
Generate,Data Realistis Asuransi,Sinarmas Life Premi
Generate,Data Realistis Asuransi,CAR Life Premi
Generate,Data Realistis Asuransi,MNC Life Premi
Generate,Data Realistis Asuransi,Avrist Assurance Premi
Generate,Data Realistis Asuransi,Astra Life Premi
Generate,Data Realistis Asuransi,IFG Life Premi
Generate,Data Realistis Asuransi,OCBC Life Premi
Generate,Data Realistis Asuransi,Ciputra Life Premi
Generate,Data Realistis Asuransi,Tokio Marine Life Premi
Generate,Data Realistis Asuransi,Great Eastern Life Premi
Generate,Data Realistis Asuransi,Allianz Car Insurance
Generate,Data Realistis Asuransi,Prudential Health Cover
Generate,Data Realistis Asuransi,AIA Hospital Cover
Generate,Data Realistis Asuransi,Manulife Health Plan
Generate,Data Realistis Asuransi,Sun Life Medical Cover
Generate,Data Realistis Asuransi,BPJS Mandiri Bayar
Generate,Data Realistis Asuransi,Premi Rawat Inap Allianz
Generate,Data Realistis Asuransi,Asuransi Mobil ACA
Generate,Data Realistis Asuransi,Proteksi Kendaraan Astra
Generate,Data Realistis Asuransi,Autocillin Adira Bayar
Generate,Data Realistis Asuransi,Motor Insurance Sompo
Generate,Data Realistis Asuransi,Mobil Cover Zurich
Generate,Data Realistis Asuransi,Premi Kendaraan Tugu
Generate,Data Realistis Asuransi,Asuransi Mobil Sinar Mas
Generate,Data Realistis Asuransi,Tokio Marine Vehicle
Generate,Data Realistis Asuransi,Reliance Motor Cover
Generate,Data Realistis Asuransi,MAG Vehicle Payment
Generate,Data Realistis Asuransi,Askrida Car Cover
Generate,Data Realistis Asuransi,Chubb Auto Cover
Generate,Data Realistis Asuransi,KB Car Insurance
Generate,Data Realistis Asuransi,Tripakarta Vehicle
Generate,Data Realistis Asuransi,Oona Premium
Generate,Data Realistis Asuransi,QBE Mobil Cover
Generate,Data Realistis Asuransi,Great Eastern Auto
Generate,Data Realistis Asuransi,Simas Motor Premi
Generate,Data Realistis Asuransi,BPJS Auto Debit
Generate,Data Realistis Asuransi,Prudential Virtual Account
Generate,Data Realistis Asuransi,Allianz Transfer BCA
Generate,Data Realistis Asuransi,AIA Debit Mandiri
Generate,Data Realistis Asuransi,Manulife VA Payment
Generate,Data Realistis Asuransi,Sun Life Tokopedia
Generate,Data Realistis Asuransi,AXA Mandiri Autodebet
Generate,Data Realistis Asuransi,FWD ShopeePay
Generate,Data Realistis Asuransi,Generali Gopay
Generate,Data Realistis Asuransi,Hanwha Transfer BNI
Shopee,Bayar Pulsa/Tagihan/Game/Digital,Indosat Ooredoo
Shopee,Bayar Pulsa/Tagihan/Game/Digital,IM3
Shopee,Bayar Pulsa/Tagihan/Game/Digital,Telkomsel
Shopee,Bayar Pulsa/Tagihan/Game/Digital,simPATI
Shopee,Bayar Pulsa/Tagihan/Game/Digital,Kartu As
Shopee,Bayar Pulsa/Tagihan/Game/Digital,Smartfren
Shopee,Bayar Pulsa/Tagihan/Game/Digital,XL
Shopee,Bayar Pulsa/Tagihan/Game/Digital,AXIS
Shopee,Bayar Pulsa/Tagihan/Game/Digital,Three / 3 Tri
Shopee,Bayar Pulsa/Tagihan/Game/Digital,Esia
Shopee,Bayar Pulsa/Tagihan/Game/Digital,StarOne
Shopee,Bayar Pulsa/Tagihan/Game/Digital,Telkom Indonesia
Shopee,Bayar Pulsa/Tagihan/Game/Digital,Indosat Mentari
Shopee,Bayar Pulsa/Tagihan/Game/Digital,BOLT!
Shopee,Bayar Pulsa/Tagihan/Game/Digital,Flexi
Generate,Tagihan Pulsa dan Internet,Bayar Pulsa Telkomsel
Generate,Tagihan Pulsa dan Internet,Bayar Pulsa XL
Generate,Tagihan Pulsa dan Internet,Bayar Pulsa Indosat
Generate,Tagihan Pulsa dan Internet,Bayar Pulsa Tri
Generate,Tagihan Pulsa dan Internet,Bayar Pulsa Axis
Generate,Tagihan Pulsa dan Internet,Bayar Pulsa Smartfren
Generate,Tagihan Pulsa dan Internet,Pembayaran Pulsa Telkomsel
Generate,Tagihan Pulsa dan Internet,Pembayaran Pulsa XL
Generate,Tagihan Pulsa dan Internet,Pembayaran Pulsa IM3
Generate,Tagihan Pulsa dan Internet,Pembayaran Pulsa Tri
Generate,Tagihan Pulsa dan Internet,Pembayaran Pulsa Axis
Generate,Tagihan Pulsa dan Internet,Pembayaran Pulsa Smartfren
Generate,Tagihan Pulsa dan Internet,Tagihan Pulsa Telkomsel
Generate,Tagihan Pulsa dan Internet,Tagihan Pulsa XL
Generate,Tagihan Pulsa dan Internet,Tagihan Pulsa Indosat
Generate,Tagihan Pulsa dan Internet,Tagihan Pulsa Tri
Generate,Tagihan Pulsa dan Internet,Tagihan Pulsa Axis
Generate,Tagihan Pulsa dan Internet,Tagihan Pulsa Smartfren
Generate,Tagihan Pulsa dan Internet,Isi Pulsa Telkomsel 10K
Generate,Tagihan Pulsa dan Internet,Isi Pulsa Telkomsel 25K
Generate,Tagihan Pulsa dan Internet,Isi Pulsa Telkomsel 50K
Generate,Tagihan Pulsa dan Internet,Isi Pulsa XL 10K
Generate,Tagihan Pulsa dan Internet,Isi Pulsa XL 25K
Generate,Tagihan Pulsa dan Internet,Isi Pulsa XL 50K
Generate,Tagihan Pulsa dan Internet,Isi Pulsa IM3 10K
Generate,Tagihan Pulsa dan Internet,Isi Pulsa IM3 25K
Generate,Tagihan Pulsa dan Internet,Isi Pulsa IM3 50K
Generate,Tagihan Pulsa dan Internet,Isi Pulsa Tri 10K
Generate,Tagihan Pulsa dan Internet,Isi Pulsa Tri 25K
Generate,Tagihan Pulsa dan Internet,Isi Pulsa Axis 10K
Generate,Tagihan Pulsa dan Internet,Isi Pulsa Axis 25K
Generate,Tagihan Pulsa dan Internet,Isi Pulsa Smartfren 10K
Generate,Tagihan Pulsa dan Internet,Isi Pulsa Smartfren 25K
Generate,Tagihan Pulsa dan Internet,Topup Pulsa Telkomsel
Generate,Tagihan Pulsa dan Internet,Topup Pulsa XL
Generate,Tagihan Pulsa dan Internet,Topup Pulsa IM3
Generate,Tagihan Pulsa dan Internet,Topup Pulsa Tri
Generate,Tagihan Pulsa dan Internet,Topup Pulsa Axis
Generate,Tagihan Pulsa dan Internet,Topup Pulsa Smartfren
Generate,Tagihan Pulsa dan Internet,Shopee Pulsa Telkomsel
Generate,Tagihan Pulsa dan Internet,Shopee Pulsa XL
Generate,Tagihan Pulsa dan Internet,Shopee Pulsa Tri
Generate,Tagihan Pulsa dan Internet,Shopee Pulsa Axis
Generate,Tagihan Pulsa dan Internet,Shopee Pulsa IM3
Generate,Tagihan Pulsa dan Internet,Shopee Pulsa Smartfren
Generate,Tagihan Pulsa dan Internet,Tokopedia Pulsa Telkomsel
Generate,Tagihan Pulsa dan Internet,OVO Pulsa XL
Generate,Tagihan Pulsa dan Internet,Dana Pulsa IM3
Generate,Tagihan Pulsa dan Internet,Gopay Pulsa Tri
Generate,Tagihan Pulsa dan Internet,LinkAja Pulsa Axis
Generate,Tagihan Pulsa dan Internet,Bayar Paket Data Telkomsel
Generate,Tagihan Pulsa dan Internet,Bayar Paket Data XL
Generate,Tagihan Pulsa dan Internet,Bayar Paket Data Indosat
Generate,Tagihan Pulsa dan Internet,Bayar Paket Data Tri
Generate,Tagihan Pulsa dan Internet,Bayar Paket Data Axis
Generate,Tagihan Pulsa dan Internet,Bayar Paket Data Smartfren
Generate,Tagihan Pulsa dan Internet,Pembayaran Paket Data Telkomsel
Generate,Tagihan Pulsa dan Internet,Pembayaran Paket Data XL
Generate,Tagihan Pulsa dan Internet,Pembayaran Paket Data IM3
Generate,Tagihan Pulsa dan Internet,Pembayaran Paket Data Tri
Generate,Tagihan Pulsa dan Internet,Pembayaran Paket Data Axis
Generate,Tagihan Pulsa dan Internet,Pembayaran Paket Data Smartfren
Generate,Tagihan Pulsa dan Internet,Tagihan Paket Data Telkomsel
Generate,Tagihan Pulsa dan Internet,Tagihan Paket Data XL
Generate,Tagihan Pulsa dan Internet,Tagihan Paket Data IM3
Generate,Tagihan Pulsa dan Internet,Tagihan Paket Data Tri
Generate,Tagihan Pulsa dan Internet,Tagihan Paket Data Axis
Generate,Tagihan Pulsa dan Internet,Tagihan Paket Data Smartfren
Generate,Tagihan Pulsa dan Internet,Paket Data Telkomsel 2GB
Generate,Tagihan Pulsa dan Internet,Paket Data Telkomsel 5GB
Generate,Tagihan Pulsa dan Internet,Paket Data Telkomsel 10GB
Generate,Tagihan Pulsa dan Internet,Paket Data XL 2GB
Generate,Tagihan Pulsa dan Internet,Paket Data XL 5GB
Generate,Tagihan Pulsa dan Internet,Paket Data XL 10GB
Generate,Tagihan Pulsa dan Internet,Paket Data IM3 2GB
Generate,Tagihan Pulsa dan Internet,Paket Data IM3 5GB
Generate,Tagihan Pulsa dan Internet,Paket Data IM3 10GB
Generate,Tagihan Pulsa dan Internet,Paket Data Tri 2GB
Generate,Tagihan Pulsa dan Internet,Paket Data Tri 5GB
Generate,Tagihan Pulsa dan Internet,Paket Data Axis 2GB
Generate,Tagihan Pulsa dan Internet,Paket Data Axis 5GB
Generate,Tagihan Pulsa dan Internet,Paket Data Smartfren 5GB
Generate,Tagihan Pulsa dan Internet,Paket Data Smartfren 10GB
Generate,Tagihan Pulsa dan Internet,Kuota Internet Telkomsel
Generate,Tagihan Pulsa dan Internet,Kuota Internet XL
Generate,Tagihan Pulsa dan Internet,Kuota Internet IM3
Generate,Tagihan Pulsa dan Internet,Kuota Internet Tri
Generate,Tagihan Pulsa dan Internet,Kuota Internet Axis
Generate,Tagihan Pulsa dan Internet,Kuota Internet Smartfren
Generate,Tagihan Pulsa dan Internet,Beli Kuota Telkomsel
Generate,Tagihan Pulsa dan Internet,Beli Kuota XL
Generate,Tagihan Pulsa dan Internet,Beli Kuota IM3
Generate,Tagihan Pulsa dan Internet,Beli Kuota Tri
Generate,Tagihan Pulsa dan Internet,Beli Kuota Axis
Generate,Tagihan Pulsa dan Internet,Beli Kuota Smartfren
Generate,Tagihan Pulsa dan Internet,Voucher Data Telkomsel
Generate,Tagihan Pulsa dan Internet,Voucher Data XL
Generate,Tagihan Pulsa dan Internet,Voucher Data IM3
Generate,Tagihan Pulsa dan Internet,Voucher Data Tri
Generate,Tagihan Pulsa dan Internet,Voucher Data Axis
Generate,Tagihan Pulsa dan Internet,Voucher Data Smartfren
Generate,Tagihan Pulsa dan Internet,Telkomsel Combo Sakti
Generate,Tagihan Pulsa dan Internet,Telkomsel OMG Package
Generate,Tagihan Pulsa dan Internet,XL Xtra Combo
Generate,Tagihan Pulsa dan Internet,XL Prioritas Data
Generate,Tagihan Pulsa dan Internet,IM3 Freedom Internet
Generate,Tagihan Pulsa dan Internet,Tri AlwaysOn
Generate,Tagihan Pulsa dan Internet,Tri Happy Package
Generate,Tagihan Pulsa dan Internet,Axis Bronet
Generate,Tagihan Pulsa dan Internet,Axis Owsem
Generate,Tagihan Pulsa dan Internet,Smartfren Unlimited
Generate,Tagihan Pulsa dan Internet,Smartfren Nonstop
Generate,Tagihan Pulsa dan Internet,Shopee Paket Data Telkomsel
Generate,Tagihan Pulsa dan Internet,Shopee Paket Data XL
Generate,Tagihan Pulsa dan Internet,Shopee Paket Data IM3
Generate,Tagihan Pulsa dan Internet,Shopee Paket Data Tri
Generate,Tagihan Pulsa dan Internet,Shopee Paket Data Axis
Generate,Tagihan Pulsa dan Internet,Shopee Paket Data Smartfren
Generate,Tagihan Pulsa dan Internet,Tokopedia Paket Data XL
Generate,Tagihan Pulsa dan Internet,OVO Paket Data Tri
Generate,Tagihan Pulsa dan Internet,Dana Paket Data IM3
Generate,Tagihan Pulsa dan Internet,Gopay Paket Data Axis
Generate,Tagihan Pulsa dan Internet,LinkAja Paket Data Telkomsel
Generate,Tagihan Pulsa dan Internet,Autodebet Telkomsel Halo
Generate,Tagihan Pulsa dan Internet,Tagihan kartuHalo
Generate,Tagihan Pulsa dan Internet,Bayar kartuHalo
Generate,Tagihan Pulsa dan Internet,Pembayaran Halo Telkomsel
Generate,Tagihan Pulsa dan Internet,Tagihan Pascabayar XL
Generate,Tagihan Pulsa dan Internet,Bayar XL Prioritas
Generate,Tagihan Pulsa dan Internet,Pembayaran XL Prioritas
Generate,Tagihan Pulsa dan Internet,Tagihan Indosat Pascabayar
Generate,Tagihan Pulsa dan Internet,Bayar Matrix Indosat
Generate,Tagihan Pulsa dan Internet,Pembayaran Matrix Ooredoo
Generate,Tagihan Pulsa dan Internet,Tagihan Smartfren Pascabayar
Generate,Tagihan Pulsa dan Internet,Bayar Smartfren Postpaid
Generate,Tagihan Pulsa dan Internet,Tagihan Tri Pascabayar
Generate,Tagihan Pulsa dan Internet,Bayar Tri Postpaid
Generate,Tagihan Pulsa dan Internet,Telkomsel Pascabayar
Generate,Tagihan Pulsa dan Internet,XL Pascabayar
Generate,Tagihan Pulsa dan Internet,Indosat Pascabayar
Generate,Tagihan Pulsa dan Internet,Smartfren Pascabayar
Generate,Tagihan Pulsa dan Internet,Tri Pascabayar
Generate,Tagihan Pulsa dan Internet,Pulsa Darurat Telkomsel
Generate,Tagihan Pulsa dan Internet,Pulsa Transfer XL
Generate,Tagihan Pulsa dan Internet,Pulsa Transfer Tri
Generate,Tagihan Pulsa dan Internet,Pulsa Reguler Axis
Generate,Tagihan Pulsa dan Internet,Recharge Telkomsel
Generate,Tagihan Pulsa dan Internet,Recharge XL
Generate,Tagihan Pulsa dan Internet,Recharge IM3
Generate,Tagihan Pulsa dan Internet,Recharge Tri
Generate,Tagihan Pulsa dan Internet,Recharge Axis
Generate,Tagihan Pulsa dan Internet,Recharge Smartfren
Generate,Tagihan Pulsa dan Internet,Mobile Credit Telkomsel
Generate,Tagihan Pulsa dan Internet,Mobile Credit XL
Generate,Tagihan Pulsa dan Internet,Mobile Credit IM3
Generate,Tagihan Pulsa dan Internet,Mobile Credit Tri
Generate,Tagihan Pulsa dan Internet,Internet Bill Telkomsel
Generate,Tagihan Pulsa dan Internet,Internet Bill XL
Generate,Tagihan Pulsa dan Internet,Internet Bill IM3
Generate,Tagihan Pulsa dan Internet,Internet Bill Tri
Generate,Tagihan Pulsa dan Internet,Internet Bill Axis
Generate,Tagihan Pulsa dan Internet,Internet Bill Smartfren
Generate,Tagihan Pulsa dan Internet,Tagihan Telkomsel Halo
Generate,Tagihan Pulsa dan Internet,Bayar Telkomsel Halo
Generate,Tagihan Pulsa dan Internet,Pembayaran Halo Telkomsel
Generate,Tagihan Pulsa dan Internet,Autodebet Telkomsel Halo
Generate,Tagihan Pulsa dan Internet,Telkomsel Halo Bulanan
Generate,Tagihan Pulsa dan Internet,Invoice Telkomsel Halo
Generate,Tagihan Pulsa dan Internet,Tagihan kartuHalo
Generate,Tagihan Pulsa dan Internet,Bayar kartuHalo
Generate,Tagihan Pulsa dan Internet,Kartu Halo Monthly Bill
Generate,Tagihan Pulsa dan Internet,Postpaid Telkomsel Halo
Generate,Tagihan Pulsa dan Internet,Tagihan XL Prioritas
Generate,Tagihan Pulsa dan Internet,Bayar XL Prioritas
Generate,Tagihan Pulsa dan Internet,Pembayaran XL Prioritas
Generate,Tagihan Pulsa dan Internet,Autodebet XL Prioritas
Generate,Tagihan Pulsa dan Internet,XL Prioritas Bulanan
Generate,Tagihan Pulsa dan Internet,Invoice XL Prioritas
Generate,Tagihan Pulsa dan Internet,Tagihan XL Pascabayar
Generate,Tagihan Pulsa dan Internet,Bayar XL Pascabayar
Generate,Tagihan Pulsa dan Internet,XL Postpaid Bill
Generate,Tagihan Pulsa dan Internet,Tagihan Indosat Matrix
Generate,Tagihan Pulsa dan Internet,Bayar Indosat Matrix
Generate,Tagihan Pulsa dan Internet,Pembayaran Matrix Ooredoo
Generate,Tagihan Pulsa dan Internet,Autodebet Matrix
Generate,Tagihan Pulsa dan Internet,Matrix Bulanan
Generate,Tagihan Pulsa dan Internet,Invoice Matrix Indosat
Generate,Tagihan Pulsa dan Internet,Tagihan Indosat Pascabayar
Generate,Tagihan Pulsa dan Internet,Bayar Indosat Pascabayar
Generate,Tagihan Pulsa dan Internet,Indosat Postpaid Bill
Generate,Tagihan Pulsa dan Internet,Tagihan Smartfren Pascabayar
Generate,Tagihan Pulsa dan Internet,Bayar Smartfren Pascabayar
Generate,Tagihan Pulsa dan Internet,Pembayaran Smartfren Postpaid
Generate,Tagihan Pulsa dan Internet,Autodebet Smartfren
Generate,Tagihan Pulsa dan Internet,Smartfren Bulanan
Generate,Tagihan Pulsa dan Internet,Invoice Smartfren
Generate,Tagihan Pulsa dan Internet,Smartfren Postpaid Bill
Generate,Tagihan Pulsa dan Internet,Tagihan Tri Pascabayar
Generate,Tagihan Pulsa dan Internet,Bayar Tri Pascabayar
Generate,Tagihan Pulsa dan Internet,Pembayaran Tri Postpaid
Generate,Tagihan Pulsa dan Internet,Autodebet Tri
Generate,Tagihan Pulsa dan Internet,Tri Bulanan
Generate,Tagihan Pulsa dan Internet,Invoice Tri
Generate,Tagihan Pulsa dan Internet,Tri Postpaid Bill
Generate,Tagihan Pulsa dan Internet,Tagihan Axis Pascabayar
Generate,Tagihan Pulsa dan Internet,Bayar Axis Pascabayar
Generate,Tagihan Pulsa dan Internet,Pembayaran Axis Postpaid
Generate,Tagihan Pulsa dan Internet,Autodebet Axis
Generate,Tagihan Pulsa dan Internet,Axis Bulanan
Generate,Tagihan Pulsa dan Internet,Invoice Axis
Generate,Tagihan Pulsa dan Internet,Axis Postpaid Bill
Generate,Tagihan Pulsa dan Internet,Tagihan IM3 Pascabayar
Generate,Tagihan Pulsa dan Internet,Bayar IM3 Pascabayar
Generate,Tagihan Pulsa dan Internet,Pembayaran IM3 Postpaid
Generate,Tagihan Pulsa dan Internet,Autodebet IM3
Generate,Tagihan Pulsa dan Internet,IM3 Bulanan
Generate,Tagihan Pulsa dan Internet,Invoice IM3
Generate,Tagihan Pulsa dan Internet,IM3 Postpaid Bill
Generate,Tagihan Pulsa dan Internet,Bayar Nomor Halo
Generate,Tagihan Pulsa dan Internet,Tagihan Nomor XL Prioritas
Generate,Tagihan Pulsa dan Internet,Bayar Nomor Matrix
Generate,Tagihan Pulsa dan Internet,Tagihan Nomor Smartfren
Generate,Tagihan Pulsa dan Internet,Pembayaran Nomor Tri
Generate,Tagihan Pulsa dan Internet,Invoice Nomor Axis
Generate,Tagihan Pulsa dan Internet,Tagihan Provider Bulanan
Generate,Tagihan Pulsa dan Internet,Bayar Kartu Pascabayar
Generate,Tagihan Pulsa dan Internet,Pembayaran Seluler Pascabayar
Generate,Tagihan Pulsa dan Internet,Autodebet Nomor Pascabayar
Generate,Tagihan Pulsa dan Internet,Tagihan Telekomunikasi Bulanan
Generate,Tagihan Pulsa dan Internet,Bayar Bill Telkomsel
Generate,Tagihan Pulsa dan Internet,Bayar Bill XL
Generate,Tagihan Pulsa dan Internet,Bayar Bill Indosat
Generate,Tagihan Pulsa dan Internet,Bayar Bill Smartfren
Generate,Tagihan Pulsa dan Internet,Bayar Bill Tri
Generate,Tagihan Pulsa dan Internet,Bayar Bill Axis
Generate,Tagihan Pulsa dan Internet,Monthly Bill Telkomsel Halo
Generate,Tagihan Pulsa dan Internet,Monthly Bill XL Prioritas
Generate,Tagihan Pulsa dan Internet,Monthly Bill Matrix
Generate,Tagihan Pulsa dan Internet,Monthly Bill Smartfren
Generate,Tagihan Pulsa dan Internet,Monthly Bill Tri
Generate,Tagihan Pulsa dan Internet,Monthly Bill Axis
Generate,Tagihan Pulsa dan Internet,Postpaid Payment Telkomsel
Generate,Tagihan Pulsa dan Internet,Postpaid Payment XL
Generate,Tagihan Pulsa dan Internet,Postpaid Payment Indosat
Generate,Tagihan Pulsa dan Internet,Postpaid Payment Smartfren
Generate,Tagihan Pulsa dan Internet,Postpaid Payment Tri
Generate,Tagihan Pulsa dan Internet,Postpaid Payment Axis
Generate,Tagihan Pulsa dan Internet,Tagihan Mobile Postpaid
Generate,Tagihan Pulsa dan Internet,Bayar Mobile Postpaid
Generate,Tagihan Pulsa dan Internet,Pembayaran Paket Pascabayar
Generate,Tagihan Pulsa dan Internet,Tagihan Data Pascabayar
Generate,Tagihan Pulsa dan Internet,Bayar Data Pascabayar
Generate,Tagihan Pulsa dan Internet,Tagihan Telepon Bulanan
Generate,Tagihan Pulsa dan Internet,Bayar Telepon Seluler Bulanan
Generate,Tagihan Pulsa dan Internet,Invoice Provider Seluler
Generate,Tagihan Pulsa dan Internet,Autodebet Provider Mobile
Generate,Tagihan Pulsa dan Internet,Tagihan Kartu Halo Mei
Generate,Tagihan Pulsa dan Internet,Tagihan XL Prioritas Mei
Generate,Tagihan Pulsa dan Internet,Tagihan Matrix Mei
Generate,Tagihan Pulsa dan Internet,Tagihan Smartfren Mei
Generate,Tagihan Pulsa dan Internet,Tagihan Tri Mei
Generate,Tagihan Pulsa dan Internet,Tagihan Axis Mei
Generate,Tagihan Pulsa dan Internet,Tagihan Halo Juni
Generate,Tagihan Pulsa dan Internet,Tagihan XL Juni
Generate,Tagihan Pulsa dan Internet,Tagihan Matrix Juni
Generate,Tagihan Pulsa dan Internet,Tagihan Smartfren Juni
Generate,Tagihan Pulsa dan Internet,Tagihan Tri Juni
Generate,Tagihan Pulsa dan Internet,Tagihan Axis Juni
Generate,Tagihan Kos dan Hunian,Bayar Kos Bulanan
Generate,Tagihan Kos dan Hunian,Tagihan Kos Bulan Ini
Generate,Tagihan Kos dan Hunian,Pembayaran Kos April
Generate,Tagihan Kos dan Hunian,Sewa Kos Bulanan
Generate,Tagihan Kos dan Hunian,Bayar Kost Bulanan
Generate,Tagihan Kos dan Hunian,Tagihan Kost Putri
Generate,Tagihan Kos dan Hunian,Tagihan Kost Putra
Generate,Tagihan Kos dan Hunian,Bayar Kontrakan Bulanan
Generate,Tagihan Kos dan Hunian,Pembayaran Kontrakan April
Generate,Tagihan Kos dan Hunian,Sewa Rumah Bulanan
Generate,Tagihan Kos dan Hunian,Tagihan Sewa Rumah
Generate,Tagihan Kos dan Hunian,Bayar Apartemen Bulanan
Generate,Tagihan Kos dan Hunian,Pembayaran Apartemen Mei
Generate,Tagihan Kos dan Hunian,Tagihan Apartemen Bulanan
Generate,Tagihan Kos dan Hunian,Bayar Indekos Bulanan
Generate,Tagihan Kos dan Hunian,Pembayaran Rumah Sewa
Generate,Tagihan Kos dan Hunian,Tagihan Hunian Bulanan
Generate,Tagihan Kos dan Hunian,Bayar Tempat Tinggal
Generate,Tagihan Kos dan Hunian,Sewa Kamar Bulanan
Generate,Tagihan Kos dan Hunian,Bayar Kamar Kost
Generate,Tagihan Kos dan Hunian,Tagihan Kamar Kost
Generate,Tagihan Kos dan Hunian,Bayar Kost Gejayan
Generate,Tagihan Kos dan Hunian,Bayar Kos Seturan
Generate,Tagihan Kos dan Hunian,Bayar Kos Condongcatur
Generate,Tagihan Kos dan Hunian,Bayar Kos Pogung
Generate,Tagihan Kos dan Hunian,Bayar Kos Babarsari
Generate,Tagihan Kos dan Hunian,Tagihan Kos Gejayan
Generate,Tagihan Kos dan Hunian,Tagihan Kost Seturan
Generate,Tagihan Kos dan Hunian,Pembayaran Kost Pogung
Generate,Tagihan Kos dan Hunian,Sewa Kos Jogja
Generate,Tagihan Kos dan Hunian,Bayar Kontrakan Sleman
Generate,Tagihan Kos dan Hunian,Tagihan Rumah Bantul
Generate,Tagihan Kos dan Hunian,Bayar Kost UGM
Generate,Tagihan Kos dan Hunian,Pembayaran Kost Mahasiswa
Generate,Tagihan Kos dan Hunian,Tagihan Kost Karyawan
Generate,Tagihan Kos dan Hunian,Bayar Kos Campur
Generate,Tagihan Kos dan Hunian,Bayar Kost Exclusive
Generate,Tagihan Kos dan Hunian,Tagihan Kost AC
Generate,Tagihan Kos dan Hunian,Tagihan Kost Include Listrik
Generate,Tagihan Kos dan Hunian,Bayar Kost Include Wifi
Generate,Tagihan Kos dan Hunian,Bayar Kos Harian
Generate,Tagihan Kos dan Hunian,Bayar Kos Mingguan
Generate,Tagihan Kos dan Hunian,Bayar Kos Bulanan Transfer
Generate,Tagihan Kos dan Hunian,Bayar Kost Cash
Generate,Tagihan Kos dan Hunian,Bayar Kost via BCA
Generate,Tagihan Kos dan Hunian,Bayar Kost via Mandiri
Generate,Tagihan Kos dan Hunian,Bayar Kost via BNI
Generate,Tagihan Kos dan Hunian,Bayar Kost via BRI
Generate,Tagihan Kos dan Hunian,Bayar Kost via Dana
Generate,Tagihan Kos dan Hunian,Bayar Kost via OVO
Generate,Tagihan Kos dan Hunian,Bayar Kost via Gopay
Generate,Tagihan Kos dan Hunian,Bayar Kost via ShopeePay
Generate,Tagihan Kos dan Hunian,Transfer Sewa Kost
Generate,Tagihan Kos dan Hunian,Transfer Sewa Rumah
Generate,Tagihan Kos dan Hunian,Transfer Uang Kost
Generate,Tagihan Kos dan Hunian,Bayar Uang Kost
Generate,Tagihan Kos dan Hunian,Tagihan Uang Kost
Generate,Tagihan Kos dan Hunian,Pembayaran Uang Kos
Generate,Tagihan Kos dan Hunian,Tagihan Sewa Kamar
Generate,Tagihan Kos dan Hunian,Bayar Sewa Kamar Bulanan
Generate,Tagihan Kos dan Hunian,Pembayaran Tempat Tinggal
Generate,Tagihan Kos dan Hunian,Tagihan Tempat Tinggal
Generate,Tagihan Kos dan Hunian,Bayar Rent Room
Generate,Tagihan Kos dan Hunian,Monthly Rent Payment
Generate,Tagihan Kos dan Hunian,Room Rent April
Generate,Tagihan Kos dan Hunian,House Rent Payment
Generate,Tagihan Kos dan Hunian,Apartment Rent Payment
Generate,Tagihan Kos dan Hunian,Boarding House Payment
Generate,Tagihan Kos dan Hunian,Kost Monthly Bill
Generate,Tagihan Kos dan Hunian,Kos Monthly Payment
Generate,Tagihan Kos dan Hunian,Tagihan Hunian April
Generate,Tagihan Kos dan Hunian,Tagihan Hunian Mei
Generate,Tagihan Kos dan Hunian,Tagihan Hunian Juni
Generate,Tagihan Kos dan Hunian,Bayar Kost April
Generate,Tagihan Kos dan Hunian,Bayar Kost Mei
Generate,Tagihan Kos dan Hunian,Bayar Kost Juni
Generate,Tagihan Kos dan Hunian,Bayar Kos Juli
Generate,Tagihan Kos dan Hunian,Bayar Kos Agustus
Generate,Tagihan Kos dan Hunian,Bayar Kontrakan Mei
Generate,Tagihan Kos dan Hunian,Bayar Kontrakan Juni
Generate,Tagihan Kos dan Hunian,Bayar Rumah Juli
Generate,Tagihan Kos dan Hunian,Tagihan Sewa Agustus
Generate,Tagihan Kos dan Hunian,Bayar Apartemen Juni
Generate,Tagihan Kos dan Hunian,Tagihan Apartemen Juli
Generate,Tagihan Kos dan Hunian,Pembayaran Apartemen Agustus
Generate,Tagihan Kos dan Hunian,Bayar Deposit Kost
Generate,Tagihan Kos dan Hunian,Bayar DP Kost
Generate,Tagihan Kos dan Hunian,Pembayaran Uang Muka Kost
Generate,Tagihan Kos dan Hunian,Tagihan Maintenance Apartemen
Generate,Tagihan Kos dan Hunian,Bayar IPL Apartemen
Generate,Tagihan Kos dan Hunian,Bayar Service Charge Apartemen
Generate,Tagihan Kos dan Hunian,Tagihan Air Kost
Generate,Tagihan Kos dan Hunian,Tagihan Listrik Kost
Generate,Tagihan Kos dan Hunian,Tagihan Wifi Kost
Generate,Tagihan Kos dan Hunian,Bayar Kost Include Air
Generate,Tagihan Kos dan Hunian,Bayar Kost Include Laundry
Generate,Tagihan Kos dan Hunian,Tagihan Kos Harian
Generate,Tagihan Kos dan Hunian,Tagihan Kos Mingguan
Generate,Tagihan Kos dan Hunian,Bayar Guest House Bulanan
Generate,Tagihan Kos dan Hunian,Pembayaran Sewa Studio
Generate,Tagihan Kos dan Hunian,Bayar Sewa Residence
Generate,Tagihan Kos dan Hunian,Tagihan Residence Bulanan
Generate,Tagihan Kos dan Hunian,Bayar Co Living Space
Generate,Tagihan Kos dan Hunian,Pembayaran Co Living Bulanan
Generate,Tagihan Kos dan Hunian,Bayar Sewa Ruko Tinggal
Generate,Tagihan Kos dan Hunian,Tagihan Sewa Flat
Generate,Tagihan Kos dan Hunian,Bayar Flat Bulanan
Generate,Tagihan Kos dan Hunian,Pembayaran Dormitory
Generate,Tagihan Kos dan Hunian,Tagihan Asrama Bulanan
Generate,Tagihan Kos dan Hunian,Bayar Asrama Mahasiswa
Generate,Tagihan Kos dan Hunian,Pembayaran Mess Karyawan
Generate,Tagihan Kos dan Hunian,Tagihan Mess Bulanan
Generate,Tagihan Kos dan Hunian,Bayar Mess Perusahaan
Generate,Tagihan Kos dan Hunian,Tagihan Kamar Bulanan
Generate,Tagihan Kos dan Hunian,Bayar Tempat Kost Putri
Generate,Tagihan Kos dan Hunian,Bayar Tempat Kost Putra
Generate,Tagihan Kos dan Hunian,Pembayaran Kost Exclusive
Generate,Tagihan Kos dan Hunian,Tagihan Kost Premium
Generate,Tagihan Kos dan Hunian,Bayar Kost Full Furnished
Generate,Tagihan Kos dan Hunian,Bayar Kost Furnished
Generate,Tagihan Kos dan Hunian,Tagihan Kost Dekat Kampus
Generate,Tagihan Kos dan Hunian,Bayar Kost Dekat Kantor
Generate,Tagihan Kos dan Hunian,Pembayaran Sewa Tahunan
Generate,Tagihan Kos dan Hunian,Bayar Sewa 6 Bulan
Generate,Tagihan Kos dan Hunian,Tagihan Perpanjangan Kost
Generate,Tagihan Kos dan Hunian,Bayar Perpanjang Kontrak Rumah
Generate,Tagihan Kos dan Hunian,Pembayaran Renewal Rent
Generate,Tagihan Kontrakan,Bayar Kontrakan Bulanan
Generate,Tagihan Kontrakan,Tagihan Kontrakan Bulan Ini
Generate,Tagihan Kontrakan,Pembayaran Kontrakan April
Generate,Tagihan Kontrakan,Sewa Kontrakan Bulanan
Generate,Tagihan Kontrakan,Bayar Rumah Kontrakan
Generate,Tagihan Kontrakan,Tagihan Rumah Kontrakan
Generate,Tagihan Kontrakan,Pembayaran Sewa Kontrakan
Generate,Tagihan Kontrakan,Bayar Kontrak Rumah
Generate,Tagihan Kontrakan,Tagihan Kontrak Rumah
Generate,Tagihan Kontrakan,Bayar Rumah Sewa Bulanan
Generate,Tagihan Kontrakan,Pembayaran Rumah Sewa
Generate,Tagihan Kontrakan,Tagihan Hunian Kontrakan
Generate,Tagihan Kontrakan,Bayar Tempat Tinggal Kontrakan
Generate,Tagihan Kontrakan,Sewa Rumah Per Bulan
Generate,Tagihan Kontrakan,Bayar Kontrakan Tahunan
Generate,Tagihan Kontrakan,Pembayaran Kontrakan 6 Bulan
Generate,Tagihan Kontrakan,Tagihan Kontrakan Mei
Generate,Tagihan Kontrakan,Tagihan Kontrakan Juni
Generate,Tagihan Kontrakan,Tagihan Kontrakan Juli
Generate,Tagihan Kontrakan,Bayar Kontrakan Agustus
Generate,Tagihan Kontrakan,Bayar Kontrakan September
Generate,Tagihan Kontrakan,Transfer Kontrakan Bulanan
Generate,Tagihan Kontrakan,Transfer Sewa Rumah
Generate,Tagihan Kontrakan,Transfer Uang Kontrakan
Generate,Tagihan Kontrakan,Bayar Uang Kontrakan
Generate,Tagihan Kontrakan,Tagihan Uang Kontrakan
Generate,Tagihan Kontrakan,Pembayaran Kontrakan via BCA
Generate,Tagihan Kontrakan,Pembayaran Kontrakan via Mandiri
Generate,Tagihan Kontrakan,Pembayaran Kontrakan via BNI
Generate,Tagihan Kontrakan,Pembayaran Kontrakan via BRI
Generate,Tagihan Kontrakan,Pembayaran Kontrakan via Dana
Generate,Tagihan Kontrakan,Pembayaran Kontrakan via OVO
Generate,Tagihan Kontrakan,Pembayaran Kontrakan via Gopay
Generate,Tagihan Kontrakan,Pembayaran Kontrakan via ShopeePay
Generate,Tagihan Kontrakan,Bayar Kontrakan Sleman
Generate,Tagihan Kontrakan,Bayar Kontrakan Bantul
Generate,Tagihan Kontrakan,Bayar Kontrakan Jogja
Generate,Tagihan Kontrakan,Bayar Kontrakan Jakarta
Generate,Tagihan Kontrakan,Bayar Kontrakan Bekasi
Generate,Tagihan Kontrakan,Bayar Kontrakan Depok
Generate,Tagihan Kontrakan,Bayar Kontrakan Tangerang
Generate,Tagihan Kontrakan,Bayar Kontrakan Bandung
Generate,Tagihan Kontrakan,Tagihan Rumah Sewa Sleman
Generate,Tagihan Kontrakan,Tagihan Rumah Sewa Jogja
Generate,Tagihan Kontrakan,Bayar Kontrakan Keluarga
Generate,Tagihan Kontrakan,Bayar Kontrakan Petakan
Generate,Tagihan Kontrakan,Bayar Kontrakan Cluster
Generate,Tagihan Kontrakan,Bayar Kontrakan Perumahan
Generate,Tagihan Kontrakan,Tagihan Rumah Petak
Generate,Tagihan Kontrakan,Bayar Rumah Petakan
Generate,Tagihan Kontrakan,Pembayaran Rumah Petak
Generate,Tagihan Kontrakan,Bayar Kontrakan 2 Kamar
Generate,Tagihan Kontrakan,Bayar Kontrakan 3 Kamar
Generate,Tagihan Kontrakan,Bayar Kontrakan Furnished
Generate,Tagihan Kontrakan,Bayar Kontrakan Semi Furnished
Generate,Tagihan Kontrakan,Bayar Kontrakan Kosong
Generate,Tagihan Kontrakan,Tagihan Kontrakan Include Air
Generate,Tagihan Kontrakan,Tagihan Kontrakan Include Listrik
Generate,Tagihan Kontrakan,Bayar Kontrakan Include Wifi
Generate,Tagihan Kontrakan,Bayar Kontrakan Full Furnished
Generate,Tagihan Kontrakan,Tagihan Perpanjangan Kontrak
Generate,Tagihan Kontrakan,Bayar Perpanjang Kontrakan
Generate,Tagihan Kontrakan,Renewal Kontrakan
Generate,Tagihan Kontrakan,Bayar Deposit Kontrakan
Generate,Tagihan Kontrakan,Bayar DP Kontrakan
Generate,Tagihan Kontrakan,Pembayaran Uang Muka Kontrakan
Generate,Tagihan Kontrakan,Tagihan Maintenance Rumah Sewa
Generate,Tagihan Kontrakan,Bayar IPL Rumah Sewa
Generate,Tagihan Kontrakan,Bayar Security Deposit Rumah
Generate,Tagihan Kontrakan,House Rent Payment
Generate,Tagihan Kontrakan,Monthly House Rent
Generate,Tagihan Kontrakan,Rental House Payment
Generate,Tagihan Kontrakan,Rent Payment April
Generate,Tagihan Kontrakan,Home Lease Payment
Generate,Tagihan Kontrakan,Property Rent Monthly
Generate,Tagihan Kontrakan,Bayar Sewa Rumah Tahunan
Generate,Tagihan Kontrakan,Pembayaran Sewa Rumah Semester
Generate,Tagihan Kontrakan,Tagihan Hunian Bulanan
Generate,Tagihan Kontrakan,Bayar Tempat Tinggal Bulanan
Generate,Tagihan Kontrakan,Bayar Rumah Kontrak Kampung
Generate,Tagihan Kontrakan,Bayar Rumah Kontrak Kota
Generate,Tagihan Kontrakan,Pembayaran Kontrakan Dekat Kampus
Generate,Tagihan Kontrakan,Pembayaran Kontrakan Dekat Kantor
Generate,Tagihan Kontrakan,Bayar Kontrakan Mahasiswa
Generate,Tagihan Kontrakan,Bayar Kontrakan Karyawan
Generate,Tagihan Kontrakan,Tagihan Kontrakan Premium
Generate,Tagihan Kontrakan,Bayar Kontrakan Murah
Generate,Tagihan Kontrakan,Pembayaran Rumah Sewa Cash
Generate,Tagihan Kontrakan,Pembayaran Rumah Sewa Transfer
Generate,Tagihan Kontrakan,Bayar Kontrakan Otodebet
Generate,Tagihan Kontrakan,Tagihan Sewa Rumah Oktober
Generate,Tagihan Kontrakan,Tagihan Sewa Rumah November
Generate,Tagihan Kontrakan,Tagihan Sewa Rumah Desember
Generate,Tagihan Kontrakan,Bayar Kontrakan Januari
Generate,Tagihan Kontrakan,Bayar Kontrakan Februari
Generate,Tagihan Kontrakan,Bayar Kontrakan Maret
Generate,Cicilan,Bayar Cicilan Motor
Generate,Cicilan,Bayar Cicilan Mobil
Generate,Cicilan,Bayar Cicilan Rumah
Generate,Cicilan,Bayar Cicilan KPR
Generate,Cicilan,Bayar Cicilan Kredit Rumah
Generate,Cicilan,Bayar Cicilan Kredit Mobil
Generate,Cicilan,Bayar Cicilan Kredit Motor
Generate,Cicilan,Tagihan Cicilan Motor
Generate,Cicilan,Tagihan Cicilan Mobil
Generate,Cicilan,Tagihan Cicilan Rumah
Generate,Cicilan,Pembayaran Cicilan Motor
Generate,Cicilan,Pembayaran Cicilan Mobil
Generate,Cicilan,Pembayaran Cicilan Rumah
Generate,Cicilan,Autodebet Cicilan Motor
Generate,Cicilan,Autodebet Cicilan Mobil
Generate,Cicilan,Autodebet KPR Bulanan
Generate,Cicilan,Cicilan Motor Bulanan
Generate,Cicilan,Cicilan Mobil Bulanan
Generate,Cicilan,Cicilan Rumah Bulanan
Generate,Cicilan,KPR Bulanan
Generate,Cicilan,Bayar KPR BCA
Generate,Cicilan,Bayar KPR BTN
Generate,Cicilan,Bayar KPR Mandiri
Generate,Cicilan,Bayar KPR BNI
Generate,Cicilan,Bayar KPR BRI
Generate,Cicilan,Pembayaran KPR BTN
Generate,Cicilan,Pembayaran KPR BCA
Generate,Cicilan,Tagihan KPR Mandiri
Generate,Cicilan,Tagihan KPR BNI
Generate,Cicilan,Tagihan KPR BRI
Generate,Cicilan,Bayar Leasing FIF
Generate,Cicilan,Bayar Leasing Adira
Generate,Cicilan,Bayar Leasing OTO
Generate,Cicilan,Bayar Leasing BAF
Generate,Cicilan,Bayar Leasing WOM
Generate,Cicilan,Tagihan FIF Motor
Generate,Cicilan,Tagihan Adira Finance
Generate,Cicilan,Tagihan OTO Finance
Generate,Cicilan,Tagihan BAF Motor
Generate,Cicilan,Tagihan WOM Finance
Generate,Cicilan,Pembayaran FIF
Generate,Cicilan,Pembayaran Adira
Generate,Cicilan,Pembayaran OTO
Generate,Cicilan,Pembayaran BAF
Generate,Cicilan,Pembayaran WOM
Generate,Cicilan,Bayar Kredit Motor Honda
Generate,Cicilan,Bayar Kredit Motor Yamaha
Generate,Cicilan,Bayar Kredit Motor Suzuki
Generate,Cicilan,Bayar Kredit Mobil Toyota
Generate,Cicilan,Bayar Kredit Mobil Daihatsu
Generate,Cicilan,Bayar Kredit Mobil Honda
Generate,Cicilan,Bayar Kredit Mobil Mitsubishi
Generate,Cicilan,Cicilan Toyota Avanza
Generate,Cicilan,Cicilan Honda Brio
Generate,Cicilan,Cicilan Daihatsu Sigra
Generate,Cicilan,Cicilan Honda Beat
Generate,Cicilan,Cicilan Yamaha Nmax
Generate,Cicilan,Cicilan Vario Bulanan
Generate,Cicilan,Bayar Kredivo
Generate,Cicilan,Tagihan Kredivo
Generate,Cicilan,Pembayaran Kredivo
Generate,Cicilan,Kredivo Bulanan
Generate,Cicilan,Autodebet Kredivo
Generate,Cicilan,Bayar Akulaku
Generate,Cicilan,Tagihan Akulaku
Generate,Cicilan,Pembayaran Akulaku
Generate,Cicilan,Akulaku Bulanan
Generate,Cicilan,Autodebet Akulaku
Generate,Cicilan,Bayar Home Credit
Generate,Cicilan,Tagihan Home Credit
Generate,Cicilan,Pembayaran Home Credit
Generate,Cicilan,Home Credit Bulanan
Generate,Cicilan,Autodebet Home Credit
Generate,Cicilan,Bayar SPayLater
Generate,Cicilan,Tagihan SPayLater
Generate,Cicilan,Pembayaran SPayLater
Generate,Cicilan,SPayLater Bulanan
Generate,Cicilan,Autodebet SPayLater
Generate,Cicilan,Bayar GoPayLater
Generate,Cicilan,Tagihan GoPayLater
Generate,Cicilan,Pembayaran GoPayLater
Generate,Cicilan,GoPayLater Bulanan
Generate,Cicilan,Bayar OVO PayLater
Generate,Cicilan,Tagihan OVO PayLater
Generate,Cicilan,Pembayaran OVO PayLater
Generate,Cicilan,OVO PayLater Bulanan
Generate,Cicilan,Bayar Traveloka PayLater
Generate,Cicilan,Tagihan Traveloka PayLater
Generate,Cicilan,Traveloka PayLater Bulanan
Generate,Cicilan,Bayar Kredit HP
Generate,Cicilan,Bayar Cicilan Laptop
Generate,Cicilan,Bayar Kredit Elektronik
Generate,Cicilan,Tagihan Kredit TV
Generate,Cicilan,Pembayaran Kredit Kulkas
Generate,Cicilan,Bayar Kredit AC
Generate,Cicilan,Bayar Kredit Mesin Cuci
Generate,Cicilan,Bayar Kredit iPhone
Generate,Cicilan,Bayar Kredit Samsung
Generate,Cicilan,Bayar Kredit Oppo
Generate,Cicilan,Bayar Kredit Vivo
Generate,Cicilan,Bayar Kredit Xiaomi
Generate,Cicilan,Tagihan Kredit Gadget
Generate,Cicilan,Cicilan HP Bulanan
Generate,Cicilan,Cicilan Laptop Bulanan
Generate,Cicilan,Cicilan Elektronik Bulanan
Generate,Cicilan,Bayar Pinjaman Tunaiku
Generate,Cicilan,Tagihan Tunaiku
Generate,Cicilan,Bayar Pinjaman Kredit Pintar
Generate,Cicilan,Tagihan Kredit Pintar
Generate,Cicilan,Bayar Pinjaman Danafix
Generate,Cicilan,Tagihan Danafix
Generate,Cicilan,Bayar Pinjaman Easycash
Generate,Cicilan,Tagihan Easycash
Generate,Cicilan,Pembayaran Pinjaman Online
Generate,Cicilan,Cicilan Pinjaman Bulanan
Generate,Cicilan,Bayar Angsuran Motor
Generate,Cicilan,Bayar Angsuran Mobil
Generate,Cicilan,Bayar Angsuran Rumah
Generate,Cicilan,Angsuran Bulanan FIF
Generate,Cicilan,Angsuran Adira
Generate,Cicilan,Angsuran OTO Finance
Generate,Cicilan,Angsuran Kredivo
Generate,Cicilan,Angsuran Akulaku
Generate,Cicilan,Angsuran Home Credit
Generate,Cicilan,Bayar Termin Rumah
Generate,Cicilan,Pembayaran DP Mobil
Generate,Cicilan,Pembayaran DP Motor
Generate,Cicilan,Bayar Uang Muka Kredit
Generate,Cicilan,Tagihan Lease Mobil
Generate,Cicilan,Lease Payment Car
Generate,Cicilan,Monthly Installment
Generate,Cicilan,Loan Payment Monthly
Generate,Cicilan,Car Loan Payment
Generate,Cicilan,Motorcycle Installment
Generate,Cicilan,Mortgage Payment
Generate,Cicilan,Housing Loan Payment
Generate,Cicilan,Bayar Cicilan Januari
Generate,Cicilan,Bayar Cicilan Februari
Generate,Cicilan,Bayar Cicilan Maret
Generate,Cicilan,Bayar Cicilan April
Generate,Cicilan,Bayar Cicilan Mei
Generate,Cicilan,Bayar Cicilan Juni
Generate,Cicilan,Bayar Cicilan Juli
Generate,Cicilan,Bayar Cicilan Agustus
Generate,Cicilan,Bayar Cicilan September
Generate,Cicilan,Bayar Cicilan Oktober
Generate,Cicilan,Bayar Cicilan November
Generate,Cicilan,Bayar Cicilan Desember
Generate,Cicilan,Transfer Cicilan Motor
Generate,Cicilan,Transfer Cicilan Mobil
Generate,Cicilan,Transfer Cicilan Rumah
Generate,Cicilan,Bayar Cicilan via BCA
Generate,Cicilan,Bayar Cicilan via Mandiri
Generate,Cicilan,Bayar Cicilan via BNI
Generate,Cicilan,Bayar Cicilan via BRI
Generate,Cicilan,Bayar Cicilan via Dana
Generate,Cicilan,Bayar Cicilan via OVO
Generate,Cicilan,Bayar Cicilan via Gopay
Generate,Cicilan,Bayar Cicilan via ShopeePay
Generate,Cicilan,Virtual Account Kredivo
Generate,Cicilan,Virtual Account Akulaku
Generate,Cicilan,Virtual Account FIF
Generate,Cicilan,Virtual Account Adira
Generate,Cicilan,Virtual Account Home Credit
Generate,Pajak,Bayar Pajak Motor
Generate,Pajak,Bayar Pajak Mobil
Generate,Pajak,Bayar Pajak Kendaraan
Generate,Pajak,Pembayaran Pajak Motor
Generate,Pajak,Pembayaran Pajak Mobil
Generate,Pajak,Tagihan Pajak Kendaraan
Generate,Pajak,Bayar PKB Motor
Generate,Pajak,Bayar PKB Mobil
Generate,Pajak,Pembayaran PKB Tahunan
Generate,Pajak,Tagihan PKB Kendaraan
Generate,Pajak,Bayar STNK Tahunan
Generate,Pajak,Perpanjang STNK
Generate,Pajak,Pembayaran Perpanjang STNK
Generate,Pajak,Tagihan STNK Motor
Generate,Pajak,Tagihan STNK Mobil
Generate,Pajak,Bayar SWDKLLJ
Generate,Pajak,Pembayaran SWDKLLJ
Generate,Pajak,Tagihan SWDKLLJ Motor
Generate,Pajak,Tagihan SWDKLLJ Mobil
Generate,Pajak,Bayar Samsat Online
Generate,Pajak,Pembayaran Samsat Nasional
Generate,Pajak,Bayar E-Samsat
Generate,Pajak,Tagihan E-Samsat
Generate,Pajak,Bayar Pajak Motor Honda
Generate,Pajak,Bayar Pajak Motor Yamaha
Generate,Pajak,Bayar Pajak Motor Suzuki
Generate,Pajak,Bayar Pajak Mobil Toyota
Generate,Pajak,Bayar Pajak Mobil Honda
Generate,Pajak,Bayar Pajak Mobil Daihatsu
Generate,Pajak,Bayar Pajak Mobil Mitsubishi
Generate,Pajak,Pajak Beat Tahunan
Generate,Pajak,Pajak Nmax Tahunan
Generate,Pajak,Pajak Vario Tahunan
Generate,Pajak,Pajak Avanza Tahunan
Generate,Pajak,Pajak Brio Tahunan
Generate,Pajak,Pajak Xenia Tahunan
Generate,Pajak,Bayar Pajak Kendaraan Januari
Generate,Pajak,Bayar Pajak Kendaraan Februari
Generate,Pajak,Bayar Pajak Kendaraan Maret
Generate,Pajak,Bayar Pajak Kendaraan April
Generate,Pajak,Bayar Pajak Kendaraan Mei
Generate,Pajak,Bayar Pajak Kendaraan Juni
Generate,Pajak,Bayar Pajak Kendaraan Juli
Generate,Pajak,Bayar Pajak Kendaraan Agustus
Generate,Pajak,Bayar Pajak Kendaraan September
Generate,Pajak,Bayar Pajak Kendaraan Oktober
Generate,Pajak,Bayar Pajak Kendaraan November
Generate,Pajak,Bayar Pajak Kendaraan Desember
Generate,Pajak,Bayar PBB
Generate,Pajak,Pembayaran PBB
Generate,Pajak,Tagihan PBB Rumah
Generate,Pajak,Tagihan PBB Tanah
Generate,Pajak,Bayar Pajak Bumi Bangunan
Generate,Pajak,Pembayaran Pajak Properti
Generate,Pajak,Bayar PBB Sleman
Generate,Pajak,Bayar PBB Bantul
Generate,Pajak,Bayar PBB Jogja
Generate,Pajak,Bayar PBB Jakarta
Generate,Pajak,Bayar PBB Bandung
Generate,Pajak,Bayar PBB Surabaya
Generate,Pajak,PBB Tahunan Rumah
Generate,Pajak,PBB Tahunan Tanah
Generate,Pajak,Tagihan Pajak Rumah
Generate,Pajak,Bayar Pajak Rumah
Generate,Pajak,Bayar Pajak Ruko
Generate,Pajak,Pembayaran Pajak Ruko
Generate,Pajak,Bayar Pajak Apartemen
Generate,Pajak,Tagihan Pajak Apartemen
Generate,Pajak,Bayar NPWP
Generate,Pajak,Pembayaran Pajak Pribadi
Generate,Pajak,Tagihan Pajak Penghasilan
Generate,Pajak,Bayar PPh 21
Generate,Pajak,Bayar PPh Final
Generate,Pajak,Pembayaran Pajak Online
Generate,Pajak,Tagihan DJP Online
Generate,Pajak,Bayar eBilling Pajak
Generate,Pajak,Pembayaran Billing Pajak
Generate,Pajak,Bayar Pajak UMKM
Generate,Pajak,Tagihan Pajak Usaha
Generate,Pajak,Bayar Pajak Toko
Generate,Pajak,Pembayaran Pajak Dagang
Generate,Pajak,Bayar Pajak Restoran
Generate,Pajak,Bayar Pajak Hotel
Generate,Pajak,Bayar Pajak Reklame
Generate,Pajak,Bayar Bea Balik Nama
Generate,Pajak,Pembayaran BBNKB
Generate,Pajak,Tagihan BBNKB Mobil
Generate,Pajak,Tagihan BBNKB Motor
Generate,Pajak,Bayar Balik Nama Motor
Generate,Pajak,Bayar Balik Nama Mobil
Generate,Pajak,Bayar Retribusi Sampah
Generate,Pajak,Tagihan Retribusi Kebersihan
Generate,Pajak,Pembayaran Iuran Sampah
Generate,Pajak,Bayar Retribusi Parkir
Generate,Pajak,Tagihan Pajak Parkir
Generate,Pajak,Bayar Pajak Air Tanah
Generate,Pajak,Pembayaran Pajak Daerah
Generate,Pajak,Tagihan Pajak Daerah
Generate,Pajak,Bayar Pajak Tahunan
Generate,Pajak,Pembayaran Pajak Bulanan
Generate,Pajak,Tagihan Pajak Bulan Ini
Generate,Pajak,Bayar Pajak via BCA
Generate,Pajak,Bayar Pajak via Mandiri
Generate,Pajak,Bayar Pajak via BNI
Generate,Pajak,Bayar Pajak via BRI
Generate,Pajak,Bayar Pajak via Dana
Generate,Pajak,Bayar Pajak via OVO
Generate,Pajak,Bayar Pajak via Gopay
Generate,Pajak,Bayar Pajak via ShopeePay
Generate,Pajak,Transfer Pajak Kendaraan
Generate,Pajak,Transfer Pajak Properti
Generate,Pajak,Transfer Pajak Tahunan
Generate,Pajak,Tax Payment Vehicle
Generate,Pajak,Property Tax Payment
Generate,Pajak,Annual Vehicle Tax
Generate,Pajak,Motorcycle Tax Payment
Generate,Pajak,Car Tax Payment
Generate,Pajak,House Tax Payment
Generate,Pajak,Land Tax Payment
Generate,Pajak,Income Tax Payment
Generate,Pajak,Online Tax Payment
Generate,Pajak,Bayar Pajak Plat AB
Generate,Pajak,Bayar Pajak Plat B
Generate,Pajak,Bayar Pajak Plat D
Generate,Pajak,Bayar Pajak Plat L
Generate,Pajak,Bayar Pajak Plat N
Generate,Pajak,Bayar Pajak Telat
Generate,Pajak,Denda Pajak Motor
Generate,Pajak,Denda Pajak Mobil
Generate,Pajak,Pembayaran Denda Pajak
Generate,Pajak,Tagihan Pajak + Denda
Generate,Pajak,Bayar Pajak Lima Tahunan
Generate,Pajak,Perpanjang Plat Nomor
Generate,Pajak,Ganti Plat Kendaraan
Generate,Pajak,Pembayaran Ganti TNKB
Generate,Pajak,Tagihan TNKB Baru
Generate,Pajak,Bayar Pajak Motor Beat
Generate,Pajak,Bayar Pajak Motor Vario
Generate,Pajak,Bayar Pajak Motor Scoopy
Generate,Pajak,Bayar Pajak Motor Nmax
Generate,Pajak,Bayar Pajak Motor Aerox
Generate,Pajak,Bayar Pajak Motor Mio
Generate,Pajak,Bayar Pajak Motor Jupiter
Generate,Pajak,Bayar Pajak Motor Supra
Generate,Pajak,Bayar Pajak Motor PCX
Generate,Pajak,Bayar Pajak Motor Lexi
Generate,Pajak,Bayar Pajak Mobil Avanza
Generate,Pajak,Bayar Pajak Mobil Xenia
Generate,Pajak,Bayar Pajak Mobil Brio
Generate,Pajak,Bayar Pajak Mobil Mobilio
Generate,Pajak,Bayar Pajak Mobil Jazz
Generate,Pajak,Bayar Pajak Mobil HRV
Generate,Pajak,Bayar Pajak Mobil CRV
Generate,Pajak,Bayar Pajak Mobil Innova
Generate,Pajak,Bayar Pajak Mobil Fortuner
Generate,Pajak,Bayar Pajak Mobil Pajero
Generate,Pajak,Bayar Pajak Mobil Sigra
Generate,Pajak,Bayar Pajak Mobil Ayla
Generate,Pajak,Bayar Pajak Mobil Agya
Generate,Pajak,Bayar Pajak Mobil Calya
Generate,Pajak,Bayar Pajak Mobil Ertiga
Generate,Pajak,Bayar Pajak Mobil XL7
Generate,Pajak,Bayar Pajak Mobil Rush
Generate,Pajak,Bayar Pajak Mobil Terios
Generate,Pajak,Bayar Pajak Mobil Yaris
Generate,Pajak,Bayar Pajak Mobil Raize
Generate,Pajak,Pajak Beat Bulanan
Generate,Pajak,Pajak Vario Tahunan
Generate,Pajak,Pajak Nmax Tahunan
Generate,Pajak,Pajak Aerox Tahunan
Generate,Pajak,Pajak Scoopy Tahunan
Generate,Pajak,Pajak Avanza Tahunan
Generate,Pajak,Pajak Brio Tahunan
Generate,Pajak,Pajak Xenia Tahunan
Generate,Pajak,Pajak Sigra Tahunan
Generate,Pajak,Pajak Ayla Tahunan
Generate,Pajak,Pajak Agya Tahunan
Generate,Pajak,Pajak Rush Tahunan
Generate,Pajak,Pajak Pajero Tahunan
Generate,Pajak,Pajak Fortuner Tahunan
Generate,Pajak,Bayar Samsat Jogja
Generate,Pajak,Bayar Samsat Sleman
Generate,Pajak,Bayar Samsat Bantul
Generate,Pajak,Bayar Samsat Gunungkidul
Generate,Pajak,Bayar Samsat Kulon Progo
Generate,Pajak,Bayar Samsat Jakarta
Generate,Pajak,Bayar Samsat Bekasi
Generate,Pajak,Bayar Samsat Depok
Generate,Pajak,Bayar Samsat Tangerang
Generate,Pajak,Bayar Samsat Bandung
Generate,Pajak,Bayar Samsat Surabaya
Generate,Pajak,Bayar Samsat Semarang
Generate,Pajak,Bayar Samsat Solo
Generate,Pajak,Bayar Samsat Medan
Generate,Pajak,Bayar Samsat Makassar
Generate,Pajak,Pembayaran Pajak Kendaraan Online
Generate,Pajak,Pembayaran Pajak Kendaraan Offline
Generate,Pajak,Tagihan Pajak Kendaraan Tahunan
Generate,Pajak,Tagihan Pajak Kendaraan 5 Tahunan
Generate,Pajak,Bayar Pajak STNK Mati
Generate,Pajak,Bayar Pajak Telat 1 Tahun
Generate,Pajak,Bayar Pajak Telat 2 Tahun
Generate,Pajak,Bayar Denda STNK
Generate,Pajak,Denda Pajak Telat Bayar
Generate,Pajak,Pembayaran Denda Samsat
Generate,Pajak,Bayar Ganti Plat Motor
Generate,Pajak,Bayar Ganti Plat Mobil
Generate,Pajak,Pembayaran TNKB Baru
Generate,Pajak,Tagihan TNKB 5 Tahunan
Generate,Pajak,Bayar Cek Fisik Kendaraan
Generate,Pajak,Bayar Mutasi Kendaraan
Generate,Pajak,Biaya Mutasi Motor
Generate,Pajak,Biaya Mutasi Mobil
Generate,Pajak,Bayar Balik Nama Avanza
Generate,Pajak,Bayar Balik Nama Beat
Generate,Pajak,Bayar Balik Nama Nmax
Generate,Pajak,Bayar BBNKB Motor
Generate,Pajak,Bayar BBNKB Mobil
Generate,Pajak,PBB Rumah Tahunan
Generate,Pajak,PBB Tanah Tahunan
Generate,Pajak,PBB Ruko Tahunan
Generate,Pajak,PBB Apartemen Tahunan
Generate,Pajak,Bayar PBB Perumahan
Generate,Pajak,Bayar PBB Cluster
Generate,Pajak,Bayar PBB Kos
Generate,Pajak,Bayar PBB Kontrakan
Generate,Pajak,Bayar PBB Sleman April
Generate,Pajak,Bayar PBB Bantul Mei
Generate,Pajak,Bayar PBB Jogja Juni
Generate,Pajak,Bayar PBB Jakarta Juli
Generate,Pajak,Tagihan PBB 2026
Generate,Pajak,Tagihan PBB 2025
Generate,Pajak,Pembayaran SPPT PBB
Generate,Pajak,Bayar Pajak Tanah Warisan
Generate,Pajak,Bayar Pajak Jual Beli Rumah
Generate,Pajak,BPHTB Rumah
Generate,Pajak,Bayar BPHTB Tanah
Generate,Pajak,Pajak Properti Bulanan
Generate,Pajak,Pajak Properti Tahunan
Generate,Pajak,Bayar Pajak NPWP
Generate,Pajak,Bayar Pajak Pribadi Online
Generate,Pajak,Bayar Pajak Orang Pribadi
Generate,Pajak,Bayar SPT Tahunan
Generate,Pajak,Pembayaran SPT Online
Generate,Pajak,Bayar eFiling Pajak
Generate,Pajak,Bayar eBilling DJP
Generate,Pajak,Tagihan DJP Pajak
Generate,Pajak,Bayar PPh21 Gaji
Generate,Pajak,Bayar PPh23 Vendor
Generate,Pajak,Bayar PPh25 Bulanan
Generate,Pajak,Bayar PPN Usaha
Generate,Pajak,Bayar PPN Toko
Generate,Pajak,Bayar Pajak UMKM Final
Generate,Pajak,Bayar Pajak Freelancer
Generate,Pajak,Bayar Pajak Konsultan
Generate,Pajak,Bayar Pajak Karyawan
Generate,Pajak,Bayar Pajak CV
Generate,Pajak,Bayar Pajak PT
Generate,Pajak,Bayar Pajak Usaha Kecil
Generate,Pajak,Bayar Pajak Warung
Generate,Pajak,Bayar Pajak Restoran Online
Generate,Pajak,Bayar Pajak Cafe
Generate,Pajak,Bayar Pajak Hotel Bulanan
Generate,Pajak,Bayar Pajak Reklame Toko
Generate,Pajak,Bayar Pajak Billboard
Generate,Pajak,Bayar Pajak Parkir Mall
Generate,Pajak,Bayar Pajak Hiburan
Generate,Pajak,Bayar Pajak Karaoke
Generate,Pajak,Bayar Pajak Event
Generate,Pajak,Bayar Pajak Air Tanah Bulanan
Generate,Pajak,Bayar Pajak Sumur Bor
Generate,Pajak,Bayar Retribusi Sampah Rumah
Generate,Pajak,Bayar Retribusi Sampah Toko
Generate,Pajak,Bayar Iuran Kebersihan Bulanan
Generate,Pajak,Bayar Pajak Daerah Online
Generate,Pajak,Pembayaran Pajak Daerah Kota
Generate,Pajak,Tagihan Pajak Kabupaten
Generate,Pajak,Bayar Pajak via Tokopedia
Generate,Pajak,Bayar Pajak via Shopee
Generate,Pajak,Bayar Pajak via Bukalapak
Generate,Pajak,Bayar Pajak via Livin
Generate,Pajak,Bayar Pajak via BCA Mobile
Generate,Pajak,Bayar Pajak via BRImo
Generate,Pajak,Bayar Pajak via Dana
Generate,Pajak,Bayar Pajak via OVO
Generate,Pajak,Bayar Pajak via Gopay
Generate,Pajak,Bayar Pajak via LinkAja
Generate,Pajak,Transfer Pajak PBB
Generate,Pajak,Transfer Pajak Kendaraan
Generate,Pajak,Transfer Pajak Penghasilan
Generate,Pajak,Tax Payment Indonesia
Generate,Pajak,Vehicle Tax Indonesia
Generate,Pajak,Property Tax Indonesia
Generate,Pajak,Income Tax Indonesia
Generate,Pajak,Annual Tax Payment
Generate,Pajak,Monthly Tax Payment
Generate,Iuran Lingkungan,Bayar Iuran RT
Generate,Iuran Lingkungan,Bayar Iuran RW
Generate,Iuran Lingkungan,Bayar Iuran RT RW
Generate,Iuran Lingkungan,Pembayaran Iuran RT
Generate,Iuran Lingkungan,Pembayaran Iuran RW
Generate,Iuran Lingkungan,Tagihan Iuran RT
Generate,Iuran Lingkungan,Tagihan Iuran RW
Generate,Iuran Lingkungan,Iuran Warga Bulanan
Generate,Iuran Lingkungan,Iuran Lingkungan Bulanan
Generate,Iuran Lingkungan,Iuran Kompleks Bulanan
Generate,Iuran Lingkungan,Bayar Kas RT
Generate,Iuran Lingkungan,Bayar Kas Warga
Generate,Iuran Lingkungan,Bayar Dana Lingkungan
Generate,Iuran Lingkungan,Pembayaran Uang Kas RT
Generate,Iuran Lingkungan,Tagihan Kas Bulanan
Generate,Iuran Lingkungan,Bayar Satpam
Generate,Iuran Lingkungan,Bayar Iuran Satpam
Generate,Iuran Lingkungan,Pembayaran Satpam Bulanan
Generate,Iuran Lingkungan,Tagihan Satpam Kompleks
Generate,Iuran Lingkungan,Iuran Security Bulanan
Generate,Iuran Lingkungan,Bayar Keamanan Lingkungan
Generate,Iuran Lingkungan,Bayar Jaga Malam
Generate,Iuran Lingkungan,Iuran Pos Ronda
Generate,Iuran Lingkungan,Pembayaran Security Perumahan
Generate,Iuran Lingkungan,Tagihan Security Cluster
Generate,Iuran Lingkungan,Bayar Sampah
Generate,Iuran Lingkungan,Iuran Sampah Bulanan
Generate,Iuran Lingkungan,Pembayaran Sampah Rumah
Generate,Iuran Lingkungan,Tagihan Sampah Bulanan
Generate,Iuran Lingkungan,Bayar Kebersihan Sampah
Generate,Iuran Lingkungan,Retribusi Sampah Rumah
Generate,Iuran Lingkungan,Iuran Angkut Sampah
Generate,Iuran Lingkungan,Bayar Petugas Sampah
Generate,Iuran Lingkungan,Tagihan Sampah Kompleks
Generate,Iuran Lingkungan,Bayar Kebersihan
Generate,Iuran Lingkungan,Iuran Kebersihan Bulanan
Generate,Iuran Lingkungan,Pembayaran Kebersihan Lingkungan
Generate,Iuran Lingkungan,Tagihan Kebersihan Kompleks
Generate,Iuran Lingkungan,Bayar Cleaning Service Cluster
Generate,Iuran Lingkungan,Iuran Bersih Lingkungan
Generate,Iuran Lingkungan,Bayar Petugas Kebersihan
Generate,Iuran Lingkungan,Tagihan Kebersihan Rumah
Generate,Iuran Lingkungan,Bayar Parkir Bulanan
Generate,Iuran Lingkungan,Iuran Parkir Bulanan
Generate,Iuran Lingkungan,Pembayaran Parkir Resident
Generate,Iuran Lingkungan,Tagihan Parkir Apartemen
Generate,Iuran Lingkungan,Bayar Parkir Motor Bulanan
Generate,Iuran Lingkungan,Bayar Parkir Mobil Bulanan
Generate,Iuran Lingkungan,Monthly Parking Fee
Generate,Iuran Lingkungan,Parking Subscription
Generate,Iuran Lingkungan,Bayar Parkir Kost
Generate,Iuran Lingkungan,Tagihan Parkir Perumahan
Generate,Iuran Lingkungan,Bayar IPL
Generate,Iuran Lingkungan,Pembayaran IPL Apartemen
Generate,Iuran Lingkungan,Tagihan IPL Bulanan
Generate,Iuran Lingkungan,Iuran Pengelolaan Lingkungan
Generate,Iuran Lingkungan,Bayar Maintenance Apartemen
Generate,Iuran Lingkungan,Service Charge Apartemen
Generate,Iuran Lingkungan,Tagihan Service Charge
Generate,Iuran Lingkungan,Bayar Dana Sosial RT
Generate,Iuran Lingkungan,Iuran Sosial Warga
Generate,Iuran Lingkungan,Pembayaran Dana Sosial
Generate,Iuran Lingkungan,Tagihan Dana Sosial
Generate,Iuran Lingkungan,Bayar Uang Jimpitan
Generate,Iuran Lingkungan,Iuran Jimpitan Bulanan
Generate,Iuran Lingkungan,Bayar Arisan Warga
Generate,Iuran Lingkungan,Iuran Kegiatan Warga
Generate,Iuran Lingkungan,Bayar Dana 17 Agustus
Generate,Iuran Lingkungan,Iuran Acara Kompleks
Generate,Iuran Lingkungan,Tagihan Kegiatan Lingkungan
Generate,Iuran Lingkungan,Bayar Iuran Masjid Kompleks
Generate,Iuran Lingkungan,Iuran Mushola Warga
Generate,Iuran Lingkungan,Dana Keagamaan Lingkungan
Generate,Iuran Lingkungan,Bayar Lampu Jalan
Generate,Iuran Lingkungan,Iuran Lampu Jalan
Generate,Iuran Lingkungan,Tagihan PJU Lingkungan
Generate,Iuran Lingkungan,Pembayaran Lampu Kompleks
Generate,Iuran Lingkungan,Bayar Air Komunal
Generate,Iuran Lingkungan,Iuran Air Lingkungan
Generate,Iuran Lingkungan,Tagihan Air Warga
Generate,Iuran Lingkungan,Bayar Internet Komplek
Generate,Iuran Lingkungan,Iuran Wifi RT
Generate,Iuran Lingkungan,Tagihan Wifi Lingkungan
Generate,Iuran Lingkungan,Bayar Gerbang Kompleks
Generate,Iuran Lingkungan,Iuran Gate Security
Generate,Iuran Lingkungan,Tagihan Access Card Apartemen
Generate,Iuran Lingkungan,Bayar Kartu Akses
Generate,Iuran Lingkungan,Pembayaran CCTV Kompleks
Generate,Iuran Lingkungan,Iuran CCTV Bulanan
Generate,Iuran Lingkungan,Tagihan CCTV Lingkungan
Generate,Iuran Lingkungan,Bayar Kebun Kompleks
Generate,Iuran Lingkungan,Iuran Taman Bulanan
Generate,Iuran Lingkungan,Tagihan Perawatan Taman
Generate,Iuran Lingkungan,Bayar Landscaping
Generate,Iuran Lingkungan,Pembayaran Tukang Kebun
Generate,Iuran Lingkungan,Bayar Iuran RT Januari
Generate,Iuran Lingkungan,Bayar Iuran RT Februari
Generate,Iuran Lingkungan,Bayar Iuran RT Maret
Generate,Iuran Lingkungan,Bayar Iuran RT April
Generate,Iuran Lingkungan,Bayar Iuran RT Mei
Generate,Iuran Lingkungan,Bayar Iuran RT Juni
Generate,Iuran Lingkungan,Bayar Iuran RT Juli
Generate,Iuran Lingkungan,Bayar Iuran RT Agustus
Generate,Iuran Lingkungan,Bayar Iuran RT September
Generate,Iuran Lingkungan,Bayar Iuran RT Oktober
Generate,Iuran Lingkungan,Bayar Iuran RT November
Generate,Iuran Lingkungan,Bayar Iuran RT Desember
Generate,Iuran Lingkungan,Bayar Satpam Januari
Generate,Iuran Lingkungan,Bayar Sampah Februari
Generate,Iuran Lingkungan,Bayar Kebersihan Maret
Generate,Iuran Lingkungan,Bayar Parkir April
Generate,Iuran Lingkungan,Bayar IPL Mei
Generate,Iuran Lingkungan,Bayar Security Juni
Generate,Iuran Lingkungan,Bayar Kas RT Juli
Generate,Iuran Lingkungan,Bayar Dana Lingkungan Agustus
Generate,Iuran Lingkungan,Bayar Iuran via BCA
Generate,Iuran Lingkungan,Bayar Iuran via Mandiri
Generate,Iuran Lingkungan,Bayar Iuran via BNI
Generate,Iuran Lingkungan,Bayar Iuran via BRI
Generate,Iuran Lingkungan,Bayar Iuran via Dana
Generate,Iuran Lingkungan,Bayar Iuran via OVO
Generate,Iuran Lingkungan,Bayar Iuran via Gopay
Generate,Iuran Lingkungan,Bayar Iuran via ShopeePay
Generate,Iuran Lingkungan,Transfer Iuran RT
Generate,Iuran Lingkungan,Transfer Uang Sampah
Generate,Iuran Lingkungan,Transfer Satpam Bulanan
Generate,Iuran Lingkungan,Transfer Parkir Bulanan
Generate,Iuran Lingkungan,Tagihan Warga Bulan Ini
Generate,Iuran Lingkungan,Pembayaran Lingkungan Bulanan
Generate,Iuran Lingkungan,Resident Fee Monthly
Generate,Iuran Lingkungan,Community Fee Payment
Generate,Iuran Lingkungan,Neighborhood Fee Payment
Generate,Iuran Lingkungan,Security Fee Monthly
Generate,Iuran Lingkungan,Cleaning Fee Monthly
Generate,Iuran Lingkungan,Waste Fee Monthly
Tokopedia,Prabayar & Pascabayar,Indosat
Tokopedia,Prabayar & Pascabayar,Pulsa
Tokopedia,Prabayar & Pascabayar,Pascabayar
Tokopedia,Prabayar & Pascabayar,Telkomsel - Halo
Tokopedia,Prabayar & Pascabayar,XL Prioritas
Tokopedia,Prabayar & Pascabayar,Indosat Platinum
Tokopedia,Prabayar & Pascabayar,Tri Pascabayar
Tokopedia,Prabayar & Pascabayar,Smartfren Pascabayar
Tokopedia,Prabayar & Pascabayar,Paket Data
Tokopedia,Prabayar & Pascabayar,Roaming
Tokopedia,Prabayar & Pascabayar,eSim
Tokopedia,Prabayar & Pascabayar,Gopay Later
Tokopedia,Prabayar & Pascabayar,Tagihan Listrik
Tokopedia,Prabayar & Pascabayar,E-Invoicing
Tokopedia,Prabayar & Pascabayar,Upgrade Internet & TV
Tokopedia,Prabayar & Pascabayar,Tagihan Kartu Kredit
Tokopedia,Prabayar & Pascabayar,Premi Asuransi
Tokopedia,Prabayar & Pascabayar,Angsuran Kredit
Tokopedia,Prabayar & Pascabayar,Properti
Tokopedia,Prabayar & Pascabayar,Langganan
Tokopedia,Prabayar & Pascabayar,Internet dan TV Kabel
Tokopedia,Prabayar & Pascabayar,XL Satu