Date,AADI,ADMR,ADRO,AKRA,AMMN,AMRT,ANTM,ASII,BBCA,BBNI,BBRI,BBTN,BMRI,BRPT,BUMI,CPIN,CUAN,DEWA,EMTK,ESSA,EXCL,GOTO,HRTA,ICBP,INCO,INDF,INKP,ISAT,ITMG,JPFA,KLBF,MAPI,MBMA,MDKA,MEDC,PGAS,PGEO,PTBA,SCMA,SMGR,TLKM,TOWR,UNTR,UNVR,WIFI
2020-01-02,,,409.731201171875,542.05810546875,,811.1460571289062,689.8132934570312,4638.77001953125,5540.17138671875,2841.694091796875,2680.163818359375,1631.684814453125,2744.57958984375,1442.1148681640625,66.0,5959.96337890625,,50.0,513.89990234375,246.3535614013672,2685.775634765625,,158.20970153808594,9761.5068359375,3487.106689453125,6266.50830078125,7331.0810546875,562.66064453125,4462.7001953125,1253.429443359375,1431.437255859375,1045.288818359375,,1063.4052734375,594.67822265625,1400.2974853515625,,1016.300048828125,217.26773071289062,10497.4990234375,2864.55615234375,680.3364868164062,11692.7216796875,6763.01953125,
2020-01-03,,,419.90045166015625,526.7693481445312,,801.8757934570312,698.0253295898438,4689.37451171875,5631.2666015625,2850.831298828125,2686.24169921875,1647.005859375,2735.726318359375,1402.73974609375,73.0,6254.5625,,50.0,520.8133544921875,253.76272583007812,2677.408935546875,,168.6499481201172,9849.0546875,3371.511962890625,6305.796875,7787.771484375,566.5816650390625,4610.14599609375,1253.429443359375,1449.1639404296875,1050.1962890625,,1141.453369140625,648.092529296875,1413.384521484375,,1031.757080078125,218.05209350585938,10605.0556640625,2915.839599609375,684.5887451171875,11570.357421875,6782.7939453125,
2020-01-06,,,419.90045166015625,505.92095947265625,,783.3353271484375,726.7674560546875,4554.42919921875,5577.4375,2786.87060546875,2655.853759765625,1631.684814453125,2691.458740234375,1284.6143798828125,69.0,6209.240234375,,50.0,520.8133544921875,250.05813598632812,2710.87646484375,,168.6499481201172,10067.9208984375,3400.41064453125,6286.15283203125,7691.6259765625,558.73974609375,4639.634765625,1282.0093994140625,1453.595703125,1035.4739990234375,,1156.08740234375,644.5315551757812,1406.8411865234375,,1054.942626953125,218.8364715576172,10562.0322265625,2901.1875,680.3364868164062,11733.509765625,6703.69482421875,
2020-01-07,,,441.39715576171875,490.63214111328125,,778.7001342773438,718.5554809570312,4571.296875,5581.57861328125,2759.458740234375,2674.086181640625,1624.0242919921875,2691.458740234375,1304.302001953125,69.0,6639.80810546875,,50.0,520.8133544921875,240.79672241210938,2719.243408203125,,171.86233520507812,10067.9208984375,3429.309326171875,6443.306640625,7691.6259765625,568.5421142578125,4678.9541015625,1359.583251953125,1449.1639404296875,1035.4739990234375,,1165.8433837890625,640.9705810546875,1374.123779296875,,1047.214111328125,221.97390747070312,10583.54296875,2886.53466796875,693.0928955078125,11556.7607421875,6683.91845703125,
2020-01-08,,,431.3653869628906,494.8017578125,,792.6055908203125,743.1915893554688,4571.296875,5531.890625,2713.7724609375,2661.931396484375,1585.7218017578125,2656.044677734375,1260.0050048828125,68.0,6594.48486328125,,50.0,520.8133544921875,240.79672241210938,2761.078125,,170.25613403320312,10111.6962890625,3410.04345703125,6462.951171875,7667.59033203125,558.73974609375,4610.14599609375,1355.50048828125,1404.8470458984375,1015.8440551757812,,1214.62353515625,651.6534423828125,1374.123779296875,,1031.757080078125,219.62081909179688,10325.4091796875,2857.22998046875,680.3364868164062,11719.9150390625,6585.044921875,
2020-01-09,,,428.4991455078125,500.3614501953125,,787.9703979492188,722.6614990234375,4638.77001953125,5581.57861328125,2814.2822265625,2674.086181640625,1616.3638916015625,2726.872802734375,1274.7705078125,68.0,6662.46923828125,,50.0,516.204345703125,235.2398681640625,2752.71142578125,,168.6499481201172,10089.8076171875,3438.942138671875,6482.5947265625,7763.73583984375,562.66064453125,4649.46435546875,1384.0802001953125,1418.1422119140625,1020.7515869140625,,1141.453369140625,626.7268676757812,1374.123779296875,,1031.757080078125,233.73928833007812,10497.4990234375,2901.1875,676.08447265625,11597.5498046875,6604.8193359375,
2020-01-10,,,444.2633361816406,501.7512512207031,,787.9703979492188,726.7674560546875,4605.03271484375,5569.15673828125,2823.419677734375,2680.163818359375,1654.666259765625,2735.726318359375,1255.0831298828125,71.0,6571.82275390625,,50.0,486.2460632324219,231.53530883789062,2752.71142578125,,167.0437774658203,10089.8076171875,3381.14501953125,6482.5947265625,7883.9169921875,566.5816650390625,4983.67626953125,1347.3348388671875,1418.1422119140625,1069.8260498046875,,1146.3314208984375,637.40966796875,1361.036865234375,,1074.2640380859375,234.52365112304688,10497.4990234375,2915.839599609375,671.8323364257812,12100.607421875,6525.72021484375,
2020-01-13,,,448.562744140625,500.3614501953125,,787.9703979492188,714.4494018554688,4672.505859375,5585.71875,2841.694091796875,2740.9384765625,1647.005859375,2735.726318359375,1191.0985107421875,72.0,6345.208984375,,50.0,474.7236633300781,235.2398681640625,2769.445068359375,,163.83139038085938,10111.6962890625,3332.98046875,6404.0185546875,7835.84423828125,574.423583984375,5249.078125,1322.837646484375,1418.1422119140625,1064.9185791015625,,1121.94140625,619.60498046875,1367.5804443359375,,1093.585205078125,232.17059326171875,10475.9873046875,2952.470947265625,676.08447265625,12535.6875,6644.36962890625,
2020-01-14,,,447.1294860839844,492.02203369140625,,792.6055908203125,698.0253295898438,4841.18896484375,5689.23486328125,2869.106201171875,2777.4033203125,1654.666259765625,2744.57958984375,1220.629638671875,71.0,6390.53173828125,,50.0,509.29083251953125,233.38758850097656,2786.1787109375,,165.43759155273438,10155.4697265625,3294.44873046875,6384.3740234375,7787.771484375,564.6211547851562,5229.41845703125,1367.748779296875,1404.8470458984375,1064.9185791015625,,1112.185302734375,608.9220581054688,1367.5804443359375,,1078.1280517578125,232.17059326171875,10583.54296875,2893.861083984375,680.3364868164062,12345.33984375,6703.69482421875,
2020-01-15,,,422.7667236328125,486.4624938964844,,792.6055908203125,685.7072143554688,4858.0576171875,5660.25048828125,2805.14501953125,2783.48046875,1639.34521484375,2709.16552734375,1299.3800048828125,67.0,6526.5,,50.0,509.29083251953125,231.53530883789062,2719.243408203125,,165.43759155273438,10046.03515625,3284.81591796875,6325.44140625,7811.8076171875,546.9767456054688,4993.505859375,1388.1630859375,1400.4154052734375,1030.56640625,,1117.0633544921875,587.556396484375,1334.863037109375,,1039.4854736328125,228.248779296875,10368.431640625,2842.577392578125,667.5802001953125,11964.646484375,6703.69482421875,
2020-01-16,,,421.3335876464844,482.2927551269531,,801.8757934570312,693.9192504882812,4807.45263671875,5672.67236328125,2814.2822265625,2777.4033203125,1631.684814453125,2673.751708984375,1279.6925048828125,68.0,6617.14599609375,,50.0,509.29083251953125,233.38758850097656,2786.1787109375,,171.86233520507812,10155.4697265625,3400.41064453125,6423.662109375,7980.06201171875,535.2138061523438,4993.505859375,1400.411376953125,1475.7542724609375,1035.4739990234375,,1156.08740234375,587.556396484375,1328.31982421875,,1035.6212158203125,247.8577880859375,10712.611328125,2820.598876953125,667.5802001953125,11910.26171875,6664.14453125,
2020-01-17,,,424.19989013671875,476.733154296875,,787.9703979492188,689.8132934570312,4773.7158203125,5693.37548828125,2841.694091796875,2813.8681640625,1647.005859375,2735.726318359375,1289.5362548828125,66.0,6685.13037109375,,50.0,506.9863586425781,237.0921630859375,2811.279541015625,,178.287109375,10133.5830078125,3371.511962890625,6482.5947265625,7907.953125,531.2927856445312,5022.99462890625,1396.32861328125,1431.437255859375,1020.7515869140625,,1170.721435546875,594.67822265625,1321.776123046875,,1031.757080078125,245.5046844482422,11056.791015625,2791.2939453125,667.5802001953125,11842.2802734375,6644.36962890625,
2020-01-20,,,411.3018493652344,472.5635681152344,,787.9703979492188,652.8589477539062,4723.11083984375,5660.25048828125,2759.458740234375,2832.100341796875,1608.7032470703125,2700.31201171875,1289.5362548828125,65.0,6594.48486328125,,50.0,465.5057373046875,237.0921630859375,2811.279541015625,,176.680908203125,10155.4697265625,3332.98046875,6482.5947265625,7595.48095703125,519.5299072265625,4865.71826171875,1359.583251953125,1435.868896484375,1020.7515869140625,,1170.721435546875,569.751708984375,1285.7872314453125,,1000.843017578125,250.9952392578125,10970.74609375,2791.2939453125,667.5802001953125,11692.7216796875,6585.044921875,
2020-01-21,,,405.5694885253906,468.39385986328125,,783.3353271484375,652.8589477539062,4739.97900390625,5656.10986328125,2768.595947265625,2838.177734375,1593.3824462890625,2726.872802734375,1304.302001953125,65.0,6390.53173828125,,50.0,465.5057373046875,231.53530883789062,2761.078125,,191.1365966796875,10243.017578125,3275.182861328125,6482.5947265625,7763.73583984375,499.9250183105469,4777.25146484375,1282.0093994140625,1427.005615234375,1020.7515869140625,,1141.453369140625,573.3126220703125,1279.243896484375,,989.2501831054688,248.64215087890625,10927.7236328125,2849.90380859375,680.3364868164062,11461.5869140625,6585.044921875,
2020-01-22,,,391.2384338378906,471.17364501953125,,787.9703979492188,632.3287963867188,4723.11083984375,5664.390625,2786.87060546875,2862.4873046875,1570.40087890625,2762.286376953125,1304.302001953125,63.0,6390.53173828125,,50.0,520.8133544921875,224.1261749267578,2677.408935546875,,195.95518493652344,10286.791015625,3236.6513671875,6325.44140625,7643.5537109375,464.6361389160156,4728.10302734375,1273.8436279296875,1409.27880859375,996.2142333984375,,1121.94140625,544.824951171875,1249.79833984375,,958.336181640625,247.8577880859375,11164.34765625,2827.92529296875,705.8491821289062,11203.26171875,6565.2705078125,
2020-01-23,,,395.5377197265625,469.7837219238281,,792.6055908203125,640.5408935546875,4756.84765625,5664.390625,2796.007568359375,2880.72021484375,1555.079833984375,2753.432861328125,1343.677001953125,61.0,6481.17724609375,,50.0,520.8133544921875,225.97845458984375,2694.14306640625,,200.77374267578125,10243.017578125,3178.85400390625,6404.0185546875,7691.6259765625,468.5571594238281,4659.29443359375,1290.1749267578125,1395.983642578125,981.4918823242188,,1156.08740234375,534.14208984375,1253.070068359375,,931.2863159179688,243.1516571044922,11228.8818359375,2842.577392578125,705.8491821289062,11067.2978515625,6585.044921875,
2020-01-24,,,395.5377197265625,485.0725402832031,,792.6055908203125,644.6468505859375,4706.24267578125,5639.5478515625,2814.2822265625,2880.72021484375,1585.7218017578125,2806.553955078125,1353.52099609375,56.0,6503.8388671875,,50.0,520.8133544921875,224.1261749267578,2669.041748046875,,215.22947692871094,10243.017578125,3188.487060546875,6443.306640625,7667.59033203125,458.7546691894531,4600.31640625,1294.2579345703125,1364.9617919921875,996.2142333984375,,1160.9654541015625,527.020263671875,1230.16796875,,915.829345703125,242.3672637939453,11164.34765625,2871.882568359375,701.5971069335938,10985.7216796875,6466.3955078125,
2020-01-27,,,371.1748352050781,475.34326171875,,787.9703979492188,615.9046630859375,4537.56005859375,5664.390625,2722.90966796875,2826.022705078125,1524.4378662109375,2735.726318359375,1294.4581298828125,51.0,6367.8701171875,,50.0,502.37744140625,222.27389526367188,2560.272216796875,,212.01708984375,10199.2421875,3140.322509765625,6384.3740234375,7258.97216796875,437.1893005371094,4462.7001953125,1257.512451171875,1347.2349853515625,981.4918823242188,,1151.2093505859375,480.72796630859375,1187.635498046875,,865.5939331054688,230.6018524169922,10884.701171875,2813.272705078125,714.3533935546875,10836.162109375,6545.494140625,
2020-01-28,,,379.7735290527344,480.90289306640625,,760.1597900390625,615.9046630859375,4605.03271484375,5622.98486328125,2732.046875,2807.79052734375,1497.626220703125,2744.57958984375,1220.629638671875,56.0,6186.578125,,50.0,502.37744140625,214.86477661132812,2551.905517578125,,221.65423583984375,10177.3564453125,3149.95556640625,6384.3740234375,7162.82666015625,445.0312194824219,4393.89208984375,1237.09814453125,1329.50830078125,986.3993530273438,,1151.2093505859375,502.0936584472656,1184.3638916015625,,900.3721923828125,230.6018524169922,10927.7236328125,2805.9462890625,722.857666015625,10808.970703125,6525.72021484375,
2020-01-29,,,374.0411376953125,472.5635681152344,,764.7947998046875,615.9046630859375,4605.03271484375,5618.84423828125,2686.3603515625,2807.79052734375,1478.474853515625,2762.286376953125,1240.3173828125,57.0,6050.6103515625,,50.0,506.9863586425781,222.27389526367188,2518.43798828125,,223.2604217529297,10243.017578125,3159.588134765625,6227.2197265625,7042.64501953125,456.7942199707031,4285.7646484375,1245.263916015625,1351.6666259765625,981.4918823242188,,1151.2093505859375,505.6546325683594,1174.548828125,,900.3721923828125,235.30801391601562,10583.54296875,2857.22998046875,718.6055908203125,10890.5478515625,6525.72021484375,
2020-01-30,,,371.1748352050781,464.22412109375,,764.7947998046875,607.6926879882812,4470.087890625,5581.57861328125,2649.811279296875,2783.48046875,1478.474853515625,2709.16552734375,1220.629638671875,54.0,6073.2705078125,,50.0,506.9863586425781,216.71705627441406,2459.86962890625,,208.8047332763672,10177.3564453125,2995.829345703125,6207.576171875,6802.2822265625,448.9522399902344,4226.7861328125,1216.6839599609375,1342.8033447265625,976.5844116210938,,1160.9654541015625,494.9718322753906,1177.8203125,,865.5939331054688,231.38621520996094,10583.54296875,2827.92529296875,714.3533935546875,10863.3544921875,6505.94482421875,
2020-01-31,,,351.111328125,460.0545654296875,,741.6192626953125,591.2685546875,4284.5361328125,5366.26513671875,2631.53662109375,2710.55078125,1432.5120849609375,2673.751708984375,1284.6143798828125,53.0,6027.94775390625,,50.0,513.89990234375,216.71705627441406,2426.401611328125,,210.41090393066406,9958.4873046875,3043.99365234375,6148.64404296875,6489.80908203125,448.9522399902344,3951.55322265625,1224.8497314453125,1267.4647216796875,942.232177734375,,1141.453369140625,502.0936584472656,1115.6575927734375,,854.0010986328125,225.8957061767578,10282.3857421875,2783.968017578125,718.6055908203125,10441.8740234375,6288.42138671875,
2020-02-03,,,351.111328125,439.2060852050781,,755.5245361328125,587.1624145507812,4233.93212890625,5333.1396484375,2604.124755859375,2710.55078125,1386.549072265625,2656.044677734375,1255.0831298828125,53.0,5620.04150390625,,50.0,534.6402587890625,201.89878845214844,2376.20068359375,,221.65423583984375,9980.375,3130.689697265625,6030.77783203125,6273.48291015625,425.4263916015625,3951.55322265625,1196.2698974609375,1302.91796875,893.1575927734375,,1136.575439453125,480.72796630859375,1112.3858642578125,,838.5441284179688,214.91464233398438,10325.4091796875,2740.01025390625,705.8491821289062,10373.8916015625,6209.32177734375,
2020-02-04,,,364.0093994140625,444.76568603515625,,750.8894653320312,599.4805297851562,4318.2734375,5465.64111328125,2686.3603515625,2771.32568359375,1409.530517578125,2664.8984375,1250.1610107421875,53.0,5665.36474609375,,50.0,534.6402587890625,205.6033477783203,2376.20068359375,,224.86660766601562,10155.4697265625,3178.85400390625,6089.71044921875,6273.48291015625,429.3473205566406,3990.872314453125,1208.5184326171875,1311.7816162109375,907.8800048828125,,1141.453369140625,491.41082763671875,994.6038818359375,,861.7295532226562,221.97390747070312,10346.9189453125,2754.662841796875,722.857666015625,10210.7392578125,6229.09716796875,
2020-02-05,,,376.90728759765625,448.9354553222656,,750.8894653320312,595.37451171875,4318.2734375,5573.296875,2713.7724609375,2771.32568359375,1382.71875,2726.872802734375,1260.0050048828125,51.0,6141.25537109375,,50.0,488.550537109375,214.86477661132812,2418.03515625,,224.86660766601562,10067.9208984375,3178.85400390625,6089.71044921875,6321.5556640625,470.5176086425781,4108.82958984375,1220.7667236328125,1316.213134765625,932.417236328125,,1141.453369140625,505.6546325683594,965.158447265625,,896.508056640625,221.97390747070312,10648.0771484375,2761.9892578125,727.109619140625,10197.140625,6407.0712890625,
2020-02-06,,,374.0411376953125,460.0545654296875,,746.2542724609375,603.5865478515625,4385.74609375,5581.57861328125,2686.3603515625,2765.248046875,1417.1910400390625,2726.872802734375,1220.629638671875,53.0,5891.97998046875,,50.0,488.550537109375,220.42160034179688,2418.03515625,,224.86660766601562,10067.9208984375,3188.487060546875,6050.421875,6513.84619140625,464.6361389160156,4138.318359375,1233.0155029296875,1294.0546875,932.417236328125,,1146.3314208984375,537.703125,994.6038818359375,,884.915283203125,220.40518188476562,10669.58984375,2754.662841796875,722.857666015625,10169.9482421875,6288.42138671875,
2020-02-07,,,374.0411376953125,472.5635681152344,,741.6192626953125,599.4805297851562,4318.2734375,5598.14111328125,2686.3603515625,2765.248046875,1413.3607177734375,2735.726318359375,1245.2391357421875,53.0,5778.67236328125,,50.0,534.6402587890625,222.27389526367188,2426.401611328125,,216.8356475830078,10067.9208984375,3188.487060546875,6168.287109375,6537.8818359375,464.6361389160156,4098.99951171875,1220.7667236328125,1302.91796875,932.417236328125,,1175.5994873046875,516.33740234375,1007.6907348632812,,896.508056640625,218.8364715576172,10626.5654296875,2776.6416015625,748.3702392578125,10224.3349609375,6248.87109375,
2020-02-10,,,366.87548828125,457.27471923828125,,741.6192626953125,591.2685546875,4183.3271484375,5618.84423828125,2677.22314453125,2734.86083984375,1405.700439453125,2735.726318359375,1225.5516357421875,52.0,5642.70361328125,,50.0,497.7685241699219,220.42160034179688,2342.732666015625,,208.8047332763672,10133.5830078125,3140.322509765625,6089.71044921875,6249.4462890625,443.07073974609375,3990.872314453125,1184.0213623046875,1311.7816162109375,893.1575927734375,,1195.1114501953125,491.41082763671875,997.875732421875,,869.4581909179688,213.34596252441406,10583.54296875,2791.2939453125,744.1181640625,9938.814453125,6229.09716796875,
2020-02-11,,,376.90728759765625,451.7151794433594,,746.2542724609375,591.2685546875,4115.8544921875,5614.7041015625,2668.085693359375,2740.9384765625,1378.888671875,2753.432861328125,1230.4735107421875,52.0,5710.6875,,50.0,474.7236633300781,224.1261749267578,2392.93408203125,,202.37994384765625,10046.03515625,3169.22119140625,6030.77783203125,6273.48291015625,429.3473205566406,3990.872314453125,1192.1871337890625,1294.0546875,917.6948852539062,,1195.1114501953125,505.6546325683594,1004.4190673828125,,892.6437377929688,220.40518188476562,10346.9189453125,2776.6416015625,744.1181640625,9802.8525390625,6209.32177734375,
2020-02-12,,,381.2066345214844,433.6465759277344,,741.6192626953125,587.1624145507812,4031.512939453125,5631.2666015625,2658.948486328125,2753.09375,1363.5677490234375,2762.286376953125,1235.3955078125,52.0,5778.67236328125,,50.0,451.6788330078125,222.27389526367188,2392.93408203125,,202.37994384765625,9411.318359375,3159.588134765625,5500.3837890625,6081.19287109375,425.4263916015625,3961.38330078125,1179.9385986328125,1249.73779296875,902.9725341796875,,1190.2333984375,498.5326843261719,978.2453002929688,,881.0509033203125,218.8364715576172,9809.138671875,2798.619873046875,765.3786010742188,9626.1015625,6011.57275390625,
2020-02-13,,,386.9390563964844,423.9172668457031,,746.2542724609375,558.4202270507812,4014.64404296875,5622.98486328125,2704.634765625,2777.4033203125,1340.586181640625,2779.993408203125,1205.864013671875,52.0,5574.71923828125,,50.0,506.9863586425781,222.27389526367188,2267.4306640625,,199.16757202148438,9455.0927734375,3063.25927734375,5500.3837890625,5864.865234375,388.177001953125,3990.872314453125,1171.7728271484375,1214.2841796875,878.4352416992188,,1190.2333984375,491.41082763671875,984.7887573242188,,881.0509033203125,210.99285888671875,9615.53515625,2732.684326171875,756.8746337890625,9585.3125,5853.373046875,
2020-02-14,,,378.3404846191406,422.5273742675781,,750.8894653320312,554.314208984375,4115.8544921875,5531.890625,2750.3212890625,2765.248046875,1352.076904296875,2771.14013671875,1181.2545166015625,51.0,5869.318359375,,50.0,506.9863586425781,218.5693359375,2192.12841796875,,200.77374267578125,9433.2060546875,3015.094970703125,5618.2490234375,5961.0107421875,411.70294189453125,3951.55322265625,1220.7667236328125,1232.010986328125,888.2501220703125,,1190.2333984375,487.8498840332031,994.6038818359375,,900.3721923828125,214.91464233398438,9787.6259765625,2666.748046875,752.622314453125,9966.005859375,5912.69775390625,
2020-02-17,,,378.3404846191406,426.6971130371094,,746.2542724609375,558.4202270507812,4115.8544921875,5565.0166015625,2786.87060546875,2716.62841796875,1375.0584716796875,2779.993408203125,1161.5670166015625,51.0,5959.96337890625,,50.0,460.8966979980469,214.86477661132812,2217.2294921875,,200.77374267578125,9498.8671875,2976.5634765625,5618.2490234375,6105.22802734375,401.9004821777344,4128.48828125,1237.09814453125,1232.010986328125,873.5277709960938,,1185.35546875,498.5326843261719,978.2453002929688,,904.236572265625,211.77720642089844,9959.71484375,2644.769287109375,748.3702392578125,9979.6015625,5853.373046875,
2020-02-18,,,381.2066345214844,430.8667297363281,,727.7139282226562,566.63232421875,4115.8544921875,5544.31298828125,2814.2822265625,2674.086181640625,1451.6630859375,2771.14013671875,1200.942138671875,52.0,6050.6103515625,,50.0,506.9863586425781,216.71705627441406,2275.797607421875,,202.37994384765625,9498.8671875,2976.5634765625,5578.96044921875,6297.51904296875,425.4263916015625,4305.423828125,1269.7608642578125,1236.442626953125,868.620361328125,,1214.62353515625,498.5326843261719,984.7887573242188,,919.6934814453125,217.26773071289062,10131.8056640625,2652.095458984375,744.1181640625,9979.6015625,5853.373046875,
2020-02-19,,,374.0411376953125,422.5273742675781,,750.8894653320312,578.950439453125,4217.0625,5544.31298828125,2841.694091796875,2722.705810546875,1451.6630859375,2815.4072265625,1215.707763671875,51.0,6163.9169921875,,50.0,506.9863586425781,216.71705627441406,2309.26513671875,,202.37994384765625,9630.1875,2928.39892578125,5539.671875,6441.7373046875,450.9127502441406,4246.44482421875,1273.8436279296875,1271.896240234375,858.805419921875,,1229.2574462890625,502.0936584472656,1001.1473388671875,,927.4220581054688,213.34596252441406,10110.2958984375,2652.095458984375,744.1181640625,10047.583984375,5912.69775390625,
2020-02-20,,,386.9390563964844,425.3071594238281,,787.9703979492188,583.0564575195312,4233.93212890625,5461.5,2896.517578125,2771.32568359375,1470.8143310546875,2833.114501953125,1200.942138671875,50.0,6209.240234375,,50.0,506.9863586425781,220.42160034179688,2242.330078125,,203.9861297607422,9827.1669921875,3005.462158203125,5736.11376953125,6369.6279296875,450.9127502441406,4295.5947265625,1298.3406982421875,1258.60107421875,829.3606567382812,,1268.281494140625,509.2155456542969,1017.5060424804688,,962.2003784179688,208.63975524902344,10131.8056640625,2659.421630859375,748.3702392578125,10020.392578125,6051.1220703125,
2020-02-21,,,375.47418212890625,423.9172668457031,,741.6192626953125,574.8442993164062,4183.3271484375,5478.0625,2841.694091796875,2740.9384765625,1432.5120849609375,2797.700439453125,1141.8795166015625,50.0,5959.96337890625,,50.0,479.3326721191406,213.01248168945312,2175.39501953125,,203.9861297607422,9586.4130859375,2947.664794921875,5657.537109375,6129.2646484375,431.3078308105469,4157.978515625,1269.7608642578125,1209.8525390625,819.5457153320312,,1307.3055419921875,491.41082763671875,997.875732421875,,931.2863159179688,196.0900115966797,9981.228515625,2703.37939453125,731.3618774414062,9911.6220703125,5932.47314453125,
2020-02-24,,,368.30865478515625,415.577880859375,,760.1597900390625,562.5263671875,4115.8544921875,5403.53125,2768.595947265625,2728.78369140625,1394.209716796875,2753.432861328125,1092.6605224609375,50.0,5846.65673828125,,50.0,504.6819152832031,203.75106811523438,2108.459228515625,,205.5923309326172,9652.0732421875,2899.500244140625,5657.537109375,5864.865234375,425.4263916015625,4187.46728515625,1245.263916015625,1200.9891357421875,795.0083618164062,,1326.817626953125,484.2889404296875,968.4300537109375,,908.1008911132812,189.03077697753906,9680.0703125,2666.748046875,735.6139526367188,9734.8701171875,5714.94873046875,
2020-02-25,,,368.30865478515625,412.7981872558594,,746.2542724609375,541.99609375,4200.1962890625,5407.67236328125,2741.18408203125,2734.86083984375,1394.209716796875,2762.286376953125,1077.8948974609375,50.0,5778.67236328125,,50.0,465.5057373046875,201.89878845214844,2158.660888671875,,208.8047332763672,9608.2998046875,2889.867431640625,5677.18115234375,6057.15576171875,437.1893005371094,4325.083984375,1220.7667236328125,1147.808837890625,824.4531860351562,,1273.1595458984375,480.72796630859375,981.5169067382812,,931.2863159179688,192.168212890625,9637.046875,2630.11669921875,739.8660888671875,9938.814453125,5774.27294921875,
2020-02-26,,,358.27685546875,401.6790466308594,,741.6192626953125,517.3599243164062,4082.116943359375,5316.578125,2668.085693359375,2722.705810546875,1375.0584716796875,2709.16552734375,1018.83203125,50.0,5393.42724609375,,50.0,465.5057373046875,187.0805206298828,2125.193359375,,208.8047332763672,9476.9794921875,2764.6396484375,5520.02783203125,5864.865234375,421.50537109375,4384.06201171875,1188.1043701171875,1138.9454345703125,809.7307739257812,,1278.03759765625,470.04510498046875,978.2453002929688,,911.9649658203125,182.7559051513672,9464.95703125,2571.507080078125,727.109619140625,9789.2578125,5774.27294921875,
2020-02-27,,,333.9140625,382.22052001953125,,741.6192626953125,492.7237548828125,4014.64404296875,5208.921875,2585.849853515625,2607.9091796875,1340.586181640625,2602.923583984375,964.6912231445312,50.0,5348.1044921875,,50.0,465.5057373046875,172.2622833251953,2058.258056640625,,208.8047332763672,9236.2236328125,2523.817626953125,5421.806640625,5744.68359375,401.9004821777344,4334.9130859375,1163.607421875,1107.9234619140625,780.2860717773438,,1326.817626953125,459.3623046875,906.2673950195312,,884.915283203125,180.40281677246094,9357.3994140625,2542.2021484375,710.101318359375,9558.119140625,5655.6240234375,
2020-02-28,,,331.0478210449219,368.3216247558594,,718.443603515625,472.19354248046875,3727.88330078125,5208.921875,2567.575927734375,2645.796142578125,1302.28369140625,2706.473876953125,969.6131591796875,50.0,5166.81201171875,,50.0,463.20123291015625,152.8133087158203,2167.02783203125,,203.9861297607422,8995.46875,2360.058349609375,5107.4990234375,5408.17431640625,399.9399719238281,4443.03955078125,1143.1929931640625,1081.3333740234375,785.1934814453125,,1273.1595458984375,448.6794738769531,837.5611572265625,,865.5939331054688,175.6966552734375,9013.220703125,2556.8544921875,684.5887451171875,9027.869140625,5398.5498046875,
2020-03-02,,,319.5830078125,354.4226989746094,,736.9840698242188,480.4056396484375,3845.96240234375,5035.01416015625,2541.684814453125,2513.190673828125,1263.981201171875,2585.565673828125,930.2379760742188,50.0,5076.1669921875,,50.0,460.8966979980469,142.62574768066406,2108.459228515625,,205.5923309326172,8886.03515625,2408.222900390625,5245.0087890625,5287.99267578125,409.7424011230469,4275.93505859375,1192.1871337890625,1059.1749267578125,741.0263671875,,1204.867431640625,445.11846923828125,844.1045532226562,,850.1369018554688,174.91229248046875,8948.6865234375,2520.223388671875,684.5887451171875,9068.658203125,5457.875,
2020-03-03,,,326.74853515625,354.4226989746094,,750.8894653320312,505.04193115234375,3980.908203125,5233.76416015625,2560.511962890625,2588.96484375,1294.623291015625,2678.572021484375,949.9255981445312,50.0,5461.4111328125,,50.0,460.8966979980469,156.5178680419922,2091.7255859375,,207.1985321044922,9586.4130859375,2620.146484375,5598.6044921875,5840.82861328125,423.4658508300781,4344.7431640625,1220.7667236328125,1072.4700927734375,780.2860717773438,,1229.2574462890625,466.4841613769531,880.0935668945312,,915.829345703125,178.04971313476562,9400.4228515625,2652.095458984375,710.101318359375,9598.91015625,5635.849609375,
2020-03-04,,,345.3789367675781,353.03277587890625,,723.0787963867188,517.3599243164062,4031.512939453125,5333.1396484375,2616.994140625,2664.73974609375,1340.586181640625,2780.878662109375,1004.06640625,50.0,5823.9951171875,,50.0,460.8966979980469,156.5178680419922,2125.193359375,,208.8047332763672,9586.4130859375,2610.513671875,5637.89306640625,6105.22802734375,443.07073974609375,4305.423828125,1241.1810302734375,1130.08203125,785.1934814453125,,1248.76953125,484.2889404296875,932.4412841796875,,954.4718017578125,184.32460021972656,9637.046875,2805.9462890625,727.109619140625,10061.1796875,5873.14892578125,
2020-03-05,,,336.7803039550781,353.03277587890625,,732.3489990234375,517.3599243164062,4082.116943359375,5328.99951171875,2569.926025390625,2620.5380859375,1317.6046142578125,2827.38134765625,999.14453125,50.0,5891.97998046875,,50.0,483.9415283203125,155.59173583984375,2074.99169921875,,208.8047332763672,9586.4130859375,2571.98193359375,5657.537109375,6009.0830078125,439.1497802734375,4285.7646484375,1241.1810302734375,1178.830810546875,795.0083618164062,,1258.5255126953125,477.16693115234375,932.4412841796875,,950.6076049804688,180.40281677246094,9551.00390625,2805.9462890625,731.3618774414062,9802.8525390625,5853.373046875,
2020-03-06,,,332.4809875488281,337.7439880371094,,718.443603515625,500.9358215332031,3829.093505859375,5134.39013671875,2409.893798828125,2532.13427734375,1271.6417236328125,2697.173095703125,954.8474731445312,50.0,5620.04150390625,,50.0,451.6788330078125,150.96104431152344,1932.75439453125,,208.8047332763672,9586.4130859375,2475.653076171875,5461.09521484375,5768.7197265625,423.4658508300781,4098.99951171875,1208.5184326171875,1094.62841796875,795.0083618164062,,1263.403564453125,473.6060791015625,880.0935668945312,,946.7434692382812,170.2061309814453,9292.8662109375,2747.33642578125,714.3533935546875,9408.5625,5892.923828125,
2020-03-09,,,289.4877624511719,315.50567626953125,,718.443603515625,455.7694396972656,3390.51904296875,4790.71630859375,2127.484130859375,2367.9560546875,1110.7713623046875,2446.05712890625,831.8001098632812,50.0,5257.45947265625,,50.0,458.1313781738281,152.8133087158203,1757.0496826171875,,207.1985321044922,9083.0166015625,2148.134765625,5009.2783203125,5071.66650390625,392.0980224609375,3754.95849609375,1102.36474609375,1010.42626953125,745.9337768554688,,1214.62353515625,381.0213928222656,765.5831909179688,,854.0010986328125,148.24403381347656,8195.7939453125,2564.180908203125,654.823974609375,8592.791015625,5556.74951171875,
2020-03-10,,,295.2201843261719,301.6067810058594,,709.17333984375,472.19354248046875,3474.860107421875,4906.65380859375,2136.897705078125,2468.9892578125,1149.07373046875,2557.6640625,812.112548828125,50.0,5325.44287109375,,50.0,460.8966979980469,153.7394561767578,1782.150390625,,207.1985321044922,9433.2060546875,2234.830810546875,5303.94189453125,5456.2470703125,403.8609313964844,3735.299560546875,1122.77880859375,1023.721435546875,726.303955078125,,1190.2333984375,384.5823059082031,788.4853515625,,892.6437377929688,146.67532348632812,8174.28173828125,2556.8544921875,659.076171875,8987.080078125,5616.07470703125,
2020-03-11,,,276.5897521972656,277.97857666015625,,699.9031372070312,443.45135498046875,3457.9921875,4844.544921875,2080.416015625,2468.9892578125,1141.413330078125,2539.06298828125,772.7373657226562,50.0,5348.1044921875,,50.0,460.8966979980469,146.330322265625,1669.197265625,,205.5923309326172,9586.4130859375,2099.97021484375,5343.22998046875,5143.775390625,371.5129089355469,3548.534423828125,1114.6134033203125,988.2678833007812,706.6741333007812,,1214.62353515625,377.46044921875,736.1378173828125,,850.1369018554688,143.53790283203125,7808.59033203125,2490.91845703125,650.5718994140625,8864.7138671875,5774.27294921875,
2020-03-12,,,237.89590454101562,257.1301574707031,,695.2679443359375,402.3910827636719,3312.925048828125,4604.38720703125,1892.14306640625,2279.55224609375,999.6942749023438,2390.25341796875,689.065185546875,50.0,4940.19775390625,,50.0,460.8966979980469,138.92120361328125,1560.427490234375,,202.37994384765625,9214.337890625,1859.1480712890625,5225.3642578125,4711.12109375,336.2240295410156,3263.47216796875,979.8798217773438,926.2240600585938,637.9697265625,,1097.5513916015625,340.4266357421875,657.6163940429688,,796.0372314453125,129.41941833496094,6905.11669921875,2424.982666015625,612.3029174804688,8266.482421875,5714.94873046875,
2020-03-13,,,237.89590454101562,257.1301574707031,,662.8221435546875,392.5365905761719,3312.925048828125,4604.38720703125,1892.14306640625,2349.01220703125,1022.6755981445312,2362.3515625,689.065185546875,50.0,4940.19775390625,,50.0,460.8966979980469,148.18260192871094,1506.0426025390625,,199.16757202148438,9608.2998046875,1859.1480712890625,5421.806640625,4711.12109375,336.2240295410156,3135.685546875,979.8798217773438,926.2240600585938,637.9697265625,,1097.5513916015625,340.4266357421875,641.2577514648438,,796.0372314453125,127.85070037841797,6905.11669921875,2424.982666015625,650.5718994140625,8266.482421875,5714.94873046875,
2020-03-16,,,237.89590454101562,233.5019989013672,,662.8221435546875,366.25799560546875,3097.01123046875,4604.38720703125,1822.48193359375,2210.09228515625,953.7311401367188,2362.3515625,600.4710693359375,50.0,4940.19775390625,,50.0,474.7236633300781,137.99505615234375,1401.456298828125,,195.95518493652344,9104.9033203125,1714.6546630859375,5048.56640625,4355.3837890625,309.7574157714844,2929.2607421875,979.8798217773438,886.3388671875,613.4324340820312,,1097.5513916015625,304.8171081542969,598.7254028320312,,796.0372314453125,119.22271728515625,6066.17724609375,2315.0888671875,608.0508422851562,7899.3857421875,5517.19970703125,
2020-03-17,,,207.8006134033203,236.2817840576172,,662.8221435546875,341.6217956542969,2881.09814453125,4240.01220703125,1698.2218017578125,2058.543212890625,888.6170043945312,2055.431884765625,561.0958862304688,50.0,4369.12939453125,,50.0,460.8966979980469,133.36434936523438,1317.7872314453125,,194.34898376464844,8535.8466796875,1599.0599365234375,4812.83544921875,4057.3330078125,288.1920166015625,2732.66650390625,820.6493530273438,881.9071044921875,574.1727294921875,,1043.893310546875,284.8758544921875,559.4647216796875,,660.7882690429688,111.3791275024414,5657.46337890625,2153.91162109375,565.5297241210938,7355.5380859375,5141.47705078125,
2020-03-18,,,197.76885986328125,221.6879425048828,,662.8221435546875,318.6280212402344,2800.130126953125,4140.63623046875,1581.49267578125,1982.7681884765625,827.3331298828125,1915.9227294921875,526.6426391601562,50.0,4069.998046875,,50.0,460.8966979980469,124.10292053222656,1267.5858154296875,,194.34898376464844,8163.77099609375,1488.28173828125,4773.54736328125,3778.51123046875,268.587158203125,2545.901611328125,763.4896850585938,926.2240600585938,534.9130249023438,,1073.1612548828125,264.93450927734375,523.4757080078125,,616.3492431640625,105.88860321044922,5420.83935546875,2058.6708984375,535.76513671875,7287.5576171875,4785.5283203125,
2020-03-19,,,184.87088012695312,236.2817840576172,,648.9168701171875,297.2766418457031,2604.458251953125,3850.792236328125,1472.29443359375,1850.162841796875,769.8794555664062,1781.994384765625,490.22064208984375,50.0,3788.99609375,,50.0,460.8966979980469,115.76765441894531,1179.7333984375,,181.49948120117188,7747.9228515625,1387.1363525390625,4439.595703125,3518.919189453125,249.96250915527344,2368.96630859375,710.4127807617188,864.1803588867188,500.5608215332031,,1009.7472534179688,246.4176025390625,487.4868469238281,,573.8424072265625,99.61373138427734,5055.14794921875,1919.4725341796875,510.2524108886719,6852.47900390625,4469.1298828125,
2020-03-20,,,213.53302001953125,222.38284301757812,,648.9168701171875,307.1311340332031,2550.479736328125,3921.18359375,1370.6270751953125,1774.388427734375,723.9164428710938,1659.2265625,516.7989501953125,50.0,3816.189453125,,50.0,460.8966979980469,116.69379425048828,1334.5208740234375,,173.46853637695312,7857.35693359375,1454.566650390625,4518.17236328125,3336.242919921875,269.5674133300781,2683.517822265625,681.8330078125,868.6121215820312,467.19012451171875,,946.3331298828125,233.5981903076172,454.76953125,,695.5665283203125,117.65400695800781,6066.17724609375,2109.95458984375,535.76513671875,8076.1357421875,4923.95263671875,
2020-03-23,,,222.1316680908203,207.7889404296875,,611.8357543945312,285.7797546386719,2375.050048828125,3668.603515625,1276.4906005859375,1654.411865234375,675.535888671875,1543.8990478515625,482.3456115722656,50.0,3553.31689453125,,50.0,460.8966979980469,111.13694763183594,1242.485107421875,,178.287109375,7310.18701171875,1396.769287109375,4203.8642578125,3105.493896484375,250.94273376464844,2516.412109375,636.9218139648438,811.0000610351562,435.7823791503906,,882.9190673828125,222.2031707763672,425.32403564453125,,647.2633666992188,109.81040954589844,5657.46337890625,1963.4300537109375,501.7482604980469,7518.69189453125,4587.77880859375,
2020-03-24,,,243.6282958984375,239.75648498535156,,579.3900756835938,298.9190979003906,2213.115234375,3726.5732421875,1189.885009765625,1540.7501220703125,629.4766235351562,1436.0120849609375,448.8767395019531,50.0,3471.73583984375,,50.0,460.8966979980469,109.28466796875,1179.7333984375,,167.0437774658203,7266.4140625,1546.0791015625,3968.1337890625,2980.50537109375,235.25880432128906,2614.709228515625,673.6674194335938,766.68310546875,435.7823791503906,,936.5771484375,259.2370300292969,395.8785095214844,,691.7023315429688,112.16350555419922,5270.26025390625,1919.4725341796875,535.76513671875,7600.2685546875,4488.90478515625,
2020-03-26,,,276.5897521972656,264.07958984375,,648.9168701171875,341.6217956542969,2442.5234375,4372.51220703125,1351.7998046875,1856.4776611328125,629.4766235351562,1662.94677734375,536.4864501953125,50.0,3816.189453125,,50.0,460.8966979980469,112.98922729492188,1472.574951171875,,167.0437774658203,8316.98046875,1820.616455078125,4694.97021484375,3499.68994140625,262.7056884765625,3007.89892578125,767.5724487304688,842.0219116210938,435.7823791503906,,1043.893310546875,291.9977111816406,444.954345703125,,780.5801391601562,117.65400695800781,5851.064453125,2183.216796875,578.2860717773438,8171.31005859375,5359.0,
2020-03-27,,,283.75537109375,286.3179626464844,,662.8221435546875,377.7548828125,2752.89892578125,4562.98193359375,1502.4180908203125,2039.5992431640625,683.2124633789062,1837.798095703125,610.3148193359375,50.0,4450.71142578125,,50.0,460.8966979980469,125.9552230834961,1506.0426025390625,,183.10565185546875,8732.828125,1926.5782470703125,5343.22998046875,4009.26025390625,274.4685974121094,3106.1962890625,824.732177734375,895.2022705078125,463.26416015625,,1048.771240234375,279.17828369140625,497.30194091796875,,788.3087768554688,120.00709533691406,6862.09423828125,2263.805419921875,578.2860717773438,8429.6357421875,5378.775390625,
2020-03-30,,,265.1249084472656,266.8594055175781,,648.9168701171875,354.7611083984375,2563.974609375,4550.5595703125,1400.750732421875,1900.67919921875,637.1531372070312,1711.3099365234375,590.6272583007812,50.0,4151.57861328125,,50.0,460.8966979980469,125.02906799316406,1506.0426025390625,,183.10565185546875,8448.30078125,1945.843994140625,4989.6337890625,3730.4384765625,279.369873046875,2889.942626953125,767.5724487304688,926.2240600585938,443.6343078613281,,1009.7472534179688,264.93450927734375,477.671630859375,,734.2091674804688,112.16350555419922,6388.8466796875,2300.436279296875,540.0172119140625,7845.0009765625,5082.15185546875,
2020-03-31,,,283.75537109375,274.5038146972656,,741.6192626953125,369.5428161621094,2631.447509765625,4575.40380859375,1438.4053955078125,1906.994140625,644.8297119140625,1741.07177734375,713.6746826171875,50.0,4477.904296875,,50.0,460.8966979980469,125.02906799316406,1673.380615234375,,208.8047332763672,8951.6962890625,2080.70458984375,4989.6337890625,3855.427490234375,304.856201171875,3184.834716796875,775.7381591796875,1063.6065673828125,463.26416015625,,990.2352294921875,274.9051818847656,507.1171569824219,,842.4083862304688,121.5758285522461,6560.93701171875,2315.0888671875,574.0340576171875,9191.0234375,5734.72412109375,
2020-04-01,,,292.35394287109375,268.2492980957031,,699.9031372070312,358.0459289550781,2543.732666015625,4538.13818359375,1385.68896484375,1850.162841796875,640.991455078125,1715.0301513671875,733.3622436523438,50.0,4305.677734375,,50.0,460.8966979980469,125.02906799316406,1631.546142578125,,203.9861297607422,8886.03515625,1955.4769287109375,4989.6337890625,3845.81298828125,303.8759765625,3184.834716796875,751.2412109375,1032.5848388671875,461.3011474609375,,1014.625244140625,266.3589172363281,480.943359375,,792.1730346679688,118.4383773803711,6625.47021484375,2271.13134765625,557.025634765625,9041.4658203125,5655.6240234375,
2020-04-02,,,298.08636474609375,266.8594055175781,,736.9840698242188,371.1851806640625,2651.689697265625,4480.1689453125,1449.70166015625,1812.275634765625,648.6680297851562,1767.11328125,817.0343627929688,50.0,4432.58154296875,,50.0,460.8966979980469,134.2904815673828,1715.215087890625,,205.5923309326172,8929.8095703125,2128.868896484375,5343.22998046875,4047.71875,340.14501953125,3204.49365234375,787.9866943359375,1138.9454345703125,445.5972900390625,,1024.3812255859375,307.6659240722656,523.4757080078125,,784.4445190429688,124.7132568359375,6453.38037109375,2293.110107421875,565.5297241210938,9191.0234375,5714.94873046875,
2020-04-03,,,315.28369140625,273.1139831542969,,736.9840698242188,381.0397033691406,2631.447509765625,4550.5595703125,1509.9490966796875,1824.90478515625,706.2420654296875,1869.4200439453125,984.3787841796875,50.0,4396.32275390625,,50.0,460.8966979980469,147.25645446777344,1798.8841552734375,,205.5923309326172,8754.71484375,2234.830810546875,5186.076171875,4336.154296875,381.3153381347656,3233.9833984375,792.0693969726562,1107.9234619140625,449.5232849121094,,1053.6492919921875,341.8509826660156,523.4757080078125,,815.3585815429688,123.92889404296875,6625.47021484375,2344.3935546875,561.2777099609375,9326.9853515625,5616.07470703125,
2020-04-06,,,329.61480712890625,298.826904296875,,736.9840698242188,443.45135498046875,2719.16259765625,4749.31005859375,1615.3819580078125,1906.994140625,771.49267578125,1934.524169921875,984.3787841796875,50.0,4387.25830078125,,50.0,460.8966979980469,150.96104431152344,1991.3228759765625,,208.8047332763672,8973.5830078125,2369.69140625,5284.296875,4831.302734375,427.3868103027344,3391.259033203125,808.4007568359375,1125.650390625,554.5429077148438,,1063.4052734375,359.6557312011719,585.6385498046875,,834.6798706054688,132.55685424804688,6991.16064453125,2439.634521484375,608.0508422851562,9789.2578125,5774.27294921875,
2020-04-07,,,326.74853515625,298.826904296875,,750.8894653320312,455.7694396972656,2739.404541015625,4683.06005859375,1622.912841796875,1913.3079833984375,775.3308715820312,1906.62255859375,969.6131591796875,50.0,4423.51708984375,,50.0,459.9749450683594,147.25645446777344,1907.6539306640625,,205.5923309326172,8820.3759765625,2225.19775390625,5127.14306640625,5047.62939453125,403.8609313964844,3243.8125,800.2351684570312,1090.1968994140625,593.8025512695312,,1209.7454833984375,359.6557312011719,598.7254028320312,,811.4943237304688,133.34121704101562,6969.64990234375,2359.04638671875,612.3029174804688,9571.716796875,5754.49951171875,
2020-04-08,,,305.2519226074219,277.97857666015625,,750.8894653320312,427.0272521972656,2597.711669921875,4666.49853515625,1509.9490966796875,1780.7027587890625,721.5951538085938,1774.5537109375,910.5503540039062,50.0,4115.32080078125,,50.0,460.8966979980469,138.92120361328125,1849.085693359375,,208.8047332763672,8404.5263671875,2128.868896484375,4911.056640625,4879.37451171875,376.4140930175781,3155.344970703125,747.1583862304688,1014.8578491210938,554.5429077148438,,1175.5994873046875,334.7291259765625,559.4647216796875,,770.919677734375,124.7132568359375,6819.07177734375,2278.4580078125,582.5381469726562,9517.3310546875,5635.849609375,
2020-04-09,,,298.08636474609375,273.8089294433594,,764.7947998046875,427.0272521972656,2759.646484375,4633.37255859375,1502.4180908203125,1761.75927734375,706.2420654296875,1737.3514404296875,930.2379760742188,50.0,3961.22314453125,,50.0,460.8966979980469,139.8473358154297,1798.8841552734375,,205.5923309326172,8842.2626953125,2186.666259765625,5009.2783203125,4720.7353515625,383.27581787109375,3037.38818359375,751.2412109375,1010.42626953125,534.9130249023438,,1180.4774169921875,366.7776184082031,546.3778076171875,,765.1231689453125,130.20376586914062,6969.64990234375,2285.7841796875,595.29443359375,9313.390625,5734.72412109375,
2020-04-13,,,298.08636474609375,280.7583312988281,,769.4299926757812,439.3453369140625,2671.931640625,4554.70068359375,1502.4180908203125,1749.1302490234375,706.2420654296875,1662.94677734375,890.8628540039062,50.0,3915.900146484375,,50.0,458.1313781738281,138.92120361328125,1815.617919921875,,200.77374267578125,8929.8095703125,2282.995361328125,5028.92236328125,4672.66259765625,390.13751220703125,3047.218505859375,718.5784301757812,974.9727172851562,520.190673828125,,1229.2574462890625,347.54852294921875,543.1060791015625,,772.8517456054688,127.06632232666016,6625.47021484375,2329.741455078125,629.3114013671875,9544.5234375,5616.07470703125,
2020-04-14,,,309.5512390136719,286.3179626464844,,769.4299926757812,455.7694396972656,2671.931640625,4567.1220703125,1562.66552734375,1831.218994140625,759.977783203125,1700.1488037109375,969.6131591796875,50.0,4205.9677734375,,50.0,474.7236633300781,140.7734832763672,1899.286865234375,,203.9861297607422,9061.12890625,2417.855712890625,5068.2109375,5384.138671875,405.8214416503906,3135.685546875,824.732177734375,1050.3115234375,520.190673828125,,1273.1595458984375,347.54852294921875,588.91015625,,803.7658081054688,128.63504028320312,6582.4482421875,2373.69873046875,676.08447265625,9925.2177734375,5655.6240234375,
2020-04-15,,,299.51947021484375,268.2492980957031,,778.7001342773438,431.1332702636719,2577.46923828125,4542.2783203125,1581.49267578125,1742.815673828125,736.9482421875,1636.905029296875,979.4569702148438,50.0,4033.73974609375,,50.0,456.2877502441406,137.06890869140625,1865.8193359375,,202.37994384765625,8907.921875,2369.69140625,5048.56640625,5047.62939453125,389.1572570800781,3106.1962890625,771.6553344726562,1072.4700927734375,593.8025512695312,,1253.6475830078125,324.7584533691406,549.6494750976562,,757.3947143554688,131.77249145507812,6130.71142578125,2278.4580078125,684.5887451171875,9639.6982421875,5517.19970703125,
2020-04-16,,,279.4559631347656,255.04530334472656,,769.4299926757812,414.7091369628906,2442.5234375,4339.38818359375,1498.652587890625,1648.097412109375,690.8889770507812,1566.220458984375,954.8474731445312,50.0,3752.73779296875,,50.0,456.2877502441406,131.51206970214844,1773.783447265625,,189.53041076660156,8667.16796875,2205.931884765625,4753.9033203125,4879.37451171875,368.57208251953125,2968.57958984375,730.8270263671875,1014.8578491210938,574.1727294921875,,1248.76953125,303.39276123046875,526.7474975585938,,736.1411743164062,128.63504028320312,5721.99755859375,2197.869140625,688.8406372070312,9041.4658203125,5260.12646484375,
2020-04-17,,,296.6533203125,261.2998962402344,,787.9703979492188,427.0272521972656,2563.974609375,4492.5908203125,1566.4310302734375,1787.017578125,736.9482421875,1629.464599609375,974.5350952148438,50.0,3843.38330078125,,50.0,451.6788330078125,128.733642578125,2008.0570068359375,,197.56137084960938,8929.8095703125,2408.222900390625,4911.056640625,4999.556640625,399.9399719238281,3027.558349609375,759.4067993164062,1059.1749267578125,637.9697265625,,1248.76953125,317.63653564453125,546.3778076171875,,765.1231689453125,134.1255645751953,5571.41796875,2366.37255859375,748.3702392578125,9422.1591796875,5438.1005859375,
2020-04-20,,,282.3221740722656,259.2149658203125,,787.9703979492188,410.6031494140625,2509.99609375,4434.6220703125,1543.8382568359375,1755.4449462890625,702.40380859375,1625.744384765625,949.9255981445312,50.0,3671.156494140625,,50.0,441.5390625,126.88136291503906,1966.2220458984375,,200.77374267578125,8820.3759765625,2417.855712890625,4891.4130859375,4879.37451171875,385.2362976074219,2948.92041015625,747.1583862304688,1063.6065673828125,628.15478515625,,1239.0135498046875,311.93902587890625,526.7474975585938,,747.7340698242188,130.9881134033203,5420.83935546875,2285.7841796875,756.8746337890625,9408.5625,5536.974609375,
2020-04-21,,,266.5580139160156,246.70596313476562,,787.9703979492188,395.8214111328125,2456.017578125,4347.0078125,1517.47998046875,1717.55712890625,675.535888671875,1618.303955078125,999.14453125,50.0,3571.446044921875,,50.0,446.14801025390625,121.32450103759766,1924.3875732421875,,195.95518493652344,8732.828125,2340.79248046875,4930.70166015625,4797.65185546875,373.4733581542969,2811.304443359375,706.3300170898438,1072.4700927734375,598.7100219726562,,1243.8914794921875,290.5733337402344,500.57366943359375,,705.2271728515625,122.36016082763672,5076.65966796875,2249.15283203125,752.622314453125,8919.099609375,5477.650390625,
2020-04-22,,,253.6600341796875,287.70782470703125,,806.5108642578125,404.0334777832031,2456.017578125,4334.37060546875,1513.714599609375,1761.75927734375,690.8889770507812,1670.3870849609375,1191.0985107421875,50.0,3725.544189453125,,50.0,456.2877502441406,125.9552230834961,2141.927490234375,,191.1365966796875,8776.6015625,2302.260986328125,4950.34521484375,4903.41162109375,413.66339111328125,2722.8369140625,734.9097900390625,1107.9234619140625,633.062255859375,,1253.6475830078125,282.0270690917969,500.57366943359375,,716.8199462890625,117.65400695800781,5937.10986328125,2315.0888671875,752.622314453125,8837.5234375,5616.07470703125,
2020-04-23,,,259.3924255371094,297.4370422363281,,797.2406005859375,408.9607238769531,2536.9853515625,4313.31005859375,1513.714599609375,1768.07373046875,675.535888671875,1674.107421875,1260.0050048828125,50.0,3906.83544921875,,50.0,456.2877502441406,137.99505615234375,2016.423583984375,,195.95518493652344,8886.03515625,2302.260986328125,5127.14306640625,4951.484375,397.9794616699219,2742.495849609375,759.4067993164062,1121.21875,618.33984375,,1239.0135498046875,293.4220886230469,503.8453674316406,,730.3448486328125,127.85070037841797,5937.10986328125,2249.15283203125,748.3702392578125,8810.3310546875,5932.47314453125,
2020-04-24,,,250.79379272460938,282.1482238769531,,769.4299926757812,405.6759033203125,2449.270263671875,4144.82177734375,1430.87451171875,1660.7264404296875,637.1531372070312,1592.26220703125,1220.629638671875,50.0,3698.35009765625,,50.0,456.2877502441406,134.2904815673828,1991.3228759765625,,183.10565185546875,8667.16796875,2263.7294921875,4969.9892578125,4759.19384765625,392.0980224609375,2713.006591796875,730.8270263671875,1112.355224609375,603.6174926757812,,1239.0135498046875,291.9977111816406,503.8453674316406,,714.8878173828125,122.36016082763672,5765.02001953125,2263.805419921875,752.622314453125,8823.9267578125,5932.47314453125,
2020-04-27,,,257.9593811035156,284.9280090332031,,778.7001342773438,414.7091369628906,2503.2490234375,4178.5185546875,1430.87451171875,1679.6702880859375,629.4766235351562,1543.8990478515625,1196.0203857421875,50.0,3734.608642578125,,50.0,456.2877502441406,136.1427764892578,2074.99169921875,,189.53041076660156,8689.0546875,2302.260986328125,4950.34521484375,5023.59375,405.8214416503906,2791.64501953125,751.2412109375,1178.830810546875,593.8025512695312,,1219.50146484375,293.4220886230469,513.6605834960938,,705.2271728515625,123.92889404296875,6152.22265625,2307.7626953125,735.6139526367188,8919.099609375,5932.47314453125,
2020-04-28,,,255.09315490722656,315.50567626953125,,783.3353271484375,404.0334777832031,2523.49072265625,4069.001953125,1438.4053955078125,1635.4683837890625,640.991455078125,1543.8990478515625,1328.9114990234375,50.0,3897.771484375,,50.0,553.0761108398438,137.06890869140625,2133.560302734375,,191.1365966796875,8776.6015625,2263.7294921875,5087.85498046875,4975.52099609375,399.9399719238281,2713.006591796875,755.3240356445312,1280.7596435546875,598.7100219726562,,1209.7454833984375,287.724609375,510.3888854980469,,687.8380737304688,125.49761962890625,5980.1318359375,2315.0888671875,748.3702392578125,8456.830078125,6209.32177734375,
2020-04-29,,,253.6600341796875,311.3359680175781,,732.3489990234375,408.9607238769531,2489.75439453125,4085.850830078125,1415.8125,1629.15380859375,633.3148803710938,1488.0955810546875,1412.5836181640625,50.0,3961.22314453125,,50.0,516.204345703125,139.8473358154297,2167.02783203125,,192.7427978515625,8754.71484375,2292.62841796875,5245.0087890625,5263.95654296875,441.11029052734375,2722.8369140625,763.4896850585938,1302.91796875,618.33984375,,1219.50146484375,289.1489562988281,516.9322509765625,,691.7023315429688,128.63504028320312,6324.3125,2454.287353515625,765.3786010742188,8484.0224609375,6327.97119140625,
2020-04-30,,,263.69183349609375,333.57427978515625,,806.5108642578125,418.815185546875,2597.711669921875,4355.4326171875,1543.8382568359375,1723.8721923828125,675.535888671875,1659.2265625,1427.349365234375,50.0,4169.70849609375,,50.0,516.204345703125,138.92120361328125,2125.193359375,,191.1365966796875,8645.28125,2475.653076171875,5127.14306640625,5336.06591796875,421.50537109375,2830.963623046875,796.1522827148438,1276.327880859375,642.877197265625,,1199.989501953125,320.48529052734375,559.4647216796875,,724.5484619140625,138.04737854003906,6840.5830078125,2564.180908203125,765.3786010742188,8864.7138671875,6545.494140625,
2020-05-04,,,255.09315490722656,316.89556884765625,,806.5108642578125,405.6759033203125,2435.77587890625,4397.55517578125,1476.0596923828125,1660.7264404296875,667.859375,1595.982421875,1363.36474609375,50.0,3897.771484375,,50.0,516.204345703125,136.1427764892578,2049.89111328125,,183.10565185546875,8492.07421875,2552.71630859375,5186.076171875,5071.66650390625,421.50537109375,2752.326171875,759.4067993164062,1223.147705078125,613.4324340820312,,1199.989501953125,321.90972900390625,536.5626220703125,,701.3629760742188,128.63504028320312,6474.89208984375,2432.30859375,765.3786010742188,8443.2353515625,6268.646484375,
2020-05-05,,,259.3924255371094,325.23492431640625,,815.7811889648438,410.6031494140625,2435.77587890625,4452.3134765625,1445.936279296875,1660.7264404296875,671.6976318359375,1569.9405517578125,1358.4427490234375,50.0,3897.771484375,,50.0,516.204345703125,138.92120361328125,2024.7904052734375,,176.680908203125,8535.8466796875,2600.880615234375,5127.14306640625,5023.59375,421.50537109375,3007.89892578125,767.5724487304688,1205.4208984375,687.0443115234375,,1204.867431640625,353.24603271484375,533.2908935546875,,701.3629760742188,123.14451599121094,6453.38037109375,2432.30859375,761.1265869140625,8266.482421875,6565.2705078125,
2020-05-06,,,272.2904357910156,340.52374267578125,,815.7811889648438,410.6031494140625,2456.017578125,4511.28466796875,1442.1707763671875,1654.411865234375,671.6976318359375,1547.619384765625,1264.9268798828125,50.0,3888.706298828125,,50.0,481.63714599609375,138.92120361328125,1941.12158203125,,168.6499481201172,8470.1865234375,2726.108154296875,5107.4990234375,4975.52099609375,411.70294189453125,3086.536865234375,747.1583862304688,1245.30615234375,687.0443115234375,,1180.4774169921875,346.1241149902344,533.2908935546875,,732.2770385742188,127.06632232666016,6410.35791015625,2373.69873046875,748.3702392578125,8320.8671875,6407.0712890625,
2020-05-08,,,293.7870788574219,344.6934509277344,,787.9703979492188,439.3453369140625,2523.49072265625,4418.61572265625,1430.87451171875,1635.4683837890625,648.6680297851562,1562.500244140625,1191.0985107421875,50.0,3961.22314453125,,50.0,447.99163818359375,141.69960021972656,1991.3228759765625,,173.46853637695312,8426.4140625,2976.5634765625,5205.72021484375,4903.41162109375,401.9004821777344,3096.3671875,751.2412109375,1240.874267578125,682.1368408203125,,1190.2333984375,348.9729309082031,562.7363891601562,,796.0372314453125,123.92889404296875,6410.35791015625,2337.06787109375,752.622314453125,8606.388671875,6367.5205078125,
2020-05-11,,,295.2201843261719,350.25299072265625,,783.3353271484375,435.2393493652344,2644.942138671875,4460.73779296875,1430.87451171875,1654.411865234375,660.1828002929688,1573.660888671875,1200.942138671875,50.0,4079.062744140625,,50.0,416.6506652832031,142.62574768066406,2008.0570068359375,,175.07472229003906,8535.8466796875,2889.867431640625,5127.14306640625,4951.484375,413.66339111328125,3066.87744140625,755.3240356445312,1227.579345703125,726.303955078125,,1180.4774169921875,341.8509826660156,585.6385498046875,,792.1730346679688,125.49761962890625,6883.60546875,2359.04638671875,748.3702392578125,8552.0029296875,6387.29541015625,
2020-05-12,,,288.0546569824219,341.9136657714844,,778.7001342773438,422.9212341308594,2577.46923828125,4397.55517578125,1378.157958984375,1572.322509765625,633.3148803710938,1491.8157958984375,1240.3173828125,50.0,4205.9677734375,,50.0,402.8237609863281,139.8473358154297,1916.0206298828125,,175.07472229003906,8535.8466796875,2822.43701171875,4969.9892578125,5071.66650390625,392.0980224609375,3027.558349609375,734.9097900390625,1227.579345703125,716.489013671875,,1146.3314208984375,333.3047180175781,559.4647216796875,,768.9874877929688,123.14451599121094,6969.64990234375,2307.7626953125,748.3702392578125,8429.6357421875,6466.3955078125,
2020-05-13,,,286.62152099609375,337.6574401855469,,741.6192626953125,439.3453369140625,2516.743408203125,4304.88623046875,1400.750732421875,1559.6937255859375,598.7705078125,1491.8157958984375,1156.64501953125,50.0,4169.70849609375,,50.0,375.1699523925781,137.06890869140625,2008.0570068359375,,175.07472229003906,8448.30078125,2860.96875,4969.9892578125,5095.7021484375,391.1177978515625,3007.89892578125,726.7442016601562,1240.874267578125,696.8592529296875,,1151.2093505859375,339.0022277832031,559.4647216796875,,736.1411743164062,124.7132568359375,7077.2060546875,2315.0888671875,727.109619140625,8307.26953125,6525.72021484375,
2020-05-14,,,270.8573913574219,319.21392822265625,,829.6864624023438,422.9212341308594,2408.786376953125,4144.82177734375,1332.9725341796875,1483.9189453125,571.9025268554688,1469.4942626953125,1132.03564453125,50.0,4351.0,,50.0,414.80706787109375,130.58592224121094,1966.2220458984375,,175.07472229003906,8513.9609375,2880.234619140625,5166.431640625,4831.302734375,382.2955627441406,2958.75,726.7442016601562,1240.874267578125,687.0443115234375,,1199.989501953125,326.182861328125,530.0191650390625,,720.684326171875,125.49761962890625,7378.36474609375,2249.15283203125,718.6055908203125,8157.71142578125,6565.2705078125,
2020-05-15,,,265.1249084472656,317.79522705078125,,834.3216552734375,427.0272521972656,2503.2490234375,4031.09130859375,1257.663330078125,1414.4591064453125,571.9025268554688,1398.809814453125,1205.864013671875,50.0,4496.03369140625,,50.0,386.2314758300781,130.58592224121094,2058.258056640625,,181.49948120117188,8492.07421875,2783.905517578125,5166.431640625,4903.41162109375,396.01898193359375,2909.601806640625,726.7442016601562,1240.874267578125,687.0443115234375,,1282.91552734375,334.7291259765625,516.9322509765625,,701.3629760742188,125.49761962890625,7335.341796875,2271.13134765625,747.1537475585938,7749.82861328125,6782.7939453125,
2020-05-18,,,292.35394287109375,317.79522705078125,,825.0513305664062,431.1332702636719,2638.19482421875,4014.2431640625,1253.8978271484375,1370.2572021484375,583.4173583984375,1383.9287109375,1151.72314453125,50.0,4360.064453125,,50.0,400.98016357421875,127.80750274658203,2100.092529296875,,183.10565185546875,8513.9609375,2793.53857421875,5107.4990234375,4807.26611328125,397.9794616699219,3037.38818359375,734.9097900390625,1240.874267578125,687.0443115234375,,1360.963623046875,346.1241149902344,546.3778076171875,,734.2091674804688,130.9881134033203,7399.87548828125,2359.04638671875,773.21728515625,7695.44189453125,6703.69482421875,
2020-05-19,,,288.0546569824219,323.47015380859375,,843.5918579101562,431.1332702636719,2665.18408203125,3942.634765625,1325.441650390625,1496.5482177734375,583.4173583984375,1436.0120849609375,1151.72314453125,50.0,4450.71142578125,,50.0,402.8237609863281,131.51206970214844,2074.99169921875,,192.7427978515625,8667.16796875,2841.702880859375,5303.94189453125,4807.26611328125,392.0980224609375,3086.536865234375,734.9097900390625,1232.010986328125,701.7667236328125,,1312.18359375,343.275390625,549.6494750976562,,740.0055541992188,128.63504028320312,7313.83056640625,2395.677490234375,794.9367065429688,7885.7900390625,6525.72021484375,
2020-05-20,,,280.88909912109375,313.53900146484375,,843.5918579101562,427.0272521972656,2678.678466796875,4014.2431640625,1355.5650634765625,1566.00830078125,591.0938720703125,1514.136962890625,1205.864013671875,50.0,4251.2900390625,,50.0,398.21478271484375,136.1427764892578,2008.0570068359375,,187.9242401123047,8404.5263671875,2851.3359375,5048.56640625,4701.50634765625,387.1968078613281,3017.728759765625,730.8270263671875,1187.694091796875,687.0443115234375,,1317.0616455078125,327.607177734375,543.1060791015625,,741.9376831054688,126.2819595336914,7335.341796875,2329.741455078125,799.28076171875,7940.1748046875,6367.5205078125,
2020-05-26,,,286.62152099609375,337.6574401855469,,852.8621215820312,435.2393493652344,2921.58203125,4186.9443359375,1366.8616943359375,1591.266357421875,587.255615234375,1525.2979736328125,1245.2391357421875,50.0,4405.3876953125,,50.0,414.80706787109375,137.99505615234375,2033.157470703125,,194.34898376464844,7835.47021484375,2928.39892578125,4714.6142578125,4927.4482421875,413.66339111328125,3184.834716796875,730.8270263671875,1174.39892578125,667.4144897460938,,1312.18359375,331.8803405761719,582.3667602539062,,788.3087768554688,129.41941833496094,7378.36474609375,2381.025146484375,807.9686279296875,8198.501953125,6446.6201171875,
2020-05-27,,,286.62152099609375,343.3323059082031,,848.2269287109375,427.0272521972656,2935.075927734375,4182.732421875,1366.8616943359375,1660.7264404296875,598.7705078125,1529.0181884765625,1250.1610107421875,50.0,4600.2763671875,,50.0,459.9749450683594,138.92120361328125,2200.49560546875,,194.34898376464844,7288.2998046875,2803.171142578125,4400.306640625,4855.3388671875,413.66339111328125,3224.153076171875,730.8270263671875,1169.96728515625,687.0443115234375,,1248.76953125,324.7584533691406,579.0950317382812,,807.6300659179688,147.45970153808594,7959.16943359375,2322.4150390625,825.3442993164062,8130.52099609375,6486.169921875,
2020-05-28,,,295.2201843261719,350.426025390625,,856.1107177734375,431.1332702636719,3063.274658203125,4460.73779296875,1378.157958984375,1723.8721923828125,621.8001098632812,1595.982421875,1255.0831298828125,50.0,4713.58349609375,,50.0,428.63397216796875,138.92120361328125,2083.35888671875,,189.53041076660156,7288.2998046875,2726.108154296875,4459.23876953125,4903.41162109375,401.9004821777344,3224.153076171875,751.2412109375,1200.9891357421875,726.303955078125,,1219.50146484375,319.0609130859375,579.0950317382812,,807.6300659179688,149.81275939941406,8260.326171875,2293.110107421875,803.6246948242188,8212.0986328125,6347.7451171875,
2020-05-29,,,315.28369140625,333.4012451171875,,856.1107177734375,439.3453369140625,3218.462646484375,4372.2802734375,1442.1707763671875,1862.7921142578125,583.4173583984375,1662.94677734375,1328.9114990234375,50.0,5234.796875,,50.0,459.9749450683594,137.06890869140625,2167.02783203125,,189.53041076660156,7135.0927734375,2677.94384765625,4518.17236328125,5047.62939453125,396.01898193359375,3184.834716796875,734.9097900390625,1254.16943359375,711.5816040039062,,1268.281494140625,313.3634338378906,590.4649047851562,,751.5982055664062,156.87200927734375,8432.416015625,2307.7626953125,829.6881713867188,8538.40625,6130.2216796875,
2020-06-02,,,328.1816711425781,346.1698303222656,,846.7029418945312,455.7694396972656,3191.4736328125,4515.49609375,1494.8873291015625,2008.0267333984375,710.0803833007812,1718.750244140625,1319.0677490234375,50.0,5257.45947265625,,50.0,460.8966979980469,137.99505615234375,2167.02783203125,,192.7427978515625,7419.6201171875,2822.43701171875,4734.2587890625,5528.3564453125,405.8214416503906,3332.280029296875,800.2351684570312,1245.178955078125,711.5816040039062,,1317.0616455078125,320.48529052734375,607.629638671875,,803.7658081054688,151.38148498535156,8367.8828125,2381.025146484375,842.719970703125,8905.50390625,6407.0712890625,
2020-06-03,,,333.9140625,347.5885314941406,,837.2950439453125,455.7694396972656,3299.430908203125,4869.322265625,1555.134521484375,1957.5101318359375,775.3308715820312,1808.0360107421875,1319.0677490234375,50.0,5438.75048828125,,50.0,429.5557556152344,143.55189514160156,2175.459716796875,,192.7427978515625,7441.5078125,2774.272705078125,4871.7685546875,5768.7197265625,403.8609313964844,3469.896484375,951.300048828125,1272.150390625,706.6741333007812,,1317.0616455078125,344.69976806640625,665.9894409179688,,815.3585815429688,156.87200927734375,8346.3720703125,2410.329833984375,877.47119140625,9286.1982421875,6505.94482421875,
2020-06-04,,,333.6548767089844,344.7511291503906,,837.2950439453125,468.08758544921875,3211.715576171875,4877.7470703125,1558.9000244140625,1932.2520751953125,748.4630126953125,1759.6729736328125,1304.302001953125,50.0,5348.1044921875,,50.0,423.10321044921875,141.69960021972656,2234.48388671875,,192.7427978515625,7441.5078125,2832.070068359375,4832.47998046875,5672.57470703125,409.7424011230469,3509.2158203125,947.2171630859375,1267.655029296875,750.8412475585938,,1307.3055419921875,333.3047180175781,655.6907348632812,,842.4083862304688,150.59713745117188,8260.326171875,2417.65625,881.815185546875,9245.408203125,6466.3955078125,
2020-06-05,,,327.6967468261719,347.5885314941406,,827.8873291015625,484.51165771484375,3373.650634765625,4822.98828125,1600.3201904296875,1963.824462890625,809.8753662109375,1804.3155517578125,1294.4581298828125,50.0,5212.13525390625,,50.0,423.10321044921875,140.7734832763672,2301.940185546875,,195.95518493652344,7550.9423828125,2918.765869140625,4832.47998046875,5696.6103515625,439.1497802734375,3509.2158203125,1016.6253662109375,1267.655029296875,780.2860717773438,,1307.3055419921875,341.8509826660156,707.1846923828125,,854.0010986328125,151.38148498535156,8109.748046875,2366.37255859375,925.2544555664062,9299.79296875,6367.5205078125,
2020-06-08,,,345.57110595703125,374.54437255859375,,813.7755737304688,517.3599243164062,3390.51904296875,4970.416015625,1818.7166748046875,2083.801025390625,901.993896484375,1953.125244140625,1294.4581298828125,50.0,5257.45947265625,,50.0,451.6788330078125,154.66558837890625,2276.643798828125,,203.9861297607422,7682.26220703125,2889.867431640625,4871.7685546875,5672.57470703125,433.268310546875,3612.118896484375,1037.039306640625,1281.1409912109375,804.8233032226562,,1248.76953125,366.7776184082031,762.1117553710938,,888.7794799804688,153.7345733642578,8733.57421875,2366.37255859375,899.1908569335938,9544.5234375,6486.169921875,
2020-06-09,,,351.5292663574219,357.5196533203125,,785.5521850585938,500.9358215332031,3373.650634765625,4890.38427734375,1830.0133056640625,2026.97021484375,898.1555786132812,1962.426025390625,1205.864013671875,50.0,5280.1201171875,,50.0,450.75701904296875,154.66558837890625,2234.48388671875,,199.16757202148438,7791.69677734375,2812.80419921875,4950.34521484375,5600.46533203125,419.54486083984375,3549.1162109375,996.2111206054688,1267.655029296875,785.1934814453125,,1234.135498046875,351.8216247558594,751.8129272460938,,923.5578002929688,157.65640258789062,8131.26025390625,2300.436279296875,881.815185546875,9666.888671875,6565.2705078125,
2020-06-10,,,327.6967468261719,333.4012451171875,,790.2559814453125,488.61767578125,3272.441162109375,4886.171875,1701.9873046875,1913.3079833984375,836.7433471679688,1826.6373291015625,1181.2545166015625,50.0,5053.50537109375,,50.0,451.6788330078125,149.10874938964844,2226.052001953125,,191.1365966796875,7572.82861328125,2755.007080078125,4832.47998046875,5239.92041015625,437.1893005371094,3328.609375,934.9686889648438,1321.5980224609375,780.2860717773438,,1273.1595458984375,341.8509826660156,714.0505981445312,,915.829345703125,151.38148498535156,7937.65869140625,2278.4580078125,873.1273803710938,9367.7744140625,6486.169921875,
2020-06-11,,,318.75958251953125,327.726318359375,,780.8482666015625,476.2996826171875,3171.23193359375,4785.078125,1585.2581787109375,1875.421142578125,786.845703125,1744.7919921875,1205.864013671875,50.0,5076.1669921875,,50.0,441.5390625,146.330322265625,2150.164306640625,,191.1365966796875,7529.05517578125,2764.6396484375,4793.19140625,5263.95654296875,437.1893005371094,3255.107177734375,947.2171630859375,1276.6456298828125,765.5636596679688,,1282.91552734375,334.7291259765625,707.1846923828125,,881.0509033203125,147.45970153808594,8131.26025390625,2256.479248046875,881.815185546875,8946.2900390625,6486.169921875,
2020-06-12,,,315.780517578125,341.9136047363281,,785.5521850585938,476.2996826171875,3231.957275390625,4776.654296875,1683.16015625,1913.3079833984375,863.6112670898438,1819.19677734375,1176.3326416015625,50.0,5257.45947265625,,50.0,441.5390625,146.330322265625,2158.595947265625,,187.9242401123047,7529.05517578125,2726.108154296875,4793.19140625,5215.8837890625,443.07073974609375,3286.608154296875,1000.2940063476562,1240.683837890625,736.118896484375,,1268.281494140625,334.7291259765625,717.4835815429688,,923.5578002929688,145.1066131591797,8088.23681640625,2219.84814453125,881.815185546875,8946.2900390625,6486.169921875,
2020-06-15,,,303.8642883300781,334.8199768066406,,752.6248168945312,463.9815368652344,3198.220947265625,4633.4384765625,1581.49267578125,1831.218994140625,813.7136840820312,1755.95263671875,1186.176513671875,50.0,5166.81201171875,,50.0,441.5390625,138.92120361328125,2133.2998046875,,195.95518493652344,7616.60205078125,2629.779541015625,4871.7685546875,4999.556640625,441.11029052734375,3181.604736328125,967.6312255859375,1263.1600341796875,726.303955078125,,1219.50146484375,323.333984375,683.1542358398438,,911.9649658203125,145.1066131591797,8109.748046875,2263.805419921875,886.1591186523438,8769.541015625,6545.494140625,
2020-06-16,,,320.2491455078125,366.0319519042969,,738.5131225585938,500.9358215332031,3353.40869140625,4852.47412109375,1735.8765869140625,1976.453857421875,878.96435546875,1869.4200439453125,1205.864013671875,50.0,5370.765625,,50.0,441.5390625,144.47802734375,2200.75634765625,,197.56137084960938,7769.80908203125,2889.867431640625,5028.92236328125,5312.02978515625,466.5966491699219,3297.10888671875,1049.2879638671875,1281.1409912109375,750.8412475585938,,1263.403564453125,343.275390625,768.9776000976562,,942.8790893554688,151.38148498535156,8367.8828125,2344.3935546875,886.1591186523438,9218.2177734375,6545.494140625,
2020-06-17,,,318.75958251953125,364.61322021484375,,743.2169799804688,521.4660034179688,3353.40869140625,4818.775390625,1713.283935546875,1957.5101318359375,875.1259765625,1822.9171142578125,1191.0985107421875,50.0,5393.42724609375,,50.0,433.2429504394531,152.8133087158203,2268.2119140625,,189.53041076660156,7835.47021484375,2928.39892578125,5146.7880859375,5600.46533203125,460.7151794433594,3286.608154296875,1045.205078125,1285.6361083984375,785.1934814453125,,1253.6475830078125,341.8509826660156,772.4105224609375,,954.4718017578125,157.65640258789062,8281.8388671875,2351.719970703125,920.910400390625,9626.1015625,6545.494140625,
2020-06-18,,,306.84332275390625,360.3570861816406,,743.2169799804688,509.1478576660156,3238.704833984375,4705.04638671875,1694.456298828125,1925.9376220703125,871.2877197265625,1793.155029296875,1112.3480224609375,50.0,5030.84423828125,,50.0,433.2429504394531,150.96104431152344,2318.803955078125,,189.53041076660156,7660.37646484375,2812.80419921875,5087.85498046875,5384.138671875,490.12249755859375,3255.107177734375,1037.039306640625,1267.655029296875,770.4711303710938,,1253.6475830078125,334.7291259765625,762.1117553710938,,946.7434692382812,157.65640258789062,8023.703125,2403.003662109375,899.1908569335938,9598.91015625,6367.5205078125,
2020-06-19,,,309.82244873046875,367.4507141113281,,743.2169799804688,500.9358215332031,3299.430908203125,4696.62158203125,1686.9256591796875,1957.5101318359375,855.9346313476562,1815.4765625,1141.8795166015625,50.0,5144.1513671875,,50.0,424.0249938964844,150.03489685058594,2352.5322265625,,194.34898376464844,7813.58349609375,2783.905517578125,5166.431640625,5576.42919921875,496.0039978027344,3034.599609375,1041.122314453125,1312.607421875,760.6561889648438,,1248.76953125,334.7291259765625,741.5140380859375,,1016.50048828125,157.65640258789062,8174.28173828125,2403.003662109375,894.846923828125,9707.6787109375,6367.5205078125,
2020-06-22,,,306.84332275390625,358.9383850097656,,743.2169799804688,499.1373291015625,3299.430908203125,4667.13671875,1683.16015625,1932.2520751953125,844.4198608398438,1789.434814453125,1205.864013671875,50.0,5166.81201171875,,50.0,424.0249938964844,145.4041748046875,2293.508056640625,,192.7427978515625,7966.791015625,2755.007080078125,5166.431640625,5408.17431640625,490.12249755859375,3139.603759765625,1004.3767700195312,1321.5980224609375,760.6561889648438,,1331.6956787109375,337.57781982421875,727.7823486328125,,949.62548828125,160.0094451904297,8238.81640625,2344.3935546875,894.846923828125,9625.0966796875,6367.5205078125,
2020-06-23,,,299.3956604003906,356.10089111328125,,738.5131225585938,490.8870544433594,3306.177978515625,4734.53173828125,1649.27099609375,1900.67919921875,832.905029296875,1781.994384765625,1166.4888916015625,50.0,5076.1669921875,,50.0,418.4942321777344,148.18260192871094,2268.2119140625,,187.9242401123047,7813.58349609375,2726.108154296875,5048.56640625,5287.99267578125,470.5176086425781,3108.102294921875,996.2111206054688,1290.1312255859375,770.4711303710938,,1331.6956787109375,334.7291259765625,751.8129272460938,,927.3338012695312,172.55921936035156,8217.3037109375,2293.110107421875,881.815185546875,9439.9990234375,6327.97119140625,
2020-06-24,,,311.3119201660156,368.8694763183594,,747.9208374023438,499.1373291015625,3373.650634765625,4806.1396484375,1784.8275146484375,1970.13916015625,932.7000732421875,1915.9227294921875,1171.410888671875,50.0,5121.48974609375,,50.0,456.2877502441406,149.10874938964844,2268.2119140625,,187.9242401123047,7944.90380859375,2716.475341796875,5127.14306640625,5384.138671875,466.5966491699219,3108.102294921875,1000.2940063476562,1312.607421875,760.6561889648438,,1331.6956787109375,337.57781982421875,775.8434448242188,,945.167236328125,171.77484130859375,8152.771484375,2329.741455078125,868.783447265625,9525.4296875,6387.29541015625,
2020-06-25,,,299.3956604003906,354.68218994140625,,747.9208374023438,495.01214599609375,3413.357421875,4822.98828125,1713.283935546875,1932.2520751953125,905.8320922851562,1869.4200439453125,1146.8013916015625,50.0,5030.84423828125,,50.0,456.2877502441406,146.330322265625,2226.052001953125,,178.287109375,7857.35693359375,2697.20947265625,5009.2783203125,5312.02978515625,454.8336486816406,3055.600830078125,967.6312255859375,1308.1121826171875,750.8412475585938,,1341.45166015625,329.0315856933594,748.3799438476562,,918.4170532226562,170.99049377441406,8131.26025390625,2315.0888671875,847.0638427734375,9383.0458984375,6248.87109375,
2020-06-26,,,302.3747253417969,358.9383850097656,,738.5131225585938,499.1373291015625,3413.357421875,4755.59326171875,1724.5802001953125,1913.3079833984375,928.8617553710938,1860.119384765625,1132.03564453125,50.0,5008.1826171875,,50.0,456.2877502441406,146.330322265625,2318.803955078125,,179.89328002929688,8076.22509765625,2706.842529296875,5245.0087890625,5287.99267578125,478.3595886230469,3045.10009765625,979.8798217773438,1299.121826171875,775.3786010742188,,1321.9395751953125,320.48529052734375,779.2763671875,,918.4170532226562,182.7559051513672,8174.28173828125,2337.06787109375,873.1273803710938,9383.0458984375,6248.87109375,
2020-06-29,,,299.3956604003906,353.2634582519531,,743.2169799804688,490.8870544433594,3343.696533203125,4780.86669921875,1728.345703125,1919.623046875,951.8914184570312,1837.798095703125,1151.72314453125,50.0,5008.1826171875,,50.0,451.6788330078125,144.47802734375,2335.66796875,,179.89328002929688,8229.431640625,2697.20947265625,5303.94189453125,5336.06591796875,466.5966491699219,3034.599609375,984.0317993164062,1294.6265869140625,765.5636596679688,,1321.9395751953125,323.333984375,789.5751953125,,905.0421752929688,181.97154235839844,8152.771484375,2329.741455078125,886.1591186523438,9511.19140625,6268.646484375,
2020-06-30,,,296.4166564941406,360.3570861816406,,747.9208374023438,499.1373291015625,3343.696533203125,4797.7158203125,1724.5802001953125,1913.3079833984375,955.7296752929688,1841.5181884765625,1141.8795166015625,50.0,5053.50537109375,,50.0,451.6788330078125,142.62574768066406,2335.66796875,,170.25613403320312,8185.658203125,2697.20947265625,5127.14306640625,5744.68359375,460.7151794433594,2982.09814453125,984.0317993164062,1312.607421875,765.5636596679688,,1331.6956787109375,321.90972900390625,779.2763671875,,900.5836791992188,182.7559051513672,8317.2412109375,2348.272216796875,886.1591186523438,9425.76171875,6248.87109375,
2020-07-01,,,311.3119201660156,351.8447570800781,,747.9208374023438,495.01214599609375,3350.66357421875,4886.171875,1709.518310546875,1932.2520751953125,959.56787109375,1856.3990478515625,1132.03564453125,50.0,5053.50537109375,,50.0,451.6788330078125,144.47802734375,2301.940185546875,,170.25613403320312,8054.33740234375,2697.20947265625,5146.7880859375,6057.15576171875,454.8336486816406,3045.10009765625,963.2715454101562,1317.102783203125,770.4711303710938,,1351.2076416015625,334.7291259765625,779.2763671875,,931.7921142578125,182.7559051513672,8338.84375,2340.57275390625,886.1591186523438,9682.0498046875,6169.77197265625,
2020-07-02,,,312.80145263671875,351.8447570800781,,747.9208374023438,503.2623596191406,3392.459228515625,4945.14306640625,1728.345703125,1932.2520751953125,959.56787109375,1860.119384765625,1132.03564453125,50.0,5144.1513671875,,50.0,451.6788330078125,143.55189514160156,2293.508056640625,,171.86233520507812,8360.751953125,2832.070068359375,5166.431640625,6201.37353515625,454.8336486816406,3087.101806640625,954.967529296875,1344.0740966796875,750.8412475585938,,1321.9395751953125,336.1534729003906,772.4105224609375,,922.8754272460938,182.7559051513672,8317.2412109375,2417.565185546875,903.5347290039062,9767.4794921875,6367.5205078125,
2020-07-03,,,309.82244873046875,353.2634582519531,,743.2169799804688,495.01214599609375,3378.527099609375,4945.14306640625,1717.04931640625,1925.9376220703125,944.2149047851562,1860.119384765625,1161.5670166015625,50.0,5461.4111328125,,50.0,451.6788330078125,149.10874938964844,2335.66796875,,173.46853637695312,8251.3193359375,2812.80419921875,5245.0087890625,6153.30078125,470.5176086425781,3076.600830078125,975.727783203125,1344.0740966796875,726.303955078125,,1326.817626953125,329.0315856933594,762.1117553710938,,913.9588012695312,187.46205139160156,8446.8603515625,2402.1669921875,946.9739379882812,9767.4794921875,6248.87109375,
2020-07-06,,,317.27001953125,354.68218994140625,,747.9208374023438,528.0130004882812,3371.5615234375,4999.9013671875,1735.8765869140625,1919.623046875,951.8914184570312,1888.02099609375,1151.72314453125,50.0,5891.97998046875,,50.0,451.6788330078125,149.10874938964844,2487.4443359375,,176.680908203125,8251.3193359375,3015.094970703125,5205.72021484375,6057.15576171875,490.12249755859375,3118.6025390625,1017.2481079101562,1375.5406494140625,706.6741333007812,,1336.5736083984375,330.4559326171875,779.2763671875,,922.8754272460938,196.0900115966797,8598.0810546875,2348.272216796875,964.3494873046875,9810.1953125,6248.87109375,
2020-07-07,,,312.80145263671875,353.2634582519531,,743.2169799804688,536.2631225585938,3364.5947265625,5046.236328125,1732.1112060546875,1913.3079833984375,940.3765869140625,1878.7203369140625,1141.8795166015625,50.0,5756.01123046875,,50.0,420.33782958984375,147.25645446777344,2445.284423828125,,183.10565185546875,8316.98046875,3034.36083984375,5166.431640625,6417.70068359375,501.8854675292969,3118.6025390625,996.4879150390625,1362.0550537109375,711.5816040039062,,1341.45166015625,334.7291259765625,782.7093505859375,,913.9588012695312,195.3056640625,8360.4482421875,2402.1669921875,951.3179321289062,9867.1484375,6268.646484375,
2020-07-08,,,317.27001953125,353.2634582519531,,743.2169799804688,544.5133666992188,3420.323486328125,5223.14892578125,1807.420166015625,2014.3416748046875,1028.6568603515625,1962.426025390625,1171.410888671875,50.0,5756.01123046875,,50.0,420.33782958984375,150.03489685058594,2495.876708984375,,186.31805419921875,8273.20703125,3005.462158203125,5205.72021484375,7283.0087890625,503.8459167480469,3139.603759765625,992.3357543945312,1366.55029296875,721.396484375,,1414.6217041015625,333.3047180175781,803.306884765625,,927.3338012695312,194.52130126953125,8403.6533203125,2425.2646484375,933.9422607421875,10507.8740234375,6407.0712890625,
2020-07-09,,,326.2072448730469,351.8447570800781,,738.5131225585938,536.2631225585938,3413.357421875,5138.9052734375,1781.0621337890625,1982.7681884765625,1009.4655151367188,1953.125244140625,1205.864013671875,50.0,5484.07275390625,,50.0,420.33782958984375,145.4041748046875,2462.1484375,,183.10565185546875,8185.658203125,2986.196533203125,5146.7880859375,7523.3720703125,503.8459167480469,3234.106201171875,979.8798217773438,1375.5406494140625,706.6741333007812,,1497.5478515625,331.8803405761719,796.4411010742188,,936.25048828125,192.168212890625,8209.2236328125,2394.4677734375,929.5982055664062,10507.8740234375,6308.19580078125,
2020-07-10,,,323.2281799316406,343.3323059082031,,733.8092041015625,532.1380615234375,3364.5947265625,5223.14892578125,1758.46923828125,1963.824462890625,994.1123046875,1925.2235107421875,1200.942138671875,50.0,5438.75048828125,,50.0,414.80706787109375,144.47802734375,2411.556640625,,183.10565185546875,8076.22509765625,2976.5634765625,5107.4990234375,7475.29931640625,501.8854675292969,3129.102783203125,954.967529296875,1321.5980224609375,701.7667236328125,,1448.767822265625,327.607177734375,779.2763671875,,922.8754272460938,193.7369384765625,8144.41455078125,2394.4677734375,925.2544555664062,10208.8681640625,6268.646484375,
2020-07-13,,,344.0816345214844,349.0072937011719,,729.1052856445312,556.888671875,3413.357421875,5202.087890625,1788.5931396484375,1995.397705078125,1017.14208984375,1953.125244140625,1220.629638671875,50.0,5574.71923828125,,50.0,414.80706787109375,145.4041748046875,2479.012451171875,,186.31805419921875,8098.111328125,3198.119873046875,5166.431640625,7427.22705078125,503.8459167480469,3255.107177734375,971.57568359375,1312.607421875,706.6741333007812,,1492.6697998046875,327.607177734375,796.4411010742188,,967.4588012695312,193.7369384765625,8079.60546875,2379.069091796875,925.2544555664062,10536.3486328125,6347.7451171875,
2020-07-14,,,344.0816345214844,347.5885314941406,,729.1052856445312,544.5133666992188,3448.1875,5223.14892578125,1777.2967529296875,2001.712158203125,1013.3037109375,1971.7266845703125,1260.0050048828125,50.0,5733.34912109375,,50.0,414.80706787109375,146.330322265625,2504.30859375,,183.10565185546875,8273.20703125,3130.689697265625,5186.076171875,7018.609375,499.9250183105469,3202.60498046875,967.4236450195312,1353.0645751953125,687.0443115234375,,1473.1578369140625,327.607177734375,799.8740234375,,954.083740234375,194.52130126953125,8338.84375,2371.369873046875,925.2544555664062,10436.6796875,6387.29541015625,
2020-07-15,,,336.63397216796875,351.8447570800781,,714.9934692382812,540.3883056640625,3587.50830078125,5181.02685546875,1773.5311279296875,1976.453857421875,1013.3037109375,1962.426025390625,1230.4735107421875,50.0,5597.380859375,,50.0,423.10321044921875,146.330322265625,2470.580322265625,,183.10565185546875,8273.20703125,3101.791015625,5127.14306640625,7307.044921875,499.9250183105469,3223.6064453125,959.11962890625,1357.559814453125,652.692138671875,,1458.5238037109375,336.1534729003906,793.0081176757812,,958.5421142578125,193.7369384765625,8166.0185546875,2379.069091796875,916.5665283203125,10393.966796875,6367.5205078125,
2020-07-16,,,330.6758117675781,351.8447570800781,,705.585693359375,536.2631225585938,3657.168212890625,5206.2998046875,1769.7657470703125,1982.7681884765625,1009.4655151367188,1962.426025390625,1230.4735107421875,50.0,5597.380859375,,50.0,423.10321044921875,144.47802734375,2419.98828125,,184.71185302734375,8382.6396484375,3072.892333984375,5205.72021484375,7355.11767578125,494.04345703125,3223.6064453125,967.4236450195312,1335.0836181640625,677.2294311523438,,1448.767822265625,347.54852294921875,796.4411010742188,,945.167236328125,190.5994873046875,8122.8115234375,2386.76806640625,925.2544555664062,10436.6796875,6407.0712890625,
2020-07-17,,,344.0816345214844,351.8447570800781,,700.8818969726562,544.5133666992188,3622.337890625,5155.75390625,1758.46923828125,1957.5101318359375,1001.7891235351562,1925.2235107421875,1235.3955078125,50.0,5552.05810546875,,50.0,442.46087646484375,146.330322265625,2403.124267578125,,187.9242401123047,8119.9970703125,3082.525146484375,5146.7880859375,7859.8798828125,501.8854675292969,3297.10888671875,963.2715454101562,1317.102783203125,687.0443115234375,,1448.767822265625,339.0022277832031,796.4411010742188,,954.083740234375,193.7369384765625,8079.60546875,2355.97119140625,933.9422607421875,10507.8740234375,6426.84521484375,
2020-07-20,,,336.63397216796875,349.0072937011719,,710.2896728515625,536.2631225585938,3552.677978515625,5172.60205078125,1709.518310546875,1925.9376220703125,951.8914184570312,1897.3216552734375,1230.4735107421875,50.0,5461.4111328125,,50.0,442.46087646484375,142.62574768066406,2419.98828125,,184.71185302734375,8163.77099609375,3015.094970703125,5186.076171875,7643.5537109375,503.8459167480469,3223.6064453125,925.9033813476562,1335.0836181640625,672.3219604492188,,1439.01171875,327.607177734375,782.7093505859375,,927.3338012695312,191.3838653564453,8166.0185546875,2355.97119140625,925.2544555664062,10479.396484375,6426.84521484375,
2020-07-21,,,338.12347412109375,353.2634582519531,,705.585693359375,565.1388549804688,3744.243896484375,5223.14892578125,1762.2347412109375,1989.0831298828125,1005.6272583007812,1971.7266845703125,1191.0985107421875,50.0,5438.75048828125,,50.0,442.46087646484375,143.55189514160156,2394.6923828125,,189.53041076660156,8163.77099609375,3149.95556640625,5245.0087890625,7811.8076171875,501.8854675292969,3276.10791015625,942.5114135742188,1366.55029296875,672.3219604492188,,1570.7178955078125,336.1534729003906,793.0081176757812,,940.7088623046875,192.168212890625,8187.62158203125,2355.97119140625,938.2861938476562,11006.212890625,6327.97119140625,
2020-07-22,,,335.1444396972656,383.0567932128906,,705.585693359375,565.1388549804688,3691.99853515625,5206.2998046875,1758.46923828125,1957.5101318359375,986.4358520507812,2018.2294921875,1161.5670166015625,50.0,5370.765625,,50.0,437.8518981933594,155.59173583984375,2360.96435546875,,191.1365966796875,8207.544921875,3169.22119140625,5245.0087890625,7715.6630859375,499.9250183105469,3255.107177734375,934.2073974609375,1415.9979248046875,687.0443115234375,,1590.22998046875,336.1534729003906,837.6362915039062,,927.3338012695312,192.168212890625,8295.63671875,2363.670654296875,938.2861938476562,11390.6474609375,6327.97119140625,
2020-07-23,,,336.63397216796875,385.89422607421875,,705.585693359375,569.2640380859375,3604.923095703125,5223.14892578125,1773.5311279296875,1982.7681884765625,994.1123046875,2120.535888671875,1166.4888916015625,50.0,5529.39599609375,,50.0,437.8518981933594,155.59173583984375,2377.828369140625,,195.95518493652344,8229.431640625,3130.689697265625,5284.296875,7763.73583984375,497.9645080566406,3318.108642578125,963.2715454101562,1451.9595947265625,682.1368408203125,,1668.278076171875,343.275390625,854.8009643554688,,940.7088623046875,199.2274627685547,8166.0185546875,2363.670654296875,955.6617431640625,11433.361328125,6367.5205078125,
2020-07-24,,,324.71771240234375,374.54437255859375,,700.8818969726562,565.1388549804688,3517.84716796875,5138.9052734375,1735.8765869140625,1951.19580078125,978.7593383789062,2083.33349609375,1156.64501953125,50.0,5438.75048828125,,50.0,432.3211364746094,151.88717651367188,2327.236328125,,192.7427978515625,8220.4716796875,3159.588134765625,5307.248046875,7379.154296875,492.0830383300781,3223.6064453125,938.359375,1411.50244140625,677.2294311523438,,1673.156005859375,331.8803405761719,837.6362915039062,,922.8754272460938,200.01181030273438,8014.79541015625,2325.17431640625,942.6298828125,11077.404296875,6367.5205078125,
2020-07-27,,,330.6758117675781,404.33770751953125,,705.585693359375,598.1396484375,3570.09326171875,5138.9052734375,1750.938232421875,1989.0831298828125,982.5975952148438,2185.64013671875,1077.8948974609375,50.0,5597.380859375,,50.0,432.3211364746094,150.96104431152344,2360.96435546875,,195.95518493652344,8063.677734375,3342.613525390625,5307.248046875,7355.11767578125,501.8854675292969,3360.111083984375,938.359375,1393.5216064453125,677.2294311523438,,1814.6181640625,329.0315856933594,844.5021362304688,,927.3338012695312,204.71798706054688,8101.20849609375,2340.57275390625,942.6298828125,11960.1796875,6387.29541015625,
2020-07-28,,,324.71771240234375,400.0815124511719,,705.585693359375,594.0145874023438,3604.923095703125,5210.51220703125,1762.2347412109375,1982.7681884765625,971.0828247070312,2176.33935546875,1004.06640625,50.0,5620.04150390625,,50.0,432.3211364746094,153.7394561767578,2301.940185546875,,200.77374267578125,8108.4765625,3304.081787109375,5266.2646484375,7186.86328125,492.0830383300781,3381.111328125,934.2073974609375,1362.0550537109375,687.0443115234375,,1765.838134765625,329.0315856933594,837.6362915039062,,927.3338012695312,204.71798706054688,8122.8115234375,2325.17431640625,938.2861938476562,12301.8994140625,6446.6201171875,
2020-07-29,,,323.2281799316406,404.33770751953125,,700.8818969726562,602.2647705078125,3535.262939453125,5168.39111328125,1728.345703125,1970.13916015625,986.4358520507812,2120.535888671875,935.1598510742188,50.0,5620.04150390625,,50.0,424.0249938964844,149.10874938964844,2141.73193359375,,194.34898376464844,8175.673828125,3275.182861328125,5245.7734375,7547.408203125,458.7546691894531,3318.108642578125,917.5992431640625,1371.04541015625,687.0443115234375,,1756.0821533203125,327.607177734375,844.5021362304688,,922.8754272460938,200.79617309570312,8187.62158203125,2309.775634765625,946.9739379882812,12244.9453125,6525.72021484375,
2020-07-30,,,323.2281799316406,408.5939025878906,,696.177978515625,602.2647705078125,3587.50830078125,5256.84619140625,1732.1112060546875,1995.397705078125,971.0828247070312,2157.738525390625,935.1598510742188,50.0,5642.70361328125,,50.0,414.80706787109375,143.55189514160156,2108.00390625,,187.9242401123047,8242.87109375,3294.44873046875,5286.755859375,7499.33544921875,450.9127502441406,3318.108642578125,880.2308959960938,1407.00732421875,672.3219604492188,,1746.326171875,330.4559326171875,868.5327758789062,,905.0421752929688,201.58055114746094,7971.58984375,2348.272216796875,986.0692138671875,12159.5146484375,6644.36962890625,
2020-08-03,,,306.84332275390625,394.40655517578125,,677.3623657226562,577.51416015625,3399.4248046875,5164.177734375,1671.86376953125,1888.05029296875,928.8617553710938,2046.1312255859375,881.01904296875,50.0,5370.765625,,50.0,413.88525390625,140.7734832763672,2006.8199462890625,,183.10565185546875,8332.4677734375,3227.018798828125,5307.248046875,7138.7900390625,425.4263916015625,3213.10595703125,830.4065551757812,1402.5120849609375,637.9697265625,,1702.424072265625,317.63653564453125,823.9046020507812,,880.521240234375,191.3838653564453,7885.17578125,2248.181884765625,981.7252807617188,11646.9365234375,6525.72021484375,
2020-08-04,,,308.3328857421875,397.2440490722656,,700.8818969726562,581.6393432617188,3455.153564453125,5231.57373046875,1717.04931640625,1944.8818359375,982.5975952148438,2074.032958984375,876.0971069335938,50.0,5665.36474609375,,50.0,405.5891418457031,143.55189514160156,2057.411865234375,,184.71185302734375,8982.0419921875,3294.44873046875,5532.6513671875,7859.8798828125,454.8336486816406,3244.606689453125,847.0147094726562,1415.9979248046875,652.692138671875,,1765.838134765625,321.90972900390625,827.3375244140625,,896.12548828125,192.95257568359375,7949.9853515625,2271.279541015625,1007.7887573242188,11646.9365234375,6505.94482421875,
2020-08-05,,,312.80145263671875,400.1330871582031,,710.2896728515625,618.7651977539062,3517.84716796875,5227.36083984375,1743.407470703125,1944.8818359375,1013.3037109375,2120.535888671875,885.94091796875,50.0,5620.04150390625,,50.0,395.44940185546875,141.69960021972656,2091.1396484375,,192.7427978515625,9452.423828125,3487.106689453125,5799.03857421875,8004.09912109375,462.6756591796875,3244.606689453125,867.7748413085938,1451.9595947265625,652.692138671875,,1887.788330078125,321.90972900390625,847.93505859375,,909.5004272460938,192.95257568359375,8166.0185546875,2325.17431640625,1007.7887573242188,12259.1845703125,6611.73291015625,
2020-08-06,,,332.16534423828125,401.5776062011719,,686.7701416015625,688.8919067382812,3639.753173828125,5273.69677734375,1747.1728515625,1963.824462890625,1028.6568603515625,2148.437744140625,905.6285400390625,50.0,5688.0263671875,,50.0,395.44940185546875,143.55189514160156,2133.2998046875,,192.7427978515625,9250.8310546875,3554.536865234375,5758.0556640625,8268.498046875,470.5176086425781,3349.610107421875,876.0789184570312,1438.47412109375,682.1368408203125,,1970.71435546875,334.7291259765625,847.93505859375,,927.3338012695312,196.87437438964844,8295.63671875,2325.17431640625,999.1010131835938,13540.6337890625,6551.6259765625,
2020-08-07,,,326.2072448730469,400.1330871582031,,691.4740600585938,693.0170288085938,3674.5830078125,5206.2998046875,1739.6422119140625,1963.824462890625,1020.9803466796875,2157.738525390625,871.17529296875,50.0,5665.36474609375,,50.0,451.6788330078125,143.55189514160156,2057.411865234375,,197.56137084960938,9116.4365234375,3516.005126953125,5635.10791015625,8244.4619140625,468.5571594238281,3297.10888671875,867.7748413085938,1420.4930419921875,687.0443115234375,,1999.982421875,337.57781982421875,830.7703857421875,,913.9588012695312,191.3838653564453,8360.4482421875,2294.377197265625,938.2861938476562,14067.4501953125,6511.55517578125,
2020-08-10,,,339.613037109375,401.5776062011719,,682.0662231445312,680.6417236328125,3570.09326171875,5155.75390625,1739.6422119140625,1976.453857421875,1024.8184814453125,2157.738525390625,866.2533569335938,50.0,5688.0263671875,,50.0,452.6006164550781,143.55189514160156,2065.84375,,202.37994384765625,9116.4365234375,3506.37255859375,5717.0732421875,9302.0615234375,468.5571594238281,3601.618408203125,876.0789184570312,1447.46435546875,677.2294311523438,,1931.6903076171875,350.3972473144531,830.7703857421875,,945.167236328125,192.168212890625,8295.63671875,2286.67822265625,942.6298828125,14110.1650390625,6491.52001953125,
2020-08-11,,,342.5920715332031,414.57830810546875,,686.7701416015625,660.0162353515625,3639.753173828125,5202.087890625,1799.88916015625,2014.3416748046875,1082.3927001953125,2222.842529296875,920.3942260742188,50.0,5710.6875,,50.0,460.8966979980469,146.330322265625,2032.1156005859375,,205.5923309326172,9138.8359375,3487.106689453125,5778.54736328125,8989.587890625,472.4781494140625,3517.61572265625,917.5992431640625,1438.47412109375,682.1368408203125,,1868.2762451171875,402.3870544433594,830.7703857421875,,936.25048828125,190.5994873046875,8295.63671875,2255.880859375,929.5982055664062,13825.3974609375,6451.4482421875,
2020-08-12,,,333.6548767089844,413.1338195800781,,682.0662231445312,635.265625,3761.658935546875,5273.69677734375,1929.7977294921875,2115.373779296875,1124.6136474609375,2287.946533203125,910.5503540039062,50.0,5620.04150390625,,50.0,504.6819152832031,144.47802734375,2048.979736328125,,207.1985321044922,9094.037109375,3410.04345703125,5778.54736328125,9109.76953125,468.5571594238281,3412.6123046875,913.4472045898438,1451.9595947265625,682.1368408203125,,1765.838134765625,384.5823059082031,837.6362915039062,,918.4170532226562,197.65872192382812,8511.6689453125,2271.279541015625,946.9739379882812,13398.248046875,6451.4482421875,
2020-08-13,,,332.16534423828125,410.2447204589844,,682.0662231445312,635.265625,3761.658935546875,5307.3935546875,1910.9705810546875,2102.74462890625,1116.9371337890625,2250.744140625,895.78466796875,50.0,5597.380859375,,50.0,470.11468505859375,144.47802734375,2200.75634765625,,200.77374267578125,9183.6337890625,3429.309326171875,5921.98583984375,9494.3515625,492.0830383300781,3433.612548828125,913.4472045898438,1460.9501953125,682.1368408203125,,1726.8140869140625,373.8995666503906,847.93505859375,,922.8754272460938,195.3056640625,8403.6533203125,2317.47509765625,894.846923828125,13270.1044921875,6551.6259765625,
2020-08-14,,,332.16534423828125,405.91119384765625,,682.0662231445312,647.640869140625,3744.243896484375,5395.8505859375,1882.729248046875,2109.059326171875,1113.098876953125,2241.44384765625,900.7066650390625,50.0,5665.36474609375,,50.0,459.9749450683594,148.18260192871094,2150.164306640625,,202.37994384765625,9116.4365234375,3525.63818359375,6003.951171875,9326.0966796875,497.9645080566406,3412.6123046875,921.7513427734375,1460.9501953125,677.2294311523438,,1765.838134765625,366.7776184082031,844.5021362304688,,918.4170532226562,189.81512451171875,8209.2236328125,2332.873779296875,899.1908569335938,13141.9599609375,6571.662109375,
2020-08-18,,,332.16534423828125,410.2447204589844,,682.0662231445312,664.141357421875,3744.243896484375,5357.939453125,1901.556884765625,2222.72119140625,1155.31982421875,2287.946533203125,915.4723510742188,50.0,5778.67236328125,,50.0,450.75701904296875,153.7394561767578,2124.86767578125,,200.77374267578125,9138.8359375,3602.701416015625,5942.47802734375,9350.1328125,488.16204833984375,3444.113525390625,930.0553588867188,1456.4549560546875,677.2294311523438,,1824.374267578125,366.7776184082031,854.8009643554688,,927.3338012695312,186.6776885986328,8425.2548828125,2348.272216796875,916.5665283203125,13440.9638671875,6591.697265625,
2020-08-19,,,332.16534423828125,408.8002014160156,,677.3623657226562,655.8910522460938,3691.99853515625,5332.66650390625,1901.556884765625,2247.979736328125,1159.1580810546875,2269.345947265625,910.5503540039062,50.0,5642.70361328125,,50.0,483.9415283203125,154.66558837890625,2124.86767578125,,199.16757202148438,9049.240234375,3602.701416015625,5901.4951171875,9133.8056640625,488.16204833984375,3444.113525390625,925.9033813476562,1442.9691162109375,677.2294311523438,,1780.47216796875,366.7776184082031,895.9962768554688,,940.7088623046875,189.81512451171875,8252.4306640625,2309.775634765625,916.5665283203125,13369.771484375,6571.662109375,
2020-08-24,,,326.2072448730469,423.24542236328125,,682.0662231445312,643.5157470703125,3691.99853515625,5320.029296875,1920.3839111328125,2298.49560546875,1170.673095703125,2232.143310546875,885.94091796875,50.0,5552.05810546875,,50.0,483.9415283203125,153.7394561767578,2099.57177734375,,197.56137084960938,9161.234375,3554.536865234375,6147.39013671875,9157.841796875,482.28057861328125,3423.112548828125,938.359375,1438.47412109375,696.8592529296875,,1756.0821533203125,409.509033203125,902.8621215820312,,936.25048828125,188.2464141845703,8382.0498046875,2309.775634765625,920.910400390625,13099.244140625,6551.6259765625,
2020-08-25,,,327.6967468261719,442.0242919921875,,710.2896728515625,651.7659912109375,3691.99853515625,5362.15234375,1986.279541015625,2399.52880859375,1205.217529296875,2325.14892578125,890.8628540039062,50.0,5529.39599609375,,50.0,483.9415283203125,162.07472229003906,2091.1396484375,,200.77374267578125,9340.4267578125,3641.23291015625,6434.26904296875,9109.76953125,484.24102783203125,3486.1142578125,946.6635131835938,1456.4549560546875,691.9517822265625,,1760.960205078125,395.26519775390625,920.0266723632812,,945.167236328125,191.3838653564453,8900.5263671875,2294.377197265625,907.878662109375,13412.4873046875,6571.662109375,
2020-08-26,,,330.6758117675781,437.690673828125,,682.0662231445312,647.640869140625,3726.828857421875,5341.091796875,2005.107177734375,2361.641357421875,1201.379150390625,2362.3515625,881.01904296875,50.0,5529.39599609375,,50.0,518.5088500976562,158.3701629638672,2141.73193359375,,199.11447143554688,9273.2294921875,3641.23291015625,6290.82958984375,9061.6962890625,490.12249755859375,3528.11572265625,959.11962890625,1429.4833984375,682.1368408203125,,1746.326171875,398.826171875,902.8621215820312,,949.62548828125,189.81512451171875,9030.1474609375,2325.17431640625,890.5029907226562,13241.630859375,6571.662109375,
2020-08-27,,,335.1444396972656,426.134521484375,,677.3623657226562,655.8910522460938,3691.99853515625,5560.126953125,1995.693115234375,2336.38330078125,1216.7322998046875,2343.750244140625,881.01904296875,50.0,5665.36474609375,,50.0,509.29083251953125,153.7394561767578,2141.73193359375,,197.45516967773438,9273.2294921875,3689.3974609375,6290.82958984375,9013.6240234375,476.39910888671875,3570.11767578125,946.6635131835938,1451.9595947265625,672.3219604492188,,1746.326171875,409.509033203125,902.8621215820312,,949.62548828125,191.3838653564453,9224.5751953125,2302.07666015625,903.5347290039062,13398.248046875,6611.73291015625,
2020-08-28,,,341.10260009765625,414.57830810546875,,677.3623657226562,676.5166015625,3709.414306640625,5471.6708984375,1976.8658447265625,2330.068603515625,1220.5704345703125,2315.848388671875,876.0971069335938,50.0,5642.70361328125,,50.0,530.03125,150.96104431152344,2150.164306640625,,194.13661193847656,9250.8310546875,3641.23291015625,6249.84716796875,9133.8056640625,466.5966491699219,3612.118896484375,934.2073974609375,1447.46435546875,672.3219604492188,,1692.6680908203125,398.826171875,909.7279663085938,,949.62548828125,200.01181030273438,9202.97265625,2278.97900390625,886.1591186523438,13341.294921875,6611.73291015625,
2020-08-31,,,323.2281799316406,418.9118957519531,,672.6583862304688,676.5166015625,3552.677978515625,5286.33251953125,1920.3839111328125,2216.40673828125,1209.0556640625,2213.541748046875,826.878173828125,50.0,5710.6875,,50.0,502.37744140625,145.4041748046875,2057.411865234375,,194.13661193847656,9161.234375,3650.86572265625,6249.84716796875,8941.5146484375,450.9127502441406,3475.614013671875,1013.0960693359375,1420.4930419921875,667.4144897460938,,1697.5460205078125,391.7042541503906,861.6668090820312,,909.5004272460938,194.52130126953125,9116.5595703125,2201.986328125,899.1908569335938,13099.244140625,6591.697265625,
2020-09-01,,,339.613037109375,426.134521484375,,663.2505493164062,693.0170288085938,3657.168212890625,5492.73046875,1948.625244140625,2279.55224609375,1212.8939208984375,2278.646484375,841.6438598632812,50.0,5665.36474609375,,50.0,479.3326721191406,145.4041748046875,2040.5478515625,,192.47732543945312,9161.234375,3766.46044921875,6270.33837890625,8989.587890625,450.9127502441406,3633.119140625,971.57568359375,1433.9786376953125,672.3219604492188,,1770.7161865234375,395.26519775390625,882.2644653320312,,936.25048828125,188.2464141845703,9505.4169921875,2232.783447265625,920.910400390625,13384.009765625,6591.697265625,
2020-09-02,,,361.9559326171875,427.5790100097656,,658.5467529296875,701.2672119140625,3691.99853515625,5421.123046875,1967.4522705078125,2311.12548828125,1216.7322998046875,2260.044921875,817.0343627929688,50.0,5574.71923828125,,50.0,573.81640625,146.330322265625,2032.1156005859375,,187.4994659423828,9138.8359375,3833.890625,6352.3037109375,8845.37109375,456.7942199707031,3654.119873046875,992.3357543945312,1438.47412109375,682.1368408203125,,1736.570068359375,409.509033203125,913.1608276367188,,958.5421142578125,189.81512451171875,9246.1787109375,2271.279541015625,920.910400390625,13298.58203125,6531.5908203125,
2020-09-03,,,358.9769287109375,413.1338195800781,,658.5467529296875,684.7667846679688,3604.923095703125,5475.88134765625,2014.5203857421875,2260.608642578125,1201.379150390625,2222.842529296875,807.190673828125,52.0,5649.1220703125,,50.0,642.9509887695312,141.69960021972656,1973.091552734375,,189.1587371826172,9161.234375,3766.46044921875,6331.81298828125,8603.693359375,462.6756591796875,3633.119140625,979.8798217773438,1433.9786376953125,677.2294311523438,,1702.424072265625,395.26519775390625,899.4291381835938,,954.083740234375,187.46205139160156,9094.95703125,2232.783447265625,912.22265625,13327.0576171875,6551.6259765625,
2020-09-04,,,358.9769287109375,411.6893005371094,,663.2505493164062,680.6417236328125,3517.84716796875,5374.78759765625,1967.4522705078125,2241.665283203125,1193.7025146484375,2204.24169921875,767.8154296875,51.0,5603.1943359375,,50.0,599.165771484375,137.06890869140625,1939.3634033203125,,187.4994659423828,9228.4306640625,3766.46044921875,6229.35595703125,8313.6806640625,452.8732604980469,3570.11767578125,967.4236450195312,1429.4833984375,672.3219604492188,,1687.7900390625,391.7042541503906,885.6973266601562,,936.25048828125,188.2464141845703,8943.7333984375,2201.986328125,890.5029907226562,13156.197265625,6731.9462890625,
2020-09-07,,,372.3826904296875,411.6893005371094,,667.9544677734375,680.6417236328125,3500.432373046875,5294.75634765625,1976.8658447265625,2216.40673828125,1186.0260009765625,2176.33935546875,812.112548828125,52.0,5580.23046875,,50.0,599.165771484375,132.43820190429688,1897.203369140625,,185.8401641845703,9250.8310546875,3766.46044921875,6393.28564453125,8603.693359375,448.9522399902344,3591.118408203125,963.2715454101562,1438.47412109375,652.692138671875,,1658.52197265625,402.3870544433594,844.5021362304688,,940.7088623046875,188.2464141845703,9138.1630859375,2232.783447265625,912.22265625,13184.673828125,6711.91015625,
2020-09-08,,,369.4036560058594,411.6893005371094,,658.5467529296875,680.6417236328125,3570.09326171875,5336.87890625,1976.8658447265625,2222.72119140625,1151.481689453125,2222.842529296875,802.268798828125,50.0,5695.04931640625,,50.0,599.165771484375,137.99505615234375,1888.7716064453125,,185.8401641845703,9250.8310546875,3737.56201171875,6475.25146484375,9062.8798828125,443.07073974609375,3591.118408203125,967.4236450195312,1420.4930419921875,647.78466796875,,1663.4000244140625,384.5823059082031,810.1727905273438,,927.3338012695312,186.6776885986328,8814.1142578125,2201.986328125,912.22265625,13184.673828125,6711.91015625,
2020-09-09,,,357.4874572753906,408.8002014160156,,658.5467529296875,655.8910522460938,3413.357421875,5261.05908203125,1892.14306640625,2153.26123046875,1082.3927001953125,2148.437744140625,787.5031127929688,50.0,5511.3388671875,,50.0,599.165771484375,133.36434936523438,1846.6114501953125,,184.18089294433594,9206.033203125,3631.60009765625,6208.8642578125,8482.8564453125,435.228759765625,3517.61572265625,950.8156127929688,1398.0169677734375,637.9697265625,,1609.741943359375,388.6686096191406,768.9776000976562,,909.5004272460938,182.7559051513672,8727.701171875,2155.791015625,899.1908569335938,12899.90625,6611.73291015625,
2020-09-10,,,333.6548767089844,381.354248046875,,649.1389770507812,610.5150146484375,3176.51171875,4894.595703125,1762.2347412109375,2008.0267333984375,1009.4655151367188,1999.6280517578125,733.3622436523438,50.0,5143.916015625,,50.0,594.556884765625,125.9552230834961,1720.1312255859375,,174.22515869140625,8937.244140625,3516.005126953125,5942.47802734375,7902.83056640625,407.7818908691406,3276.10791015625,884.383056640625,1330.58837890625,593.8025512695312,,1531.69384765625,361.747802734375,717.4835815429688,,847.0838012695312,170.2061309814453,8122.8115234375,2078.79833984375,851.4077758789062,12187.9931640625,6391.34228515625,
2020-09-11,,,351.5292663574219,397.2440185546875,,653.8428344726562,639.3906860351562,3225.2744140625,4974.62841796875,1833.778564453125,2052.228759765625,1020.9803466796875,2036.8309326171875,718.5964965820312,50.0,5419.48291015625,,50.0,594.556884765625,128.733642578125,1846.6114501953125,,174.22515869140625,9183.6337890625,3679.7646484375,6208.8642578125,8192.84375,441.11029052734375,3465.114013671875,917.5992431640625,1415.9979248046875,588.8950805664062,,1590.22998046875,351.65252685546875,758.6788330078125,,878.2921142578125,175.6966552734375,8122.8115234375,2163.489990234375,899.1908569335938,13056.529296875,6651.8046875,
2020-09-14,,,357.4874572753906,410.2447204589844,,663.2505493164062,660.0162353515625,3336.730712890625,5096.7822265625,1901.556884765625,2172.205078125,1059.363037109375,2139.137451171875,802.268798828125,50.0,5695.04931640625,,50.0,594.556884765625,131.51206970214844,1914.0672607421875,,177.54373168945312,9452.423828125,3814.625,6393.28564453125,8434.51953125,443.07073974609375,3517.61572265625,946.6635131835938,1429.4833984375,618.33984375,,1629.2540283203125,344.9223327636719,786.142333984375,,913.9588012695312,178.83409118652344,8511.6689453125,2225.083984375,907.878662109375,13099.244140625,6571.662109375,
2020-09-15,,,354.50830078125,395.7995300292969,,658.5467529296875,664.141357421875,3357.628662109375,4936.7177734375,1860.13671875,2102.74462890625,1059.363037109375,2111.2353515625,767.8154296875,50.0,5534.3017578125,,50.0,594.556884765625,129.6597900390625,1855.043212890625,,175.8844451904297,9318.0283203125,3804.9921875,6290.82958984375,8337.849609375,425.4263916015625,3549.1162109375,930.0553588867188,1389.0263671875,583.9876098632812,,1580.473876953125,338.1921081542969,758.6788330078125,,913.9588012695312,181.1871795654297,8317.2412109375,2178.888427734375,903.5347290039062,13597.5859375,6491.52001953125,
2020-09-16,,,341.10260009765625,401.5776062011719,,649.1389770507812,655.8910522460938,3329.765380859375,4844.04931640625,1833.778564453125,2058.543212890625,1028.6568603515625,2101.934814453125,772.7373657226562,50.0,5511.3388671875,,50.0,571.5120239257812,129.6597900390625,1796.0191650390625,,175.8844451904297,9362.8271484375,3785.726318359375,6229.35595703125,9087.046875,425.4263916015625,3528.11572265625,925.9033813476562,1384.5311279296875,569.2653198242188,,1492.6697998046875,351.65252685546875,744.947021484375,,909.5004272460938,185.10897827148438,8122.8115234375,2148.09130859375,894.846923828125,13683.0146484375,6411.37744140625,
2020-09-17,,,336.63397216796875,390.02142333984375,,639.7310791015625,639.3906860351562,3385.49267578125,4848.26220703125,1777.2967529296875,2020.656005859375,997.9506225585938,2074.032958984375,753.0498046875,50.0,5534.3017578125,,50.0,622.2105712890625,127.80750274658203,1762.2911376953125,,174.22515869140625,9138.8359375,3727.928955078125,6065.4248046875,8507.0234375,417.5843505859375,3486.1142578125,925.9033813476562,1362.0550537109375,544.7279663085938,,1536.5718994140625,353.3350524902344,720.9164428710938,,896.12548828125,185.10897827148438,8036.3984375,2171.189208984375,894.846923828125,13327.0576171875,6471.48388671875,
2020-09-18,,,341.10260009765625,395.7995300292969,,639.7310791015625,651.7659912109375,3329.765380859375,4742.95654296875,1784.8275146484375,2033.2845458984375,1009.4655151367188,2074.032958984375,723.5184936523438,50.0,5832.833984375,,50.0,682.1271362304688,129.6597900390625,1812.88330078125,,177.54373168945312,9116.4365234375,3766.46044921875,6167.8818359375,8821.2021484375,421.50537109375,3496.615478515625,934.2073974609375,1389.0263671875,559.4503784179688,,1560.9619140625,361.747802734375,714.0505981445312,,891.6671142578125,187.46205139160156,8058.00146484375,2225.083984375,903.5347290039062,13554.869140625,6431.41259765625,
2020-09-21,,,341.10260009765625,384.2433166503906,,635.0271606445312,631.1405029296875,3253.138671875,4721.89501953125,1728.345703125,2014.3416748046875,959.56787109375,2036.8309326171875,689.065185546875,50.0,5695.04931640625,,50.0,679.8226928710938,129.6597900390625,1736.9951171875,,167.5880126953125,9094.037109375,3718.296142578125,6167.8818359375,8748.69921875,397.9794616699219,3475.614013671875,930.0553588867188,1348.5692138671875,564.3578491210938,,1531.69384765625,338.1921081542969,693.4529418945312,,891.6671142578125,183.54025268554688,7949.9853515625,2163.489990234375,890.5029907226562,13440.9638671875,6411.37744140625,
2020-09-22,,,345.57110595703125,374.13165283203125,,630.3232421875,606.3898315429688,3253.138671875,4591.31591796875,1709.518310546875,1976.453857421875,921.185302734375,1971.7266845703125,679.2213745117188,50.0,5534.3017578125,,50.0,679.8226928710938,128.733642578125,1711.69921875,,165.9287109375,9183.6337890625,3593.068359375,6167.8818359375,8942.0419921875,392.0980224609375,3496.615478515625,930.0553588867188,1308.1121826171875,554.5429077148438,,1531.69384765625,323.0491638183594,700.31884765625,,891.6671142578125,184.32460021972656,7798.76318359375,2140.39208984375,886.1591186523438,12999.5771484375,6371.306640625,
2020-09-23,,,345.57110595703125,368.3535461425781,,630.3232421875,618.7651977539062,3225.2744140625,4637.65087890625,1664.3328857421875,1944.8818359375,901.993896484375,1934.524169921875,654.6119384765625,50.0,5603.1943359375,,50.0,675.2138061523438,126.88136291503906,1673.7550048828125,,167.5880126953125,9273.2294921875,3516.005126953125,6085.91650390625,9111.2138671875,383.27581787109375,3454.61376953125,921.7513427734375,1375.5406494140625,559.4503784179688,,1541.4498291015625,319.68408203125,690.0200805664062,,882.7503662109375,182.7559051513672,7690.74609375,2155.791015625,877.47119140625,13184.673828125,6351.2705078125,
2020-09-24,,,336.63397216796875,362.575439453125,,620.9153442382812,594.0145874023438,3204.376220703125,4587.10400390625,1630.4437255859375,1913.3079833984375,878.96435546875,1888.02099609375,630.0025024414062,50.0,5419.48291015625,,50.0,675.2138061523438,125.02906799316406,1627.3787841796875,,162.6101531982422,9049.240234375,3381.14501953125,5840.02099609375,8772.8681640625,378.3745422363281,3381.111328125,892.6870727539062,1362.0550537109375,549.6354370117188,,1492.6697998046875,302.858642578125,659.1235961914062,,869.3754272460938,179.6184539794922,7604.3330078125,2101.89599609375,873.1273803710938,13028.0537109375,6251.0927734375,
2020-09-25,,,339.613037109375,377.02069091796875,,635.0271606445312,602.2647705078125,3385.49267578125,4726.10791015625,1732.1112060546875,1995.397705078125,948.05322265625,1990.327392578125,664.4557495117188,50.0,5580.23046875,,50.0,629.1240234375,125.9552230834961,1656.89111328125,,160.95086669921875,9004.4404296875,3487.106689453125,5840.02099609375,8797.03515625,381.3153381347656,3433.612548828125,925.9033813476562,1420.4930419921875,569.2653198242188,,1517.059814453125,312.9538879394531,683.1542358398438,,887.208740234375,181.97154235839844,7604.3330078125,2071.09912109375,886.1591186523438,13213.150390625,6351.2705078125,
2020-09-28,,,336.63397216796875,375.576171875,,635.0271606445312,598.1396484375,3301.90087890625,4646.0751953125,1709.518310546875,1951.19580078125,921.185302734375,1915.9227294921875,689.065185546875,50.0,5465.41064453125,,50.0,629.1240234375,126.88136291503906,1694.8349609375,,158.46194458007812,9026.8408203125,3487.106689453125,5737.56494140625,8603.693359375,399.9399719238281,3391.611328125,925.9033813476562,1371.04541015625,564.3578491210938,,1575.595947265625,306.2237243652344,665.9894409179688,,878.2921142578125,189.03077697753906,7885.17578125,2048.001220703125,899.1908569335938,12857.1943359375,6331.2353515625,
2020-09-29,,,347.0606689453125,365.46453857421875,,625.619384765625,589.8895263671875,3183.47802734375,4637.65087890625,1698.2218017578125,1919.623046875,917.346923828125,1888.02099609375,674.2994384765625,50.0,5304.6630859375,,50.0,691.3450927734375,127.80750274658203,1677.970947265625,,157.63230895996094,9094.037109375,3487.106689453125,5737.56494140625,8386.1845703125,396.01898193359375,3433.612548828125,913.4472045898438,1357.559814453125,564.3578491210938,,1575.595947265625,292.7633056640625,655.6907348632812,,884.9794921875,187.46205139160156,7863.572265625,2024.903564453125,899.1908569335938,12899.90625,6391.34228515625,
2020-09-30,,,338.12347412109375,368.3535461425781,,625.619384765625,581.6393432617188,3106.8515625,4566.04248046875,1671.86376953125,1919.623046875,921.185302734375,1845.2384033203125,777.6593017578125,50.0,5212.8076171875,,50.0,691.3450927734375,126.88136291503906,1711.69921875,,155.97300720214844,9026.8408203125,3429.309326171875,5860.51220703125,8676.1962890625,390.13751220703125,3423.112548828125,917.5992431640625,1393.5216064453125,559.4503784179688,,1575.595947265625,284.35052490234375,635.0930786132812,,878.2921142578125,190.5994873046875,7928.3828125,1971.0087890625,899.1908569335938,12985.337890625,6491.52001953125,
2020-10-01,,,351.5292663574219,377.02069091796875,,630.3232421875,606.3898315429688,3211.34228515625,4692.41015625,1720.8148193359375,1995.397705078125,948.05322265625,1934.524169921875,817.0343627929688,50.0,5327.6279296875,,50.0,691.3450927734375,129.6597900390625,1855.043212890625,,155.1433563232422,9094.037109375,3506.37255859375,5881.00439453125,8724.5322265625,405.8214416503906,3444.113525390625,971.57568359375,1447.46435546875,569.2653198242188,,1585.3519287109375,297.81097412109375,655.6907348632812,,891.6671142578125,189.81512451171875,8274.03515625,2117.29443359375,920.910400390625,12971.0986328125,6431.41259765625,
2020-10-02,,,339.613037109375,371.2425537109375,,635.0271606445312,598.1396484375,3197.41015625,4637.65087890625,1698.2218017578125,1957.5101318359375,928.8617553710938,1934.524169921875,831.8001098632812,50.0,5258.7353515625,,50.0,689.0405883789062,128.733642578125,1770.7232666015625,,156.8026580810547,9026.8408203125,3477.4736328125,5799.03857421875,8579.5263671875,392.0980224609375,3412.6123046875,950.8156127929688,1411.50244140625,554.5429077148438,,1648.7659912109375,284.35052490234375,631.6600952148438,,878.2921142578125,185.10897827148438,8166.0185546875,2063.39990234375,907.878662109375,12914.146484375,6411.37744140625,
2020-10-05,,,335.1444396972656,377.02069091796875,,630.3232421875,594.0145874023438,3176.51171875,4650.287109375,1739.6422119140625,1995.397705078125,951.8914184570312,1990.327392578125,846.5657958984375,50.0,5281.69921875,,50.0,689.0405883789062,128.733642578125,1762.2911376953125,,157.63230895996094,9049.240234375,3448.5751953125,5819.529296875,8579.5263671875,396.01898193359375,3391.611328125,950.8156127929688,1407.00732421875,549.6354370117188,,1648.7659912109375,284.35052490234375,638.5260620117188,,869.3754272460938,185.89332580566406,8166.0185546875,2040.3017578125,899.1908569335938,12714.8115234375,6471.48388671875,
2020-10-06,,,335.1444396972656,384.2433166503906,,644.4349975585938,594.0145874023438,3218.307861328125,4801.92724609375,1758.46923828125,2014.3416748046875,955.7296752929688,2046.1312255859375,861.3314208984375,50.0,5258.7353515625,,50.0,689.0405883789062,129.6597900390625,1787.5872802734375,,157.63230895996094,9049.240234375,3487.106689453125,5921.98583984375,8531.189453125,399.9399719238281,3412.6123046875,963.2715454101562,1407.00732421875,588.8950805664062,,1639.010009765625,299.4935302734375,665.9894409179688,,878.2921142578125,185.89332580566406,8144.41455078125,2040.3017578125,899.1908569335938,12885.6708984375,6391.34228515625,
2020-10-07,,,336.63397216796875,375.576171875,,644.4349975585938,589.8895263671875,3244.23388671875,4848.26220703125,1758.46923828125,1970.13916015625,940.3765869140625,2064.732421875,841.6438598632812,51.0,5419.48291015625,,50.0,689.0405883789062,133.36434936523438,1838.17919921875,,157.63230895996094,8959.642578125,3313.714599609375,5840.02099609375,8507.0234375,407.7818908691406,3402.11181640625,942.5114135742188,1429.4833984375,579.0801391601562,,1673.156005859375,291.0807189941406,669.4224853515625,,876.0628662109375,185.10897827148438,8187.62158203125,2048.001220703125,890.5029907226562,12782.9482421875,6411.37744140625,
2020-10-08,,,336.63397216796875,377.02069091796875,,644.4349975585938,594.0145874023438,3328.318115234375,4869.322265625,1758.46923828125,1989.0831298828125,948.05322265625,2027.5302734375,846.5657958984375,50.0,5511.3388671875,,50.0,686.7361450195312,127.80750274658203,1855.043212890625,,158.46194458007812,9026.8408203125,3371.511962890625,5921.98583984375,8603.693359375,405.8214416503906,3412.6123046875,938.359375,1438.47412109375,579.0801391601562,,1702.424072265625,291.0807189941406,672.8554077148438,,887.208740234375,194.52130126953125,8338.84375,2078.79833984375,890.5029907226562,12969.455078125,6431.41259765625,
2020-10-09,,,332.16534423828125,378.4652099609375,,635.0271606445312,631.1405029296875,3321.31103515625,4865.111328125,1747.1728515625,1989.0831298828125,944.2149047851562,2064.732421875,836.7220458984375,50.0,5465.41064453125,,50.0,686.7361450195312,129.6597900390625,1855.043212890625,,158.46194458007812,9004.4404296875,3554.536865234375,5921.98583984375,8555.3583984375,405.8214416503906,3402.11181640625,942.5114135742188,1411.50244140625,593.8025512695312,,1726.8140869140625,297.81097412109375,672.8554077148438,,884.9794921875,196.87437438964844,8101.20849609375,2101.89599609375,890.5029907226562,12854.6796875,6451.4482421875,
2020-10-12,,,330.6758117675781,381.354248046875,,635.0271606445312,643.5157470703125,3293.282958984375,4932.50634765625,1758.46923828125,2014.3416748046875,967.2445678710938,2092.63427734375,826.878173828125,50.0,5488.37451171875,,50.0,640.646484375,129.6597900390625,1863.4754638671875,,162.6101531982422,8914.8447265625,3795.359130859375,5901.4951171875,8482.8564453125,403.8609313964844,3444.113525390625,942.5114135742188,1420.4930419921875,633.062255859375,,1746.326171875,297.81097412109375,686.5870971679688,,900.5836791992188,194.52130126953125,8122.8115234375,2101.89599609375,894.846923828125,12912.0673828125,6371.306640625,
2020-10-13,,,342.5920715332031,382.798828125,,635.0271606445312,631.1405029296875,3321.31103515625,4932.50634765625,1792.3585205078125,2071.172119140625,1017.14208984375,2111.2353515625,861.3314208984375,50.0,5465.41064453125,,50.0,636.0375366210938,128.733642578125,1846.6114501953125,,160.95086669921875,8892.4462890625,3689.3974609375,5942.47802734375,8337.849609375,403.8609313964844,3444.113525390625,954.967529296875,1424.98828125,637.9697265625,,1760.960205078125,296.12841796875,710.61767578125,,905.0421752929688,196.87437438964844,8079.60546875,2101.89599609375,894.846923828125,12912.0673828125,6391.34228515625,
2020-10-14,,,353.01873779296875,391.4659118652344,,630.3232421875,787.894287109375,3377.366455078125,4970.416015625,1863.9019775390625,2121.688720703125,1036.33349609375,2148.437744140625,895.78466796875,50.0,5488.37451171875,,50.0,709.781005859375,130.58592224121094,1863.4754638671875,,159.29156494140625,8914.8447265625,4036.18115234375,5840.02099609375,8482.8564453125,409.7424011230469,3454.61376953125,967.4236450195312,1429.4833984375,642.877197265625,,1760.960205078125,319.68408203125,731.21533203125,,913.9588012695312,210.20851135253906,8036.3984375,2163.489990234375,894.846923828125,12897.72265625,6351.2705078125,
2020-10-15,,,344.0816345214844,387.13238525390625,,630.3232421875,771.3939208984375,3321.31103515625,4873.53515625,1799.88916015625,2090.11572265625,1009.4655151367188,2083.33349609375,900.7066650390625,50.0,5350.59130859375,,50.0,709.781005859375,127.80750274658203,1796.0191650390625,,158.46194458007812,8735.6513671875,3814.625,5778.54736328125,8313.6806640625,399.9399719238281,3402.11181640625,954.967529296875,1402.5120849609375,642.877197265625,,1790.2281494140625,321.3666076660156,710.61767578125,,896.12548828125,207.07106018066406,7863.572265625,2140.39208984375,886.1591186523438,12452.9736328125,6351.2705078125,
2020-10-16,,,363.44549560546875,387.13238525390625,,625.619384765625,775.51904296875,3454.444091796875,4852.47412109375,1811.185546875,2052.228759765625,986.4358520507812,2074.032958984375,895.78466796875,50.0,5465.41064453125,,50.0,689.0405883789062,129.6597900390625,1796.0191650390625,,159.29156494140625,8735.6513671875,3814.625,5799.03857421875,8289.5146484375,401.9004821777344,3486.1142578125,942.5114135742188,1393.5216064453125,628.15478515625,,1756.0821533203125,319.68408203125,707.1846923828125,,913.9588012695312,203.93359375,7928.3828125,2117.29443359375,890.5029907226562,12553.3974609375,6411.37744140625,
2020-10-19,,,363.44549560546875,387.13238525390625,,630.3232421875,870.3964233398438,3503.4931640625,4970.416015625,1841.3094482421875,2071.172119140625,1005.6272583007812,2120.535888671875,885.94091796875,50.0,5534.3017578125,,50.0,689.0405883789062,131.51206970214844,1796.0191650390625,,158.46194458007812,8802.8486328125,3968.751220703125,5860.51220703125,8313.6806640625,405.8214416503906,3549.1162109375,946.6635131835938,1411.50244140625,628.15478515625,,1746.326171875,324.7317810058594,731.21533203125,,913.9588012695312,212.56158447265625,7928.3828125,2086.497314453125,873.1273803710938,12653.8251953125,6331.2353515625,
2020-10-20,,,360.4664306640625,387.13238525390625,,635.0271606445312,853.8959350585938,3626.114501953125,4890.38427734375,1811.185546875,2052.228759765625,990.274169921875,2101.934814453125,885.94091796875,50.0,5511.3388671875,,50.0,686.7361450195312,132.43820190429688,1762.2911376953125,,157.63230895996094,8713.2529296875,3978.38427734375,5758.0556640625,8362.0166015625,399.9399719238281,3507.115478515625,938.359375,1407.00732421875,623.247314453125,,1756.0821533203125,319.68408203125,717.4835815429688,,896.12548828125,210.20851135253906,8187.62158203125,2055.700439453125,873.1273803710938,12782.9482421875,6411.37744140625,
2020-10-21,,,357.4874572753906,382.798828125,,635.0271606445312,907.5222778320312,3678.6669921875,4869.322265625,1837.544189453125,2045.913818359375,986.4358520507812,2055.431884765625,871.17529296875,50.0,5488.37451171875,,50.0,737.4347534179688,135.2166290283203,1728.5631103515625,,157.63230895996094,8690.853515625,4122.87744140625,5799.03857421875,9159.5498046875,401.9004821777344,3454.61376953125,946.6635131835938,1407.00732421875,633.062255859375,,1770.7161865234375,314.636474609375,727.7823486328125,,891.6671142578125,214.1302947998047,8209.2236328125,2063.39990234375,868.783447265625,12782.9482421875,6371.306640625,
2020-10-22,,,345.57110595703125,378.4652099609375,,635.0271606445312,895.1469116210938,3678.6669921875,4886.171875,1830.0133056640625,2083.801025390625,967.2445678710938,2027.5302734375,930.2379760742188,50.0,5511.3388671875,,50.0,737.4347534179688,132.43820190429688,1779.1551513671875,,158.46194458007812,8646.056640625,4055.447265625,5921.98583984375,9038.7119140625,399.9399719238281,3381.111328125,913.4472045898438,1420.4930419921875,623.247314453125,,1775.5941162109375,311.2713623046875,727.7823486328125,,876.0628662109375,203.93359375,8058.00146484375,2078.79833984375,868.783447265625,12711.212890625,6291.16455078125,
2020-10-23,,,341.10260009765625,379.90972900390625,,635.0271606445312,895.1469116210938,3783.77197265625,4860.89892578125,1826.24755859375,2077.487060546875,1097.745849609375,2064.732421875,910.5503540039062,50.0,5511.3388671875,,50.0,695.9541015625,131.51206970214844,1745.4271240234375,,156.8026580810547,8713.2529296875,4055.447265625,5799.03857421875,8821.2021484375,401.9004821777344,3391.611328125,909.2952270507812,1424.98828125,623.247314453125,,1814.6181640625,324.7317810058594,731.21533203125,,873.8338623046875,215.6990203857422,8144.41455078125,2024.903564453125,868.783447265625,12582.0927734375,6351.2705078125,
2020-10-26,,,341.10260009765625,381.354248046875,,635.0271606445312,874.521484375,3783.77197265625,4898.80859375,1826.24755859375,2109.059326171875,1067.0396728515625,2148.437744140625,915.4723510742188,50.0,5442.44677734375,,50.0,716.6944580078125,130.58592224121094,1720.1312255859375,,156.8026580810547,8758.0517578125,3978.38427734375,5799.03857421875,8724.5322265625,396.01898193359375,3412.6123046875,905.1431274414062,1389.0263671875,637.9697265625,,1785.3502197265625,314.636474609375,758.6788330078125,,878.2921142578125,225.11134338378906,8295.63671875,2040.3017578125,864.4395751953125,12467.318359375,6311.2001953125,
2020-10-27,,,335.1444396972656,387.13238525390625,,639.7310791015625,870.3964233398438,3801.289794921875,4877.7470703125,1784.8275146484375,2121.688720703125,1067.0396728515625,2148.437744140625,885.94091796875,50.0,5373.55517578125,,50.0,737.4347534179688,128.733642578125,1711.69921875,,157.63230895996094,8646.056640625,3901.321044921875,5737.56494140625,8821.2021484375,394.0584716796875,3412.6123046875,888.5350341796875,1371.04541015625,642.877197265625,,1785.3502197265625,321.3666076660156,738.0811767578125,,873.8338623046875,234.52365112304688,8274.03515625,2017.2042236328125,860.0955810546875,12122.998046875,6271.12841796875,
2020-11-02,,,336.63397216796875,377.02069091796875,,649.1389770507812,907.5222778320312,3783.77197265625,4903.02099609375,1754.7037353515625,2134.31787109375,1067.0396728515625,2222.842529296875,885.94091796875,50.0,5350.59130859375,,50.0,848.0499877929688,127.80750274658203,1694.8349609375,,155.97300720214844,8735.6513671875,4113.24462890625,5758.0556640625,8797.03515625,394.0584716796875,3465.114013671875,876.0789184570312,1344.0740966796875,628.15478515625,,1804.8621826171875,311.2713623046875,727.7823486328125,,864.9171142578125,232.17059326171875,7885.17578125,1971.0087890625,860.0955810546875,11735.6337890625,6110.84423828125,
2020-11-03,,,341.10260009765625,374.13165283203125,,649.1389770507812,915.7725830078125,3853.841796875,4961.99169921875,1758.46923828125,2134.31787109375,1074.7161865234375,2232.143310546875,890.8628540039062,51.0,5465.41064453125,,50.0,884.9217529296875,127.80750274658203,1694.8349609375,,167.5880126953125,8713.2529296875,4074.712890625,5737.56494140625,8966.2099609375,394.0584716796875,3486.1142578125,884.383056640625,1326.0931396484375,628.15478515625,,1829.252197265625,316.3190002441406,738.0811767578125,,869.3754272460938,235.30801391601562,7712.349609375,1986.4071044921875,855.7516479492188,11993.8759765625,6271.12841796875,
2020-11-04,,,330.6758117675781,371.2425537109375,,658.5467529296875,911.6473388671875,3783.77197265625,4903.02099609375,1739.6422119140625,2077.487060546875,1051.6864013671875,2120.535888671875,861.3314208984375,50.0,5373.55517578125,,50.0,894.1397094726562,126.88136291503906,1673.7550048828125,,164.26943969726562,8758.0517578125,3939.8525390625,5696.58251953125,8603.693359375,391.1177978515625,3475.614013671875,884.383056640625,1308.1121826171875,618.33984375,,1814.6181640625,309.5888671875,720.9164428710938,,862.68798828125,232.17059326171875,7885.17578125,1986.4071044921875,855.7516479492188,11821.71484375,6251.0927734375,
2020-11-05,,,339.613037109375,375.576171875,,677.3623657226562,928.1478271484375,3853.841796875,5181.02685546875,1818.7166748046875,2203.77783203125,1101.5841064453125,2222.842529296875,910.5503540039062,50.0,5740.9775390625,,50.0,875.7037963867188,128.733642578125,1779.1551513671875,,165.0990753173828,8870.046875,4113.24462890625,5840.02099609375,8893.7060546875,415.6239013671875,3507.115478515625,909.2952270507812,1348.5692138671875,637.9697265625,,1892.666259765625,316.3190002441406,741.5140380859375,,878.2921142578125,236.8767547607422,8598.0810546875,2132.693115234375,860.0955810546875,11979.529296875,6331.2353515625,
2020-11-06,,,339.613037109375,392.91046142578125,,672.6583862304688,928.1478271484375,4081.568603515625,5307.3935546875,1867.6676025390625,2247.979736328125,1178.349609375,2250.744140625,920.3942260742188,50.0,5878.76123046875,,50.0,884.9217529296875,127.80750274658203,1838.17919921875,,164.26943969726562,8847.646484375,4113.24462890625,5881.00439453125,9377.0595703125,419.54486083984375,3591.118408203125,946.6635131835938,1362.0550537109375,657.599609375,,1887.788330078125,314.636474609375,755.2459106445312,,887.208740234375,236.8767547607422,8943.7333984375,2178.888427734375,868.783447265625,12036.9169921875,6471.48388671875,
2020-11-09,,,336.63397216796875,391.4659118652344,,677.3623657226562,1023.025146484375,3923.911865234375,5294.75634765625,1920.3839111328125,2330.068603515625,1201.379150390625,2287.946533203125,915.4723510742188,50.0,5878.76123046875,,50.0,884.9217529296875,127.80750274658203,1796.0191650390625,,164.26943969726562,8735.6513671875,4382.9658203125,5901.4951171875,9352.8916015625,413.66339111328125,3601.618408203125,950.8156127929688,1330.58837890625,687.0443115234375,,1917.056396484375,321.3666076660156,772.4105224609375,,896.12548828125,233.73928833007812,8835.7177734375,2217.384765625,894.846923828125,11979.529296875,6371.306640625,
2020-11-10,,,339.613037109375,410.2447204589844,,696.177978515625,990.0242919921875,4029.016845703125,5459.03271484375,2005.107177734375,2525.81982421875,1235.9237060546875,2371.65234375,954.8474731445312,50.0,6131.36474609375,,50.0,894.1397094726562,129.6597900390625,1846.6114501953125,,163.43978881835938,8668.4541015625,4354.06689453125,5860.51220703125,9256.220703125,409.7424011230469,3680.899169921875,996.4879150390625,1344.0740966796875,721.396484375,,1804.8621826171875,331.4619445800781,806.7398071289062,,900.5836791992188,239.2298126220703,9159.765625,2201.986328125,873.1273803710938,11850.41015625,6251.0927734375,
2020-11-11,,,358.9769287109375,413.1338195800781,,686.7701416015625,985.899169921875,4204.19091796875,5509.57958984375,2061.5888671875,2601.59423828125,1228.2470703125,2371.65234375,945.0037231445312,50.0,6154.32763671875,,50.0,859.5724487304688,130.58592224121094,1973.091552734375,,167.5880126953125,8601.2568359375,4305.90234375,5778.54736328125,9135.3828125,427.3868103027344,3713.569580078125,1021.4000244140625,1321.5980224609375,731.21142578125,,1785.3502197265625,343.23974609375,827.3375244140625,,922.8754272460938,235.30801391601562,9678.2421875,2371.369873046875,851.4077758789062,12309.505859375,6211.021484375,
2020-11-12,,,350.0397033691406,407.355712890625,,667.9544677734375,965.2736206054688,4204.19091796875,5408.486328125,2023.9342041015625,2494.246826171875,1220.5704345703125,2297.247314453125,940.081787109375,50.0,6223.2197265625,,50.0,852.658935546875,129.6597900390625,1930.9315185546875,,165.0990753173828,8758.0517578125,4248.10498046875,5881.00439453125,8942.0419921875,421.50537109375,3724.460205078125,1013.0960693359375,1335.0836181640625,760.6561889648438,,1765.838134765625,334.8270263671875,806.7398071289062,,909.5004272460938,233.73928833007812,9786.259765625,2340.57275390625,860.0955810546875,12108.6484375,6251.0927734375,
2020-11-13,,,347.0606689453125,407.355712890625,,682.0662231445312,965.2736206054688,4134.12060546875,5383.212890625,2127.484130859375,2525.81982421875,1239.7618408203125,2325.14892578125,920.3942260742188,50.0,6108.39990234375,,50.0,829.6141357421875,132.43820190429688,1930.9315185546875,,165.9287109375,8690.853515625,4219.2060546875,5819.529296875,9087.046875,431.3078308105469,3691.789306640625,1013.0960693359375,1344.0740966796875,741.0263671875,,1770.7161865234375,338.1921081542969,810.1727905273438,,909.5004272460938,231.38621520996094,9678.2421875,2302.07666015625,864.4395751953125,12122.998046875,6211.021484375,
2020-11-16,,,355.99786376953125,411.6893005371094,,686.7701416015625,977.6490478515625,4151.638671875,5459.03271484375,2136.897705078125,2500.561767578125,1266.6297607421875,2306.548095703125,920.3942260742188,50.0,6223.2197265625,,50.0,866.4859008789062,135.2166290283203,1956.2274169921875,,165.9287109375,8735.6513671875,4334.80126953125,5860.51220703125,8990.3759765625,435.228759765625,3964.045654296875,1058.7684326171875,1339.578857421875,750.8412475585938,,1814.6181640625,349.9699401855469,834.2033081054688,,949.62548828125,238.4454345703125,9462.2109375,2363.670654296875,873.1273803710938,12194.7294921875,6190.98681640625,
2020-11-17,,,351.5292663574219,411.6893005371094,,677.3623657226562,981.7741088867188,4064.051513671875,5518.00390625,2165.138916015625,2500.561767578125,1266.6297607421875,2325.14892578125,915.4723510742188,50.0,6154.32763671875,,50.0,806.5693359375,132.43820190429688,1939.3634033203125,,165.9287109375,9183.6337890625,4411.86376953125,5962.96875,8990.3759765625,437.1893005371094,3985.826416015625,1050.4642333984375,1348.5692138671875,750.8412475585938,,1839.00830078125,355.017578125,871.9656372070312,,940.7088623046875,237.66111755371094,9483.8134765625,2479.159423828125,877.47119140625,12079.95703125,6231.05859375,
2020-11-18,,,354.50830078125,405.91119384765625,,677.3623657226562,1023.025146484375,4046.5341796875,5534.85302734375,2155.7255859375,2551.078125,1305.012451171875,2362.3515625,945.0037231445312,50.0,5993.580078125,,50.0,755.8706665039062,133.36434936523438,1939.3634033203125,,165.9287109375,9206.033203125,4498.56005859375,6024.44287109375,8676.1962890625,431.3078308105469,4007.606689453125,1067.0723876953125,1353.0645751953125,760.6561889648438,,1858.520263671875,351.65252685546875,937.19140625,,940.7088623046875,236.8767547607422,9635.0361328125,2448.3623046875,899.1908569335938,12051.263671875,6251.0927734375,
2020-11-19,,,369.4036560058594,420.3564147949219,,672.6583862304688,1018.9000854492188,4011.4990234375,5572.76318359375,2165.138916015625,2551.078125,1308.850830078125,2353.051025390625,945.0037231445312,50.0,5878.76123046875,,50.0,772.0020751953125,137.99505615234375,1939.3634033203125,,169.24729919433594,9273.2294921875,4517.82568359375,5962.96875,8579.5263671875,429.3473205566406,4475.88671875,1058.7684326171875,1344.0740966796875,770.4711303710938,,1848.7642822265625,360.0652160644531,930.3255615234375,,994.208740234375,234.52365112304688,9635.0361328125,2440.6630859375,903.5347290039062,12338.197265625,6231.05859375,
2020-11-20,,,361.9559326171875,426.134521484375,,663.2505493164062,998.274658203125,4011.4990234375,5560.126953125,2136.897705078125,2538.448974609375,1289.659423828125,2343.750244140625,940.081787109375,50.0,5947.6533203125,,50.0,769.697509765625,144.47802734375,1939.3634033203125,,175.8844451904297,9049.240234375,4392.5986328125,5921.98583984375,8603.693359375,431.3078308105469,4421.4345703125,1042.16015625,1344.0740966796875,770.4711303710938,,1819.4962158203125,358.3826904296875,964.6549072265625,,976.3754272460938,234.52365112304688,9807.8623046875,2479.159423828125,894.846923828125,12223.42578125,6190.98681640625,
2020-11-23,,,384.29888916015625,424.6900634765625,,667.9544677734375,1035.400390625,4064.051513671875,5560.126953125,2221.62060546875,2576.33642578125,1312.6890869140625,2380.95263671875,1028.6759033203125,53.0,5924.68896484375,,50.0,769.697509765625,155.59173583984375,2048.979736328125,,177.54373168945312,9138.8359375,4488.92724609375,5962.96875,8603.693359375,446.9917297363281,4573.89794921875,1071.224365234375,1344.0740966796875,770.4711303710938,,1839.00830078125,392.0336608886719,978.3866577148438,,1016.50048828125,233.73928833007812,10455.958984375,2556.15185546875,929.5982055664062,12682.51953125,6271.12841796875,
2020-11-24,,,387.2779846191406,423.24542236328125,,667.9544677734375,1018.9000854492188,4064.051513671875,5530.640625,2240.447998046875,2652.11083984375,1324.203857421875,2390.25341796875,1068.051025390625,57.0,6062.47265625,,50.0,792.7423706054688,159.29629516601562,2108.00390625,,175.8844451904297,9071.6376953125,4450.3955078125,5942.47802734375,8821.2021484375,454.8336486816406,4769.92333984375,1096.13671875,1335.0836181640625,795.0083618164062,,1785.3502197265625,397.081298828125,988.6853637695312,,1016.50048828125,240.01419067382812,10131.91015625,2579.249755859375,907.878662109375,12869.02734375,6291.16455078125,
2020-11-25,,,387.2779846191406,418.9118957519531,,667.9544677734375,994.1493530273438,3888.87646484375,5400.0615234375,2278.1025390625,2727.88525390625,1324.203857421875,2427.45556640625,1063.12890625,72.0,5901.72509765625,,50.0,792.7423706054688,159.29629516601562,2099.57177734375,,174.22515869140625,8959.642578125,4431.1298828125,5860.51220703125,8700.365234375,450.9127502441406,4878.8251953125,1112.744873046875,1321.5980224609375,834.26806640625,,1770.7161865234375,398.76385498046875,971.5208129882812,,1016.50048828125,240.01419067382812,10283.1328125,2525.354736328125,907.878662109375,13901.9931640625,6190.98681640625,
2020-11-26,,,405.1523742675781,418.9118957519531,,667.9544677734375,998.274658203125,3958.946533203125,5459.03271484375,2372.239013671875,2708.941650390625,1343.395263671875,2501.860595703125,1117.2698974609375,76.0,6085.4365234375,,50.0,790.43798828125,162.07472229003906,2141.73193359375,,185.8401641845703,9071.6376953125,4460.02880859375,5921.98583984375,8990.3759765625,456.7942199707031,5009.50830078125,1116.8968505859375,1339.578857421875,853.89794921875,,1843.88623046875,433.2560729980469,981.8195190429688,,1052.1671142578125,242.3672637939453,10304.736328125,2671.640625,933.9422607421875,14059.806640625,6211.021484375,
2020-11-27,,,414.0895690917969,418.9118957519531,,672.6583862304688,1014.77490234375,3888.87646484375,5379.00146484375,2391.06640625,2696.312744140625,1335.71875,2473.958740234375,1097.58251953125,71.0,5970.6171875,,50.0,790.43798828125,164.85313415527344,2133.2998046875,,190.81802368164062,9497.2216796875,4508.193359375,5983.46044921875,9014.54296875,460.7151794433594,5161.9716796875,1150.113037109375,1330.58837890625,848.990478515625,,1917.056396484375,429.0496826171875,1023.014892578125,,1074.4588623046875,255.70140075683594,10304.736328125,2663.941650390625,977.3811645507812,14188.927734375,6211.021484375,
2020-11-30,,,414.0895690917969,420.3564147949219,,667.9544677734375,944.6482543945312,3713.70166015625,5227.36083984375,2259.275390625,2582.65087890625,1262.7916259765625,2353.051025390625,1033.597900390625,67.0,5580.23046875,,50.0,767.3931274414062,153.7394561767578,2032.1156005859375,,180.86231994628906,8870.046875,4440.7626953125,5819.529296875,8386.1845703125,431.3078308105469,5706.4833984375,1108.5928955078125,1353.0645751953125,790.1008911132812,,1892.666259765625,418.95440673828125,954.3560791015625,,1052.1671142578125,258.054443359375,10110.306640625,2486.858642578125,951.3179321289062,13199.001953125,6190.98681640625,
2020-12-01,,,414.0895690917969,431.9125671386719,,667.9544677734375,952.8983154296875,3888.87646484375,5387.42529296875,2353.411865234375,2677.36865234375,1320.3656005859375,2427.45556640625,1068.051025390625,63.0,5809.869140625,,50.0,781.219970703125,149.10874938964844,2065.84375,,184.18089294433594,9049.240234375,4479.2939453125,5819.529296875,9014.54296875,437.1893005371094,6011.4091796875,1145.9610595703125,1335.0836181640625,785.1934814453125,,1814.6181640625,424.84332275390625,954.3560791015625,,1083.3756103515625,248.64215087890625,10369.546875,2494.557861328125,916.5665283203125,13873.298828125,6241.23974609375,
2020-12-02,,,414.0895690917969,443.4687805175781,,672.6583862304688,1027.1502685546875,4011.4990234375,5433.76025390625,2391.06640625,2715.256103515625,1335.71875,2473.958740234375,1102.50439453125,59.0,5924.68896484375,,50.0,788.1334838867188,150.03489685058594,2074.27587890625,,192.47732543945312,9116.4365234375,4710.4833984375,5860.51220703125,9111.2138671875,492.0830383300781,6479.689453125,1204.089599609375,1344.0740966796875,824.4531860351562,,1912.1783447265625,454.28790283203125,988.6853637695312,,1092.292236328125,253.3483123779297,10326.33984375,2563.850830078125,916.5665283203125,14920.6123046875,6200.712890625,
2020-12-03,,,409.62103271484375,446.3577575683594,,667.9544677734375,1035.400390625,3941.42919921875,5442.18408203125,2391.06640625,2778.40185546875,1320.3656005859375,2446.05712890625,1107.426025390625,71.0,5809.869140625,,50.0,783.5244750976562,155.59173583984375,2040.5478515625,,192.47732543945312,8982.0419921875,4787.546875,5778.54736328125,9038.7119140625,486.2015380859375,6490.57958984375,1191.633544921875,1317.102783203125,790.1008911132812,,1946.3243408203125,466.9070129394531,998.9843139648438,,1087.8338623046875,254.1326446533203,10369.546875,2540.75341796875,920.910400390625,14977.998046875,6119.658203125,
2020-12-04,,,427.4953918457031,449.24688720703125,,672.6583862304688,1027.1502685546875,3993.981689453125,5383.212890625,2391.06640625,2715.256103515625,1320.3656005859375,2455.357666015625,1102.50439453125,68.0,5855.79736328125,,50.0,815.7871704101562,158.3701629638672,2065.84375,,189.1587371826172,8914.8447265625,4787.546875,5758.0556640625,9207.8857421875,505.80645751953125,6512.36083984375,1187.4815673828125,1331.5465087890625,780.2860717773438,,1951.202392578125,471.1133728027344,995.5513305664062,,1105.667236328125,254.1326446533203,10088.703125,2502.25732421875,916.5665283203125,15207.544921875,6160.18603515625,
2020-12-07,,,442.3905944824219,491.13800048828125,,705.585693359375,1056.0260009765625,4099.0869140625,5492.73046875,2504.0302734375,2778.40185546875,1331.88037109375,2492.559814453125,1200.942138671875,70.0,5786.9052734375,,50.0,852.658935546875,158.3701629638672,2124.86767578125,,235.61878967285156,8914.8447265625,4912.7744140625,5819.529296875,10247.095703125,521.4903564453125,6523.25146484375,1191.633544921875,1340.573974609375,790.1008911132812,,1980.470458984375,475.3197937011719,1005.8502197265625,,1194.8338623046875,258.054443359375,10153.513671875,2563.850830078125,916.5665283203125,15480.134765625,6220.9765625,
2020-12-08,,,460.2650146484375,478.1374206542969,,696.177978515625,1072.5262451171875,3993.981689453125,5467.45849609375,2504.0302734375,2778.40185546875,1316.52734375,2483.259033203125,1196.0203857421875,73.0,5878.76123046875,,50.0,919.4890747070312,159.29629516601562,2091.1396484375,,240.59664916992188,8780.4501953125,4840.52783203125,5737.56494140625,10222.9287109375,517.5693969726562,6457.90966796875,1187.4815673828125,1331.5465087890625,809.7307739257812,,1980.470458984375,471.1133728027344,1160.332275390625,,1257.250732421875,272.9573059082031,10002.2900390625,2540.75341796875,903.5347290039062,15365.3603515625,6180.44921875,
2020-12-10,,,460.2650146484375,476.6928405761719,,686.7701416015625,1150.9031982421875,4081.568603515625,5555.8447265625,2485.202880859375,2734.199951171875,1312.6890869140625,2529.76220703125,1176.3326416015625,70.0,5786.9052734375,,50.0,1023.1907958984375,155.59173583984375,2040.5478515625,,224.0037841796875,8914.8447265625,4840.52783203125,5717.0732421875,10706.2822265625,501.8854675292969,6207.43310546875,1183.329345703125,1336.060302734375,829.3606567382812,,1892.666259765625,492.1452331542969,1146.6005859375,,1248.333984375,281.58526611328125,10110.306640625,2509.956298828125,877.47119140625,14934.95703125,6119.658203125,
2020-12-11,,,457.28594970703125,479.5819091796875,,686.7701416015625,1196.279296875,3976.46435546875,5691.04345703125,2475.7890625,2702.62744140625,1308.850830078125,2520.461669921875,1210.7860107421875,69.0,5763.94140625,,50.0,1060.0625,209.30792236328125,2074.27587890625,,217.3666229248047,8802.8486328125,5033.185546875,5676.09033203125,10343.767578125,523.4508056640625,6392.56787109375,1179.17724609375,1322.519287109375,878.4352416992188,,1887.788330078125,530.0025634765625,1136.3017578125,,1252.792236328125,279.232177734375,9915.87890625,2525.354736328125,881.815185546875,15006.69140625,6058.86669921875,
2020-12-14,,,467.71270751953125,475.2482604980469,,692.4902954101562,1258.156005859375,3976.46435546875,5762.86767578125,2475.7890625,2702.62744140625,1412.484130859375,2501.860595703125,1225.5516357421875,71.0,6062.47265625,,50.0,1154.5462646484375,207.4556427001953,2209.18798828125,,222.344482421875,8802.8486328125,5081.35009765625,5758.0556640625,10416.26953125,652.8431396484375,6708.38427734375,1282.97802734375,1340.573974609375,878.4352416992188,,1897.5443115234375,534.208984375,1177.4969482421875,,1359.792236328125,294.135009765625,10369.546875,2556.15185546875,864.4395751953125,15724.029296875,6079.1298828125,
2020-12-15,,,455.79638671875,473.8037414550781,,697.2333984375,1287.031494140625,4169.15625,5737.517578125,2447.54833984375,2702.62744140625,1408.6458740234375,2492.559814453125,1230.4735107421875,70.0,6177.29248046875,,50.0,1129.1968994140625,205.6033477783203,2276.643798828125,,237.278076171875,8690.853515625,5057.26806640625,5655.599609375,10440.4375,664.606201171875,6632.1533203125,1295.434326171875,1340.573974609375,873.5277709960938,,1951.202392578125,530.0025634765625,1228.9910888671875,,1368.708984375,305.1160583496094,10585.5791015625,2656.2421875,864.4395751953125,15250.5859375,6058.86669921875,
2020-12-16,,,463.2440490722656,473.8037414550781,,697.2333984375,1497.411865234375,4291.7783203125,5872.7177734375,2513.44384765625,2727.88525390625,1466.2198486328125,2520.461669921875,1240.3173828125,70.0,6429.8955078125,,50.0,1290.5107421875,218.5693359375,2445.284423828125,,230.64093017578125,8758.0517578125,5298.09033203125,5655.599609375,10464.6044921875,829.2872924804688,6643.04345703125,1399.2352294921875,1394.7386474609375,873.5277709960938,,2068.2744140625,538.415283203125,1242.7227783203125,,1413.2923583984375,340.4122619628906,10888.0234375,2779.43017578125,865.3135375976562,15594.9091796875,6079.1298828125,
2020-12-17,,,443.8801574707031,488.2490539550781,,687.7471313476562,1497.411865234375,4344.3310546875,5860.04296875,2513.44384765625,2734.199951171875,1473.896484375,2557.6640625,1240.3173828125,83.0,6292.11181640625,,50.0,1267.4659423828125,218.5693359375,2352.5322265625,,228.9816436767578,8713.2529296875,5201.76123046875,5614.61669921875,10053.75390625,772.43310546875,6414.34912109375,1332.8026123046875,1390.224853515625,927.509765625,,2048.762451171875,563.6536254882812,1228.9910888671875,,1355.333984375,323.1563415527344,11168.865234375,2725.535400390625,856.5730590820312,15566.2138671875,6018.3388671875,
2020-12-18,,,440.9011535644531,486.80450439453125,,692.4902954101562,1608.78955078125,4344.3310546875,5745.96875,2504.0302734375,2702.62744140625,1489.2493896484375,2492.559814453125,1230.4735107421875,81.0,6062.47265625,,50.0,1308.9466552734375,224.1261749267578,2352.5322265625,,225.6630859375,8690.853515625,5177.67919921875,5594.12548828125,10053.75390625,893.9834594726562,6479.689453125,1357.7147216796875,1390.224853515625,902.9725341796875,,2185.3466796875,559.4471435546875,1228.9910888671875,,1328.5838623046875,337.2748718261719,10844.81640625,2702.437744140625,860.9432373046875,15279.2783203125,6160.18603515625,
2020-12-21,,,463.2440490722656,511.36138916015625,,706.7195434570312,1621.164794921875,4309.2958984375,5771.318359375,2485.202880859375,2658.425048828125,1535.3087158203125,2492.559814453125,1250.1610107421875,78.0,6406.931640625,,50.0,1338.905029296875,233.38758850097656,2445.284423828125,,230.64093017578125,8758.0517578125,5201.76123046875,5778.54736328125,10150.42578125,1078.2696533203125,6566.81201171875,1370.1707763671875,1394.7386474609375,902.9725341796875,,2702.415283203125,563.6536254882812,1232.4239501953125,,1355.333984375,363.9430847167969,10801.6103515625,2710.136962890625,882.7945556640625,16226.1650390625,6180.44921875,
2020-12-22,,,437.9220275878906,478.1374206542969,,692.4902954101562,1513.912109375,4256.74365234375,5674.1435546875,2372.239013671875,2607.9091796875,1431.675537109375,2380.95263671875,1191.0985107421875,73.0,6108.39990234375,,50.0,1258.248046875,224.1261749267578,2327.236328125,,224.0037841796875,8601.2568359375,4912.7744140625,5594.12548828125,9787.91015625,1029.25732421875,6218.32568359375,1299.5863037109375,1358.62890625,898.0650634765625,,2536.56298828125,525.7962036132812,1153.46630859375,,1284.000732421875,338.84356689453125,10758.4052734375,2586.948974609375,847.83251953125,15178.8515625,6058.86669921875,
2020-12-23,,,443.8801574707031,468.0257263183594,,725.69189453125,1476.7861328125,4204.19091796875,5682.59375,2353.411865234375,2626.8525390625,1381.7779541015625,2362.3515625,1205.864013671875,72.0,6062.47265625,,50.0,1253.6392822265625,216.71705627441406,2285.076171875,,214.04806518554688,8534.060546875,4888.6923828125,5573.6337890625,10247.095703125,1107.6768798828125,6207.43310546875,1278.8260498046875,1322.519287109375,888.2501220703125,,2478.027099609375,508.970703125,1132.868896484375,,1257.250732421875,348.2558898925781,10671.9912109375,2556.15185546875,843.462158203125,14963.6513671875,6018.3388671875,
2020-12-28,,,448.3487243652344,478.1374206542969,,815.8104248046875,1650.04052734375,4256.74365234375,5729.06884765625,2428.720947265625,2683.683837890625,1397.131103515625,2427.45556640625,1191.0985107421875,75.0,6223.2197265625,,50.0,1223.6807861328125,216.71705627441406,2369.39599609375,,220.68519592285156,8489.26171875,5153.5966796875,5676.09033203125,10657.9462890625,1107.6768798828125,6250.99462890625,1312.0423583984375,1354.1151123046875,888.2501220703125,,2507.295166015625,517.3834228515625,1215.25927734375,,1270.6256103515625,356.09942626953125,10844.81640625,2640.843505859375,843.462158203125,15451.44140625,6038.60302734375,
2020-12-29,,,443.8801574707031,472.3592834472656,,796.8380737304688,1604.6644287109375,4239.22607421875,5716.39404296875,2372.239013671875,2639.4814453125,1358.7481689453125,2390.25341796875,1122.1917724609375,73.0,6062.47265625,,50.0,1198.33154296875,207.4556427001953,2403.124267578125,,214.04806518554688,8332.4677734375,5009.103515625,5594.12548828125,10319.59765625,1034.1585693359375,6218.32568359375,1270.5220947265625,1345.0877685546875,829.3606567382812,,2439.0029296875,521.5899047851562,1184.36279296875,,1288.4591064453125,351.393310546875,10866.4189453125,2633.14453125,852.2027587890625,15207.544921875,5957.54833984375,
2020-12-30,,,426.005859375,459.35858154296875,,758.8934936523438,1596.4140625,4221.70947265625,5720.61865234375,2325.170654296875,2633.16748046875,1324.203857421875,2353.051025390625,1082.8167724609375,72.0,5993.580078125,,50.0,1290.5107421875,194.4896697998047,2301.940185546875,,202.4330596923828,8578.8583984375,4912.7744140625,5614.61669921875,10077.9228515625,990.0475463867188,6033.18994140625,1216.5457763671875,1336.060302734375,775.3786010742188,,2370.7109375,496.3515930175781,1136.3017578125,,1252.792236328125,359.2369079589844,10736.7998046875,2548.452880859375,839.0919189453125,15264.9345703125,5957.54833984375,655.205078125
2021-01-04,,,433.4534606933594,472.3592834472656,,758.8934936523438,1806.79443359375,4361.8486328125,5775.54296875,2400.480224609375,2721.570556640625,1397.131103515625,2418.15478515625,1092.6605224609375,74.0,5947.6533203125,,50.0,1419.56201171875,200.0465087890625,2394.6923828125,,200.77374267578125,8578.8583984375,5298.09033203125,5594.12548828125,10512.9404296875,1137.084228515625,5946.06884765625,1233.1536865234375,1331.5465087890625,814.6382446289062,,2526.80712890625,534.208984375,1057.34423828125,,1243.8756103515625,373.3553771972656,10866.4189453125,2687.0390625,847.83251953125,15293.626953125,6058.86669921875,819.0064086914062
2021-01-05,,,424.51629638671875,466.58123779296875,,744.6642456054688,1839.7952880859375,4326.8134765625,5991.0166015625,2447.54833984375,2696.312744140625,1389.4544677734375,2390.25341796875,1141.8795166015625,74.0,5947.6533203125,,50.0,1403.4305419921875,196.34194946289062,2369.39599609375,,214.04806518554688,8466.8623046875,5538.91259765625,5614.61669921875,10609.6103515625,1092.97314453125,5924.287109375,1241.457763671875,1327.032958984375,824.4531860351562,,2663.391357421875,534.208984375,1098.539306640625,,1234.958984375,379.6302490234375,10715.19921875,2671.640625,843.462158203125,15092.771484375,5977.81103515625,833.8973999023438
2021-01-06,,,409.62103271484375,459.35858154296875,,739.921142578125,1831.545166015625,4309.2958984375,5868.4921875,2409.893798828125,2652.11083984375,1385.6160888671875,2390.25341796875,1122.1917724609375,71.0,5901.72509765625,,50.0,1403.4305419921875,194.4896697998047,2310.3720703125,,210.72946166992188,8444.4638671875,5587.0771484375,5532.6513671875,10440.4375,1068.467041015625,5717.3740234375,1241.457763671875,1354.1151123046875,790.1008911132812,,2585.34326171875,576.272705078125,1071.075927734375,,1194.8338623046875,379.6302490234375,10391.1484375,2594.64794921875,843.462158203125,14805.8388671875,5835.96484375,794.1880493164062
2021-01-07,,,418.5580749511719,492.5826110839844,,725.69189453125,2145.052490234375,4256.74365234375,5885.39208984375,2419.307373046875,2702.62744140625,1389.4544677734375,2408.8544921875,1112.3480224609375,73.0,5901.72509765625,,50.0,1437.997802734375,211.1602020263672,2301.940185546875,,209.0701904296875,8511.6611328125,6333.6259765625,5553.1435546875,11044.62890625,1156.689208984375,5869.83642578125,1224.849853515625,1340.573974609375,799.9158325195312,,2575.587158203125,614.1298828125,1077.94189453125,,1257.250732421875,379.6302490234375,10628.78515625,2610.046630859375,839.0919189453125,15379.7060546875,5835.96484375,789.224365234375
2021-01-08,,,430.47442626953125,489.69354248046875,,735.1780395507812,2145.052490234375,4501.98828125,5957.216796875,2438.134765625,2772.087158203125,1423.9989013671875,2436.756591796875,1151.72314453125,78.0,6154.32763671875,,50.0,1502.5234375,205.6033477783203,2369.39599609375,,210.72946166992188,8534.060546875,6261.37939453125,5573.6337890625,12083.83984375,1156.689208984375,5924.287109375,1237.305908203125,1349.6014404296875,819.5457153320312,,2585.34326171875,609.923583984375,1126.0028076171875,,1270.6256103515625,384.33642578125,10650.388671875,2748.63330078125,843.462158203125,15652.2958984375,5815.70166015625,809.0790405273438
2021-01-11,,,454.3068542480469,486.80450439453125,,739.921142578125,2128.55224609375,4572.05810546875,6206.49072265625,2456.9619140625,2936.265380859375,1466.2198486328125,2548.363525390625,1161.5670166015625,79.0,5970.6171875,,50.0,1700.708984375,201.89878845214844,2352.5322265625,,210.72946166992188,8534.060546875,6020.55712890625,5532.6513671875,11842.1630859375,1156.689208984375,6131.20263671875,1216.5457763671875,1588.8284912109375,799.9158325195312,,2478.027099609375,618.3363647460938,1115.7041015625,,1297.3756103515625,392.1800231933594,10391.1484375,2771.73095703125,843.462158203125,15236.2412109375,5835.96484375,819.0064086914062
2021-01-12,,,439.4116516113281,478.1374206542969,,725.69189453125,2285.306396484375,4572.05810546875,6050.16650390625,2447.54833984375,2980.467529296875,1462.381591796875,2585.565673828125,1161.5670166015625,77.0,5878.76123046875,,50.0,1700.708984375,198.1942138671875,2327.236328125,,205.7516326904297,8444.4638671875,6237.296875,5512.16015625,11842.1630859375,1156.689208984375,6142.091796875,1204.089599609375,1516.6090087890625,780.2860717773438,,2439.0029296875,601.5108642578125,1105.4052734375,,1275.083984375,376.4928283691406,10477.5625,2702.437744140625,834.7216796875,15049.73046875,5754.91015625,819.0064086914062
2021-01-13,,,451.32781982421875,482.4708557128906,,754.1503295898438,2574.06298828125,4747.23193359375,6016.36669921875,2456.9619140625,3024.6689453125,1435.5137939453125,2576.265625,1156.64501953125,103.0,5901.72509765625,,50.0,1751.4075927734375,198.1942138671875,2318.803955078125,,209.0701904296875,8354.865234375,6405.87255859375,5491.6689453125,12978.0439453125,1249.8123779296875,6370.78759765625,1208.2415771484375,1412.79345703125,780.2860717773438,,2448.759033203125,618.3363647460938,1108.8382568359375,,1355.333984375,367.08050537109375,10412.7529296875,2679.33984375,825.9810791015625,15035.38671875,5694.119140625,779.2969970703125
2021-01-14,,,445.3696594238281,482.4708557128906,,792.0950927734375,2623.564208984375,4747.23193359375,5931.86669921875,2428.720947265625,3012.0400390625,1462.381591796875,2548.363525390625,1141.8795166015625,105.0,6108.39990234375,,50.0,1756.0166015625,194.4896697998047,2276.643798828125,,205.7516326904297,8377.265625,6357.7080078125,5512.16015625,13558.068359375,1215.50390625,6403.458984375,1353.5628662109375,1439.875732421875,795.0083618164062,,2390.222900390625,601.5108642578125,1242.7227783203125,,1337.500732421875,363.9430847167969,10304.736328125,2694.738525390625,825.9810791015625,15092.771484375,5673.85498046875,729.6602172851562
2021-01-15,,,433.4534606933594,470.9146423339844,,768.379638671875,2574.06298828125,4607.0927734375,5876.94189453125,2381.65283203125,2892.063720703125,1423.9989013671875,2501.860595703125,1127.11376953125,120.0,6085.4365234375,,53.0,1742.1898193359375,190.78509521484375,2192.32373046875,,200.77374267578125,8399.6650390625,6381.79052734375,5471.177734375,12978.0439453125,1205.701416015625,6185.65380859375,1291.2822265625,1485.0130615234375,795.0083618164062,,2487.782958984375,580.4790649414062,1218.692138671875,,1310.7506103515625,367.08050537109375,10326.33984375,2679.33984375,817.2406005859375,15035.38671875,5633.328125,689.9508056640625
2021-01-18,,,428.98486328125,465.13665771484375,,754.1503295898438,2400.80908203125,4677.1630859375,6016.36669921875,2372.239013671875,2917.321533203125,1404.8076171875,2576.265625,1058.2071533203125,130.0,6131.36474609375,,70.0,1746.7987060546875,237.0921630859375,2091.1396484375,,195.7958984375,8623.65625,5972.39306640625,5614.61669921875,12083.83984375,1122.380615234375,6044.08154296875,1274.674072265625,1498.5540771484375,780.2860717773438,,2409.73486328125,551.034423828125,1232.4239501953125,,1315.208984375,362.3743591308594,10931.23046875,2656.2421875,839.0919189453125,15322.3212890625,6079.1298828125,645.2777709960938
2021-01-19,,,421.5371398925781,470.9146423339844,,749.4072875976562,2235.80517578125,4677.1630859375,5995.24267578125,2343.998291015625,2917.321533203125,1381.7779541015625,2594.8662109375,984.3787841796875,121.0,5901.72509765625,,66.0,1774.4525146484375,222.27389526367188,2217.6201171875,,192.47732543945312,8735.6513671875,5731.5703125,5573.6337890625,12349.68359375,1112.5780029296875,5869.83642578125,1245.60986328125,1430.848388671875,750.8412475585938,,2292.662841796875,530.0025634765625,1170.631103515625,,1270.6256103515625,384.33642578125,10715.19921875,2625.445068359375,839.0919189453125,14877.5693359375,6139.921875,650.2413940429688
2021-01-20,,,421.5371398925781,479.5819091796875,,749.4072875976562,2631.814697265625,4677.1630859375,5995.24267578125,2419.307373046875,3087.81494140625,1431.675537109375,2743.676025390625,1043.441650390625,113.0,5878.76123046875,,62.0,1769.843505859375,220.42160034179688,2167.02783203125,,200.77374267578125,8668.4541015625,6405.87255859375,5532.6513671875,13413.0615234375,1141.9853515625,5946.06884765625,1241.457763671875,1435.362060546875,790.1008911132812,,2468.27099609375,588.8917236328125,1191.2286376953125,,1284.000732421875,382.7677307128906,10758.4052734375,2671.640625,856.5730590820312,14906.2666015625,5998.0751953125,660.1688232421875
2021-01-21,,,420.0476379394531,475.2482604980469,,758.8934936523438,2549.3125,4764.74951171875,5978.341796875,2419.307373046875,3024.6689453125,1427.8372802734375,2697.173095703125,1053.2852783203125,106.0,5832.833984375,,58.0,1779.0614013671875,248.20584106445312,2150.164306640625,,199.11447143554688,8578.8583984375,6478.11962890625,5553.1435546875,13147.216796875,1102.775634765625,5902.5078125,1270.5220947265625,1494.0404052734375,780.2860717773438,,2468.27099609375,563.6536254882812,1211.8262939453125,,1275.083984375,367.08050537109375,10585.5791015625,2679.33984375,891.5352172851562,14863.2275390625,5937.28369140625,660.1688232421875
2021-01-22,,,402.17333984375,452.1360168457031,,749.4072875976562,2376.058349609375,4694.68017578125,5982.56640625,2362.825439453125,2980.467529296875,1381.7779541015625,2678.572021484375,1004.06640625,99.0,5832.833984375,,54.0,1834.3690185546875,231.53530883789062,2048.979736328125,,192.47732543945312,8489.26171875,6092.8037109375,5471.177734375,12567.193359375,1073.368408203125,5684.7021484375,1287.130126953125,1457.9306640625,731.21142578125,,2360.954833984375,538.415283203125,1153.46630859375,,1234.958984375,351.393310546875,10499.1650390625,2610.046630859375,874.0541381835938,14447.1689453125,5896.75634765625,650.2413940429688
2021-01-25,,,385.7884826660156,440.5797119140625,,768.379638671875,2367.807861328125,4537.0234375,5944.5419921875,2343.998291015625,3018.3544921875,1366.4249267578125,2715.774169921875,969.6131591796875,93.0,5832.833984375,,51.0,1728.3626708984375,216.71705627441406,2023.6839599609375,,185.8401641845703,8511.6611328125,6116.8857421875,5430.19482421875,12953.8759765625,1053.7633056640625,5510.4580078125,1345.2587890625,1448.9031982421875,745.9337768554688,,2360.954833984375,513.1771240234375,1112.2711181640625,,1203.75048828125,370.21795654296875,10175.1162109375,2594.64794921875,882.7945556640625,13916.33984375,5876.4931640625,635.3504638671875
2021-01-26,,,375.3617248535156,424.6900634765625,,758.8934936523438,2202.80419921875,4449.43505859375,5762.86767578125,2287.5166015625,2936.265380859375,1312.6890869140625,2743.676025390625,1043.441650390625,87.0,5695.04931640625,,50.0,1631.5743408203125,201.89878845214844,1930.9315185546875,,179.20301818847656,8511.6611328125,5924.22802734375,5389.21240234375,12373.8515625,1063.5657958984375,5412.447265625,1253.9139404296875,1394.7386474609375,760.6561889648438,,2429.2470703125,500.5580139160156,1053.9112548828125,,1230.500732421875,345.1184387207031,10153.513671875,2509.956298828125,869.6838989257812,13744.17578125,5876.4931640625,625.4230346679688
2021-01-27,,,370.8931579589844,430.46807861328125,,754.1503295898438,2103.8017578125,4396.8828125,5737.517578125,2249.861572265625,2917.321533203125,1305.012451171875,2715.774169921875,979.4569702148438,81.0,5626.15869140625,,50.0,1723.75390625,188.9328155517578,1981.523681640625,,182.5216064453125,8511.6611328125,5538.91259765625,5368.720703125,12712.2001953125,1078.2696533203125,5183.751953125,1212.3936767578125,1363.1427001953125,795.0083618164062,,2351.198974609375,542.6217041015625,1019.5819091796875,,1194.8338623046875,343.5496826171875,10002.2900390625,2602.34765625,860.9432373046875,13428.55078125,5775.1748046875,625.4230346679688
2021-01-28,,,357.4874572753906,405.91119384765625,,754.1503295898438,1963.5482177734375,4396.8828125,5830.46728515625,2174.552490234375,2822.603271484375,1247.4383544921875,2622.76806640625,915.4723510742188,76.0,5327.6279296875,,50.0,1751.4075927734375,175.9668426513672,1914.0672607421875,,175.8844451904297,8377.265625,5201.76123046875,5184.29931640625,12373.8515625,1014.5535278320312,5161.9716796875,1129.352783203125,1367.6563720703125,760.6561889648438,,2234.126708984375,508.970703125,954.3560791015625,,1154.708984375,320.0188903808594,9743.052734375,2494.557861328125,830.3514404296875,13701.138671875,5734.646484375,630.38671875
2021-01-29,,,357.4874572753906,410.2447204589844,,739.921142578125,1831.545166015625,4274.2607421875,5712.16845703125,2089.829833984375,2639.4814453125,1205.217529296875,2446.05712890625,871.17529296875,71.0,5281.69921875,,50.0,1751.4075927734375,176.89297485351562,1871.9073486328125,,175.8844451904297,8153.275390625,5298.09033203125,4958.89501953125,12470.521484375,985.146240234375,5336.21484375,1129.352783203125,1322.519287109375,755.7487182617188,,2487.782958984375,546.828125,923.4596557617188,,1150.25048828125,341.9809875488281,9159.765625,2394.4677734375,839.0919189453125,13112.9208984375,5613.06396484375,630.38671875
2021-02-01,,,366.4245300292969,433.3571472167969,,739.921142578125,2145.052490234375,4221.70947265625,5762.86767578125,2202.79345703125,2778.40185546875,1285.8211669921875,2492.559814453125,974.5350952148438,67.0,5603.1943359375,,50.0,1889.6766357421875,213.01248168945312,1947.7955322265625,,180.86231994628906,8265.271484375,6020.55712890625,5122.8251953125,13340.55859375,999.8500366210938,5434.22705078125,1154.26513671875,1345.0877685546875,760.6561889648438,,2731.683349609375,555.24072265625,998.9843139648438,,1163.6256103515625,354.53076171875,9959.0849609375,2486.858642578125,856.5730590820312,13686.7900390625,5694.119140625,635.3504638671875
2021-02-02,,,357.4874572753906,468.0257263183594,,744.6642456054688,1996.54931640625,4186.673828125,5745.96875,2221.62060546875,2753.1435546875,1335.71875,2408.8544921875,1127.11376953125,63.0,5511.3388671875,,50.0,1908.112548828125,213.01248168945312,1914.0672607421875,,179.20301818847656,8511.6611328125,5683.40576171875,5184.29931640625,12929.708984375,1053.7633056640625,5259.9833984375,1166.7213134765625,1372.1700439453125,745.9337768554688,,2565.8310546875,567.8599243164062,1009.283203125,,1110.12548828125,345.1184387207031,9462.2109375,2517.655517578125,878.4243774414062,12955.1083984375,5673.85498046875,630.38671875
2021-02-03,,,348.5501708984375,486.80450439453125,,739.921142578125,1922.29736328125,4309.2958984375,5767.09326171875,2372.239013671875,2765.773193359375,1328.042236328125,2418.15478515625,1097.58251953125,60.0,5304.6630859375,,50.0,1954.2021484375,213.01248168945312,1973.091552734375,,184.18089294433594,8444.4638671875,5635.24169921875,5163.80859375,12639.6962890625,1014.5535278320312,5085.740234375,1162.5692138671875,1408.27978515625,745.9337768554688,,2507.295166015625,580.4790649414062,1019.5819091796875,,1074.4588623046875,349.8245849609375,9397.3994140625,2494.557861328125,895.9054565429688,12883.3740234375,5815.70166015625,650.2413940429688
2021-02-04,,,347.0606689453125,492.5826110839844,,739.921142578125,1980.048583984375,4344.3310546875,5792.4423828125,2362.825439453125,2835.23291015625,1343.395263671875,2446.05712890625,1097.58251953125,56.0,5304.6630859375,,50.0,1935.76611328125,220.42160034179688,2032.1156005859375,,180.86231994628906,8354.865234375,5635.24169921875,5184.29931640625,14186.427734375,1092.97314453125,5281.76318359375,1145.9610595703125,1394.7386474609375,745.9337768554688,,2419.490966796875,563.6536254882812,1002.417236328125,,1105.667236328125,349.8245849609375,9181.369140625,2533.053955078125,900.2756958007812,12825.9892578125,5917.02001953125,650.2413940429688
2021-02-05,,,360.4664306640625,505.58331298828125,,739.921142578125,2194.553955078125,4274.2607421875,5843.14208984375,2372.239013671875,2822.603271484375,1374.1014404296875,2436.756591796875,1146.8013916015625,63.0,5396.51904296875,,50.0,1954.2021484375,218.5693359375,1998.387451171875,,192.47732543945312,8265.271484375,5803.8173828125,5184.29931640625,13461.3974609375,1068.467041015625,5488.67822265625,1158.417236328125,1435.362060546875,736.118896484375,,2399.97900390625,576.272705078125,1012.716064453125,,1141.3338623046875,357.6681823730469,9721.44921875,2533.053955078125,917.7568359375,13256.3896484375,5856.22900390625,655.205078125
2021-02-08,,,363.44549560546875,488.2490539550781,,739.921142578125,2334.807373046875,4274.2607421875,5847.36669921875,2372.239013671875,2816.288818359375,1374.1014404296875,2446.05712890625,1171.410888671875,66.0,5419.48291015625,,50.0,1944.9842529296875,220.42160034179688,1973.091552734375,,200.77374267578125,8153.275390625,5924.22802734375,5122.8251953125,13751.4091796875,1078.2696533203125,5543.130859375,1204.089599609375,1417.30712890625,745.9337768554688,,2448.759033203125,593.09814453125,1026.44775390625,,1163.6256103515625,357.6681823730469,9548.6240234375,2525.354736328125,922.1270751953125,13959.380859375,5754.91015625,670.0961303710938
2021-02-09,,,360.4664306640625,469.4702453613281,,739.921142578125,2252.305419921875,4081.568603515625,5898.06689453125,2343.998291015625,2917.321533203125,1331.88037109375,2418.15478515625,1127.11376953125,65.0,5419.48291015625,,50.0,1898.8946533203125,209.30792236328125,1964.6595458984375,,194.13661193847656,7884.48583984375,5731.5703125,5040.8603515625,13509.732421875,1078.2696533203125,5477.7880859375,1216.5457763671875,1372.1700439453125,731.21142578125,,2487.782958984375,580.4790649414062,981.8195190429688,,1154.708984375,338.84356689453125,9419.0048828125,2463.760498046875,891.5352172851562,13500.2822265625,5754.91015625,670.0961303710938
2021-02-10,,,357.4874572753906,475.2482604980469,,758.8934936523438,2417.309326171875,4134.12060546875,5847.36669921875,2334.58447265625,2936.265380859375,1335.71875,2418.15478515625,1136.9576416015625,66.0,5465.41064453125,,50.0,1908.112548828125,201.89878845214844,1973.091552734375,,187.4994659423828,8063.677734375,5803.8173828125,5020.36865234375,13558.068359375,1137.084228515625,5445.1181640625,1199.9375,1376.6837158203125,731.21142578125,,2497.5390625,572.0662231445312,964.6549072265625,,1136.87548828125,332.5686340332031,9548.6240234375,2456.061767578125,939.6082153320312,13471.58984375,5795.43798828125,680.0234985351562
2021-02-11,,,361.9559326171875,479.5819091796875,,758.8934936523438,2367.807861328125,4099.0869140625,5813.56787109375,2334.58447265625,2955.20947265625,1328.042236328125,2418.15478515625,1151.72314453125,65.0,5580.23046875,,50.0,1889.6766357421875,203.75106811523438,1973.091552734375,,182.5216064453125,8041.27978515625,6140.96875,5163.80859375,13654.73828125,1166.4915771484375,5641.1416015625,1233.1536865234375,1376.6837158203125,741.0263671875,,2517.051025390625,572.0662231445312,974.9536743164062,,1154.708984375,332.5686340332031,9462.2109375,2456.061767578125,939.6082153320312,13485.9375,5815.70166015625,684.9871826171875
2021-02-15,,,361.9559326171875,489.69354248046875,,749.4072875976562,2392.55859375,4169.15625,5745.96875,2343.998291015625,2974.15234375,1423.9989013671875,2418.15478515625,1166.4888916015625,65.0,5626.15869140625,,50.0,1917.3306884765625,203.75106811523438,1939.3634033203125,,184.18089294433594,8041.27978515625,6068.7216796875,5040.8603515625,14307.265625,1186.0965576171875,5554.0205078125,1274.674072265625,1376.6837158203125,741.0263671875,,2478.027099609375,584.6853637695312,1043.6123046875,,1159.167236328125,334.13739013671875,9656.6396484375,2479.159423828125,943.978515625,13342.4716796875,5714.3828125,689.9508056640625
2021-02-16,,,360.4664306640625,498.360595703125,,749.4072875976562,2367.807861328125,4151.638671875,5864.26806640625,2391.06640625,2948.89453125,1481.5728759765625,2408.8544921875,1141.8795166015625,64.0,5809.869140625,,50.0,1926.548583984375,205.6033477783203,1863.4754638671875,,185.8401641845703,7906.88525390625,5996.474609375,4999.87744140625,14234.763671875,1190.9976806640625,5521.349609375,1266.3699951171875,1376.6837158203125,736.118896484375,,2487.782958984375,572.0662231445312,1033.3135986328125,,1159.167236328125,324.7250671386719,9527.01953125,2471.4599609375,930.8677368164062,13256.3896484375,5694.119140625,694.9144897460938
2021-02-17,,,351.5292663574219,501.249755859375,,739.921142578125,2268.8056640625,4064.051513671875,5830.46728515625,2315.75732421875,2923.63623046875,1439.35205078125,2362.3515625,1072.972900390625,61.0,5695.04931640625,,50.0,1972.637939453125,201.89878845214844,1821.3150634765625,,185.8401641845703,7906.88525390625,5851.9814453125,4999.87744140625,13654.73828125,1132.1829833984375,5379.7763671875,1224.849853515625,1367.6563720703125,721.396484375,,2497.5390625,572.0662231445312,1005.8502197265625,,1141.3338623046875,316.8814392089844,9483.8134765625,2425.2646484375,926.497314453125,13112.9208984375,5754.91015625,699.878173828125
2021-02-18,,,350.0397033691406,499.8051452636719,,768.379638671875,2293.55615234375,4011.4990234375,5691.04345703125,2268.68896484375,2948.89453125,1427.8372802734375,2325.14892578125,1038.5196533203125,60.0,5580.23046875,,50.0,2046.381591796875,200.0465087890625,1838.17919921875,,180.86231994628906,7839.6884765625,5972.39306640625,4958.89501953125,13461.3974609375,1092.97314453125,5292.654296875,1224.849853515625,1345.0877685546875,721.396484375,,2585.34326171875,584.6853637695312,995.5513305664062,,1141.3338623046875,304.3316955566406,9246.1787109375,2448.3623046875,952.718994140625,13184.65625,5653.59130859375,734.6239013671875
2021-02-19,,,351.5292663574219,501.249755859375,,758.8934936523438,2376.058349609375,4046.5341796875,5767.09326171875,2259.275390625,3024.6689453125,1443.1903076171875,2371.65234375,1028.6759033203125,58.0,5695.04931640625,,50.0,2083.25341796875,213.01248168945312,1804.4512939453125,,179.20301818847656,7705.29248046875,6092.8037109375,4979.38623046875,13461.3974609375,1117.4794921875,5314.4345703125,1204.089599609375,1430.848388671875,716.489013671875,,2565.8310546875,572.0662231445312,995.5513305664062,,1136.87548828125,298.0568542480469,9289.384765625,2471.4599609375,952.718994140625,13242.0439453125,5633.328125,754.4786376953125
2021-02-22,,,360.4664306640625,498.360595703125,,834.7827758789062,2433.81005859375,3993.981689453125,5737.517578125,2231.0341796875,3024.6689453125,1481.5728759765625,2371.65234375,1004.06640625,61.0,5465.41064453125,,50.0,2110.906982421875,209.30792236328125,1796.0191650390625,,175.8844451904297,7727.69287109375,6189.1328125,4958.89501953125,13727.2412109375,1176.2940673828125,5564.91015625,1191.633544921875,1417.30712890625,780.2860717773438,,2760.951416015625,588.8917236328125,998.9843139648438,,1221.583984375,321.587646484375,9094.95703125,2440.6630859375,992.0514526367188,13342.4716796875,5572.5361328125,754.4786376953125
2021-02-23,,,358.9769287109375,501.249755859375,,825.2965087890625,2425.559326171875,4011.4990234375,5767.09326171875,2240.447998046875,3024.6689453125,1535.3087158203125,2353.051025390625,1063.12890625,62.0,5557.26611328125,,50.0,2055.599609375,205.6033477783203,1871.9073486328125,,177.54373168945312,7660.49462890625,6237.296875,4958.89501953125,13751.4091796875,1137.084228515625,5347.10498046875,1204.089599609375,1390.224853515625,795.0083618164062,,2682.9033203125,605.71728515625,995.5513305664062,,1212.6673583984375,315.31280517578125,9030.1474609375,2671.640625,1013.9027099609375,13270.736328125,5552.27197265625,754.4786376953125
2021-02-24,,,353.01873779296875,481.0263671875,,953.35986328125,2400.80908203125,3941.42919921875,5682.59375,2287.5166015625,2986.781982421875,1612.07421875,2371.65234375,1018.83203125,59.0,5557.26611328125,,50.0,1991.0740966796875,207.4556427001953,1821.3150634765625,,175.8844451904297,7750.09130859375,6068.7216796875,4999.87744140625,13171.384765625,1112.5780029296875,5281.76318359375,1199.9375,1358.62890625,799.9158325195312,,2614.611083984375,588.8917236328125,978.3866577148438,,1172.542236328125,306.6847839355469,8878.923828125,2679.33984375,1018.2730712890625,12940.7607421875,5552.27197265625,749.5149536132812
2021-02-25,,,357.4874572753906,495.47161865234375,,958.10302734375,2442.06005859375,3906.394287109375,5665.69384765625,2287.5166015625,2986.781982421875,1619.750732421875,2334.449951171875,1038.5196533203125,65.0,5603.1943359375,,50.0,2018.7276611328125,203.75106811523438,1871.9073486328125,,179.20301818847656,7682.89453125,6068.7216796875,5020.36865234375,13268.0556640625,1117.4794921875,5270.87353515625,1266.3699951171875,1354.1151123046875,785.1934814453125,,2663.391357421875,597.3045043945312,998.9843139648438,,1194.8338623046875,307.4691467285156,8922.130859375,2687.0390625,1053.235107421875,13572.0185546875,5491.48095703125,749.5149536132812
2021-02-26,,,351.5292663574219,486.80450439453125,,967.5891723632812,2343.057373046875,3783.77197265625,5669.91845703125,2240.447998046875,2974.15234375,1589.044677734375,2287.946533203125,1082.8167724609375,61.0,5649.1220703125,,50.0,1944.9842529296875,196.34194946289062,1855.043212890625,,179.20301818847656,7682.89453125,5851.9814453125,4958.89501953125,12736.3671875,1088.072021484375,5314.4345703125,1274.674072265625,1327.032958984375,790.1008911132812,,2760.951416015625,584.6853637695312,988.6853637695312,,1208.208984375,310.6065979003906,8814.1142578125,2687.0390625,1105.678466796875,12940.7607421875,5673.85498046875,749.5149536132812
2021-03-01,,,353.01873779296875,488.2490539550781,,1010.2769165039062,2343.057373046875,3923.911865234375,5952.99169921875,2343.998291015625,3049.927001953125,1635.1038818359375,2446.05712890625,1048.363525390625,62.0,5740.9775390625,,50.0,1944.9842529296875,198.1942138671875,1871.9073486328125,,182.5216064453125,7705.29248046875,5851.9814453125,4999.87744140625,12518.857421875,1132.1829833984375,5249.09375,1316.1944580078125,1372.1700439453125,848.990478515625,,2770.707275390625,588.8917236328125,1002.417236328125,,1212.6673583984375,307.4691467285156,9224.5751953125,2687.0390625,1070.7161865234375,13170.30859375,5532.00830078125,764.4059448242188
2021-03-02,,,353.01873779296875,482.4708557128906,,943.8737182617188,2252.305419921875,3906.394287109375,5927.64208984375,2315.75732421875,3030.983642578125,1650.4569091796875,2455.357666015625,1072.972900390625,62.0,5786.9052734375,,50.0,2064.8173828125,196.34194946289062,1897.203369140625,,180.86231994628906,7794.8896484375,5659.32373046875,5143.31689453125,12808.8701171875,1092.97314453125,5227.3125,1312.0423583984375,1399.2523193359375,834.26806640625,,2604.855224609375,576.272705078125,1009.283203125,,1217.1256103515625,299.6255187988281,10110.306640625,2663.941650390625,1070.7161865234375,13141.6171875,5532.00830078125,764.4059448242188
2021-03-03,,,353.01873779296875,488.2490539550781,,891.6998291015625,2227.5546875,3976.46435546875,5914.9677734375,2268.68896484375,3062.556640625,1627.4273681640625,2455.357666015625,1048.363525390625,61.0,5855.79736328125,,50.0,1944.9842529296875,192.63739013671875,1888.7716064453125,,179.20301818847656,7817.28759765625,5707.48828125,5163.80859375,12543.0244140625,1107.6768798828125,5194.64208984375,1316.1944580078125,1399.2523193359375,804.8233032226562,,2682.9033203125,559.4471435546875,1005.8502197265625,,1208.208984375,298.8411865234375,9786.259765625,2648.54296875,1105.678466796875,13069.880859375,5572.5361328125,769.36962890625
2021-03-04,,,363.44549560546875,488.2490539550781,,858.4981689453125,2079.051025390625,3906.394287109375,5678.3681640625,2259.275390625,3005.725830078125,1635.1038818359375,2436.756591796875,1008.9883422851562,61.0,5786.9052734375,,50.0,1981.856201171875,188.9328155517578,1871.9073486328125,,174.22515869140625,7705.29248046875,5322.17236328125,5081.84326171875,12228.8466796875,1127.28173828125,5183.751953125,1299.5863037109375,1403.76611328125,814.6382446289062,,2556.0751953125,546.828125,978.3866577148438,,1208.208984375,290.9975891113281,9678.2421875,2586.948974609375,1057.6053466796875,12825.9892578125,5450.953125,764.4059448242188
2021-03-05,,,351.5292663574219,491.13800048828125,,901.1859741210938,1996.54931640625,3853.841796875,5745.96875,2259.275390625,3012.0400390625,1619.750732421875,2408.8544921875,1008.9883422851562,60.0,5832.833984375,,50.0,2000.2919921875,203.75106811523438,1846.6114501953125,,174.22515869140625,7615.6962890625,4960.93896484375,5020.36865234375,11697.1552734375,1102.775634765625,5085.740234375,1366.018798828125,1403.76611328125,834.26806640625,,2536.56298828125,551.034423828125,961.221923828125,,1208.208984375,283.15399169921875,9678.2421875,2556.15185546875,1027.0135498046875,12510.3583984375,5450.953125,769.36962890625
2021-03-08,,,350.0397033691406,537.36279296875,,896.4429321289062,1881.0460205078125,3888.87646484375,5678.3681640625,2259.275390625,2986.781982421875,1650.4569091796875,2390.25341796875,1008.9883422851562,59.0,5786.9052734375,,50.0,1981.856201171875,198.1942138671875,1838.17919921875,,172.5658721923828,7503.70068359375,4652.6865234375,5061.35205078125,11963.0009765625,1112.5780029296875,5074.849609375,1407.5391845703125,1403.76611328125,844.0830078125,,2487.782958984375,563.6536254882812,968.0878295898438,,1194.8338623046875,280.0165100097656,9440.6064453125,2571.550537109375,1035.754150390625,13385.5107421875,5390.162109375,759.4422607421875
2021-03-09,,,347.0606689453125,525.806640625,,872.7274780273438,1839.7952880859375,3871.359130859375,5581.19384765625,2249.861572265625,2892.063720703125,1535.3087158203125,2390.25341796875,984.3787841796875,59.0,6062.47265625,,50.0,1981.856201171875,196.34194946289062,1796.0191650390625,,170.90658569335938,7458.90234375,4382.9658203125,5081.84326171875,12108.0068359375,1097.8743896484375,4987.72802734375,1486.427734375,1394.7386474609375,824.4531860351562,,2399.97900390625,551.034423828125,944.057373046875,,1163.6256103515625,276.0947570800781,9505.4169921875,2533.053955078125,1018.2730712890625,12926.4130859375,5309.10693359375,709.8055419921875
2021-03-10,,,348.5501708984375,515.6950073242188,,934.3875122070312,1839.7952880859375,3801.289794921875,5665.69384765625,2278.1025390625,2923.63623046875,1527.63232421875,2418.15478515625,999.14453125,59.0,6292.11181640625,,50.0,2009.509765625,192.63739013671875,1787.5872802734375,,167.5880126953125,7503.70068359375,4363.7001953125,5245.7734375,12156.34375,1068.467041015625,4976.837890625,1486.427734375,1430.848388671875,804.8233032226562,,2439.0029296875,542.6217041015625,950.9232177734375,,1159.167236328125,277.6634521484375,9764.65625,2617.745849609375,1027.0135498046875,12166.0361328125,5329.37060546875,709.8055419921875
2021-03-12,,,360.4664306640625,518.5840454101562,,934.3875122070312,1996.54931640625,3836.32421875,5716.39404296875,2315.75732421875,2892.063720703125,1516.117431640625,2501.860595703125,1043.441650390625,61.0,6223.2197265625,,50.0,1981.856201171875,203.75106811523438,1812.88330078125,,172.5658721923828,7503.70068359375,4469.66162109375,5225.28173828125,12881.373046875,1107.6768798828125,5031.28857421875,1536.252197265625,1439.875732421875,799.9158325195312,,2429.2470703125,551.034423828125,968.0878295898438,,1217.1256103515625,273.74163818359375,9872.6728515625,2656.2421875,1083.8270263671875,12180.3837890625,5430.68994140625,689.9508056640625
2021-03-15,,,367.9140319824219,518.5840454101562,,929.6444702148438,1930.5472412109375,3871.359130859375,5631.89404296875,2381.65283203125,2885.7490234375,1512.2791748046875,2473.958740234375,1008.9883422851562,61.0,6108.39990234375,,50.0,2083.25341796875,253.76272583007812,1812.88330078125,,170.90658569335938,7615.6962890625,4537.091796875,5245.7734375,12760.533203125,1102.775634765625,5151.0810546875,1540.4041748046875,1430.848388671875,799.9158325195312,,2409.73486328125,546.828125,968.0878295898438,,1221.583984375,274.5260314941406,9613.43359375,2602.34765625,1044.49462890625,12108.6484375,5329.37060546875,689.9508056640625
2021-03-16,,,363.44549560546875,504.13873291015625,,962.8460693359375,1872.7960205078125,3888.87646484375,5598.09375,2343.998291015625,2980.467529296875,1508.4407958984375,2436.756591796875,1013.91015625,60.0,6154.32763671875,,50.0,2083.25341796875,246.3535614013672,1871.9073486328125,,172.5658721923828,7705.29248046875,4392.5986328125,5245.7734375,12204.677734375,1210.6025390625,5172.86181640625,1573.620361328125,1430.848388671875,790.1008911132812,,2360.954833984375,546.828125,954.3560791015625,,1208.208984375,294.9194030761719,9613.43359375,2586.948974609375,1009.5324096679688,12151.6923828125,5309.10693359375,684.9871826171875
2021-03-17,,,366.4245300292969,488.2490539550781,,920.158203125,1897.5465087890625,3906.394287109375,5585.4189453125,2296.929931640625,2948.89453125,1477.7347412109375,2427.45556640625,994.22265625,60.0,6154.32763671875,,50.0,2027.9454345703125,242.6490020751953,1863.4754638671875,,172.5658721923828,7727.69287109375,4344.43408203125,5204.79052734375,12011.3369140625,1186.0965576171875,5107.5205078125,1548.708251953125,1435.362060546875,795.0083618164062,,2351.198974609375,530.0025634765625,950.9232177734375,,1208.208984375,292.5663146972656,9570.2255859375,2610.046630859375,983.3106689453125,12079.95703125,5248.31640625,684.9871826171875
2021-03-18,,,378.3408203125,486.80450439453125,,920.158203125,1889.2965087890625,4011.4990234375,5665.69384765625,2362.825439453125,3005.725830078125,1485.4112548828125,2529.76220703125,1004.06640625,61.0,6200.255859375,,50.0,1991.0740966796875,275.9901123046875,1863.4754638671875,,177.54373168945312,7794.8896484375,4421.4970703125,5163.80859375,12639.6962890625,1293.9234619140625,5347.10498046875,1519.64404296875,1421.821044921875,785.1934814453125,,2380.466796875,525.7962036132812,964.6549072265625,,1226.0421142578125,286.29144287109375,9829.4658203125,2656.2421875,1000.7918090820312,12452.9736328125,5349.63525390625,704.8418579101562
2021-03-19,,,387.2779846191406,488.2490539550781,,934.3875122070312,1856.295654296875,4046.5341796875,5712.16845703125,2315.75732421875,2948.89453125,1473.896484375,2520.461669921875,1008.9883422851562,62.0,6383.966796875,,50.0,1991.0740966796875,327.8539733886719,1863.4754638671875,,175.8844451904297,7906.88525390625,4334.80126953125,5327.73828125,12059.671875,1303.7259521484375,5390.666015625,1594.3807373046875,1448.9031982421875,785.1934814453125,,2351.198974609375,517.3834228515625,978.3866577148438,,1230.500732421875,274.5260314941406,10196.720703125,2648.54296875,1005.1622924804688,12553.3974609375,5471.21728515625,714.7692260742188
2021-03-22,,,382.8094177246094,486.80450439453125,,905.9290161132812,1864.545654296875,3906.394287109375,5593.869140625,2296.929931640625,2923.63623046875,1450.8668212890625,2464.658203125,994.22265625,68.0,6292.11181640625,,50.0,2193.86865234375,305.6266174316406,1821.3150634765625,,179.20301818847656,7906.88525390625,4354.06689453125,5204.79052734375,12059.671875,1215.50390625,5423.33642578125,1660.8131103515625,1444.3896484375,780.2860717773438,,2312.1748046875,530.0025634765625,961.221923828125,,1234.958984375,280.8009033203125,10023.89453125,2602.34765625,970.199951171875,12409.931640625,5430.68994140625,719.7328491210938
2021-03-23,,,387.2779846191406,479.5819091796875,,858.4981689453125,1872.7960205078125,3906.394287109375,5547.39404296875,2296.929931640625,2948.89453125,1404.8076171875,2483.259033203125,969.6131591796875,73.0,6223.2197265625,,50.0,2295.265625,296.3652038574219,1812.88330078125,,180.86231994628906,8242.87109375,4334.80126953125,5471.177734375,11600.486328125,1205.701416015625,5510.4580078125,1561.16455078125,1421.821044921875,775.3786010742188,,2282.90673828125,513.1771240234375,947.490234375,,1248.333984375,280.0165100097656,9829.4658203125,2586.948974609375,961.45947265625,12309.505859375,5471.21728515625,704.8418579101562
2021-03-24,,,364.93499755859375,466.58123779296875,,858.4981689453125,1790.2938232421875,3818.807373046875,5441.77001953125,2240.447998046875,2948.89453125,1374.1014404296875,2471.822265625,984.3787841796875,68.0,6223.2197265625,,50.0,2249.176025390625,301.9220886230469,1753.8592529296875,,175.8844451904297,8287.6689453125,4142.14306640625,5512.16015625,11117.1318359375,1205.701416015625,5259.9833984375,1548.708251953125,1376.6837158203125,760.6561889648438,,2204.858642578125,496.3515930175781,933.7584228515625,,1221.583984375,268.2511291503906,9959.0849609375,2594.64794921875,961.45947265625,12108.6484375,5329.37060546875,709.8055419921875
2021-03-25,,,358.9769287109375,470.9146423339844,,844.2689819335938,1798.5440673828125,3818.807373046875,5382.62060546875,2221.62060546875,2917.321533203125,1370.26318359375,2462.204345703125,954.8474731445312,65.0,6292.11181640625,,50.0,2239.958251953125,305.6266174316406,1762.2911376953125,,174.22515869140625,8018.880859375,4199.9404296875,5430.19482421875,11286.306640625,1308.6270751953125,5205.5322265625,1557.0123291015625,1435.362060546875,741.0263671875,,2214.61474609375,500.5580139160156,909.7279663085938,,1199.292236328125,258.8388366699219,9743.052734375,2625.445068359375,961.45947265625,12252.1171875,5390.162109375,694.9144897460938
2021-03-26,,,363.44549560546875,488.2490539550781,,844.2689819335938,2004.79931640625,3923.911865234375,5420.6455078125,2278.1025390625,2980.467529296875,1416.3223876953125,2471.822265625,930.2379760742188,65.0,6315.0751953125,,50.0,2230.740234375,340.82000732421875,1770.7232666015625,,172.5658721923828,8153.275390625,4508.193359375,5532.6513671875,11334.6416015625,1269.417236328125,5314.4345703125,1581.924560546875,1426.334716796875,750.8412475585938,,2273.15087890625,513.1771240234375,933.7584228515625,,1203.75048828125,270.6042175292969,9570.2255859375,2687.0390625,965.829833984375,12567.7451171875,5349.63525390625,694.9144897460938
2021-03-29,,,358.9769287109375,472.3592834472656,,844.2689819335938,1864.545654296875,3871.359130859375,5374.169921875,2278.1025390625,2980.467529296875,1381.7779541015625,2452.58642578125,989.3006591796875,61.0,6590.642578125,,50.0,2249.176025390625,351.9336853027344,1762.2911376953125,,170.90658569335938,8265.271484375,4373.33251953125,5573.6337890625,11189.6357421875,1254.713623046875,5303.54443359375,1644.2049560546875,1390.224853515625,755.7487182617188,,2243.8828125,504.7643737792969,944.057373046875,,1194.8338623046875,282.36962890625,9635.0361328125,2625.445068359375,961.45947265625,12510.3583984375,5450.953125,694.9144897460938
2021-03-30,,,350.0397033691406,460.80316162109375,,815.8104248046875,1823.294677734375,3783.77197265625,5403.7451171875,2183.96630859375,2841.546875,1335.71875,2433.350341796875,974.5350952148438,60.0,6659.53369140625,,50.0,2129.343017578125,333.41082763671875,1728.5631103515625,,169.24729919433594,8130.87548828125,4334.80126953125,5491.6689453125,10633.779296875,1225.3062744140625,5161.9716796875,1669.1171875,1390.224853515625,736.118896484375,,2146.322509765625,496.3515930175781,909.7279663085938,,1172.542236328125,272.9573059082031,9397.3994140625,2602.34765625,961.45947265625,12338.197265625,5309.10693359375,694.9144897460938
2021-03-31,,,350.0397033691406,465.13665771484375,,853.7551879882812,1856.295654296875,3696.1845703125,5251.646484375,2155.7255859375,2778.40185546875,1320.3656005859375,2366.024658203125,945.0037231445312,59.0,6429.8955078125,,50.0,2092.47119140625,324.1494445800781,1762.2911376953125,,169.24729919433594,8242.87109375,4219.2060546875,5409.7041015625,10102.08984375,1230.20751953125,4976.837890625,1594.3807373046875,1417.30712890625,726.303955078125,,2097.54248046875,479.526123046875,902.8621215820312,,1168.0838623046875,266.68243408203125,9008.5439453125,2633.14453125,961.45947265625,12696.8662109375,5329.37060546875,689.9508056640625
2021-04-01,,,351.5292663574219,463.692138671875,,839.5259399414062,1848.04541015625,3748.737060546875,5260.095703125,2136.897705078125,2708.941650390625,1324.203857421875,2385.26025390625,930.2379760742188,60.0,6406.931640625,,50.0,2258.393798828125,340.82000732421875,1762.2911376953125,,167.5880126953125,8018.880859375,4315.53564453125,5512.16015625,10271.2646484375,1254.713623046875,5096.63037109375,1694.0294189453125,1399.2523193359375,731.21142578125,,2185.3466796875,483.7325134277344,902.8621215820312,,1181.458984375,266.68243408203125,9008.5439453125,2610.046630859375,961.45947265625,12725.560546875,5369.89794921875,694.9144897460938
2021-04-05,,,353.01873779296875,465.13665771484375,,825.2965087890625,1815.0445556640625,3748.737060546875,5200.94580078125,2165.138916015625,2652.11083984375,1312.6890869140625,2394.87841796875,945.0037231445312,60.0,6521.7509765625,,50.0,2193.86865234375,335.26312255859375,1745.4271240234375,,167.5880126953125,7996.4814453125,4267.37060546875,5450.68603515625,10126.2578125,1249.8123779296875,5532.240234375,1710.6375732421875,1399.2523193359375,736.118896484375,,2195.102783203125,483.7325134277344,878.8314819335938,,1132.4173583984375,270.6042175292969,8900.5263671875,2602.34765625,961.45947265625,12739.9072265625,5248.31640625,694.9144897460938
2021-04-06,,,360.4664306640625,468.0257263183594,,849.0120239257812,1922.29736328125,3748.737060546875,5209.39599609375,2193.3798828125,2716.071533203125,1331.88037109375,2414.114501953125,969.6131591796875,60.0,6475.82275390625,,50.0,2239.958251953125,359.3428039550781,1821.3150634765625,,167.5880126953125,7906.88525390625,4488.92724609375,5532.6513671875,10295.431640625,1352.7381591796875,5477.7880859375,1669.1171875,1403.76611328125,745.9337768554688,,2253.638671875,496.3515930175781,889.1303100585938,,1123.5006103515625,269.8198547363281,8965.337890625,2594.64794921875,961.45947265625,12811.640625,5248.31640625,699.878173828125
2021-04-07,,,363.44549560546875,468.0257263183594,,896.4429321289062,1947.0478515625,3731.219482421875,5281.220703125,2174.552490234375,2716.071533203125,1305.012451171875,2433.350341796875,964.6912231445312,60.0,6567.67822265625,,50.0,2286.048095703125,363.04736328125,1855.043212890625,,169.24729919433594,7974.08251953125,4508.193359375,5553.1435546875,10367.9345703125,1342.9356689453125,5488.67822265625,1752.1578369140625,1399.2523193359375,775.3786010742188,,2243.8828125,487.9388732910156,892.563232421875,,1123.5006103515625,280.8009033203125,8943.7333984375,2617.745849609375,957.0892944335938,12811.640625,5288.8427734375,744.55126953125
2021-04-08,,,366.4245300292969,470.9146423339844,,943.8737182617188,2037.8001708984375,3713.70166015625,5256.7158203125,2200.742431640625,2813.07373046875,1301.17431640625,2414.114501953125,1004.06640625,63.0,6498.78662109375,,50.0,2212.304443359375,363.04736328125,1821.3150634765625,,167.5880126953125,7884.48583984375,4643.0537109375,5471.177734375,10343.767578125,1313.5283203125,5477.7880859375,1735.5496826171875,1412.79345703125,790.1008911132812,,2243.8828125,487.9388732910156,892.563232421875,,1132.4173583984375,280.0165100097656,9021.451171875,2610.046630859375,948.3485717773438,12955.1083984375,5349.63525390625,779.2969970703125
2021-04-09,,,358.9769287109375,466.58123779296875,,924.9014282226562,1930.5472412109375,3696.1845703125,5312.4091796875,2276.630126953125,2813.07373046875,1331.88037109375,2491.05810546875,974.5350952148438,62.0,6361.0029296875,,50.0,2221.522216796875,351.9336853027344,1821.3150634765625,,170.90658569335938,7951.68212890625,4450.3955078125,5409.7041015625,9739.57421875,1298.8245849609375,5390.666015625,1793.6781005859375,1399.2523193359375,785.1934814453125,,2126.810546875,508.970703125,906.2949829101562,,1132.4173583984375,272.17291259765625,9131.46875,2586.948974609375,965.829833984375,13041.189453125,5248.31640625,774.3333129882812
2021-04-12,,,351.5292663574219,452.1360168457031,,920.158203125,1856.295654296875,3556.045166015625,5196.73583984375,2219.714111328125,2722.5380859375,1239.7618408203125,2423.732421875,945.0037231445312,60.0,6429.8955078125,,50.0,2147.779052734375,342.6722717285156,1745.4271240234375,,174.22515869140625,7750.09130859375,4296.26953125,5409.7041015625,9062.8798828125,1244.9112548828125,5183.751953125,1801.9822998046875,1363.1427001953125,775.3786010742188,,2126.810546875,483.7325134277344,844.5021362304688,,1096.75048828125,254.9170379638672,8735.404296875,2548.452880859375,952.718994140625,12295.158203125,5126.73291015625,739.5875854492188
2021-04-13,,,345.57110595703125,449.24688720703125,,901.1859741210938,1872.7960205078125,3556.045166015625,5141.04150390625,2200.742431640625,2690.2041015625,1232.08544921875,2423.732421875,935.1598510742188,59.0,6429.8955078125,,50.0,2129.343017578125,355.63824462890625,1720.1312255859375,,172.5658721923828,7727.69287109375,4209.57373046875,5389.21240234375,9352.8916015625,1279.2198486328125,5096.63037109375,1752.1578369140625,1345.0877685546875,765.5636596679688,,2087.78662109375,475.3197937011719,810.1727905273438,,1096.75048828125,254.1326446533203,9241.486328125,2563.850830078125,983.3106689453125,12926.4130859375,5045.67822265625,754.4786376953125
2021-04-14,,,355.99786376953125,457.9140625,,929.6444702148438,1922.29736328125,3678.6669921875,5402.3779296875,2238.686279296875,2813.07373046875,1278.1446533203125,2433.350341796875,959.769287109375,60.0,6567.67822265625,,50.0,2193.86865234375,363.04736328125,1745.4271240234375,,170.90658569335938,7839.6884765625,4267.37060546875,5389.21240234375,9570.4013671875,1313.5283203125,5259.9833984375,1768.76611328125,1349.6014404296875,775.3786010742188,,2156.07861328125,487.9388732910156,830.7703857421875,,1112.702880859375,261.9762268066406,9725.5634765625,2571.550537109375,996.4215698242188,12768.599609375,5106.46923828125,769.36962890625
2021-04-15,,,354.50830078125,453.58050537109375,,920.158203125,1914.047119140625,3678.6669921875,5380.95703125,2267.14404296875,2851.875,1247.4383544921875,2423.732421875,969.6131591796875,60.0,7118.81201171875,,50.0,2350.573486328125,366.7519226074219,1728.5631103515625,,169.24729919433594,7839.6884765625,4151.7763671875,5450.68603515625,9352.8916015625,1269.417236328125,5267.4921875,1843.502685546875,1367.6563720703125,760.6561889648438,,2136.566650390625,487.9388732910156,827.3375244140625,,1089.713134765625,270.6042175292969,9527.5302734375,2586.948974609375,974.5703735351562,12452.9736328125,5187.52490234375,769.36962890625
2021-04-16,,,353.01873779296875,452.1360168457031,,915.415283203125,1986.1292724609375,3678.6669921875,5376.6728515625,2257.658203125,2806.607421875,1212.8939208984375,2423.732421875,959.769287109375,61.0,7095.8486328125,,50.0,2350.573486328125,364.899658203125,1694.8349609375,,169.24729919433594,8018.880859375,4190.3076171875,5491.6689453125,9594.568359375,1279.2198486328125,5267.4921875,1835.198486328125,1349.6014404296875,780.2860717773438,,2370.7109375,483.7325134277344,806.7398071289062,,1094.31103515625,263.54498291015625,9373.5068359375,2586.948974609375,992.0514526367188,12668.1748046875,5126.73291015625,764.4059448242188
2021-04-19,,,353.01873779296875,456.4694519042969,,877.4705200195312,1944.5784912109375,3643.632568359375,5372.38818359375,2229.2001953125,2832.474853515625,1266.6297607421875,2394.87841796875,935.1598510742188,61.0,6958.06494140625,,50.0,2258.393798828125,357.4905090332031,1711.69921875,,177.54373168945312,8018.880859375,4151.7763671875,5532.6513671875,9014.54296875,1254.713623046875,5565.65283203125,1843.502685546875,1349.6014404296875,799.9158325195312,,2321.930908203125,475.3197937011719,817.0386352539062,,1112.702880859375,256.4857177734375,9175.4755859375,2571.550537109375,961.45947265625,12739.9072265625,5106.46923828125,749.5149536132812
2021-04-20,,,353.01873779296875,453.58050537109375,,863.2413330078125,1952.888671875,3713.70166015625,5342.39892578125,2248.172119140625,2787.20703125,1243.6002197265625,2385.26025390625,949.9255981445312,62.0,7003.99267578125,,50.0,2249.176025390625,355.63824462890625,1711.69921875,,172.5658721923828,7974.08251953125,4113.24462890625,5532.6513671875,9207.8857421875,1259.6148681640625,5411.05224609375,1851.8067626953125,1349.6014404296875,785.1934814453125,,2224.37060546875,479.526123046875,823.9046020507812,,1112.702880859375,250.9952392578125,9285.4921875,2556.15185546875,961.45947265625,12899.982421875,5045.67822265625,754.4786376953125
2021-04-21,,,351.5292663574219,450.69140625,,872.7274780273438,1969.5087890625,3661.149658203125,5282.419921875,2191.25634765625,2735.471923828125,1235.9237060546875,2356.406494140625,925.3161010742188,62.0,6912.13720703125,,50.0,2203.08642578125,357.4905090332031,1703.26708984375,,170.90658569335938,7884.48583984375,4007.28271484375,5553.1435546875,9135.3828125,1274.318603515625,5366.87939453125,1835.198486328125,1349.6014404296875,775.3786010742188,,2224.37060546875,466.9070129394531,858.23388671875,,1098.908935546875,245.5046844482422,9197.4794921875,2525.354736328125,961.45947265625,13178.5068359375,4944.35888671875,759.4422607421875
2021-04-22,,,348.5501708984375,449.24688720703125,,901.1859741210938,1952.888671875,3818.807373046875,5325.26220703125,2153.3125,2716.071533203125,1305.012451171875,2356.406494140625,910.5503540039062,65.0,6866.20947265625,,50.0,2203.08642578125,372.30877685546875,1736.9951171875,,169.24729919433594,7839.6884765625,4036.18115234375,5471.177734375,8990.3759765625,1269.417236328125,5333.7509765625,1777.070068359375,1345.0877685546875,790.1008911132812,,2224.37060546875,479.526123046875,837.6362915039062,,1085.1151123046875,238.4454345703125,9087.4609375,2563.850830078125,961.45947265625,12636.12109375,4964.62353515625,749.5149536132812
2021-04-23,,,357.4874572753906,469.4702453613281,,910.672119140625,1927.9583740234375,3941.42919921875,5475.2099609375,2191.25634765625,2748.4052734375,1251.2767333984375,2366.024658203125,915.4723510742188,65.0,6958.06494140625,,50.0,2166.214599609375,361.1950988769531,1720.1312255859375,,169.24729919433594,7951.68212890625,3997.649658203125,5532.6513671875,8869.5380859375,1269.417236328125,5333.7509765625,1801.9822998046875,1354.1151123046875,814.6382446289062,,2214.61474609375,508.970703125,844.5021362304688,,1098.908935546875,239.2298126220703,9153.470703125,2548.452880859375,974.5703735351562,12665.4384765625,4924.09619140625,739.5875854492188
2021-04-26,,,360.4664306640625,465.13665771484375,,896.4429321289062,1986.1292724609375,3941.42919921875,5385.23974609375,2172.284423828125,2677.270263671875,1209.0556640625,2298.698486328125,895.78466796875,64.0,6751.39013671875,,50.0,2120.125,364.899658203125,1711.69921875,,167.5880126953125,7794.8896484375,4151.7763671875,5471.177734375,8893.7060546875,1284.1209716796875,5234.3642578125,1717.382080078125,1340.573974609375,795.0083618164062,,2282.90673828125,504.7643737792969,827.3375244140625,,1098.908935546875,242.3672637939453,9263.490234375,2502.25732421875,961.45947265625,12636.12109375,4964.62353515625,719.7328491210938
2021-04-27,,,360.4664306640625,460.80316162109375,,872.7274780273438,1986.1292724609375,3871.359130859375,5488.06201171875,2238.686279296875,2696.670654296875,1216.7322998046875,2327.552734375,940.081787109375,62.0,6292.11181640625,,50.0,2000.2919921875,361.1950988769531,1703.26708984375,,167.5880126953125,7705.29248046875,4171.0419921875,5348.2294921875,8990.3759765625,1264.51611328125,5201.2353515625,1598.9420166015625,1331.5465087890625,775.3786010742188,,2380.466796875,492.1452331542969,823.9046020507812,,1098.908935546875,232.17059326171875,9065.45703125,2432.9638671875,965.829833984375,12665.4384765625,4883.568359375,719.7328491210938
2021-04-28,,,361.9559326171875,455.0250244140625,,877.4705200195312,2019.3699951171875,3748.737060546875,5415.23095703125,2210.228515625,2670.803955078125,1216.7322998046875,2385.26025390625,959.769287109375,61.0,6475.82275390625,,50.0,2055.599609375,359.3428039550781,1728.5631103515625,,165.9287109375,7682.89453125,4315.53564453125,5471.177734375,8990.3759765625,1279.2198486328125,5256.4501953125,1751.22216796875,1327.032958984375,765.5636596679688,,2370.7109375,517.3834228515625,865.0997314453125,,1103.5068359375,232.17059326171875,9263.490234375,2417.565185546875,965.829833984375,12562.82421875,4924.09619140625,774.3333129882812
2021-04-29,,,373.8722229003906,468.0257263183594,,877.4705200195312,2085.851318359375,3801.289794921875,5492.3466796875,2229.2001953125,2690.2041015625,1239.7618408203125,2394.87841796875,969.6131591796875,62.0,6338.0390625,,50.0,2101.68896484375,357.4905090332031,1762.2911376953125,,165.9287109375,7727.69287109375,4479.2939453125,5348.2294921875,9014.54296875,1284.1209716796875,5300.62109375,1670.85205078125,1327.032958984375,785.1934814453125,,2497.5390625,521.5899047851562,844.5021362304688,,1112.702880859375,243.1516571044922,9285.4921875,2463.760498046875,987.68115234375,12533.5068359375,4903.83251953125,769.36962890625
2021-04-30,,,370.8931579589844,472.3592834472656,,901.1859741210938,2069.23095703125,3853.841796875,5488.06201171875,2162.798583984375,2619.069091796875,1220.5704345703125,2375.642333984375,984.3787841796875,63.0,6475.82275390625,,50.0,2064.8173828125,355.63824462890625,1762.2911376953125,,167.5880126953125,7794.8896484375,4440.7626953125,5348.2294921875,8797.03515625,1289.022216796875,5245.4072265625,1785.062255859375,1299.9505615234375,785.1934814453125,,2556.0751953125,563.6536254882812,841.0692749023438,,1089.713134765625,247.07339477539062,9175.4755859375,2463.760498046875,996.4215698242188,12416.236328125,4863.3046875,774.3333129882812
2021-05-03,,,369.4036560058594,472.3592834472656,,886.9567260742188,2094.161376953125,3862.38525390625,5475.2099609375,2115.36865234375,2593.201416015625,1232.08544921875,2327.552734375,949.9255981445312,67.0,6429.8955078125,,50.0,2055.599609375,335.26312255859375,1736.9951171875,,165.0990753173828,7660.49462890625,4402.23193359375,5307.248046875,8772.8681640625,1230.20751953125,5245.4072265625,1751.22216796875,1295.436767578125,785.1934814453125,,2429.2470703125,576.272705078125,854.8009643554688,,1048.33154296875,246.28903198242188,8955.4404296875,2440.6630859375,978.940673828125,12284.302734375,4782.24853515625,769.36962890625
2021-05-04,,,372.3826904296875,469.4702453613281,,886.9567260742188,2177.26318359375,3915.78173828125,5483.77734375,2134.3408203125,2625.53564453125,1228.2470703125,2346.78857421875,984.3787841796875,65.0,6269.1474609375,,50.0,2046.381591796875,326.0017395019531,1738.4510498046875,,165.0990753173828,7638.09521484375,4700.85107421875,5389.21240234375,8797.03515625,1215.50390625,5344.7939453125,1717.382080078125,1327.032958984375,765.5636596679688,,2497.5390625,593.09814453125,847.93505859375,,1057.5274658203125,239.2298126220703,8845.421875,2471.4599609375,974.5703735351562,12650.779296875,4660.666015625,809.0790405273438
2021-05-05,,,375.9312438964844,482.4708557128906,,886.9567260742188,2185.5732421875,3933.581298828125,5505.1982421875,2153.3125,2644.936279296875,1262.7916259765625,2327.552734375,959.769287109375,63.0,6200.255859375,,50.0,2046.381591796875,327.8539733886719,1764.1424560546875,,165.0990753173828,7638.09521484375,4787.546875,5327.73828125,9304.5556640625,1235.1087646484375,5300.62109375,1708.922119140625,1304.46435546875,785.1934814453125,,2487.782958984375,584.6853637695312,858.23388671875,,1052.9295654296875,240.7985382080078,8933.435546875,2463.760498046875,983.3106689453125,13002.5986328125,4680.93017578125,809.0790405273438
2021-05-06,,,372.78533935546875,486.80450439453125,,891.6998291015625,2177.26318359375,3862.38525390625,5505.1982421875,2162.798583984375,2657.8701171875,1251.2767333984375,2337.17041015625,930.2379760742188,64.0,6085.4365234375,,50.0,2092.47119140625,318.59259033203125,1738.4510498046875,,165.0990753173828,7615.6962890625,4777.9140625,5368.720703125,9280.388671875,1230.20751953125,5355.8359375,1742.7620849609375,1318.00537109375,775.3786010742188,,2536.56298828125,563.6536254882812,861.6668090820312,,1052.9295654296875,236.8767547607422,8823.41796875,2456.061767578125,1022.6433715820312,12782.7109375,4498.55615234375,833.8973999023438
2021-05-07,,,372.78533935546875,468.0257263183594,,886.9567260742188,2177.26318359375,3791.189453125,5483.77734375,2124.854736328125,2619.069091796875,1239.7618408203125,2289.080810546875,915.4723510742188,63.0,6062.47265625,,50.0,2083.25341796875,313.0357360839844,1738.4510498046875,,174.22515869140625,7570.89794921875,4912.7744140625,5327.73828125,8942.0419921875,1215.50390625,5377.9228515625,1768.1422119140625,1318.00537109375,741.0263671875,,2595.09912109375,580.4790649414062,844.5021362304688,,1048.33154296875,232.17059326171875,8625.3857421875,2456.061767578125,996.4215698242188,12753.392578125,4478.29296875,908.3525390625
2021-05-10,,,375.9312438964844,475.2482604980469,,867.984375,2227.1240234375,3826.787841796875,5500.91455078125,2115.36865234375,2619.069091796875,1258.9532470703125,2298.698486328125,910.5503540039062,62.0,6062.47265625,,50.0,2083.25341796875,314.8880310058594,1738.4510498046875,,169.24729919433594,7705.29248046875,5322.67578125,5389.21240234375,9763.7412109375,1200.80029296875,5455.22314453125,1768.1422119140625,1327.032958984375,745.9337768554688,,2702.415283203125,605.71728515625,851.3680419921875,,1048.33154296875,229.8175048828125,8757.4072265625,2440.6630859375,1044.49462890625,12753.392578125,4620.138671875,977.843994140625
2021-05-11,,,375.9312438964844,475.9874572753906,,858.4981689453125,2218.81396484375,3719.993408203125,5552.32470703125,2096.396728515625,2580.267578125,1251.2767333984375,2269.844482421875,910.5503540039062,63.0,6131.36474609375,,50.0,2000.2919921875,309.3311767578125,1729.88720703125,,167.5880126953125,7638.09521484375,5395.5888671875,5389.21240234375,9763.7412109375,1190.9976806640625,5687.125,1700.462158203125,1304.46435546875,755.7487182617188,,2643.879150390625,605.71728515625,834.2033081054688,,1048.33154296875,225.8957061767578,8735.404296875,2448.3623046875,1035.754150390625,12577.4833984375,4559.34814453125,992.7349853515625
2021-05-17,,,372.78533935546875,462.6835021972656,,834.7827758789062,2085.851318359375,3684.39501953125,5569.46142578125,2086.910888671875,2522.06640625,1216.7322998046875,2279.46240234375,856.4096069335938,60.0,5878.76123046875,,50.0,1871.2408447265625,318.59259033203125,1695.6319580078125,,165.0990753173828,7391.705078125,5031.02197265625,5204.79052734375,9183.7177734375,1171.392822265625,5742.34033203125,1649.7021484375,1318.00537109375,755.7487182617188,,2526.80712890625,593.09814453125,775.8434448242188,,1039.1357421875,217.26773071289062,8559.375,2456.061767578125,1000.7918090820312,12562.82421875,4539.083984375,1002.6624145507812
2021-05-18,,,377.5042419433594,468.5963439941406,,849.0120239257812,2160.642822265625,3666.596435546875,5475.2099609375,2067.93896484375,2522.06640625,1209.0556640625,2269.844482421875,866.2533569335938,62.0,5970.6171875,,50.0,2027.9454345703125,316.7403259277344,1764.1424560546875,,165.0990753173828,7436.50390625,5176.8486328125,5225.28173828125,9111.2138671875,1195.89892578125,5775.46923828125,1725.8421630859375,1308.9779052734375,755.7487182617188,,2565.8310546875,639.3681640625,786.142333984375,,1039.1357421875,225.11134338378906,8383.34765625,2448.3623046875,1027.0135498046875,12841.34765625,4518.81982421875,1022.51708984375
2021-05-19,,,369.63946533203125,464.16168212890625,,849.0120239257812,2119.091796875,3595.400390625,5436.6513671875,1992.051025390625,2502.665771484375,1189.8642578125,2183.28271484375,864.00634765625,61.0,5786.9052734375,,50.0,2092.47119140625,309.3311767578125,1764.1424560546875,,165.0990753173828,7414.1044921875,4909.49951171875,5225.28173828125,8797.03515625,1166.4915771484375,5642.9541015625,1670.85205078125,1304.46435546875,726.303955078125,,2565.8310546875,622.542724609375,762.1117553710938,,1025.341796875,231.38621520996094,8163.3125,2432.9638671875,1027.0135498046875,12826.6865234375,4417.5009765625,1022.51708984375
2021-05-20,,,368.0664978027344,464.16168212890625,,886.6841430664062,2011.059814453125,3684.39501953125,5466.64111328125,1992.051025390625,2509.132568359375,1189.8642578125,2173.66455078125,918.3153686523438,60.0,5970.6171875,,50.0,2083.25341796875,353.78594970703125,1901.1630859375,,167.5880126953125,7503.70068359375,4676.1767578125,5225.28173828125,8579.5263671875,1249.8123779296875,5609.82470703125,1666.6220703125,1318.00537109375,696.8592529296875,,2439.0029296875,614.1298828125,748.3799438476562,,993.15625,233.73928833007812,8383.34765625,2548.452880859375,1048.864990234375,12914.642578125,4559.34814453125,1032.4444580078125
2021-05-21,,,366.4936218261719,461.2051696777344,,886.6841430664062,1936.268310546875,3595.400390625,5449.50439453125,2020.509521484375,2515.599365234375,1193.7025146484375,2240.990478515625,888.6922607421875,60.0,5786.9052734375,,50.0,2074.035400390625,329.7062683105469,1918.290771484375,,165.9287109375,7458.90234375,4540.07177734375,5204.79052734375,8265.3466796875,1293.9234619140625,5620.8681640625,1632.7821044921875,1327.032958984375,696.8592529296875,,2419.490966796875,584.6853637695312,758.6788330078125,,988.5582885742188,228.248779296875,8295.333984375,2517.655517578125,1053.235107421875,12709.4150390625,4518.81982421875,1032.4444580078125
2021-05-24,,,364.920654296875,459.72698974609375,,867.5125122070312,1886.407470703125,3630.998779296875,5419.51513671875,2011.0233154296875,2612.601806640625,1178.349609375,2212.136962890625,839.3204956054688,59.0,5718.01416015625,,50.0,2046.381591796875,311.1834716796875,1909.7269287109375,,165.0990753173828,7346.90771484375,4374.8017578125,5143.31689453125,7926.99853515625,1235.1087646484375,5753.3828125,1611.6319580078125,1308.9779052734375,711.5816040039062,,2390.222900390625,567.8599243164062,724.3494262695312,,974.7645263671875,227.46441650390625,8119.30615234375,2509.956298828125,1070.7161865234375,12430.8935546875,4640.40283203125,1042.3717041015625
2021-05-25,,,368.0664978027344,475.9874572753906,,896.2698974609375,1936.268310546875,3613.19873046875,5445.2197265625,2020.509521484375,2625.53564453125,1209.0556640625,2269.844482421875,849.19482421875,61.0,5603.1943359375,,50.0,2101.68896484375,333.41082763671875,1961.109619140625,,165.9287109375,7324.50830078125,4520.62841796875,5163.80859375,7902.83056640625,1254.713623046875,5731.2978515625,1598.9420166015625,1318.00537109375,701.7667236328125,,2487.782958984375,605.71728515625,755.2459106445312,,1006.9500732421875,225.11134338378906,8273.330078125,2540.75341796875,1066.345947265625,12606.8017578125,4599.87548828125,1072.15380859375
2021-05-27,,,366.4936218261719,475.9874572753906,,872.3054809570312,1986.1292724609375,3666.596435546875,5372.38818359375,1954.1075439453125,2554.400390625,1224.4088134765625,2212.136962890625,844.2576293945312,60.0,6016.54443359375,,50.0,2184.650634765625,327.8539733886719,2046.7476806640625,,170.90658569335938,7414.1044921875,4462.2978515625,5122.8251953125,8192.84375,1215.50390625,5720.2548828125,1666.6220703125,1281.895751953125,677.2294311523438,,2546.319091796875,580.4790649414062,768.9776000976562,,1002.3521118164062,225.8957061767578,8361.34375,2602.34765625,1083.8270263671875,12694.755859375,4721.45703125,1077.1175537109375
2021-05-28,,,368.0664978027344,478.94384765625,,872.3054809570312,2044.30029296875,3666.596435546875,5432.3671875,1973.079345703125,2632.00244140625,1220.5704345703125,2231.37255859375,878.81787109375,60.0,6154.32763671875,,50.0,2175.4326171875,320.44488525390625,2021.056396484375,,170.90658569335938,7279.71044921875,4549.79345703125,5102.333984375,8096.171875,1225.3062744140625,5731.2978515625,1717.382080078125,1299.9505615234375,677.2294311523438,,2536.56298828125,572.0662231445312,775.8434448242188,,1006.9500732421875,247.07339477539062,8493.3662109375,2517.655517578125,1027.0135498046875,12797.3701171875,4680.93017578125,1092.0084228515625
2021-05-31,,,374.3582763671875,478.94384765625,,867.5125122070312,2035.990478515625,3737.792236328125,5462.35693359375,2048.967041015625,2754.872314453125,1255.114990234375,2308.31640625,888.6922607421875,60.0,6200.255859375,,50.0,2166.214599609375,327.8539733886719,2106.6943359375,,200.77374267578125,7346.90771484375,4598.40234375,5204.79052734375,8217.01171875,1244.9112548828125,5709.2109375,1683.5421142578125,1308.9779052734375,687.0443115234375,,2634.123291015625,580.4790649414062,765.544677734375,,1016.1459350585938,264.3293762207031,8537.373046875,2648.54296875,1027.0135498046875,13222.482421875,4741.72216796875,1101.9359130859375
2021-06-02,,,396.3793640136719,492.247802734375,,872.3054809570312,2119.091796875,3791.189453125,5539.47216796875,2105.8828125,2754.872314453125,1258.9532470703125,2346.78857421875,898.5665893554688,61.0,6269.1474609375,,50.0,2156.99658203125,353.78594970703125,2209.459716796875,,195.7958984375,7369.30615234375,4666.455078125,5286.755859375,8410.3525390625,1298.8245849609375,6250.31689453125,1751.22216796875,1304.46435546875,716.489013671875,,2682.9033203125,584.6853637695312,823.9046020507812,,1080.5172119140625,260.40753173828125,9175.4755859375,2656.2421875,1053.235107421875,13940.7783203125,4741.72216796875,1092.0084228515625
2021-06-03,,,393.2335205078125,493.7259826660156,,872.3054809570312,2094.161376953125,3808.988525390625,5655.14599609375,2181.7705078125,2819.54052734375,1262.7916259765625,2404.496337890625,918.3153686523438,61.0,6613.60595703125,,50.0,2129.343017578125,340.82000732421875,2192.33251953125,,195.7958984375,7794.8896484375,4724.78564453125,5471.177734375,8845.37109375,1357.6392822265625,6206.14453125,1835.8223876953125,1354.1151123046875,750.8412475585938,,2653.63525390625,584.6853637695312,810.1727905273438,,1066.723388671875,265.11370849609375,9285.4921875,2687.0390625,1110.0487060546875,13867.4833984375,4680.93017578125,1101.9359130859375
2021-06-04,,,386.9417419433594,483.3785400390625,,872.3054809570312,2019.3699951171875,3719.993408203125,5638.00830078125,2134.3408203125,2806.607421875,1258.9532470703125,2356.406494140625,873.8807373046875,61.0,6475.82275390625,,50.0,2092.47119140625,338.96771240234375,2183.7685546875,,195.7958984375,7570.89794921875,4588.6806640625,5389.21240234375,8603.693359375,1303.7259521484375,6228.23046875,1827.3621826171875,1340.573974609375,745.9337768554688,,2536.56298828125,584.6853637695312,803.306884765625,,1048.33154296875,258.054443359375,9131.46875,2694.738525390625,1101.308349609375,13794.1865234375,4579.61181640625,1116.8267822265625
2021-06-07,,,379.0771484375,489.2914733886719,,872.3054809570312,1977.8193359375,3737.792236328125,5595.166015625,2096.396728515625,2748.4052734375,1232.08544921875,2356.406494140625,873.8807373046875,60.0,6521.7509765625,,50.0,2110.906982421875,335.26312255859375,2218.023681640625,,202.4330596923828,7481.3017578125,4481.7412109375,5389.21240234375,8627.8623046875,1313.5283203125,6073.62890625,1776.6021728515625,1349.6014404296875,741.0263671875,,2634.123291015625,572.0662231445312,796.4411010742188,,1020.743896484375,264.3293762207031,9153.470703125,2733.234375,1110.0487060546875,13471.6875,4559.34814453125,1131.7178955078125
2021-06-08,,,380.6500244140625,478.94384765625,,929.820068359375,1952.888671875,3755.591064453125,5509.4833984375,2096.396728515625,2716.071533203125,1228.2470703125,2308.31640625,844.2576293945312,61.0,6613.60595703125,,50.0,2027.9454345703125,329.7062683105469,2081.003173828125,,209.0701904296875,7324.50830078125,4472.02001953125,5225.28173828125,8337.849609375,1249.8123779296875,6283.44482421875,1751.22216796875,1333.9617919921875,736.118896484375,,2614.611083984375,563.6536254882812,772.4105224609375,,1006.9500732421875,258.054443359375,8955.4404296875,2694.738525390625,1079.456787109375,13735.5498046875,4518.08740234375,1082.0811767578125
2021-06-09,,,382.2229309082031,467.1180725097656,,1068.81396484375,2044.30029296875,3791.189453125,5595.166015625,2134.3408203125,2729.0048828125,1232.08544921875,2366.024658203125,849.19482421875,61.0,6705.4619140625,,50.0,2092.47119140625,344.5245666503906,2115.25830078125,,220.68519592285156,7302.10888671875,4666.455078125,5143.31689453125,8241.1787109375,1333.13330078125,6261.359375,1751.22216796875,1324.76220703125,745.9337768554688,,2780.46337890625,614.1298828125,768.9776000976562,,1020.743896484375,254.1326446533203,9153.470703125,2741.65380859375,1079.456787109375,13706.2314453125,4373.67333984375,1007.6260375976562
2021-06-10,,,380.6500244140625,475.9874572753906,,1179.0501708984375,2011.059814453125,3844.586181640625,5672.28369140625,2153.3125,2780.739990234375,1220.5704345703125,2385.26025390625,854.1320190429688,60.0,6429.8955078125,,50.0,2092.47119140625,340.82000732421875,2200.89599609375,,217.3666229248047,7302.10888671875,4598.40234375,5122.8251953125,8217.01171875,1352.7381591796875,6228.23046875,1776.6021728515625,1324.76220703125,696.8592529296875,,2751.1953125,609.923583984375,789.5751953125,,1011.5479736328125,259.6231994628906,9087.4609375,2814.441162109375,1108.018798828125,13251.80078125,4373.67333984375,962.9530029296875
2021-06-11,,,413.6816711425781,473.031005859375,,1164.671630859375,2060.9208984375,3755.591064453125,5543.75634765625,2153.3125,2767.805908203125,1228.2470703125,2414.114501953125,849.19482421875,63.0,6338.0390625,,50.0,2083.25341796875,329.7062683105469,2200.89599609375,,217.3666229248047,7324.50830078125,4705.34228515625,5143.31689453125,8072.0048828125,1328.23193359375,6581.60498046875,1734.30224609375,1333.9617919921875,760.6561889648438,,2721.92724609375,618.3363647460938,834.2033081054688,,1052.9295654296875,254.1326446533203,9087.4609375,2806.353759765625,1094.6690673828125,13471.6875,4414.93408203125,953.0255737304688
2021-06-14,,,416.82757568359375,473.031005859375,,1111.9498291015625,2002.749755859375,3684.39501953125,5492.3466796875,2105.8828125,2813.07373046875,1205.217529296875,2414.114501953125,814.6345825195312,61.0,6039.5078125,,50.0,2009.509765625,324.1494445800781,2123.82177734375,,209.0701904296875,7302.10888671875,4715.06396484375,5143.31689453125,7902.83056640625,1352.7381591796875,6636.8203125,1751.22216796875,1320.162353515625,755.7487182617188,,2780.46337890625,630.9554443359375,799.8740234375,,1052.9295654296875,250.9952392578125,8955.4404296875,2757.828857421875,1090.21923828125,13193.1640625,4332.412109375,918.2799072265625
2021-06-15,,,412.1087646484375,477.4657287597656,,1116.74267578125,1961.198974609375,3666.596435546875,5543.75634765625,2096.396728515625,2735.471923828125,1193.7025146484375,2433.350341796875,868.9435424804688,61.0,6131.36474609375,,50.0,2046.381591796875,314.8880310058594,2140.949462890625,,199.11447143554688,7302.10888671875,4656.7333984375,5122.8251953125,7975.333984375,1323.330810546875,6703.078125,1666.6220703125,1333.9617919921875,750.8412475585938,,2819.487548828125,618.3363647460938,796.4411010742188,,1029.9398193359375,254.1326446533203,8977.443359375,2782.09130859375,1085.7694091796875,12929.30078125,4270.52001953125,1146.60888671875
2021-06-16,,,438.8485412597656,475.9874572753906,,1179.0501708984375,1927.9583740234375,3666.596435546875,5470.92578125,2039.4810791015625,2593.201416015625,1193.7025146484375,2414.114501953125,849.19482421875,61.0,5901.72509765625,,50.0,2000.2919921875,326.0017395019531,2277.970458984375,,192.47732543945312,7324.50830078125,4501.1845703125,5143.31689453125,8410.3525390625,1279.2198486328125,6714.12158203125,1662.3919677734375,1310.9625244140625,741.0263671875,,2838.99951171875,622.542724609375,779.2763671875,,1039.1357421875,250.9952392578125,8977.443359375,2757.828857421875,1085.7694091796875,13281.1171875,4291.1513671875,1166.4637451171875
2021-06-17,,,426.26513671875,465.6399230957031,,1188.635986328125,1936.268310546875,3630.998779296875,5423.798828125,1992.051025390625,2606.135009765625,1182.187744140625,2385.26025390625,839.3204956054688,60.0,5878.76123046875,,50.0,2138.56103515625,318.59259033203125,2218.023681640625,,192.47732543945312,7279.71044921875,4442.8544921875,5122.8251953125,7951.16650390625,1284.1209716796875,6647.86279296875,1653.93212890625,1292.5631103515625,741.0263671875,,3004.8515625,605.71728515625,758.6788330078125,,1011.5479736328125,250.21084594726562,8713.400390625,2709.30419921875,1054.6202392578125,12899.982421875,4187.99755859375,1181.3546142578125
2021-06-18,,,412.1087646484375,462.6835021972656,,1193.4288330078125,1853.166748046875,3559.802490234375,5419.51513671875,1874.42529296875,2528.533203125,1128.451904296875,2385.26025390625,849.19482421875,58.0,5855.79736328125,,50.0,2138.56103515625,316.7403259277344,2209.459716796875,,190.81802368164062,6943.72314453125,4190.087890625,4897.42138671875,7540.31591796875,1338.034423828125,6449.08984375,1620.0921630859375,1251.164306640625,721.396484375,,2799.975341796875,563.6536254882812,727.7823486328125,,974.7645263671875,238.4454345703125,8713.400390625,2709.30419921875,1085.7694091796875,13354.4130859375,4043.58447265625,1181.3546142578125
2021-06-21,,,404.2440490722656,455.29229736328125,,1155.0858154296875,1828.2362060546875,3502.845458984375,5355.251953125,1885.80859375,2547.93408203125,1082.3927001953125,2317.9345703125,824.5089111328125,58.0,5809.869140625,,50.0,2129.343017578125,307.4789123535156,2312.225341796875,,194.13661193847656,7100.51708984375,4190.087890625,4938.40380859375,7491.97998046875,1391.947998046875,6360.74609375,1586.251953125,1361.5611572265625,706.6741333007812,,2819.487548828125,563.6536254882812,724.3494262695312,,956.3726806640625,240.01419067382812,8801.4140625,2668.86669921875,1054.6202392578125,12665.4384765625,4208.62890625,1265.7371826171875
2021-06-22,,,405.8169250488281,462.6835021972656,,1198.221923828125,1878.0972900390625,3502.845458984375,5432.3671875,1878.2197265625,2612.601806640625,1116.9371337890625,2375.642333984375,913.3781127929688,59.0,5718.01416015625,,50.0,2258.393798828125,322.29718017578125,2380.73583984375,,210.72946166992188,7212.5126953125,4297.02783203125,5061.35205078125,7757.8251953125,1411.5528564453125,6482.21875,1628.552001953125,1306.3626708984375,736.118896484375,,2878.0234375,580.4790649414062,724.3494262695312,,965.5685424804688,240.01419067382812,8537.373046875,2668.86669921875,1072.4197998046875,12680.095703125,4167.36767578125,1201.2093505859375
2021-06-23,,,396.3793640136719,456.77044677734375,,1231.7720947265625,1869.786865234375,3509.96533203125,5338.115234375,1840.2757568359375,2547.93408203125,1093.907470703125,2317.9345703125,903.5038452148438,60.0,5786.9052734375,,50.0,2304.483642578125,340.82000732421875,2355.04443359375,,202.4330596923828,7145.31494140625,4228.97509765625,4938.40380859375,7516.14794921875,1367.4417724609375,6349.70361328125,1586.251953125,1251.164306640625,716.489013671875,,2829.243408203125,567.8599243164062,717.4835815429688,,942.578857421875,237.66111755371094,8537.373046875,2725.478759765625,1103.56884765625,12372.255859375,4117.8544921875,1131.7178955078125
2021-06-24,,,391.66058349609375,450.85760498046875,,1212.6005859375,1869.786865234375,3517.084716796875,5320.978515625,1828.892578125,2580.267578125,1086.2310791015625,2298.698486328125,903.5038452148438,59.0,5649.1220703125,,50.0,2341.35546875,335.26312255859375,2337.9169921875,,204.0923309326172,7190.11376953125,4228.97509765625,4897.42138671875,7395.31005859375,1347.8369140625,6338.66064453125,1522.8018798828125,1260.3638916015625,696.8592529296875,,2790.219482421875,563.6536254882812,700.31884765625,,933.3829956054688,254.1326446533203,8559.375,2628.429443359375,1108.018798828125,12489.53125,4093.09765625,1131.7178955078125
2021-06-25,,,404.2440490722656,452.33587646484375,,1226.979248046875,1911.337890625,3502.845458984375,5303.84130859375,1806.126708984375,2580.267578125,1059.363037109375,2269.844482421875,883.7550659179688,59.0,5603.1943359375,,50.0,2341.35546875,335.26312255859375,2337.9169921875,,209.0701904296875,7190.11376953125,4413.68896484375,4958.89501953125,7467.8134765625,1362.5406494140625,6449.08984375,1582.02197265625,1246.564453125,687.0443115234375,,2819.487548828125,567.8599243164062,710.61767578125,,933.3829956054688,268.2511291503906,8559.375,2628.429443359375,1094.6690673828125,12518.84765625,4126.1064453125,1131.7178955078125
2021-06-28,,,388.5146484375,450.85760498046875,,1188.635986328125,1861.4769287109375,3353.333740234375,5188.16845703125,1737.8275146484375,2541.466796875,1024.8184814453125,2192.900390625,849.19482421875,58.0,5534.3017578125,,50.0,2341.35546875,326.0017395019531,2252.27880859375,,197.45516967773438,7145.31494140625,4384.52392578125,4917.91259765625,7201.9677734375,1352.7381591796875,6349.70361328125,1472.0418701171875,1264.9638671875,647.78466796875,,2809.7314453125,546.828125,679.7212524414062,,924.1870727539062,263.54498291015625,8207.3193359375,2563.729248046875,1099.1190185546875,11961.8017578125,4146.7373046875,1057.2628173828125
2021-06-29,,,382.2229309082031,456.77044677734375,,1193.4288330078125,1844.8564453125,3445.888916015625,5179.59912109375,1737.8275146484375,2522.06640625,1020.9803466796875,2221.7548828125,854.1320190429688,59.0,5786.9052734375,,50.0,2313.701904296875,322.29718017578125,2252.27880859375,,192.47732543945312,7391.705078125,4423.41064453125,5102.333984375,7081.1298828125,1382.1455078125,6095.71533203125,1467.8118896484375,1264.9638671875,608.5249633789062,,2790.219482421875,542.6217041015625,686.5870971679688,,919.5891723632812,266.68243408203125,8427.35546875,2555.64208984375,1103.56884765625,11873.84765625,4126.1064453125,1052.299072265625
2021-06-30,,,379.0771484375,465.6399230957031,,1198.221923828125,1911.337890625,3517.084716796875,5162.462890625,1756.799560546875,2547.93408203125,1051.6864013671875,2269.844482421875,844.2576293945312,60.0,5740.9775390625,,50.0,2304.483642578125,337.11541748046875,2286.5341796875,,192.47732543945312,7302.10888671875,4481.7412109375,5061.35205078125,7201.9677734375,1342.9356689453125,6272.40283203125,1463.5816650390625,1287.9632568359375,613.4324340820312,,2868.267578125,538.415283203125,690.0200805664062,,919.5891723632812,283.9383239746094,8361.34375,2547.554443359375,1103.56884765625,11873.84765625,4084.845458984375,1042.3717041015625
2021-07-01,,,379.0771484375,467.1180725097656,,1193.4288330078125,1853.166748046875,3577.60107421875,5162.462890625,1783.360107421875,2547.93408203125,1044.010009765625,2298.698486328125,859.0692138671875,60.0,5786.9052734375,,50.0,2304.483642578125,326.0017395019531,2260.8427734375,,192.47732543945312,7615.6962890625,4433.1328125,5368.720703125,7298.63916015625,1259.6148681640625,6173.015625,1472.0418701171875,1287.9632568359375,608.5249633789062,,2858.511474609375,521.5899047851562,693.4529418945312,,924.1870727539062,286.29144287109375,8273.330078125,2515.20458984375,1099.1190185546875,11917.826171875,4311.78125,1022.51708984375
2021-07-02,,,396.3793640136719,462.6835021972656,,1193.4288330078125,1844.8564453125,3559.802490234375,5226.7255859375,1832.687255859375,2580.267578125,1059.363037109375,2289.080810546875,844.2576293945312,60.0,5901.72509765625,,50.0,2295.265625,324.1494445800781,2252.27880859375,,194.13661193847656,7548.49951171875,4403.96728515625,5389.21240234375,7443.64501953125,1254.713623046875,6305.53173828125,1539.721923828125,1287.9632568359375,623.247314453125,,2858.511474609375,530.0025634765625,710.61767578125,,965.5685424804688,285.5070495605469,8185.3154296875,2482.854736328125,1108.018798828125,11961.8017578125,4249.8896484375,1101.9359130859375
2021-07-05,,,388.5146484375,450.85760498046875,,1198.221923828125,1861.4769287109375,3517.084716796875,5235.29345703125,1790.9490966796875,2522.06640625,1040.1717529296875,2250.608642578125,829.4461059570312,60.0,5878.76123046875,,50.0,2396.6630859375,316.7403259277344,2183.7685546875,,190.81802368164062,7369.30615234375,4608.12451171875,5286.755859375,7250.30419921875,1230.20751953125,6184.05810546875,1450.891845703125,1278.763427734375,637.9697265625,,2838.99951171875,517.3834228515625,703.7518310546875,,947.1767578125,284.7226867675781,8097.30126953125,2458.59228515625,1148.067626953125,11859.189453125,4084.845458984375,1092.0084228515625
2021-07-06,,,405.8169250488281,471.5528259277344,,1289.2867431640625,2060.9208984375,3488.606201171875,5188.16845703125,1787.154541015625,2515.599365234375,1036.33349609375,2221.7548828125,859.0692138671875,60.0,6085.4365234375,,50.0,2581.021484375,318.59259033203125,2218.023681640625,,195.7958984375,7526.10009765625,4792.83837890625,5286.755859375,7298.63916015625,1244.9112548828125,6835.59423828125,1480.5018310546875,1260.3638916015625,667.4144897460938,,3053.6318359375,542.6217041015625,714.0505981445312,,988.5582885742188,337.2748718261719,8185.3154296875,2434.329833984375,1192.5665283203125,12167.0302734375,4126.1064453125,1067.1900634765625
2021-07-07,,,393.2335205078125,462.6835021972656,,1284.493896484375,2044.30029296875,3488.606201171875,5196.73583984375,1794.7432861328125,2470.33154296875,1032.4952392578125,2212.136962890625,878.81787109375,59.0,6154.32763671875,,50.0,2571.803955078125,318.59259033203125,2226.58740234375,,204.0923309326172,7570.89794921875,4812.28173828125,5286.755859375,7177.80029296875,1205.701416015625,6680.9921875,1455.121826171875,1246.564453125,662.5070190429688,,2936.5595703125,525.7962036132812,707.1846923828125,,965.5685424804688,352.9620666503906,7877.26611328125,2450.504638671875,1179.216796875,11947.142578125,4068.340576171875,1027.480712890625
2021-07-08,,,383.7958984375,459.72698974609375,,1279.7008056640625,2119.091796875,3474.366943359375,5153.89453125,1806.126708984375,2502.665771484375,1032.4952392578125,2269.844482421875,864.00634765625,59.0,5878.76123046875,,50.0,2581.021484375,320.44488525390625,2192.33251953125,,194.13661193847656,7593.29638671875,4841.447265625,5266.2646484375,7032.79443359375,1190.9976806640625,6515.3466796875,1400.1318359375,1218.965087890625,637.9697265625,,2975.583740234375,504.7643737792969,693.4529418945312,,951.7747192382812,360.8056335449219,7789.2509765625,2434.329833984375,1183.6666259765625,11756.576171875,4010.576171875,1047.33544921875
2021-07-09,,,393.2335205078125,456.77044677734375,,1298.8724365234375,2152.332763671875,3495.72607421875,5158.17822265625,1760.59375,2457.397705078125,1024.8184814453125,2221.7548828125,878.81787109375,60.0,5809.869140625,,50.0,2544.150146484375,320.44488525390625,2226.58740234375,,192.47732543945312,7660.49462890625,5055.32666015625,5307.248046875,6960.2919921875,1190.9976806640625,6559.51904296875,1387.441650390625,1214.365234375,637.9697265625,,2907.29150390625,500.5580139160156,696.8859252929688,,979.3624267578125,349.8245849609375,7833.2587890625,2555.64208984375,1179.216796875,11434.0751953125,4035.332275390625,1042.3717041015625
2021-07-12,,,388.5146484375,450.85760498046875,,1308.458251953125,2119.091796875,3502.845458984375,5286.70458984375,1783.360107421875,2431.530517578125,994.1123046875,2231.37255859375,844.2576293945312,59.0,6039.5078125,,50.0,2433.53466796875,329.7062683105469,2235.1513671875,,195.7958984375,7906.88525390625,5055.32666015625,5409.7041015625,7153.6328125,1264.51611328125,6548.47607421875,1417.0517578125,1228.1650390625,633.062255859375,,2878.0234375,496.3515930175781,693.4529418945312,,974.7645263671875,348.2558898925781,7745.244140625,2531.37939453125,1179.216796875,11419.4169921875,4146.7373046875,1017.5534057617188
2021-07-13,,,386.9417419433594,452.33587646484375,,1260.529296875,2110.781982421875,3488.606201171875,5179.59912109375,1771.9769287109375,2444.4638671875,978.7593383789062,2221.7548828125,829.4461059570312,58.0,5878.76123046875,,50.0,2304.483642578125,322.29718017578125,2089.56689453125,,210.72946166992188,8018.880859375,5031.02197265625,5430.19482421875,6960.2919921875,1190.9976806640625,6338.66064453125,1400.1318359375,1223.5650634765625,618.33984375,,2868.267578125,487.9388732910156,683.1542358398438,,956.3726806640625,326.2937927246094,7569.21630859375,2482.854736328125,1170.3170166015625,11155.5537109375,4208.62890625,1002.6624145507812
2021-07-14,,,383.7958984375,449.3793640136719,,1241.3577880859375,2152.332763671875,3367.57275390625,5132.47265625,1737.8275146484375,2399.1962890625,944.2149047851562,2192.900390625,809.6974487304688,57.0,5878.76123046875,,50.0,2350.573486328125,318.59259033203125,2132.385986328125,,210.72946166992188,7794.8896484375,5103.935546875,5430.19482421875,6791.11767578125,1195.89892578125,6581.60498046875,1391.671630859375,1255.76416015625,628.15478515625,,2897.53564453125,487.9388732910156,669.4224853515625,,951.7747192382812,327.8625183105469,7503.2060546875,2474.76708984375,1201.46630859375,10906.349609375,4208.62890625,982.8076782226562
2021-07-15,,,385.3687744140625,449.3793640136719,,1250.9434814453125,2168.952880859375,3424.52978515625,5239.57861328125,1790.9490966796875,2463.864501953125,986.4358520507812,2260.226806640625,794.8858642578125,57.0,5878.76123046875,,50.0,2369.00927734375,344.5245666503906,2123.82177734375,,207.41090393066406,7772.48974609375,5079.630859375,5471.177734375,6887.78857421875,1200.80029296875,6647.86279296875,1378.981689453125,1255.76416015625,623.247314453125,,2975.583740234375,479.526123046875,686.5870971679688,,965.5685424804688,340.4122619628906,7459.19873046875,2531.37939453125,1188.116455078125,11272.8251953125,4249.8896484375,933.1708984375
2021-07-16,,,390.087646484375,493.7259826660156,,1236.5648193359375,2177.26318359375,3474.366943359375,5235.29345703125,1825.0982666015625,2483.265625,1009.4655151367188,2260.226806640625,799.822998046875,58.0,5878.76123046875,,50.0,2313.701904296875,374.1610412597656,2132.385986328125,,205.7516326904297,7682.89453125,5201.1533203125,5430.19482421875,7129.46533203125,1190.9976806640625,6736.20654296875,1421.28173828125,1278.763427734375,613.4324340820312,,2946.315673828125,479.526123046875,693.4529418945312,,979.3624267578125,335.7060852050781,7789.2509765625,2563.729248046875,1210.3658447265625,11316.802734375,4249.8896484375,938.1346435546875
2021-07-19,,,393.2335205078125,511.4646301269531,,1203.0146484375,2193.88330078125,3403.1708984375,5145.32568359375,1828.892578125,2444.4638671875,990.274169921875,2212.136962890625,799.822998046875,57.0,5924.68896484375,,50.0,2230.740234375,361.1950988769531,2115.25830078125,,202.4330596923828,7615.6962890625,5201.1533203125,5450.68603515625,7419.4775390625,1205.701416015625,6835.59423828125,1404.36181640625,1278.763427734375,618.33984375,,2858.511474609375,466.9070129394531,686.5870971679688,,983.9602661132812,320.0188903808594,7569.21630859375,2604.166748046875,1201.46630859375,11199.5322265625,4187.99755859375,903.3888549804688
2021-07-21,,,390.087646484375,492.247802734375,,1179.0501708984375,2127.402099609375,3467.247802734375,5149.6103515625,1859.248046875,2470.33154296875,1013.3037109375,2279.46240234375,799.822998046875,57.0,5924.68896484375,,50.0,2221.522216796875,368.6042175292969,2115.25830078125,,202.4330596923828,7615.6962890625,5103.935546875,5348.2294921875,7419.4775390625,1186.0965576171875,6780.37939453125,1442.4317626953125,1241.9644775390625,637.9697265625,,2770.707275390625,445.8751525878906,710.61767578125,,979.3624267578125,327.8625183105469,7789.2509765625,2596.079345703125,1201.46630859375,11170.2138671875,4229.2587890625,928.2072143554688
2021-07-22,,,419.97332763671875,502.5953674316406,,1203.0146484375,2135.71240234375,3545.56298828125,5273.85205078125,1954.1075439453125,2522.06640625,1047.8482666015625,2327.552734375,824.5089111328125,59.0,5924.68896484375,,50.0,2387.44482421875,368.6042175292969,2149.51318359375,,205.7516326904297,7906.88525390625,5152.54443359375,5348.2294921875,7636.986328125,1195.89892578125,7266.2685546875,1459.351806640625,1246.564453125,633.062255859375,,2819.487548828125,454.28790283203125,731.21533203125,,1034.5377197265625,327.8625183105469,7811.25537109375,2636.516357421875,1165.866943359375,11800.5517578125,4146.7373046875,943.0982666015625
2021-07-23,,,410.53582763671875,517.3776245117188,,1188.635986328125,2177.26318359375,3524.203857421875,5171.03125,1925.6495361328125,2502.665771484375,1040.1717529296875,2298.698486328125,799.822998046875,57.0,5718.01416015625,,50.0,2378.2275390625,401.9452819824219,2098.130615234375,,212.38877868652344,7750.09130859375,5225.45751953125,5307.248046875,7419.4775390625,1166.4915771484375,7200.01171875,1425.51171875,1237.3646240234375,633.062255859375,,2858.511474609375,450.08154296875,731.21533203125,,1020.743896484375,326.2937927246094,7657.23095703125,2563.729248046875,1183.6666259765625,11580.6669921875,3961.062744140625,962.9530029296875
2021-07-26,,,402.6710510253906,518.8558959960938,,1203.0146484375,2185.5732421875,3396.051025390625,5145.32568359375,1916.163818359375,2476.798583984375,1040.1717529296875,2231.37255859375,794.8858642578125,57.0,5786.9052734375,,50.0,2415.09912109375,409.35443115234375,2063.875244140625,,207.41090393066406,7817.28759765625,5274.06689453125,5327.73828125,7177.80029296875,1186.0965576171875,7078.53857421875,1400.1318359375,1237.3646240234375,637.9697265625,,2790.219482421875,429.0496826171875,714.0505981445312,,1029.9398193359375,343.5496826171875,7525.2099609375,2579.904541015625,1415.060302734375,11844.53125,3878.5400390625,972.8803100585938
2021-07-27,,,401.09814453125,526.2468872070312,,1203.0146484375,2102.4716796875,3388.931640625,5145.32568359375,1906.6778564453125,2457.397705078125,1028.6568603515625,2240.990478515625,864.00634765625,56.0,5740.9775390625,,50.0,2415.09912109375,413.0589904785156,2081.003173828125,,209.0701904296875,7615.6962890625,5152.54443359375,5389.21240234375,7274.470703125,1161.5904541015625,7067.49609375,1370.521728515625,1232.764892578125,642.877197265625,,2760.951416015625,429.0496826171875,707.1846923828125,,1025.341796875,332.5686340332031,7371.1845703125,2644.60400390625,1357.2117919921875,11727.2587890625,3713.49609375,918.2799072265625
2021-07-28,,,399.5252380371094,521.8123168945312,,1327.6297607421875,2094.161376953125,3353.333740234375,5123.90380859375,1882.0140380859375,2412.130126953125,1005.6272583007812,2269.844482421875,859.0692138671875,56.0,5809.869140625,,50.0,2415.09912109375,455.6614685058594,2055.3115234375,,207.41090393066406,7615.6962890625,5176.8486328125,5327.73828125,7008.62744140625,1117.4794921875,7398.78515625,1370.521728515625,1209.7655029296875,647.78466796875,,2809.7314453125,429.0496826171875,690.0200805664062,,1016.1459350585938,360.8056335449219,7217.15966796875,2579.904541015625,1357.2117919921875,11595.326171875,3672.2353515625,893.4614868164062
2021-07-29,,,416.82757568359375,530.681640625,,1322.8367919921875,2152.332763671875,3310.616455078125,5175.314453125,1870.631103515625,2437.997314453125,1036.33349609375,2212.136962890625,943.001220703125,58.0,5855.79736328125,,50.0,2488.84228515625,438.990966796875,2175.204833984375,,209.0701904296875,7481.3017578125,5249.76220703125,5225.28173828125,6887.78857421875,1176.2940673828125,7531.29931640625,1378.981689453125,1191.365966796875,618.33984375,,2897.53564453125,429.0496826171875,690.0200805664062,,1029.9398193359375,351.393310546875,7063.134765625,2612.254150390625,1321.6126708984375,11580.6669921875,3573.20849609375,848.7883911132812
2021-07-30,,,419.97332763671875,532.159912109375,,1294.0794677734375,2094.161376953125,3360.453369140625,5115.3369140625,1813.715087890625,2399.1962890625,1009.4655151367188,2192.900390625,957.8128051757812,57.0,5626.15869140625,,50.0,2534.931884765625,409.35443115234375,2303.661376953125,,214.04806518554688,7279.71044921875,5346.97998046875,4979.38623046875,6573.6083984375,1156.689208984375,7487.1279296875,1319.7615966796875,1159.1668701171875,608.5249633789062,,2887.779541015625,410.54168701171875,669.4224853515625,,1025.341796875,360.8056335449219,6777.08935546875,2620.341796875,1303.8134765625,11463.3955078125,3482.434326171875,863.679443359375
2021-08-02,,,430.98388671875,521.8123168945312,,1365.972900390625,2085.851318359375,3431.649169921875,5106.767578125,1828.892578125,2418.5966796875,986.4358520507812,2183.28271484375,1026.9332275390625,58.0,5901.72509765625,,50.0,2525.714111328125,426.02496337890625,2269.406494140625,,214.04806518554688,7279.71044921875,5249.76220703125,5061.35205078125,6621.943359375,1166.4915771484375,7487.1279296875,1357.8316650390625,1200.565673828125,633.062255859375,,2819.487548828125,403.8115234375,679.7212524414062,,1029.9398193359375,352.9620666503906,6865.103515625,2676.9541015625,1250.414794921875,11316.802734375,3630.973388671875,804.1153564453125
2021-08-03,,,424.69219970703125,524.7687377929688,,1327.6297607421875,2052.61083984375,3517.084716796875,5265.28369140625,1878.2197265625,2425.063720703125,1009.4655151367188,2221.7548828125,1017.0588989257812,57.0,5786.9052734375,,50.0,2516.49609375,411.2066955566406,2277.970458984375,,227.32235717773438,7369.30615234375,5055.32666015625,5020.36865234375,6621.943359375,1166.4915771484375,7476.08447265625,1353.6016845703125,1209.7655029296875,657.599609375,,2838.99951171875,393.7161865234375,693.4529418945312,,1020.743896484375,346.6871337890625,7305.173828125,2693.12890625,1250.414794921875,11228.84765625,3614.469482421875,804.1153564453125
2021-08-04,,,427.8380432128906,533.79052734375,,1318.0439453125,2011.059814453125,3488.606201171875,5243.86279296875,1916.163818359375,2489.73193359375,1028.6568603515625,2240.990478515625,1026.9332275390625,57.0,5985.16455078125,,50.0,2488.84228515625,385.2747802734375,2286.5341796875,,220.68519592285156,7324.50830078125,4982.4130859375,5061.35205078125,6766.95068359375,1171.392822265625,7398.78515625,1429.74169921875,1200.565673828125,682.1368408203125,,2799.975341796875,418.95440673828125,703.7518310546875,,1039.1357421875,341.9809875488281,7437.1953125,2725.478759765625,1228.16552734375,11096.9189453125,3573.20849609375,814.042724609375
2021-08-05,,,408.96282958984375,518.754150390625,,1294.0794677734375,1969.5087890625,3481.48681640625,5398.09375,1973.079345703125,2619.069091796875,1093.907470703125,2327.552734375,1076.3050537109375,57.0,5844.88671875,,50.0,2507.278564453125,387.1270446777344,2235.1513671875,,222.344482421875,7302.10888671875,4802.56005859375,5081.84326171875,6621.943359375,1195.89892578125,7122.7109375,1417.0517578125,1191.365966796875,682.1368408203125,,2760.951416015625,402.12890625,696.8859252929688,,1006.9500732421875,327.8625183105469,7393.1884765625,2701.21630859375,1201.46630859375,11082.2587890625,3663.982666015625,878.5704956054688
2021-08-06,,,405.8169250488281,523.2651977539062,,1308.458251953125,1936.268310546875,3517.084716796875,5278.1357421875,1944.621337890625,2541.466796875,1067.0396728515625,2298.698486328125,1110.865234375,57.0,5798.12744140625,,50.0,2396.6630859375,383.4224853515625,2218.023681640625,,222.344482421875,7414.1044921875,4822.00341796875,5102.333984375,6766.95068359375,1205.701416015625,7144.7958984375,1404.36181640625,1168.3665771484375,682.1368408203125,,2624.3671875,410.54168701171875,703.7518310546875,,1020.743896484375,326.2937927246094,7437.1953125,2685.041748046875,1192.5665283203125,11082.2587890625,3647.47802734375,863.679443359375
2021-08-09,,,408.96282958984375,518.754150390625,,1380.3514404296875,1878.0972900390625,3460.127685546875,5312.4091796875,1889.602783203125,2489.73193359375,1047.8482666015625,2231.37255859375,1086.179443359375,55.0,5774.74853515625,,50.0,2230.740234375,361.1950988769531,2192.33251953125,,219.0259246826172,7302.10888671875,4802.56005859375,5040.8603515625,6501.10546875,1176.2940673828125,7310.4404296875,1366.291748046875,1140.7674560546875,677.2294311523438,,2556.0751953125,402.12890625,693.4529418945312,,1016.1459350585938,316.8814392089844,7349.18115234375,2628.429443359375,1174.7669677734375,10964.9853515625,3556.703857421875,883.5341796875
2021-08-10,,,421.54632568359375,526.2723388671875,,1380.3514404296875,1944.5784912109375,3495.72607421875,5398.09375,1893.397216796875,2470.33154296875,1055.5247802734375,2231.37255859375,1021.9960327148438,53.0,5727.98974609375,,50.0,2083.25341796875,364.899658203125,2175.204833984375,,214.04806518554688,7212.5126953125,4812.28173828125,5020.36865234375,6501.10546875,1210.6025390625,7553.38671875,1362.0616455078125,1200.565673828125,652.692138671875,,2517.051025390625,407.17657470703125,690.0200805664062,,1034.5377197265625,313.7440185546875,7459.19873046875,2612.254150390625,1143.617919921875,11140.8955078125,3507.1904296875,962.9530029296875
2021-08-12,,,443.5673522949219,532.2869262695312,,1342.0084228515625,1994.4395751953125,3517.084716796875,5398.09375,1925.6495361328125,2463.864501953125,1051.6864013671875,2279.46240234375,1071.367919921875,55.0,5727.98974609375,,50.0,2138.56103515625,372.30877685546875,2235.1513671875,,217.3666229248047,7234.912109375,4958.1083984375,5081.84326171875,6501.10546875,1240.010009765625,7641.72900390625,1366.291748046875,1186.76611328125,691.9517822265625,,2721.92724609375,408.859130859375,700.31884765625,,1089.713134765625,309.0378723144531,7723.24267578125,2709.30419921875,1170.3170166015625,12137.7119140625,3474.181640625,1047.33544921875
2021-08-13,,,435.7027893066406,559.3523559570312,,1346.8013916015625,1977.8193359375,3577.60107421875,5492.3466796875,1935.1353759765625,2502.665771484375,1051.6864013671875,2308.31640625,1061.493408203125,54.0,5891.6455078125,,50.0,2092.47119140625,361.1950988769531,2200.89599609375,,220.68519592285156,7346.90771484375,4958.1083984375,5102.333984375,6476.93798828125,1274.318603515625,7553.38671875,1412.8216552734375,1195.9658203125,682.1368408203125,,2751.1953125,405.49407958984375,703.7518310546875,,1075.9193115234375,302.7629699707031,7811.25537109375,2668.86669921875,1170.3170166015625,12108.392578125,3507.1904296875,977.843994140625
2021-08-16,,,429.4109802246094,556.3450927734375,,1346.8013916015625,1986.1292724609375,3613.19873046875,5500.91455078125,1954.1075439453125,2541.466796875,1055.5247802734375,2298.698486328125,1036.8077392578125,55.0,5915.025390625,,50.0,1954.2021484375,337.11541748046875,2218.023681640625,,220.68519592285156,7391.705078125,4958.1083984375,5204.79052734375,6211.09375,1230.20751953125,7663.81591796875,1412.8216552734375,1195.9658203125,667.4144897460938,,2653.63525390625,388.6686096191406,714.0505981445312,,1071.3212890625,288.6445007324219,7965.27978515625,2701.21630859375,1170.3170166015625,11829.87109375,3424.668701171875,913.316162109375
2021-08-18,,,421.54632568359375,554.8414306640625,,1255.7364501953125,1994.4395751953125,3719.993408203125,5655.14599609375,2058.452880859375,2632.00244140625,1093.907470703125,2327.552734375,1115.802490234375,54.0,6031.92333984375,,50.0,1820.5421142578125,314.8880310058594,2295.09814453125,,205.7516326904297,7481.3017578125,4933.80419921875,5245.7734375,6186.92578125,1171.392822265625,7244.18310546875,1421.28173828125,1205.16552734375,696.8592529296875,,2634.123291015625,381.9383239746094,703.7518310546875,,1034.5377197265625,273.74163818359375,8295.333984375,2765.916259765625,1152.5174560546875,11566.0078125,3490.68603515625,883.5341796875
2021-08-19,,,407.3899230957031,541.3087158203125,,1179.0501708984375,1886.407470703125,3666.596435546875,5655.14599609375,2011.0233154296875,2509.132568359375,1051.6864013671875,2250.608642578125,1066.4305419921875,53.0,6078.6826171875,,50.0,1732.9718017578125,300.0697937011719,2226.58740234375,,197.45516967773438,7302.10888671875,4831.7255859375,5122.8251953125,6041.919921875,1195.89892578125,7067.49609375,1366.291748046875,1149.967041015625,662.5070190429688,,2604.855224609375,365.1128845214844,686.5870971679688,,988.5582885742188,278.44781494140625,8009.28759765625,2741.65380859375,1130.26806640625,11316.802734375,3391.659423828125,833.8973999023438
2021-08-20,,,397.9523010253906,547.3232421875,,1236.5648193359375,1894.7174072265625,3630.998779296875,5655.14599609375,2058.452880859375,2541.466796875,1070.8779296875,2269.844482421875,1071.367919921875,53.0,6078.6826171875,,50.0,1871.2408447265625,326.0017395019531,2312.225341796875,,202.4330596923828,7302.10888671875,4753.951171875,5061.35205078125,6066.087890625,1279.2198486328125,6979.15185546875,1366.291748046875,1191.365966796875,662.5070190429688,,2575.587158203125,378.5732421875,686.5870971679688,,970.1665649414062,305.9004211425781,8251.3271484375,2749.7412109375,1152.5174560546875,11140.8955078125,3358.650634765625,838.861083984375
2021-08-23,,,413.6816711425781,575.892333984375,,1150.29296875,1903.02783203125,3630.998779296875,5646.5771484375,2029.9949951171875,2560.8671875,1097.745849609375,2298.698486328125,1071.367919921875,54.0,6148.82080078125,,50.0,2027.9454345703125,318.59259033203125,2337.9169921875,,205.7516326904297,7369.30615234375,4860.890625,5102.333984375,6138.59033203125,1274.318603515625,7089.5810546875,1467.8118896484375,1195.9658203125,672.3219604492188,,2663.391357421875,433.2560729980469,724.3494262695312,,965.5685424804688,302.7629699707031,8405.3515625,2782.09130859375,1197.016357421875,11155.5537109375,3350.3984375,908.3525390625
2021-08-24,,,396.3793640136719,578.8995971679688,,1241.3577880859375,1886.407470703125,3613.19873046875,5655.14599609375,2020.509521484375,2515.599365234375,1078.5543212890625,2240.990478515625,1110.865234375,53.0,6172.2001953125,,50.0,2037.163330078125,322.29718017578125,2260.8427734375,,202.4330596923828,7346.90771484375,4831.7255859375,5163.80859375,6646.11181640625,1244.9112548828125,6758.29296875,1514.3419189453125,1191.365966796875,696.8592529296875,,2634.123291015625,403.8115234375,714.0505981445312,,956.3726806640625,298.0568542480469,8251.3271484375,2749.7412109375,1174.7669677734375,11038.283203125,3366.903076171875,878.5704956054688
2021-08-25,,,394.8064270019531,563.8632202148438,,1217.393310546875,1911.337890625,3666.596435546875,5655.14599609375,1992.051025390625,2515.599365234375,1074.7161865234375,2289.080810546875,1081.2423095703125,54.0,6172.2001953125,,50.0,1954.2021484375,318.59259033203125,2295.09814453125,,207.41090393066406,7369.30615234375,4860.890625,5184.29931640625,6573.6083984375,1259.6148681640625,6802.46435546875,1488.9617919921875,1232.764892578125,682.1368408203125,,2634.123291015625,418.95440673828125,707.1846923828125,,960.9705810546875,305.9004211425781,8295.333984375,2725.478759765625,1174.7669677734375,11214.1904296875,3441.17333984375,838.861083984375
2021-08-26,,,402.6710510253906,559.3523559570312,,1226.979248046875,1886.407470703125,3630.998779296875,5620.8720703125,1982.5653076171875,2502.665771484375,1067.0396728515625,2240.990478515625,1041.744873046875,53.0,6148.82080078125,,50.0,1889.6766357421875,314.8880310058594,2277.970458984375,,210.83920288085938,7369.30615234375,4812.28173828125,5143.31689453125,6573.6083984375,1254.713623046875,6824.55126953125,1476.271728515625,1237.3646240234375,687.0443115234375,,2634.123291015625,407.17657470703125,696.8859252929688,,965.5685424804688,301.9786071777344,7723.24267578125,2717.391357421875,1156.9674072265625,11302.1435546875,3375.1552734375,784.2606201171875
2021-08-27,,,391.66058349609375,572.8851318359375,,1236.5648193359375,1878.0972900390625,3595.400390625,5578.03076171875,2011.0233154296875,2483.265625,1074.7161865234375,2231.37255859375,1046.68212890625,52.0,6102.0615234375,,50.0,1935.76611328125,311.1834716796875,2269.406494140625,,209.1250457763672,7436.50390625,4822.00341796875,5266.2646484375,6573.6083984375,1244.9112548828125,6736.20654296875,1472.0418701171875,1255.76416015625,677.2294311523438,,2624.3671875,390.35113525390625,693.4529418945312,,956.3726806640625,300.409912109375,7789.2509765625,2685.041748046875,1156.9674072265625,11419.4169921875,3325.641845703125,814.042724609375
2021-08-30,,,408.96282958984375,578.8995971679688,,1274.9080810546875,1919.6478271484375,3755.591064453125,5625.1572265625,2048.967041015625,2547.93408203125,1090.0692138671875,2289.080810546875,1041.744873046875,55.0,6172.2001953125,,50.0,1954.2021484375,303.77435302734375,2286.5341796875,,207.41090393066406,7705.29248046875,4933.80419921875,5348.2294921875,7201.9677734375,1259.6148681640625,6979.15185546875,1518.5718994140625,1283.3634033203125,691.9517822265625,,2741.439453125,405.49407958984375,707.1846923828125,,970.1665649414062,309.8222351074219,8031.29052734375,2749.7412109375,1197.016357421875,11727.2587890625,3408.1640625,823.9700317382812
2021-08-31,,,396.3793640136719,584.9141845703125,,1294.0794677734375,1986.1292724609375,3719.993408203125,5612.3037109375,2048.967041015625,2541.466796875,1078.5543212890625,2346.78857421875,1051.6192626953125,54.0,5985.16455078125,,50.0,2000.2919921875,303.77435302734375,2286.5341796875,,207.41090393066406,7548.49951171875,4933.80419921875,5061.35205078125,7636.986328125,1240.010009765625,7067.49609375,1531.26171875,1237.3646240234375,726.303955078125,,2751.1953125,400.4463806152344,710.61767578125,,970.1665649414062,318.4501953125,8141.30859375,2749.7412109375,1192.5665283203125,11771.2353515625,3342.146240234375,828.9337158203125
2021-09-01,,,415.254638671875,581.9069213867188,,1246.1507568359375,1986.1292724609375,3684.39501953125,5625.1572265625,2020.509521484375,2515.599365234375,1078.5543212890625,2308.31640625,1007.1845703125,54.0,5915.025390625,,50.0,1926.548583984375,301.9220886230469,2286.5341796875,,207.41090393066406,7526.10009765625,4885.1953125,5204.79052734375,7516.14794921875,1225.3062744140625,7177.92578125,1527.0318603515625,1255.76416015625,745.9337768554688,,2721.92724609375,400.4463806152344,714.0505981445312,,1002.3521118164062,316.8814392089844,7943.27734375,2701.21630859375,1201.46630859375,11756.576171875,3383.407470703125,828.9337158203125
2021-09-02,,,415.254638671875,578.8995971679688,,1250.9434814453125,1927.9583740234375,3737.792236328125,5603.736328125,1992.051025390625,2502.665771484375,1093.907470703125,2327.552734375,1002.2474365234375,53.0,5985.16455078125,,50.0,1880.458740234375,301.9220886230469,2295.09814453125,,203.9826202392578,7570.89794921875,4885.1953125,5286.755859375,7757.8251953125,1235.1087646484375,7310.4404296875,1497.4217529296875,1274.16357421875,721.396484375,,2751.1953125,413.90679931640625,707.1846923828125,,1006.9500732421875,300.409912109375,8053.29443359375,2725.478759765625,1223.7154541015625,11917.826171875,3424.668701171875,799.1516723632812
2021-09-03,,,426.26513671875,577.39599609375,,1294.0794677734375,1952.888671875,3808.988525390625,5655.14599609375,2067.93896484375,2541.466796875,1101.5841064453125,2356.406494140625,1007.1845703125,56.0,6008.5439453125,,50.0,1880.458740234375,301.9220886230469,2277.970458984375,,198.8402099609375,7593.29638671875,4958.1083984375,5348.2294921875,7733.6572265625,1235.1087646484375,7476.08447265625,1497.4217529296875,1324.76220703125,745.9337768554688,,2731.683349609375,420.6369323730469,727.7823486328125,,1052.9295654296875,305.9004211425781,8097.30126953125,2741.65380859375,1237.0650634765625,12533.5068359375,3498.938232421875,819.0064086914062
2021-09-06,,,429.4109802246094,584.9141845703125,,1289.2867431640625,1977.8193359375,3862.38525390625,5633.724609375,2067.93896484375,2489.73193359375,1120.775390625,2385.26025390625,997.3102416992188,56.0,5915.025390625,,50.0,1926.548583984375,322.29718017578125,2260.8427734375,,202.26849365234375,7638.09521484375,4933.80419921875,5307.248046875,7612.05908203125,1293.9234619140625,7453.9990234375,1518.5718994140625,1361.5611572265625,745.9337768554688,,2790.219482421875,415.58929443359375,751.8129272460938,,1062.1253662109375,321.587646484375,8097.30126953125,2741.65380859375,1228.16552734375,12753.392578125,3507.1904296875,858.7158203125
2021-09-07,,,423.1192932128906,584.9141845703125,,1294.0794677734375,1952.888671875,3808.988525390625,5629.44091796875,2048.967041015625,2528.533203125,1105.42236328125,2404.496337890625,987.435791015625,56.0,5868.2666015625,,50.0,1908.112548828125,307.4789123535156,2260.8427734375,,198.8402099609375,7743.796875,4885.1953125,5352.6376953125,7417.501953125,1313.5283203125,7498.171875,1598.9420166015625,1343.1617431640625,755.7487182617188,,2751.1953125,415.58929443359375,741.5140380859375,,1048.33154296875,324.7250671386719,7855.2626953125,2733.56640625,1197.016357421875,12636.12109375,3507.1904296875,848.7883911132812
2021-09-08,,,418.4005126953125,550.33056640625,,1294.0794677734375,1927.9583740234375,3737.792236328125,5518.05126953125,2020.509521484375,2653.388916015625,1082.3927001953125,2404.496337890625,957.8128051757812,55.0,5821.50732421875,,50.0,1815.933349609375,305.6266174316406,2235.1513671875,,195.4119110107422,7743.796875,4831.7255859375,5288.40576171875,7685.01806640625,1269.417236328125,7641.72900390625,1552.4119873046875,1343.1617431640625,741.0263671875,,2663.391357421875,403.8115234375,720.9164428710938,,1057.5274658203125,313.7440185546875,7525.2099609375,2693.12890625,1174.7669677734375,12254.984375,3383.407470703125,828.9337158203125
2021-09-09,,,429.4109802246094,566.8705444335938,,1303.6654052734375,2027.6800537109375,3880.184326171875,5629.44091796875,2048.967041015625,2653.388916015625,1086.2310791015625,2442.968017578125,997.3102416992188,55.0,6172.2001953125,,50.0,1769.843505859375,288.9560546875,2269.406494140625,,193.69778442382812,7835.7119140625,4958.1083984375,5374.04833984375,7685.01806640625,1308.6270751953125,7641.72900390625,1565.1019287109375,1370.7608642578125,726.303955078125,,2702.415283203125,400.4463806152344,717.4835815429688,,1075.9193115234375,308.25347900390625,7701.23828125,2741.65380859375,1237.0650634765625,12782.7109375,3383.407470703125,833.8973999023438
2021-09-10,,,424.69219970703125,562.3596801757812,,1308.458251953125,2152.332763671875,3862.38525390625,5586.5986328125,2067.93896484375,2688.957275390625,1101.5841064453125,2385.26025390625,992.3729858398438,54.0,6242.33984375,,50.0,1843.5867919921875,285.2514953613281,2303.661376953125,,190.26950073242188,7812.73291015625,5006.7177734375,5331.22705078125,7685.01806640625,1308.6270751953125,7564.4287109375,1598.9420166015625,1352.361328125,711.5816040039062,,2751.1953125,405.49407958984375,724.3494262695312,,1080.5172119140625,321.587646484375,7833.2587890625,2693.12890625,1214.8157958984375,12445.5517578125,3366.903076171875,848.7883911132812
2021-09-13,,,421.54632568359375,568.3742065429688,,1322.8367919921875,2094.161376953125,3880.184326171875,5616.587890625,2048.967041015625,2632.04833984375,1105.42236328125,2366.024658203125,997.3102416992188,54.0,6172.2001953125,,50.0,1783.67041015625,285.2514953613281,2320.7890625,,190.26950073242188,7743.796875,4933.80419921875,5331.22705078125,7636.37890625,1318.4296875,7707.98583984375,1624.322021484375,1352.361328125,736.118896484375,,2741.439453125,413.90679931640625,720.9164428710938,,1071.3212890625,327.8625183105469,7833.2587890625,2709.30419921875,1214.8157958984375,12240.3251953125,3333.893798828125,833.8973999023438
2021-09-14,,,435.7027893066406,586.417724609375,,1322.8367919921875,2052.61083984375,3933.581298828125,5608.01904296875,2048.967041015625,2632.04833984375,1086.2310791015625,2346.78857421875,997.3102416992188,54.0,6172.2001953125,,50.0,1802.106201171875,294.5129089355469,2526.3203125,,188.5553741455078,7766.77587890625,4885.1953125,5288.40576171875,7660.6982421875,1367.4417724609375,7851.544921875,1649.7021484375,1361.5611572265625,765.5636596679688,,2673.147216796875,420.6369323730469,762.1117553710938,,1089.713134765625,338.84356689453125,7833.2587890625,2782.09130859375,1201.46630859375,12548.1650390625,3342.146240234375,853.7521362304688
2021-09-15,,,437.2756652832031,580.4032592773438,,1327.6297607421875,2069.23095703125,3844.586181640625,5565.17724609375,2029.9949951171875,2603.59326171875,1070.8779296875,2356.406494140625,982.4987182617188,54.0,6172.2001953125,,50.0,1811.3240966796875,288.9560546875,2569.13916015625,,188.5553741455078,7697.83935546875,4822.00341796875,5352.6376953125,7320.22265625,1372.3431396484375,7950.93310546875,1620.0921630859375,1370.7608642578125,755.7487182617188,,2653.63525390625,429.0496826171875,755.2459106445312,,1108.1048583984375,323.1563415527344,7833.2587890625,2790.1787109375,1201.46630859375,12694.755859375,3333.893798828125,893.4614868164062
2021-09-16,,,437.2756652832031,586.417724609375,,1318.0439453125,2002.749755859375,3826.787841796875,5569.46142578125,2001.537109375,2589.366455078125,1070.8779296875,2366.024658203125,987.435791015625,54.0,6125.44140625,,50.0,1774.4525146484375,290.808349609375,2543.447998046875,,190.26950073242188,7559.9677734375,4724.78564453125,5309.81689453125,7077.02587890625,1396.84912109375,8061.36279296875,1620.0921630859375,1324.76220703125,736.118896484375,,2643.879150390625,429.0496826171875,775.8434448242188,,1108.1048583984375,318.4501953125,7679.234375,2782.09130859375,1197.016357421875,12694.755859375,3309.137451171875,853.7521362304688
2021-09-17,,,419.97332763671875,583.4105224609375,,1375.55859375,1994.4395751953125,3862.38525390625,5586.5986328125,2011.0233154296875,2568.025146484375,1070.8779296875,2327.552734375,1012.1217651367188,55.0,6312.4775390625,,50.0,1779.0614013671875,290.808349609375,2569.13916015625,,188.5553741455078,7491.03173828125,4715.06396484375,5309.81689453125,7028.38671875,1352.7381591796875,7873.63232421875,1637.011962890625,1333.9617919921875,741.0263671875,,2653.63525390625,412.2242431640625,751.8129272460938,,1066.723388671875,337.2748718261719,7635.2275390625,2854.878662109375,1197.016357421875,12020.4404296875,3259.624267578125,858.7158203125
2021-09-20,,,415.254638671875,580.4032592773438,,1313.2510986328125,1952.888671875,3773.390380859375,5642.29345703125,1954.1075439453125,2553.79833984375,1040.1717529296875,2317.9345703125,977.5615234375,53.0,5961.78466796875,,50.0,1797.497314453125,285.2514953613281,2552.01171875,,186.8412322998047,7468.0537109375,4676.1767578125,5266.99560546875,6833.8291015625,1333.13330078125,7796.33203125,1582.02197265625,1315.5623779296875,726.303955078125,,2643.879150390625,402.12890625,734.648193359375,,1052.9295654296875,327.8625183105469,7481.20263671875,2846.791015625,1183.6666259765625,12064.4169921875,3201.85888671875,858.7158203125
2021-09-21,,,423.1192932128906,581.9069213867188,,1327.6297607421875,1961.198974609375,3719.993408203125,5560.8935546875,1944.621337890625,2539.57080078125,1032.4952392578125,2298.698486328125,962.7498779296875,54.0,6078.6826171875,,50.0,1825.1510009765625,283.3992004394531,2586.26708984375,,183.41294860839844,7628.904296875,4608.12451171875,5266.99560546875,7028.38671875,1342.9356689453125,7818.41650390625,1586.251953125,1292.5631103515625,765.5636596679688,,2565.8310546875,407.17657470703125,768.9776000976562,,1048.33154296875,337.2748718261719,7415.19189453125,2854.878662109375,1174.7669677734375,12079.0751953125,3168.849853515625,838.861083984375
2021-09-22,,,440.4215393066406,599.9505615234375,,1327.6297607421875,1944.5784912109375,3755.591064453125,5616.587890625,1954.1075439453125,2568.025146484375,1044.010009765625,2337.17041015625,967.6871337890625,53.0,6125.44140625,,50.0,1783.67041015625,285.2514953613281,2560.575439453125,,186.8412322998047,7536.9892578125,4627.56787109375,5309.81689453125,6979.7470703125,1318.4296875,8017.19091796875,1620.0921630859375,1306.3626708984375,775.3786010742188,,2653.63525390625,408.859130859375,758.6788330078125,,1080.5172119140625,334.13739013671875,7525.2099609375,2903.403076171875,1183.6666259765625,12240.3251953125,3333.893798828125,814.042724609375
2021-09-23,,,445.1402587890625,616.4905395507812,,1322.8367919921875,1903.02783203125,3666.596435546875,5638.00830078125,1944.621337890625,2681.843505859375,1055.5247802734375,2337.17041015625,982.4987182617188,53.0,6102.0615234375,,50.0,1797.497314453125,283.3992004394531,2552.01171875,,185.12709045410156,7582.947265625,4617.84619140625,5266.99560546875,6979.7470703125,1313.5283203125,8271.1787109375,1611.6319580078125,1283.3634033203125,780.2860717773438,,2585.34326171875,410.54168701171875,775.8434448242188,,1112.702880859375,337.2748718261719,7481.20263671875,2879.140869140625,1174.7669677734375,12357.5966796875,3342.146240234375,828.9337158203125
2021-09-24,,,471.8802490234375,621.0014038085938,,1274.9080810546875,1903.02783203125,3666.596435546875,5642.29345703125,1935.1353759765625,2717.411865234375,1047.8482666015625,2298.698486328125,962.7498779296875,56.0,6172.2001953125,,50.0,1788.2794189453125,272.2855529785156,2526.3203125,,181.69879150390625,7628.904296875,4578.958984375,5266.99560546875,6833.8291015625,1293.9234619140625,8149.7060546875,1573.5618896484375,1287.9632568359375,765.5636596679688,,2585.34326171875,413.90679931640625,772.4105224609375,,1126.4967041015625,326.2937927246094,7305.173828125,2879.140869140625,1165.866943359375,12943.9619140625,3276.128662109375,819.0064086914062
2021-09-27,,,475.0259704589844,621.0014038085938,,1337.215576171875,1903.02783203125,3684.39501953125,5638.00830078125,1925.6495361328125,2667.616455078125,1044.010009765625,2269.844482421875,952.8756103515625,56.0,6102.0615234375,,50.0,1774.4525146484375,259.319580078125,2474.937744140625,,176.55638122558594,7674.86083984375,4530.35009765625,5224.173828125,6906.7880859375,1254.713623046875,8182.83544921875,1560.8719482421875,1287.9632568359375,750.8412475585938,,2585.34326171875,424.84332275390625,799.8740234375,,1131.0946044921875,318.4501953125,7217.15966796875,2846.791015625,1174.7669677734375,13413.0517578125,3185.3544921875,819.0064086914062
2021-09-28,,,547.3810424804688,611.9795532226562,,1337.215576171875,1886.407470703125,3613.19873046875,5586.5986328125,1916.163818359375,2646.275390625,1036.33349609375,2289.080810546875,962.7498779296875,68.0,5985.16455078125,,50.0,1728.3626708984375,264.87640380859375,2517.756591796875,,176.55638122558594,7559.9677734375,4569.2373046875,5266.99560546875,6858.14892578125,1230.20751953125,8701.853515625,1582.02197265625,1269.563720703125,731.21142578125,,2526.80712890625,458.4942932128906,796.4411010742188,,1209.2596435546875,306.6847839355469,6909.111328125,2854.878662109375,1161.4173583984375,14072.7080078125,3152.34521484375,823.9700317382812
2021-09-29,,,541.0892944335938,624.0086059570312,,1346.8013916015625,1919.6478271484375,3791.189453125,5638.00830078125,1982.5653076171875,2660.50244140625,1070.8779296875,2308.31640625,967.6871337890625,64.0,5985.16455078125,,50.0,1636.183349609375,263.0241394042969,2517.756591796875,,179.9846649169922,7559.9677734375,4540.07177734375,5266.99560546875,7903.89501953125,1264.51611328125,8624.552734375,1653.93212890625,1297.1629638671875,741.0263671875,,2468.27099609375,445.8751525878906,823.9046020507812,,1213.857666015625,308.25347900390625,7459.19873046875,2854.878662109375,1179.216796875,14952.25390625,3234.867431640625,819.0064086914062
2021-09-30,,,553.6727905273438,655.5850830078125,,1322.8367919921875,1903.02783203125,3915.78173828125,5997.8818359375,2039.4810791015625,2738.75244140625,1090.0692138671875,2366.024658203125,952.8756103515625,66.0,6008.5439453125,,50.0,1603.920654296875,281.5469665527344,2603.394775390625,,181.69879150390625,7674.86083984375,4462.2978515625,5438.27978515625,8341.6494140625,1303.7259521484375,9187.7431640625,1670.85205078125,1315.5623779296875,765.5636596679688,,2458.514892578125,462.7007141113281,817.0386352539062,,1269.0330810546875,315.31280517578125,7217.15966796875,2984.278076171875,1179.216796875,15245.4345703125,3259.624267578125,769.36962890625
2021-10-01,,,559.9645385742188,652.5778198242188,,1284.493896484375,1844.8564453125,3880.184326171875,5792.240234375,2029.9949951171875,2774.3203125,1139.966796875,2346.78857421875,943.001220703125,68.0,5844.88671875,,50.0,1557.8310546875,288.9560546875,2569.13916015625,,186.8412322998047,7651.8828125,4394.24560546875,5352.6376953125,8195.7314453125,1230.20751953125,9353.388671875,1598.9420166015625,1287.9632568359375,741.0263671875,,2399.97900390625,450.08154296875,878.8314819335938,,1250.6412353515625,305.1160583496094,7129.1455078125,2960.015380859375,1161.4173583984375,15245.4345703125,3185.3544921875,719.7328491210938
2021-10-04,,,585.1314697265625,669.1177368164062,,1274.9080810546875,1919.6478271484375,3969.179443359375,5963.60888671875,2162.798583984375,2824.116455078125,1174.51123046875,2491.05810546875,962.7498779296875,84.0,5915.025390625,,50.0,1497.9144287109375,298.2174987792969,2577.703369140625,,188.5553741455078,7950.6044921875,4647.01123046875,5502.51123046875,8633.4853515625,1249.8123779296875,10855.23046875,1590.4820556640625,1269.563720703125,760.6561889648438,,2741.439453125,475.3197937011719,964.6549072265625,,1328.806396484375,313.7440185546875,7283.17041015625,2968.103271484375,1161.4173583984375,15890.43359375,3284.380859375,719.7328491210938
2021-10-05,,,575.6937866210938,663.1032104492188,,1270.115234375,1911.337890625,3951.380859375,5950.755859375,2162.798583984375,2795.66162109375,1170.673095703125,2471.822265625,918.3153686523438,91.0,5751.36865234375,,50.0,1479.478515625,277.8424072265625,2500.629150390625,,193.69778442382812,8111.455078125,4578.958984375,5566.7431640625,8365.96875,1254.713623046875,10965.662109375,1514.3419189453125,1260.3638916015625,785.1934814453125,,2565.8310546875,496.3515930175781,1016.14892578125,,1305.8165283203125,306.6847839355469,7019.12841796875,2968.103271484375,1112.46875,15304.0712890625,3424.668701171875,680.0234985351562
2021-10-06,,,586.704345703125,658.5922241210938,,1250.9434814453125,1911.337890625,4253.96337890625,6152.1123046875,2276.630126953125,2930.821044921875,1216.7322998046875,2539.1484375,933.1268920898438,92.0,5844.88671875,,50.0,1580.8759765625,283.3992004394531,2466.373779296875,,198.8402099609375,8134.43408203125,4588.6806640625,5652.38525390625,8317.330078125,1249.8123779296875,11330.0791015625,1548.181884765625,1260.3638916015625,790.1008911132812,,2604.855224609375,513.1771240234375,992.1183471679688,,1305.8165283203125,318.4501953125,7019.12841796875,3040.890380859375,1099.1190185546875,15553.275390625,3523.695068359375,680.0234985351562
2021-10-07,,,545.8081665039062,622.5050659179688,,1241.3577880859375,1936.268310546875,4058.17431640625,6134.97607421875,2267.14404296875,2930.821044921875,1201.379150390625,2577.6201171875,938.0640258789062,86.0,5821.50732421875,,50.0,1562.43994140625,272.2855529785156,2457.81005859375,,191.98365783691406,8134.43408203125,4627.56787109375,5738.02783203125,8122.7724609375,1254.713623046875,10546.029296875,1552.4119873046875,1260.3638916015625,775.3786010742188,,2585.34326171875,479.526123046875,1019.5819091796875,,1232.2493896484375,321.587646484375,7107.142578125,3008.54052734375,1099.1190185546875,15381.056640625,3985.818115234375,689.9508056640625
2021-10-08,,,570.9749145507812,661.5995483398438,,1236.5648193359375,1944.5784912109375,4233.99267578125,6246.36572265625,2333.5458984375,2959.275390625,1216.7322998046875,2654.564208984375,952.8756103515625,86.0,5891.6455078125,,50.0,1576.2669677734375,279.6946716308594,2569.13916015625,,195.4119110107422,8180.390625,4695.62060546875,5738.02783203125,8365.96875,1244.9112548828125,10976.705078125,1569.3319091796875,1269.563720703125,765.5636596679688,,2673.147216796875,504.7643737792969,1019.5819091796875,,1278.2288818359375,324.7250671386719,7107.142578125,3073.240234375,1112.46875,15514.67578125,3928.05322265625,645.2777709960938
2021-10-11,,,602.4337158203125,663.1032104492188,,1222.1861572265625,2011.059814453125,4144.2900390625,6216.37646484375,2428.405517578125,2973.5029296875,1220.5704345703125,2654.564208984375,913.3781127929688,94.0,5891.6455078125,,50.0,1497.9144287109375,287.1037902832031,2740.415283203125,,197.12608337402344,8134.43408203125,4885.1953125,5673.7958984375,8438.9287109375,1235.1087646484375,11815.970703125,1539.721923828125,1251.164306640625,775.3786010742188,,3014.607666015625,534.208984375,1016.14892578125,,1305.8165283203125,307.4691467285156,6931.1142578125,3081.327880859375,1099.1190185546875,15648.29296875,3985.818115234375,684.9871826171875
2021-10-12,,,592.9961547851562,663.1032104492188,,1207.8076171875,1969.5087890625,4216.052734375,6272.0703125,2428.405517578125,3001.95751953125,1239.7618408203125,2693.0361328125,913.3781127929688,93.0,6008.5439453125,,50.0,1401.1260986328125,294.5129089355469,2766.106689453125,,193.69778442382812,8157.412109375,4812.28173828125,5716.6171875,8633.4853515625,1205.701416015625,11672.4111328125,1598.9420166015625,1260.3638916015625,809.7307739257812,,2936.5595703125,525.7962036132812,1053.9112548828125,,1301.2186279296875,303.54736328125,6975.12109375,3057.0654296875,1103.56884765625,15603.751953125,4068.340576171875,704.8418579101562
2021-10-13,,,585.1314697265625,651.0740356445312,,1126.3284912109375,1944.5784912109375,4503.10302734375,6447.7236328125,2532.7509765625,3044.63916015625,1285.8211669921875,2731.508056640625,908.4409790039062,87.0,6008.5439453125,,50.0,1373.4722900390625,281.5469665527344,2697.596435546875,,193.69778442382812,8226.34765625,4802.56005859375,5802.25927734375,8633.4853515625,1195.89892578125,11595.111328125,1565.1019287109375,1274.16357421875,829.3606567382812,,2985.339599609375,513.1771240234375,1029.880615234375,,1282.8267822265625,288.6445007324219,7305.173828125,3048.977783203125,1103.56884765625,15574.0615234375,4332.412109375,699.878173828125
2021-10-14,,,583.5585327148438,652.5778198242188,,1193.4288330078125,2011.059814453125,4467.2216796875,6640.51220703125,2608.638427734375,3023.298095703125,1308.850830078125,2760.36181640625,913.3781127929688,88.0,5985.16455078125,,50.0,1534.7862548828125,287.1037902832031,2714.723876953125,,191.98365783691406,8571.02734375,4958.1083984375,5866.49072265625,8852.3623046875,1230.20751953125,11285.908203125,1560.8719482421875,1320.162353515625,863.712890625,,3014.607666015625,517.3834228515625,1047.0452880859375,,1296.6207275390625,295.7037048339844,7855.2626953125,3097.502685546875,1094.6690673828125,15262.283203125,4394.3037109375,680.0234985351562
2021-10-15,,,585.1314697265625,643.555908203125,,1212.6005859375,2052.61083984375,4485.162109375,6554.828125,2561.208740234375,3073.09375,1312.6890869140625,2750.743896484375,933.1268920898438,87.0,5938.4052734375,,50.0,1530.17724609375,333.41082763671875,2697.596435546875,,188.5553741455078,8525.0712890625,4958.1083984375,5802.25927734375,8779.4033203125,1274.318603515625,11484.6806640625,1573.5618896484375,1329.3619384765625,863.712890625,,3170.703857421875,525.7962036132812,1047.0452880859375,,1301.2186279296875,302.7629699707031,7723.24267578125,3081.327880859375,1072.4197998046875,15143.5107421875,4311.78125,665.1324462890625
2021-10-18,,,589.8502807617188,660.095947265625,,1183.8431396484375,2085.851318359375,4467.2216796875,6447.7236328125,2684.526123046875,3137.116455078125,1412.484130859375,2760.36181640625,943.001220703125,86.0,5938.4052734375,,50.0,1530.17724609375,335.26312255859375,2646.213623046875,,191.98365783691406,8548.048828125,4982.4130859375,5802.25927734375,8925.3212890625,1333.13330078125,11341.1220703125,1645.4720458984375,1324.76220703125,868.620361328125,,3238.995849609375,530.0025634765625,1047.0452880859375,,1315.012451171875,301.19427490234375,7833.2587890625,3065.15283203125,1054.6202392578125,15618.599609375,4208.62890625,670.0961303710938
2021-10-19,,,583.5585327148438,657.0887451171875,,1169.4644775390625,2102.4716796875,4556.9248046875,6426.30126953125,2741.44189453125,3130.003173828125,1389.4544677734375,2769.97998046875,967.6871337890625,83.0,6008.5439453125,,50.0,1502.5234375,357.4905090332031,2637.64990234375,,191.98365783691406,8548.048828125,4909.49951171875,5845.08056640625,8755.083984375,1352.7381591796875,11230.6923828125,1620.0921630859375,1333.9617919921875,873.5277709960938,,3238.995849609375,521.5899047851562,1071.075927734375,,1296.6207275390625,302.7629699707031,7723.24267578125,3024.715576171875,1050.17041015625,15232.5888671875,4229.2587890625,680.0234985351562
2021-10-21,,,552.099853515625,664.6068115234375,,1236.5648193359375,2035.990478515625,4413.3994140625,6340.61767578125,2779.385986328125,3101.548828125,1377.939697265625,2760.36181640625,977.5615234375,78.0,6078.6826171875,,50.0,1594.70263671875,333.41082763671875,2637.64990234375,,190.26950073242188,8479.11328125,4860.890625,5738.02783203125,8438.9287109375,1352.7381591796875,10700.6318359375,1594.7119140625,1370.7608642578125,878.4352416992188,,3170.703857421875,496.3515930175781,1033.3135986328125,,1250.6412353515625,313.7440185546875,7745.244140625,3113.677734375,1054.6202392578125,14668.41796875,4126.1064453125,665.1324462890625
2021-10-22,,,545.8081665039062,700.6940307617188,,1193.4288330078125,2019.3699951171875,4431.34033203125,6447.7236328125,2826.815673828125,3130.003173828125,1397.131103515625,2769.97998046875,962.7498779296875,74.0,5938.4052734375,,50.0,1525.5682373046875,335.26312255859375,2663.34130859375,,188.5553741455078,8364.2197265625,4783.11669921875,5695.2060546875,8341.6494140625,1406.651611328125,10512.900390625,1582.02197265625,1338.5618896484375,853.89794921875,,3131.679931640625,492.1452331542969,1047.0452880859375,,1227.6513671875,335.7060852050781,7789.2509765625,3129.8525390625,1054.6202392578125,14074.5546875,4002.322998046875,645.2777709960938
2021-10-25,,,548.9539794921875,705.2051391601562,,1193.4288330078125,2011.059814453125,4341.63720703125,6447.7236328125,2788.87158203125,3058.866455078125,1385.6160888671875,2741.1259765625,952.8756103515625,75.0,5821.50732421875,,50.0,1654.6192626953125,316.7403259277344,2637.64990234375,,191.98365783691406,8364.2197265625,4724.78564453125,5695.2060546875,8511.88671875,1367.4417724609375,10976.705078125,1543.951904296875,1347.7615966796875,863.712890625,,3141.435791015625,500.5580139160156,1040.179443359375,,1259.8370361328125,334.13739013671875,7547.21337890625,3057.0654296875,1054.6202392578125,14252.712890625,3779.513671875,660.1688232421875
2021-10-26,,,555.2457275390625,699.1904296875,,1207.8076171875,1994.4395751953125,4413.3994140625,6447.7236328125,2760.413818359375,3094.434814453125,1366.4249267578125,2760.36181640625,962.7498779296875,75.0,5868.2666015625,,50.0,1719.1448974609375,326.0017395019531,2637.64990234375,,191.98365783691406,8364.2197265625,4724.78564453125,5716.6171875,8438.9287109375,1357.6392822265625,11131.3056640625,1535.491943359375,1416.7596435546875,868.620361328125,,3112.167724609375,504.7643737792969,1064.210205078125,,1287.4246826171875,345.1184387207031,7371.1845703125,3073.240234375,1050.17041015625,14549.6474609375,3829.026611328125,670.0961303710938
2021-10-27,,,544.2352294921875,670.6213989257812,,1188.635986328125,1952.888671875,4305.75537109375,6383.4599609375,2684.526123046875,3051.753173828125,1335.71875,2750.743896484375,962.7498779296875,75.0,5961.78466796875,,50.0,1714.535888671875,318.59259033203125,2629.0859375,,191.98365783691406,8134.43408203125,4666.455078125,5545.33251953125,8365.96875,1362.5406494140625,10667.501953125,1510.1119384765625,1471.9580078125,863.712890625,,3160.94775390625,500.5580139160156,1033.3135986328125,,1278.2288818359375,338.84356689453125,7613.2236328125,3065.15283203125,1023.47119140625,14549.6474609375,3746.504638671875,655.205078125
2021-10-28,,,512.7764892578125,636.0377197265625,,1135.914306640625,1927.9583740234375,4305.75537109375,6319.19677734375,2675.040283203125,3016.18505859375,1339.5570068359375,2702.65380859375,918.3153686523438,71.0,5798.12744140625,,50.0,1756.0166015625,305.6266174316406,2586.26708984375,,197.12608337402344,8088.47705078125,4656.7333984375,5481.10107421875,8049.81298828125,1391.947998046875,9927.623046875,1472.0418701171875,1462.75830078125,863.712890625,,3043.875732421875,466.9070129394531,1026.44775390625,,1213.857666015625,348.2558898925781,7767.2490234375,3032.802978515625,1019.0213012695312,13658.8515625,3663.982666015625,645.2777709960938
2021-10-29,,,528.5059204101562,642.0523071289062,,1145.5001220703125,1944.5784912109375,4323.6962890625,6404.880859375,2656.068359375,3023.298095703125,1366.4249267578125,2760.36181640625,923.2525634765625,72.0,5798.12744140625,,50.0,1774.4525146484375,309.3311767578125,2637.64990234375,,197.12608337402344,8088.47705078125,4715.06396484375,5438.27978515625,8244.37109375,1357.6392822265625,9541.1181640625,1459.351806640625,1471.9580078125,863.712890625,,3082.899658203125,479.526123046875,1036.74658203125,,1232.2493896484375,329.43121337890625,8009.28759765625,3073.240234375,1032.3709716796875,13985.4775390625,3647.47802734375,660.1688232421875
2021-11-01,,,530.078857421875,631.5269165039062,,1155.0858154296875,1936.268310546875,4323.6962890625,6340.61767578125,2599.152587890625,3009.071044921875,1374.1014404296875,2760.36181640625,923.2525634765625,73.0,5798.12744140625,,50.0,1709.927001953125,313.0357360839844,2569.13916015625,,195.4119110107422,8088.47705078125,4666.455078125,5374.04833984375,8098.45263671875,1436.0589599609375,9828.236328125,1480.5018310546875,1462.75830078125,883.3427124023438,,3024.36376953125,471.1133728027344,1016.14892578125,,1227.6513671875,343.5496826171875,8119.30615234375,2992.36572265625,1019.0213012695312,14015.1689453125,3647.47802734375,684.9871826171875
2021-11-02,,,517.4953002929688,634.5341796875,,1107.156982421875,1919.6478271484375,4233.99267578125,6254.93359375,2580.1806640625,2994.843505859375,1320.3656005859375,2702.65380859375,908.4409790039062,70.0,5727.98974609375,,50.0,1705.31787109375,303.77435302734375,2526.3203125,,193.69778442382812,8134.43408203125,4627.56787109375,5374.04833984375,7903.89501953125,1382.1455078125,9507.9921875,1455.121826171875,1490.357421875,873.5277709960938,,3024.36376953125,466.9070129394531,998.9843139648438,,1195.4658203125,329.43121337890625,7899.26904296875,2960.015380859375,1019.0213012695312,13658.8515625,3688.7392578125,734.6239013671875
2021-11-03,,,526.9329223632812,628.5196533203125,,1126.3284912109375,1927.9583740234375,4287.814453125,6297.7763671875,2665.55419921875,3051.753173828125,1354.9100341796875,2741.1259765625,908.4409790039062,73.0,5774.74853515625,,50.0,1714.535888671875,301.9220886230469,2577.703369140625,,190.26950073242188,8065.498046875,4637.28955078125,5352.6376953125,8098.45263671875,1372.3431396484375,9850.3212890625,1425.51171875,1504.1571044921875,883.3427124023438,,3053.6318359375,466.9070129394531,1012.716064453125,,1213.857666015625,332.5686340332031,8339.3408203125,3008.54052734375,1027.9210205078125,13257.9951171875,3672.2353515625,739.5875854492188
2021-11-04,,,526.9329223632812,631.5269165039062,,1150.29296875,1977.8193359375,4287.814453125,6319.19677734375,2656.068359375,3023.298095703125,1354.9100341796875,2760.36181640625,923.2525634765625,74.0,5774.74853515625,,50.0,1769.843505859375,300.0697937011719,2543.447998046875,,191.98365783691406,8088.47705078125,4656.7333984375,5374.04833984375,8098.45263671875,1406.651611328125,9894.4931640625,1425.51171875,1499.55712890625,848.990478515625,,3034.11962890625,475.3197937011719,1050.478271484375,,1232.2493896484375,327.8625183105469,8713.400390625,3048.977783203125,1023.47119140625,13302.533203125,3672.2353515625,699.878173828125
2021-11-05,,,517.4953002929688,624.0086059570312,,1145.5001220703125,1961.198974609375,4251.93310546875,6383.4599609375,2637.096435546875,3016.18505859375,1351.07177734375,2731.508056640625,957.8128051757812,71.0,5821.50732421875,,50.0,1820.5421142578125,298.2174987792969,2560.575439453125,,188.5553741455078,8088.47705078125,4676.1767578125,5352.6376953125,8244.37109375,1372.3431396484375,9861.3662109375,1412.8216552734375,1499.55712890625,834.26806640625,,3014.607666015625,462.7007141113281,1029.880615234375,,1218.4556884765625,321.587646484375,8713.400390625,3048.977783203125,1067.969970703125,13302.533203125,3655.73046875,684.9871826171875
2021-11-08,,,533.224609375,645.0596313476562,,1150.29296875,1969.5087890625,4251.93310546875,6490.5654296875,2675.040283203125,3009.071044921875,1377.939697265625,2693.0361328125,962.7498779296875,71.0,5774.74853515625,,50.0,1788.2794189453125,290.808349609375,2560.575439453125,,190.26950073242188,8180.390625,4715.06396484375,5374.04833984375,8365.96875,1416.4541015625,9993.8818359375,1425.51171875,1490.357421875,853.89794921875,,3053.6318359375,471.1133728027344,1029.880615234375,,1232.2493896484375,318.4501953125,8427.35546875,3032.802978515625,1063.5201416015625,13747.931640625,3680.486572265625,714.7692260742188
2021-11-09,,,536.3704223632812,652.5778198242188,,1140.7071533203125,1944.5784912109375,4198.11181640625,6576.24853515625,2675.040283203125,3023.298095703125,1358.7481689453125,2644.946044921875,957.8128051757812,72.0,5751.36865234375,,50.0,1917.3306884765625,296.3652038574219,2603.394775390625,,190.26950073242188,8203.3701171875,4705.34228515625,5438.27978515625,8414.607421875,1387.0467529296875,10015.9658203125,1450.891845703125,1490.357421875,853.89794921875,,3170.703857421875,466.9070129394531,1040.179443359375,,1232.2493896484375,321.587646484375,8493.3662109375,3000.452880859375,1059.0701904296875,13688.5458984375,3655.73046875,699.878173828125
2021-11-10,,,531.6516723632812,663.1032104492188,,1145.5001220703125,1944.5784912109375,4431.34033203125,6554.828125,2684.526123046875,3023.298095703125,1362.586669921875,2750.743896484375,962.7498779296875,71.0,5704.60986328125,,50.0,1898.8946533203125,296.3652038574219,2594.8310546875,,191.98365783691406,8180.390625,4705.34228515625,5374.04833984375,8390.2880859375,1372.3431396484375,9839.27734375,1417.0517578125,1494.957275390625,853.89794921875,,3199.971923828125,475.3197937011719,1040.179443359375,,1232.2493896484375,316.8814392089844,8427.35546875,2992.36572265625,1050.17041015625,13391.61328125,3606.21728515625,704.8418579101562
2021-11-11,,,530.078857421875,657.0887451171875,,1155.0858154296875,1969.5087890625,4431.34033203125,6576.24853515625,2665.55419921875,3023.298095703125,1374.1014404296875,2779.597900390625,957.8128051757812,71.0,5704.60986328125,,50.0,1811.3240966796875,309.3311767578125,2569.13916015625,,207.41090393066406,8134.43408203125,4695.62060546875,5416.869140625,8414.607421875,1382.1455078125,10081.3251953125,1404.36181640625,1462.75830078125,848.990478515625,,3199.971923828125,475.3197937011719,1033.3135986328125,,1232.2493896484375,320.0188903808594,8295.333984375,2951.927978515625,1041.270751953125,13287.685546875,3845.53125,704.8418579101562
2021-11-12,,,530.078857421875,651.0740356445312,,1150.29296875,1994.4395751953125,4413.3994140625,6447.7236328125,2618.12451171875,3001.95751953125,1374.1014404296875,2731.508056640625,962.7498779296875,70.0,5657.85009765625,,50.0,1751.4075927734375,303.77435302734375,2569.13916015625,,207.41090393066406,8226.34765625,4753.951171875,5438.27978515625,8293.0107421875,1372.3431396484375,9707.509765625,1395.9017333984375,1481.15771484375,858.805419921875,,3346.31201171875,466.9070129394531,1026.44775390625,,1223.0535888671875,309.0378723144531,8295.333984375,2911.49072265625,1045.7205810546875,13540.080078125,3796.01806640625,689.9508056640625
2021-11-15,,,506.4847412109375,651.0740356445312,,1150.29296875,1986.1292724609375,4395.45947265625,6426.30126953125,2580.1806640625,2959.275390625,1343.395263671875,2712.271728515625,957.8128051757812,66.0,5447.43505859375,,50.0,1811.3240966796875,298.2174987792969,2517.756591796875,,203.9826202392578,8203.3701171875,4724.78564453125,5395.45849609375,8390.2880859375,1357.6392822265625,9029.9697265625,1374.751708984375,1467.358154296875,863.712890625,,3317.0439453125,458.4942932128906,1019.5819091796875,,1154.0843505859375,313.7440185546875,8097.30126953125,2911.49072265625,1023.47119140625,13228.30078125,3721.74853515625,689.9508056640625
2021-11-16,,,508.05767822265625,661.5995483398438,,1140.7071533203125,1977.8193359375,4431.34033203125,6404.880859375,2608.638427734375,2937.9345703125,1343.395263671875,2779.597900390625,1017.0588989257812,66.0,5634.47021484375,,50.0,1852.804931640625,313.0357360839844,2500.629150390625,,202.26849365234375,8111.455078125,4685.8984375,5395.45849609375,8341.6494140625,1372.3431396484375,8924.833984375,1395.9017333984375,1490.357421875,834.26806640625,,3414.604248046875,471.1133728027344,1029.880615234375,,1154.0843505859375,313.7440185546875,8075.29833984375,2968.103271484375,1050.17041015625,13317.3798828125,3771.26123046875,680.0234985351562
2021-11-17,,,515.9224243164062,646.563232421875,,1131.1214599609375,1952.888671875,4485.162109375,6512.34521484375,2656.068359375,2987.73046875,1354.9100341796875,2779.597900390625,1026.9332275390625,67.0,5611.091796875,,50.0,1834.3690185546875,303.77435302734375,2509.192626953125,,203.9826202392578,8134.43408203125,4637.28955078125,5395.45849609375,8463.2470703125,1372.3431396484375,9322.01171875,1412.8216552734375,1485.7576904296875,804.8233032226562,,3395.092041015625,462.7007141113281,1026.44775390625,,1172.47607421875,307.4691467285156,7965.27978515625,2935.753173828125,1059.0701904296875,13644.0048828125,3713.49609375,660.1688232421875
2021-11-18,,,511.2036437988281,633.0304565429688,,1150.29296875,1936.268310546875,4449.28076171875,6361.8955078125,2627.610595703125,2973.5029296875,1362.586669921875,2760.36181640625,1026.9332275390625,66.0,5470.814453125,,50.0,1825.1510009765625,326.0017395019531,2449.246337890625,,205.69676208496094,8341.2412109375,4588.6806640625,5609.56396484375,8293.0107421875,1333.13330078125,9111.7421875,1425.51171875,1485.7576904296875,819.5457153320312,,3365.82421875,437.4624328613281,1029.880615234375,,1167.8782958984375,301.19427490234375,7899.26904296875,2935.753173828125,1045.7205810546875,13525.2314453125,3696.991455078125,665.1324462890625
2021-11-19,,,517.4953002929688,628.5196533203125,,1212.6005859375,1986.1292724609375,4467.2216796875,6383.38818359375,2665.55419921875,3044.63916015625,1377.939697265625,2789.2158203125,1007.1845703125,69.0,5564.33251953125,,50.0,1862.02294921875,329.7062683105469,2552.01171875,,205.69676208496094,8295.2841796875,4705.34228515625,5609.56396484375,8438.9287109375,1352.7381591796875,9427.1474609375,1438.2017822265625,1467.358154296875,809.7307739257812,,3619.48046875,450.08154296875,1050.478271484375,,1204.6617431640625,309.0378723144531,7877.26611328125,3154.115234375,1050.17041015625,13465.845703125,3845.53125,670.0961303710938
2021-11-22,,,515.9224243164062,614.9868774414062,,1250.9434814453125,1969.5087890625,4449.28076171875,6426.37353515625,2722.47021484375,3044.63916015625,1427.8372802734375,2827.687744140625,1012.1217651367188,69.0,5540.95263671875,,50.0,1862.02294921875,326.0017395019531,2534.88427734375,,198.8402099609375,8341.2412109375,4734.50732421875,5673.7958984375,8365.96875,1338.034423828125,9345.375,1425.51171875,1471.9580078125,785.1934814453125,,3658.50439453125,437.4624328613281,1043.6123046875,,1195.4658203125,307.4691467285156,7855.2626953125,3073.240234375,1072.4197998046875,13658.8515625,3994.0712890625,665.1324462890625
2021-11-23,,,536.3704223632812,627.0159301757812,,1198.221923828125,1994.4395751953125,4485.162109375,6426.37353515625,2656.068359375,2994.843505859375,1393.29296875,2750.743896484375,1041.744873046875,71.0,5517.5732421875,,50.0,1852.804931640625,344.5245666503906,2517.756591796875,,193.69778442382812,8226.34765625,4744.2294921875,5652.38525390625,8365.96875,1362.5406494140625,9836.0078125,1400.1318359375,1481.15771484375,790.1008911132812,,3531.67626953125,445.8751525878906,1060.7772216796875,,1213.857666015625,301.19427490234375,7525.2099609375,3073.240234375,1063.5201416015625,13450.9970703125,4027.08056640625,650.2413940429688
2021-11-24,,,533.224609375,646.563232421875,,1217.393310546875,2027.6800537109375,4467.2216796875,6426.37353515625,2684.526123046875,2994.843505859375,1393.29296875,2750.743896484375,1051.6192626953125,71.0,5611.091796875,,50.0,1806.71533203125,340.82000732421875,2543.447998046875,,197.12608337402344,8272.3046875,4734.50732421875,5609.56396484375,8195.7314453125,1352.7381591796875,9847.689453125,1417.0517578125,1481.15771484375,785.1934814453125,,3531.67626953125,445.8751525878906,1105.4052734375,,1223.0535888671875,301.19427490234375,7547.21337890625,3073.240234375,1059.0701904296875,13332.2275390625,3994.0712890625,660.1688232421875
2021-11-25,,,548.9539794921875,627.0159301757812,,1174.25732421875,2027.6800537109375,4467.2216796875,6383.38818359375,2722.47021484375,3001.95751953125,1397.131103515625,2827.687744140625,1061.493408203125,71.0,5540.95263671875,,50.0,1714.535888671875,338.96771240234375,2577.703369140625,,195.4119110107422,8226.34765625,4792.83837890625,5545.33251953125,8074.13330078125,1396.84912109375,10069.6416015625,1400.1318359375,1490.357421875,804.8233032226562,,3560.9443359375,437.4624328613281,1119.1370849609375,,1241.4451904296875,288.6445007324219,7503.2060546875,3234.98974609375,1059.0701904296875,13569.771484375,3977.56689453125,645.2777709960938
2021-11-26,,,520.64111328125,621.0014038085938,,1116.74267578125,1944.5784912109375,4233.99267578125,6254.4306640625,2608.638427734375,2959.275390625,1374.1014404296875,2731.508056640625,1002.2474365234375,67.0,5447.43505859375,,50.0,1714.535888671875,322.29718017578125,2526.3203125,,191.98365783691406,8157.412109375,4637.28955078125,5438.27978515625,7757.9775390625,1450.7626953125,9543.96484375,1357.8316650390625,1462.75830078125,775.3786010742188,,3463.38427734375,417.2718200683594,1071.075927734375,,1195.4658203125,279.232177734375,7283.17041015625,3243.0771484375,1036.82080078125,12946.21484375,3886.792236328125,650.2413940429688
2021-11-29,,,531.6516723632812,599.9505615234375,,1155.0858154296875,1936.268310546875,4287.814453125,6361.8955078125,2637.096435546875,2966.388916015625,1343.395263671875,2760.36181640625,972.6243286132812,65.0,5330.53662109375,,50.0,1746.7987060546875,335.26312255859375,2569.13916015625,,188.5553741455078,8157.412109375,4617.84619140625,5566.7431640625,7587.7392578125,1538.9847412109375,9754.236328125,1353.6016845703125,1476.557861328125,726.303955078125,,3648.74853515625,410.54168701171875,1057.34423828125,,1223.0535888671875,277.6634521484375,7217.15966796875,3348.21435546875,1059.0701904296875,12961.0634765625,3820.774658203125,650.2413940429688
2021-11-30,,,534.7975463867188,596.9432373046875,,1131.1214599609375,1911.337890625,4144.2900390625,6254.4306640625,2580.1806640625,2909.47998046875,1312.6890869140625,2693.0361328125,908.4409790039062,66.0,5681.23046875,,50.0,1774.4525146484375,324.1494445800781,2629.0859375,,190.26950073242188,7766.77587890625,4656.7333984375,5395.45849609375,7344.54296875,1597.79931640625,10069.6416015625,1353.6016845703125,1471.9580078125,726.303955078125,,3570.700439453125,402.12890625,1029.880615234375,,1195.4658203125,268.2511291503906,7041.1318359375,3226.90234375,1032.3709716796875,12678.9775390625,3750.453857421875,655.205078125
2021-12-01,,,552.099853515625,630.0232543945312,,1145.5001220703125,1886.407470703125,4054.586669921875,6275.92333984375,2523.264892578125,2902.366455078125,1293.49755859375,2721.889892578125,913.3781127929688,65.0,5540.95263671875,,50.0,1769.843505859375,324.1494445800781,2629.0859375,,186.8412322998047,8203.3701171875,4559.51513671875,5588.15380859375,7466.1416015625,1538.9847412109375,9765.9189453125,1345.1416015625,1462.75830078125,711.5816040039062,,3619.48046875,400.4463806152344,995.5513305664062,,1195.4658203125,274.5260314941406,7129.1455078125,3299.689453125,1050.17041015625,13079.833984375,3608.13720703125,645.2777709960938
2021-12-02,,,569.4019775390625,621.0014038085938,,1135.914306640625,1944.5784912109375,4198.11181640625,6447.86669921875,2589.6669921875,2987.73046875,1312.6890869140625,2769.97998046875,903.5038452148438,68.0,5704.60986328125,,50.0,1783.67041015625,318.59259033203125,2697.596435546875,,183.41294860839844,8134.43408203125,4656.7333984375,5545.33251953125,7539.099609375,1524.281005859375,10221.505859375,1349.3717041015625,1485.7576904296875,716.489013671875,,3599.968505859375,400.4463806152344,1029.880615234375,,1259.8370361328125,266.68243408203125,7107.142578125,3364.389404296875,1045.7205810546875,13792.470703125,3591.39404296875,630.38671875
2021-12-03,,,570.9749145507812,630.0232543945312,,1121.5355224609375,1944.5784912109375,4126.34912109375,6340.40185546875,2551.722900390625,2966.388916015625,1331.88037109375,2750.743896484375,883.7550659179688,68.0,5587.7119140625,,50.0,1779.0614013671875,318.59259033203125,2689.032470703125,,185.12709045410156,7996.56201171875,4627.56787109375,5523.92236328125,7563.419921875,1529.1822509765625,10069.6416015625,1349.3717041015625,1481.15771484375,731.21142578125,,3560.9443359375,410.54168701171875,1023.014892578125,,1246.0433349609375,268.2511291503906,6953.11767578125,3291.60205078125,1032.3709716796875,13480.6923828125,3532.79345703125,610.5320434570312
2021-12-06,,,600.8607788085938,630.0232543945312,,1121.5355224609375,1927.9583740234375,4054.586669921875,6318.90966796875,2599.152587890625,2923.70751953125,1343.395263671875,2760.36181640625,868.9435424804688,67.0,5540.95263671875,,50.0,1811.3240966796875,314.8880310058594,2671.905029296875,,183.41294860839844,8042.51904296875,4617.84619140625,5502.51123046875,7466.1416015625,1587.9970703125,10046.279296875,1336.681640625,1453.55859375,711.5816040039062,,3570.700439453125,408.859130859375,1016.14892578125,,1264.4349365234375,269.8198547363281,7151.14892578125,3372.4765625,1032.3709716796875,13332.2275390625,3516.050537109375,575.7863159179688
2021-12-07,,,599.287841796875,640.5487060546875,,1121.5355224609375,1944.5784912109375,4251.93310546875,6318.90966796875,2675.040283203125,3009.071044921875,1343.395263671875,2808.45166015625,883.7550659179688,67.0,5447.43505859375,,50.0,1806.71533203125,329.7062683105469,2671.905029296875,,183.41294860839844,8042.51904296875,4647.01123046875,5438.27978515625,7709.33837890625,1648.7337646484375,9812.6435546875,1353.6016845703125,1485.7576904296875,741.0263671875,,3687.7724609375,418.95440673828125,1029.880615234375,,1264.4349365234375,274.5260314941406,7107.142578125,3356.302001953125,1010.1217651367188,13658.8515625,3574.651611328125,610.5320434570312
2021-12-08,,,605.5795288085938,645.0596313476562,,1121.5355224609375,1936.268310546875,4162.23095703125,6383.38818359375,2599.152587890625,2994.843505859375,1343.395263671875,2750.743896484375,868.9435424804688,68.0,5424.0556640625,,50.0,1908.112548828125,327.8539733886719,2671.905029296875,,186.8412322998047,8065.498046875,4608.12451171875,5459.6904296875,7587.7392578125,1534.086669921875,9730.873046875,1353.6016845703125,1467.358154296875,741.0263671875,,3746.30859375,420.6369323730469,1023.014892578125,,1250.6412353515625,268.2511291503906,7063.134765625,3307.77734375,1005.671630859375,13272.841796875,3574.651611328125,610.5320434570312
2021-12-09,,,608.7255249023438,651.0740356445312,,1131.1214599609375,1936.268310546875,4305.75537109375,6318.90966796875,2589.6669921875,2980.6162109375,1343.395263671875,2827.687744140625,883.7550659179688,68.0,5540.95263671875,,50.0,1954.2021484375,348.2291259765625,2663.34130859375,,186.8412322998047,8226.34765625,4666.455078125,5609.56396484375,7539.099609375,1430.3583984375,9695.828125,1349.3717041015625,1481.15771484375,741.0263671875,,3775.57666015625,429.0496826171875,1029.880615234375,,1250.6412353515625,291.7819519042969,7063.134765625,3356.302001953125,1010.1217651367188,13257.9951171875,3658.366455078125,610.5320434570312
2021-12-10,,,604.006591796875,645.0596313476562,,1116.74267578125,1927.9583740234375,4251.93310546875,6340.40185546875,2570.694580078125,2937.9345703125,1343.395263671875,2769.97998046875,868.9435424804688,69.0,5657.85009765625,,50.0,1954.2021484375,364.899658203125,2671.905029296875,,186.8412322998047,8134.43408203125,4637.28955078125,5673.7958984375,7782.296875,1364.8458251953125,9392.1025390625,1340.9117431640625,1481.15771484375,760.6561889648438,,3609.724365234375,420.6369323730469,1026.44775390625,,1259.8370361328125,288.6445007324219,6931.1142578125,3356.302001953125,1019.0213012695312,13658.8515625,3708.595947265625,610.5320434570312
2021-12-13,,,604.006591796875,639.0450439453125,,1126.3284912109375,1927.9583740234375,4233.99267578125,6275.92333984375,2599.152587890625,2959.275390625,1354.9100341796875,2741.1259765625,873.8807373046875,71.0,5517.5732421875,,50.0,2055.599609375,376.0133361816406,2714.723876953125,,190.26950073242188,8042.51904296875,4578.958984375,5609.56396484375,7685.01806640625,1386.683349609375,9450.5126953125,1336.681640625,1476.557861328125,755.7487182617188,,3648.74853515625,420.6369323730469,1019.5819091796875,,1246.0433349609375,280.8009033203125,6953.11767578125,3299.689453125,1019.0213012695312,13079.833984375,3666.738037109375,590.6773071289062
2021-12-14,,,604.006591796875,636.0377197265625,,1116.74267578125,1903.02783203125,4216.052734375,6275.92333984375,2608.638427734375,2937.9345703125,1343.395263671875,2760.36181640625,873.8807373046875,70.0,5517.5732421875,,50.0,2027.9454345703125,381.5701904296875,2731.851318359375,,186.8412322998047,7996.56201171875,4578.958984375,5523.92236328125,7709.33837890625,1370.30517578125,9497.23828125,1336.681640625,1481.15771484375,736.118896484375,,3521.92041015625,415.58929443359375,1016.14892578125,,1255.2391357421875,268.2511291503906,6821.0966796875,3315.864501953125,1001.2217407226562,13064.9873046875,3591.39404296875,590.6773071289062
2021-12-15,,,635.46533203125,639.0450439453125,,1116.74267578125,1894.7174072265625,4305.75537109375,6275.92333984375,2608.638427734375,2987.73046875,1351.07177734375,2798.833984375,908.4409790039062,69.0,5587.7119140625,,50.0,2027.9454345703125,433.4341125488281,2680.46875,,186.8412322998047,8088.47705078125,4520.62841796875,5566.7431640625,7539.099609375,1353.927001953125,9497.23828125,1336.681640625,1485.7576904296875,731.21142578125,,3541.432373046875,410.54168701171875,1019.5819091796875,,1241.4451904296875,277.6634521484375,6777.08935546875,3299.689453125,1005.671630859375,12886.83203125,3574.651611328125,585.713623046875
2021-12-16,,,641.757080078125,634.5341796875,,1102.364013671875,1903.02783203125,4162.23095703125,6254.4306640625,2561.208740234375,2945.04833984375,1324.203857421875,2789.2158203125,878.81787109375,68.0,5564.33251953125,,50.0,2064.8173828125,486.2241516113281,2714.723876953125,,186.8412322998047,8042.51904296875,4481.7412109375,5502.51123046875,7441.8212890625,1332.089599609375,9345.375,1323.99169921875,1494.957275390625,706.6741333007812,,3609.724365234375,407.17657470703125,1012.716064453125,,1232.2493896484375,277.6634521484375,6667.072265625,3315.864501953125,1002.0926513671875,12961.0634765625,3524.421875,555.931640625
2021-12-17,,,644.9028930664062,646.563232421875,,1102.364013671875,1869.786865234375,4162.23095703125,6447.86669921875,2561.208740234375,2923.70751953125,1324.203857421875,2750.743896484375,883.7550659179688,69.0,5494.193359375,,50.0,2027.9454345703125,481.59344482421875,2766.106689453125,,181.69879150390625,8088.47705078125,4530.35009765625,5545.33251953125,7685.01806640625,1321.1707763671875,9660.78125,1357.8316650390625,1481.15771484375,696.8592529296875,,3609.724365234375,402.12890625,1016.14892578125,,1255.2391357421875,287.0758056640625,6535.05078125,3315.864501953125,997.6192016601562,12901.6767578125,3474.192626953125,546.0042114257812
2021-12-20,,,644.9028930664062,661.5995483398438,,1116.74267578125,1844.8564453125,4072.52685546875,6340.40185546875,2551.722900390625,2930.821044921875,1320.3656005859375,2721.889892578125,873.8807373046875,67.0,5494.193359375,,50.0,2092.47119140625,448.2523498535156,2723.28759765625,,179.9846649169922,8111.455078125,4491.462890625,5459.6904296875,7441.8212890625,1293.8739013671875,9357.0556640625,1340.9117431640625,1485.7576904296875,711.5816040039062,,3697.528564453125,397.081298828125,971.5208129882812,,1218.4556884765625,277.6634521484375,6447.0361328125,3299.689453125,1019.9874267578125,12649.28515625,3465.821044921875,531.11328125
2021-12-21,,,666.9240112304688,634.5341796875,,1145.5001220703125,1878.0972900390625,4054.586669921875,6340.40185546875,2542.237060546875,2902.366455078125,1320.3656005859375,2750.743896484375,878.81787109375,67.0,5517.5732421875,,50.0,2055.599609375,448.2523498535156,2714.723876953125,,183.41294860839844,8042.51904296875,4491.462890625,5459.6904296875,7441.8212890625,1272.0362548828125,9532.2841796875,1353.6016845703125,1476.557861328125,721.396484375,,3678.0166015625,402.12890625,968.0878295898438,,1236.8472900390625,277.6634521484375,6535.05078125,3364.389404296875,1019.9874267578125,13079.833984375,3415.591796875,536.076904296875
2021-12-22,,,676.3616943359375,605.965087890625,,1164.671630859375,1869.786865234375,4036.646240234375,6297.4169921875,2513.77880859375,2881.025634765625,1320.3656005859375,2712.271728515625,854.1320190429688,65.0,5377.29541015625,,50.0,2074.035400390625,438.990966796875,2689.032470703125,,179.9846649169922,7973.58349609375,4384.52392578125,5395.45849609375,7344.54296875,1233.8206787109375,9415.4658203125,1340.9117431640625,1444.358642578125,721.396484375,,3775.57666015625,408.859130859375,947.490234375,,1241.4451904296875,276.0947570800781,6381.025390625,3323.951904296875,997.6192016601562,12946.21484375,3398.8486328125,546.0042114257812
2021-12-23,,,676.3616943359375,617.994140625,,1155.0858154296875,1861.4769287109375,4108.408203125,6275.92333984375,2523.264892578125,2916.59375,1324.203857421875,2721.889892578125,849.19482421875,66.0,5470.814453125,,50.0,2101.68896484375,481.59344482421875,2646.213623046875,,181.69879150390625,8065.498046875,4403.96728515625,5459.6904296875,7198.62451171875,1222.90185546875,9368.740234375,1328.2216796875,1462.75830078125,711.5816040039062,,3795.088623046875,407.17657470703125,940.6243896484375,,1241.4451904296875,269.8198547363281,6425.033203125,3364.389404296875,1006.5663452148438,13198.6083984375,3415.591796875,555.931640625
2021-12-24,,,698.3826293945312,613.4832763671875,,1159.878662109375,1894.7174072265625,4072.52685546875,6275.92333984375,2551.722900390625,2895.2529296875,1312.6890869140625,2712.271728515625,864.00634765625,66.0,5470.814453125,,50.0,2083.25341796875,495.4855651855469,2637.64990234375,,186.8412322998047,8019.5400390625,4559.51513671875,5481.10107421875,7368.86181640625,1206.523681640625,9392.1025390625,1353.6016845703125,1448.9586181640625,706.6741333007812,,3765.820556640625,407.17657470703125,933.7584228515625,,1246.0433349609375,261.9762268066406,6403.029296875,3323.951904296875,1028.9345703125,13154.0673828125,3516.050537109375,550.9679565429688
2021-12-27,,,685.7992553710938,613.4832763671875,,1159.878662109375,1911.337890625,4072.52685546875,6318.90966796875,2561.208740234375,2888.138671875,1312.6890869140625,2693.0361328125,864.00634765625,64.0,5517.5732421875,,50.0,2110.906982421875,486.2241516113281,2646.213623046875,,185.12709045410156,7950.6044921875,4559.51513671875,5459.6904296875,7976.85400390625,1288.41455078125,9415.4658203125,1442.4317626953125,1481.15771484375,696.8592529296875,,3873.13671875,405.49407958984375,964.6549072265625,,1241.4451904296875,260.40753173828125,6513.04736328125,3299.689453125,1037.8818359375,13079.833984375,3524.421875,546.0042114257812
2021-12-28,,,723.5496826171875,619.4978637695312,,1169.4644775390625,1878.0972900390625,4108.408203125,6318.90966796875,2542.237060546875,2909.47998046875,1347.2335205078125,2712.271728515625,878.81787109375,65.0,5611.091796875,,50.0,2110.906982421875,481.59344482421875,2629.0859375,,186.8412322998047,7996.56201171875,4578.958984375,5416.869140625,7806.61669921875,1277.4957275390625,9987.8701171875,1459.351806640625,1476.557861328125,696.8592529296875,,3863.380615234375,405.49407958984375,964.6549072265625,,1287.4246826171875,254.1326446533203,6469.03955078125,3307.77734375,1019.9874267578125,13629.158203125,3499.3076171875,546.0042114257812
2021-12-29,,,726.6954956054688,614.9868774414062,,1188.635986328125,1886.407470703125,4126.34912109375,6275.92333984375,2551.722900390625,2902.366455078125,1343.395263671875,2731.508056640625,864.00634765625,67.0,5587.7119140625,,50.0,2074.035400390625,481.59344482421875,2680.46875,,183.41294860839844,7973.58349609375,4520.62841796875,5481.10107421875,7855.25634765625,1343.00830078125,9871.052734375,1459.351806640625,1485.7576904296875,696.8592529296875,,3843.86865234375,400.4463806152344,957.7890625,,1282.8267822265625,247.8577880859375,6359.02197265625,3299.689453125,1024.4609375,13540.080078125,3449.07861328125,541.0405883789062
2021-12-30,,,760.5518798828125,617.994140625,,1164.671630859375,1869.786865234375,4090.4677734375,6275.92333984375,2561.208740234375,2923.70751953125,1328.042236328125,2702.65380859375,844.2576293945312,67.0,5564.33251953125,,50.0,2101.68896484375,490.8548278808594,2714.723876953125,,181.69879150390625,7996.56201171875,4549.79345703125,5416.869140625,7612.05908203125,1353.927001953125,9532.2841796875,1455.121826171875,1485.7576904296875,696.8592529296875,,3795.088623046875,392.0336608886719,944.057373046875,,1246.0433349609375,255.70140075683594,6381.025390625,3267.339599609375,1006.5663452148438,13154.0673828125,3440.70654296875,541.0405883789062
2022-01-03,,125.22468566894531,801.1146240234375,655.5850830078125,,1179.0501708984375,1944.5784912109375,4108.408203125,6297.4169921875,2551.722900390625,2973.5029296875,1381.7779541015625,2712.271728515625,849.19482421875,66.0,5564.33251953125,,50.0,2258.393798828125,481.59344482421875,2706.16015625,,183.41294860839844,7927.62548828125,4627.56787109375,5352.6376953125,7879.5751953125,1403.0614013671875,9170.150390625,1459.351806640625,1490.357421875,687.0443115234375,,4038.989013671875,388.6686096191406,961.221923828125,,1227.6513671875,257.27008056640625,6403.029296875,3380.564453125,1015.513916015625,12961.0634765625,3541.16455078125,546.0042114257812
2022-01-04,,168.82144165039062,777.4530639648438,631.5269165039062,,1145.5001220703125,1911.337890625,4144.2900390625,6361.8955078125,2665.55419921875,2959.275390625,1374.1014404296875,2760.36181640625,849.19482421875,66.0,5611.091796875,,50.0,2267.612060546875,463.07061767578125,2689.032470703125,,185.12709045410156,8065.498046875,4520.62841796875,5374.04833984375,7855.25634765625,1364.8458251953125,9310.3310546875,1480.5018310546875,1490.357421875,760.6561889648438,,3931.6728515625,395.39874267578125,961.221923828125,,1241.4451904296875,257.27008056640625,6491.04345703125,3372.4765625,1011.0400390625,13020.44921875,3557.908203125,536.076904296875
2022-01-05,,226.33203125,757.1716918945312,619.4978637695312,,1150.29296875,1886.407470703125,4000.764404296875,6404.880859375,2637.096435546875,2994.843505859375,1328.042236328125,2702.65380859375,849.19482421875,67.0,5634.47021484375,,50.0,2267.612060546875,453.8092041015625,2646.213623046875,,183.41294860839844,8111.455078125,4481.7412109375,5331.22705078125,7903.89501953125,1343.00830078125,9368.740234375,1446.6617431640625,1494.957275390625,765.5636596679688,,3853.624755859375,407.17657470703125,937.19140625,,1255.2391357421875,247.8577880859375,6359.02197265625,3275.427001953125,1006.5663452148438,13035.296875,3524.421875,526.1495361328125
2022-01-06,,281.9874572753906,777.4530639648438,625.5123291015625,,1107.156982421875,1853.166748046875,4072.52685546875,6426.37353515625,2637.096435546875,2959.275390625,1305.012451171875,2702.65380859375,844.2576293945312,67.0,5704.60986328125,,50.0,2230.740234375,444.54779052734375,2543.447998046875,,181.69879150390625,8134.43408203125,4433.1328125,5395.45849609375,8074.13330078125,1375.7646484375,9170.150390625,1472.0418701171875,1490.357421875,750.8412475585938,,3863.380615234375,410.54168701171875,926.8926391601562,,1241.4451904296875,250.9952392578125,6315.01513671875,3332.03955078125,1002.0926513671875,12901.6767578125,3541.16455078125,494.3820495605469
2022-01-07,,352.48431396484375,821.39599609375,645.0596313476562,,1107.156982421875,1853.166748046875,4090.4677734375,6576.82421875,2684.526123046875,2980.6162109375,1320.3656005859375,2712.271728515625,834.38330078125,68.0,5751.36865234375,,50.0,2276.830078125,453.8092041015625,2586.26708984375,,183.41294860839844,8157.412109375,4384.52392578125,5502.51123046875,8268.6904296875,1375.7646484375,9357.0556640625,1501.6517333984375,1522.556640625,750.8412475585938,,3843.86865234375,413.90679931640625,930.3255615234375,,1282.8267822265625,238.4454345703125,6293.01171875,3372.4765625,957.3565673828125,13168.916015625,3532.79345703125,506.29486083984375
2022-01-10,,439.67779541015625,811.2554321289062,646.563232421875,,1083.1925048828125,1844.8564453125,4054.586669921875,6533.837890625,2675.040283203125,2973.5029296875,1312.6890869140625,2712.271728515625,824.5089111328125,67.0,5681.23046875,,50.0,2138.56103515625,457.5137939453125,2569.13916015625,,181.69879150390625,8134.43408203125,4384.52392578125,5481.10107421875,8268.6904296875,1353.927001953125,9368.740234375,1505.8819580078125,1559.35546875,745.9337768554688,,3834.11279296875,405.49407958984375,899.4291381835938,,1278.2288818359375,238.4454345703125,6249.0048828125,3315.864501953125,948.4093017578125,12946.21484375,3557.908203125,494.3820495605469
2022-01-11,,547.2782592773438,790.973876953125,631.5269165039062,,1049.642333984375,1728.5142822265625,4090.4677734375,6619.81005859375,2665.55419921875,2952.161865234375,1305.012451171875,2712.271728515625,834.38330078125,67.0,5681.23046875,,50.0,1991.0740966796875,444.54779052734375,2509.192626953125,,178.27053833007812,7996.56201171875,4131.75732421875,5588.15380859375,8049.81298828125,1299.333251953125,9427.1474609375,1484.73193359375,1540.9560546875,741.0263671875,,3804.8447265625,398.76385498046875,889.1303100585938,,1301.2186279296875,240.01419067382812,6116.98291015625,3307.77734375,939.4620971679688,12916.5234375,3499.3076171875,492.3965759277344
2022-01-12,,681.7788696289062,780.8331909179688,616.4905395507812,,1049.642333984375,1608.016845703125,4108.408203125,6619.81005859375,2675.040283203125,2959.275390625,1308.850830078125,2750.743896484375,868.9435424804688,67.0,5751.36865234375,,50.0,1981.856201171875,450.1046447753906,2526.3203125,,173.1281280517578,8042.51904296875,4258.140625,5652.38525390625,8195.7314453125,1299.333251953125,9427.1474609375,1484.73193359375,1563.955322265625,731.21142578125,,3804.8447265625,402.12890625,892.563232421875,,1269.0330810546875,244.72032165527344,6138.9873046875,3323.951904296875,939.4620971679688,13124.3740234375,3624.880859375,476.5127868652344
2022-01-13,,681.7788696289062,770.692626953125,635.285888671875,,1049.642333984375,1632.947265625,4144.2900390625,6619.81005859375,2665.55419921875,2980.6162109375,1305.012451171875,2741.1259765625,873.8807373046875,66.0,5751.36865234375,,50.0,1843.5867919921875,444.54779052734375,2586.26708984375,,179.9846649169922,8065.498046875,4627.56787109375,5652.38525390625,8244.37109375,1277.4957275390625,9625.7373046875,1438.2017822265625,1563.955322265625,731.21142578125,,3931.6728515625,402.12890625,920.0266723632812,,1292.0225830078125,229.0331268310547,6227.00146484375,3380.564453125,948.4093017578125,13465.845703125,3574.651611328125,482.4692077636719
2022-01-14,,732.7963256835938,767.3123168945312,620.2496337890625,,1044.849365234375,1620.4820556640625,4108.408203125,6748.767578125,2694.01220703125,2973.5029296875,1320.3656005859375,2760.36181640625,849.19482421875,67.0,5774.74853515625,,50.0,1963.419921875,416.7635498046875,2646.213623046875,,176.55638122558594,8042.51904296875,4637.28955078125,5566.7431640625,8195.7314453125,1321.1707763671875,9672.4638671875,1421.28173828125,1559.35546875,775.3786010742188,,3941.4287109375,397.081298828125,920.0266723632812,,1301.2186279296875,240.01419067382812,6160.99072265625,3388.65185546875,934.9883422851562,13970.62890625,3532.79345703125,521.1858520507812
2022-01-17,,714.2445678710938,763.9321899414062,608.9723510742188,,1049.642333984375,1541.5355224609375,4072.52685546875,6662.79541015625,2731.9560546875,2994.843505859375,1305.012451171875,2769.97998046875,834.38330078125,63.0,5751.36865234375,,50.0,1838.9781494140625,426.02496337890625,2611.958251953125,,176.55638122558594,8065.498046875,4530.35009765625,5545.33251953125,8098.45263671875,1299.333251953125,9871.052734375,1412.8216552734375,1568.55517578125,750.8412475585938,,3921.916748046875,397.081298828125,892.563232421875,,1292.0225830078125,229.0331268310547,6006.96533203125,3380.564453125,939.4620971679688,13955.7822265625,3474.192626953125,526.1495361328125
2022-01-18,,695.6926879882812,750.4111938476562,608.9723510742188,,1049.642333984375,1479.2093505859375,4054.586669921875,6598.31689453125,2684.526123046875,2980.6162109375,1305.012451171875,2789.2158203125,824.5089111328125,60.0,5798.12744140625,,50.0,1746.7987060546875,418.6158447265625,2560.575439453125,,174.84225463867188,8065.498046875,4588.6806640625,5502.51123046875,7757.9775390625,1288.41455078125,9730.873046875,1476.271728515625,1577.7550048828125,750.8412475585938,,3843.86865234375,403.8115234375,878.8314819335938,,1296.6207275390625,232.17059326171875,5918.951171875,3437.1767578125,934.9883422851562,14044.865234375,3440.70654296875,560.895263671875
2022-01-19,,825.5553588867188,753.7913818359375,590.1769409179688,,1073.6068115234375,1433.5032958984375,4018.704833984375,6598.31689453125,2694.01220703125,2937.9345703125,1289.659423828125,2702.65380859375,809.6974487304688,64.0,5985.16455078125,,50.0,1709.927001953125,422.3204040527344,2611.958251953125,,173.1281280517578,8042.51904296875,4753.951171875,5502.51123046875,7295.9033203125,1266.576904296875,9789.2822265625,1510.1119384765625,1563.955322265625,736.118896484375,,3746.30859375,420.6369323730469,875.3986206054688,,1292.0225830078125,233.73928833007812,5874.94482421875,3437.1767578125,921.5674438476562,13807.3193359375,3432.335205078125,555.931640625
2022-01-20,,881.2107543945312,780.8331909179688,567.6223754882812,,1054.4351806640625,1608.016845703125,3964.883056640625,6684.28857421875,2712.984130859375,2937.9345703125,1289.659423828125,2760.36181640625,829.4461059570312,65.0,5985.16455078125,,50.0,1719.1448974609375,411.2066955566406,2620.522216796875,,174.84225463867188,7835.7119140625,4860.890625,5438.27978515625,7368.86181640625,1304.79248046875,9730.873046875,1484.73193359375,1563.955322265625,736.118896484375,,3775.57666015625,437.4624328613281,895.9962768554688,,1296.6207275390625,238.4454345703125,5830.9375,3412.9140625,926.0411376953125,13569.771484375,3432.335205078125,560.895263671875
2022-01-21,,913.6764526367188,780.8331909179688,601.4541625976562,,1049.642333984375,1616.3270263671875,4018.704833984375,6834.73876953125,2722.47021484375,2966.388916015625,1281.98291015625,2808.45166015625,864.00634765625,67.0,6102.0615234375,,50.0,1825.1510009765625,411.2066955566406,2611.958251953125,,176.55638122558594,7973.58349609375,4885.1953125,5545.33251953125,7685.01806640625,1310.251953125,9719.189453125,1484.73193359375,1568.55517578125,736.118896484375,,3863.380615234375,437.4624328613281,920.0266723632812,,1301.2186279296875,243.1516571044922,6094.9794921875,3501.876220703125,961.8302001953125,13955.7822265625,3474.192626953125,590.6773071289062
2022-01-24,,973.9697875976562,767.3123168945312,597.695068359375,,1011.2992553710938,1566.4659423828125,3964.883056640625,6705.78076171875,2694.01220703125,2930.821044921875,1274.3062744140625,2798.833984375,844.2576293945312,73.0,6102.0615234375,,50.0,1705.31787109375,437.138671875,2560.575439453125,,176.55638122558594,7904.64697265625,4851.1689453125,5481.10107421875,7490.4609375,1304.79248046875,10046.279296875,1442.4317626953125,1563.955322265625,736.118896484375,,3814.6005859375,420.6369323730469,895.9962768554688,,1319.6102294921875,227.46441650390625,6138.9873046875,3477.61376953125,957.3565673828125,13896.3974609375,3415.591796875,570.8226928710938
2022-01-25,,973.9697875976562,747.0308837890625,582.6587524414062,,977.7489624023438,1462.5889892578125,3911.0615234375,6684.28857421875,2580.1806640625,2895.2529296875,1201.379150390625,2779.597900390625,864.00634765625,68.0,6078.6826171875,,50.0,1590.09375,407.50213623046875,2517.756591796875,,173.1281280517578,8042.51904296875,4715.06396484375,5438.27978515625,7441.8212890625,1288.41455078125,9917.7802734375,1438.2017822265625,1563.955322265625,721.396484375,,3746.30859375,405.49407958984375,889.1303100585938,,1292.0225830078125,218.05209350585938,5984.9619140625,3469.526611328125,934.9883422851562,13747.931640625,3398.8486328125,565.8589477539062
2022-01-26,,973.9697875976562,747.0308837890625,548.8269653320312,,1107.156982421875,1499.9847412109375,3911.0615234375,6619.81005859375,2703.498291015625,2909.47998046875,1224.4088134765625,2875.77783203125,878.81787109375,70.0,6078.6826171875,,50.0,1631.5743408203125,411.2066955566406,2637.64990234375,,173.1281280517578,8042.51904296875,4695.62060546875,5523.92236328125,7417.501953125,1299.333251953125,9999.5517578125,1421.28173828125,1563.955322265625,741.0263671875,,3648.74853515625,429.0496826171875,930.3255615234375,,1319.6102294921875,227.46441650390625,6050.97314453125,3550.4013671875,930.5146484375,13525.2314453125,3457.44970703125,560.895263671875
2022-01-27,,973.9697875976562,780.8331909179688,533.79052734375,,1164.671630859375,1466.744140625,3929.00244140625,6705.78076171875,2731.9560546875,2945.04833984375,1193.7025146484375,2904.6318359375,888.6922607421875,80.0,6008.5439453125,,50.0,1608.5296630859375,435.2864074707031,2706.16015625,,174.84225463867188,7996.56201171875,4608.12451171875,5502.51123046875,7320.22265625,1282.955078125,10350.001953125,1404.36181640625,1554.755615234375,721.396484375,,3619.48046875,429.0496826171875,913.1608276367188,,1333.4041748046875,221.1895294189453,5940.955078125,3453.351806640625,917.0938720703125,13807.3193359375,3398.8486328125,575.7863159179688
2022-01-28,,1071.3668212890625,770.692626953125,552.5860595703125,,1155.0858154296875,1470.8990478515625,3929.00244140625,6684.28857421875,2845.78759765625,2945.04833984375,1331.88037109375,2943.103515625,864.00634765625,76.0,6055.302734375,,50.0,1617.74755859375,463.07061767578125,2817.489501953125,,173.1281280517578,7973.58349609375,4569.2373046875,5459.6904296875,7295.9033203125,1277.4957275390625,10536.9111328125,1421.28173828125,1536.3560791015625,736.118896484375,,3541.432373046875,458.4942932128906,940.6243896484375,,1324.2083740234375,225.8957061767578,6006.96533203125,3445.26416015625,921.5674438476562,13807.3193359375,3390.4775390625,610.5320434570312
2022-01-31,,1178.0396728515625,757.1716918945312,548.8269653320312,,1116.74267578125,1470.8990478515625,3929.00244140625,6555.3310546875,2779.385986328125,2895.2529296875,1297.3360595703125,2875.77783203125,878.81787109375,76.0,5891.6455078125,,50.0,1654.6192626953125,551.0540771484375,2843.18115234375,,173.1281280517578,8019.5400390625,4578.958984375,5416.869140625,7393.18212890625,1250.19873046875,10116.369140625,1408.5916748046875,1508.757080078125,765.5636596679688,,3551.188232421875,466.9070129394531,947.490234375,,1310.4144287109375,229.0331268310547,5918.951171875,3388.65185546875,917.0938720703125,13733.0849609375,3373.734130859375,605.568359375
2022-02-02,,1099.1944580078125,747.0308837890625,545.06787109375,,1212.6005859375,1479.2093505859375,3946.94287109375,6705.78076171875,2798.357666015625,2895.2529296875,1281.98291015625,2875.77783203125,878.81787109375,77.0,5727.98974609375,,50.0,1926.548583984375,546.42333984375,2834.617431640625,,174.84225463867188,7973.58349609375,4598.40234375,5481.10107421875,7490.4609375,1244.739501953125,9964.505859375,1408.5916748046875,1554.755615234375,790.1008911132812,,3638.992431640625,445.8751525878906,933.7584228515625,,1292.0225830078125,230.6018524169922,6050.97314453125,3372.4765625,908.1465454101562,13614.3115234375,3390.4775390625,635.3504638671875
2022-02-03,,1136.2979736328125,750.4111938476562,545.06787109375,,1198.221923828125,1529.0701904296875,3946.94287109375,6641.30322265625,2769.89990234375,2937.9345703125,1274.3062744140625,2875.77783203125,878.81787109375,80.0,5587.7119140625,,50.0,1838.9781494140625,597.361083984375,2800.362060546875,,174.84225463867188,7812.73291015625,4569.2373046875,5502.51123046875,7320.22265625,1244.739501953125,9777.59765625,1357.8316650390625,1527.156494140625,775.3786010742188,,3541.432373046875,475.3197937011719,947.490234375,,1296.6207275390625,224.32701110839844,6072.9765625,3396.7392578125,899.1993408203125,13554.92578125,3356.990966796875,620.4594116210938
2022-02-04,,1145.573974609375,736.8903198242188,541.3087158203125,,1179.0501708984375,1504.1397705078125,3946.94287109375,6641.30322265625,2779.385986328125,2994.843505859375,1308.850830078125,2875.77783203125,923.2525634765625,81.0,5587.7119140625,,50.0,1825.1510009765625,578.8382568359375,2731.851318359375,,178.27053833007812,7927.62548828125,4598.40234375,5502.51123046875,7320.22265625,1228.3612060546875,9719.189453125,1370.521728515625,1554.755615234375,745.9337768554688,,3531.67626953125,471.1133728027344,940.6243896484375,,1282.8267822265625,225.8957061767578,6182.994140625,3421.00146484375,930.5146484375,13361.919921875,3365.3623046875,585.713623046875
2022-02-07,,1150.2120361328125,743.6506958007812,567.6223754882812,,1193.4288330078125,1504.1397705078125,3929.00244140625,6705.78076171875,2798.357666015625,3130.003173828125,1347.2335205078125,2885.3955078125,933.1268920898438,78.0,5681.23046875,,50.0,1815.933349609375,629.7760620117188,2663.34130859375,,183.41294860839844,7950.6044921875,4578.958984375,5545.33251953125,7587.7392578125,1239.280029296875,9847.689453125,1362.0616455078125,1550.15576171875,726.303955078125,,3551.188232421875,487.9388732910156,950.9232177734375,,1296.6207275390625,227.46441650390625,6359.02197265625,3469.526611328125,921.5674438476562,13421.306640625,3348.619384765625,595.6410522460938
2022-02-08,,1140.93603515625,743.6506958007812,563.8632202148438,,1174.25732421875,1487.51953125,3982.823974609375,6641.30322265625,2845.78759765625,3158.45751953125,1343.395263671875,2933.485595703125,913.3781127929688,78.0,5517.5732421875,,50.0,1829.7601318359375,588.0997314453125,2629.0859375,,181.69879150390625,7927.62548828125,4520.62841796875,5459.6904296875,7393.18212890625,1217.4423828125,9730.873046875,1328.2216796875,1508.757080078125,726.303955078125,,3492.65234375,487.9388732910156,968.0878295898438,,1305.8165283203125,232.17059326171875,6293.01171875,3421.00146484375,912.6202392578125,13168.916015625,3348.619384765625,580.75
2022-02-09,,1080.6427001953125,747.0308837890625,552.5860595703125,,1217.393310546875,1479.2093505859375,3982.823974609375,6834.73876953125,2874.245361328125,3165.5712890625,1362.586669921875,2952.721435546875,962.7498779296875,80.0,5494.193359375,,50.0,1825.1510009765625,564.9461669921875,2629.0859375,,181.69879150390625,7973.58349609375,4530.35009765625,5438.27978515625,7344.54296875,1206.523681640625,10116.369140625,1336.681640625,1517.9566650390625,770.4711303710938,,3512.164306640625,471.1133728027344,968.0878295898438,,1319.6102294921875,225.8957061767578,6447.0361328125,3461.439208984375,912.6202392578125,13465.845703125,3315.13330078125,575.7863159179688
2022-02-10,,1006.4354858398438,730.1297607421875,530.031494140625,,1222.1861572265625,1562.3109130859375,3911.0615234375,6662.79541015625,2912.189453125,3179.798583984375,1358.7481689453125,2971.957763671875,1046.68212890625,79.0,5470.814453125,,50.0,1779.0614013671875,583.468994140625,2646.213623046875,,181.69879150390625,7927.62548828125,4666.455078125,5416.869140625,7393.18212890625,1233.8206787109375,9929.4619140625,1357.8316650390625,1508.757080078125,780.2860717773438,,3443.872314453125,487.9388732910156,947.490234375,,1305.8165283203125,225.8957061767578,6403.029296875,3607.013671875,939.4620971679688,13540.080078125,3331.876220703125,580.75
2022-02-11,,1080.6427001953125,733.5099487304688,526.2723388671875,,1183.8431396484375,1533.225341796875,3911.0615234375,6727.27490234375,2921.675048828125,3165.5712890625,1358.7481689453125,2971.957763671875,1012.1217651367188,82.0,5470.814453125,,50.0,1705.31787109375,592.7304077148438,2637.64990234375,,181.69879150390625,7950.6044921875,4647.01123046875,5438.27978515625,7490.4609375,1222.90185546875,10221.505859375,1349.3717041015625,1504.1571044921875,770.4711303710938,,3512.164306640625,479.526123046875,944.057373046875,,1324.2083740234375,214.91464233398438,6491.04345703125,3598.926025390625,943.9356689453125,13688.5458984375,3264.90380859375,580.75
2022-02-14,,1117.746337890625,753.7913818359375,522.5133056640625,,1174.25732421875,1570.62109375,3803.41748046875,6619.81005859375,2921.675048828125,3137.116455078125,1358.7481689453125,3000.811279296875,987.435791015625,81.0,5424.0556640625,,50.0,1636.183349609375,611.2532348632812,2552.01171875,,179.9846649169922,7858.6904296875,4569.2373046875,5438.27978515625,7368.86181640625,1190.1456298828125,10712.1376953125,1336.681640625,1471.9580078125,736.118896484375,,3560.9443359375,508.970703125,964.6549072265625,,1338.0020751953125,208.63975524902344,6337.0185546875,3558.48828125,926.0411376953125,13926.0908203125,3223.046142578125,580.75
2022-02-15,,1122.3841552734375,774.0729370117188,522.5133056640625,,1164.671630859375,1562.3109130859375,3946.94287109375,6770.26025390625,3007.049072265625,3151.343994140625,1393.29296875,3039.283447265625,987.435791015625,86.0,5470.814453125,,50.0,1626.9654541015625,588.0997314453125,2552.01171875,,181.69879150390625,7858.6904296875,4540.07177734375,5459.6904296875,7393.18212890625,1201.0643310546875,10922.408203125,1332.45166015625,1508.757080078125,765.5636596679688,,3668.260498046875,492.1452331542969,974.9536743164062,,1338.0020751953125,199.2274627685547,6403.029296875,3566.576171875,934.9883422851562,14356.640625,3239.7890625,580.75
2022-02-16,,1089.91845703125,757.1716918945312,545.06787109375,,1140.7071533203125,1562.3109130859375,3929.00244140625,6856.2314453125,3016.534912109375,3144.230224609375,1385.6160888671875,3020.047607421875,1002.2474365234375,85.0,5424.0556640625,,50.0,1617.74755859375,643.6681518554688,2552.01171875,,186.8412322998047,7812.73291015625,4598.40234375,5395.45849609375,7539.099609375,1217.4423828125,10969.13671875,1332.45166015625,1490.357421875,790.1008911132812,,3707.284423828125,471.1133728027344,995.5513305664062,,1333.4041748046875,192.95257568359375,6513.04736328125,3558.48828125,930.5146484375,14133.9423828125,3239.7890625,580.75
2022-02-17,,1066.728759765625,750.4111938476562,548.8269653320312,,1116.74267578125,1616.3270263671875,3929.00244140625,6791.75244140625,2997.56298828125,3130.003173828125,1381.7779541015625,3020.047607421875,997.3102416992188,80.0,5400.67529296875,,50.0,1673.0552978515625,625.1453247070312,2500.629150390625,,185.12709045410156,7835.7119140625,4617.84619140625,5459.6904296875,7441.8212890625,1195.60498046875,10735.4990234375,1328.2216796875,1471.9580078125,785.1934814453125,,3765.820556640625,483.7325134277344,988.6853637695312,,1333.4041748046875,203.93359375,6447.0361328125,3566.576171875,921.5674438476562,14089.4013671875,3206.30322265625,570.8226928710938
2022-02-18,,1113.1082763671875,757.1716918945312,556.3450927734375,,1150.29296875,1736.824462890625,4018.704833984375,6813.24609375,3026.0205078125,3151.343994140625,1377.939697265625,3020.047607421875,972.6243286132812,75.0,5447.43505859375,,50.0,1765.234619140625,629.7760620117188,2526.3203125,,185.12709045410156,7835.7119140625,4763.6728515625,5459.6904296875,7709.33837890625,1211.9830322265625,10793.9091796875,1353.6016845703125,1471.9580078125,824.4531860351562,,3756.064697265625,479.526123046875,1002.417236328125,,1347.1982421875,199.2274627685547,6469.03955078125,3558.48828125,943.9356689453125,14208.17578125,3223.046142578125,570.8226928710938
2022-02-21,,1062.0908203125,750.4111938476562,560.104248046875,,1111.9498291015625,1803.3056640625,4000.764404296875,6834.73876953125,2997.56298828125,3194.025634765625,1385.6160888671875,3020.047607421875,962.7498779296875,70.0,5377.29541015625,,50.0,1908.112548828125,588.0997314453125,2466.373779296875,,185.12709045410156,7812.73291015625,4763.6728515625,5374.04833984375,7660.6982421875,1201.0643310546875,10817.2724609375,1336.681640625,1462.75830078125,799.9158325195312,,3717.04052734375,466.9070129394531,995.5513305664062,,1351.7960205078125,197.65872192382812,6403.029296875,3534.226318359375,934.9883422851562,13955.7822265625,3223.046142578125,546.0042114257812
2022-02-22,,1062.0908203125,753.7913818359375,552.5860595703125,,1102.364013671875,1811.6158447265625,4000.764404296875,6791.75244140625,2940.647216796875,3151.343994140625,1343.395263671875,3029.665283203125,952.8756103515625,66.0,5611.091796875,,50.0,1917.3306884765625,597.361083984375,2449.246337890625,,190.26950073242188,7835.7119140625,4822.00341796875,5481.10107421875,7636.37890625,1272.0362548828125,10840.6357421875,1383.211669921875,1490.357421875,785.1934814453125,,3687.7724609375,479.526123046875,964.6549072265625,,1351.7960205078125,197.65872192382812,6381.025390625,3477.61376953125,921.5674438476562,13940.9365234375,3189.56005859375,541.0405883789062
2022-02-23,,1080.6427001953125,784.2135009765625,556.3450927734375,,1083.1925048828125,1828.2362060546875,4054.586669921875,6920.7099609375,3007.049072265625,3186.912109375,1354.9100341796875,3029.665283203125,952.8756103515625,62.0,5611.091796875,,50.0,1954.2021484375,597.361083984375,2466.373779296875,,188.5553741455078,7996.56201171875,4802.56005859375,5481.10107421875,8025.4931640625,1217.4423828125,11202.7705078125,1374.751708984375,1517.9566650390625,785.1934814453125,,3756.064697265625,471.1133728027344,964.6549072265625,,1383.981689453125,205.50233459472656,6337.0185546875,3518.051513671875,926.0411376953125,14252.712890625,3197.931640625,536.076904296875
2022-02-24,,1057.4530029296875,838.2973022460938,590.1769409179688,,1068.81396484375,1844.8564453125,4090.4677734375,6877.724609375,2969.104736328125,3122.8896484375,1335.71875,2962.339599609375,918.3153686523438,58.0,5447.43505859375,,50.0,1908.112548828125,601.9918212890625,2372.171875,,188.5553741455078,7835.7119140625,4958.1083984375,5416.869140625,7757.9775390625,1201.0643310546875,12604.576171875,1336.681640625,1499.55712890625,775.3786010742188,,3746.30859375,534.208984375,988.6853637695312,,1457.5487060546875,191.3838653564453,6072.9765625,3429.089111328125,908.1465454101562,14965.3515625,3089.101318359375,501.3312072753906
2022-02-25,,1159.48779296875,828.1564331054688,567.6223754882812,,1044.849365234375,1844.8564453125,4162.23095703125,6920.7099609375,3035.5068359375,3236.707763671875,1362.586669921875,2962.339599609375,878.81787109375,54.0,5424.0556640625,,50.0,1908.112548828125,620.5145874023438,2449.246337890625,,183.41294860839844,7812.73291015625,5249.76220703125,5309.81689453125,7855.25634765625,1195.60498046875,12464.3974609375,1328.2216796875,1513.3568115234375,770.4711303710938,,3775.57666015625,504.7643737792969,988.6853637695312,,1443.7548828125,202.36489868164062,6337.0185546875,3509.9638671875,926.0411376953125,14787.1904296875,3080.7294921875,496.36749267578125
2022-03-01,,1191.9534912109375,872.099365234375,556.3450927734375,,1044.849365234375,1878.0972900390625,4090.4677734375,6920.7099609375,3007.049072265625,3293.616943359375,1335.71875,2943.103515625,893.6294555664062,51.0,5353.916015625,,50.0,2037.163330078125,611.2532348632812,2466.373779296875,,181.69879150390625,7582.947265625,5103.935546875,5288.40576171875,7636.37890625,1206.523681640625,12919.9833984375,1332.45166015625,1453.55859375,804.8233032226562,,3717.04052734375,513.1771240234375,1012.716064453125,,1466.74462890625,203.93359375,6249.0048828125,3518.051513671875,912.6202392578125,14757.5,3080.7294921875,496.36749267578125
2022-03-02,,1479.5064697265625,882.2402954101562,563.8632202148438,,1044.849365234375,1903.02783203125,3964.883056640625,6856.2314453125,2950.133056640625,3243.82080078125,1316.52734375,2933.485595703125,893.6294555664062,52.0,5330.53662109375,,50.0,2018.7276611328125,689.9752197265625,2372.171875,,181.69879150390625,7284.224609375,5103.935546875,5309.81689453125,7539.099609375,1179.226806640625,13141.93359375,1353.6016845703125,1471.9580078125,790.1008911132812,,3804.8447265625,551.034423828125,1012.716064453125,,1494.332275390625,200.79617309570312,5918.951171875,3469.526611328125,908.1465454101562,15158.3544921875,3063.986328125,521.1858520507812
2022-03-04,,1632.558837890625,1027.5899658203125,567.6223754882812,,1040.0565185546875,2035.990478515625,4036.646240234375,6791.75244140625,2997.56298828125,3322.071533203125,1293.49755859375,2943.103515625,893.6294555664062,58.0,5330.53662109375,,50.0,2064.8173828125,708.4981079101562,2346.480712890625,,181.69879150390625,7192.3095703125,5249.76220703125,5202.763671875,7466.1416015625,1179.226806640625,13655.9296875,1332.45166015625,1508.757080078125,799.9158325195312,,4136.548828125,551.034423828125,1074.5089111328125,,1627.6727294921875,196.0900115966797,5830.9375,3558.48828125,912.6202392578125,16078.8427734375,2946.784912109375,526.1495361328125
2022-03-07,,1567.6275634765625,1095.1947021484375,597.695068359375,,1097.5711669921875,2343.46630859375,4162.23095703125,6619.81005859375,2931.1611328125,3215.366455078125,1270.4681396484375,2904.6318359375,834.38330078125,60.0,5143.5009765625,,50.0,2009.509765625,713.1287231445312,2260.8427734375,,188.5553741455078,6801.67333984375,5930.28662109375,4903.01611328125,8220.05078125,1141.0111083984375,14053.1103515625,1319.7615966796875,1476.557861328125,785.1934814453125,,4253.62109375,580.4790649414062,1095.1064453125,,1664.4561767578125,183.54025268554688,5544.89111328125,3647.45068359375,917.0938720703125,16242.1552734375,2871.44140625,494.3820495605469
2022-03-08,,1460.95458984375,1054.6319580078125,597.695068359375,,1025.6778564453125,2360.086669921875,4485.162109375,6576.82421875,2883.731689453125,3151.343994140625,1270.4681396484375,2904.6318359375,814.6345825195312,56.0,5049.982421875,,50.0,1871.2408447265625,666.8216552734375,2218.023681640625,,186.8412322998047,6985.50244140625,6221.9404296875,5074.30029296875,7806.61669921875,1108.2547607421875,13223.70703125,1315.53173828125,1462.75830078125,785.1934814453125,,4585.32568359375,542.6217041015625,1047.0452880859375,,1600.0849609375,174.12794494628906,5610.9013671875,3736.4130859375,917.0938720703125,15262.283203125,2812.840576171875,492.3965759277344
2022-03-09,,1558.3516845703125,1041.111083984375,608.9723510742188,,1011.2992553710938,2202.193603515625,4521.04345703125,6748.767578125,2950.133056640625,3250.934814453125,1305.012451171875,2933.485595703125,829.4461059570312,54.0,5166.88037109375,,50.0,1871.2408447265625,666.8216552734375,2277.970458984375,,181.69879150390625,7008.48095703125,5881.677734375,5095.7109375,7903.89501953125,1151.9298095703125,12990.0732421875,1391.671630859375,1458.158447265625,790.1008911132812,,4487.765625,546.828125,1060.7772216796875,,1627.6727294921875,196.0900115966797,5654.9091796875,3590.838623046875,921.5674438476562,15677.9892578125,2846.32666015625,496.36749267578125
2022-03-10,,1558.3516845703125,1007.3087768554688,597.695068359375,,1121.5355224609375,2135.71240234375,4485.162109375,6813.24609375,2950.133056640625,3250.934814453125,1308.850830078125,2952.721435546875,868.9435424804688,53.0,5353.916015625,,50.0,1981.856201171875,680.7138061523438,2295.09814453125,,181.69879150390625,7123.37451171875,6051.80908203125,5202.763671875,7976.85400390625,1168.3079833984375,12686.34765625,1383.211669921875,1476.557861328125,839.175537109375,,4282.88916015625,534.208984375,988.6853637695312,,1595.487060546875,200.79617309570312,6116.98291015625,3566.576171875,934.9883422851562,15410.7470703125,2871.44140625,501.3312072753906
2022-03-11,,1553.713623046875,1014.0693359375,597.695068359375,,1145.5001220703125,2094.161376953125,4503.10302734375,6834.73876953125,3016.534912109375,3254.079345703125,1320.3656005859375,2943.103515625,854.1320190429688,53.0,5400.67529296875,,50.0,1991.0740966796875,676.0830688476562,2389.299560546875,,183.41294860839844,6939.54541015625,5954.59130859375,5181.35302734375,8001.17431640625,1157.3892822265625,12639.6201171875,1383.211669921875,1485.7576904296875,839.175537109375,,4243.865234375,534.208984375,964.6549072265625,,1600.0849609375,196.0900115966797,6028.96875,3712.15087890625,930.5146484375,15856.14453125,2821.2119140625,494.3820495605469
2022-03-14,,1553.713623046875,943.084228515625,597.695068359375,,1226.979248046875,1994.4395751953125,4574.865234375,6942.20361328125,3073.450439453125,3342.826904296875,1314.4842529296875,2981.57568359375,883.7550659179688,53.0,5470.814453125,,50.0,2037.163330078125,717.7594604492188,2346.480712890625,,181.69879150390625,6916.56640625,5541.41552734375,5224.173828125,8001.17431640625,1162.8486328125,12160.669921875,1433.971923828125,1499.55712890625,839.175537109375,,4195.0849609375,500.5580139160156,981.8195190429688,,1521.919921875,203.93359375,5962.95849609375,3704.063232421875,934.9883422851562,14757.5,2829.58349609375,494.3820495605469
2022-03-15,,1507.3341064453125,916.0425415039062,601.4541625976562,,1241.3577880859375,1969.5087890625,4521.04345703125,7006.68212890625,3063.96484375,3409.387451171875,1330.0401611328125,2991.193359375,849.19482421875,52.0,5307.1572265625,,50.0,2009.509765625,680.7138061523438,2260.8427734375,,178.27053833007812,6824.65234375,5444.19775390625,5181.35302734375,7612.05908203125,1141.0111083984375,12067.216796875,1362.0616455078125,1490.357421875,804.8233032226562,,4126.79296875,466.9070129394531,950.9232177734375,,1517.322021484375,192.95257568359375,5830.9375,3736.4130859375,899.1993408203125,14534.7978515625,2745.867919921875,490.4111022949219
2022-03-16,,1572.2655029296875,953.2249145507812,605.2133178710938,,1250.9434814453125,1986.1292724609375,4592.80615234375,7049.66748046875,3168.310302734375,3438.97021484375,1361.1522216796875,3058.519287109375,864.00634765625,52.0,5424.0556640625,,50.0,2046.381591796875,717.7594604492188,2312.225341796875,,178.27053833007812,7008.48095703125,5444.19775390625,5266.99560546875,7587.7392578125,1135.5517578125,12604.576171875,1362.0616455078125,1490.357421875,790.1008911132812,,4117.037109375,487.9388732910156,957.7890625,,1554.1055908203125,199.2274627685547,5874.94482421875,3744.50048828125,917.0938720703125,14846.5791015625,2888.184326171875,490.4111022949219
2022-03-17,,1576.9034423828125,926.1830444335938,608.9723510742188,,1289.2867431640625,1952.888671875,4610.7470703125,6877.724609375,3120.880615234375,3438.97021484375,1353.374267578125,3058.519287109375,849.19482421875,56.0,5400.67529296875,,50.0,2037.163330078125,731.651611328125,2260.8427734375,,181.69879150390625,6962.52392578125,5419.8935546875,5245.5849609375,7660.6982421875,1135.5517578125,12289.16796875,1362.0616455078125,1481.15771484375,819.5457153320312,,4263.37744140625,496.3515930175781,954.3560791015625,,1526.517822265625,197.65872192382812,5940.955078125,3623.188720703125,934.9883422851562,14995.044921875,2863.06982421875,492.3965759277344
2022-03-18,,1697.490234375,919.4227294921875,627.7677612304688,,1303.6654052734375,1986.1292724609375,4592.80615234375,6791.75244140625,3149.338134765625,3387.20068359375,1349.4852294921875,3048.9013671875,859.0692138671875,54.0,5494.193359375,,50.0,2027.9454345703125,703.8673706054688,2269.406494140625,,179.9846649169922,6962.52392578125,5638.63330078125,5159.9423828125,7782.296875,1157.3892822265625,12604.576171875,1357.8316650390625,1499.55712890625,799.9158325195312,,4195.0849609375,504.7643737792969,947.490234375,,1466.74462890625,197.65872192382812,5852.94091796875,3671.713134765625,917.0938720703125,15098.9697265625,2812.840576171875,490.4111022949219
2022-03-21,,1706.7659912109375,919.4227294921875,624.0086059570312,,1332.422607421875,1961.198974609375,4736.3310546875,6791.75244140625,3063.96484375,3394.5966796875,1322.26220703125,3083.417724609375,868.9435424804688,59.0,5377.29541015625,,50.0,2074.035400390625,777.9586791992188,2303.661376953125,,181.69879150390625,6847.630859375,5590.0244140625,5117.12158203125,7709.33837890625,1173.767333984375,12452.7119140625,1357.8316650390625,1517.9566650390625,799.9158325195312,,4234.109375,508.970703125,937.19140625,,1480.53857421875,221.1895294189453,5786.93017578125,3679.80078125,921.5674438476562,15054.4306640625,2896.555419921875,496.36749267578125
2022-03-22,,1716.0419921875,946.4646606445312,624.0086059570312,,1342.0084228515625,2119.091796875,4718.390625,6813.24609375,3044.99267578125,3431.57470703125,1326.151123046875,3093.494140625,864.00634765625,60.0,5400.67529296875,,50.0,2092.47119140625,801.1121826171875,2329.35302734375,,181.69879150390625,6870.609375,5978.8955078125,5159.9423828125,7782.296875,1146.470458984375,12779.8017578125,1366.291748046875,1522.556640625,799.9158325195312,,4419.4736328125,513.1771240234375,947.490234375,,1517.322021484375,222.7582550048828,5852.94091796875,3679.80078125,926.0411376953125,15173.201171875,2921.670166015625,494.3820495605469
2022-03-23,,1822.71484375,946.4646606445312,665.3587646484375,,1337.215576171875,2077.541259765625,4646.62744140625,6791.75244140625,3063.96484375,3438.97021484375,1314.4842529296875,3133.800537109375,864.00634765625,59.0,5307.1572265625,,50.0,2101.68896484375,861.3114013671875,2312.225341796875,,181.69879150390625,6893.587890625,6221.9404296875,5117.12158203125,7855.25634765625,1157.3892822265625,13106.888671875,1362.0616455078125,1527.156494140625,790.1008911132812,,4429.2294921875,504.7643737792969,978.3866577148438,,1531.115966796875,218.05209350585938,5786.93017578125,3679.80078125,926.0411376953125,15277.1279296875,2854.6982421875,492.3965759277344
2022-03-24,,1813.4390869140625,973.5064697265625,661.5995483398438,,1361.179931640625,2193.88330078125,4718.390625,6813.24609375,3178.465576171875,3498.13525390625,1361.1522216796875,3194.259521484375,888.6922607421875,59.0,5377.29541015625,,50.0,2083.25341796875,861.3114013671875,2363.608154296875,,179.9846649169922,6939.54541015625,6586.5068359375,5095.7109375,7855.25634765625,1162.8486328125,12990.0732421875,1366.291748046875,1554.755615234375,844.0830078125,,4634.10546875,513.1771240234375,981.8195190429688,,1540.3118896484375,219.62081909179688,5786.93017578125,3687.888427734375,961.8302001953125,15796.7587890625,2829.58349609375,492.3965759277344
2022-03-25,,1804.1630859375,953.2249145507812,691.6723022460938,,1332.422607421875,2210.50390625,4592.80615234375,6834.73876953125,3178.465576171875,3483.34375,1349.4852294921875,3164.02978515625,888.6922607421875,58.0,5260.3984375,,50.0,2092.47119140625,884.46484375,2363.608154296875,,183.41294860839844,6663.8017578125,6659.42041015625,4945.8369140625,7757.9775390625,1146.470458984375,13328.841796875,1362.0616455078125,1536.3560791015625,829.3606567382812,,4634.10546875,487.9388732910156,971.5208129882812,,1526.517822265625,210.20851135253906,5720.919921875,3655.538330078125,961.8302001953125,15633.4453125,2846.32666015625,490.4111022949219
2022-03-28,,1957.2154541015625,966.7459716796875,721.7449951171875,,1342.0084228515625,2185.5732421875,4808.09375,6895.8408203125,3284.736328125,3498.13525390625,1361.1522216796875,3174.106689453125,868.9435424804688,59.0,5330.53662109375,,50.0,2083.25341796875,898.3570556640625,2389.299560546875,,185.12709045410156,6686.7802734375,6562.20263671875,4967.24755859375,7806.61669921875,1141.0111083984375,13714.337890625,1391.671630859375,1499.55712890625,819.5457153320312,,4614.59375,496.3515930175781,971.5208129882812,,1577.0953369140625,218.05209350585938,5962.95849609375,3720.23828125,952.8828125,15796.7587890625,2896.555419921875,490.4111022949219
2022-03-29,,1883.00830078125,936.3239135742188,699.1904296875,,1361.179931640625,2102.4716796875,4700.44970703125,6852.1962890625,3236.43115234375,3468.55322265625,1365.041259765625,3194.259521484375,873.8807373046875,56.0,5283.77783203125,,50.0,2083.25341796875,921.5105590820312,2363.608154296875,,185.12709045410156,6709.7587890625,6537.89794921875,4988.658203125,7709.33837890625,1151.9298095703125,13539.1142578125,1383.211669921875,1499.55712890625,824.4531860351562,,4468.25341796875,475.3197937011719,964.6549072265625,,1549.507568359375,221.1895294189453,5874.94482421875,3687.888427734375,952.8828125,15455.2890625,2913.299072265625,488.4256286621094
2022-03-30,,1920.1119384765625,905.9017333984375,676.6359252929688,,1399.52294921875,2085.851318359375,4772.21240234375,6874.01904296875,3246.09228515625,3483.34375,1341.7071533203125,3174.106689453125,893.6294555664062,57.0,5307.1572265625,,57.0,2203.08642578125,902.9877319335938,2320.7890625,,185.12709045410156,6778.6943359375,6537.89794921875,5074.30029296875,7636.37890625,1141.0111083984375,13235.38671875,1408.5916748046875,1527.156494140625,844.0830078125,,4409.71728515625,471.1133728027344,957.7890625,,1508.126220703125,230.6018524169922,5940.955078125,3704.063232421875,952.8828125,15366.20703125,3114.216064453125,494.3820495605469
2022-03-31,,2124.181640625,909.2821044921875,684.1541137695312,,1457.03759765625,2027.6800537109375,4718.390625,6961.30712890625,3188.126220703125,3446.365966796875,1333.92919921875,3184.18310546875,893.6294555664062,57.0,5283.77783203125,,54.0,2258.393798828125,1125.26171875,2269.406494140625,,181.69879150390625,6755.71630859375,6513.59326171875,5095.7109375,7685.01806640625,1130.09228515625,13340.5244140625,1395.9017333984375,1481.15771484375,863.712890625,,4419.4736328125,466.9070129394531,964.6549072265625,,1512.72412109375,229.0331268310547,5852.94091796875,3704.063232421875,957.3565673828125,15173.201171875,3063.986328125,501.3312072753906
2022-04-01,,2087.078125,949.8446655273438,695.4313354492188,,1423.4876708984375,2085.851318359375,4808.09375,6917.6630859375,3168.80419921875,3498.13525390625,1326.151123046875,3174.106689453125,888.6922607421875,58.0,5307.1572265625,,51.0,2267.612060546875,1222.5064697265625,2235.1513671875,,179.9846649169922,6916.56640625,6708.029296875,5181.35302734375,7757.9775390625,1135.5517578125,13469.0224609375,1391.671630859375,1485.7576904296875,824.4531860351562,,4478.00927734375,462.7007141113281,954.3560791015625,,1531.115966796875,219.62081909179688,5962.95849609375,3704.063232421875,930.5146484375,15395.9013671875,3030.50048828125,501.3312072753906
2022-04-04,,2198.388916015625,949.8446655273438,687.9132080078125,,1466.62353515625,2193.88330078125,4897.79638671875,6895.8408203125,3255.75341796875,3475.948486328125,1333.92919921875,3153.953369140625,898.5665893554688,58.0,5353.916015625,,54.0,2341.35546875,1208.6143798828125,2295.09814453125,,183.41294860839844,6939.54541015625,6780.9423828125,5224.173828125,7733.6572265625,1130.09228515625,14012.275390625,1404.36181640625,1550.15576171875,824.4531860351562,,4751.177734375,466.9070129394531,964.6549072265625,,1544.90966796875,219.62081909179688,6028.96875,3671.713134765625,939.4620971679688,15900.685546875,2988.642822265625,496.36749267578125
2022-04-05,,2226.216552734375,1014.0693359375,699.1904296875,,1509.759521484375,2218.81396484375,4951.61962890625,6895.8408203125,3236.43115234375,3475.948486328125,1326.151123046875,3153.953369140625,893.6294555664062,60.0,5283.77783203125,,54.0,2507.278564453125,1291.967041015625,2312.225341796875,,183.41294860839844,6962.52392578125,6756.63818359375,5224.173828125,7879.5751953125,1151.9298095703125,13698.8603515625,1421.28173828125,1481.15771484375,839.175537109375,,4858.494140625,475.3197937011719,964.6549072265625,,1600.0849609375,232.17059326171875,6006.96533203125,3655.538330078125,934.9883422851562,16153.078125,3080.7294921875,496.36749267578125
2022-04-06,,2254.04443359375,1037.7308349609375,695.4313354492188,,1634.37451171875,2202.193603515625,5023.38232421875,6764.908203125,3149.482421875,3401.99169921875,1310.59521484375,3093.494140625,893.6294555664062,65.0,5213.63916015625,,54.0,2654.765380859375,1241.0291748046875,2312.225341796875,,181.69879150390625,6801.67333984375,6635.11572265625,5224.173828125,7782.296875,1124.6329345703125,14430.162109375,1383.211669921875,1467.358154296875,839.175537109375,,4902.39599609375,466.9070129394531,950.9232177734375,,1604.6829833984375,224.32701110839844,5896.9482421875,3582.7509765625,912.6202392578125,16301.54296875,3013.75732421875,488.4256286621094
2022-04-07,,2244.768310546875,1030.9703369140625,691.6723022460938,,1548.1026611328125,2293.60546875,4951.61962890625,6764.908203125,3207.4482421875,3424.17919921875,1287.260986328125,3103.57080078125,878.81787109375,63.0,5190.259765625,,58.0,2571.803955078125,1259.5521240234375,2277.970458984375,,183.41294860839844,6962.52392578125,6975.37841796875,5224.173828125,7660.6982421875,1124.6329345703125,14208.158203125,1395.9017333984375,1453.55859375,829.3606567382812,,4951.17626953125,462.7007141113281,954.3560791015625,,1609.2811279296875,224.32701110839844,5808.93408203125,3671.713134765625,921.5674438476562,16123.3818359375,2988.642822265625,490.4111022949219
2022-04-08,,2587.976806640625,1068.1529541015625,691.6723022460938,,1624.788818359375,2326.84619140625,5023.38232421875,6852.1962890625,3255.75341796875,3409.387451171875,1279.483154296875,3103.57080078125,878.81787109375,66.0,5143.5009765625,,65.0,2617.893310546875,1403.1038818359375,2303.661376953125,,181.69879150390625,6847.630859375,7364.25,5245.5849609375,7709.33837890625,1162.8486328125,14351.80859375,1395.9017333984375,1453.55859375,829.3606567382812,,5390.19677734375,471.1133728027344,957.7890625,,1655.2603759765625,225.8957061767578,5874.94482421875,3704.063232421875,930.5146484375,16984.48828125,2963.528076171875,484.4546813964844
2022-04-11,,2411.734619140625,1061.392333984375,691.6723022460938,,1605.6171875,2185.5732421875,4915.7373046875,6743.0849609375,3246.09228515625,3379.804931640625,1260.0380859375,3093.494140625,859.0692138671875,66.0,5049.982421875,,71.0,2498.060302734375,1305.8592529296875,2209.459716796875,382.0,179.9846649169922,6916.56640625,7096.90087890625,5202.763671875,7563.419921875,1141.0111083984375,14351.80859375,1387.441650390625,1458.158447265625,858.805419921875,,5073.1259765625,445.8751525878906,930.3255615234375,,1632.2705078125,213.34596252441406,5737.28564453125,3712.15087890625,903.673095703125,16895.404296875,2896.555419921875,470.556396484375
2022-04-12,,2328.251708984375,1061.392333984375,684.1541137695312,,1682.3035888671875,2218.81396484375,4987.50048828125,6808.552734375,3255.75341796875,3409.387451171875,1267.81591796875,3103.57080078125,873.8807373046875,68.0,4979.84375,,67.0,2498.060302734375,1259.5521240234375,2200.89599609375,370.0,178.27053833007812,6801.67333984375,7339.9453125,5266.99560546875,7587.7392578125,1135.5517578125,13907.8046875,1357.8316650390625,1458.158447265625,893.1575927734375,,5365.806640625,433.2560729980469,909.7279663085938,,1613.87890625,211.77720642089844,5692.109375,3744.50048828125,903.673095703125,16598.474609375,2946.784912109375,450.7016906738281
2022-04-13,,2550.873046875,1132.3773193359375,699.1904296875,,1629.581787109375,2318.535888671875,5005.44091796875,6808.552734375,3265.414306640625,3409.387451171875,1271.705078125,3113.647705078125,864.00634765625,68.0,4886.32568359375,,69.0,2488.84228515625,1324.3819580078125,2329.35302734375,374.0,179.9846649169922,6732.7373046875,7218.4228515625,5309.81689453125,7490.4609375,1157.3892822265625,14717.4580078125,1362.0616455078125,1467.358154296875,873.5277709960938,,5390.19677734375,437.4624328613281,933.7584228515625,,1728.8275146484375,205.50233459472656,5601.759765625,3793.025634765625,926.0411376953125,17385.34375,2879.8125,420.9196472167969
2022-04-14,,2652.908203125,1118.856201171875,699.1904296875,,1648.753173828125,2310.225830078125,4933.67822265625,6721.2626953125,3246.09228515625,3357.6181640625,1260.0380859375,3093.494140625,859.0692138671875,68.0,4666.5576171875,,74.0,2525.714111328125,1370.6890869140625,2320.7890625,376.0,181.69879150390625,6594.86572265625,7753.12060546875,5245.5849609375,7417.501953125,1141.0111083984375,14782.75390625,1345.1416015625,1458.158447265625,873.5277709960938,,5250.0,441.6688232421875,930.3255615234375,,1733.4254150390625,208.63975524902344,5443.64501953125,3784.93798828125,903.673095703125,17697.123046875,2846.32666015625,393.1230773925781
2022-04-18,,2745.667236328125,1112.0958251953125,706.7086181640625,,1634.37451171875,2409.947509765625,5023.38232421875,6721.2626953125,3255.75341796875,3365.013671875,1252.260009765625,3073.341064453125,849.19482421875,64.0,4675.9091796875,,72.0,2488.84228515625,1361.4276123046875,2517.756591796875,378.0,181.69879150390625,6525.93017578125,8069.07861328125,5245.5849609375,7393.18212890625,1206.523681640625,14469.33984375,1340.7457275390625,1471.9580078125,873.5277709960938,,5700.0,475.3197937011719,923.4596557617188,,1728.8275146484375,207.07106018066406,5556.58349609375,3809.20068359375,903.673095703125,17815.890625,2837.954833984375,367.31195068359375
2022-04-19,,2773.494873046875,1105.33544921875,714.2268676757812,,1619.995849609375,2368.396728515625,4951.61962890625,6655.79638671875,3246.09228515625,3379.804931640625,1267.81591796875,3053.188232421875,873.8807373046875,60.0,4816.1865234375,,67.0,2525.714111328125,1273.4443359375,2526.3203125,358.0,179.9846649169922,6594.86572265625,8433.6455078125,5309.81689453125,7393.18212890625,1343.00830078125,14168.9833984375,1283.5992431640625,1448.9586181640625,888.2501220703125,,5425.0,479.526123046875,961.221923828125,,1724.2296142578125,202.36489868164062,5466.232421875,3784.93798828125,908.1465454101562,17578.345703125,2804.468994140625,381.2102355957031
2022-04-20,,2587.976806640625,1091.8145751953125,702.9495239257812,,1667.9246826171875,2343.46630859375,4951.61962890625,6677.6181640625,3468.294921875,3586.8828125,1295.0391845703125,3164.02978515625,859.0692138671875,63.0,4699.2890625,,63.0,2507.278564453125,1185.4608154296875,2723.28759765625,338.0,181.69879150390625,6732.7373046875,8239.2099609375,5331.22705078125,7393.18212890625,1555.9241943359375,14182.0419921875,1239.6402587890625,1435.1590576171875,868.620361328125,,5700.0,479.526123046875,954.3560791015625,,1701.2398681640625,205.50233459472656,5375.8818359375,3744.50048828125,934.9883422851562,17367.005859375,2904.92724609375,407.0213623046875
2022-04-21,,2411.734619140625,1105.33544921875,770.6130981445312,,1634.37451171875,2318.535888671875,5023.38232421875,6917.6630859375,3622.871337890625,3549.904541015625,1368.93017578125,3345.407470703125,878.81787109375,61.0,4675.9091796875,,59.0,2599.45751953125,1185.4608154296875,2774.670654296875,340.0,181.69879150390625,6824.65234375,7777.42529296875,5352.6376953125,7393.18212890625,1534.086669921875,14247.3359375,1230.8485107421875,1471.9580078125,902.9725341796875,,5500.0,471.1133728027344,964.6549072265625,,1710.4356689453125,207.07106018066406,5488.8203125,3736.4130859375,939.4620971679688,17229.171875,2846.32666015625,379.2247619628906
2022-04-22,,2244.768310546875,1085.0540771484375,740.5403442382812,,1639.1673583984375,2276.9853515625,5059.26220703125,6874.01904296875,3613.209716796875,3512.926513671875,1380.5972900390625,3335.331298828125,864.00634765625,57.0,4675.9091796875,,55.0,2571.803955078125,1106.73876953125,2706.16015625,340.0,183.41294860839844,6709.7587890625,7728.81640625,5395.45849609375,7344.54296875,1534.086669921875,14247.3359375,1222.0567626953125,1448.9586181640625,902.9725341796875,,5300.0,466.9070129394531,950.9232177734375,,1696.6419677734375,197.65872192382812,5421.05712890625,3736.4130859375,921.5674438476562,17336.375,2871.44140625,407.0213623046875
2022-04-25,,2170.561279296875,1085.0540771484375,736.7813110351562,,1624.788818359375,2177.26318359375,5077.20361328125,6983.13037109375,3671.17578125,3579.48681640625,1450.599365234375,3315.177734375,854.1320190429688,55.0,4601.09521484375,,53.0,2645.547119140625,1143.7843017578125,2817.489501953125,328.0,181.69879150390625,6824.65234375,7510.076171875,5395.45849609375,7295.9033203125,1566.8428955078125,13999.216796875,1204.47314453125,1476.557861328125,902.9725341796875,,5200.0,454.28790283203125,926.8926391601562,,1701.2398681640625,194.52130126953125,5398.46923828125,3809.20068359375,921.5674438476562,16922.873046875,3089.101318359375,383.1957092285156
2022-04-26,,2300.424072265625,1068.1529541015625,766.85400390625,,1615.203125,2077.541259765625,5166.90625,7092.2412109375,3709.81982421875,3653.44287109375,1427.265380859375,3365.560546875,859.0692138671875,54.0,4699.2890625,,51.0,2673.201171875,1111.36962890625,2740.415283203125,310.0,179.9846649169922,6962.52392578125,6999.6826171875,5395.45849609375,7198.62451171875,1550.4649658203125,13738.0361328125,1283.5992431640625,1494.957275390625,902.9725341796875,,5075.0,441.6688232421875,926.8926391601562,,1673.6522216796875,192.95257568359375,5782.46044921875,3849.637939453125,921.5674438476562,17612.0390625,3256.5322265625,383.1957092285156
2022-04-27,,2476.666015625,1071.5330810546875,748.05859375,,1634.37451171875,2127.402099609375,5113.08447265625,7157.7080078125,3651.85400390625,3586.8828125,1427.265380859375,3315.177734375,854.1320190429688,56.0,4722.66845703125,,56.0,2765.38037109375,1194.72216796875,2723.28759765625,290.0,179.9846649169922,6985.50244140625,6975.37841796875,5438.27978515625,7222.94384765625,1555.9241943359375,14155.9248046875,1283.5992431640625,1485.7576904296875,902.9725341796875,,5300.0,450.08154296875,940.6243896484375,,1701.2398681640625,194.52130126953125,5850.22412109375,3857.72509765625,908.1465454101562,17703.931640625,3189.56005859375,367.31195068359375
2022-04-28,,2532.321533203125,1128.9970703125,804.4448852539062,,1639.1673583984375,2160.642822265625,5436.0166015625,7092.2412109375,3564.90478515625,3601.674072265625,1435.043212890625,3607.3974609375,839.3204956054688,56.0,4816.1865234375,,56.0,2756.162353515625,1148.4151611328125,2731.851318359375,272.0,179.9846649169922,7008.48095703125,7096.90087890625,5395.45849609375,7368.86181640625,1528.6273193359375,14834.9912109375,1274.807373046875,1508.757080078125,883.3427124023438,,5300.0,462.7007141113281,995.5513305664062,,1756.4150390625,199.2274627685547,5782.46044921875,3736.4130859375,903.673095703125,18546.24609375,3256.5322265625,365.32647705078125
2022-05-09,,2439.5625,1068.1529541015625,815.72216796875,,1600.8243408203125,2102.4716796875,5192.2392578125,6633.97412109375,3410.329345703125,3350.222412109375,1337.818115234375,3355.484130859375,809.6974487304688,61.0,4610.44677734375,,57.0,2571.803955078125,1157.676513671875,2603.394775390625,254.0,178.27053833007812,6801.67333984375,6975.37841796875,5245.5849609375,7125.66552734375,1424.8990478515625,14913.3447265625,1208.869140625,1407.559814453125,888.2501220703125,,4950.0,462.7007141113281,995.5513305664062,,1733.4254150390625,186.6776885986328,5533.99560546875,3485.701171875,867.8839721679688,17903.0234375,3356.990966796875,365.32647705078125
2022-05-10,,2281.8720703125,1044.4912109375,815.72216796875,,1490.5880126953125,2011.059814453125,5155.4150390625,6568.5068359375,3439.312255859375,3350.222412109375,1322.26220703125,3264.795166015625,814.6345825195312,59.0,4746.04833984375,,56.0,2396.6630859375,1083.585205078125,2560.575439453125,238.0,174.84225463867188,7330.18212890625,6610.8115234375,5481.10107421875,7295.9033203125,1326.630126953125,14978.638671875,1252.8280029296875,1485.7576904296875,888.2501220703125,,4830.0,475.3197937011719,1040.179443359375,,1682.8480224609375,188.2464141845703,5511.408203125,3509.9638671875,863.4102783203125,18148.05859375,3666.738037109375,367.31195068359375
2022-05-11,,2272.595947265625,1064.772705078125,819.4813842773438,,1548.1026611328125,1994.4395751953125,5081.76611328125,6677.6181640625,3391.007080078125,3320.639892578125,1306.7060546875,3224.4892578125,839.3204956054688,58.0,4746.04833984375,,56.0,2359.791259765625,1111.36962890625,2605.009033203125,222.0,176.55638122558594,7628.904296875,6586.5068359375,5523.92236328125,7393.18212890625,1310.251953125,15096.169921875,1248.43212890625,1504.1571044921875,907.8800048828125,,4860.0,471.1133728027344,1043.6123046875,,1705.8377685546875,194.52130126953125,5850.22412109375,3501.876220703125,908.1465454101562,18515.615234375,4085.316162109375,355.3991394042969
2022-05-12,,2114.906005859375,1064.772705078125,766.85400390625,,1442.658935546875,1936.268310546875,5044.94140625,6350.28466796875,3168.80419921875,3194.91455078125,1267.81591796875,3174.106689453125,785.011474609375,54.0,4526.2802734375,,53.0,2203.08642578125,1037.2783203125,2430.7607421875,208.0,173.1281280517578,7376.13916015625,6464.98486328125,5481.10107421875,7077.02587890625,1255.6580810546875,15409.583984375,1186.8896484375,1453.55859375,848.990478515625,,4600.0,450.08154296875,1009.283203125,,1678.2501220703125,183.54025268554688,5669.52197265625,3477.61376953125,872.3576049804688,17948.966796875,3926.256591796875,339.5153503417969
2022-05-13,,2170.561279296875,1085.0540771484375,755.5767822265625,,1509.759521484375,1936.268310546875,5247.4755859375,6393.92919921875,3188.126220703125,3143.14453125,1279.483154296875,3143.876708984375,794.8858642578125,56.0,4722.66845703125,,55.0,2055.599609375,1139.1536865234375,2483.035400390625,194.0,174.84225463867188,7514.0107421875,6708.029296875,5523.92236328125,7125.66552734375,1288.41455078125,16571.833984375,1244.0361328125,1471.9580078125,873.5277709960938,,4380.0,458.4942932128906,1026.44775390625,,1747.2193603515625,192.95257568359375,5692.109375,3445.26416015625,890.2521362304688,18515.615234375,4018.34326171875,347.4572448730469
2022-05-17,,2291.14794921875,1138.5853271484375,766.85400390625,,1581.6527099609375,1986.1292724609375,5155.4150390625,6459.3955078125,3265.414306640625,3291.05712890625,1295.0391845703125,3164.02978515625,814.6345825195312,57.0,4610.44677734375,,54.0,1917.3306884765625,1106.73876953125,2430.7607421875,200.0,176.55638122558594,7192.3095703125,7072.59619140625,5566.7431640625,7466.1416015625,1310.251953125,17394.548828125,1230.8485107421875,1494.957275390625,848.990478515625,,4480.0,475.3197937011719,1071.075927734375,,1885.15771484375,191.3838653564453,5737.28564453125,3380.564453125,872.3576049804688,18423.728515625,4018.34326171875,365.32647705078125
2022-05-18,,2254.04443359375,1127.977294921875,779.8515014648438,,1634.37451171875,1994.4395751953125,5229.06298828125,6612.1513671875,3381.34619140625,3291.05712890625,1302.817138671875,3184.18310546875,814.6345825195312,56.0,4629.15087890625,,55.0,1783.67041015625,1213.2451171875,2361.0615234375,248.0,176.55638122558594,7445.07470703125,6902.46484375,5566.7431640625,7490.4609375,1233.8206787109375,16976.662109375,1230.8485107421875,1494.957275390625,883.3427124023438,,4750.0,475.3197937011719,1081.374755859375,,1839.1783447265625,188.2464141845703,5850.22412109375,3437.1767578125,881.3048095703125,18561.560546875,4206.703125,361.35552978515625
2022-05-19,,2133.45751953125,1099.6895751953125,802.788330078125,,1629.581787109375,2044.30029296875,5155.4150390625,6503.03955078125,3352.363037109375,3283.662109375,1295.0391845703125,3184.18310546875,794.8858642578125,54.0,4647.85400390625,,55.0,1788.2794189453125,1129.892333984375,2317.499755859375,280.0,176.55638122558594,7330.18212890625,7412.85888671875,5523.92236328125,7320.22265625,1211.9830322265625,16428.18359375,1213.2650146484375,1476.557861328125,829.3606567382812,,4980.0,471.1133728027344,1067.64306640625,,1816.1884765625,180.40281677246094,5624.34716796875,3404.82666015625,858.9366455078125,18362.46875,4085.316162109375,377.23931884765625
2022-05-20,,2254.04443359375,1170.408935546875,783.6743774414062,,1701.4749755859375,2069.23095703125,5247.4755859375,6459.3955078125,3391.007080078125,3276.26611328125,1291.150146484375,3224.4892578125,804.76025390625,55.0,4816.1865234375,,55.0,1843.5867919921875,1176.199462890625,2343.63671875,304.0,176.55638122558594,7399.11767578125,7753.12060546875,5523.92236328125,7417.501953125,1233.8206787109375,17263.958984375,1222.0567626953125,1494.957275390625,829.3606567382812,,4860.0,471.1133728027344,1081.374755859375,,1862.1678466796875,177.265380859375,5737.28564453125,3372.4765625,858.9366455078125,18316.5234375,4227.6318359375,351.4281921386719
2022-05-23,,2152.00927734375,1113.83349609375,768.3831787109375,,1667.9246826171875,2102.4716796875,5118.59033203125,6437.5732421875,3419.990234375,3202.31005859375,1287.260986328125,3174.106689453125,807.8546752929688,54.0,4638.5029296875,,54.0,1746.7987060546875,1139.1536865234375,2265.22509765625,296.0,176.55638122558594,7330.18212890625,7510.076171875,5481.10107421875,7612.05908203125,1151.9298095703125,17185.607421875,1230.8485107421875,1499.55712890625,873.5277709960938,,4840.0,466.9070129394531,1067.64306640625,,1885.15771484375,178.83409118652344,5872.81201171875,3323.951904296875,849.9894409179688,18163.373046875,4085.316162109375,353.4136657714844
2022-05-24,,2226.216552734375,1131.5133056640625,768.3831787109375,,1624.788818359375,2135.71240234375,5265.8876953125,6415.75048828125,3506.939208984375,3298.453125,1306.7060546875,3194.259521484375,807.8546752929688,54.0,4666.5576171875,,53.0,1728.3626708984375,1166.93798828125,2265.22509765625,302.0,178.27053833007812,7491.03173828125,7631.5986328125,5374.04833984375,7563.419921875,1151.9298095703125,17263.958984375,1226.4527587890625,1485.7576904296875,883.3427124023438,,5275.0,475.3197937011719,1163.76513671875,,2023.095947265625,178.83409118652344,6053.51416015625,3356.302001953125,845.515869140625,18561.560546875,4026.714599609375,359.37005615234375
2022-05-25,,2133.45751953125,1096.1533203125,779.8515014648438,,1682.3035888671875,2069.23095703125,5229.06298828125,6437.5732421875,3448.972900390625,3217.10107421875,1302.817138671875,3164.02978515625,807.8546752929688,56.0,4563.68798828125,,55.0,1682.2730712890625,1194.72216796875,2239.087890625,304.0,178.27053833007812,7582.947265625,7388.55419921875,5481.10107421875,7466.1416015625,1146.470458984375,17342.3125,1208.869140625,1499.55712890625,878.4352416992188,,5100.0,483.7325134277344,1218.692138671875,,2018.498046875,167.85304260253906,5895.39990234375,3396.7392578125,836.5685424804688,18484.984375,3993.228515625,335.54443359375
2022-05-27,,2198.388916015625,1117.369384765625,776.0287475585938,,1619.995849609375,2052.61083984375,5321.12451171875,6612.1513671875,3555.243896484375,3357.6181640625,1306.7060546875,3264.795166015625,832.635498046875,55.0,4601.09521484375,,54.0,1719.1448974609375,1176.199462890625,2326.212158203125,312.0,176.55638122558594,7927.62548828125,7582.9892578125,5502.51123046875,7514.78076171875,1184.6861572265625,17159.48828125,1217.6607666015625,1481.15771484375,898.0650634765625,,5275.0,492.1452331542969,1222.1251220703125,,2032.2918701171875,172.55921936035156,6053.51416015625,3477.61376953125,863.4102783203125,18622.818359375,3984.857421875,331.573486328125
2022-05-30,,2198.388916015625,1082.009521484375,791.3198852539062,,1619.995849609375,2127.402099609375,5339.53662109375,6612.1513671875,3555.243896484375,3276.26611328125,1302.817138671875,3305.101318359375,817.7669677734375,55.0,4769.427734375,,53.0,1728.3626708984375,1097.4774169921875,2343.63671875,314.0,179.9846649169922,7858.6904296875,7801.7294921875,5523.92236328125,7830.9365234375,1173.767333984375,17107.25,1266.015625,1499.55712890625,883.3427124023438,,5175.0,496.3515930175781,1222.1251220703125,,2036.8897705078125,172.55921936035156,6482.6806640625,3437.1767578125,863.4102783203125,18530.931640625,3892.769775390625,329.5880126953125
2022-05-31,,2068.5263671875,1156.26513671875,856.3076171875,,1744.6109619140625,2085.851318359375,5413.18505859375,6764.908203125,3545.5830078125,3424.17919921875,1322.26220703125,3426.019775390625,827.6792602539062,58.0,5049.982421875,,54.0,1765.234619140625,1088.2159423828125,2300.07470703125,304.0,179.9846649169922,7881.66943359375,7996.16552734375,5652.38525390625,8025.4931640625,1162.8486328125,18282.560546875,1252.8280029296875,1574.77001953125,883.3427124023438,,5450.0,492.1452331542969,1235.8568115234375,,2082.869384765625,175.6966552734375,6595.61962890625,3485.701171875,894.7256469726562,19174.150390625,3959.742431640625,327.6025390625
2022-06-02,,1975.7672119140625,1177.48095703125,818.0795288085938,,1725.439453125,2085.851318359375,5394.7734375,6612.1513671875,3419.990234375,3313.244384765625,1302.817138671875,3305.101318359375,817.7669677734375,58.0,5049.982421875,,53.0,1719.1448974609375,1018.75537109375,2334.924560546875,344.0,179.9846649169922,7858.6904296875,7704.51171875,5738.02783203125,8195.7314453125,1266.576904296875,18112.794921875,1239.6402587890625,1508.958740234375,878.4352416992188,,5200.0,496.3515930175781,1225.55810546875,,2092.065185546875,170.99049377441406,6482.6806640625,3469.526611328125,876.8311767578125,19373.24609375,4009.9716796875,311.71881103515625
2022-06-03,,1994.3189697265625,1244.6644287109375,818.0795288085938,,1739.8179931640625,2077.541259765625,5376.36083984375,6633.97412109375,3458.63427734375,3342.826904296875,1302.817138671875,3305.101318359375,832.635498046875,57.0,5033.759765625,,53.0,1714.535888671875,1014.1246948242188,2300.07470703125,354.0,181.69879150390625,7881.66943359375,7461.4677734375,5716.6171875,8049.81298828125,1272.0362548828125,18256.439453125,1292.3909912109375,1504.2579345703125,917.6948852539062,,5200.0,492.1452331542969,1228.9910888671875,,2128.8486328125,172.55921936035156,6414.91796875,3485.701171875,872.3576049804688,19970.5234375,3951.37109375,307.74786376953125
2022-06-06,,1975.7672119140625,1223.448974609375,852.4848022460938,,1744.6109619140625,2068.033935546875,5321.12451171875,6503.03955078125,3439.312255859375,3276.26611328125,1310.59521484375,3284.94873046875,822.72314453125,56.0,5105.32958984375,,54.0,1631.5743408203125,963.1868896484375,2239.087890625,330.0,181.69879150390625,7950.6044921875,7412.85888671875,5930.72265625,7952.5341796875,1201.0643310546875,18360.912109375,1314.370361328125,1541.864501953125,942.232177734375,,5300.0,517.3834228515625,1225.55810546875,,2327.888671875,166.28431701660156,6505.2685546875,3509.9638671875,881.3048095703125,19710.169921875,3993.228515625,305.76239013671875
2022-06-07,,2114.906005859375,1290.63232421875,844.839111328125,,1753.114990234375,2042.7109375,5302.7119140625,6437.5732421875,3439.312255859375,3254.079345703125,1298.9281005859375,3345.407470703125,802.8984375,57.0,4962.189453125,,56.0,1608.5296630859375,981.7096557617188,2256.512939453125,364.0,179.9846649169922,7881.66943359375,7437.1630859375,5930.72265625,7976.85400390625,1195.60498046875,19039.978515625,1318.7662353515625,1499.55712890625,932.417236328125,,5150.0,525.7962036132812,1218.692138671875,,2198.261474609375,164.71560668945312,6460.09326171875,3437.1767578125,872.3576049804688,20108.357421875,3959.742431640625,309.73333740234375
2022-06-08,,2077.80224609375,1283.5601806640625,844.839111328125,,1791.85791015625,2042.7109375,5284.2998046875,6633.97412109375,3477.9560546875,3305.848876953125,1263.9271240234375,3385.713623046875,802.8984375,58.0,4914.47607421875,,55.0,1673.0552978515625,967.817626953125,2326.212158203125,378.0,179.9846649169922,7881.66943359375,7485.771484375,5973.54345703125,8122.7724609375,1353.927001953125,18360.912109375,1283.5992431640625,1527.7620849609375,947.1396484375,,5125.0,555.24072265625,1247.797607421875,,2187.458984375,169.42178344726562,6527.85595703125,3437.147705078125,879.7418823242188,20246.189453125,4093.6875,307.74786376953125
2022-06-09,,2272.595947265625,1272.952392578125,894.53564453125,,1796.7008056640625,2025.828857421875,5302.7119140625,6546.6845703125,3352.363037109375,3320.639892578125,1263.9271240234375,3395.790283203125,797.9423217773438,59.0,4723.623046875,,54.0,1650.0103759765625,953.925537109375,2265.22509765625,384.0,179.9846649169922,7927.62548828125,7437.1630859375,5887.9013671875,8049.81298828125,1403.0614013671875,18282.560546875,1257.2239990234375,1537.16357421875,932.417236328125,,5150.0,542.6217041015625,1240.4141845703125,,2198.261474609375,167.85304260253906,6324.56689453125,3395.231201171875,856.95068359375,19848.00390625,4035.086181640625,321.6461181640625
2022-06-10,,2114.906005859375,1212.8408203125,913.6495361328125,,1738.58642578125,1932.9786376953125,5100.17822265625,6415.75048828125,3207.4482421875,3254.079345703125,1213.3699951171875,3295.024658203125,768.2053833007812,58.0,4795.19287109375,,53.0,1636.183349609375,916.8798828125,2230.375732421875,386.0,179.9846649169922,7812.73291015625,7194.11865234375,5887.9013671875,8147.091796875,1446.736572265625,17590.431640625,1248.43212890625,1527.7620849609375,907.8800048828125,,4970.0,521.5899047851562,1240.4141845703125,,2117.24462890625,166.28431701660156,6234.2158203125,3370.08154296875,838.7177734375,19725.484375,3976.4853515625,309.73333740234375
2022-06-13,,1975.7672119140625,1127.977294921875,886.8900146484375,,1714.3720703125,1907.65576171875,5173.82666015625,6415.75048828125,3188.126220703125,3209.705322265625,1143.3677978515625,3264.795166015625,738.4683837890625,56.0,4795.19287109375,,52.0,1534.7862548828125,861.3114013671875,2099.689453125,388.0,176.55638122558594,7904.64697265625,6999.6826171875,5845.08056640625,7976.85400390625,1419.439697265625,17133.37109375,1217.6607666015625,1527.7620849609375,883.3427124023438,,4700.0,492.1452331542969,1210.8804931640625,,2090.23876953125,155.3032989501953,5917.9873046875,3420.381103515625,815.926513671875,18791.28125,3926.256591796875,309.73333740234375
2022-06-14,,1841.2667236328125,1152.7291259765625,883.0671997070312,,1777.329345703125,1840.1280517578125,5137.00244140625,6459.3955078125,3197.787353515625,3224.4970703125,1158.923828125,3305.101318359375,713.6875610351562,56.0,4842.90625,,52.0,1511.7413330078125,801.1121826171875,2125.826904296875,400.0,176.55638122558594,7950.6044921875,6999.6826171875,5887.9013671875,7782.296875,1474.033447265625,17172.546875,1230.8485107421875,1527.7620849609375,873.5277709960938,,4700.0,530.0025634765625,1277.331298828125,,2095.639892578125,152.1658477783203,6166.4521484375,3445.531005859375,811.3682861328125,19327.30078125,3968.1142578125,315.68975830078125
2022-06-15,,1716.0419921875,1074.9373779296875,902.1812744140625,,1738.58642578125,1831.68701171875,4934.46826171875,6393.92919921875,3197.787353515625,3291.05712890625,1158.923828125,3345.407470703125,718.6437377929688,58.0,4795.19287109375,,60.0,1617.74755859375,819.635009765625,2099.689453125,404.0,174.84225463867188,7904.64697265625,6732.33349609375,5823.66943359375,7587.7392578125,1463.11474609375,16428.18359375,1217.6607666015625,1518.3604736328125,883.3427124023438,,4430.0,525.7962036132812,1266.256103515625,,1987.6173095703125,163.1468963623047,6234.2158203125,3403.61474609375,802.251708984375,18224.6328125,4018.34326171875,311.71881103515625
2022-06-16,,1794.88720703125,1082.009521484375,890.7127075195312,,1772.4864501953125,1814.80517578125,5044.94140625,6612.1513671875,3188.126220703125,3276.26611328125,1166.701904296875,3375.636962890625,738.4683837890625,60.0,4914.47607421875,,59.0,1594.70263671875,838.2631225585938,2073.552490234375,392.0,176.55638122558594,7973.58349609375,6902.46484375,5823.66943359375,7879.5751953125,1501.3304443359375,17028.8984375,1230.8485107421875,1527.7620849609375,893.1575927734375,,4400.0,546.828125,1343.781982421875,,2063.23291015625,181.97154235839844,6234.2158203125,3386.847900390625,834.1594848632812,18377.78125,4018.34326171875,305.76239013671875
2022-06-17,,1683.5762939453125,1032.505859375,844.839111328125,,1748.272216796875,1781.0413818359375,5118.59033203125,6546.6845703125,3159.1435546875,3231.892333984375,1151.145751953125,3254.71875,713.6875610351562,65.0,4795.19287109375,,63.0,1622.3565673828125,810.3209838867188,2029.990234375,366.0,178.27053833007812,7858.6904296875,6708.029296875,5845.08056640625,7709.33837890625,1397.6021728515625,16611.009765625,1226.4527587890625,1527.7620849609375,858.805419921875,,4100.0,546.828125,1329.01513671875,,2014.623046875,175.6966552734375,6166.4521484375,3453.914306640625,834.1594848632812,17642.669921875,3892.769775390625,305.76239013671875
2022-06-20,,1637.19677734375,1036.0418701171875,802.788330078125,,1743.4293212890625,1747.2774658203125,5100.17822265625,6655.79638671875,3139.8212890625,3254.079345703125,1139.478759765625,3325.25439453125,743.424560546875,72.0,4938.33251953125,,64.0,1599.311767578125,782.37890625,2021.2779541015625,370.0,178.27053833007812,8249.3271484375,6464.98486328125,5909.31201171875,7587.7392578125,1364.8458251953125,16349.83203125,1235.244384765625,1523.0611572265625,883.3427124023438,,4550.0,563.6536254882812,1310.556640625,,2014.623046875,192.95257568359375,6414.91796875,3386.847900390625,856.95068359375,17765.189453125,4206.703125,331.573486328125
2022-06-21,,1632.558837890625,1071.401611328125,821.9024658203125,,1772.4864501953125,1814.80517578125,5044.94140625,6677.6181640625,3265.414306640625,3239.287841796875,1155.034912109375,3325.25439453125,763.2492065429688,70.0,5081.47314453125,,63.0,1613.138671875,842.9201049804688,2178.10107421875,378.0,181.69879150390625,8410.177734375,6853.85595703125,5887.9013671875,7612.2158203125,1452.1959228515625,17224.783203125,1279.203369140625,1527.7620849609375,883.3427124023438,,4600.0,567.8599243164062,1306.864990234375,,2176.656982421875,185.10897827148438,6460.09326171875,3445.531005859375,866.067138671875,17857.080078125,4227.6318359375,319.6606750488281
2022-06-22,,1618.64501953125,1071.401611328125,814.2567749023438,,1898.4007568359375,1705.07275390625,5008.1171875,6546.6845703125,3149.482421875,3194.91455078125,1158.923828125,3284.94873046875,743.424560546875,67.0,5200.75634765625,,61.0,1562.43994140625,796.3499145507812,2160.67626953125,380.0,181.69879150390625,8479.11328125,6562.20263671875,5973.54345703125,7612.2158203125,1441.2772216796875,17211.724609375,1283.5992431640625,1527.7620849609375,878.4352416992188,,4490.0,551.034423828125,1303.1732177734375,,2225.26708984375,180.40281677246094,6460.09326171875,3395.231201171875,875.1836547851562,17887.708984375,4093.6875,319.6606750488281
2022-06-23,,1558.3516845703125,1039.5777587890625,814.2567749023438,,1927.4580078125,1658.6474609375,5063.35400390625,6568.5068359375,3149.482421875,3187.5185546875,1151.145751953125,3284.94873046875,758.2930297851562,65.0,5391.60986328125,,59.0,1534.7862548828125,763.7507934570312,2326.212158203125,380.0,183.41294860839844,8571.02734375,6221.9404296875,6102.0068359375,7587.73876953125,1446.736572265625,16819.953125,1323.1622314453125,1598.274169921875,883.3427124023438,,4440.0,546.828125,1273.6395263671875,,2209.063720703125,178.83409118652344,6595.61962890625,3487.447509765625,866.067138671875,17933.65234375,4152.2880859375,317.67523193359375
2022-06-24,,1655.7486572265625,1050.1856689453125,810.4340209960938,,1927.4580078125,1662.8680419921875,4916.056640625,6524.86279296875,3149.482421875,3209.705322265625,1155.034912109375,3345.407470703125,743.424560546875,66.0,5487.0361328125,,61.0,1539.39501953125,754.436767578125,2291.3623046875,392.0,183.41294860839844,8662.9423828125,6124.72265625,6059.18603515625,7563.26318359375,1446.736572265625,16819.953125,1358.3292236328125,1607.6756591796875,898.0650634765625,,4440.0,542.6217041015625,1255.180908203125,,2209.063720703125,181.97154235839844,6889.26025390625,3479.064208984375,902.5331420898438,17933.65234375,4249.36767578125,311.71881103515625
2022-06-27,,1586.1793212890625,1046.64990234375,818.0795288085938,,1922.6151123046875,1595.3402099609375,4897.64306640625,6415.75048828125,3110.838623046875,3165.331787109375,1166.701904296875,3315.177734375,753.3367919921875,67.0,5630.1767578125,,58.0,1534.7862548828125,773.0648193359375,2334.924560546875,394.0,185.12709045410156,8731.8779296875,5735.85107421875,6166.23876953125,7734.5986328125,1446.736572265625,16571.833984375,1375.912841796875,1593.5732421875,893.1575927734375,,4150.0,542.6217041015625,1225.6473388671875,,2144.25,181.97154235839844,6618.20751953125,3411.997802734375,934.44091796875,17887.708984375,4240.8525390625,317.67523193359375
2022-06-28,,1530.52392578125,1043.1138916015625,806.6111450195312,,1922.6151123046875,1574.238037109375,4934.46826171875,6372.10546875,3120.49951171875,3180.12255859375,1166.701904296875,3274.871826171875,768.2053833007812,64.0,5510.89306640625,,58.0,1534.7862548828125,852.234130859375,2291.3623046875,392.0,183.41294860839844,8731.8779296875,5662.9375,6209.06005859375,7612.2158203125,1484.9522705078125,16689.36328125,1371.5169677734375,1598.274169921875,907.8800048828125,,4030.0,559.4471435546875,1244.1058349609375,,2176.656982421875,183.54025268554688,6414.91796875,3378.46484375,957.232177734375,18255.26171875,4300.4619140625,309.73333740234375
2022-06-29,,1479.5064697265625,1014.826171875,791.3198852539062,,1927.4580078125,1548.9151611328125,4787.1708984375,6350.28466796875,3101.177490234375,3091.375244140625,1147.2569580078125,3204.336181640625,753.3367919921875,66.0,5654.033203125,,54.0,1534.7862548828125,810.3209838867188,2221.663330078125,390.0,185.12709045410156,8685.9208984375,5614.32861328125,6080.59619140625,7538.7861328125,1474.033447265625,16467.361328125,1367.1212158203125,1588.87255859375,947.1396484375,,3940.0,546.828125,1233.03076171875,,2155.052490234375,180.40281677246094,6595.61962890625,3386.847900390625,948.1156005859375,17474.208984375,4206.78857421875,305.76239013671875
2022-06-30,,1465.5926513671875,1011.2900390625,787.4971313476562,,1975.8865966796875,1519.3717041015625,4879.232421875,6328.46142578125,3033.55078125,3069.1884765625,1131.7008056640625,3194.259521484375,748.3806762695312,67.0,5725.603515625,,54.0,1479.478515625,777.721923828125,2265.22509765625,388.0,181.69879150390625,8777.8349609375,5492.80615234375,6037.77490234375,7440.8798828125,1430.3583984375,16023.3583984375,1353.933349609375,1560.667724609375,961.8619995117188,,3990.0,534.208984375,1173.9635009765625,,2063.23291015625,172.55921936035156,6437.50537109375,3353.31494140625,1002.8145751953125,17397.63671875,4062.020263671875,299.8059997558594
2022-07-01,,1507.3341064453125,961.7863159179688,733.9779663085938,,1946.8294677734375,1477.1669921875,4805.58349609375,6328.46142578125,3033.55078125,3061.792724609375,1104.477783203125,3063.264892578125,723.599853515625,65.0,5654.033203125,,53.0,1437.997802734375,726.4946899414062,2230.375732421875,370.0,181.6988067626953,8594.0048828125,5201.1533203125,6016.36474609375,7269.54345703125,1381.2239990234375,15683.8251953125,1362.72509765625,1584.1717529296875,898.0650634765625,,3960.0,500.5580139160156,1181.3468017578125,,2009.2216796875,161.5781707763672,6211.6279296875,3370.08154296875,998.2564697265625,16233.705078125,4113.11474609375,291.8641052246094
2022-07-04,,1558.3516845703125,979.4662475585938,688.1043090820312,,1859.6580810546875,1451.8441162109375,4787.1708984375,6153.88330078125,2956.2626953125,2987.83642578125,1088.921630859375,2982.65234375,718.6437377929688,66.0,5510.89306640625,,53.0,1428.780029296875,679.9244995117188,2090.977294921875,346.0,179.89979553222656,8479.11328125,5298.37109375,5845.08056640625,7294.02001953125,1364.8458251953125,15696.8828125,1274.807373046875,1537.16357421875,883.3427124023438,,3880.0,487.9388732910156,1144.4298095703125,,1987.6173095703125,156.87200927734375,6143.8642578125,3344.931640625,980.0234375,16249.01953125,4002.410400390625,279.9512939453125
2022-07-05,,1600.0931396484375,1018.362060546875,714.8639526367188,,1917.772216796875,1510.9307861328125,4658.28515625,6328.46142578125,2994.90673828125,3024.814697265625,1088.921630859375,3083.417724609375,703.7752075195312,70.0,5320.0400390625,,54.0,1461.0428466796875,693.8955688476562,2073.552490234375,334.0,183.497802734375,8433.1552734375,5298.37109375,5930.72265625,7245.06689453125,1370.30517578125,17237.841796875,1270.4114990234375,1588.87255859375,883.3427124023438,,4050.0,508.970703125,1188.7303466796875,,2133.44775390625,161.5781707763672,6053.51416015625,3344.931640625,1021.0475463867188,17137.283203125,4053.505126953125,273.994873046875
2022-07-06,,1590.8172607421875,979.4662475585938,726.3323974609375,,1966.200927734375,1451.8441162109375,4474.16259765625,6372.10546875,2956.2626953125,3017.4189453125,1088.921630859375,3033.03515625,708.7313842773438,69.0,5463.1796875,,55.0,1419.56201171875,684.58154296875,1951.5787353515625,324.0,181.6988067626953,8685.9208984375,5079.630859375,5994.95458984375,7171.63720703125,1397.6021728515625,16715.482421875,1279.203369140625,1584.1717529296875,883.3427124023438,,3810.0,487.9388732910156,1129.6629638671875,,2084.837646484375,160.0094451904297,6076.10107421875,3370.08154296875,1030.1640625,16417.486328125,4070.53662109375,275.9803466796875
2022-07-07,,1576.9034423828125,979.4662475585938,733.9779663085938,,1840.28662109375,1451.8441162109375,4382.10205078125,6197.52783203125,2936.940673828125,2995.23193359375,1085.03271484375,2992.728759765625,792.9862060546875,70.0,5391.60986328125,,55.0,1451.8245849609375,670.6104736328125,1969.003662109375,338.0,181.6988067626953,8708.8994140625,4909.49951171875,5909.31201171875,7122.68408203125,1408.5208740234375,16637.12890625,1283.5992431640625,1579.4708251953125,907.8800048828125,,3820.0,479.526123046875,1133.3546142578125,,2079.4365234375,161.5781707763672,5985.75048828125,3386.847900390625,1034.7225341796875,16402.171875,4257.8837890625,277.9658203125
2022-07-08,,1632.558837890625,1000.681884765625,779.8515014648438,,1840.28662109375,1447.6236572265625,4400.5146484375,6241.17236328125,2936.940673828125,3106.16650390625,1085.03271484375,3012.88232421875,778.1176147460938,70.0,5487.0361328125,,55.0,1520.9591064453125,689.2385864257812,2003.85302734375,350.0,179.89979553222656,8662.9423828125,5152.54443359375,6016.36474609375,7122.68408203125,1381.2239990234375,16872.19140625,1274.807373046875,1570.0692138671875,893.1575927734375,,3890.0,479.526123046875,1151.8131103515625,,2122.6455078125,161.9751739501953,6030.92626953125,3361.697998046875,1075.74658203125,16815.671875,4164.2099609375,272.0093994140625
2022-07-11,,1553.713623046875,1000.681884765625,818.0795288085938,,1859.6580810546875,1451.8441162109375,4455.75146484375,6219.35107421875,2898.296875,3047.001708984375,1081.143798828125,3012.88232421875,812.8108520507812,73.0,5439.32275390625,,55.0,1525.5682373046875,754.436767578125,1960.2908935546875,338.0,183.497802734375,8685.9208984375,5006.7177734375,6016.36474609375,7367.44970703125,1397.6021728515625,16389.0078125,1248.43212890625,1598.274169921875,878.4352416992188,,3810.0,483.7325134277344,1170.271728515625,,2090.23876953125,161.9751739501953,5872.81201171875,3386.847900390625,1062.0718994140625,16677.8359375,4087.56787109375,272.0093994140625
2022-07-12,,1544.437744140625,1032.505859375,814.2567749023438,,1869.34375,1468.7259521484375,4492.57568359375,6262.9951171875,2878.974609375,3039.60595703125,1112.255859375,2992.728759765625,817.7669677734375,79.0,5343.896484375,,57.0,1544.004150390625,740.4657592773438,2003.85302734375,330.0,185.2967987060547,8571.02734375,5006.7177734375,6037.77490234375,7318.49658203125,1419.439697265625,17394.548828125,1292.3909912109375,1579.4708251953125,878.4352416992188,,3750.0,487.9388732910156,1177.6551513671875,,2149.651123046875,163.5631561279297,5782.46044921875,3361.697998046875,1043.8389892578125,16494.060546875,4155.6943359375,272.0093994140625
2022-07-13,,1484.1444091796875,1036.0418701171875,802.788330078125,,1874.1866455078125,1451.8441162109375,4290.04150390625,6110.2392578125,2792.02587890625,3002.62744140625,1096.6998291015625,2932.269775390625,867.32861328125,75.0,5391.60986328125,,57.0,1479.478515625,689.2385864257812,2003.85302734375,324.0,181.6988067626953,8548.048828125,4885.1953125,5845.08056640625,7342.9736328125,1386.683349609375,17655.7265625,1283.5992431640625,1588.87255859375,834.26806640625,,3610.0,471.1133728027344,1137.0462646484375,,2176.656982421875,160.38717651367188,5782.46044921875,3303.014892578125,1048.3970947265625,17321.05859375,4172.72607421875,268.0384521484375
2022-07-14,,1539.7998046875,1036.0418701171875,795.1427612304688,,1883.8721923828125,1392.75732421875,4492.57568359375,6132.06103515625,2811.34765625,3010.0234375,1081.143798828125,2932.269775390625,892.1094360351562,75.0,5606.31982421875,,56.0,1497.9144287109375,693.8955688476562,1986.4283447265625,332.0,183.497802734375,8502.091796875,4933.80419921875,5930.72265625,7465.3564453125,1359.3863525390625,17773.259765625,1314.370361328125,1617.0772705078125,853.89794921875,,3570.0,466.9070129394531,1159.1966552734375,,2192.8603515625,158.7991943359375,5895.39990234375,3370.08154296875,1043.8389892578125,18255.26171875,4172.72607421875,270.02392578125
2022-07-15,,1433.126953125,975.9301147460938,776.0287475585938,,1801.543701171875,1299.9068603515625,4382.10205078125,6110.2392578125,2811.34765625,3039.60595703125,1085.03271484375,2891.9638671875,877.2409057617188,75.0,5343.896484375,,55.0,1567.0489501953125,698.5526123046875,2021.2779541015625,320.0,183.497802734375,8594.0048828125,4637.28955078125,5909.31201171875,7294.02001953125,1332.089599609375,17237.841796875,1279.203369140625,1579.4708251953125,878.4352416992188,,3350.0,458.4942932128906,1129.6629638671875,,2128.046630859375,171.5031280517578,5759.873046875,3479.064208984375,1039.2806396484375,17780.50390625,4113.11474609375,264.0675048828125
2022-07-18,,1405.29931640625,986.5379638671875,776.0287475585938,,1791.85791015625,1316.788818359375,4437.3388671875,6241.17236328125,2830.669921875,3061.792724609375,1092.810791015625,2962.499755859375,887.1532592773438,77.0,5487.0361328125,,54.0,1608.5296630859375,679.9244995117188,2038.70263671875,298.0,179.89979553222656,8731.8779296875,4744.2294921875,6037.77490234375,7489.8330078125,1326.630126953125,17250.900390625,1274.807373046875,1555.9669189453125,863.712890625,,3510.0,466.9070129394531,1155.5048828125,,2101.040771484375,173.09112548828125,5872.81201171875,3512.597412109375,1048.3970947265625,17673.298828125,4240.8525390625,266.052978515625
2022-07-19,,1558.3516845703125,1043.1138916015625,841.016357421875,,1801.543701171875,1396.9779052734375,4474.16259765625,6262.9951171875,2821.008544921875,3039.60595703125,1116.144775390625,2992.728759765625,902.021728515625,79.0,5534.75048828125,,56.0,1686.882080078125,731.1517333984375,2178.10107421875,302.0,179.89979553222656,8685.9208984375,5006.7177734375,6123.41748046875,7489.8330078125,1359.3863525390625,17629.609375,1296.786865234375,1598.274169921875,902.9725341796875,,3770.0,487.9388732910156,1170.271728515625,,2149.651123046875,176.26710510253906,5917.9873046875,3487.447509765625,1048.3970947265625,17826.44921875,4232.33642578125,260.0965881347656
2022-07-20,,1632.558837890625,1067.865478515625,837.193603515625,,1791.85791015625,1430.74169921875,4621.4609375,6459.3955078125,2965.923828125,3180.12255859375,1139.478759765625,3184.18310546875,921.8463745117188,83.0,5630.1767578125,,56.0,1709.927001953125,814.9779663085938,2204.23828125,308.0,183.497802734375,8685.9208984375,5006.7177734375,6080.59619140625,7440.8798828125,1397.6021728515625,17786.318359375,1349.5374755859375,1626.47900390625,922.602294921875,,3830.0,496.3515930175781,1185.03857421875,,2176.656982421875,184.20704650878906,5872.81201171875,3529.36376953125,1039.2806396484375,18484.984375,4232.33642578125,260.0965881347656
2022-07-21,,1586.1793212890625,1067.865478515625,841.016357421875,,1777.329345703125,1413.85986328125,4547.81298828125,6459.3955078125,2985.24560546875,3187.5185546875,1143.3677978515625,3184.18310546875,931.7587890625,83.0,5725.603515625,,57.0,1719.1448974609375,814.9779663085938,2143.25146484375,300.0,181.6988067626953,8731.8779296875,5055.32666015625,6144.828125,7636.6923828125,1419.439697265625,17838.5546875,1362.72509765625,1579.4708251953125,898.0650634765625,,3780.0,496.3515930175781,1166.5799560546875,,2171.255859375,182.61904907226562,5895.39990234375,3571.2802734375,1043.8389892578125,18377.78125,4257.8837890625,268.0384521484375
2022-07-22,,1641.8348388671875,1071.401611328125,825.7252197265625,,1816.072265625,1502.4898681640625,4474.16259765625,6393.92919921875,2975.58447265625,3157.93603515625,1139.478759765625,3164.02978515625,926.8026123046875,86.0,5654.033203125,,60.0,1806.71533203125,884.833251953125,2143.25146484375,308.0,181.6988067626953,8639.9638671875,5541.41552734375,6037.77490234375,7563.26318359375,1408.5208740234375,18321.736328125,1336.3499755859375,1612.3765869140625,902.9725341796875,,4030.0,492.1452331542969,1185.03857421875,,2187.458984375,185.79502868652344,5895.39990234375,3546.13037109375,1043.8389892578125,18423.728515625,4257.8837890625,270.02392578125
2022-07-25,,1614.0069580078125,1096.1533203125,837.193603515625,,1825.7579345703125,1481.387451171875,4474.16259765625,6372.10546875,2936.940673828125,3143.14453125,1135.58984375,3133.800537109375,916.8902587890625,93.0,5701.74658203125,,61.0,1714.535888671875,898.8043212890625,2134.5390625,300.0,183.497802734375,8685.9208984375,5419.8935546875,6016.36474609375,7489.8330078125,1430.3583984375,18308.677734375,1345.1416015625,1588.87255859375,922.602294921875,,3920.0,479.526123046875,1181.3468017578125,,2192.8603515625,184.20704650878906,5872.81201171875,3554.513671875,1062.0718994140625,18730.021484375,4198.2734375,266.052978515625
2022-07-26,,1562.9896240234375,1117.369384765625,825.7252197265625,,1830.600830078125,1510.9307861328125,4492.57568359375,6372.10546875,2965.923828125,3202.31005859375,1131.7008056640625,3224.4892578125,877.2409057617188,107.0,5582.46337890625,,61.0,1659.228271484375,1024.5438232421875,2073.552490234375,292.0,183.497802734375,8616.984375,5541.41552734375,5994.95458984375,7489.8330078125,1381.2239990234375,18595.97265625,1345.1416015625,1593.5732421875,902.9725341796875,,3920.0,492.1452331542969,1173.9635009765625,,2209.063720703125,188.97103881835938,5940.5751953125,3562.897216796875,1062.0718994140625,18745.3359375,4198.2734375,262.08203125
2022-07-27,,1549.0758056640625,1159.80126953125,844.839111328125,,1849.9722900390625,1506.7103271484375,4492.57568359375,6393.92919921875,3004.5673828125,3194.91455078125,1135.58984375,3264.795166015625,906.9779663085938,108.0,5630.1767578125,,57.0,1659.228271484375,973.316650390625,2064.83984375,294.0,181.6988067626953,8525.0712890625,5492.80615234375,5994.95458984375,7514.31005859375,1419.439697265625,20319.759765625,1336.3499755859375,1588.87255859375,893.1575927734375,,3930.0,504.7643737792969,1196.1136474609375,,2306.283935546875,184.20704650878906,5805.048828125,3604.813232421875,1093.9796142578125,19051.634765625,4019.4423828125,264.0675048828125
2022-07-28,,1688.21435546875,1159.80126953125,886.8900146484375,,1825.7579345703125,1688.1907958984375,4455.75146484375,6415.75048828125,3023.889404296875,3224.4970703125,1139.478759765625,3244.64208984375,902.021728515625,113.0,5487.0361328125,,56.0,1719.1448974609375,1015.2297973632812,2073.552490234375,306.0,185.2967987060547,8249.3271484375,6003.2001953125,5909.31201171875,7636.6923828125,1424.8990478515625,20463.40625,1336.3499755859375,1570.0692138671875,863.712890625,,4140.0,517.3834228515625,1244.1058349609375,,2306.283935546875,184.20704650878906,5805.048828125,3554.513671875,1084.863037109375,19174.150390625,3840.611328125,270.02392578125
2022-07-29,,1711.404052734375,1149.1932373046875,955.7003784179688,,1816.072265625,1650.2066650390625,4658.28515625,6415.75048828125,3033.55078125,3224.4970703125,1143.3677978515625,3335.331298828125,892.1094360351562,113.0,5343.896484375,,57.0,1728.3626708984375,964.0025634765625,2064.83984375,296.0,185.2967987060547,8111.455078125,5930.28662109375,5823.66943359375,7440.8798828125,1457.6552734375,20685.41015625,1270.4114990234375,1523.0611572265625,873.5277709960938,,4060.0,513.1771240234375,1240.4141845703125,,2322.487548828125,174.67910766601562,5895.39990234375,3546.13037109375,1071.1884765625,19786.74609375,3840.611328125,266.052978515625
2022-08-01,,1669.6624755859375,1184.552978515625,963.3460693359375,,1820.9151611328125,1755.718505859375,4768.7578125,6546.6845703125,3072.194580078125,3224.4970703125,1155.034912109375,3214.41259765625,956.5396118164062,115.0,5606.31982421875,,58.0,1723.75390625,926.7464599609375,2099.689453125,286.0,183.497802734375,8180.390625,6173.33154296875,5909.31201171875,7440.8798828125,1479.4927978515625,21286.12109375,1296.786865234375,1490.1556396484375,912.7874755859375,,4130.0,525.7962036132812,1244.1058349609375,,2311.68505859375,181.0310821533203,5827.63671875,3604.813232421875,1084.863037109375,19710.169921875,3874.674560546875,268.0384521484375
2022-08-02,,1553.713623046875,1124.4412841796875,955.7003784179688,,1859.6580810546875,1683.9703369140625,4768.7578125,6633.97412109375,3120.49951171875,3254.079345703125,1151.145751953125,3295.024658203125,946.627197265625,115.0,5630.1767578125,,57.0,1696.0999755859375,950.0315551757812,2090.977294921875,286.0,181.6988067626953,8453.541015625,5881.677734375,5978.91748046875,7514.31005859375,1484.9522705078125,20763.765625,1296.786865234375,1494.8563232421875,981.4918823242188,,4110.0,504.7643737792969,1236.7225341796875,,2263.074951171875,185.79502868652344,5827.63671875,3730.562744140625,1080.3048095703125,20138.986328125,3917.252685546875,264.0675048828125
2022-08-03,,1576.9034423828125,1170.408935546875,982.4599609375,,1888.715087890625,1662.8680419921875,4860.81982421875,6655.79638671875,3139.8212890625,3239.287841796875,1158.923828125,3325.25439453125,986.2765502929688,107.0,5630.1767578125,,57.0,1774.4525146484375,1015.2297973632812,2247.80029296875,296.0,181.6988067626953,8288.708984375,5930.28662109375,5867.37060546875,7514.31005859375,1572.3023681640625,21024.9453125,1283.5992431640625,1494.8563232421875,912.7874755859375,,4100.0,517.3834228515625,1251.4892578125,,2284.679443359375,188.97103881835938,5850.22412109375,3772.4794921875,1103.0960693359375,20797.521484375,3908.737060546875,260.0965881347656
2022-08-04,,1525.885986328125,1127.977294921875,986.3585815429688,,1816.072265625,1662.8680419921875,4860.81982421875,6808.552734375,3091.5166015625,3224.4970703125,1151.145751953125,3325.25439453125,996.1888427734375,101.0,5558.60693359375,,60.0,1917.3306884765625,991.9446411132812,2256.512939453125,296.0,179.89979553222656,8406.4462890625,5930.28662109375,5934.29833984375,7636.6923828125,1561.383544921875,20580.935546875,1318.7662353515625,1499.55712890625,912.7874755859375,,3970.0,504.7643737792969,1203.4971923828125,,2219.865966796875,200.0869598388672,6098.689453125,3814.3955078125,1144.120361328125,20338.076171875,3917.252685546875,256.1256408691406
2022-08-05,,1516.610107421875,1106.7613525390625,935.67626953125,,1791.85791015625,1705.07275390625,4879.232421875,6874.01904296875,3188.126220703125,3224.4970703125,1170.5908203125,3325.25439453125,1006.1011962890625,107.0,5487.0361328125,,60.0,1917.3306884765625,991.9446411132812,2265.22509765625,296.0,197.88980102539062,8288.708984375,5930.28662109375,5911.9892578125,7636.6923828125,1572.3023681640625,20763.765625,1331.953857421875,1494.8563232421875,942.232177734375,,4070.0,514.234619140625,1181.3468017578125,,2225.26708984375,195.32301330566406,6143.8642578125,3898.228515625,1148.6787109375,19909.265625,4019.4423828125,258.1111145019531
2022-08-08,,1502.6962890625,1089.08154296875,920.0816650390625,,1791.85791015625,1738.8365478515625,4934.46826171875,6874.01904296875,3188.126220703125,3231.892333984375,1197.81396484375,3365.560546875,1030.8819580078125,113.0,5582.46337890625,,61.0,1898.8946533203125,1019.8867797851562,2282.650146484375,282.0,196.09080505371094,8288.708984375,6149.02685546875,5911.9892578125,7636.6923828125,1572.3023681640625,20685.41015625,1340.7457275390625,1518.3604736328125,961.8619995117188,,4240.0,505.5187683105469,1210.8804931640625,,2182.057861328125,195.32301330566406,6324.56689453125,3940.144775390625,1144.120361328125,19848.00390625,4079.052734375,256.1256408691406
2022-08-09,,1549.0758056640625,1106.7613525390625,943.4734497070312,,1767.6435546875,1840.1280517578125,4971.29296875,6895.8408203125,3265.414306640625,3261.474609375,1205.5919189453125,3415.943115234375,1016.0135498046875,140.0,5463.1796875,,70.0,1944.9842529296875,1005.9157104492188,2273.937744140625,280.0,192.4927978515625,8218.06640625,6562.20263671875,5845.06103515625,7612.2158203125,1550.4649658203125,21011.8828125,1345.1416015625,1490.1556396484375,966.7694702148438,,4190.0,509.8767395019531,1192.4219970703125,,2198.261474609375,193.73501586914062,6279.390625,3889.844970703125,1148.6787109375,19832.6875,4019.4423828125,258.1111145019531
2022-08-10,,1521.248046875,1110.2974853515625,920.0816650390625,,1782.172119140625,1789.4822998046875,5044.94140625,6895.8408203125,3275.075439453125,3187.5185546875,1190.035888671875,3466.32568359375,1050.706787109375,133.0,5534.75048828125,,67.0,2009.509765625,977.9735717773438,2369.77392578125,280.0,181.6988067626953,8218.06640625,6392.07177734375,5911.9892578125,7612.2158203125,1555.9241943359375,21051.060546875,1318.7662353515625,1504.2579345703125,947.1396484375,,4190.0,540.3821411132812,1181.3468017578125,,2252.272705078125,195.32301330566406,6324.56689453125,3822.779052734375,1148.6787109375,19817.37109375,4070.53662109375,254.14016723632812
2022-08-11,,1641.8348388671875,1113.83349609375,947.3722534179688,,1782.172119140625,1890.773681640625,5118.59033203125,6939.486328125,3294.3974609375,3217.10107421875,1225.0369873046875,3436.09619140625,1050.706787109375,143.0,5391.60986328125,,72.0,2074.035400390625,1047.828857421875,2395.9111328125,296.0,185.2967987060547,8359.3515625,6732.33349609375,5889.6796875,7563.26318359375,1566.8428955078125,19640.693359375,1331.953857421875,1490.1556396484375,961.8619995117188,,4470.0,544.7401123046875,1192.4219970703125,,2241.470703125,196.91099548339844,6256.8037109375,3831.162353515625,1153.2366943359375,19541.708984375,4044.989013671875,258.1111145019531
2022-08-12,,1674.300537109375,1127.977294921875,927.8790893554688,,1791.85791015625,1873.891845703125,5118.59033203125,6917.6630859375,3294.3974609375,3194.91455078125,1263.9271240234375,3415.943115234375,1016.0135498046875,133.0,5415.46630859375,,75.0,1935.76611328125,1057.142822265625,2413.3359375,292.0,183.497802734375,8170.97265625,6805.2470703125,5911.9892578125,7636.6923828125,1605.0587158203125,19719.046875,1327.5579833984375,1518.3604736328125,1001.1216430664062,,4380.0,549.0979614257812,1203.4971923828125,,2241.470703125,193.73501586914062,6347.15478515625,3814.3955078125,1130.445556640625,19357.927734375,4062.020263671875,254.14016723632812
2022-08-15,,1655.7486572265625,1117.369384765625,923.9802856445312,,1772.4864501953125,1797.9232177734375,5063.35400390625,6939.486328125,3304.05810546875,3180.12255859375,1232.81494140625,3405.86669921875,956.5396118164062,131.0,5320.0400390625,,74.0,1829.7601318359375,1075.7708740234375,2378.486572265625,294.0,187.09579467773438,8359.3515625,6464.98486328125,5911.9892578125,7710.1220703125,1599.599365234375,19483.984375,1318.7662353515625,1499.55712890625,1001.1216430664062,,4300.0,549.0979614257812,1207.1888427734375,,2230.668212890625,192.1470184326172,6256.8037109375,3730.562744140625,1139.5621337890625,19909.265625,4053.505126953125,258.1111145019531
2022-08-16,,1632.558837890625,1113.83349609375,908.3855590820312,,1888.715087890625,1755.718505859375,5137.00244140625,6961.30712890625,3313.71923828125,3165.331787109375,1217.2589111328125,3436.09619140625,966.4518432617188,135.0,5439.32275390625,,74.0,1825.1510009765625,1057.142822265625,2300.07470703125,324.0,187.09579467773438,8241.61328125,6343.462890625,5845.06103515625,7734.5986328125,1599.599365234375,19170.568359375,1323.1622314453125,1537.16357421875,1006.0291137695312,,4230.0,540.3821411132812,1196.1136474609375,,2203.66259765625,181.0310821533203,6211.6279296875,3697.029541015625,1139.5621337890625,19848.00390625,4062.020263671875,258.1111145019531
2022-08-18,,1623.282958984375,1149.1932373046875,904.487060546875,,1927.4580078125,1730.3956298828125,5137.00244140625,6983.13037109375,3342.702392578125,3202.31005859375,1201.702880859375,3466.32568359375,956.5396118164062,143.0,5654.033203125,,75.0,1765.234619140625,1057.142822265625,2265.22509765625,334.0,190.6938018798828,8265.162109375,6197.6357421875,5867.37060546875,7783.5517578125,1599.599365234375,19222.806640625,1419.8717041015625,1537.16357421875,1045.288818359375,,4240.0,540.3821411132812,1210.8804931640625,,2230.668212890625,181.0310821533203,6166.4521484375,3814.3955078125,1116.77099609375,19602.96875,4079.052734375,260.0965881347656
2022-08-19,,1632.558837890625,1149.1932373046875,923.9802856445312,,2024.3150634765625,1738.8365478515625,5137.00244140625,6895.8408203125,3284.736328125,3180.12255859375,1178.368896484375,3426.019775390625,902.021728515625,138.0,5630.1767578125,,77.0,1751.4075927734375,1047.828857421875,2265.22509765625,334.0,190.6938018798828,8194.51953125,6319.158203125,5867.37060546875,7832.5048828125,1643.2744140625,19588.45703125,1415.475830078125,1513.65966796875,1050.1962890625,,4310.0,558.1150512695312,1255.180908203125,,2273.877197265625,184.20704650878906,5940.5751953125,3856.312255859375,1089.4215087890625,19388.560546875,4027.957763671875,260.0965881347656
2022-08-22,,1525.885986328125,1113.83349609375,912.2843627929688,,2024.3150634765625,1675.5294189453125,5100.17822265625,6983.13037109375,3207.4482421875,3157.93603515625,1166.701904296875,3436.09619140625,877.2409057617188,137.0,5677.89013671875,,72.0,1700.708984375,977.9735717773438,2204.23828125,320.0,185.2967987060547,8218.06640625,6027.50439453125,5934.29833984375,7759.07568359375,1572.3023681640625,19301.16015625,1397.8922119140625,1513.65966796875,1001.1216430664062,,4140.0,549.1851806640625,1240.4141845703125,,2214.46484375,182.61904907226562,5963.1630859375,3898.228515625,1125.887451171875,19480.451171875,4044.989013671875,285.9076843261719
2022-08-23,,1562.9896240234375,1184.552978515625,947.3722534179688,,2034.0009765625,1713.513671875,5137.00244140625,6895.8408203125,3207.4482421875,3180.12255859375,1182.2579345703125,3476.40234375,887.1532592773438,145.0,5606.31982421875,,70.0,1737.5806884765625,991.9446411132812,2317.499755859375,326.0,185.2967987060547,8288.708984375,6076.11376953125,5934.29833984375,7881.45849609375,1583.22119140625,19980.2265625,1393.4964599609375,1527.7620849609375,996.2142333984375,,4150.0,656.3433227539062,1325.323486328125,,2295.48193359375,184.20704650878906,6030.92626953125,3906.61181640625,1130.445556640625,19679.541015625,4096.08349609375,281.9367370605469
2022-08-24,,1521.248046875,1205.768798828125,947.3722534179688,,1946.8294677734375,1696.6317138671875,5192.2392578125,6939.486328125,3207.4482421875,3172.7275390625,1174.4798583984375,3476.40234375,857.416259765625,149.0,5606.31982421875,,69.0,1769.843505859375,1019.8867797851562,2326.212158203125,328.0,185.2967987060547,8265.162109375,5978.8955078125,5934.29833984375,7905.93505859375,1577.76171875,20149.9921875,1393.4964599609375,1518.3604736328125,996.2142333984375,,4190.0,687.5977783203125,1317.9400634765625,,2338.69091796875,181.0310821533203,5940.5751953125,3982.061279296875,1121.3291015625,19985.837890625,4130.14697265625,272.0093994140625
2022-08-25,,1507.3341064453125,1205.768798828125,943.4734497070312,,1937.1436767578125,1683.9703369140625,5137.00244140625,7048.59716796875,3197.787353515625,3157.93603515625,1182.2579345703125,3456.249267578125,842.5477905273438,174.0,5606.31982421875,,74.0,1788.2794189453125,1066.4569091796875,2334.924560546875,326.0,187.09579467773438,8265.162109375,5978.8955078125,5867.37060546875,7783.5517578125,1577.76171875,20110.81640625,1393.4964599609375,1513.65966796875,971.6769409179688,,4130.0,692.0626831054688,1347.4737548828125,,2354.894287109375,184.20704650878906,5917.9873046875,3831.162353515625,1121.3291015625,20184.931640625,4121.63134765625,270.02392578125
2022-08-26,,1539.7998046875,1205.768798828125,959.068115234375,,1956.51513671875,1650.2066650390625,5063.35400390625,6983.13037109375,3207.4482421875,3157.93603515625,1182.2579345703125,3426.019775390625,817.7669677734375,171.0,5606.31982421875,,73.0,1788.2794189453125,1131.6552734375,2352.34912109375,318.0,185.2967987060547,8218.06640625,5954.59130859375,5800.4423828125,8077.2705078125,1572.3023681640625,20110.81640625,1397.8922119140625,1523.0611572265625,971.6769409179688,,4160.0,745.6416625976562,1432.3829345703125,,2354.894287109375,181.0310821533203,5917.9873046875,3764.095947265625,1125.887451171875,20276.81640625,3925.768310546875,256.1256408691406
2022-08-29,,1525.885986328125,1223.448974609375,943.4734497070312,,1956.51513671875,1603.7813720703125,5026.5283203125,7114.06396484375,3168.80419921875,3143.14453125,1174.4798583984375,3446.173095703125,827.6792602539062,170.0,5677.89013671875,,88.0,1719.1448974609375,1117.6842041015625,2300.07470703125,320.0,185.2967987060547,8335.8046875,5857.37353515625,5911.9892578125,8175.17724609375,1583.171142578125,20659.294921875,1393.4964599609375,1532.4627685546875,952.047119140625,,4120.0,834.9400634765625,1454.5333251953125,,2354.894287109375,179.44308471679688,5895.39990234375,3789.24560546875,1121.3291015625,20215.560546875,3900.221435546875,246.1982879638672
2022-08-30,,1535.1619873046875,1251.7364501953125,951.270751953125,,1966.200927734375,1675.5294189453125,5081.76611328125,7135.88623046875,3255.75341796875,3150.540283203125,1174.4798583984375,3486.478759765625,832.635498046875,160.0,5606.31982421875,,82.0,1751.4075927734375,1089.741943359375,2378.486572265625,324.0,183.497802734375,8218.06640625,5954.59130859375,5800.4423828125,8199.6533203125,1634.0587158203125,20593.998046875,1380.3087158203125,1532.4627685546875,961.8619995117188,,4290.0,808.1505126953125,1373.315673828125,,2344.092041015625,181.0310821533203,5917.9873046875,3755.712890625,1112.212646484375,20414.654296875,3900.221435546875,242.2273406982422
2022-08-31,,1590.8172607421875,1251.7364501953125,935.67626953125,,2111.48681640625,1679.7498779296875,5137.00244140625,7157.7080078125,3294.3974609375,3209.705322265625,1170.5908203125,3567.091064453125,812.8108520507812,168.0,5606.31982421875,,80.0,1760.62548828125,1038.514892578125,2291.3623046875,302.0,185.2967987060547,7817.759765625,5930.28662109375,5555.0390625,8150.70068359375,1622.750244140625,20528.703125,1393.4964599609375,1579.4708251953125,991.3068237304688,,4280.0,767.96630859375,1358.548828125,,2295.48193359375,179.44308471679688,5963.1630859375,3822.779052734375,1130.445556640625,20736.263671875,3908.737060546875,242.2273406982422
2022-09-01,,1553.713623046875,1308.3123779296875,920.0816650390625,,2014.6295166015625,1633.3245849609375,5100.17822265625,7114.06396484375,3294.3974609375,3246.683837890625,1201.702880859375,3597.32080078125,817.7669677734375,169.0,5606.31982421875,,85.0,1732.9718017578125,1015.2297973632812,2334.924560546875,290.0,183.497802734375,8194.51953125,5808.7646484375,5599.65771484375,8077.2705078125,1611.4420166015625,20998.82421875,1380.3087158203125,1555.9669189453125,991.3068237304688,,4120.0,794.7557373046875,1332.7069091796875,,2290.080810546875,177.85508728027344,5827.63671875,3839.54541015625,1139.5621337890625,20384.021484375,3866.158447265625,244.2128143310547
2022-09-02,,1521.248046875,1336.6002197265625,896.689697265625,,1995.2579345703125,1603.7813720703125,5100.17822265625,7179.53125,3362.0244140625,3291.05712890625,1201.702880859375,3567.091064453125,852.4601440429688,178.0,5654.033203125,,85.0,1700.708984375,1043.171875,2291.3623046875,284.0,185.2967987060547,8218.06640625,5614.32861328125,5711.205078125,8664.7080078125,1600.1336669921875,21142.47265625,1362.72509765625,1574.77001953125,1030.56640625,,3990.0,790.2908325195312,1340.09033203125,,2300.883056640625,177.85508728027344,5805.048828125,3856.312255859375,1139.5621337890625,20766.892578125,3874.674560546875,240.2418670654297
2022-09-05,,1544.437744140625,1424.9996337890625,931.7775268554688,,2034.0009765625,1662.8680419921875,5063.35400390625,7223.17529296875,3419.990234375,3394.5966796875,1221.14794921875,3607.3974609375,847.5039672851562,197.0,5606.31982421875,,89.0,1691.4910888671875,1066.4569091796875,2300.07470703125,282.0,185.2967987060547,8194.51953125,5784.4599609375,5688.89501953125,8542.3251953125,1605.787841796875,22226.3671875,1314.370361328125,1541.864501953125,1001.1216430664062,,4090.0,875.1243896484375,1343.781982421875,,2403.504638671875,176.26710510253906,5895.39990234375,3873.07861328125,1162.353271484375,21042.560546875,3857.642578125,242.2273406982422
2022-09-06,,1535.1619873046875,1428.535400390625,943.4734497070312,,2014.6295166015625,1679.7498779296875,5081.76611328125,7223.17529296875,3381.34619140625,3372.408935546875,1209.48095703125,3557.014892578125,842.5477905273438,216.0,5582.46337890625,,91.0,1700.708984375,1126.998291015625,2282.650146484375,282.0,185.2967987060547,8147.42431640625,6003.2001953125,5666.5859375,8493.373046875,1628.404541015625,23075.201171875,1318.7662353515625,1560.667724609375,971.6769409179688,,4170.0,888.5191040039062,1450.841552734375,,2414.306884765625,174.67910766601562,5895.39990234375,3780.8623046875,1171.4698486328125,21747.04296875,3840.611328125,240.2418670654297
2022-09-07,,1516.610107421875,1421.463623046875,935.67626953125,,2034.0009765625,1645.9859619140625,4897.64306640625,7310.46435546875,3313.71923828125,3298.453125,1197.81396484375,3577.167724609375,827.6792602539062,208.0,5630.1767578125,,89.0,1682.2730712890625,1085.0849609375,2282.650146484375,282.0,185.2967987060547,8053.234375,5954.59130859375,5621.96728515625,8713.662109375,1571.8626708984375,22996.84765625,1305.57861328125,1565.3685302734375,947.1396484375,,4020.0,830.4751586914062,1402.849365234375,,2392.7021484375,171.5031280517578,5917.9873046875,3764.095947265625,1130.445556640625,21486.69140625,3908.737060546875,242.2273406982422
2022-09-08,,1600.0931396484375,1393.17578125,931.7775268554688,,2024.3150634765625,1620.6630859375,4897.64306640625,7288.642578125,3391.007080078125,3401.99169921875,1228.926025390625,3607.3974609375,852.4601440429688,200.0,5558.60693359375,,86.0,1705.31787109375,1085.0849609375,2352.34912109375,286.0,185.2967987060547,8029.6875,6027.50439453125,5577.34814453125,9472.435546875,1628.404541015625,22278.603515625,1292.3909912109375,1565.3685302734375,966.7694702148438,,3950.0,785.8259887695312,1369.6240234375,,2338.69091796875,176.26710510253906,5917.9873046875,3822.779052734375,1130.445556640625,21073.189453125,3849.126708984375,240.2418670654297
2022-09-09,,1558.3516845703125,1396.7119140625,935.67626953125,,2043.686767578125,1667.08837890625,4989.70458984375,7310.46435546875,3400.66796875,3409.387451171875,1221.14794921875,3657.77978515625,862.3724365234375,192.0,5606.31982421875,,87.0,1696.0999755859375,1052.48583984375,2326.212158203125,282.0,185.2967987060547,7959.044921875,6003.2001953125,5555.0390625,9325.576171875,1622.750244140625,22631.1953125,1283.5992431640625,1598.274169921875,976.5844116210938,,3940.0,790.2908325195312,1358.548828125,,2327.888671875,177.85508728027344,5963.1630859375,3856.312255859375,1135.0037841796875,21011.9296875,3832.09521484375,238.2563934326172
2022-09-12,,1581.54150390625,1403.78369140625,939.5748901367188,,2072.743896484375,1671.308837890625,5137.00244140625,7310.46435546875,3400.66796875,3372.408935546875,1193.9249267578125,3698.086181640625,867.32861328125,210.0,5558.60693359375,,87.0,1686.882080078125,1038.514892578125,2300.07470703125,278.0,187.09579467773438,8100.330078125,6270.54931640625,5555.0390625,9447.9599609375,1628.404541015625,22905.43359375,1301.1826171875,1645.2821044921875,1035.4739990234375,,4180.0,830.4751586914062,1384.390869140625,,2344.092041015625,177.85508728027344,5985.75048828125,3806.01220703125,1103.0960693359375,21134.451171875,3874.674560546875,234.28546142578125
2022-09-13,,1651.1107177734375,1417.9276123046875,978.5614013671875,,2150.2294921875,1747.2774658203125,5302.7119140625,7441.39892578125,3468.294921875,3387.20068359375,1197.81396484375,3808.927734375,842.5477905273438,204.0,5463.1796875,,84.0,1673.0552978515625,1080.427978515625,2308.787109375,276.0,188.89479064941406,8029.6875,6537.89794921875,5532.7294921875,9399.005859375,1651.0213623046875,22748.728515625,1309.974609375,1687.58935546875,1001.1216430664062,,4360.0,839.4049682617188,1380.69921875,,2360.29541015625,176.26710510253906,6076.10107421875,3789.24560546875,1089.4215087890625,21042.560546875,3976.863037109375,236.27093505859375
2022-09-14,,1818.076904296875,1417.9276123046875,1072.129150390625,,2179.28662109375,1789.4822998046875,5265.8876953125,7419.576171875,3439.312255859375,3387.20068359375,1193.9249267578125,3748.46875,822.72314453125,196.0,5343.896484375,,82.0,1663.837158203125,1061.7998046875,2256.512939453125,272.0,187.09579467773438,8029.6875,6562.20263671875,5555.0390625,9301.099609375,1611.4420166015625,22748.728515625,1314.370361328125,1687.58935546875,1030.56640625,,4340.0,870.659423828125,1358.548828125,,2354.894287109375,174.67910766601562,6008.33837890625,3755.712890625,1089.4215087890625,20828.15234375,3942.7998046875,234.28546142578125
2022-09-15,,1780.973388671875,1435.6075439453125,1099.4195556640625,,2256.7724609375,1747.2774658203125,5192.2392578125,7637.7978515625,3545.5830078125,3409.387451171875,1248.37109375,3768.62158203125,817.7669677734375,190.0,5296.18310546875,,77.0,1622.3565673828125,1061.7998046875,2247.80029296875,266.0,188.89479064941406,8100.330078125,6464.98486328125,5510.42041015625,9301.099609375,1622.750244140625,22983.791015625,1305.57861328125,1725.19580078125,1074.7335205078125,,4340.0,892.9840087890625,1362.2406005859375,,2381.900146484375,177.85508728027344,5985.75048828125,3772.4794921875,1084.863037109375,21379.486328125,3917.252685546875,234.28546142578125
2022-09-16,,1725.31787109375,1389.6396484375,1048.7373046875,,2159.915283203125,1721.95458984375,5081.76611328125,7375.931640625,3458.63427734375,3328.03515625,1225.0369873046875,3667.856689453125,807.8546752929688,180.0,5248.47021484375,,72.0,1687.0660400390625,1071.1138916015625,2178.10107421875,248.0,190.6938018798828,8147.42431640625,6343.462890625,5621.96728515625,9056.3349609375,1594.4794921875,22683.43359375,1336.3499755859375,1786.306396484375,1060.01123046875,,4220.0,861.7296752929688,1351.16552734375,,2333.289794921875,176.26710510253906,6211.6279296875,3697.029541015625,1084.863037109375,21027.24609375,3942.7998046875,232.29998779296875
2022-09-19,,1646.47265625,1382.5677490234375,1095.52099609375,,2179.28662109375,1730.3956298828125,5247.4755859375,7550.509765625,3468.294921875,3379.804931640625,1225.0369873046875,3718.2392578125,797.9423217773438,168.0,5320.0400390625,,67.0,1640.844970703125,1038.514892578125,2221.663330078125,242.0,190.6938018798828,8194.51953125,6343.462890625,5532.7294921875,9105.2861328125,1622.750244140625,22082.720703125,1323.1622314453125,1762.80224609375,1079.6409912109375,,4170.0,866.1945190429688,1343.781982421875,,2279.278564453125,176.26710510253906,6324.56689453125,3772.4794921875,1089.4215087890625,21011.9296875,3917.252685546875,236.27093505859375
2022-09-20,,1646.47265625,1375.495849609375,1111.115478515625,,2169.600830078125,1730.3956298828125,5284.2998046875,7463.22021484375,3468.294921875,3320.639892578125,1225.0369873046875,3708.16259765625,797.9423217773438,168.0,5296.18310546875,,66.0,1594.6240234375,987.28759765625,2221.663330078125,266.0,188.89479064941406,8359.3515625,6294.853515625,5532.7294921875,8884.998046875,1588.8251953125,21991.306640625,1309.974609375,1739.2982177734375,1113.9932861328125,,4170.0,852.7997436523438,1317.9400634765625,,2268.47607421875,176.26710510253906,6505.2685546875,3755.712890625,1103.0960693359375,20920.04296875,4027.957763671875,230.31451416015625
2022-09-21,,1623.282958984375,1382.5677490234375,1107.216796875,,2227.71533203125,1755.718505859375,5265.8876953125,7397.75341796875,3468.294921875,3365.013671875,1213.3699951171875,3738.391845703125,802.8984375,157.0,5367.75341796875,,62.0,1599.24609375,1024.5438232421875,2195.52587890625,264.0,188.89479064941406,8194.51953125,6440.6806640625,5577.34814453125,8762.6142578125,1566.2086181640625,22213.3125,1327.5579833984375,1729.896728515625,1118.9007568359375,,4140.0,857.2647094726562,1336.398681640625,,2273.877197265625,174.67910766601562,6505.2685546875,3713.796142578125,1084.863037109375,21027.24609375,4096.08349609375,224.3581085205078
2022-09-22,,1757.7835693359375,1449.751220703125,1134.5074462890625,,2237.401123046875,1755.718505859375,5284.2998046875,7397.75341796875,3477.9560546875,3372.408935546875,1217.2589111328125,3708.16259765625,837.5916137695312,157.0,5415.46630859375,,65.0,1576.1356201171875,1061.7998046875,2221.663330078125,264.0,188.89479064941406,8312.255859375,6464.98486328125,5577.34814453125,8909.474609375,1628.404541015625,22866.2578125,1327.5579833984375,1743.9991455078125,1099.2708740234375,,4240.0,884.0541381835938,1354.857177734375,,2344.092041015625,171.5031280517578,6573.03173828125,3713.796142578125,1107.6541748046875,21502.005859375,4096.08349609375,228.32904052734375
2022-09-23,,1720.6800537109375,1432.0716552734375,1091.622314453125,,2314.88671875,1721.95458984375,5265.8876953125,7310.46435546875,3477.9560546875,3313.244384765625,1213.3699951171875,3708.16259765625,827.6792602539062,147.0,5439.32275390625,,61.0,1553.0250244140625,1052.48583984375,2178.10107421875,264.0,187.09579467773438,8477.0888671875,6440.6806640625,5532.7294921875,9080.8115234375,1662.32958984375,22592.017578125,1323.1622314453125,1734.597412109375,1060.01123046875,,4210.0,888.5191040039062,1314.248291015625,,2322.487548828125,171.5031280517578,6708.55859375,3671.8798828125,1093.9796142578125,20828.15234375,4096.08349609375,230.31451416015625
2022-09-26,,1623.282958984375,1364.8878173828125,1017.5479125976562,,2285.82958984375,1662.8680419921875,5137.00244140625,7354.10888671875,3477.9560546875,3357.6181640625,1205.5919189453125,3728.316162109375,857.416259765625,137.0,5391.60986328125,,57.0,1488.315673828125,1010.57275390625,2143.25146484375,256.0,185.2967987060547,8547.7314453125,6319.158203125,5532.7294921875,8909.474609375,1690.6005859375,21573.41796875,1340.7457275390625,1739.2982177734375,1099.2708740234375,,4100.0,830.4751586914062,1255.180908203125,,2241.470703125,168.32711791992188,6708.55859375,3738.946044921875,1093.9796142578125,20399.33984375,4079.052734375,222.3726348876953
2022-09-27,,1692.8521728515625,1382.5677490234375,1072.129150390625,,2285.82958984375,1658.6474609375,5118.59033203125,7244.99755859375,3477.9560546875,3350.222412109375,1178.368896484375,3768.62158203125,827.6792602539062,140.0,5463.1796875,,59.0,1497.5599365234375,1001.2586669921875,2204.23828125,252.0,188.89479064941406,8335.8046875,6392.07177734375,5488.11083984375,8860.521484375,1684.9464111328125,21808.484375,1327.5579833984375,1739.2982177734375,1094.3634033203125,,4080.0,803.6856689453125,1292.09814453125,,2252.272705078125,163.5631561279297,6776.3212890625,3722.179443359375,1098.5379638671875,20460.59765625,4087.56787109375,224.3581085205078
2022-09-28,,1623.282958984375,1368.423828125,1044.8385009765625,,2305.201171875,1624.8837890625,5008.1171875,7266.81982421875,3477.9560546875,3342.826904296875,1170.5908203125,3748.46875,822.72314453125,132.0,5367.75341796875,,57.0,1465.2052001953125,931.4033813476562,2178.10107421875,258.0,185.2967987060547,8288.708984375,6076.11376953125,5443.49169921875,8713.662109375,1651.0213623046875,21547.30078125,1309.974609375,1711.093505859375,1030.56640625,,3850.0,776.8961181640625,1273.6395263671875,,2241.470703125,163.5631561279297,6685.970703125,3747.329345703125,1121.3291015625,20215.560546875,4096.08349609375,226.3435821533203
2022-09-29,,1669.6624755859375,1396.7119140625,1037.0411376953125,,2324.572509765625,1620.6630859375,4989.70458984375,7310.46435546875,3468.294921875,3313.244384765625,1139.478759765625,3728.316162109375,807.8546752929688,133.0,5415.46630859375,,56.0,1442.0947265625,903.4613647460938,2134.5390625,250.0,183.497802734375,8335.8046875,6076.11376953125,5376.56396484375,8884.998046875,1662.32958984375,21677.89453125,1301.1826171875,1720.4949951171875,1040.38134765625,,3880.0,799.2207641601562,1262.564453125,,2236.0693359375,165.15115356445312,6776.3212890625,3722.179443359375,1139.5621337890625,20292.134765625,4130.14697265625,224.3581085205078
2022-09-30,,1669.6624755859375,1400.2479248046875,1052.6357421875,,2314.88671875,1637.545166015625,4879.232421875,7463.22021484375,3468.294921875,3320.639892578125,1155.034912109375,3798.8515625,788.030029296875,137.0,5391.60986328125,,58.0,1405.117919921875,926.7464599609375,2143.25146484375,246.0,185.2967987060547,8147.42431640625,6221.9404296875,5376.56396484375,8860.521484375,1639.712890625,21638.71484375,1331.953857421875,1720.4949951171875,1040.38134765625,,3940.0,817.0804443359375,1295.789794921875,,2252.272705078125,163.5631561279297,6753.7333984375,3738.946044921875,1125.887451171875,20108.357421875,4113.11474609375,222.3726348876953
2022-10-03,,1692.8521728515625,1400.2479248046875,1048.7373046875,,2305.201171875,1595.3402099609375,4879.232421875,7419.576171875,3439.312255859375,3350.222412109375,1151.145751953125,3738.391845703125,778.1176147460938,142.0,5367.75341796875,,60.0,1460.5831298828125,884.833251953125,2134.5390625,238.0,183.497802734375,8218.06640625,6003.2001953125,5376.56396484375,9056.3349609375,1673.6380615234375,22017.42578125,1318.7662353515625,1701.69189453125,1030.56640625,,3890.0,830.4751586914062,1281.02294921875,,2246.87158203125,158.7991943359375,6731.14599609375,3738.946044921875,1125.887451171875,20215.560546875,4130.14697265625,224.3581085205078
2022-10-04,,1739.231689453125,1456.8232421875,1095.52099609375,,2324.572509765625,1624.8837890625,4952.8798828125,7463.22021484375,3419.990234375,3431.57470703125,1166.701904296875,3718.2392578125,763.2492065429688,153.0,5272.32666015625,,63.0,1432.8507080078125,894.1473388671875,2178.10107421875,238.0,187.09579467773438,8029.6875,6367.76708984375,5398.873046875,9447.9599609375,1645.3670654296875,23062.146484375,1305.57861328125,1706.3927001953125,1001.1216430664062,,3960.0,870.659423828125,1303.1732177734375,,2290.080810546875,160.38717651367188,6731.14599609375,3722.179443359375,1112.212646484375,20705.634765625,4147.17822265625,224.3581085205078
2022-10-05,,1729.955810546875,1442.679443359375,1103.318359375,,2314.88671875,1637.545166015625,4916.056640625,7375.931640625,3419.990234375,3357.6181640625,1147.2569580078125,3738.391845703125,797.9423217773438,165.0,5272.32666015625,,67.0,1502.181884765625,889.490234375,2212.95068359375,242.0,185.2967987060547,8147.42431640625,6537.89794921875,5376.56396484375,9178.716796875,1605.787841796875,22774.84375,1287.9951171875,1734.597412109375,1010.9365844726562,,3950.0,852.7997436523438,1303.1732177734375,,2273.877197265625,173.09112548828125,6618.20751953125,3738.946044921875,1103.0960693359375,20764.017578125,4113.11474609375,230.31451416015625
2022-10-06,,1748.5076904296875,1449.751220703125,1095.52099609375,,2314.88671875,1629.1041259765625,4860.81982421875,7354.10888671875,3439.312255859375,3335.43115234375,1127.8118896484375,3758.544921875,802.8984375,163.0,5081.47314453125,,66.0,1525.29248046875,884.833251953125,2221.663330078125,246.0,185.2967987060547,8312.255859375,6537.89794921875,5443.49169921875,9325.576171875,1600.1336669921875,22618.138671875,1257.2239990234375,1739.2982177734375,1050.1962890625,,3890.0,843.8699340820312,1303.1732177734375,,2284.679443359375,181.0310821533203,6618.20751953125,3713.796142578125,1103.0960693359375,20622.767578125,4172.72607421875,224.3581085205078
2022-10-07,,1743.8697509765625,1463.8953857421875,1064.33154296875,,2256.7724609375,1633.3245849609375,4768.7578125,7157.7080078125,3391.007080078125,3283.662109375,1162.8128662109375,3798.8515625,797.9423217773438,186.0,5057.61669921875,,70.0,1520.67041015625,870.8622436523438,2195.52587890625,244.0,183.497802734375,8382.8984375,6610.8115234375,5421.1826171875,9056.3349609375,1543.591796875,22879.318359375,1248.43212890625,1734.597412109375,1094.3634033203125,,3890.0,839.4049682617188,1295.789794921875,,2317.08642578125,176.26710510253906,6527.85595703125,3646.72998046875,1093.9796142578125,20716.93359375,4121.63134765625,222.3726348876953
2022-10-10,,1697.490234375,1386.103759765625,1037.0411376953125,,2314.88671875,1612.2222900390625,4787.1708984375,7244.99755859375,3381.34619140625,3231.892333984375,1162.8128662109375,3748.46875,783.0738525390625,176.0,5176.8994140625,,66.0,1520.67041015625,889.490234375,2178.10107421875,242.0,183.497802734375,8429.994140625,6489.2890625,5465.80126953125,8884.998046875,1549.2459716796875,21886.833984375,1270.4114990234375,1781.60546875,1055.103759765625,,3750.0,884.0541381835938,1347.4737548828125,,2241.470703125,171.5031280517578,6640.794921875,3705.412841796875,1125.887451171875,20277.484375,4087.56787109375,222.3726348876953
2022-10-11,,1646.47265625,1389.6396484375,1099.4195556640625,,2266.458251953125,1599.5609130859375,4805.58349609375,7201.3525390625,3362.0244140625,3276.26611328125,1155.034912109375,3748.46875,817.7669677734375,164.0,5272.32666015625,,63.0,1506.80419921875,903.4613647460938,2186.8134765625,228.0,183.497802734375,8477.0888671875,6367.76708984375,5465.80126953125,8689.185546875,1549.2459716796875,21782.36328125,1270.4114990234375,1725.19580078125,1133.6231689453125,,3760.0,870.659423828125,1329.01513671875,,2279.278564453125,173.09112548828125,6798.9091796875,3613.196533203125,1112.212646484375,20214.70703125,4027.957763671875,218.40170288085938
2022-10-12,,1618.64501953125,1414.3916015625,1130.6087646484375,,2314.88671875,1586.8994140625,4740.63232421875,7266.81982421875,3342.702392578125,3254.079345703125,1139.478759765625,3798.8515625,802.8984375,170.0,5224.61279296875,,66.0,1437.47265625,884.833251953125,2134.5390625,218.0,181.6988067626953,8429.994140625,6392.07177734375,5421.1826171875,8738.138671875,1554.900146484375,21978.248046875,1257.2239990234375,1786.306396484375,1167.9752197265625,,3730.0,888.5191040039062,1354.857177734375,,2300.883056640625,166.73915100097656,6776.3212890625,3638.3466796875,1093.9796142578125,20308.873046875,4079.052734375,210.45982360839844
2022-10-13,,1614.0069580078125,1421.463623046875,1099.4195556640625,,2411.743896484375,1544.694580078125,4740.63232421875,7223.17529296875,3381.34619140625,3217.10107421875,1143.3677978515625,3819.004150390625,788.030029296875,169.0,5224.61279296875,,65.0,1428.228515625,926.7464599609375,2151.964111328125,212.0,183.497802734375,8335.8046875,6343.462890625,5398.873046875,8762.6142578125,1492.7042236328125,22200.25,1252.8280029296875,1748.699951171875,1177.7901611328125,,3750.0,884.0541381835938,1354.857177734375,,2295.48193359375,169.91513061523438,6640.794921875,3604.813232421875,1093.9796142578125,20214.70703125,4121.63134765625,200.532470703125
2022-10-14,,1586.1793212890625,1396.7119140625,1122.8115234375,,2431.115234375,1536.253662109375,4740.63232421875,7201.3525390625,3255.75341796875,3157.93603515625,1143.3677978515625,3788.774658203125,788.030029296875,162.0,5057.61669921875,,63.0,1400.4957275390625,917.432373046875,2073.552490234375,202.0,183.497802734375,8194.51953125,6513.59326171875,5398.873046875,8640.2314453125,1419.1998291015625,22004.365234375,1226.4527587890625,1734.597412109375,1167.9752197265625,,3660.0,901.9138793945312,1329.01513671875,,2284.679443359375,165.15115356445312,6505.2685546875,3596.43017578125,1071.1884765625,21187.7734375,4096.08349609375,192.59059143066406
2022-10-17,,1609.369140625,1400.2479248046875,1099.4195556640625,,2421.4296875,1523.5921630859375,4796.62451171875,7201.3525390625,3313.71923828125,3180.12255859375,1151.145751953125,3808.927734375,783.0738525390625,163.0,5105.32958984375,,62.0,1400.4957275390625,894.1473388671875,2090.977294921875,208.0,183.497802734375,8312.255859375,6392.07177734375,5465.80126953125,8738.138671875,1424.85400390625,22174.1328125,1217.6607666015625,1814.51123046875,1138.5306396484375,,3600.0,897.4489135742188,1354.857177734375,,2295.48193359375,165.15115356445312,6776.3212890625,3629.963134765625,1057.5135498046875,20654.15234375,4113.11474609375,208.47434997558594
2022-10-18,,1614.0069580078125,1364.8878173828125,1122.8115234375,,2615.143798828125,1515.1512451171875,4740.63232421875,7244.99755859375,3352.363037109375,3172.7275390625,1147.2569580078125,3829.0810546875,788.030029296875,168.0,5200.75634765625,,64.0,1377.38525390625,922.0894165039062,2160.67626953125,206.0,181.6988067626953,8429.994140625,6464.98486328125,5510.42041015625,8591.279296875,1430.5081787109375,21886.833984375,1248.43212890625,1786.306396484375,1118.9007568359375,,3620.0,870.659423828125,1354.857177734375,,2138.848876953125,168.32711791992188,6798.9091796875,3562.897216796875,1021.0475463867188,20089.146484375,4172.72607421875,202.5179443359375
2022-10-19,,1632.558837890625,1357.81591796875,1130.6087646484375,,2508.60107421875,1540.47412109375,4871.2802734375,7223.17529296875,3391.007080078125,3180.12255859375,1135.58984375,3819.004150390625,788.030029296875,167.0,5248.47021484375,,61.0,1400.4957275390625,894.1473388671875,2169.388916015625,204.0,183.497802734375,8594.826171875,6708.029296875,5555.0390625,8591.279296875,1430.5081787109375,21886.833984375,1248.43212890625,1861.519287109375,1192.5126953125,,3680.0,861.7296752929688,1336.398681640625,,2014.623046875,173.09112548828125,7002.19873046875,3520.980712890625,1021.0475463867188,19963.59375,4555.93505859375,198.54701232910156
2022-10-20,,1674.300537109375,1414.3916015625,1130.6087646484375,,2547.34375,1536.253662109375,4796.62451171875,7419.576171875,3477.9560546875,3246.683837890625,1193.9249267578125,3990.30517578125,802.8984375,178.0,5153.04296875,,63.0,1405.117919921875,950.0315551757812,2230.375732421875,206.0,183.497802734375,8948.0390625,6683.724609375,5666.5859375,8860.521484375,1453.1248779296875,22696.490234375,1301.1826171875,1908.5272216796875,1226.8648681640625,,3830.0,919.7734985351562,1354.857177734375,,2068.63427734375,173.09112548828125,7047.3740234375,3646.72998046875,1007.372802734375,19979.287109375,4598.513671875,198.54701232910156
2022-10-21,,1678.9383544921875,1400.2479248046875,1118.9127197265625,,2547.34375,1519.3717041015625,4908.607421875,7550.509765625,3477.9560546875,3276.26611328125,1166.701904296875,4171.68310546875,812.8108520507812,182.0,5296.18310546875,,66.0,1414.362060546875,922.0894165039062,2151.964111328125,200.0,185.2967987060547,8877.396484375,6392.07177734375,5599.65771484375,8811.568359375,1470.0875244140625,22814.025390625,1261.6197509765625,1856.8184814453125,1202.32763671875,,3740.0,910.84375,1380.69921875,,2068.63427734375,174.67910766601562,6866.6728515625,3655.11328125,1039.2806396484375,20089.146484375,4513.357421875,195.5688018798828
2022-10-24,,1623.282958984375,1386.103759765625,1130.6087646484375,,2547.34375,1515.1512451171875,4964.5986328125,7768.732421875,3613.209716796875,3328.03515625,1193.9249267578125,4131.376953125,797.9423217773438,189.0,5248.47021484375,,67.0,1418.9842529296875,898.8043212890625,2090.977294921875,190.0,187.09579467773438,8877.396484375,6416.3759765625,5621.96728515625,8933.951171875,1481.395751953125,23062.146484375,1230.8485107421875,1875.6217041015625,1217.0499267578125,,3750.0,968.8875732421875,1417.6160888671875,,2041.62841796875,179.44308471679688,6844.0849609375,3697.029541015625,1057.5135498046875,20324.564453125,4534.64599609375,195.5688018798828
2022-10-25,,1627.9210205078125,1371.9598388671875,1060.43310546875,,2615.143798828125,1494.048828125,5001.92724609375,7594.15380859375,3642.192626953125,3394.5966796875,1186.14697265625,4121.30029296875,807.8546752929688,189.0,5296.18310546875,,66.0,1418.9842529296875,889.490234375,2090.977294921875,193.0,183.497802734375,8971.5859375,6489.2890625,5532.7294921875,8958.427734375,1504.0125732421875,22853.19921875,1213.2650146484375,1880.3223876953125,1177.7901611328125,,3750.0,968.8875732421875,1391.7742919921875,,2025.4251708984375,181.0310821533203,6753.7333984375,3680.26318359375,1066.630126953125,20089.146484375,4492.06689453125,194.57606506347656
2022-10-26,,1618.64501953125,1389.6396484375,1087.7235107421875,,2576.40087890625,1527.812744140625,4908.607421875,7463.22021484375,3564.90478515625,3350.222412109375,1193.9249267578125,4111.2236328125,797.9423217773438,188.0,5415.46630859375,,64.0,1525.29248046875,870.8622436523438,2108.402099609375,197.0,185.2967987060547,9230.6083984375,6513.59326171875,5644.2763671875,8860.521484375,1453.1248779296875,23688.97265625,1217.6607666015625,1917.928955078125,1163.06787109375,,3810.0,964.4227294921875,1417.6160888671875,,2057.831787109375,190.55902099609375,6753.7333984375,3663.49658203125,1043.8389892578125,20842.490234375,4598.513671875,200.532470703125
2022-10-27,,1623.282958984375,1407.3197021484375,1111.115478515625,,2634.515380859375,1553.1356201171875,4964.5986328125,7594.15380859375,3613.209716796875,3401.99169921875,1205.5919189453125,4111.2236328125,837.5916137695312,189.0,5463.1796875,,63.0,1492.937744140625,908.1183471679688,2108.402099609375,198.0,185.2967987060547,9254.154296875,6562.20263671875,5621.96728515625,9031.857421875,1441.81640625,23401.67578125,1230.8485107421875,1889.72412109375,1226.8648681640625,,3850.0,1026.931640625,1421.307861328125,,2047.02978515625,188.97103881835938,6934.435546875,3663.49658203125,1025.60595703125,20559.986328125,4555.93505859375,198.54701232910156
2022-10-28,,1600.0931396484375,1382.5677490234375,1126.710205078125,,2673.25830078125,1548.9151611328125,4889.943359375,7637.7978515625,3603.549072265625,3424.17919921875,1197.81396484375,4111.2236328125,827.6792602539062,182.0,5391.60986328125,,60.0,1465.2052001953125,908.1183471679688,2134.5390625,189.0,183.497802734375,9230.6083984375,6319.158203125,5688.89501953125,9105.2861328125,1436.162353515625,23258.029296875,1222.0567626953125,1899.1258544921875,1212.142578125,,3850.0,1022.4667358398438,1410.2327880859375,,2047.02978515625,187.38304138183594,7002.19873046875,3730.562744140625,1043.8389892578125,20246.091796875,4240.8525390625,198.54701232910156
2022-10-31,,1604.731201171875,1407.3197021484375,1216.3790283203125,,2731.37255859375,1557.35595703125,4964.5986328125,7681.44384765625,3632.53173828125,3438.97021484375,1201.702880859375,4252.29541015625,817.7669677734375,189.0,5320.0400390625,,61.0,1428.228515625,991.9446411132812,2195.52587890625,186.0,183.497802734375,9159.9658203125,6319.158203125,5755.82373046875,9399.005859375,1532.2833251953125,23532.263671875,1217.6607666015625,1927.33056640625,1182.69775390625,,3770.0,1031.3966064453125,1458.2249755859375,,2111.84326171875,185.79502868652344,7182.90087890625,3680.26318359375,1052.9554443359375,20277.484375,3951.3154296875,200.532470703125
2022-11-01,,1562.9896240234375,1325.9921875,1134.5074462890625,,2673.25830078125,1527.812744140625,4908.607421875,7681.44384765625,3632.53173828125,3446.365966796875,1201.702880859375,4191.8359375,792.9862060546875,183.0,5582.46337890625,,59.0,1488.315673828125,1033.85791015625,2151.964111328125,184.0,183.497802734375,8948.0390625,6343.462890625,5755.82373046875,9399.005859375,1566.2086181640625,22095.78125,1244.0361328125,1866.219970703125,1280.8468017578125,,3740.0,986.7473754882812,1436.07470703125,,2025.4251708984375,192.1470184326172,7250.66357421875,3705.412841796875,1043.8389892578125,19743.865234375,3857.642578125,195.5688018798828
2022-11-02,,1623.282958984375,1322.4560546875,1165.6966552734375,,2566.71533203125,1574.238037109375,4796.62451171875,7637.7978515625,3574.566162109375,3409.387451171875,1193.9249267578125,4060.841064453125,822.72314453125,181.0,5534.75048828125,,57.0,1525.29248046875,1019.8867797851562,2117.1142578125,195.0,181.6988067626953,9042.2275390625,6440.6806640625,5733.51416015625,9594.818359375,1566.2086181640625,21899.89453125,1222.0567626953125,1852.11767578125,1325.0140380859375,,3880.0,991.2122192382812,1432.3829345703125,,2020.0240478515625,190.55902099609375,7318.4267578125,3537.7470703125,1052.9554443359375,19273.02734375,3832.09521484375,191.5978546142578
2022-11-03,,1618.64501953125,1325.9921875,1208.581787109375,,2547.34375,1544.694580078125,4759.29638671875,7681.44384765625,3593.8876953125,3438.97021484375,1186.14697265625,4101.1474609375,817.7669677734375,180.0,5487.0361328125,,59.0,1543.7808837890625,1071.1138916015625,2117.1142578125,200.0,183.497802734375,8995.1328125,6440.6806640625,5688.89501953125,9521.388671875,1543.591796875,22774.84375,1208.869140625,1852.11767578125,1310.2916259765625,,3800.0,1009.0719604492188,1432.3829345703125,,2025.4251708984375,188.97103881835938,7250.66357421875,3462.2978515625,1052.9554443359375,19461.36328125,3840.611328125,192.59059143066406
2022-11-04,,1637.19677734375,1325.9921875,1181.291259765625,,2547.34375,1616.442626953125,4796.62451171875,7659.62060546875,3584.22705078125,3438.97021484375,1193.9249267578125,4091.0703125,812.8108520507812,173.0,5534.75048828125,,58.0,1516.04833984375,1038.514892578125,2117.1142578125,200.0,181.6988067626953,9089.3232421875,6562.20263671875,5755.82373046875,10084.349609375,1515.3209228515625,22774.84375,1200.077392578125,1847.4168701171875,1266.12451171875,,3990.0,1062.65087890625,1436.07470703125,,2025.4251708984375,190.55902099609375,7453.95361328125,3529.36376953125,1057.5135498046875,19634.00390625,3866.158447265625,192.59059143066406
2022-11-07,,1748.5076904296875,1354.280029296875,1165.6966552734375,,2576.40087890625,1688.1907958984375,4852.6162109375,7725.08837890625,3584.22705078125,3468.55322265625,1193.9249267578125,4131.376953125,807.8546752929688,178.0,5630.1767578125,,59.0,1497.5599365234375,1024.5438232421875,2143.25146484375,197.0,183.497802734375,9183.5126953125,6951.07373046875,5800.4423828125,10084.349609375,1537.9376220703125,22761.78515625,1191.2855224609375,1899.1258544921875,1280.8468017578125,,4230.0,1062.65087890625,1365.932373046875,,2068.63427734375,192.1470184326172,7453.95361328125,3588.047119140625,1075.74658203125,19634.00390625,3934.284423828125,192.59059143066406
2022-11-08,,1762.4215087890625,1329.5281982421875,1146.2034912109375,,2605.458251953125,1675.5294189453125,4871.2802734375,7637.7978515625,3574.566162109375,3416.78369140625,1186.14697265625,4091.0703125,792.9862060546875,185.0,5630.1767578125,,61.0,1576.1356201171875,1024.5438232421875,2125.826904296875,194.0,183.497802734375,9183.5126953125,6829.5517578125,5778.1328125,9986.443359375,1509.666748046875,22448.37109375,1195.6815185546875,1861.519287109375,1266.12451171875,,4200.0,1053.72119140625,1369.6240234375,,2047.02978515625,198.4989776611328,7182.90087890625,3537.7470703125,1043.8389892578125,19571.22265625,3942.7998046875,192.59059143066406
2022-11-09,,1734.5938720703125,1287.096435546875,1146.2034912109375,,2595.7724609375,1688.1907958984375,4889.943359375,7746.91015625,3593.8876953125,3438.97021484375,1186.14697265625,4091.0703125,797.9423217773438,185.0,5654.033203125,,62.0,1613.1124267578125,1033.85791015625,2125.826904296875,199.0,183.497802734375,9183.5126953125,6975.37841796875,5845.06103515625,9937.490234375,1481.395751953125,21899.89453125,1191.2855224609375,1842.716064453125,1275.939453125,,4220.0,1040.326416015625,1351.16552734375,,1976.8148193359375,201.6749725341797,7115.1376953125,3512.597412109375,1039.2806396484375,19461.36328125,3866.158447265625,192.59059143066406
2022-11-10,,1678.9383544921875,1230.5208740234375,1138.4061279296875,,2518.286865234375,1688.1907958984375,4871.2802734375,7681.44384765625,3584.22705078125,3350.222412109375,1186.14697265625,4070.91748046875,778.1176147460938,187.0,5391.60986328125,,61.0,1617.7344970703125,964.0025634765625,2090.977294921875,188.0,183.497802734375,9159.9658203125,6902.46484375,5778.1328125,9790.630859375,1498.3582763671875,21090.236328125,1182.4937744140625,1861.519287109375,1275.939453125,,4100.0,968.8875732421875,1329.01513671875,,1874.193359375,200.0869598388672,7205.48876953125,3495.83056640625,1030.1640625,18456.904296875,3883.189697265625,192.59059143066406
2022-11-11,,1669.6624755859375,1234.056640625,1154.000732421875,,2518.286865234375,1789.4822998046875,4815.28759765625,7725.08837890625,3593.8876953125,3438.97021484375,1193.9249267578125,4201.9130859375,792.9862060546875,185.0,5463.1796875,,60.0,1613.1124267578125,996.6016845703125,2090.977294921875,210.0,185.2967987060547,9277.703125,7218.4228515625,5711.205078125,9864.060546875,1526.6292724609375,21848.384765625,1182.4937744140625,1880.3223876953125,1285.75439453125,,4450.0,1035.861328125,1343.781982421875,,1879.594482421875,208.0269317626953,7341.0146484375,3479.064208984375,1048.3970947265625,18205.791015625,3866.158447265625,190.60511779785156
2022-11-14,,1720.6800537109375,1237.592529296875,1079.9263916015625,,2557.029541015625,1789.4822998046875,4703.3046875,7637.7978515625,3516.599853515625,3387.20068359375,1193.9249267578125,4131.376953125,802.8984375,180.0,5534.75048828125,,59.0,1539.158935546875,964.0025634765625,2090.977294921875,204.0,185.2967987060547,9183.5126953125,7096.90087890625,5778.1328125,9839.583984375,1487.0499267578125,21586.5546875,1204.47314453125,1889.72412109375,1275.939453125,,4500.0,1035.861328125,1336.398681640625,,1879.594482421875,201.6749725341797,7228.07666015625,3395.231201171875,1030.1640625,18017.455078125,3908.737060546875,189.6123809814453
2022-11-15,,1864.4564208984375,1241.1285400390625,1107.216796875,,2673.25830078125,1823.24609375,4647.31298828125,7681.44384765625,3526.26123046875,3387.20068359375,1186.14697265625,4131.376953125,827.6792602539062,176.0,5558.60693359375,,58.0,1566.891357421875,940.7174072265625,2082.264404296875,204.0,185.2967987060547,9230.6083984375,7096.90087890625,5800.4423828125,9961.966796875,1481.395751953125,21979.302734375,1213.2650146484375,1908.5272216796875,1246.49462890625,,4550.0,1018.0017700195312,1329.01513671875,,1890.39697265625,209.61492919921875,7182.90087890625,3395.231201171875,1048.3970947265625,17986.064453125,3925.768310546875,186.63418579101562
2022-11-16,,1780.973388671875,1262.3446044921875,1095.52099609375,,2750.743896484375,1713.513671875,4609.9853515625,7506.865234375,3516.599853515625,3342.826904296875,1178.368896484375,4030.611572265625,832.635498046875,176.0,5606.31982421875,,57.0,1566.891357421875,922.0894165039062,1969.003662109375,218.0,187.09579467773438,9207.060546875,7072.59619140625,5800.4423828125,9668.2490234375,1447.470703125,22110.216796875,1208.869140625,1908.5272216796875,1226.8648681640625,,4470.0,1035.861328125,1332.7069091796875,,1890.39697265625,208.0269317626953,6889.26025390625,3395.231201171875,1048.3970947265625,18048.845703125,3925.768310546875,184.64871215820312
2022-11-17,,1688.21435546875,1269.41650390625,1052.6357421875,,2731.37255859375,1667.08837890625,4703.3046875,7615.97705078125,3584.22705078125,3453.76171875,1174.4798583984375,3990.30517578125,822.72314453125,175.0,5487.0361328125,,57.0,1543.7808837890625,926.7464599609375,2003.85302734375,214.0,188.89479064941406,9112.8701171875,6902.46484375,5822.75146484375,9570.3427734375,1424.85400390625,22124.765625,1186.8896484375,1908.5272216796875,1177.7901611328125,,4460.0,1009.0719604492188,1329.01513671875,,1917.40234375,201.6749725341797,6889.26025390625,3386.847900390625,1025.60595703125,17970.37109375,3908.737060546875,183.65597534179688
2022-11-18,,1678.9383544921875,1269.41650390625,1064.33154296875,,2741.058349609375,1654.427001953125,4647.31298828125,7703.26513671875,3555.243896484375,3409.387451171875,1178.368896484375,4101.1474609375,812.8108520507812,181.0,5582.46337890625,,59.0,1543.7808837890625,959.3455810546875,1995.1405029296875,222.0,185.2967987060547,9089.3232421875,6708.029296875,5800.4423828125,9668.2490234375,1424.85400390625,22357.501953125,1191.2855224609375,1936.732177734375,1236.6796875,,4410.0,955.4929809570312,1325.323486328125,,1917.40234375,206.43893432617188,6979.61083984375,3361.697998046875,1048.3970947265625,18080.23046875,3951.3154296875,178.6923065185547
2022-11-21,,1660.386474609375,1304.7762451171875,1091.622314453125,,2673.25830078125,1654.427001953125,4721.96826171875,7615.97705078125,3545.5830078125,3394.5966796875,1174.4798583984375,4070.91748046875,817.7669677734375,186.0,5582.46337890625,,59.0,1566.891357421875,945.3744506835938,1977.715576171875,210.0,183.497802734375,9230.6083984375,6829.5517578125,5822.75146484375,9619.294921875,1424.85400390625,23128.453125,1191.2855224609375,1983.740234375,1315.19921875,,4370.0,942.09814453125,1329.01513671875,,1971.413818359375,212.79092407226562,6934.435546875,3378.46484375,1039.2806396484375,18080.23046875,3874.674560546875,180.67776489257812
2022-11-22,,1651.1107177734375,1308.3123779296875,1083.824951171875,,2663.572509765625,1633.3245849609375,4647.31298828125,7768.732421875,3574.566162109375,3394.5966796875,1182.2579345703125,4080.993896484375,812.8108520507812,188.0,5463.1796875,,59.0,1534.5367431640625,950.0315551757812,1986.4283447265625,196.0,183.497802734375,9089.3232421875,6805.2470703125,5755.82373046875,9496.912109375,1419.1998291015625,24132.138671875,1186.8896484375,1899.1258544921875,1305.38427734375,,4320.0,964.4227294921875,1388.08251953125,,1993.0184326171875,203.26296997070312,6957.02294921875,3353.31494140625,1034.7225341796875,18174.400390625,3883.189697265625,178.6923065185547
2022-11-23,,1669.6624755859375,1325.9921875,1083.824951171875,,2692.629638671875,1667.08837890625,4628.64892578125,7746.91015625,3574.566162109375,3453.76171875,1174.4798583984375,4111.2236328125,802.8984375,195.0,5463.1796875,,60.0,1506.80419921875,950.0315551757812,1986.4283447265625,191.0,183.497802734375,9324.7978515625,6999.6826171875,5755.82373046875,9472.435546875,1407.891357421875,24073.955078125,1191.2855224609375,1927.33056640625,1320.1065673828125,,4350.0,973.3525390625,1399.15771484375,,1998.41943359375,200.0869598388672,6911.84765625,3328.1650390625,1030.1640625,18598.15625,3874.674560546875,177.69956970214844
2022-11-24,,1720.6800537109375,1325.9921875,1064.33154296875,,2741.058349609375,1662.8680419921875,4628.64892578125,7856.02197265625,3584.22705078125,3490.73974609375,1182.2579345703125,4121.30029296875,812.8108520507812,189.0,5534.75048828125,,59.0,1460.5831298828125,982.630615234375,1977.715576171875,188.0,183.497802734375,9230.6083984375,6975.37841796875,5733.51416015625,9374.529296875,1413.545654296875,24233.962890625,1195.6815185546875,1946.1337890625,1339.736328125,,4430.0,959.9578247070312,1384.390869140625,,1993.0184326171875,200.0869598388672,6866.6728515625,3378.46484375,1039.2806396484375,18817.8828125,3883.189697265625,176.7068328857422
2022-11-25,,1609.369140625,1318.9200439453125,1060.43310546875,,2682.944091796875,1645.9859619140625,4609.9853515625,7834.1982421875,3593.8876953125,3512.926513671875,1186.14697265625,4101.1474609375,812.8108520507812,185.0,5606.31982421875,,60.0,1446.7169189453125,964.0025634765625,1925.441650390625,185.0,185.2967987060547,9324.7978515625,6926.76953125,5644.2763671875,9325.576171875,1368.3121337890625,23812.125,1195.6815185546875,1974.338623046875,1339.736328125,,4380.0,942.09814453125,1369.6240234375,,1966.0126953125,198.4989776611328,6957.02294921875,3378.46484375,1043.8389892578125,18739.408203125,3917.252685546875,171.74314880371094
2022-11-28,,1535.1619873046875,1322.4560546875,1068.230224609375,,2770.115234375,1616.442626953125,4647.31298828125,7877.84423828125,3584.22705078125,3564.696044921875,1190.035888671875,4080.993896484375,797.9423217773438,179.0,5534.75048828125,,57.0,1372.7633056640625,991.9446411132812,1925.441650390625,173.0,183.497802734375,9395.4404296875,6975.37841796875,5599.65771484375,9325.576171875,1340.041259765625,23884.85546875,1186.8896484375,1993.141845703125,1349.55126953125,,4090.0,892.9840087890625,1362.2406005859375,,1987.6173095703125,192.1470184326172,6957.02294921875,3336.548095703125,1043.8389892578125,18676.62890625,4010.92626953125,170.7504119873047
2022-11-29,,1521.248046875,1371.9598388671875,1083.824951171875,,2750.743896484375,1658.6474609375,4516.666015625,7834.1982421875,3622.871337890625,3586.8828125,1186.14697265625,4161.60595703125,802.8984375,185.0,5558.60693359375,,57.0,1280.3212890625,1001.2586669921875,1916.72900390625,162.0,183.497802734375,9395.4404296875,7096.90087890625,5644.2763671875,9545.8662109375,1340.041259765625,24350.330078125,1191.2855224609375,1974.338623046875,1364.273681640625,,4110.0,942.09814453125,1373.315673828125,,2025.4251708984375,195.32301330566406,6866.6728515625,3336.548095703125,1043.8389892578125,19273.02734375,4002.410400390625,168.76495361328125
2022-11-30,,1511.97216796875,1368.423828125,1079.9263916015625,,2992.886962890625,1675.5294189453125,4516.666015625,8117.888671875,3825.751708984375,3683.02587890625,1193.9249267578125,4242.21826171875,783.0738525390625,182.0,5439.32275390625,,57.0,1192.50146484375,991.9446411132812,1890.591796875,151.0,183.497802734375,9513.1767578125,7169.81396484375,5755.82373046875,9790.630859375,1345.6954345703125,24292.150390625,1169.30615234375,1946.1337890625,1423.1632080078125,,4150.0,951.0280151367188,1388.08251953125,,2052.430908203125,198.4989776611328,6866.6728515625,3386.847900390625,1030.1640625,19335.802734375,4148.47119140625,164.79400634765625
2022-12-01,,1576.9034423828125,1379.03173828125,1122.8115234375,,2847.601318359375,1721.95458984375,4609.9853515625,7856.02197265625,3748.463623046875,3653.44287109375,1197.81396484375,4191.8359375,788.030029296875,184.0,5415.46630859375,,59.0,1169.3909912109375,996.6016845703125,1960.2908935546875,141.0,185.2967987060547,9560.2724609375,7096.90087890625,5956.6083984375,9668.2490234375,1323.0787353515625,24437.60546875,1147.3267822265625,1927.33056640625,1398.6259765625,,4370.0,1004.6071166992188,1402.849365234375,,2057.831787109375,192.1470184326172,6957.02294921875,3319.78173828125,1048.3970947265625,19257.33203125,4070.687255859375,162.80853271484375
2022-12-02,,1567.6275634765625,1361.351806640625,1130.6087646484375,,2857.287109375,1721.95458984375,4572.6572265625,7799.06201171875,3767.78564453125,3616.46533203125,1178.368896484375,4242.21826171875,788.030029296875,181.0,5463.1796875,,58.0,1178.6351318359375,954.6885375976562,2003.85302734375,132.0,183.497802734375,9607.3671875,7194.11865234375,6045.845703125,9717.201171875,1328.73291015625,24204.869140625,1138.534912109375,1936.732177734375,1447.7005615234375,,4440.0,964.4227294921875,1395.466064453125,,2036.2274169921875,192.1470184326172,6934.435546875,3353.31494140625,1052.9554443359375,18347.041015625,4070.687255859375,162.80853271484375
2022-12-05,,1562.9896240234375,1336.6002197265625,1091.622314453125,,2828.22998046875,1738.8365478515625,4498.00146484375,7689.5244140625,3767.78564453125,3616.46533203125,1131.7008056640625,4383.28955078125,783.0738525390625,171.0,5463.1796875,,57.0,1100.0594482421875,945.3744506835938,2003.85302734375,123.0,185.2967987060547,9748.65234375,7218.4228515625,6045.845703125,9717.201171875,1357.0037841796875,23739.392578125,1107.763671875,1936.732177734375,1408.4407958984375,,4460.0,977.8175048828125,1369.6240234375,,1993.0184326171875,179.44308471679688,6957.02294921875,3219.182373046875,1043.8389892578125,17891.8984375,4096.615234375,151.88845825195312
2022-12-06,,1525.885986328125,1347.2078857421875,1060.43310546875,,2818.544189453125,1658.6474609375,4386.0185546875,7601.89404296875,3690.49755859375,3594.278076171875,1100.588623046875,4393.36669921875,763.2492065429688,171.0,5343.896484375,,56.0,1049.21630859375,912.775390625,1995.1405029296875,115.0,181.6988067626953,9748.65234375,7096.90087890625,6045.845703125,9545.8662109375,1317.4244384765625,23855.759765625,1107.763671875,1908.5272216796875,1374.088623046875,,4350.0,973.3525390625,1351.16552734375,,1976.8148193359375,169.91513061523438,6482.6806640625,3017.9833984375,1016.4894409179688,17640.78125,4096.615234375,150.89572143554688
2022-12-07,,1530.52392578125,1354.280029296875,1072.129150390625,,2789.487060546875,1620.6630859375,4274.03466796875,7404.72802734375,3671.17578125,3520.322509765625,1085.03271484375,4181.75927734375,753.3367919921875,171.0,5367.75341796875,,55.0,1049.21630859375,959.3455810546875,1934.15380859375,107.0,181.6988067626953,9725.1044921875,6878.16064453125,6112.77392578125,9276.623046875,1306.1160888671875,24059.40625,1090.18017578125,1908.5272216796875,1393.718505859375,,4230.0,951.0280151367188,1354.857177734375,,1993.0184326171875,174.67910766601562,6324.56689453125,3085.049560546875,998.2564697265625,17609.39453125,4062.044677734375,150.89572143554688
2022-12-08,,1558.3516845703125,1322.4560546875,1060.43310546875,,2595.7724609375,1679.7498779296875,4236.70654296875,7448.54296875,3671.17578125,3579.48681640625,1088.921630859375,4050.7646484375,788.030029296875,173.0,5463.1796875,,54.0,1039.97216796875,964.0025634765625,1890.591796875,100.0,179.89979553222656,9607.3671875,7169.81396484375,6157.392578125,9056.3349609375,1311.7703857421875,23652.11328125,1112.1595458984375,2011.945068359375,1432.97802734375,,4420.0,955.4929809570312,1365.932373046875,,1998.41943359375,177.85508728027344,6279.390625,3135.349609375,1016.4894409179688,17138.5546875,4027.47412109375,148.91026306152344
2022-12-09,,1549.0758056640625,1301.240234375,1060.43310546875,,2421.4296875,1633.3245849609375,4236.70654296875,7514.26416015625,3690.49755859375,3549.904541015625,1057.8096923828125,4000.38232421875,768.2053833007812,172.0,5463.1796875,,54.0,1035.35009765625,973.316650390625,1803.4677734375,93.0,181.6988067626953,9560.2724609375,7048.29150390625,6179.7021484375,9080.8115234375,1300.4619140625,22837.529296875,1085.7843017578125,2002.5435791015625,1398.6259765625,,4380.0,959.9578247070312,1329.01513671875,,1955.2103271484375,169.91513061523438,6279.390625,3059.899658203125,1011.93115234375,16400.90625,3992.904052734375,143.9465789794922
2022-12-12,,1553.713623046875,1343.672119140625,1076.027587890625,,2469.858154296875,1645.9859619140625,4236.70654296875,7623.80224609375,3680.836669921875,3586.8828125,1077.2547607421875,4010.458740234375,773.1614990234375,176.0,5558.60693359375,,54.0,966.0185546875,959.3455810546875,1803.4677734375,87.0,185.2967987060547,9795.7470703125,7145.509765625,6224.32080078125,9594.818359375,1272.1910400390625,23215.728515625,1125.34716796875,2021.3466796875,1374.088623046875,,4250.0,1009.0719604492188,1347.4737548828125,,2052.430908203125,166.73915100097656,6098.689453125,3101.81640625,993.6981201171875,16871.74609375,4053.40234375,144.93931579589844
2022-12-13,,1553.713623046875,1322.4560546875,1115.01416015625,,2518.286865234375,1629.1041259765625,4348.6904296875,7623.80224609375,3729.141845703125,3675.630615234375,1088.921630859375,3990.30517578125,758.2930297851562,175.0,5606.31982421875,,55.0,1044.5943603515625,945.3744506835938,1759.90576171875,100.0,181.6988067626953,9701.5576171875,7023.9873046875,6179.7021484375,9374.529296875,1243.920166015625,22895.708984375,1129.7431640625,1983.740234375,1393.718505859375,,4360.0,1022.4667358398438,1343.781982421875,,2009.2216796875,171.5031280517578,6342.16259765625,3143.732666015625,1002.8145751953125,16840.35546875,4079.33056640625,143.9465789794922
2022-12-14,,1572.2655029296875,1371.9598388671875,1107.216796875,,2508.60107421875,1637.545166015625,4348.6904296875,7558.080078125,3680.836669921875,3683.02587890625,1085.03271484375,4010.458740234375,748.3806762695312,175.0,5630.1767578125,,54.0,993.751220703125,936.0604248046875,1812.18017578125,94.0,183.497802734375,9725.1044921875,7121.205078125,6202.01171875,9447.9599609375,1221.303466796875,23564.837890625,1129.7431640625,1993.141845703125,1374.088623046875,,4380.0,1026.931640625,1347.4737548828125,,2047.02978515625,174.67910766601562,6342.16259765625,3143.732666015625,1016.4894409179688,16856.05078125,4079.33056640625,142.95384216308594
2022-12-15,,1576.9034423828125,1379.03173828125,1107.216796875,,2489.229736328125,1633.3245849609375,4330.02685546875,7448.54296875,3661.514892578125,3631.256103515625,1081.143798828125,3990.30517578125,753.3367919921875,174.0,5463.1796875,,53.0,979.8848266601562,926.7464599609375,1786.0428466796875,97.0,183.497802734375,9701.5576171875,7072.59619140625,6224.32080078125,9496.912109375,1215.649169921875,23433.919921875,1116.5555419921875,1927.33056640625,1334.8289794921875,,4310.0,1004.6071166992188,1336.398681640625,,2036.2274169921875,173.09112548828125,6546.01806640625,3076.66650390625,999.0743408203125,16652.021484375,4062.044677734375,139.97564697265625
2022-12-16,,1600.0931396484375,1375.495849609375,1076.027587890625,,2479.5439453125,1705.07275390625,4311.36279296875,7536.1728515625,3787.108154296875,3683.02587890625,1061.69873046875,4070.91748046875,768.2053833007812,172.0,5725.603515625,,50.0,979.8848266601562,950.0315551757812,1751.1932373046875,96.0,183.497802734375,9819.294921875,7169.81396484375,6202.01171875,9594.818359375,1266.536865234375,23623.01953125,1112.1595458984375,1993.141845703125,1280.8468017578125,,4300.0,986.7473754882812,1351.16552734375,,2052.430908203125,171.5031280517578,6364.8134765625,3085.049560546875,989.9085693359375,16667.716796875,4208.96923828125,144.93931579589844
2022-12-19,,1576.9034423828125,1403.78369140625,1044.8385009765625,,2469.858154296875,1721.95458984375,4255.37060546875,7579.98779296875,3642.192626953125,3675.630615234375,1061.69873046875,4030.611572265625,748.3806762695312,167.0,5725.603515625,,51.0,938.2860717773438,936.0604248046875,1786.0428466796875,92.0,183.497802734375,9560.2724609375,7121.205078125,6246.63037109375,9325.576171875,1289.1536865234375,23666.662109375,1112.1595458984375,2040.14990234375,1310.2916259765625,,4290.0,991.2122192382812,1343.781982421875,,2063.23291015625,165.15115356445312,6296.86181640625,3118.582763671875,999.0743408203125,16856.05078125,4087.972412109375,139.97564697265625
2022-12-20,,1525.885986328125,1386.103759765625,1056.534423828125,,2489.229736328125,1696.6317138671875,4255.37060546875,7514.26416015625,3651.85400390625,3631.256103515625,1073.36572265625,4050.7646484375,761.48583984375,164.0,5654.033203125,,51.0,933.6639404296875,917.432373046875,1829.60498046875,87.0,183.497802734375,9701.5576171875,6999.6826171875,6224.32080078125,9105.2861328125,1294.807861328125,23724.84375,1125.34716796875,1974.338623046875,1408.4407958984375,,4160.0,955.4929809570312,1343.781982421875,,2036.2274169921875,169.91513061523438,6138.3076171875,3118.582763671875,985.3256225585938,16730.494140625,4122.54296875,139.97564697265625
2022-12-21,,1549.0758056640625,1386.103759765625,1068.230224609375,,2518.286865234375,1721.95458984375,4255.37060546875,7601.89404296875,3613.209716796875,3616.46533203125,1085.03271484375,4030.611572265625,766.462890625,166.0,5677.89013671875,,51.0,924.419677734375,866.2052001953125,1803.4677734375,89.0,183.497802734375,9630.9150390625,7023.9873046875,6157.392578125,9178.716796875,1289.1536865234375,23855.759765625,1151.7225341796875,1974.338623046875,1393.718505859375,,4080.0,964.4227294921875,1343.781982421875,,2030.8262939453125,165.15115356445312,6093.0068359375,3177.265869140625,980.7427368164062,16714.798828125,4131.18603515625,138.98291015625
2022-12-22,,1595.455322265625,1389.6396484375,1091.622314453125,,2518.286865234375,1713.513671875,4311.36279296875,7514.26416015625,3642.192626953125,3668.23486328125,1092.810791015625,4010.458740234375,756.5088500976562,168.0,5606.31982421875,,52.0,961.396484375,838.2631225585938,1829.60498046875,89.0,185.2967987060547,9536.7255859375,7023.9873046875,6068.15478515625,9007.380859375,1357.0037841796875,23855.759765625,1147.3267822265625,1936.732177734375,1398.6259765625,,4050.0,1000.1421508789062,1347.4737548828125,,2030.8262939453125,165.15115356445312,6093.0068359375,3143.732666015625,966.9939575195312,16950.21875,4183.0419921875,138.98291015625
2022-12-23,,1576.9034423828125,1347.2078857421875,1091.622314453125,,2537.658203125,1688.1907958984375,4236.70654296875,7448.54296875,3603.549072265625,3609.069580078125,1177.553955078125,4000.38232421875,776.4169311523438,171.0,5582.46337890625,,52.0,942.9081420898438,856.8911743164062,1812.18017578125,86.0,183.497802734375,9442.53515625,6853.85595703125,6090.46435546875,8958.427734375,1351.3494873046875,23753.9375,1134.1390380859375,1917.928955078125,1418.2557373046875,,4010.0,991.2122192382812,1321.6318359375,,2020.0240478515625,161.9751739501953,6115.6572265625,3168.882568359375,966.9939575195312,16871.74609375,4165.7568359375,136.9974365234375
2022-12-26,,1539.7998046875,1343.672119140625,1087.7235107421875,,2566.71533203125,1688.1907958984375,4218.04296875,7514.26416015625,3603.549072265625,3646.047607421875,1203.819091796875,4050.7646484375,776.4169311523438,169.0,5558.60693359375,,54.0,933.6639404296875,838.2631225585938,1812.18017578125,82.0,185.2967987060547,9560.2724609375,6902.46484375,6135.0830078125,8884.998046875,1385.2747802734375,23506.650390625,1151.7225341796875,1946.1337890625,1354.4588623046875,,3940.0,991.2122192382812,1325.323486328125,,1998.41943359375,161.9751739501953,6160.95849609375,3143.732666015625,985.3256225585938,16573.548828125,4105.2578125,137.99017333984375
2022-12-27,,1539.7998046875,1325.9921875,1076.027587890625,,2731.37255859375,1679.7498779296875,4236.70654296875,7536.1728515625,3593.8876953125,3601.674072265625,1234.4617919921875,4010.458740234375,776.4169311523438,168.0,5725.603515625,,53.0,966.0185546875,847.5771484375,1855.7420654296875,91.0,185.2967987060547,9489.6298828125,6926.76953125,6068.15478515625,8836.044921875,1379.62060546875,23419.376953125,1151.7225341796875,1908.5272216796875,1383.903564453125,,4090.0,968.8875732421875,1295.789794921875,,1993.0184326171875,165.15115356445312,6047.705078125,3194.032470703125,985.3256225585938,16714.798828125,4157.11376953125,136.00469970703125
2022-12-28,,1562.9896240234375,1325.9921875,1107.216796875,,2595.7724609375,1696.6317138671875,4199.37939453125,7579.98779296875,3564.90478515625,3564.696044921875,1186.3089599609375,4020.53515625,761.48583984375,164.0,5582.46337890625,,53.0,919.7975463867188,852.234130859375,1873.1669921875,91.0,183.497802734375,9583.8193359375,6926.76953125,6001.22705078125,8713.662109375,1357.0037841796875,23157.546875,1138.534912109375,1908.5272216796875,1388.81103515625,,4090.0,942.09814453125,1299.4814453125,,1982.2161865234375,163.5631561279297,6047.705078125,3126.966064453125,999.0743408203125,16432.29296875,4122.54296875,131.041015625
2022-12-29,,1572.2655029296875,1343.672119140625,1095.52099609375,,2653.88671875,1696.6317138671875,4218.04296875,7514.26416015625,3564.90478515625,3601.674072265625,1181.931640625,4020.53515625,761.48583984375,164.0,5582.46337890625,,54.0,947.5302124023438,856.8911743164062,1864.45458984375,97.0,181.6988067626953,9583.8193359375,6975.37841796875,6068.15478515625,8615.755859375,1362.657958984375,22866.62109375,1147.3267822265625,1964.9368896484375,1388.81103515625,,4060.0,919.7734985351562,1310.556640625,,1982.2161865234375,163.5631561279297,6047.705078125,3168.882568359375,1003.6573486328125,16495.07421875,4113.90087890625,131.041015625
2022-12-30,,1572.2655029296875,1361.351806640625,1091.622314453125,,2566.71533203125,1675.5294189453125,4255.37060546875,7492.357421875,3564.90478515625,3653.44287109375,1181.931640625,4000.38232421875,751.53173828125,161.0,5391.60986328125,,53.0,952.15234375,852.234130859375,1864.45458984375,91.0,181.6988067626953,9418.9873046875,6902.46484375,6001.22705078125,8542.3251953125,1396.5830078125,22706.61328125,1138.534912109375,1964.9368896484375,1418.2557373046875,,4120.0,906.3788452148438,1299.4814453125,,1993.0184326171875,163.5631561279297,5957.10302734375,3143.732666015625,1008.2400512695312,16369.515625,4062.044677734375,129.05555725097656
2023-01-02,,1558.3516845703125,1358.0533447265625,1079.9263916015625,,2653.88671875,1671.308837890625,4255.37060546875,7492.357421875,3564.90478515625,3601.674072265625,1168.7989501953125,3980.228759765625,761.48583984375,161.0,5415.46630859375,,53.0,942.9081420898438,856.8911743164062,1890.591796875,93.0,183.497802734375,9560.2724609375,6853.85595703125,6045.845703125,8493.373046875,1362.657958984375,23041.173828125,1178.097900390625,1936.732177734375,1388.81103515625,,4130.0,973.3525390625,1284.714599609375,,1993.0184326171875,165.15115356445312,6002.40380859375,3185.649169921875,1054.0692138671875,16196.876953125,3992.904052734375,128.0628204345703
2023-01-03,,1595.455322265625,1331.5731201171875,1052.6357421875,,2682.944091796875,1688.1907958984375,4218.04296875,7492.357421875,3584.22705078125,3586.8828125,1155.6663818359375,4010.458740234375,806.2791137695312,166.0,5510.89306640625,,55.0,952.15234375,861.5481567382812,2047.4151611328125,95.0,183.497802734375,9583.8193359375,6902.46484375,6023.5361328125,8566.8017578125,1424.85400390625,22721.15625,1195.6815185546875,1993.141845703125,1388.81103515625,,4320.0,995.67724609375,1281.02294921875,,2014.623046875,165.15115356445312,6070.35595703125,3235.948974609375,1076.9837646484375,16259.6552734375,3975.617919921875,126.07734680175781
2023-01-04,,1521.248046875,1248.3497314453125,1005.8521118164062,,2653.88671875,1730.3956298828125,4236.70654296875,7317.09814453125,3545.5830078125,3527.7177734375,1155.6663818359375,4040.68798828125,791.3480224609375,155.0,5415.46630859375,,53.0,938.2860717773438,842.9201049804688,2038.70263671875,96.0,185.2967987060547,9513.1767578125,7096.90087890625,6112.77392578125,8224.130859375,1413.545654296875,21833.83984375,1204.47314453125,1964.9368896484375,1369.18115234375,,4320.0,959.9578247070312,1225.6473388671875,,1955.2103271484375,169.91513061523438,6138.3076171875,3202.41552734375,1067.8179931640625,15161.0283203125,4010.188720703125,126.07734680175781
2023-01-05,,1451.6788330078125,1172.6922607421875,959.068115234375,,2721.686767578125,1658.6474609375,4012.73974609375,7229.46728515625,3477.9560546875,3431.57470703125,1146.9112548828125,3960.075927734375,781.3939819335938,145.0,5582.46337890625,,51.0,905.9313354492188,787.0359497070312,1995.1405029296875,92.0,183.497802734375,9630.9150390625,6902.46484375,6112.77392578125,8150.70068359375,1379.62060546875,20451.951171875,1191.2855224609375,1946.1337890625,1320.1065673828125,,4200.0,892.9840087890625,1148.1214599609375,,1841.78662109375,163.5631561279297,6070.35595703125,3160.499267578125,1049.486328125,15490.6181640625,4087.972412109375,127.07008361816406
2023-01-06,,1447.040771484375,1187.8238525390625,990.25732421875,,2712.001220703125,1675.5294189453125,4068.73193359375,7273.28271484375,3439.312255859375,3416.78369140625,1173.176513671875,3949.99951171875,816.2332153320312,148.0,5725.603515625,,54.0,905.9313354492188,740.4657592773438,1969.003662109375,95.0,181.6988067626953,9583.8193359375,7145.509765625,6202.01171875,8444.4189453125,1385.2747802734375,20597.412109375,1213.2650146484375,1927.33056640625,1275.939453125,,4290.0,924.2384033203125,1170.271728515625,,1852.5888671875,163.5631561279297,6410.11474609375,3110.199462890625,1058.6522216796875,15678.951171875,4113.90087890625,130.0482940673828
2023-01-09,,1368.195556640625,1146.212158203125,986.3585815429688,,2653.88671875,1738.8365478515625,3994.075927734375,7404.72802734375,3477.9560546875,3394.5966796875,1164.4212646484375,3919.76904296875,811.256103515625,138.0,5964.169921875,,53.0,919.7975463867188,768.4078369140625,1995.1405029296875,93.0,181.6988067626953,9607.3671875,7218.4228515625,6202.01171875,8419.9423828125,1340.041259765625,20248.3046875,1208.869140625,1974.338623046875,1256.3095703125,,4440.0,906.3788452148438,1133.3546142578125,,1771.5718994140625,171.5031280517578,6500.716796875,3177.265869140625,1058.6522216796875,15506.3095703125,4113.90087890625,129.05555725097656
2023-01-10,,1405.29931640625,1187.8238525390625,978.5614013671875,,2634.515380859375,1721.95458984375,3975.411865234375,7163.7451171875,3371.68505859375,3317.463623046875,1090.00341796875,3738.391845703125,816.2332153320312,142.0,5964.169921875,,54.0,915.1754150390625,777.721923828125,2003.85302734375,95.0,181.6988067626953,9607.3671875,7048.29150390625,5956.6083984375,8370.990234375,1379.62060546875,21004.70703125,1195.6815185546875,1927.33056640625,1187.6051025390625,,4400.0,959.9578247070312,1159.1966552734375,,1814.7808837890625,168.32711791992188,6387.4638671875,3210.799072265625,1058.6522216796875,15663.2578125,4053.40234375,128.0628204345703
2023-01-11,,1377.4715576171875,1202.955322265625,982.4600830078125,,2586.086669921875,1747.2774658203125,3900.75634765625,7119.93017578125,3284.736328125,3280.020263671875,1076.870849609375,3607.3974609375,811.256103515625,147.0,5940.3134765625,,53.0,910.5534057617188,782.37890625,2021.2779541015625,94.0,185.2967987060547,9913.484375,7121.205078125,5956.6083984375,8370.990234375,1362.657958984375,20990.162109375,1195.6815185546875,1917.928955078125,1266.12451171875,,4420.0,959.9578247070312,1129.6629638671875,,1836.385498046875,176.26710510253906,6342.16259765625,3244.33203125,1049.486328125,15741.7333984375,4062.044677734375,129.05555725097656
2023-01-12,,1460.95458984375,1168.909423828125,1029.243896484375,,2624.82958984375,1797.9232177734375,3994.075927734375,7163.7451171875,3323.38037109375,3369.883544921875,1094.381103515625,3708.16259765625,801.3020629882812,142.0,5940.3134765625,,53.0,942.9081420898438,768.4078369140625,1995.1405029296875,97.0,187.09579467773438,9842.841796875,7121.205078125,5911.9892578125,8566.8017578125,1357.0037841796875,20291.943359375,1156.118408203125,1899.1258544921875,1266.12451171875,,4450.0,968.8875732421875,1125.97119140625,,1798.57763671875,173.09112548828125,6704.57177734375,3235.948974609375,1049.486328125,15663.2578125,4113.90087890625,132.03375244140625
2023-01-13,,1544.437744140625,1187.8238525390625,1025.34521484375,,2673.25830078125,1814.80517578125,4068.73193359375,7054.2080078125,3352.363037109375,3354.90673828125,1085.6259765625,3698.086181640625,836.1412963867188,144.0,5916.45654296875,,53.0,933.6639404296875,828.9490356445312,1977.715576171875,105.0,185.2967987060547,9842.841796875,7218.4228515625,5978.91748046875,8444.4189453125,1373.96630859375,20539.23046875,1169.30615234375,1927.33056640625,1271.0318603515625,,4500.0,1022.4667358398438,1137.0462646484375,,1798.57763671875,169.91513061523438,6523.36767578125,3168.882568359375,1044.9034423828125,15161.0283203125,4139.8291015625,133.0264892578125
2023-01-16,,1562.9896240234375,1172.6922607421875,1021.446533203125,,2595.7724609375,1840.1280517578125,4180.71484375,7141.837890625,3391.007080078125,3384.861083984375,1111.89111328125,3748.46875,836.1412963867188,147.0,5892.6005859375,,54.0,924.419677734375,866.2052001953125,1995.1405029296875,107.0,194.29180908203125,9795.7470703125,7242.7275390625,5978.91748046875,8444.4189453125,1368.3121337890625,20408.3125,1156.118408203125,1936.732177734375,1295.5693359375,,4600.0,1022.4667358398438,1137.0462646484375,,1793.17626953125,171.5031280517578,6704.57177734375,3227.565673828125,1054.0692138671875,15208.11328125,4122.54296875,132.03375244140625
2023-01-17,,1553.713623046875,1187.8238525390625,1037.0411376953125,,2634.515380859375,1916.0965576171875,4143.3876953125,7295.18994140625,3448.972900390625,3414.815185546875,1116.2686767578125,3929.845947265625,831.1642456054688,148.0,5844.88720703125,,54.0,933.6639404296875,898.8043212890625,2003.85302734375,114.0,185.2967987060547,9748.65234375,7388.55419921875,6090.46435546875,8542.3251953125,1368.3121337890625,20684.689453125,1156.118408203125,1946.1337890625,1325.0140380859375,,4840.0,1067.1160888671875,1133.3546142578125,,1809.3798828125,168.32711791992188,6546.01806640625,3311.3984375,1044.9034423828125,15270.8916015625,4113.90087890625,132.03375244140625
2023-01-18,,1576.9034423828125,1199.1724853515625,1013.6492919921875,,2644.201171875,1907.65576171875,4218.04296875,7273.28271484375,3429.65087890625,3444.770263671875,1120.646240234375,3849.234375,846.0953369140625,149.0,5844.88720703125,,54.0,929.0418701171875,894.1473388671875,2047.4151611328125,114.0,187.09579467773438,9866.3896484375,7291.33642578125,6202.01171875,8689.185546875,1368.3121337890625,20771.96875,1134.1390380859375,1964.9368896484375,1310.2916259765625,,4700.0,1062.65087890625,1159.1966552734375,,1841.78662109375,168.32711791992188,6342.16259765625,3294.6318359375,1072.40087890625,15537.701171875,4148.47119140625,130.0482940673828
2023-01-19,,1600.0931396484375,1221.869873046875,1017.5479125976562,,2663.572509765625,1916.0965576171875,4367.35400390625,7295.18994140625,3458.63427734375,3452.2587890625,1146.9112548828125,3929.845947265625,836.1412963867188,150.0,5773.31640625,,56.0,933.6639404296875,908.1183471679688,2099.689453125,115.0,187.09579467773438,9889.9375,7291.33642578125,6135.0830078125,8566.8017578125,1402.2373046875,21441.09375,1138.534912109375,1974.338623046875,1364.273681640625,,4830.0,1116.2301025390625,1170.271728515625,,1884.99560546875,171.5031280517578,6455.416015625,3261.0986328125,1063.2349853515625,16479.37890625,4148.47119140625,126.07734680175781
2023-01-20,,1641.8348388671875,1225.6524658203125,1033.1424560546875,,2673.25830078125,1958.301513671875,4404.68212890625,7273.28271484375,3487.6171875,3482.213623046875,1151.288818359375,4020.53515625,831.1642456054688,158.0,5677.89013671875,,55.0,947.5302124023438,912.775390625,2056.127685546875,114.0,187.09579467773438,9889.9375,7339.9453125,6135.0830078125,8640.2314453125,1385.2747802734375,22299.318359375,1151.7225341796875,1936.732177734375,1388.81103515625,,4860.0,1160.8792724609375,1196.1136474609375,,1928.204833984375,168.32711791992188,6387.4638671875,3244.33203125,1040.3206787109375,16808.96875,4157.11376953125,124.09187316894531
2023-01-24,,1623.282958984375,1210.5211181640625,1052.6357421875,,2586.086669921875,1958.301513671875,4423.345703125,7207.560546875,3497.27783203125,3459.74755859375,1173.176513671875,3990.30517578125,831.1642456054688,158.0,5701.74658203125,,60.0,984.5070190429688,912.775390625,2056.127685546875,119.0,190.6938018798828,9795.7470703125,7194.11865234375,6179.7021484375,8615.755859375,1368.3121337890625,21819.294921875,1156.118408203125,1936.732177734375,1369.18115234375,,4950.0,1254.642578125,1177.6551513671875,,1912.0013427734375,169.91513061523438,6432.76513671875,3227.565673828125,1021.9888916015625,16400.90625,4174.3984375,124.09187316894531
2023-01-25,,1627.9210205078125,1184.040771484375,1052.6357421875,,2576.40087890625,1932.9786376953125,4442.009765625,7185.65234375,3506.939208984375,3414.815185546875,1212.57421875,3909.693115234375,836.1412963867188,159.0,5606.31982421875,,59.0,998.373291015625,908.1183471679688,2029.990234375,117.0,192.4927978515625,9819.294921875,7096.90087890625,6068.15478515625,8591.279296875,1317.4244384765625,21251.98828125,1156.118408203125,1927.33056640625,1310.2916259765625,,4780.0,1214.458251953125,1162.8883056640625,,1879.594482421875,174.67910766601562,6387.4638671875,3219.182373046875,1021.9888916015625,16353.8212890625,4191.6845703125,124.09187316894531
2023-01-26,,1567.6275634765625,1138.6463623046875,1091.622314453125,,2663.572509765625,1958.301513671875,4404.68212890625,7426.634765625,3661.514892578125,3437.28173828125,1208.1966552734375,3960.075927734375,841.1182861328125,155.0,5677.89013671875,,57.0,1035.35009765625,945.3744506835938,2003.85302734375,115.0,190.6938018798828,9489.6298828125,7072.59619140625,5978.91748046875,8322.037109375,1351.3494873046875,20437.404296875,1182.4937744140625,1917.928955078125,1285.75439453125,,4810.0,1214.458251953125,1151.8131103515625,,1830.9844970703125,184.20704650878906,6636.6201171875,3328.1650390625,1021.9888916015625,15851.595703125,4148.47119140625,123.0991439819336
2023-01-27,,1539.7998046875,1157.560791015625,1083.824951171875,,2702.3154296875,1941.41943359375,4386.0185546875,7623.80224609375,3690.49755859375,3474.724853515625,1225.7066650390625,4040.68798828125,836.1412963867188,155.0,5582.46337890625,,58.0,1007.6174926757812,922.0894165039062,1995.1405029296875,117.0,188.89479064941406,9418.9873046875,7218.4228515625,5978.91748046875,8346.513671875,1357.0037841796875,21004.70703125,1178.097900390625,1927.33056640625,1241.587158203125,,4750.0,1232.318115234375,1155.5048828125,,1874.193359375,182.61904907226562,6591.3193359375,3319.78173828125,1031.1546630859375,16055.625,4105.2578125,124.09187316894531
2023-01-30,,1498.0582275390625,1138.6463623046875,1048.7373046875,,2760.429443359375,1932.9786376953125,4386.0185546875,7623.80224609375,3593.8876953125,3452.2587890625,1208.1966552734375,4010.458740234375,851.0723266601562,154.0,5606.31982421875,,57.0,979.8848266601562,922.0894165039062,1951.5787353515625,113.0,190.6938018798828,9513.1767578125,7121.205078125,6068.15478515625,8322.037109375,1351.3494873046875,20742.876953125,1182.4937744140625,2021.3466796875,1290.6617431640625,,4670.0,1218.92333984375,1155.5048828125,,1863.3912353515625,182.61904907226562,6546.01806640625,3319.78173828125,1031.1546630859375,15851.595703125,4113.90087890625,125.08460998535156
2023-01-31,,1521.248046875,1119.73193359375,1021.446533203125,,2741.058349609375,1949.8603515625,4479.33740234375,7426.634765625,3535.921875,3429.793212890625,1190.6865234375,4010.458740234375,821.210205078125,153.0,5558.60693359375,,60.0,998.373291015625,922.0894165039062,2003.85302734375,112.0,190.6938018798828,9513.1767578125,7218.4228515625,6001.22705078125,8150.70068359375,1379.62060546875,21062.890625,1186.8896484375,1936.732177734375,1275.939453125,,4720.0,1245.7127685546875,1140.738037109375,,1836.385498046875,179.44308471679688,6704.57177734375,3227.565673828125,1026.57177734375,15412.1435546875,4027.47412109375,126.07734680175781
2023-02-01,,1498.0582275390625,1115.9490966796875,1068.230224609375,,2876.658447265625,2000.5062255859375,4479.33740234375,7448.54296875,3526.26123046875,3504.679443359375,1195.0640869140625,3909.693115234375,821.210205078125,155.0,5606.31982421875,,60.0,1007.6174926757812,959.3455810546875,1986.4283447265625,113.0,192.4927978515625,9772.2001953125,7364.25,5934.29833984375,8273.0830078125,1357.0037841796875,20655.595703125,1178.097900390625,1955.535400390625,1364.273681640625,,4780.0,1223.38818359375,1159.1966552734375,,1825.5831298828125,185.79502868652344,6636.6201171875,3244.33203125,1035.737548828125,15522.005859375,4001.546142578125,129.05555725097656
2023-02-02,,1465.5926513671875,1085.686279296875,1111.115478515625,,2857.287109375,1983.624267578125,4423.345703125,7404.72802734375,3516.599853515625,3444.770263671875,1181.931640625,3919.76904296875,831.1642456054688,155.0,5534.75048828125,,60.0,1016.8617553710938,908.1183471679688,1942.8662109375,124.0,190.6938018798828,9654.4619140625,7218.4228515625,5889.6796875,8346.513671875,1340.041259765625,20422.861328125,1191.2855224609375,2068.354736328125,1374.088623046875,,4750.0,1192.1336669921875,1185.03857421875,,1847.187744140625,185.79502868652344,6636.6201171875,3261.0986328125,1031.1546630859375,15129.6396484375,4087.972412109375,130.0482940673828
2023-02-03,,1382.109619140625,1044.074462890625,1056.534423828125,,2896.030029296875,1966.7423095703125,4386.0185546875,7623.80224609375,3593.8876953125,3557.099853515625,1212.57421875,4000.38232421875,826.187255859375,147.0,5558.60693359375,,57.0,1086.1932373046875,922.0894165039062,1951.5787353515625,124.0,190.6938018798828,9866.3896484375,7169.81396484375,5978.91748046875,8493.373046875,1368.3121337890625,19942.837890625,1200.077392578125,2049.551513671875,1359.3662109375,,4650.0,1125.1597900390625,1155.5048828125,,1798.57763671875,185.79502868652344,6591.3193359375,3252.71533203125,1031.1546630859375,15066.8603515625,4053.40234375,131.041015625
2023-02-06,,1396.0234375,1051.6402587890625,1025.34521484375,,2828.22998046875,1916.0965576171875,4367.35400390625,7645.71044921875,3613.209716796875,3549.611572265625,1195.0640869140625,3980.228759765625,821.210205078125,142.0,5534.75048828125,,56.0,1076.948974609375,889.490234375,2003.85302734375,120.0,190.6938018798828,9678.009765625,7048.29150390625,5956.6083984375,8444.4189453125,1357.0037841796875,19724.640625,1204.47314453125,2040.14990234375,1413.3482666015625,,4610.0,1089.4404296875,1166.5799560546875,,1760.76953125,185.79502868652344,6568.66845703125,3252.71533203125,1017.406005859375,15019.77734375,4087.972412109375,129.05555725097656
2023-02-07,,1414.5750732421875,1093.251953125,1033.1424560546875,,2847.601318359375,1899.2147216796875,4386.0185546875,7755.24755859375,3622.871337890625,3557.099853515625,1199.441650390625,4101.1474609375,846.0953369140625,146.0,5582.46337890625,,57.0,1067.7047119140625,884.833251953125,2012.5654296875,123.0,190.6938018798828,9678.009765625,7121.205078125,5956.6083984375,8346.513671875,1334.3870849609375,21237.447265625,1200.077392578125,2077.75634765625,1467.330322265625,,4570.0,1138.5546875,1185.03857421875,,1874.193359375,185.79502868652344,6568.66845703125,3185.649169921875,1017.406005859375,15631.8671875,4200.32763671875,129.05555725097656
2023-02-08,,1386.7474365234375,1104.6004638671875,1013.6492919921875,,2857.287109375,1890.773681640625,4330.02685546875,7733.33935546875,3661.514892578125,3587.054443359375,1212.57421875,4111.2236328125,856.0494384765625,143.0,5487.0361328125,,56.0,1081.571044921875,889.490234375,1986.4283447265625,120.0,190.6938018798828,9725.1044921875,7072.59619140625,6068.15478515625,8395.466796875,1334.3870849609375,21004.70703125,1208.869140625,2115.362548828125,1452.60791015625,,4690.0,1174.2740478515625,1177.6551513671875,,1884.99560546875,181.0310821533203,6546.01806640625,3219.182373046875,999.0743408203125,15569.08984375,4342.9306640625,129.05555725097656
2023-02-09,,1349.6439208984375,1074.3372802734375,998.0546264648438,,2857.287109375,1873.891845703125,4236.70654296875,7799.06201171875,3690.49755859375,3602.031494140625,1199.441650390625,4131.376953125,836.1412963867188,139.0,5534.75048828125,,55.0,1007.6174926757812,926.7464599609375,1951.5787353515625,112.0,190.6938018798828,9701.5576171875,6951.07373046875,6045.845703125,8370.990234375,1328.73291015625,20582.869140625,1182.4937744140625,2115.362548828125,1413.3482666015625,,4580.0,1151.9493408203125,1185.03857421875,,1879.594482421875,171.5031280517578,6636.6201171875,3160.499267578125,989.9085693359375,15380.75390625,4252.18359375,129.05555725097656
2023-02-10,,1349.6439208984375,1036.5084228515625,1021.446533203125,,2857.287109375,1873.891845703125,4255.37060546875,7733.33935546875,3680.836669921875,3639.47412109375,1208.1966552734375,4151.5302734375,851.0723266601562,137.0,5582.46337890625,,55.0,998.373291015625,926.7464599609375,1960.2908935546875,105.0,192.4927978515625,9701.5576171875,6999.6826171875,6157.392578125,8419.9423828125,1340.041259765625,19870.103515625,1195.6815185546875,2218.780517578125,1413.3482666015625,,4690.0,1116.2301025390625,1185.03857421875,,1820.1820068359375,169.91513061523438,7021.68017578125,3185.649169921875,1017.406005859375,15380.75390625,3958.3330078125,125.08460998535156
2023-02-13,,1391.3853759765625,1051.6402587890625,1013.6492919921875,,2876.658447265625,1890.773681640625,4274.03466796875,7777.15478515625,3671.17578125,3594.54296875,1203.819091796875,4171.68310546875,841.1182861328125,137.0,5487.0361328125,,56.0,1012.2395629882812,926.7464599609375,2003.85302734375,116.0,192.4927978515625,9678.009765625,6926.76953125,6001.22705078125,8297.560546875,1396.5830078125,20495.587890625,1182.4937744140625,2096.559814453125,1545.8497314453125,,4650.0,1089.4404296875,1199.805419921875,,1820.1820068359375,173.09112548828125,6885.77685546875,3177.265869140625,980.7427368164062,15459.2275390625,3906.477294921875,129.05555725097656
2023-02-14,,1391.3853759765625,1070.5543212890625,1056.534423828125,,2915.4013671875,1865.4508056640625,4274.03466796875,7842.87744140625,3651.85400390625,3646.962890625,1195.0640869140625,4181.75927734375,851.0723266601562,146.0,5558.60693359375,,58.0,993.751220703125,926.7464599609375,1977.715576171875,119.0,192.4927978515625,9701.5576171875,6926.76953125,6023.5361328125,8077.2705078125,1424.85400390625,20437.404296875,1182.4937744140625,2190.57568359375,1491.8675537109375,,4600.0,1089.4404296875,1192.4219970703125,,1836.385498046875,173.09112548828125,6931.078125,3185.649169921875,989.9085693359375,15537.701171875,3941.047607421875,128.0628204345703
2023-02-15,,1386.7474365234375,1115.9490966796875,1044.8385009765625,,2973.515625,1857.0098876953125,4236.70654296875,7777.15478515625,3642.192626953125,3646.962890625,1168.7989501953125,4121.30029296875,856.0494384765625,144.0,5558.60693359375,,56.0,989.1290893554688,908.1183471679688,1969.003662109375,118.0,194.29180908203125,9701.5576171875,6756.63818359375,5956.6083984375,8003.8408203125,1402.2373046875,20611.9609375,1160.5142822265625,2171.7724609375,1491.8675537109375,,4680.0,1040.326416015625,1192.4219970703125,,1857.9898681640625,174.67910766601562,6908.42724609375,3177.265869140625,994.4913940429688,15616.171875,3932.4052734375,139.97564697265625
2023-02-16,,1391.3853759765625,1104.6004638671875,1037.0411376953125,,2886.34423828125,1781.0413818359375,4255.37060546875,7623.80224609375,3613.209716796875,3646.962890625,1181.931640625,4101.1474609375,885.91162109375,141.0,5534.75048828125,,55.0,1002.9954223632812,917.432373046875,1986.4283447265625,121.0,194.29180908203125,9607.3671875,6635.11572265625,5889.6796875,7954.8876953125,1447.470703125,20597.412109375,1156.118408203125,2152.96923828125,1501.6824951171875,,4750.0,1009.0719604492188,1162.8883056640625,,1895.7979736328125,174.67910766601562,6817.8251953125,3160.499267578125,999.0743408203125,15474.921875,3906.477294921875,140.96836853027344
2023-02-17,,1345.005859375,1089.4691162109375,1029.243896484375,,2886.34423828125,1764.159423828125,4236.70654296875,7645.71044921875,3584.22705078125,3654.451904296875,1199.441650390625,4151.5302734375,890.888671875,142.0,5534.75048828125,,55.0,993.751220703125,917.432373046875,1960.2908935546875,125.0,196.09080505371094,9748.65234375,6586.5068359375,5889.6796875,7783.5517578125,1470.0875244140625,20437.404296875,1160.5142822265625,2115.362548828125,1467.330322265625,,4750.0,977.8175048828125,1173.9635009765625,,1884.99560546875,176.26710510253906,6727.22314453125,3152.115966796875,1008.2400512695312,15459.2275390625,3897.8349609375,137.99017333984375
2023-02-20,,1335.7301025390625,1097.0347900390625,1021.446533203125,,2944.45849609375,1755.718505859375,4180.71484375,7667.61669921875,3535.921875,3654.451904296875,1186.3089599609375,4141.453125,910.7967529296875,139.0,5630.1767578125,,53.0,975.2628173828125,856.8911743164062,2038.70263671875,122.0,235.66876220703125,9748.65234375,6489.2890625,5911.9892578125,7759.07568359375,1543.591796875,20655.595703125,1169.30615234375,2162.370849609375,1511.4974365234375,,4740.0,946.56298828125,1170.271728515625,,1928.204833984375,173.09112548828125,6817.8251953125,3202.41552734375,1008.2400512695312,15255.197265625,3923.762451171875,137.99017333984375
2023-02-21,,1317.17822265625,1066.7716064453125,1029.243896484375,,2963.829833984375,1755.718505859375,4162.05126953125,7623.80224609375,3497.27783203125,3609.519775390625,1173.176513671875,4111.2236328125,915.7738037109375,135.0,5582.46337890625,,53.0,961.396484375,861.5481567382812,2047.4151611328125,121.0,224.87477111816406,9701.5576171875,6586.5068359375,5822.75146484375,7881.45849609375,1537.9376220703125,20451.951171875,1160.5142822265625,2152.96923828125,1521.3123779296875,,4770.0,951.0280151367188,1159.1966552734375,,1901.1990966796875,168.32711791992188,6863.12646484375,3219.182373046875,1008.2400512695312,15066.8603515625,3889.191650390625,136.9974365234375
2023-02-22,,1293.9884033203125,1078.120361328125,1025.34521484375,,2934.77294921875,1730.3956298828125,4199.37939453125,7601.89404296875,3419.990234375,3564.588623046875,1168.7989501953125,4030.611572265625,905.8197631835938,133.0,5463.1796875,,53.0,933.6639404296875,875.5192260742188,1986.4283447265625,116.0,280.6437072753906,9630.9150390625,6610.8115234375,5889.6796875,7832.5048828125,1492.7042236328125,20699.23828125,1164.9102783203125,2030.7481689453125,1521.3123779296875,,4610.0,946.56298828125,1137.0462646484375,,1912.0013427734375,168.32711791992188,6727.22314453125,3235.948974609375,985.3256225585938,15270.8916015625,3871.906494140625,135.011962890625
2023-02-23,,1293.9884033203125,1097.0347900390625,1048.7373046875,,2886.34423828125,1713.513671875,4218.04296875,7645.71044921875,3458.63427734375,3594.54296875,1181.931640625,4060.841064453125,935.6819458007812,135.0,5439.32275390625,,53.0,915.1754150390625,884.833251953125,1977.715576171875,116.0,302.231689453125,9630.9150390625,6416.3759765625,5867.37060546875,7783.5517578125,1526.6292724609375,20888.337890625,1173.7020263671875,2049.551513671875,1560.5721435546875,,4300.0,946.56298828125,1133.3546142578125,,1922.8037109375,171.5031280517578,6908.42724609375,3328.1650390625,989.9085693359375,15506.3095703125,3802.764892578125,145.9320526123047
2023-02-24,,1293.9884033203125,1093.251953125,1091.622314453125,,2818.544189453125,1688.1907958984375,4292.6982421875,7601.89404296875,3439.312255859375,3564.588623046875,1173.176513671875,4080.993896484375,930.7048950195312,135.0,5367.75341796875,,52.0,910.5534057617188,977.9735717773438,1986.4283447265625,120.0,316.6236877441406,9583.8193359375,6440.6806640625,5867.37060546875,7856.98193359375,1492.7042236328125,20961.0703125,1151.7225341796875,2134.166015625,1570.386962890625,,4300.0,986.7473754882812,1125.97119140625,759.806396484375,1976.8148193359375,176.26710510253906,6704.57177734375,3386.847900390625,994.4913940429688,15663.2578125,3759.552001953125,137.99017333984375
2023-02-27,,1229.0570068359375,1115.9490966796875,1079.9263916015625,,2857.287109375,1696.6317138671875,4330.02685546875,7689.5244140625,3458.63427734375,3602.031494140625,1168.7989501953125,4091.0703125,930.7048950195312,134.0,5367.75341796875,,51.0,896.6871337890625,987.28759765625,1890.591796875,118.0,311.2266845703125,9466.0830078125,6464.98486328125,5889.6796875,7856.98193359375,1515.3209228515625,20975.61328125,1151.7225341796875,2040.14990234375,1560.5721435546875,,4450.0,995.67724609375,1133.3546142578125,720.730712890625,2014.623046875,174.67910766601562,6681.92138671875,3319.78173828125,976.15966796875,15804.509765625,3716.338623046875,139.97564697265625
2023-02-28,,1205.8673095703125,1131.08056640625,1079.9263916015625,,2808.8583984375,1679.7498779296875,4553.9931640625,7667.61669921875,3391.007080078125,3497.190673828125,1160.0439453125,4030.611572265625,930.7048950195312,136.0,5129.18603515625,,51.0,878.1986694335938,996.6016845703125,1820.892578125,118.0,304.03070068359375,9536.7255859375,6635.11572265625,5778.1328125,7759.07568359375,1543.591796875,21644.740234375,1182.4937744140625,1983.740234375,1482.052734375,,4540.0,1026.931640625,1155.5048828125,694.6801147460938,2084.837646484375,171.5031280517578,6546.01806640625,3252.71533203125,962.4110717773438,17515.22265625,3612.627197265625,142.95384216308594
2023-03-01,,1247.60888671875,1131.08056640625,1095.52099609375,,2799.172607421875,1688.1907958984375,4591.3212890625,7536.1728515625,3458.63427734375,3534.633544921875,1160.0439453125,4070.91748046875,866.0034790039062,134.0,5343.896484375,,52.0,882.82080078125,987.28759765625,1794.75537109375,122.0,305.8296813964844,9324.7978515625,6732.33349609375,5599.65771484375,7832.5048828125,1543.591796875,21513.826171875,1164.9102783203125,1983.740234375,1521.3123779296875,,4600.0,1035.861328125,1144.4298095703125,725.072509765625,2095.639892578125,169.91513061523438,6568.66845703125,3294.6318359375,930.3306274414062,17311.1953125,3586.699462890625,139.97564697265625
2023-03-02,,1219.78125,1131.08056640625,1126.710205078125,,2866.972900390625,1696.6317138671875,4591.3212890625,7558.080078125,3429.65087890625,3579.56591796875,1155.6663818359375,4121.30029296875,811.256103515625,135.0,5176.8994140625,,51.0,878.1986694335938,964.0025634765625,1812.18017578125,121.0,293.2367248535156,9277.703125,6635.11572265625,5577.34814453125,7759.07568359375,1532.2833251953125,22110.216796875,1134.1390380859375,1974.338623046875,1590.0167236328125,,4500.0,1004.6071166992188,1181.3468017578125,755.4646606445312,2160.45361328125,169.91513061523438,6478.06640625,3252.71533203125,944.079345703125,17782.033203125,3586.699462890625,141.9611053466797
2023-03-03,,1187.3155517578125,1142.4290771484375,1107.216796875,,2682.944091796875,1683.9703369140625,4516.666015625,7426.634765625,3381.34619140625,3564.588623046875,1146.9112548828125,4050.7646484375,816.2332153320312,133.0,5033.759765625,,50.0,878.1986694335938,959.3455810546875,1820.892578125,124.0,278.8447265625,9159.9658203125,6635.11572265625,5599.65771484375,7685.6455078125,1560.554443359375,22081.126953125,1125.34716796875,1936.732177734375,1531.1273193359375,,4420.0,995.67724609375,1166.5799560546875,759.806396484375,2165.8544921875,169.91513061523438,6500.716796875,3269.482177734375,921.1648559570312,17656.48046875,3508.91552734375,140.96836853027344
2023-03-06,,1182.677490234375,1100.8175048828125,1083.824951171875,,2731.37255859375,1654.427001953125,4535.32861328125,7360.91259765625,3400.66796875,3587.054443359375,1120.646240234375,4080.993896484375,796.3250732421875,128.0,5009.9033203125,,51.0,855.0882568359375,898.8043212890625,1794.75537109375,128.0,280.6437072753906,9183.5126953125,6586.5068359375,5577.34814453125,7661.1689453125,1611.4420166015625,21964.755859375,1098.971923828125,1983.740234375,1540.9422607421875,,4410.0,959.9578247070312,1181.3468017578125,746.7811889648438,2155.052490234375,173.09112548828125,6455.416015625,3252.71533203125,921.1648559570312,17358.27734375,3603.984619140625,139.97564697265625
2023-03-07,,1131.66015625,1081.9033203125,1095.52099609375,,2721.686767578125,1637.545166015625,4442.009765625,7382.81982421875,3439.312255859375,3624.4970703125,1116.2686767578125,4101.1474609375,786.3710327148438,124.0,4890.61962890625,,50.0,799.623046875,926.7464599609375,1812.18017578125,129.0,280.6437072753906,9395.4404296875,6367.76708984375,5577.34814453125,7563.26318359375,1571.8626708984375,21542.916015625,1103.3677978515625,1955.535400390625,1570.386962890625,,4280.0,951.0280151367188,1148.1214599609375,746.7811889648438,2068.63427734375,171.5031280517578,6410.11474609375,3252.71533203125,889.08447265625,16840.35546875,3526.20068359375,138.98291015625
2023-03-08,,1103.83251953125,1104.6004638671875,1083.824951171875,,2779.801025390625,1591.119873046875,4423.345703125,7514.26416015625,3429.65087890625,3624.4970703125,1107.5135498046875,4141.453125,786.3710327148438,123.0,4962.189453125,27.399999618530273,50.0,781.1346435546875,945.3744506835938,1794.75537109375,130.0,295.03570556640625,9230.6083984375,6246.24462890625,5488.11083984375,7440.8798828125,1583.171142578125,22052.033203125,1072.5965576171875,1974.338623046875,1540.9422607421875,,4100.0,915.3086547851562,1140.738037109375,746.7811889648438,2084.837646484375,169.91513061523438,6251.560546875,3303.014892578125,902.8331909179688,16573.548828125,3543.48583984375,138.98291015625
2023-03-09,,1085.2806396484375,1097.0347900390625,1095.52099609375,,2741.058349609375,1582.6788330078125,4498.00146484375,7514.26416015625,3535.921875,3602.031494140625,1125.023681640625,4211.98876953125,786.3710327148438,126.0,4795.19287109375,34.20000076293945,50.0,804.2451171875,931.4033813476562,1803.4677734375,129.0,291.4377136230469,9230.6083984375,6173.33154296875,5488.11083984375,7416.40283203125,1583.171142578125,22313.86328125,1072.5965576171875,1955.535400390625,1491.8675537109375,,4140.0,915.3086547851562,1155.5048828125,742.4393920898438,2128.046630859375,171.5031280517578,6274.2109375,3328.1650390625,902.8331909179688,16965.9140625,3543.48583984375,143.9465789794922
2023-03-10,,1066.728759765625,1081.9033203125,1079.9263916015625,,2721.686767578125,1586.8994140625,4460.673828125,7404.72802734375,3487.6171875,3609.519775390625,1116.2686767578125,4181.75927734375,776.4169311523438,129.0,4752.2509765625,42.599998474121094,50.0,804.2451171875,912.775390625,1803.4677734375,125.0,271.64874267578125,9183.5126953125,6221.9404296875,5465.80126953125,7245.06689453125,1583.171142578125,22139.30859375,1081.3883056640625,1936.732177734375,1437.8856201171875,,4080.0,910.84375,1144.4298095703125,746.7811889648438,2101.040771484375,169.91513061523438,6138.3076171875,3361.697998046875,893.66748046875,16840.35546875,3552.128662109375,137.99017333984375
2023-03-13,,1057.4530029296875,1097.0347900390625,1083.824951171875,,2779.801025390625,1561.5765380859375,4423.345703125,7492.357421875,3477.9560546875,3617.0087890625,1090.00341796875,4171.68310546875,776.4169311523438,129.0,4761.79345703125,53.0,50.0,808.8672485351562,903.4613647460938,1803.4677734375,126.0,278.8447265625,9089.3232421875,6003.2001953125,5465.80126953125,7269.54345703125,1600.1336669921875,22546.6015625,1041.8253173828125,1983.740234375,1511.4974365234375,,4020.0,915.3086547851562,1140.738037109375,729.4142456054688,2122.6455078125,163.5631561279297,6002.40380859375,3411.997802734375,884.5015869140625,17625.087890625,3595.341796875,135.011962890625
2023-03-14,,992.5215454101562,1047.857421875,1087.7235107421875,,2750.743896484375,1532.033203125,4311.36279296875,7295.18994140625,3391.007080078125,3527.14501953125,1046.228271484375,4000.38232421875,766.462890625,123.0,4723.623046875,66.0,50.0,758.024169921875,875.5192260742188,1759.90576171875,121.0,273.4477233886719,9089.3232421875,5905.982421875,5510.42041015625,7196.1142578125,1560.554443359375,21804.75,1041.8253173828125,1964.9368896484375,1437.8856201171875,,4000.0,852.7997436523438,1085.3624267578125,716.388916015625,2068.63427734375,152.4472198486328,5957.10302734375,3370.08154296875,875.3358154296875,17012.998046875,3638.554931640625,134.01922607421875
2023-03-15,,969.331787109375,1040.2916259765625,1091.622314453125,,2760.429443359375,1565.7969970703125,4311.36279296875,7295.18994140625,3400.66796875,3519.656982421875,1028.7181396484375,4050.7646484375,761.48583984375,125.0,4771.3359375,82.5,50.0,721.04736328125,912.775390625,1655.3568115234375,121.0,269.8497314453125,8783.2060546875,5978.8955078125,5443.49169921875,7024.77783203125,1583.171142578125,22052.033203125,1015.4500122070312,1946.1337890625,1516.4049072265625,,3990.0,830.4751586914062,1041.0618896484375,703.3635864257812,2057.831787109375,146.09524536132812,5594.693359375,3361.697998046875,843.2554321289062,17107.1640625,3543.48583984375,132.03375244140625
2023-03-16,,1001.7974853515625,998.6799926757812,1056.534423828125,,2712.001220703125,1515.1512451171875,4367.35400390625,7273.28271484375,3458.63427734375,3542.12255859375,1033.095703125,3970.15185546875,756.5088500976562,117.0,4580.48291015625,77.0,50.0,697.9368286132812,898.8043212890625,1629.2197265625,117.0,275.2467346191406,8853.8486328125,5978.8955078125,5488.11083984375,6682.10595703125,1571.8626708984375,21644.740234375,949.51171875,2002.5435791015625,1570.386962890625,,3850.0,772.4312133789062,1000.453125,685.9966430664062,1971.413818359375,144.5072479248047,5436.1396484375,3395.231201171875,834.089599609375,16903.134765625,3517.55810546875,133.0264892578125
2023-03-17,,1071.3668212890625,1051.6402587890625,1079.9263916015625,,2770.115234375,1599.5609130859375,4367.35400390625,7339.0048828125,3487.6171875,3669.4287109375,1081.24853515625,4070.91748046875,766.462890625,123.0,4742.7080078125,72.0,50.0,697.9368286132812,884.833251953125,1698.9188232421875,116.0,318.4226989746094,8995.1328125,6173.33154296875,5465.80126953125,6731.05908203125,1583.171142578125,22837.529296875,989.0746459960938,2087.157958984375,1570.386962890625,,3890.0,817.0804443359375,1026.2950439453125,699.0218505859375,2095.639892578125,142.9192657470703,5526.74169921875,3395.231201171875,838.6724853515625,17860.509765625,3595.341796875,135.011962890625
2023-03-20,,1015.7113037109375,1028.9427490234375,1095.52099609375,,2760.429443359375,1603.7813720703125,4386.0185546875,7360.91259765625,3477.9560546875,3654.451904296875,1050.605712890625,4030.611572265625,766.462890625,119.0,4694.9951171875,67.0,50.0,674.826416015625,875.5192260742188,1655.3568115234375,108.0,349.005615234375,9065.775390625,6197.6357421875,5532.7294921875,6975.82470703125,1543.591796875,22226.5859375,975.8870849609375,2040.14990234375,1496.7750244140625,,3890.0,767.96630859375,985.686279296875,694.6801147460938,2068.63427734375,140.5372772216797,5504.09130859375,3344.931640625,829.5066528320312,17389.669921875,3595.341796875,141.9611053466797
2023-03-21,,1057.4530029296875,1032.725830078125,1111.115478515625,,2808.8583984375,1591.119873046875,4386.0185546875,7448.54296875,3564.90478515625,3669.4287109375,1063.73828125,4232.1416015625,791.3480224609375,120.0,4742.7080078125,76.0,50.0,684.070556640625,875.5192260742188,1786.0428466796875,110.0,325.6186828613281,9136.41796875,6173.33154296875,5465.80126953125,7245.06689453125,1554.900146484375,22313.86328125,962.6994018554688,2077.75634765625,1467.330322265625,,3900.0,781.361083984375,996.7613525390625,694.6801147460938,2025.4251708984375,145.30125427246094,5662.64501953125,3453.914306640625,834.089599609375,17248.41796875,3629.912353515625,139.97564697265625
2023-03-24,,1020.3493041992188,1013.8113403320312,1200.784423828125,,2837.91552734375,1599.5609130859375,4442.009765625,7733.33935546875,3719.480712890625,3748.98388671875,1120.646240234375,4393.36669921875,816.2332153320312,121.0,4890.61962890625,71.0,50.0,697.9368286132812,903.4613647460938,1742.48095703125,115.0,325.6186828613281,9395.4404296875,6246.24462890625,5644.2763671875,7196.1142578125,1594.4794921875,22342.958984375,997.866455078125,2002.5435791015625,1486.960205078125,,3960.0,812.615478515625,1004.144775390625,690.33837890625,2003.820556640625,151.65322875976562,5707.9462890625,3411.997802734375,820.3408813476562,17373.97265625,3690.4111328125,139.97564697265625
2023-03-27,,1071.3668212890625,1013.8113403320312,1200.784423828125,,2808.8583984375,1654.427001953125,4386.0185546875,7623.80224609375,3671.17578125,3725.406005859375,1107.5135498046875,4321.0673828125,796.3250732421875,129.0,4771.3359375,71.0,50.0,684.070556640625,898.8043212890625,1733.7684326171875,115.0,325.6186828613281,9395.4404296875,6246.24462890625,5688.89501953125,7245.06689453125,1583.171142578125,22401.142578125,1019.8460083007812,1974.338623046875,1472.23779296875,,3940.0,817.0804443359375,1015.219970703125,642.5791015625,1998.41943359375,146.09524536132812,5662.64501953125,3395.231201171875,834.089599609375,17452.447265625,3707.696044921875,139.97564697265625
2023-03-28,,1136.2979736328125,1047.857421875,1200.784423828125,,2886.34423828125,1683.9703369140625,4367.35400390625,7601.89404296875,3638.03271484375,3748.98388671875,1103.1361083984375,4289.294921875,796.3250732421875,137.0,4842.90625,75.5,50.0,739.5357666015625,918.343505859375,1786.0428466796875,118.0,320.2216796875,9513.1767578125,6343.462890625,5688.89501953125,7440.8798828125,1571.8626708984375,23113.904296875,1028.6376953125,2021.3466796875,1570.386962890625,,4020.0,834.9400634765625,1022.6033935546875,603.50341796875,2057.831787109375,153.2412109375,5775.8984375,3395.231201171875,852.4212646484375,17938.98046875,3716.338623046875,147.9175262451172
2023-03-29,,1145.573974609375,1089.4691162109375,1259.2642822265625,,2857.287109375,1755.718505859375,4442.009765625,7865.57080078125,3708.576171875,3780.42236328125,1124.348388671875,4384.61328125,801.3020629882812,133.0,4866.7626953125,73.5,50.0,748.7799682617188,923.2283325195312,1777.33056640625,116.0,318.4226989746094,9395.4404296875,6416.3759765625,5666.5859375,7465.3564453125,1566.2086181640625,23739.392578125,1015.4500122070312,2068.354736328125,1594.92431640625,,4130.0,866.1945190429688,1037.3702392578125,616.5286254882812,2111.84326171875,151.65322875976562,5775.8984375,3437.147705078125,870.7528076171875,18284.263671875,3768.194580078125,170.7504119873047
2023-03-30,,1108.4703369140625,1085.686279296875,1228.074951171875,,2779.801025390625,1764.159423828125,4404.68212890625,7887.91552734375,3769.041748046875,3733.265380859375,1124.348388671875,4331.65869140625,811.256103515625,126.0,4842.90625,74.0,50.0,721.04736328125,923.2283325195312,1759.90576171875,112.0,336.41265869140625,9301.2509765625,6440.6806640625,5711.205078125,7489.8330078125,1577.516845703125,22793.888671875,1011.0540771484375,2040.14990234375,1511.4974365234375,,4140.0,875.1243896484375,1029.98681640625,612.1869506835938,2090.23876953125,149.271240234375,5775.8984375,3428.7646484375,843.2554321289062,18190.09375,3681.76806640625,164.79400634765625
2023-03-31,,1196.591552734375,1097.0347900390625,1208.581787109375,,2789.487060546875,1764.159423828125,4479.33740234375,7820.87890625,3769.041748046875,3717.54638671875,1110.747314453125,4374.02197265625,821.210205078125,127.0,4761.79345703125,81.5,50.0,730.2915649414062,923.2283325195312,1725.0560302734375,109.0,332.8146667480469,9395.4404296875,6464.98486328125,5532.7294921875,7342.9736328125,1571.8626708984375,22924.802734375,989.0746459960938,1974.338623046875,1482.052734375,,4190.0,901.9138793945312,1018.91162109375,603.50341796875,2155.052490234375,149.271240234375,5707.9462890625,3403.61474609375,847.8382568359375,18268.5703125,3759.552001953125,164.79400634765625
2023-04-03,,1145.573974609375,1112.1661376953125,1212.48046875,,2828.22998046875,1764.159423828125,4479.33740234375,7865.57080078125,3769.041748046875,3772.562744140625,1110.747314453125,4458.74853515625,811.256103515625,131.0,4599.56787109375,81.0,50.0,734.9136962890625,937.8827514648438,1751.1932373046875,110.0,336.41265869140625,9395.4404296875,6586.5068359375,5510.42041015625,7318.49658203125,1543.591796875,23215.728515625,989.0746459960938,1955.535400390625,1423.1632080078125,,4100.0,955.4929809570312,1000.453125,568.7693481445312,2182.057861328125,148.4772491455078,5753.248046875,3420.381103515625,884.5015869140625,18111.62109375,3707.696044921875,175.71409606933594
2023-04-04,,1131.66015625,1153.77783203125,1220.27783203125,,2779.801025390625,1730.3956298828125,4498.00146484375,7843.224609375,3769.041748046875,3788.28173828125,1101.6800537109375,4405.79443359375,786.3710327148438,131.0,4494.5986328125,89.5,50.0,762.646240234375,918.343505859375,1729.412353515625,110.0,334.6136474609375,9607.3671875,6562.20263671875,5666.5859375,7294.02001953125,1543.591796875,23579.3828125,984.6788330078125,1974.338623046875,1374.088623046875,,4190.0,982.2825317382812,1037.3702392578125,573.111083984375,2214.46484375,148.4772491455078,5775.8984375,3403.61474609375,866.1699829101562,18598.15625,3707.696044921875,174.7213592529297
2023-04-05,,1094.5565185546875,1157.560791015625,1208.581787109375,,2712.001220703125,1772.600341796875,4479.33740234375,7798.53466796875,3758.964599609375,3796.14111328125,1115.281005859375,4426.97607421875,771.4398803710938,132.0,4351.45849609375,90.0,50.0,776.5125122070312,903.6891479492188,1729.412353515625,107.0,341.8096618652344,9536.7255859375,6464.98486328125,5599.65771484375,7122.68408203125,1543.591796875,23797.576171875,971.4911499023438,1964.9368896484375,1359.3662109375,,4190.0,968.8875732421875,1022.6033935546875,577.4528198242188,2198.261474609375,145.30125427246094,5458.7900390625,3479.064208984375,857.004150390625,18708.01953125,3673.125244140625,181.67050170898438
2023-04-06,,1089.91845703125,1142.4290771484375,1228.074951171875,,2615.143798828125,1772.600341796875,4423.345703125,7820.87890625,3779.1201171875,3804.000244140625,1119.814697265625,4384.61328125,771.4398803710938,130.0,4217.861328125,90.0,50.0,758.024169921875,913.4586791992188,1707.63134765625,101.0,322.02069091796875,9489.6298828125,6221.9404296875,5577.34814453125,7122.68408203125,1526.6292724609375,23928.4921875,971.4911499023438,1927.33056640625,1388.81103515625,,4160.0,937.6332397460938,1007.8365478515625,564.4275512695312,2176.656982421875,141.33128356933594,5458.7900390625,3562.897216796875,843.2554321289062,18708.01953125,3673.125244140625,190.60511779785156
2023-04-10,,1052.81494140625,1131.08056640625,1231.9737548828125,,2721.686767578125,1705.07275390625,4460.673828125,7865.57080078125,3758.964599609375,3819.719482421875,1124.348388671875,4321.0673828125,761.48583984375,123.0,4322.83056640625,87.0,50.0,707.1810302734375,898.8043212890625,1633.5758056640625,94.0,323.8196716308594,9489.6298828125,6221.9404296875,5644.2763671875,7269.54345703125,1498.3582763671875,23783.02734375,989.0746459960938,1946.1337890625,1339.736328125,,4010.0,937.6332397460938,1000.453125,534.035400390625,2138.848876953125,141.33128356933594,5481.44091796875,3604.813232421875,847.8382568359375,18959.1328125,3707.696044921875,196.56153869628906
2023-04-11,,1071.3668212890625,1153.77783203125,1243.6695556640625,,2721.686767578125,1781.0413818359375,4535.32861328125,7887.91552734375,3779.1201171875,3835.438720703125,1119.814697265625,4321.0673828125,786.3710327148438,124.0,4275.1171875,94.5,50.0,716.4253540039062,908.5739135742188,1585.65771484375,99.0,332.8146667480469,9607.3671875,6343.462890625,5666.5859375,7318.49658203125,1515.3209228515625,26244.2265625,975.8870849609375,1946.1337890625,1305.38427734375,,4150.0,924.2384033203125,1015.219970703125,603.50341796875,2149.651123046875,142.9192657470703,5572.04296875,3604.813232421875,843.2554321289062,19084.689453125,3629.912353515625,194.57606506347656
2023-04-12,,1066.728759765625,1119.73193359375,1231.9737548828125,,2712.001220703125,1781.0413818359375,4665.97705078125,7954.951171875,3769.041748046875,3874.736083984375,1137.9493408203125,4363.43115234375,776.4169311523438,121.0,4284.66015625,92.5,50.0,707.1810302734375,845.0714111328125,1598.7261962890625,93.0,332.8146667480469,9466.0830078125,6270.54931640625,5599.65771484375,7465.3564453125,1515.3209228515625,24415.240234375,967.0952758789062,1917.928955078125,1344.6439208984375,,4160.0,915.3086547851562,1022.6033935546875,594.8199462890625,2117.24462890625,142.9192657470703,5617.34423828125,3613.196533203125,838.6724853515625,19618.310546875,3621.269775390625,192.59059143066406
2023-04-13,,1043.5390625,1119.73193359375,1228.074951171875,,2653.88671875,1797.9232177734375,4665.97705078125,7977.2978515625,3779.1201171875,3914.033447265625,1151.5504150390625,4342.24951171875,801.3020629882812,119.0,4322.83056640625,90.0,50.0,739.5357666015625,786.4537353515625,1568.2327880859375,91.0,332.8146667480469,9654.4619140625,6197.6357421875,5599.65771484375,7342.9736328125,1492.7042236328125,23880.34375,958.303466796875,1908.5272216796875,1364.273681640625,,4130.0,919.7734985351562,1018.91162109375,625.212158203125,2149.651123046875,140.5372772216797,5526.74169921875,3638.3466796875,875.3358154296875,19492.75,3543.48583984375,179.68502807617188
2023-04-14,,992.5215454101562,1104.6004638671875,1243.6695556640625,,2663.572509765625,1781.0413818359375,4628.64892578125,8044.33349609375,3789.197265625,3988.69873046875,1147.0167236328125,4426.97607421875,801.3020629882812,120.0,4284.66015625,89.0,50.0,730.2915649414062,732.7208862304688,1572.5888671875,92.0,323.8196716308594,9654.4619140625,6392.07177734375,5621.96728515625,7318.49658203125,1492.7042236328125,23276.43359375,962.6994018554688,1936.732177734375,1403.533447265625,,4320.0,973.3525390625,1026.2950439453125,625.212158203125,2144.25,134.18531799316406,5549.392578125,3638.3466796875,907.4161376953125,18974.828125,3586.699462890625,180.67776489257812
2023-04-17,,992.5215454101562,1081.9033203125,1235.872314453125,,2634.515380859375,1789.4822998046875,4647.31298828125,8066.6787109375,3809.352783203125,3921.89306640625,1137.9493408203125,4342.24951171875,811.256103515625,120.0,4332.373046875,90.0,50.0,721.04736328125,688.7576293945312,1555.164306640625,92.0,318.4226989746094,9630.9150390625,6270.54931640625,5644.2763671875,7367.44970703125,1504.0125732421875,22258.4140625,985.73046875,1917.928955078125,1437.8856201171875,,4170.0,928.703369140625,1037.3702392578125,651.2626953125,2133.44775390625,132.59732055664062,5481.44091796875,3579.663818359375,902.8331909179688,19147.46875,3569.413818359375,198.54701232910156
2023-04-18,,1020.3493041992188,1134.863525390625,1259.2642822265625,,2634.515380859375,1772.600341796875,4796.62451171875,8156.06005859375,3819.43017578125,3890.454833984375,1133.4156494140625,4384.61328125,796.3250732421875,122.0,4236.9462890625,95.0,50.0,707.1810302734375,703.412109375,1563.8765869140625,95.0,320.2216796875,9607.3671875,6416.3759765625,5666.5859375,7342.9736328125,1515.3209228515625,23259.181640625,981.124267578125,1936.732177734375,1403.533447265625,885.0,4020.0,942.09814453125,1048.4453125,651.2626953125,2182.057861328125,132.59732055664062,5458.7900390625,3579.663818359375,911.9990844726562,19508.447265625,3534.84326171875,192.59059143066406
2023-04-26,,1020.3493041992188,1172.6922607421875,1267.0616455078125,,2818.544189453125,1781.0413818359375,5001.92724609375,8223.0966796875,3859.74072265625,3949.4013671875,1142.4830322265625,4405.79443359375,816.2332153320312,122.0,4341.91552734375,103.0,50.0,684.070556640625,718.0665283203125,1537.7393798828125,95.0,332.8146667480469,9607.3671875,6416.3759765625,5800.4423828125,7759.07568359375,1492.7042236328125,23379.962890625,990.336669921875,1955.535400390625,1383.903564453125,825.0,4010.0,915.3086547851562,1066.9039306640625,664.2879028320312,2236.0693359375,134.18531799316406,5458.7900390625,3688.64599609375,944.079345703125,19712.4765625,3543.48583984375,208.47434997558594
2023-04-27,,1011.0734252929688,1165.1265869140625,1259.2642822265625,,2750.743896484375,1755.718505859375,5001.92724609375,8178.40576171875,3829.508056640625,4047.64501953125,1133.4156494140625,4405.79443359375,826.187255859375,122.0,4418.25732421875,101.5,50.0,665.5821533203125,703.412109375,1533.38330078125,99.0,347.2066345214844,9654.4619140625,6416.3759765625,5733.51416015625,7734.5986328125,1537.9376220703125,23190.16015625,976.51806640625,1993.141845703125,1344.6439208984375,820.0,3980.0,892.9840087890625,1055.8287353515625,659.9461669921875,2230.668212890625,134.97930908203125,5458.7900390625,3621.580078125,966.9939575195312,19508.447265625,3802.764892578125,220.38717651367188
2023-04-28,,1020.3493041992188,1184.040771484375,1263.1629638671875,,2808.8583984375,1772.600341796875,5039.2548828125,8089.02392578125,3799.274658203125,4008.34765625,1128.8819580078125,4384.61328125,831.1642456054688,121.0,4380.08642578125,100.0,50.0,651.7158813476562,683.8728637695312,1524.6707763671875,104.0,332.8146667480469,9960.580078125,6780.9423828125,5755.82373046875,7612.2158203125,1583.171142578125,22983.107421875,958.0932006835938,1993.141845703125,1344.6439208984375,830.0,3940.0,901.9138793945312,1055.8287353515625,655.6044311523438,2236.0693359375,131.0093231201172,5390.837890625,3562.897216796875,939.4965209960938,22651.431640625,3802.764892578125,212.44529724121094
2023-05-02,,964.69384765625,1127.2977294921875,1251.4669189453125,,2818.544189453125,1738.8365478515625,4983.263671875,8089.02392578125,3849.6630859375,4047.64501953125,1133.4156494140625,4448.15771484375,826.187255859375,115.0,4418.25732421875,99.0,50.0,637.8496704101562,639.9096069335938,1507.2459716796875,103.0,338.211669921875,9795.7470703125,6780.9423828125,5800.4423828125,7489.8330078125,1662.32958984375,21861.560546875,962.6994018554688,1946.1337890625,1383.903564453125,805.0,3860.0,857.2647094726562,1026.2950439453125,664.2879028320312,2084.837646484375,127.83333587646484,5322.88623046875,3512.597412109375,930.3306274414062,21083.85546875,3802.764892578125,214.43077087402344
2023-05-03,,936.8662109375,1112.1661376953125,1220.27783203125,,2905.715576171875,1789.4822998046875,4945.935546875,7977.2978515625,3819.43017578125,4008.34765625,1110.747314453125,4426.97607421875,816.2332153320312,115.0,4532.76953125,97.0,50.0,628.60546875,610.6007080078125,1585.65771484375,100.0,331.0156555175781,10125.412109375,6708.029296875,5934.29833984375,7000.30126953125,1684.9464111328125,21913.32421875,990.336669921875,1936.732177734375,1428.0706787109375,795.0,3890.0,839.4049682617188,1029.98681640625,659.9461669921875,1939.0069580078125,127.03936004638672,5300.23583984375,3479.064208984375,898.2503051757812,19614.2578125,3802.764892578125,216.41624450683594
2023-05-04,,950.780029296875,1104.6004638671875,1208.581787109375,,2925.087158203125,1797.9232177734375,4927.27197265625,8044.33349609375,3748.886474609375,4047.64501953125,1115.281005859375,4384.61328125,806.2791137695312,114.0,4590.02490234375,92.0,50.0,642.4716796875,615.4855346679688,1594.3701171875,109.0,327.41766357421875,10172.5068359375,6829.5517578125,5911.9892578125,7024.77783203125,1707.5631103515625,21516.466796875,1022.5802001953125,1964.9368896484375,1432.97802734375,805.0,3880.0,808.1505126953125,1018.91162109375,668.6296997070312,1841.78662109375,124.65735626220703,5484.81884765625,3479.064208984375,930.3306274414062,19202.767578125,3845.979248046875,230.31451416015625
2023-05-05,,890.4866943359375,1055.4229736328125,1173.4940185546875,,2876.658447265625,1721.95458984375,5010.37060546875,8044.33349609375,3728.731689453125,4106.591796875,1106.2137451171875,4384.61328125,816.2332153320312,120.0,4570.93994140625,90.0,50.0,642.4716796875,581.2919311523438,1581.3013916015625,106.0,320.2216796875,10243.1484375,6805.2470703125,5978.91748046875,6951.34814453125,1707.5631103515625,20463.9375,999.5491333007812,2021.3466796875,1437.8856201171875,790.0,3610.0,803.6856689453125,1011.5281982421875,651.2626953125,1814.7808837890625,131.80331420898438,5390.25341796875,3495.83056640625,925.7478637695312,18928.4453125,3880.54931640625,218.40170288085938
2023-05-08,,885.8486938476562,1085.686279296875,1173.4940185546875,,2866.972900390625,1747.2774658203125,4990.0029296875,8044.33349609375,3688.4208984375,4008.34765625,1101.6800537109375,4342.24951171875,816.2332153320312,121.0,4465.970703125,88.0,50.0,647.09375,600.8311157226562,1576.9453125,106.0,318.4226989746094,10384.43359375,6780.9423828125,6135.0830078125,6975.82470703125,1752.7965087890625,20705.501953125,976.51806640625,1974.338623046875,1472.23779296875,795.0,3390.0,834.9400634765625,1026.2950439453125,668.6296997070312,1884.99560546875,133.39132690429688,5508.4609375,3403.61474609375,921.1648559570312,19594.6640625,3863.263916015625,216.41624450683594
2023-05-09,,881.2107543945312,1093.251953125,1173.4940185546875,,2857.287109375,1781.0413818359375,5152.94140625,7977.2978515625,3678.34326171875,4027.99609375,1174.21875,4278.70458984375,811.256103515625,121.0,4465.970703125,85.5,50.0,670.204345703125,610.6007080078125,1659.713134765625,109.0,309.42767333984375,10360.88671875,6878.16064453125,6090.46435546875,7098.2080078125,1747.1424560546875,20619.228515625,976.51806640625,1936.732177734375,1565.4796142578125,790.0,3350.0,830.4751586914062,1044.753662109375,668.6296997070312,1884.99560546875,137.36131286621094,5792.158203125,3411.997802734375,925.7478637695312,19810.203125,3794.122802734375,228.32904052734375
2023-05-10,,876.57275390625,1112.1661376953125,1129.135009765625,,2828.22998046875,1772.600341796875,5152.94140625,7977.2978515625,3708.576171875,4047.64501953125,1165.1513671875,4299.8857421875,821.210205078125,123.0,4465.970703125,80.5,50.0,670.204345703125,630.1399536132812,1655.3568115234375,118.0,295.03570556640625,10266.6962890625,6780.9423828125,6157.392578125,7220.5908203125,1747.1424560546875,20843.537109375,981.124267578125,1936.732177734375,1545.8497314453125,780.0,3350.0,839.4049682617188,1052.1370849609375,677.3131103515625,1884.99560546875,135.7733154296875,5721.23388671875,3462.2978515625,939.4965209960938,19810.203125,3889.191650390625,230.31451416015625
2023-05-11,,862.658935546875,1059.2059326171875,1117.0372314453125,,2789.487060546875,1721.95458984375,5091.83984375,7887.91552734375,3688.4208984375,4047.64501953125,1169.68505859375,4321.0673828125,821.210205078125,121.0,4475.513671875,81.0,50.0,660.9600830078125,591.0615844726562,1703.2750244140625,116.0,305.8296813964844,10337.3388671875,6708.029296875,6068.15478515625,7049.2548828125,1718.8714599609375,19514.9375,1004.1553955078125,2002.5435791015625,1639.0914306640625,770.0,3340.0,834.9400634765625,1048.4453125,677.3131103515625,1857.9898681640625,131.0093231201172,5555.7431640625,3428.7646484375,925.7478637695312,19457.5,3828.693359375,228.32904052734375
2023-05-12,,839.4691772460938,1044.074462890625,1104.9393310546875,,2847.601318359375,1688.1907958984375,5071.47216796875,7865.57080078125,3627.954833984375,4047.64501953125,1201.420654296875,4236.34130859375,801.3020629882812,122.0,4523.2265625,85.5,50.0,647.09375,566.6375122070312,1711.987548828125,116.0,325.6186828613281,10243.1484375,6513.59326171875,6001.22705078125,7098.2080078125,1764.10498046875,19204.3515625,1022.5802001953125,2019.7738037109375,1634.18408203125,775.0,3190.0,830.4751586914062,1048.4453125,681.6548461914062,1836.385498046875,132.59732055664062,5579.38525390625,3336.548095703125,898.2503051757812,19437.90625,3802.764892578125,220.38717651367188
2023-05-15,,825.5553588867188,1006.2456665039062,1113.004638671875,,2847.601318359375,1679.7498779296875,5173.30908203125,7843.224609375,3587.644287109375,4047.64501953125,1210.488037109375,4278.70458984375,796.3250732421875,126.0,4795.19287109375,82.5,50.0,647.09375,595.9462890625,1690.20654296875,117.0,322.02069091796875,10360.88671875,6513.59326171875,6001.22705078125,7098.2080078125,1735.833984375,19152.58984375,1082.4610595703125,2048.49072265625,1697.98095703125,795.0,3240.0,808.1505126953125,1041.0618896484375,729.4142456054688,1841.78662109375,127.03936004638672,5532.10205078125,3336.548095703125,911.9990844726562,19202.767578125,3889.191650390625,220.38717651367188
2023-05-16,,779.1758422851562,1010.0284423828125,1048.482666015625,,2847.601318359375,1662.8680419921875,5112.20703125,7776.1884765625,3527.17822265625,4086.942626953125,1174.21875,4227.8681640625,786.3710327148438,123.0,4752.2509765625,92.0,50.0,605.4949340820312,561.752685546875,1705.3453369140625,118.0,340.01068115234375,10360.88671875,6378.9541015625,6090.46435546875,7196.1142578125,1679.2921142578125,18980.04296875,1073.24853515625,2105.92529296875,1668.5361328125,775.0,3050.0,812.615478515625,1018.91162109375,729.4142456054688,1820.1820068359375,118.3053970336914,5579.38525390625,3336.548095703125,896.2217407226562,19163.580078125,3897.8349609375,210.45982360839844
2023-05-17,,816.2794189453125,960.85107421875,1068.6456298828125,,2837.91552734375,1633.3245849609375,5152.94140625,7843.224609375,3527.17822265625,4086.942626953125,1169.68505859375,4236.34130859375,801.3020629882812,121.0,4771.3359375,87.5,50.0,591.6286010742188,571.5223388671875,1745.418701171875,113.0,368.79461669921875,10360.88671875,6403.58349609375,6068.15478515625,7098.2080078125,1718.8714599609375,18151.8203125,1082.4610595703125,2067.6357421875,1673.4434814453125,790.0,3190.0,803.6856689453125,1015.219970703125,729.4142456054688,1766.170654296875,110.36543273925781,5603.0263671875,3344.931640625,942.9000244140625,18830.46875,3854.620849609375,210.45982360839844
2023-05-19,,774.5379028320312,911.6737060546875,1084.7763671875,,2808.8583984375,1650.2066650390625,5275.1455078125,8044.33349609375,3557.41162109375,4244.13330078125,1196.886962890625,4299.8857421875,791.3480224609375,116.0,4742.7080078125,87.0,50.0,623.9833374023438,542.2134399414062,1789.9447021484375,115.0,356.20159912109375,10313.791015625,6305.06689453125,6202.01171875,7073.73095703125,1764.10498046875,17047.529296875,1077.8548583984375,2077.208251953125,1643.9989013671875,765.0,3000.0,781.361083984375,993.0697021484375,738.09765625,1685.15380859375,111.95342254638672,5603.0263671875,3370.08154296875,966.2391357421875,18262.2265625,3828.693359375,196.56153869628906
2023-05-22,,765.261962890625,930.5879516601562,1092.8414306640625,,2789.487060546875,1637.545166015625,5376.98291015625,8044.33349609375,3567.489013671875,4263.7822265625,1187.8197021484375,4426.97607421875,796.3250732421875,118.0,4842.90625,88.5,50.0,637.8496704101562,527.55908203125,1789.9447021484375,114.0,352.6036071777344,10360.88671875,6231.17919921875,6157.392578125,7294.02001953125,1730.1798095703125,17375.3671875,1119.310791015625,2038.918701171875,1624.369140625,750.0,2950.0,799.2207641601562,1004.144775390625,707.7053833007812,1706.7584228515625,110.36543273925781,5721.23388671875,3386.847900390625,942.9000244140625,18712.90234375,3820.05029296875,200.532470703125
2023-05-23,,746.7101440429688,960.2683715820312,1100.90673828125,,2770.115234375,1641.7655029296875,5376.98291015625,8156.06005859375,3607.7998046875,4322.728515625,1160.6177978515625,4342.24951171875,776.4169311523438,116.0,4733.166015625,86.5,50.0,610.1170043945312,517.7894287109375,1727.6082763671875,115.0,366.99560546875,10525.71875,6354.3251953125,6202.01171875,7367.44970703125,1730.1798095703125,17582.421875,1096.2796630859375,2029.34619140625,1737.24072265625,775.0,2970.0,750.1066284179688,1004.144775390625,707.7053833007812,1701.3570556640625,119.0993881225586,5626.66748046875,3386.847900390625,942.9000244140625,19202.767578125,3845.979248046875,204.50341796875
2023-05-24,,746.7101440429688,943.4950561523438,1100.90673828125,,2721.686767578125,1645.9859619140625,5438.0849609375,8066.6787109375,3557.41162109375,4401.32275390625,1160.6177978515625,4299.8857421875,791.3480224609375,113.0,4866.7626953125,87.0,50.0,591.6286010742188,522.6742553710938,1732.0609130859375,114.0,363.3976135253906,10549.265625,6526.72900390625,6202.01171875,7269.54345703125,1792.3758544921875,17220.07421875,1114.70458984375,1952.76708984375,1727.42578125,760.0,2970.0,794.7557373046875,1011.5281982421875,720.730712890625,1679.752685546875,115.1294174194336,5603.0263671875,3487.447509765625,938.232177734375,19281.146484375,3811.407958984375,224.3581085205078
2023-05-25,,718.8824462890625,888.98193359375,1100.90673828125,,2634.515380859375,1641.7655029296875,5376.98291015625,8089.02392578125,3627.954833984375,4303.0791015625,1142.4830322265625,4384.61328125,781.3939819335938,109.0,4866.7626953125,88.0,50.0,573.1401977539062,503.135009765625,1749.871337890625,111.0,374.19158935546875,10549.265625,6452.841796875,6335.86767578125,7098.2080078125,1817.0787353515625,16426.365234375,1137.7357177734375,1962.33935546875,1796.130126953125,775.0,2970.0,830.4751586914062,1000.453125,716.388916015625,1625.7413330078125,114.33541107177734,5579.38525390625,3453.914306640625,952.2356567382812,18418.982421875,3811.407958984375,222.3726348876953
2023-05-26,,709.6065673828125,876.4020385742188,1100.90673828125,,2653.88671875,1620.6630859375,5376.98291015625,8178.40576171875,3607.7998046875,4401.32275390625,1110.747314453125,4342.24951171875,771.4398803710938,106.0,4938.33251953125,87.5,50.0,550.0297241210938,508.01983642578125,1727.6082763671875,104.0,370.5935974121094,10549.265625,6477.470703125,6425.10546875,7172.1474609375,1834.60693359375,16236.5654296875,1174.5853271484375,1962.33935546875,1796.130126953125,775.0,2970.0,803.6856689453125,993.0697021484375,729.4142456054688,1587.933349609375,112.74742126464844,5579.38525390625,3462.2978515625,942.9000244140625,18085.873046875,3785.480224609375,222.3726348876953
2023-05-29,,714.2445678710938,868.0155029296875,1108.97216796875,,2677.39697265625,1633.3245849609375,5376.98291015625,8178.40576171875,3648.110107421875,4362.025390625,1115.281005859375,4363.43115234375,771.4398803710938,100.0,5009.9033203125,87.5,50.0,540.7855224609375,493.3653869628906,1732.0609130859375,108.0,372.3926086425781,10525.71875,6354.3251953125,6425.10546875,7221.4404296875,1875.5057373046875,15856.962890625,1165.3729248046875,2019.7738037109375,1791.22265625,765.0,2960.0,803.6856689453125,1041.0618896484375,746.7811889648438,1598.735595703125,108.77743530273438,5579.38525390625,3520.980712890625,938.232177734375,17929.1171875,3932.4052734375,218.40170288085938
2023-05-30,,742.0722045898438,884.7886962890625,1125.1024169921875,,2608.996337890625,1637.545166015625,5295.51318359375,8267.7861328125,3638.03271484375,4322.728515625,1128.8819580078125,4363.43115234375,761.48583984375,100.0,4733.166015625,88.0,50.0,563.89599609375,498.2502136230469,1754.323974609375,109.0,365.1966247558594,10549.265625,6428.21240234375,6380.486328125,7172.1474609375,1916.4046630859375,15925.9814453125,1091.6734619140625,1981.4842529296875,1771.5927734375,760.0,2960.0,826.0103149414062,1070.5955810546875,768.4899291992188,1668.9503173828125,112.74742126464844,5579.38525390625,3453.914306640625,928.8965454101562,17635.197265625,3923.762451171875,228.32904052734375
2023-05-31,,723.5203857421875,855.435546875,1100.90673828125,,2579.681884765625,1599.5609130859375,5254.77783203125,8089.02392578125,3648.110107421875,4381.67431640625,1160.6177978515625,4278.70458984375,756.5088500976562,96.0,4723.623046875,87.5,50.0,550.0297241210938,476.757080078125,1767.6817626953125,147.0,359.7995910644531,11020.2158203125,6206.5498046875,6335.86767578125,6802.44921875,1939.7755126953125,15270.306640625,1100.8858642578125,1943.1947021484375,1742.1480712890625,755.0,3000.0,808.1505126953125,1055.8287353515625,790.19873046875,1652.7469482421875,109.57144927978516,5484.81884765625,3386.847900390625,924.2286987304688,17419.654296875,3915.119873046875,222.3726348876953
2023-06-05,,755.986083984375,880.5953979492188,1096.8740234375,,2657.854248046875,1667.08837890625,5560.28857421875,8223.0966796875,3627.954833984375,4263.7822265625,1156.0841064453125,4299.8857421875,726.6466064453125,108.0,4675.90966796875,88.5,50.0,563.89599609375,517.7894287109375,1767.6817626953125,125.0,354.4026184082031,10878.9306640625,6502.10009765625,6469.72412109375,6925.681640625,1951.4608154296875,15701.671875,1087.0672607421875,1962.33935546875,1737.24072265625,790.0,3030.0,821.5452880859375,1063.212158203125,790.19873046875,1701.3570556640625,110.36543273925781,5508.4609375,3420.381103515625,933.5643920898438,17909.51953125,3889.191650390625,222.3726348876953
2023-06-06,,760.6240234375,930.9151611328125,1133.167724609375,,2618.76806640625,1696.6317138671875,5539.92138671875,8178.40576171875,3708.576171875,4283.4306640625,1192.3533935546875,4278.70458984375,716.6925659179688,112.0,4675.90966796875,89.5,50.0,568.51806640625,561.752685546875,1754.323974609375,119.0,349.005615234375,10643.4560546875,6502.10009765625,6581.27099609375,6901.03564453125,1986.51708984375,16340.0927734375,1082.4610595703125,1952.76708984375,1766.6854248046875,780.0,3100.0,808.1505126953125,1059.5205078125,803.2239379882812,1771.5718994140625,114.33541107177734,5532.10205078125,3428.7646484375,928.8965454101562,18183.845703125,3854.620849609375,212.44529724121094
2023-06-07,,769.89990234375,909.9486083984375,1141.233154296875,,2618.76806640625,1705.07275390625,5539.92138671875,8133.71435546875,3688.4208984375,4244.13330078125,1192.3533935546875,4257.5224609375,726.6466064453125,110.0,4752.2509765625,92.5,50.0,573.1401977539062,566.6375122070312,1825.5654296875,116.0,350.80462646484375,10643.4560546875,6502.10009765625,6648.19970703125,6999.62158203125,2050.786865234375,15805.19921875,1114.70458984375,1962.33935546875,1845.20458984375,780.0,3140.0,808.1505126953125,1052.1370849609375,790.19873046875,1722.961669921875,112.74742126464844,5532.10205078125,3479.064208984375,933.5643920898438,17909.51953125,3949.6904296875,216.41624450683594
2023-06-08,,779.1758422851562,922.5284423828125,1121.06982421875,,2677.39697265625,1675.5294189453125,5519.55419921875,8156.06005859375,3708.576171875,4303.0791015625,1183.2860107421875,4257.5224609375,721.6695556640625,111.0,4771.3359375,91.5,50.0,568.51806640625,581.2919311523438,1887.90185546875,125.0,298.6336975097656,10643.4560546875,6378.9541015625,6625.8896484375,7221.4404296875,2033.258544921875,16236.5654296875,1110.098388671875,1952.76708984375,1840.2972412109375,780.0,3110.0,817.0804443359375,1055.8287353515625,746.7811889648438,1782.3741455078125,112.74742126464844,5555.7431640625,3495.83056640625,933.5643920898438,18281.818359375,3975.617919921875,216.41624450683594
2023-06-09,,769.89990234375,918.3351440429688,1133.167724609375,,2638.31103515625,1667.08837890625,5539.92138671875,8133.71435546875,3718.65380859375,4263.7822265625,1178.7523193359375,4342.24951171875,706.7384643554688,113.0,4795.19287109375,89.0,50.0,577.7622680664062,581.2919311523438,1825.5654296875,127.0,323.8196716308594,10714.09765625,6255.80810546875,6625.8896484375,7295.38037109375,2033.258544921875,16064.0166015625,1123.9169921875,1962.33935546875,1864.83447265625,780.0,3100.0,808.1505126953125,1055.8287353515625,746.7811889648438,1825.5831298828125,114.33541107177734,5603.0263671875,3479.064208984375,947.56787109375,18085.873046875,3932.4052734375,230.31451416015625
2023-06-12,,783.8137817382812,926.7218017578125,1161.396240234375,,2667.625732421875,1683.9703369140625,5519.55419921875,8178.40576171875,3748.886474609375,4244.13330078125,1187.8197021484375,4321.0673828125,736.6006469726562,114.0,4866.7626953125,88.5,50.0,600.8728637695312,571.5223388671875,1816.660400390625,124.0,322.02069091796875,10643.4560546875,6305.06689453125,6648.19970703125,7295.38037109375,2021.5731201171875,16253.8193359375,1156.1605224609375,1971.911865234375,1850.1121826171875,770.0,3100.0,803.6856689453125,1077.1702880859375,742.4393920898438,1906.6002197265625,123.86336517333984,5721.23388671875,3538.119140625,942.9000244140625,18438.578125,3984.260986328125,254.14016723632812
2023-06-13,,755.986083984375,926.7218017578125,1149.298095703125,,2677.39697265625,1696.6317138671875,5499.18701171875,8178.40576171875,3678.34326171875,4362.025390625,1151.5504150390625,4321.0673828125,731.6235961914062,112.0,4795.19287109375,90.0,50.0,637.8496704101562,561.752685546875,1825.5654296875,121.0,325.74346923828125,10596.361328125,6354.3251953125,6558.96142578125,7221.4404296875,2033.258544921875,16219.310546875,1128.523193359375,1991.056640625,1815.760009765625,765.0,3070.0,807.1608276367188,1068.9788818359375,742.4393920898438,1884.99560546875,126.24534606933594,5673.95068359375,3520.646728515625,938.232177734375,18007.49609375,3897.8349609375,258.1111145019531
2023-06-14,,769.89990234375,943.4950561523438,1185.592041015625,,2638.31103515625,1713.513671875,5621.3916015625,8111.3681640625,3617.877197265625,4362.025390625,1142.4830322265625,4278.70458984375,741.57763671875,113.0,4842.90625,90.0,61.0,637.8496704101562,605.7159423828125,1789.9447021484375,116.0,336.91180419921875,10643.4560546875,6428.21240234375,6625.8896484375,7665.07861328125,2044.9439697265625,16236.5654296875,1128.523193359375,1962.33935546875,1771.5927734375,790.0,3030.0,825.5054321289062,1068.9788818359375,743.20703125,1879.594482421875,129.4213409423828,5650.3095703125,3494.4384765625,961.5713500976562,18007.49609375,3837.336181640625,244.2128143310547
2023-06-15,,760.6240234375,964.461669921875,1181.5592041015625,,2589.45361328125,1721.95458984375,5601.0234375,8089.02392578125,3668.265625,4342.376953125,1160.6177978515625,4342.24951171875,746.5547485351562,115.0,4866.7626953125,91.0,56.0,633.2275390625,610.6007080078125,1798.849853515625,116.0,325.74346923828125,10667.00390625,6502.10009765625,6648.19970703125,7739.01806640625,2103.37109375,16736.9453125,1142.341796875,1991.056640625,1781.40771484375,815.0,3030.0,825.5054321289062,1077.1702880859375,738.8093872070312,1960.611572265625,124.65735626220703,5744.875,3511.910888671875,961.5713500976562,18144.658203125,3906.477294921875,244.2128143310547
2023-06-16,,751.34814453125,972.8482666015625,1169.46142578125,,2521.052734375,1738.8365478515625,5580.65576171875,8089.02392578125,3638.03271484375,4362.025390625,1160.6177978515625,4363.43115234375,766.462890625,111.0,4962.189453125,99.5,54.0,711.80322265625,630.1399536132812,1798.849853515625,117.0,327.6048583984375,10549.265625,6502.10009765625,6492.03369140625,7837.6044921875,2126.74169921875,16719.693359375,1142.341796875,2010.2012939453125,1766.6854248046875,815.0,3040.0,839.2637939453125,1073.074462890625,738.8093872070312,2063.23291015625,127.03936004638672,5673.95068359375,3468.23046875,938.232177734375,17948.7109375,3794.122802734375,248.18374633789062
2023-06-19,,755.986083984375,947.6883544921875,1165.4288330078125,,2540.595947265625,1713.513671875,5601.0234375,8044.33349609375,3648.110107421875,4342.376953125,1178.7523193359375,4342.24951171875,766.462890625,113.0,4962.189453125,94.5,55.0,693.3147583007812,625.2551879882812,1754.323974609375,117.0,325.74346923828125,10596.361328125,6403.58349609375,6603.58056640625,8059.42333984375,1957.303466796875,16564.3984375,1137.7357177734375,1981.4842529296875,1717.61083984375,815.0,3030.0,830.091552734375,1077.1702880859375,738.8093872070312,2047.02978515625,130.21533203125,5673.95068359375,3459.494140625,956.9035034179688,18144.658203125,3785.480224609375,250.16921997070312
2023-06-20,,746.7101440429688,951.8816528320312,1213.8201904296875,,2521.052734375,1705.07275390625,5539.92138671875,8089.02392578125,3658.18798828125,4362.025390625,1178.7523193359375,4321.0673828125,756.5088500976562,113.0,4986.04638671875,92.0,55.0,674.826416015625,566.6375122070312,1749.871337890625,118.0,368.5554504394531,10549.265625,6378.9541015625,6380.486328125,7886.8974609375,1998.2025146484375,16512.63671875,1128.523193359375,1981.4842529296875,1663.628662109375,815.0,2910.0,830.091552734375,1077.1702880859375,743.20703125,2079.4365234375,128.62733459472656,5697.59228515625,3485.70263671875,956.9035034179688,18125.064453125,3716.338623046875,244.2128143310547
2023-06-21,,779.1758422851562,947.6883544921875,1209.7874755859375,,2530.82421875,1696.6317138671875,5641.75830078125,8156.06005859375,3668.265625,4381.67431640625,1215.0216064453125,4321.0673828125,738.1449584960938,117.0,4986.04638671875,90.0,55.0,707.1810302734375,581.2919311523438,1740.966064453125,118.0,426.2585754394531,10667.00390625,6329.69580078125,6581.27099609375,7886.8974609375,2068.314697265625,16564.3984375,1160.766845703125,1962.33935546875,1707.7958984375,820.0,3010.0,853.0222778320312,1068.9788818359375,760.7977294921875,2079.4365234375,131.80331420898438,5697.59228515625,3476.96630859375,966.2391357421875,18301.4140625,3768.194580078125,246.1982879638672
2023-06-22,,867.2969360351562,947.6883544921875,1221.885498046875,,2530.82421875,1696.6317138671875,5519.55419921875,8089.02392578125,3648.110107421875,4303.0791015625,1205.954345703125,4299.8857421875,728.1700439453125,113.0,4914.47607421875,90.5,55.0,670.204345703125,571.5223388671875,1718.7030029296875,115.0,407.6446533203125,10525.71875,6255.80810546875,6447.4150390625,7812.9580078125,2009.887939453125,16581.658203125,1179.191650390625,1933.622314453125,1653.8138427734375,820.0,3030.0,843.8499145507812,1073.074462890625,765.1953735351562,2041.62841796875,130.21533203125,5697.59228515625,3442.022216796875,970.906982421875,18438.578125,3673.125244140625,246.1982879638672
2023-06-23,,885.8486938476562,935.1085205078125,1205.7550048828125,,2550.367431640625,1696.6317138671875,5519.55419921875,8089.02392578125,3638.03271484375,4244.13330078125,1205.954345703125,4299.8857421875,738.1449584960938,112.0,4962.189453125,87.0,53.0,665.5501098632812,547.0982666015625,1718.7030029296875,113.0,385.3079528808594,10525.71875,6206.5498046875,6514.3427734375,8158.00927734375,2033.258544921875,16495.3828125,1220.6475830078125,1962.33935546875,1673.4434814453125,830.0,3150.0,830.091552734375,1068.9788818359375,773.9907836914062,1998.41943359375,132.28225708007812,5792.158203125,3450.758056640625,984.910400390625,18321.0078125,3690.4111328125,236.27093505859375
2023-06-26,,862.658935546875,926.7218017578125,1201.722412109375,,2540.595947265625,1713.7708740234375,5539.92138671875,8111.3681640625,3678.34326171875,4283.4306640625,1192.3533935546875,4342.24951171875,738.1449584960938,113.0,4986.04638671875,80.0,52.0,656.24169921875,537.32861328125,1763.22900390625,114.0,387.1693420410156,10667.00390625,6206.5498046875,6536.65234375,8379.8291015625,2050.786865234375,16564.3984375,1197.616455078125,1981.4842529296875,1658.7213134765625,815.0,3100.0,825.5054321289062,1068.9788818359375,769.5930786132812,2415.634033203125,131.45547485351562,5815.7998046875,3485.70263671875,989.5782470703125,18242.630859375,3655.840087890625,228.32904052734375
2023-06-27,,858.02099609375,935.1085205078125,1145.265625,,2521.052734375,1713.7708740234375,5519.55419921875,8178.40576171875,3688.4208984375,4263.7822265625,1196.886962890625,4405.79443359375,743.1323852539062,115.0,5033.759765625,84.5,52.0,660.8958740234375,566.6375122070312,1740.966064453125,110.0,374.1396179199219,10667.00390625,6206.5498046875,6558.96142578125,8379.8291015625,2015.73046875,16650.671875,1234.4661865234375,1962.33935546875,1658.7213134765625,810.0,3060.0,816.3331298828125,1068.9788818359375,769.5930786132812,2055.2060546875,133.93576049804688,5744.875,3494.4384765625,984.910400390625,18242.630859375,3681.76806640625,210.45982360839844
2023-07-03,,867.2969360351562,977.0415649414062,1133.167724609375,,2530.82421875,1726.9537353515625,5560.28857421875,8111.3681640625,3718.65380859375,4303.0791015625,1192.3533935546875,4532.884765625,748.1199340820312,118.0,5176.8994140625,84.5,53.0,674.8585205078125,566.6375122070312,1745.418701171875,112.0,398.33770751953125,10902.478515625,6181.9208984375,6469.72412109375,8281.2421875,2062.47216796875,17030.275390625,1275.922119140625,1933.622314453125,1643.9989013671875,805.0,3150.0,820.9192504882812,1073.074462890625,752.0023803710938,2085.880859375,133.93576049804688,5744.875,3494.4384765625,980.24267578125,18066.28125,3724.9814453125,179.68502807617188
2023-07-04,,927.5902709960938,981.2347412109375,1129.135009765625,,2540.595947265625,1731.34814453125,5519.55419921875,8089.02392578125,3668.265625,4283.4306640625,1192.3533935546875,4448.15771484375,758.0948486328125,116.0,5248.47021484375,85.5,53.0,693.4752197265625,566.6375122070312,1758.7764892578125,109.0,403.921875,10808.2890625,6157.29150390625,6581.27099609375,8355.1826171875,2097.5283203125,17133.802734375,1298.9532470703125,1900.118896484375,1691.3365478515625,790.0,3220.0,825.5054321289062,1097.6488037109375,730.0140380859375,2093.549560546875,141.3766632080078,5744.875,3468.23046875,1003.5816650390625,18105.466796875,3742.2666015625,190.60511779785156
2023-07-05,,978.6077270507812,1014.7813110351562,1129.135009765625,,2560.138671875,1744.5308837890625,5519.55419921875,8089.02392578125,3688.4208984375,4283.4306640625,1183.2860107421875,4469.33984375,758.0948486328125,120.0,5248.47021484375,86.0,53.0,698.1294555664062,615.4855346679688,1781.0394287109375,109.0,400.1990966796875,10784.740234375,6231.17919921875,6625.8896484375,8601.6474609375,2097.5283203125,17202.8203125,1266.709716796875,1924.0499267578125,1676.54345703125,800.0,3360.0,853.0222778320312,1101.7445068359375,734.4117431640625,2131.89306640625,141.3766632080078,5839.44091796875,3476.96630859375,1036.2564697265625,18575.740234375,3724.9814453125,191.5978546142578
2023-07-06,,964.69384765625,1027.361328125,1157.36328125,,2677.39697265625,1775.2908935546875,5539.92138671875,8111.3681640625,3668.265625,4263.7822265625,1196.886962890625,4490.521484375,758.0948486328125,127.0,5129.18603515625,87.0,56.0,693.4752197265625,639.9096069335938,1816.660400390625,112.0,398.33770751953125,10737.646484375,6255.80810546875,6648.19970703125,8650.94140625,2115.05615234375,17668.693359375,1266.709716796875,1904.9051513671875,1785.0257568359375,795.0,3410.0,875.9530029296875,1114.0316162109375,725.6163330078125,2154.89892578125,143.85693359375,5910.365234375,3459.494140625,1036.2564697265625,18850.064453125,3734.6474609375,191.5978546142578
2023-07-07,,960.0559692382812,998.0081176757812,1169.46142578125,1755.0,2618.76806640625,1735.7423095703125,5560.28857421875,8066.6787109375,3658.18798828125,4224.48486328125,1187.8197021484375,4363.43115234375,758.0948486328125,123.0,5129.18603515625,90.0,54.0,684.1668090820312,654.5640258789062,1834.470703125,108.0,403.921875,10797.98046875,6231.17919921875,6723.98876953125,8724.8798828125,2120.899169921875,17151.05859375,1271.3160400390625,1904.9051513671875,1735.7156982421875,785.0,3330.0,834.6776733398438,1105.8402099609375,716.8209838867188,2124.224365234375,141.3766632080078,6075.85595703125,3459.494140625,1026.9207763671875,18614.927734375,3725.85986328125,195.5688018798828
2023-07-10,,987.8836059570312,1014.7813110351562,1169.46142578125,1750.0,2648.08251953125,1740.1365966796875,5519.55419921875,8089.02392578125,3648.110107421875,4244.13330078125,1187.8197021484375,4384.61328125,753.1073608398438,125.0,5129.18603515625,95.0,53.0,670.2042846679688,654.5640258789062,1807.755126953125,108.0,424.3971862792969,10845.865234375,6206.5498046875,6700.88232421875,8848.11328125,2097.5283203125,17565.16796875,1248.284912109375,1914.4774169921875,1725.8536376953125,775.0,3350.0,839.2637939453125,1105.8402099609375,703.6279296875,2131.89306640625,139.72312927246094,6075.85595703125,3450.758056640625,1031.588623046875,18889.25390625,3734.6474609375,198.54701232910156
2023-07-11,,978.6077270507812,1018.974609375,1185.592041015625,1750.0,2706.7119140625,1757.7137451171875,5539.92138671875,8066.6787109375,3617.877197265625,4263.7822265625,1201.420654296875,4469.33984375,763.082275390625,129.0,5224.61279296875,96.0,54.0,707.4378662109375,674.1032104492188,1816.660400390625,106.0,424.3971862792969,11037.4033203125,6354.3251953125,6747.09521484375,9341.0439453125,2074.157470703125,17703.205078125,1248.284912109375,1943.1947021484375,1780.0947265625,770.0,3350.0,820.9192504882812,1097.6488037109375,699.230224609375,2116.5556640625,142.2034149169922,6194.06298828125,3476.96630859375,1022.2531127929688,19183.173828125,3734.6474609375,200.532470703125
2023-07-12,,973.9697875976562,993.8148193359375,1169.46142578125,1765.0,2716.483154296875,1748.9251708984375,5519.55419921875,8200.75,3607.7998046875,4283.4306640625,1183.2860107421875,4490.521484375,768.0697631835938,129.0,5200.75634765625,96.0,54.0,693.4752197265625,654.5640258789062,1825.5654296875,108.0,431.8427429199219,11157.115234375,6305.06689453125,6839.52099609375,9267.1044921875,2103.37109375,17427.12890625,1239.0723876953125,1914.4774169921875,1834.3359375,755.0,3390.0,820.9192504882812,1097.6488037109375,694.8325805664062,2093.549560546875,142.2034149169922,6146.7802734375,3476.96630859375,1036.2564697265625,18810.876953125,3699.498046875,193.5833282470703
2023-07-13,,927.5902709960938,972.8482666015625,1173.4940185546875,1760.0,2716.483154296875,1748.9251708984375,5539.92138671875,8156.06005859375,3587.644287109375,4283.4306640625,1196.886962890625,4532.884765625,768.0697631835938,127.0,5153.04296875,97.0,54.0,702.7836303710938,664.3336181640625,1789.9447021484375,109.0,385.3079528808594,11205.0,6378.9541015625,6885.734375,9020.638671875,2080.000244140625,17185.56640625,1257.497314453125,1933.622314453125,1760.3707275390625,765.0,3380.0,816.3331298828125,1097.6488037109375,681.6395874023438,2101.21826171875,141.3766632080078,6359.55322265625,3424.550048828125,1008.2495727539062,18928.4453125,3734.6474609375,190.60511779785156
2023-07-14,,936.8662109375,989.6214599609375,1141.233154296875,1780.0,2706.7119140625,1757.7137451171875,5499.18701171875,8223.0966796875,3597.721923828125,4342.376953125,1196.886962890625,4575.24853515625,768.0697631835938,133.0,5224.61279296875,103.0,55.0,716.7462768554688,664.3336181640625,1807.755126953125,113.0,396.476318359375,11276.8271484375,6280.4375,6885.734375,8823.4658203125,2120.899169921875,17392.62109375,1266.709716796875,1981.4842529296875,1775.1636962890625,755.0,3330.0,825.5054321289062,1114.0316162109375,694.8325805664062,2124.224365234375,142.2034149169922,6501.40234375,3433.285888671875,1003.5816650390625,18928.4453125,3734.6474609375,191.5978546142578
2023-07-17,,941.504150390625,998.0081176757812,1137.2003173828125,1800.0,2706.7119140625,1748.9251708984375,5438.0849609375,8200.75,3607.7998046875,4381.67431640625,1237.68994140625,4554.06640625,768.0697631835938,134.0,5176.8994140625,115.5,55.0,726.0546264648438,688.7576293945312,1807.755126953125,118.0,400.1990966796875,11157.115234375,6305.06689453125,6747.09521484375,8675.5869140625,2097.5283203125,17547.912109375,1271.3160400390625,1933.622314453125,1809.6807861328125,755.0,3260.0,830.091552734375,1122.2230224609375,694.8325805664062,2139.5615234375,142.2034149169922,6406.8359375,3415.813720703125,984.910400390625,18987.2265625,3752.222412109375,191.5978546142578
2023-07-18,,899.7625122070312,977.0415649414062,1121.06982421875,1875.0,2687.168701171875,1748.9251708984375,5356.61474609375,8178.40576171875,3587.644287109375,4420.9716796875,1242.2236328125,4532.884765625,773.0571899414062,133.0,5081.47314453125,138.5,54.0,707.4378662109375,683.8728637695312,1781.0394287109375,115.0,398.33770751953125,11252.884765625,6329.69580078125,6793.30810546875,8601.6474609375,2074.157470703125,17427.12890625,1262.103515625,1914.4774169921875,1873.783935546875,755.0,3160.0,834.6776733398438,1118.127197265625,677.241943359375,2108.88671875,140.54989624023438,6406.8359375,3363.397216796875,980.24267578125,19006.82421875,3752.222412109375,186.63418579101562
2023-07-20,,918.3143920898438,993.8148193359375,1121.06982421875,1845.0,2736.0263671875,1748.9251708984375,5315.880859375,8178.40576171875,3648.110107421875,4420.9716796875,1242.2236328125,4681.15673828125,768.0697631835938,140.0,4962.189453125,141.0,56.0,693.4752197265625,664.3336181640625,1843.3758544921875,114.0,392.7535400390625,10989.51953125,6452.841796875,6770.20166015625,8798.8193359375,2097.5283203125,17599.677734375,1252.89111328125,1866.615478515625,1957.611083984375,755.0,3340.0,857.6083984375,1122.2230224609375,655.2535400390625,2124.224365234375,141.3766632080078,6335.91162109375,3363.397216796875,966.2391357421875,19104.79296875,3708.28564453125,187.62692260742188
2023-07-21,,913.6764526367188,1014.7813110351562,1108.97216796875,1875.0,2804.427001953125,1735.7423095703125,5254.77783203125,8178.40576171875,3648.110107421875,4420.9716796875,1233.15625,4702.33837890625,773.0571899414062,142.0,4938.33251953125,142.5,56.0,674.8585205078125,625.2551879882812,1834.470703125,113.0,383.4465637207031,11013.4619140625,6502.10009765625,6770.20166015625,8872.759765625,2097.5283203125,18479.658203125,1211.4351806640625,1885.7603759765625,1903.3701171875,755.0,3360.0,875.9530029296875,1130.4144287109375,672.84423828125,2139.5615234375,139.72312927246094,6572.32666015625,3372.13330078125,989.5782470703125,19202.767578125,3769.797119140625,184.64871215820312
2023-07-24,,918.3143920898438,1035.747802734375,1100.90673828125,2010.0,2775.112548828125,1735.7423095703125,5336.248046875,8133.71435546875,3638.03271484375,4401.32275390625,1201.420654296875,4659.97509765625,768.0697631835938,142.0,4842.90625,144.5,56.0,660.8958740234375,654.5640258789062,1825.5654296875,111.0,396.476318359375,11037.4033203125,6477.470703125,6723.98876953125,8823.4658203125,2085.8427734375,19325.134765625,1197.616455078125,1885.7603759765625,1888.5770263671875,750.0,3370.0,917.2282104492188,1142.701416015625,681.6395874023438,2208.579833984375,129.8019561767578,6572.32666015625,3407.07763671875,956.9035034179688,19908.177734375,3769.797119140625,184.64871215820312
2023-07-25,,895.1246337890625,1018.974609375,1108.97216796875,2300.0,2745.797607421875,1735.7423095703125,5295.51318359375,8178.40576171875,3638.03271484375,4440.62060546875,1187.8197021484375,4702.33837890625,768.0697631835938,137.0,4771.3359375,144.5,56.0,660.8958740234375,649.67919921875,1816.660400390625,114.0,394.61492919921875,10750.0966796875,6551.3583984375,6631.56298828125,8823.4658203125,1998.2025146484375,18997.296875,1193.01025390625,1880.97412109375,1883.64599609375,745.0,3400.0,990.6064453125,1126.318603515625,672.84423828125,2185.57373046875,129.8019561767578,6619.609375,3389.60546875,961.5713500976562,19908.177734375,3558.899658203125,185.64144897460938
2023-07-26,,918.3143920898438,1048.327880859375,1133.167724609375,2280.0,2765.3408203125,1744.5308837890625,5376.98291015625,8357.1669921875,3607.7998046875,4460.26953125,1192.3533935546875,4723.5205078125,763.082275390625,141.0,4771.3359375,147.0,55.0,665.5501098632812,630.1399536132812,1843.3758544921875,113.0,428.1199645996094,10702.2109375,6600.61669921875,6631.56298828125,8724.8798828125,2009.887939453125,19411.40625,1174.5853271484375,1852.2569580078125,1898.4390869140625,735.0,3380.0,1008.950927734375,1134.510009765625,694.8325805664062,2208.579833984375,131.45547485351562,6454.119140625,3389.60546875,961.5713500976562,20691.9609375,3488.600341796875,185.64144897460938
2023-07-27,,890.4866943359375,1027.361328125,1153.330810546875,2470.0,2687.168701171875,1731.34814453125,5315.880859375,8245.44140625,3587.644287109375,4440.62060546875,1187.8197021484375,4765.88330078125,753.1073608398438,137.0,4752.2509765625,156.0,55.0,660.8958740234375,635.0247802734375,1843.3758544921875,111.0,437.4269104003906,10702.2109375,6551.3583984375,6700.88232421875,8798.8193359375,2044.9439697265625,19342.388671875,1160.766845703125,1823.539794921875,1972.4041748046875,725.0,3380.0,999.7786865234375,1118.127197265625,694.8325805664062,2170.236328125,130.62872314453125,6312.2705078125,3249.827880859375,952.2356567382812,20672.369140625,3374.364013671875,185.64144897460938
2023-07-28,,890.4866943359375,1035.747802734375,1129.135009765625,2660.0,2667.625732421875,1722.5594482421875,5397.3505859375,8156.06005859375,3577.56640625,4479.91796875,1178.7523193359375,4829.4287109375,763.082275390625,135.0,4733.166015625,175.0,56.0,619.0081176757812,639.9096069335938,2003.6693115234375,111.0,441.1496887207031,10726.1533203125,6723.7626953125,6770.20166015625,8749.52734375,2091.685546875,19238.861328125,1179.191650390625,1828.3260498046875,1992.1282958984375,740.0,3290.0,1036.4678955078125,1122.2230224609375,708.0255737304688,2147.230224609375,128.9751739501953,6383.19482421875,3249.827880859375,942.9000244140625,20887.908203125,3400.72607421875,186.63418579101562
2023-07-31,,858.02099609375,1010.5880126953125,1117.0372314453125,2810.0,2638.31103515625,1744.5308837890625,5580.65576171875,8156.06005859375,3577.56640625,4440.62060546875,1192.3533935546875,4850.6103515625,773.0571899414062,128.0,4938.33251953125,174.0,55.0,605.0455932617188,576.4071044921875,2021.479736328125,113.0,450.4566650390625,10726.1533203125,6773.02099609375,6770.20166015625,9020.638671875,2150.112548828125,18772.986328125,1229.8599853515625,1833.1121826171875,1952.6800537109375,745.0,3510.0,1036.4678955078125,1118.127197265625,747.6046752929688,2124.224365234375,128.9751739501953,6595.9677734375,3249.827880859375,947.56787109375,21573.724609375,3383.1513671875,196.56153869628906
2023-08-01,,871.9348754882812,1002.201416015625,1044.449951171875,2800.0,2794.6552734375,1792.8680419921875,5601.0234375,8156.06005859375,3496.945556640625,4479.91796875,1178.7523193359375,4787.06494140625,788.0196533203125,129.0,4962.189453125,168.5,54.0,581.7745361328125,586.1767578125,2030.3851318359375,112.0,437.4269104003906,10606.4423828125,6797.64990234375,6469.8173828125,9168.5185546875,2150.112548828125,18634.953125,1169.979248046875,1727.81591796875,2001.990234375,745.0,3470.0,967.6758422851562,1134.510009765625,734.4117431640625,2093.549560546875,118.22725677490234,6359.55322265625,3276.0361328125,952.2356567382812,21573.724609375,3312.852294921875,198.54701232910156
2023-08-02,,858.02099609375,993.8148193359375,1072.6783447265625,2830.0,2814.198486328125,1766.5023193359375,5580.65576171875,8223.0966796875,3577.56640625,4479.91796875,1169.68505859375,4829.4287109375,773.0571899414062,130.0,4866.7626953125,168.5,54.0,581.7745361328125,615.4855346679688,2039.2901611328125,109.0,424.3971862792969,10702.2109375,6773.02099609375,6516.0302734375,8946.69921875,2097.5283203125,18376.1328125,1142.341796875,1718.2435302734375,1952.6800537109375,720.0,3440.0,1004.3648681640625,1130.4144287109375,769.5930786132812,2101.21826171875,119.88077545166016,6454.119140625,3223.61962890625,910.2252807617188,20946.69140625,3242.552734375,186.63418579101562
2023-08-03,,922.9522705078125,989.6214599609375,1072.6783447265625,2830.0,2814.198486328125,1766.5023193359375,5560.28857421875,8267.7861328125,3607.7998046875,4479.91796875,1174.21875,4914.15576171875,793.007080078125,133.0,4842.90625,168.5,58.0,591.0829467773438,615.4855346679688,2021.479736328125,109.0,426.2585754394531,10726.1533203125,6674.50439453125,6516.0302734375,9267.1044921875,2097.5283203125,18755.732421875,1151.55419921875,1804.39501953125,1903.3701171875,730.0,3440.0,981.4341430664062,1134.510009765625,769.5930786132812,2101.21826171875,119.88077545166016,6832.38232421875,3249.827880859375,905.5574340820312,21279.802734375,3312.852294921875,185.64144897460938
2023-08-04,,946.1420288085938,1006.3947143554688,1102.0093994140625,2870.0,2755.5693359375,1775.2908935546875,5539.92138671875,8178.40576171875,3627.954833984375,4381.67431640625,1169.68505859375,4892.9736328125,778.044677734375,133.0,4795.19287109375,175.5,57.0,572.4661254882812,586.1767578125,2021.479736328125,108.0,426.2585754394531,10774.0380859375,6674.50439453125,6516.0302734375,9143.8720703125,2062.47216796875,18790.2421875,1146.9481201171875,1794.8226318359375,1918.1630859375,740.0,3430.0,967.6758422851562,1138.6058349609375,765.1953735351562,2131.89306640625,116.57373046875,6690.53369140625,3223.61962890625,900.8896484375,21416.96484375,3286.489990234375,188.61965942382812
2023-08-07,,936.8662109375,998.0081176757812,1089.43896484375,2930.0,2716.483154296875,1792.8680419921875,5601.0234375,8290.1328125,3627.954833984375,4479.91796875,1187.8197021484375,4977.7001953125,788.0196533203125,132.0,4866.7626953125,181.5,59.0,581.7745361328125,586.1767578125,2021.479736328125,109.0,441.1496887207031,10654.3271484375,6575.9873046875,6539.13671875,9488.9228515625,2033.258544921875,18790.2421875,1146.9481201171875,1770.8916015625,1908.301025390625,740.0,3370.0,981.4341430664062,1142.701416015625,756.4000244140625,2124.224365234375,119.05401611328125,6572.32666015625,3214.883544921875,905.5574340820312,21495.34375,3268.914794921875,186.63418579101562
2023-08-08,,922.9522705078125,993.8148193359375,1072.6783447265625,2960.0,2716.483154296875,1766.5023193359375,5580.65576171875,8223.0966796875,3597.721923828125,4420.9716796875,1183.2860107421875,4998.88232421875,783.0321655273438,134.0,4890.61962890625,190.0,61.0,577.120361328125,581.2919311523438,2074.9111328125,104.0,456.04083251953125,10678.26953125,6428.21240234375,6469.8173828125,9414.984375,2103.37109375,18962.7890625,1193.01025390625,1775.6778564453125,1908.301025390625,745.0,3370.0,958.5034790039062,1146.7972412109375,778.388427734375,2124.224365234375,116.57373046875,6477.76025390625,3258.56396484375,886.8861083984375,21573.724609375,3295.277099609375,188.61965942382812
2023-08-09,,909.0384521484375,1006.3947143554688,1068.488037109375,3000.0,2784.8837890625,1766.5023193359375,5601.0234375,8401.859375,3658.18798828125,4479.91796875,1183.2860107421875,4998.88232421875,783.0321655273438,129.0,5057.61669921875,191.0,59.0,581.7745361328125,547.0982666015625,2074.9111328125,93.0,483.9617004394531,10630.3837890625,6354.3251953125,6446.7109375,9612.15625,2185.168701171875,19290.626953125,1262.103515625,1794.8226318359375,1918.1630859375,740.0,3360.0,963.0896606445312,1142.701416015625,800.3768310546875,2131.89306640625,120.70755004882812,6312.2705078125,3293.50830078125,900.8896484375,21750.076171875,3268.914794921875,186.63418579101562
2023-08-10,,936.8662109375,1010.5880126953125,1076.8685302734375,3000.0,2716.483154296875,1748.9251708984375,5499.18701171875,8401.859375,3668.265625,4479.91796875,1174.21875,5062.427734375,778.044677734375,131.0,5009.9033203125,181.5,60.0,591.0829467773438,591.0615844726562,2074.9111328125,94.0,530.4965209960938,10965.576171875,6280.4375,6539.13671875,9661.44921875,2173.4833984375,19583.951171875,1234.4661865234375,1766.10546875,1942.818115234375,730.0,3280.0,981.4341430664062,1146.7972412109375,800.3768310546875,2139.5615234375,126.49488830566406,6288.62890625,3319.716552734375,914.89306640625,21632.5078125,3233.765380859375,184.64871215820312
2023-08-11,,918.3143920898438,985.4281616210938,1055.9178466796875,3000.0,2765.3408203125,1748.9251708984375,5499.18701171875,8401.859375,3668.265625,4440.62060546875,1174.21875,5020.06396484375,852.8566284179688,132.0,5009.9033203125,199.5,60.0,586.4287109375,620.370361328125,2030.3851318359375,91.0,493.2686767578125,10989.51953125,6231.17919921875,6516.0302734375,9562.86328125,2161.7978515625,19049.0625,1262.103515625,1770.8916015625,2001.990234375,730.0,3280.0,967.6758422851562,1150.8929443359375,831.1605224609375,2124.224365234375,128.9751739501953,6359.55322265625,3328.452880859375,919.5609741210938,21240.611328125,3251.34033203125,185.64144897460938
2023-08-14,,973.9697875976562,1002.201416015625,1076.8685302734375,3080.0,2823.969970703125,1757.7137451171875,5539.92138671875,8357.1669921875,3708.576171875,4440.62060546875,1178.7523193359375,5041.24560546875,907.7188110351562,137.0,5081.47314453125,249.0,61.0,577.120361328125,644.79443359375,1994.7642822265625,91.0,511.882568359375,10917.6923828125,6305.06689453125,6516.0302734375,9809.3291015625,2155.955322265625,19376.900390625,1271.3160400390625,1770.8916015625,1992.1282958984375,720.0,3260.0,944.7451171875,1138.6058349609375,813.5697631835938,2131.89306640625,126.49488830566406,6477.76025390625,3345.925048828125,919.5609741210938,21514.939453125,3277.702392578125,200.532470703125
2023-08-15,,1071.3668212890625,1052.521240234375,1093.6290283203125,3190.0,2843.512939453125,1748.9251708984375,5478.81884765625,8312.4775390625,3668.265625,4381.67431640625,1178.7523193359375,4914.15576171875,927.668701171875,140.0,5081.47314453125,249.0,61.0,572.4661254882812,639.9096069335938,2030.3851318359375,97.0,493.2686767578125,10989.51953125,6280.4375,6469.8173828125,9932.5615234375,2243.595703125,19497.677734375,1252.89111328125,1770.8916015625,1967.47314453125,725.0,3210.0,990.6064453125,1195.9456787109375,879.5349731445312,2139.5615234375,122.361083984375,6477.76025390625,3337.188720703125,942.9000244140625,21456.154296875,3277.702392578125,198.54701232910156
2023-08-16,,1029.6251220703125,1056.714599609375,1097.8192138671875,3300.0,2872.82763671875,1722.5594482421875,5499.18701171875,8312.4775390625,3668.265625,4342.376953125,1178.7523193359375,4914.15576171875,912.7062377929688,136.0,5033.759765625,257.0,60.0,572.4661254882812,625.2551879882812,2092.721435546875,93.0,502.57562255859375,11181.0576171875,6058.77490234375,6562.2431640625,9612.15625,2278.65185546875,19463.171875,1262.103515625,1790.036376953125,1913.2320556640625,720.0,3180.0,990.6064453125,1216.4241943359375,853.1488647460938,2124.224365234375,124.01460266113281,6548.6845703125,3345.925048828125,933.5643920898438,21554.126953125,3277.702392578125,194.57606506347656
2023-08-18,,1094.5565185546875,1065.10107421875,1089.43896484375,3350.0,2833.741455078125,1713.7708740234375,5315.880859375,8267.7861328125,3648.110107421875,4381.67431640625,1174.21875,4892.9736328125,892.7564086914062,137.0,4986.04638671875,257.0,60.0,572.4661254882812,615.4855346679688,2155.05810546875,92.0,483.9617004394531,11205.0,5984.8876953125,6516.0302734375,9242.4580078125,2272.80908203125,19359.64453125,1234.4661865234375,1766.10546875,1883.64599609375,725.0,3180.0,981.4341430664062,1224.6156005859375,853.1488647460938,2139.5615234375,124.84136962890625,6359.55322265625,3284.7724609375,942.9000244140625,21005.478515625,3242.552734375,191.5978546142578
2023-08-21,,1136.2979736328125,1098.6474609375,1081.05859375,3440.0,2921.685302734375,1713.7708740234375,5275.1455078125,8200.75,3678.34326171875,4322.728515625,1160.6177978515625,4935.3369140625,872.8065185546875,146.0,4986.04638671875,257.0,63.0,572.4661254882812,654.5640258789062,2137.24755859375,88.0,493.2686767578125,11181.0576171875,5935.62939453125,6469.8173828125,8946.69921875,2255.281005859375,19480.42578125,1220.6475830078125,1766.10546875,1858.9908447265625,715.0,3270.0,999.7786865234375,1220.5198974609375,941.1024169921875,2147.230224609375,122.361083984375,6335.91162109375,3267.30029296875,942.9000244140625,21221.01953125,3260.1279296875,188.61965942382812
2023-08-22,,1122.3841552734375,1132.194091796875,1102.0093994140625,3610.0,2843.512939453125,1709.3765869140625,5336.248046875,8312.4775390625,3668.265625,4381.67431640625,1151.5504150390625,5041.24560546875,887.7689208984375,143.0,4962.189453125,257.0,63.0,567.8119506835938,639.9096069335938,2128.342041015625,88.0,525.8429565429688,11037.4033203125,5960.25830078125,6469.8173828125,9316.3984375,2302.0224609375,20291.392578125,1202.2227783203125,1775.6778564453125,1942.818115234375,720.0,3300.0,1008.950927734375,1249.1898193359375,923.5116577148438,2292.935302734375,122.361083984375,6383.19482421875,3276.0361328125,956.9035034179688,21632.5078125,3260.1279296875,186.63418579101562
2023-08-23,,1094.5565185546875,1132.194091796875,1102.0093994140625,3830.0,2863.055908203125,1718.165283203125,5336.248046875,8312.4775390625,3658.18798828125,4401.32275390625,1151.5504150390625,4956.51904296875,892.7564086914062,144.0,4890.61962890625,257.0,61.0,567.8119506835938,630.1399536132812,2137.24755859375,86.0,507.22906494140625,11013.4619140625,5886.37060546875,6539.13671875,9193.1650390625,2307.865478515625,20429.427734375,1202.2227783203125,1732.6021728515625,1967.47314453125,785.0,3250.0,1013.5370483398438,1228.7113037109375,919.114013671875,2315.941162109375,123.18783569335938,6359.55322265625,3267.30029296875,938.232177734375,21848.048828125,3295.277099609375,186.63418579101562
2023-08-24,,1136.2979736328125,1119.6141357421875,1106.1995849609375,3950.0,2823.969970703125,1753.3194580078125,5275.1455078125,8223.0966796875,3678.34326171875,4362.025390625,1156.0841064453125,5041.24560546875,997.4931640625,141.0,4890.61962890625,244.0,62.0,549.1951904296875,620.370361328125,2119.43701171875,85.0,497.922119140625,10869.8076171875,5886.37060546875,6492.923828125,9267.1044921875,2278.65185546875,20118.845703125,1206.828857421875,1732.6021728515625,1928.0250244140625,765.0,3200.0,995.1925048828125,1187.7542724609375,932.3070068359375,2262.260498046875,121.5343246459961,6501.40234375,3249.827880859375,928.8965454101562,20927.099609375,3268.914794921875,184.64871215820312
2023-08-25,,1094.5565185546875,1086.067626953125,1102.0093994140625,4140.0,2823.969970703125,1748.9251708984375,5254.77783203125,8290.1328125,3668.265625,4401.32275390625,1147.0167236328125,4998.88232421875,1027.41796875,141.0,4914.47607421875,238.0,62.0,549.1951904296875,620.370361328125,2119.43701171875,84.0,493.2686767578125,10941.634765625,5861.74169921875,6585.349609375,9168.5185546875,2278.65185546875,19808.263671875,1220.6475830078125,1732.6021728515625,1942.818115234375,735.0,3220.0,981.4341430664062,1187.7542724609375,936.7047119140625,2231.585693359375,123.18783569335938,6501.40234375,3249.827880859375,952.2356567382812,20417.638671875,3304.064697265625,185.64144897460938
2023-08-28,,1150.2120361328125,1123.807373046875,1110.3895263671875,4280.0,2804.427001953125,1753.3194580078125,5234.41162109375,8223.0966796875,3668.265625,4362.025390625,1156.0841064453125,5083.609375,1107.2174072265625,142.0,4986.04638671875,240.0,63.0,553.849365234375,610.6007080078125,2190.6787109375,85.0,474.6547546386719,10821.9228515625,5886.37060546875,6562.2431640625,9341.0439453125,2255.281005859375,20170.609375,1239.0723876953125,1727.81591796875,1982.2662353515625,780.0,3180.0,963.0896606445312,1191.8499755859375,1024.658203125,2277.597900390625,124.01460266113281,6477.76025390625,3232.355712890625,947.56787109375,20691.9609375,3321.639404296875,187.62692260742188
2023-08-29,,1127.022216796875,1123.807373046875,1135.530517578125,4470.0,2833.741455078125,1753.3194580078125,5214.04345703125,8267.7861328125,3688.4208984375,4401.32275390625,1151.5504150390625,5041.24560546875,1122.1798095703125,143.0,5081.47314453125,232.0,68.0,544.5409545898438,625.2551879882812,2217.394287109375,91.0,488.61517333984375,10893.7490234375,5911.0,6608.4560546875,9365.6904296875,2249.4384765625,20049.828125,1211.4351806640625,1780.464111328125,1932.9560546875,755.0,3190.0,953.9172973632812,1195.9456787109375,1138.997802734375,2269.92919921875,127.32167053222656,6501.40234375,3249.827880859375,942.9000244140625,20652.7734375,3304.064697265625,184.64871215820312
2023-08-30,,1182.677490234375,1128.000732421875,1164.86181640625,4500.0,2833.741455078125,1753.3194580078125,5254.77783203125,8223.0966796875,3708.576171875,4342.376953125,1151.5504150390625,5062.427734375,1112.2049560546875,139.0,4962.189453125,236.0,68.0,539.8867797851562,586.1767578125,2279.730712890625,91.0,483.9617004394531,10774.0380859375,5861.74169921875,6516.0302734375,9217.8115234375,2243.595703125,20136.099609375,1197.616455078125,1766.10546875,1932.9560546875,805.0,3380.0,986.0202026367188,1142.701416015625,1231.3489990234375,2231.585693359375,126.49488830566406,6501.40234375,3328.452880859375,980.24267578125,20496.015625,3286.489990234375,184.64871215820312
2023-08-31,,1261.522705078125,1119.6141357421875,1173.241943359375,4530.0,2833.741455078125,1748.9251708984375,5254.77783203125,8200.75,3698.498291015625,4362.025390625,1137.9493408203125,5104.79052734375,1067.3177490234375,138.0,4938.33251953125,227.0,65.0,530.578369140625,591.0615844726562,2226.29931640625,96.0,497.922119140625,10726.1533203125,5812.4833984375,6562.2431640625,8971.345703125,2243.595703125,19963.5546875,1188.404052734375,1737.388427734375,1908.301025390625,810.0,3380.0,981.4341430664062,1126.318603515625,1213.75830078125,2193.242431640625,122.361083984375,6430.47802734375,3258.56396484375,961.5713500976562,20378.447265625,3224.97802734375,184.64871215820312
2023-09-01,,1261.522705078125,1123.807373046875,1252.854736328125,4750.0,2814.198486328125,1718.165283203125,5336.248046875,8245.44140625,3698.498291015625,4381.67431640625,1133.4156494140625,5147.154296875,1196.9918212890625,141.0,4890.61962890625,222.0,67.0,549.1951904296875,605.7159423828125,2172.8681640625,95.0,488.61517333984375,10726.1533203125,5837.1123046875,6469.8173828125,9045.2861328125,2202.69677734375,20153.35546875,1197.616455078125,1699.0987548828125,1947.7491455078125,810.0,3390.0,1183.2244873046875,1109.935791015625,1240.1444091796875,2208.579833984375,126.49488830566406,6430.47802734375,3249.827880859375,961.5713500976562,20652.7734375,3216.1904296875,178.6923065185547
2023-09-04,,1256.8848876953125,1148.9674072265625,1282.185791015625,4970.0,2784.8837890625,1713.7708740234375,5376.98291015625,8245.44140625,3809.352783203125,4420.9716796875,1137.9493408203125,5168.3359375,1157.0921630859375,145.0,4771.3359375,205.0,70.0,558.5036010742188,639.9096069335938,2181.7734375,93.0,488.61517333984375,10726.1533203125,5886.37060546875,6377.39111328125,9119.2255859375,2167.640625,21378.431640625,1160.766845703125,1708.671142578125,1952.6800537109375,860.0,3410.0,1183.2244873046875,1105.8402099609375,1209.3604736328125,2239.25439453125,124.84136962890625,6406.8359375,3258.56396484375,966.2391357421875,21025.072265625,3216.1904296875,179.68502807617188
2023-09-05,,1229.0570068359375,1148.9674072265625,1227.7139892578125,4990.0,2775.112548828125,1713.7708740234375,5376.98291015625,8245.44140625,3879.896240234375,4420.9716796875,1133.4156494140625,5168.3359375,1142.129638671875,144.0,4795.19287109375,225.0,68.0,553.849365234375,630.1399536132812,2217.394287109375,90.0,474.6547546386719,10702.2109375,5911.0,6331.17822265625,9119.2255859375,2290.33740234375,21343.921875,1137.7357177734375,1694.3125,1932.9560546875,850.0,3440.0,1151.12158203125,1105.8402099609375,1134.5999755859375,2246.92333984375,124.84136962890625,6595.9677734375,3267.30029296875,966.2391357421875,21318.9921875,3181.041015625,180.67776489257812
2023-09-06,,1266.1607666015625,1203.480224609375,1252.854736328125,5200.0,2745.797607421875,1709.3765869140625,5315.880859375,8178.40576171875,3859.74072265625,4381.67431640625,1128.8819580078125,5125.97216796875,1162.0794677734375,146.0,4771.3359375,247.0,69.0,535.2326049804688,654.5640258789062,2208.48876953125,91.0,483.9617004394531,10582.5,5911.0,6354.28466796875,9045.2861328125,2272.80908203125,21464.701171875,1146.9481201171875,1665.595458984375,1873.783935546875,890.0,3450.0,1265.7747802734375,1138.6058349609375,1130.202392578125,2292.935302734375,124.84136962890625,6501.40234375,3310.980712890625,966.2391357421875,21475.751953125,3207.403076171875,181.67050170898438
2023-09-07,,1293.9884033203125,1207.673583984375,1236.0941162109375,5400.0,2833.741455078125,1718.165283203125,5214.04345703125,8200.75,3829.508056640625,4283.4306640625,1124.348388671875,4977.7001953125,1127.1673583984375,143.0,4795.19287109375,240.0,68.0,544.5409545898438,630.1399536132812,2030.3851318359375,94.0,470.00128173828125,10726.1533203125,5911.0,6423.6044921875,9341.0439453125,2278.65185546875,21223.138671875,1123.9169921875,1632.092041015625,1814.61181640625,860.0,3390.0,1210.7412109375,1109.935791015625,1064.2373046875,2239.25439453125,125.66813659667969,6501.40234375,3284.7724609375,970.906982421875,21279.802734375,3189.828369140625,177.69956970214844
2023-09-08,,1293.9884033203125,1211.8668212890625,1210.953125,5600.0,2804.427001953125,1709.3765869140625,5214.04345703125,8156.06005859375,3779.1201171875,4204.8359375,1133.4156494140625,4998.88232421875,1137.142333984375,144.0,4685.45263671875,240.0,67.0,535.2326049804688,625.2551879882812,2083.816162109375,93.0,470.00128173828125,10654.3271484375,5787.85400390625,6400.498046875,9316.3984375,2302.0224609375,21223.138671875,1137.7357177734375,1646.4505615234375,1814.61181640625,835.0,3210.0,1219.9134521484375,1109.935791015625,1112.6116943359375,2246.92333984375,126.49488830566406,6548.6845703125,3223.61962890625,975.5747680664062,21397.369140625,3172.25341796875,175.71409606933594
2023-09-11,,1298.6263427734375,1174.1273193359375,1223.523681640625,5500.0,2882.59912109375,1718.165283203125,5193.67626953125,8156.06005859375,3809.352783203125,4263.7822265625,1128.8819580078125,5020.06396484375,1172.0545654296875,141.0,4771.3359375,241.0,67.0,558.5036010742188,654.5640258789062,2128.342041015625,89.0,470.00128173828125,10702.2109375,5787.85400390625,6423.6044921875,10055.7939453125,2302.0224609375,20964.322265625,1160.766845703125,1780.464111328125,1858.9908447265625,840.0,3180.0,1242.84423828125,1109.935791015625,1029.055908203125,2208.579833984375,132.28225708007812,6714.1748046875,3232.355712890625,998.9139404296875,21083.85546875,3207.403076171875,175.71409606933594
2023-09-12,,1335.7301025390625,1178.3204345703125,1206.76318359375,5800.0,2911.91357421875,1709.3765869140625,5132.57421875,8133.71435546875,3748.886474609375,4224.48486328125,1124.348388671875,4977.7001953125,1196.9918212890625,136.0,4761.79345703125,241.0,66.0,544.5409545898438,683.8728637695312,2092.721435546875,88.0,465.3477783203125,10726.1533203125,5787.85400390625,6331.17822265625,10055.7939453125,2296.179931640625,21255.544921875,1151.55419921875,1742.1744384765625,1824.473876953125,845.0,3140.0,1366.6700439453125,1101.7445068359375,1037.8511962890625,2200.910888671875,134.76254272460938,6643.2509765625,3241.091796875,975.5747680664062,21221.01953125,3181.041015625,180.67776489257812
2023-09-13,,1293.9884033203125,1199.287109375,1236.0941162109375,5825.0,2892.370849609375,1683.0108642578125,5132.57421875,8111.3681640625,3769.041748046875,4244.13330078125,1124.348388671875,4956.51904296875,1201.979248046875,130.0,4771.3359375,261.0,66.0,530.578369140625,727.8360595703125,2119.43701171875,87.0,446.73388671875,10726.1533203125,5713.966796875,6377.39111328125,10425.4921875,2313.7080078125,21501.3828125,1142.341796875,1708.671142578125,1819.5428466796875,840.0,3140.0,1417.11767578125,1175.4671630859375,1059.8397216796875,2170.236328125,133.93576049804688,6595.9677734375,3241.091796875,970.906982421875,21299.3984375,3154.6787109375,181.67050170898438
2023-09-14,,1326.4541015625,1220.253662109375,1231.904052734375,5775.0,2775.112548828125,1669.828125,5152.94140625,8133.71435546875,3809.352783203125,4263.7822265625,1115.281005859375,4935.3369140625,1276.7913818359375,136.0,4795.19287109375,287.0,68.0,535.2326049804688,718.0665283203125,2128.342041015625,88.0,422.5357971191406,10534.615234375,5763.22509765625,6192.53955078125,10351.552734375,2313.7080078125,22201.076171875,1119.310791015625,1708.671142578125,1799.81884765625,855.0,3150.0,1426.2900390625,1150.8929443359375,1081.8280029296875,2216.24853515625,133.93576049804688,6619.609375,3214.883544921875,956.9035034179688,21475.751953125,3128.316650390625,187.62692260742188
2023-09-15,,1335.7301025390625,1190.900634765625,1244.4744873046875,5600.0,2833.741455078125,1669.828125,5132.57421875,8044.33349609375,3819.43017578125,4224.48486328125,1106.2137451171875,5020.06396484375,1416.4404296875,137.0,4842.90625,315.0,67.0,507.30743408203125,766.91455078125,2092.721435546875,92.0,431.8427429199219,10510.6728515625,5812.4833984375,6238.75244140625,10425.4921875,2337.078857421875,21936.326171875,1110.098388671875,1689.5264892578125,1794.8878173828125,855.0,3150.0,1495.0819091796875,1130.4144287109375,1244.5418701171875,2185.57373046875,128.14842224121094,6619.609375,3249.827880859375,952.2356567382812,22279.130859375,3075.592041015625,187.62692260742188
2023-09-18,,1400.6612548828125,1190.900634765625,1236.0941162109375,5150.0,2833.741455078125,1621.4908447265625,5132.57421875,8044.33349609375,3769.041748046875,4185.1865234375,1106.2137451171875,4998.88232421875,1431.4027099609375,137.0,4723.623046875,318.0,66.0,497.9990234375,737.605712890625,2074.9111328125,92.0,416.9516296386719,10390.9619140625,5812.4833984375,6100.11328125,10351.552734375,2302.0224609375,21690.490234375,1087.0672607421875,1737.388427734375,1770.232666015625,895.0,3100.0,1472.1512451171875,1138.6058349609375,1350.086181640625,2177.905029296875,128.14842224121094,6501.40234375,3214.883544921875,952.2356567382812,22024.3984375,3049.22998046875,184.64871215820312
2023-09-19,,1405.29931640625,1216.060302734375,1236.0941162109375,5350.0,2833.741455078125,1617.0966796875,5173.30908203125,8111.3681640625,3809.352783203125,4224.48486328125,1119.814697265625,5083.609375,1431.4027099609375,139.0,4675.90966796875,295.0,66.0,502.6532287597656,791.3385620117188,2048.1953125,90.0,422.5357971191406,10367.0185546875,5664.70849609375,6169.43310546875,10992.36328125,2313.7080078125,21936.326171875,1082.4610595703125,1713.4573974609375,1775.1636962890625,915.0,3290.0,1527.18505859375,1134.510009765625,1358.8814697265625,2208.579833984375,129.8019561767578,6477.76025390625,3258.56396484375,956.9035034179688,22200.751953125,3145.89111328125,184.64871215820312
2023-09-20,,1428.4891357421875,1241.2200927734375,1223.523681640625,5275.0,2833.741455078125,1634.6737060546875,5132.57421875,8178.40576171875,3859.74072265625,4224.48486328125,1119.814697265625,5147.154296875,1441.3775634765625,139.0,4685.45263671875,290.0,66.0,521.27001953125,796.223388671875,2083.816162109375,90.0,416.9516296386719,10390.9619140625,5640.0791015625,6284.96533203125,10770.544921875,2302.0224609375,21936.326171875,1077.8548583984375,1675.167724609375,1799.81884765625,915.0,3260.0,1440.0482177734375,1138.6058349609375,1323.699951171875,2200.910888671875,133.93576049804688,6501.40234375,3328.452880859375,933.5643920898438,22337.916015625,3189.828369140625,183.65597534179688
2023-09-21,,1382.109619140625,1237.0267333984375,1215.1435546875,5275.0,2814.198486328125,1612.702392578125,5051.10498046875,8156.06005859375,3869.818603515625,4204.8359375,1115.281005859375,5083.609375,1476.2899169921875,137.0,4723.623046875,275.0,66.0,507.30743408203125,752.2601318359375,2092.721435546875,88.0,411.367431640625,10726.1533203125,5590.82080078125,6192.53955078125,10770.544921875,2278.65185546875,21766.130859375,1087.0672607421875,1737.388427734375,1868.8529052734375,915.0,3210.0,1389.6007080078125,1126.318603515625,1380.8697509765625,2162.56787109375,132.28225708007812,6525.04345703125,3328.452880859375,928.8965454101562,22200.751953125,3312.852294921875,182.66323852539062
2023-09-22,,1372.8336181640625,1237.0267333984375,1236.0941162109375,5450.0,2833.741455078125,1625.88525390625,5051.10498046875,8111.3681640625,3930.28466796875,4204.8359375,1115.281005859375,5083.609375,1481.27734375,138.0,4742.7080078125,302.0,67.0,511.9616394042969,737.605712890625,2163.962890625,87.0,416.9516296386719,10869.8076171875,5615.4501953125,6261.85888671875,11337.4150390625,2331.236328125,21860.68359375,1123.9169921875,1703.885009765625,1849.12890625,930.0,3240.0,1467.5650634765625,1130.4144287109375,1385.267578125,2193.242431640625,133.10899353027344,6477.76025390625,3372.13330078125,919.5609741210938,22220.34765625,3383.1513671875,182.66323852539062
2023-09-25,,1331.092041015625,1237.0267333984375,1223.523681640625,5675.0,2843.512939453125,1625.88525390625,5091.83984375,8044.33349609375,4051.21630859375,4165.5380859375,1115.281005859375,5083.609375,1471.302490234375,140.0,4742.7080078125,318.0,77.0,507.30743408203125,752.2601318359375,2119.43701171875,87.0,429.9813537597656,10774.0380859375,5590.82080078125,6261.85888671875,11386.7080078125,2313.7080078125,21993.05859375,1151.55419921875,1699.0987548828125,1789.956787109375,915.0,3110.0,1504.254150390625,1134.510009765625,1411.6536865234375,2185.57373046875,133.93576049804688,6288.62890625,3293.50830078125,900.8896484375,22141.96875,3356.7890625,179.68502807617188
2023-09-26,,1219.78125,1161.54736328125,1223.523681640625,5675.0,2892.370849609375,1617.0966796875,5051.10498046875,7999.642578125,4020.983154296875,4086.942626953125,1110.747314453125,5020.06396484375,1341.6282958984375,135.0,5129.18603515625,292.0,71.0,535.2326049804688,722.9512329101562,2083.816162109375,87.0,413.22882080078125,10702.2109375,5492.30419921875,6192.53955078125,11288.1220703125,2278.65185546875,21558.111328125,1229.8599853515625,1727.81591796875,1824.473876953125,850.0,3000.0,1389.6007080078125,1134.510009765625,1306.109375,2154.89892578125,130.62872314453125,6194.06298828125,3284.7724609375,900.8896484375,21750.076171875,3356.7890625,178.6923065185547
2023-09-27,,1256.8848876953125,1203.480224609375,1273.805419921875,5650.0,2863.055908203125,1599.51953125,5010.37060546875,7932.6064453125,4081.44921875,4106.591796875,1110.747314453125,5083.609375,1391.5030517578125,137.0,5129.18603515625,293.0,79.0,539.8867797851562,742.490478515625,2101.626708984375,86.0,413.22882080078125,10534.615234375,5541.5625,6238.75244140625,11189.53515625,2261.123779296875,21463.560546875,1193.01025390625,1679.9539794921875,1750.5087890625,855.0,3030.0,1508.84033203125,1126.318603515625,1310.507080078125,2147.230224609375,132.28225708007812,6194.06298828125,3249.827880859375,896.2217407226562,22181.15625,3312.852294921875,180.67776489257812
2023-09-29,,1210.50537109375,1195.0936279296875,1294.7562255859375,5925.0,2892.370849609375,1595.125244140625,5071.47216796875,7887.91552734375,4162.0703125,4106.591796875,1106.2137451171875,5104.79052734375,1296.7412109375,137.0,5176.8994140625,286.0,85.0,544.5409545898438,776.6842041015625,2119.43701171875,85.0,416.9516296386719,10606.4423828125,5566.19189453125,6123.2197265625,10943.0703125,2296.179931640625,21917.416015625,1183.7977294921875,1679.9539794921875,1794.8878173828125,805.0,2880.0,1476.7373046875,1126.318603515625,1270.927978515625,2147.230224609375,130.62872314453125,6075.85595703125,3276.0361328125,896.2217407226562,22141.96875,3286.489990234375,176.7068328857422
2023-10-02,,1219.78125,1178.3204345703125,1269.6153564453125,6100.0,2882.59912109375,1586.336669921875,5112.20703125,8111.3681640625,4151.9931640625,4126.240234375,1124.348388671875,5125.97216796875,1326.6658935546875,136.0,5176.8994140625,285.0,82.0,563.1577758789062,752.2601318359375,2146.152587890625,85.0,390.8921203613281,10630.3837890625,5492.30419921875,6238.75244140625,10721.2509765625,2407.191162109375,21690.490234375,1197.616455078125,1708.671142578125,1844.1978759765625,795.0,2670.0,1430.8759765625,1126.318603515625,1319.3023681640625,2147.230224609375,128.9751739501953,6123.138671875,3276.0361328125,896.2217407226562,21887.240234375,3251.34033203125,175.71409606933594
2023-10-03,,1150.2120361328125,1128.000732421875,1198.3829345703125,6300.0,2882.59912109375,1551.182373046875,5051.10498046875,8223.0966796875,4202.380859375,4145.88916015625,1142.4830322265625,5147.154296875,1366.565673828125,136.0,5272.32666015625,280.0,81.0,553.849365234375,708.296875,2172.8681640625,83.0,389.0307312011719,10486.73046875,5492.30419921875,6215.64599609375,10474.7861328125,2430.56201171875,21217.72265625,1216.0413818359375,1718.2435302734375,1923.0941162109375,790.0,2520.0,1385.0145263671875,1114.0316162109375,1380.8697509765625,2101.21826171875,125.66813659667969,6052.2138671875,3293.50830078125,905.5574340820312,21162.234375,3154.6787109375,173.72862243652344
2023-10-04,,1066.728759765625,1115.4207763671875,1181.622314453125,6150.0,2804.427001953125,1529.2109375,4949.267578125,8223.0966796875,4182.22607421875,4126.240234375,1133.4156494140625,5189.51806640625,1281.7786865234375,131.0,5200.75634765625,270.0,76.0,544.5409545898438,669.2183837890625,2110.53173828125,82.0,370.4168395996094,10726.1533203125,5344.529296875,6238.75244140625,9957.2080078125,2453.932861328125,20574.759765625,1211.4351806640625,1689.5264892578125,1903.3701171875,755.0,2520.0,1293.291748046875,1114.0316162109375,1385.267578125,2062.874755859375,126.49488830566406,5957.6484375,3302.244384765625,886.8861083984375,20829.125,3145.89111328125,180.67776489257812
2023-10-05,,1103.83251953125,1094.454345703125,1177.43212890625,6300.0,2833.741455078125,1498.450927734375,4908.533203125,8111.3681640625,4182.22607421875,4067.293701171875,1128.8819580078125,5189.51806640625,1251.85400390625,126.0,5367.75341796875,265.0,75.0,539.8867797851562,630.1399536132812,2110.53173828125,84.0,376.0010070800781,11133.1728515625,5270.6416015625,6354.28466796875,10055.7939453125,2430.56201171875,19912.890625,1248.284912109375,1756.5330810546875,1888.5770263671875,740.0,2430.0,1201.5689697265625,1097.6488037109375,1389.6651611328125,2039.868896484375,118.22725677490234,5910.365234375,3249.827880859375,858.8792724609375,20496.015625,3216.1904296875,177.69956970214844
2023-10-06,,1127.022216796875,1111.2274169921875,1190.0025634765625,6275.0,2667.625732421875,1507.2396240234375,4949.267578125,8066.6787109375,4192.30322265625,4067.293701171875,1137.9493408203125,5104.79052734375,1351.603271484375,124.0,5415.46630859375,268.0,74.0,600.391357421875,654.5640258789062,2101.626708984375,84.0,379.7237854003906,11013.4619140625,5443.0458984375,6354.28466796875,10203.673828125,2383.820556640625,20007.4453125,1248.284912109375,1756.5330810546875,1962.5421142578125,780.0,2410.0,1233.671875,1109.935791015625,1407.255859375,2039.868896484375,124.84136962890625,6004.931640625,3302.244384765625,868.2149047851562,20691.9609375,3339.21435546875,174.7213592529297
2023-10-09,,1159.48779296875,1161.54736328125,1248.6646728515625,6425.0,2755.5693359375,1590.73095703125,4990.0029296875,8089.02392578125,4111.68212890625,4027.99609375,1137.9493408203125,4998.88232421875,1286.7662353515625,129.0,5320.0400390625,271.0,76.0,591.0829467773438,727.8360595703125,2101.626708984375,83.0,379.7237854003906,10630.3837890625,5590.82080078125,6331.17822265625,10105.087890625,2453.932861328125,20404.56640625,1206.828857421875,1703.885009765625,1932.9560546875,745.0,2580.0,1352.91162109375,1142.701416015625,1336.8931884765625,2085.880859375,131.45547485351562,6241.345703125,3284.7724609375,868.2149047851562,20927.099609375,3268.914794921875,176.7068328857422
2023-10-10,,1238.3330078125,1165.7406005859375,1223.523681640625,6500.0,2833.741455078125,1595.125244140625,4928.90087890625,7977.2978515625,4192.30322265625,4067.293701171875,1133.4156494140625,5083.609375,1182.0294189453125,131.0,5296.18310546875,285.0,77.0,595.7371215820312,737.605712890625,2110.53173828125,82.0,390.8921203613281,10390.9619140625,5541.5625,6284.96533203125,10450.138671875,2448.090087890625,20536.94140625,1220.6475830078125,1679.9539794921875,1962.5421142578125,750.0,2650.0,1343.7392578125,1146.7972412109375,1297.3140869140625,2108.88671875,131.45547485351562,6217.70458984375,3328.452880859375,891.5540161132812,21064.26171875,3224.97802734375,176.7068328857422
2023-10-11,,1159.48779296875,1157.3538818359375,1219.3336181640625,6700.0,2814.198486328125,1595.125244140625,4928.90087890625,7977.2978515625,4172.14794921875,4126.240234375,1124.348388671875,5125.97216796875,1221.9290771484375,129.0,5200.75634765625,281.0,76.0,567.8119506835938,737.605712890625,2119.43701171875,79.0,387.1693420410156,10247.3076171875,5467.6748046875,6238.75244140625,10524.078125,2453.932861328125,20782.779296875,1202.2227783203125,1675.167724609375,1952.6800537109375,730.0,2540.0,1343.7392578125,1138.6058349609375,1244.5418701171875,2101.21826171875,132.28225708007812,6170.42138671875,3302.244384765625,891.5540161132812,21145.54296875,3172.25341796875,173.72862243652344
2023-10-12,,1113.1082763671875,1128.000732421875,1210.953125,6675.0,2784.8837890625,1559.970947265625,4927.24462890625,8089.02392578125,4293.08056640625,4165.5380859375,1128.8819580078125,5147.154296875,1132.15478515625,126.0,4866.7626953125,278.0,79.0,600.391357421875,678.988037109375,2119.43701171875,73.0,385.3079528808594,10510.6728515625,5393.78759765625,6215.64599609375,10573.3720703125,2500.67431640625,20310.01171875,1169.979248046875,1665.595458984375,1947.7491455078125,705.0,2550.0,1343.7392578125,1134.510009765625,1160.986083984375,2078.212158203125,132.28225708007812,6194.06298828125,3345.925048828125,891.5540161132812,20823.630859375,3189.828369140625,173.72862243652344
2023-10-13,,1071.3668212890625,1136.3873291015625,1223.523681640625,6600.0,2745.797607421875,1542.393798828125,4947.947265625,8111.3681640625,4172.14794921875,4145.88916015625,1128.8819580078125,5147.154296875,1142.129638671875,125.0,4962.189453125,279.0,80.0,572.4661254882812,693.6424560546875,2119.43701171875,67.0,379.7237854003906,10414.9033203125,5344.529296875,6192.53955078125,10376.2001953125,2459.775390625,20574.759765625,1183.7977294921875,1675.167724609375,1937.8870849609375,690.0,2550.0,1371.256103515625,1146.7972412109375,1152.190673828125,2062.874755859375,132.28225708007812,6217.70458984375,3363.397216796875,882.2183227539062,20984.587890625,3207.403076171875,170.7504119873047
2023-10-16,,1094.5565185546875,1165.7406005859375,1210.953125,6150.0,2736.0263671875,1586.336669921875,4844.43359375,8133.71435546875,4192.30322265625,4126.240234375,1119.814697265625,5104.79052734375,1127.1673583984375,126.0,4962.189453125,241.0,80.0,567.8119506835938,708.296875,2119.43701171875,66.0,405.78326416015625,10438.845703125,5443.0458984375,6215.64599609375,10203.673828125,2453.932861328125,20782.779296875,1169.979248046875,1684.740234375,1863.921875,715.0,2600.0,1385.0145263671875,1146.7972412109375,1138.997802734375,2078.212158203125,130.62872314453125,6099.4970703125,3284.7724609375,868.2149047851562,21286.37890625,3207.403076171875,171.74314880371094
2023-10-17,,1145.573974609375,1161.54736328125,1206.76318359375,6250.0,2726.254638671875,1590.73095703125,4844.43359375,7999.642578125,4192.30322265625,4047.64501953125,1119.814697265625,5083.609375,1147.1171875,126.0,4986.04638671875,273.0,81.0,563.1577758789062,708.296875,2119.43701171875,65.0,402.06048583984375,10438.845703125,5566.19189453125,6331.17822265625,10179.02734375,2372.135009765625,20858.419921875,1151.55419921875,1746.960693359375,1829.4049072265625,715.0,2580.0,1380.428466796875,1134.510009765625,1231.3489990234375,2085.880859375,133.10899353027344,6217.70458984375,3310.980712890625,877.550537109375,21226.021484375,3365.576416015625,171.74314880371094
2023-10-18,,1205.8673095703125,1190.900634765625,1206.76318359375,6375.0,2745.797607421875,1625.88525390625,4823.73095703125,7910.2607421875,4131.83740234375,4047.64501953125,1110.747314453125,4956.51904296875,1162.0794677734375,125.0,5105.32958984375,276.0,79.0,558.5036010742188,722.9512329101562,2048.1953125,63.0,398.33770751953125,10175.48046875,5664.70849609375,6284.96533203125,10474.7861328125,2290.33740234375,21066.435546875,1179.191650390625,1727.81591796875,1868.8529052734375,765.0,2490.0,1435.462158203125,1134.510009765625,1279.723388671875,2085.880859375,138.06959533691406,6052.2138671875,3276.0361328125,844.8758544921875,21165.6640625,3356.7890625,172.7358856201172
2023-10-19,,1154.849853515625,1182.5137939453125,1206.76318359375,6450.0,2745.797607421875,1595.125244140625,4740.919921875,7820.87890625,3982.688232421875,3929.7529296875,1097.1463623046875,4850.6103515625,1032.405517578125,122.0,4962.189453125,282.0,79.0,539.8867797851562,678.988037109375,1994.7642822265625,64.0,396.476318359375,9983.9423828125,5689.33740234375,6238.75244140625,10302.259765625,2313.7080078125,21142.08203125,1123.9169921875,1723.0296630859375,1829.4049072265625,720.0,2480.0,1394.1868896484375,1118.127197265625,1213.75830078125,2062.874755859375,134.76254272460938,6123.138671875,3258.56396484375,840.2080078125,20944.349609375,3348.001708984375,170.7504119873047
2023-10-20,,1131.66015625,1174.1273193359375,1219.3336181640625,6575.0,2736.0263671875,1603.913818359375,4720.21728515625,8021.986328125,4006.874755859375,3969.0498046875,1097.1463623046875,4871.7919921875,1017.4430541992188,121.0,4962.189453125,287.0,78.0,535.2326049804688,678.988037109375,1959.1434326171875,60.0,407.6446533203125,10151.5380859375,5664.70849609375,6169.43310546875,10129.7333984375,2313.7080078125,21293.365234375,1123.9169921875,1694.3125,1878.7149658203125,725.0,2490.0,1467.5650634765625,1114.0316162109375,1187.3720703125,2085.880859375,130.62872314453125,6052.2138671875,3232.355712890625,821.5367431640625,20783.39453125,3391.93896484375,170.7504119873047
2023-10-23,,1080.6427001953125,1115.4207763671875,1215.1435546875,6575.0,2696.940185546875,1537.99951171875,4637.40625,7910.2607421875,4022.998779296875,3929.7529296875,1079.01171875,4808.2470703125,997.4931640625,119.0,4723.623046875,280.0,76.0,521.27001953125,649.67919921875,1941.3330078125,63.0,396.476318359375,10055.76953125,5492.30419921875,6100.11328125,9636.802734375,2261.123779296875,20707.13671875,1100.8858642578125,1694.3125,1893.508056640625,695.0,2380.0,1375.84228515625,1093.5531005859375,1165.3837890625,2039.868896484375,128.14842224121094,5934.0068359375,3153.73095703125,812.2010498046875,20119.453125,3374.364013671875,167.772216796875
2023-10-24,,1113.1082763671875,1115.4207763671875,1223.523681640625,6425.0,2755.5693359375,1551.182373046875,4803.02880859375,7843.224609375,4031.060791015625,4008.34765625,1110.747314453125,4871.7919921875,1022.4305419921875,118.0,4819.04931640625,290.0,77.0,511.9616394042969,664.3336181640625,1950.2384033203125,63.0,422.5357971191406,10343.0771484375,5590.82080078125,6215.64599609375,9661.44921875,2249.4384765625,20726.048828125,1128.523193359375,1746.960693359375,1923.0941162109375,705.0,2380.0,1348.325439453125,1093.5531005859375,1191.769775390625,2047.5374755859375,128.14842224121094,5981.28955078125,3188.67529296875,840.2080078125,20320.646484375,3506.175048828125,167.772216796875
2023-10-25,,1099.1944580078125,1119.6141357421875,1206.76318359375,6500.0,2853.28466796875,1520.4224853515625,4782.3251953125,7932.6064453125,4006.874755859375,4067.293701171875,1106.2137451171875,4956.51904296875,992.5056762695312,118.0,5009.9033203125,314.0,77.0,511.9616394042969,659.4487915039062,1896.8070068359375,60.0,413.22882080078125,10007.8837890625,5443.0458984375,6238.75244140625,9267.1044921875,2196.854248046875,20612.583984375,1142.341796875,1684.740234375,1928.0250244140625,705.0,2420.0,1279.533447265625,1101.7445068359375,1169.7813720703125,2062.874755859375,123.18783569335938,6052.2138671875,3144.994873046875,816.868896484375,21185.783203125,3585.261962890625,166.77947998046875
2023-10-26,,1029.6251220703125,1111.2274169921875,1202.572998046875,6550.0,2784.8837890625,1520.4224853515625,4740.919921875,7798.53466796875,3934.315673828125,3866.876953125,1083.54541015625,4829.4287109375,962.5809326171875,113.0,4819.04931640625,358.0,74.0,502.6532287597656,635.0247802734375,1861.1861572265625,57.0,409.50604248046875,9840.2880859375,5319.89990234375,6238.75244140625,9365.6904296875,2255.281005859375,20310.01171875,1119.310791015625,1675.167724609375,1824.473876953125,695.0,2300.0,1247.4302978515625,1085.3616943359375,1156.5885009765625,2039.868896484375,123.18783569335938,5910.365234375,3040.16162109375,770.1906127929688,21065.064453125,3497.3876953125,163.80126953125
2023-10-27,,1015.7113037109375,1107.0341796875,1206.76318359375,6675.0,2755.5693359375,1516.028076171875,4740.919921875,7776.1884765625,3910.129150390625,3929.7529296875,1092.6126708984375,4829.4287109375,987.5182495117188,115.0,5200.75634765625,447.0,76.0,502.6532287597656,615.4855346679688,1887.90185546875,56.0,407.6446533203125,10079.7109375,5048.97900390625,6238.75244140625,9858.62109375,2302.0224609375,20404.56640625,1128.523193359375,1679.9539794921875,1799.81884765625,710.0,2330.0,1302.464111328125,1093.5531005859375,1191.769775390625,2039.868896484375,122.361083984375,5839.44091796875,3057.6337890625,770.1906127929688,20541.958984375,3497.3876953125,168.76495361328125
2023-10-30,,1034.26318359375,1065.10107421875,1215.1435546875,6750.0,2823.969970703125,1516.028076171875,4803.02880859375,7910.2607421875,3910.129150390625,3929.7529296875,1101.6800537109375,4850.6103515625,1002.4806518554688,112.0,5176.8994140625,520.0,78.0,470.0738525390625,600.8311157226562,1825.5654296875,56.0,411.367431640625,10079.7109375,5147.49560546875,6215.64599609375,9168.5185546875,2243.595703125,19856.16015625,1119.310791015625,1632.092041015625,1730.78466796875,690.0,2340.0,1155.70751953125,1040.308837890625,1235.74658203125,1986.1881103515625,122.361083984375,5768.5166015625,2987.7451171875,788.8619384765625,19636.58203125,3330.4267578125,166.77947998046875
2023-10-31,,1020.3493041992188,1073.4876708984375,1248.6646728515625,6500.0,2823.969970703125,1498.450927734375,4782.3251953125,7820.87890625,3861.756591796875,3898.314697265625,1110.747314453125,4808.2470703125,1122.1798095703125,113.0,5534.75048828125,540.0,80.0,465.41961669921875,586.1767578125,2021.479736328125,60.0,400.1990966796875,9912.115234375,4876.5751953125,6146.326171875,9464.2763671875,2208.539306640625,20064.17578125,1128.523193359375,1617.7335205078125,1711.0606689453125,670.0,2230.0,1169.466064453125,1028.0218505859375,1244.5418701171875,1901.8326416015625,124.84136962890625,5768.5166015625,3048.897705078125,830.8723754882812,20220.05078125,3181.041015625,162.80853271484375
2023-11-01,,1015.7113037109375,1010.5880126953125,1261.2349853515625,6650.0,2784.8837890625,1450.11376953125,4803.02880859375,7686.80712890625,3885.942626953125,3796.14111328125,1083.54541015625,4787.06494140625,1017.4430541992188,107.0,5129.18603515625,527.5,82.0,459.8345947265625,547.0982666015625,1834.470703125,62.0,385.3079528808594,9936.0576171875,4768.20654296875,6146.326171875,8108.71630859375,2208.539306640625,18929.5390625,1087.0672607421875,1536.3681640625,1582.8543701171875,660.0,2300.0,1068.5709228515625,999.351806640625,1226.951171875,1809.808349609375,123.18783569335938,5721.23388671875,3162.466796875,793.52978515625,19395.150390625,3145.89111328125,160.82305908203125
2023-11-02,,1076.004638671875,1002.201416015625,1236.0941162109375,6900.0,2784.8837890625,1450.11376953125,4803.02880859375,7910.2607421875,3926.253662109375,3929.7529296875,1092.6126708984375,4998.88232421875,997.4931640625,108.0,5129.18603515625,535.0,84.0,474.7280578613281,561.752685546875,1807.755126953125,71.0,385.3079528808594,9912.115234375,4778.05810546875,5984.5810546875,8453.7685546875,2150.112548828125,19080.822265625,1105.4921875,1526.7957763671875,1686.405517578125,665.0,2400.0,1128.1905517578125,1007.543212890625,1226.951171875,1825.145751953125,123.18783569335938,5910.365234375,3162.466796875,872.8827514648438,19093.359375,3154.6787109375,159.83033752441406
2023-11-03,,1103.83251953125,1044.134521484375,1279.4658203125,6700.0,2833.741455078125,1454.5081787109375,4885.8388671875,7954.951171875,3942.377685546875,4008.34765625,1088.0791015625,4935.3369140625,1037.3929443359375,111.0,5248.47021484375,535.0,87.0,497.9990234375,581.2919311523438,1825.5654296875,70.0,379.7237854003906,10007.8837890625,4856.87158203125,5892.15478515625,8355.1826171875,2173.4833984375,19251.01953125,1119.310791015625,1522.0096435546875,1646.95751953125,685.0,2450.0,1137.3629150390625,1011.6389770507812,1222.5535888671875,1832.814453125,123.18783569335938,5863.08251953125,3118.786376953125,891.5540161132812,19133.599609375,3119.529052734375,161.8157958984375
2023-11-06,,1178.0396728515625,1060.9078369140625,1305.4888916015625,6825.0,2745.797607421875,1494.0567626953125,4906.54150390625,8089.02392578125,4006.874755859375,4086.942626953125,1101.6800537109375,5020.06396484375,1072.30517578125,112.0,5224.61279296875,602.5,86.0,502.6532287597656,581.2919311523438,1878.9967041015625,76.0,387.1693420410156,10031.8271484375,4847.02001953125,5869.04833984375,8577.0009765625,2226.067626953125,19402.302734375,1146.9481201171875,1545.940673828125,1661.7506103515625,675.0,2510.0,1128.1905517578125,1011.6389770507812,1240.1444091796875,1840.4830322265625,124.84136962890625,6123.138671875,3188.67529296875,896.2217407226562,19113.48046875,3181.041015625,162.80853271484375
2023-11-07,,1150.2120361328125,1035.747802734375,1292.4774169921875,6850.0,2823.969970703125,1485.2681884765625,4823.73095703125,8021.986328125,3982.688232421875,4126.240234375,1097.1463623046875,4977.7001953125,1052.3553466796875,109.0,5296.18310546875,602.5,72.0,497.9990234375,561.752685546875,1878.9967041015625,77.0,381.5851745605469,10031.8271484375,4866.72314453125,5892.15478515625,8379.8291015625,2196.854248046875,19175.375,1123.9169921875,1536.3681640625,1577.92333984375,655.0,2510.0,1077.7432861328125,991.1605224609375,1200.565185546875,1809.808349609375,122.361083984375,6099.4970703125,3118.786376953125,896.2217407226562,18811.6875,3137.103759765625,160.82305908203125
2023-11-08,,1089.91845703125,1023.1679077148438,1279.4658203125,6775.0,2833.741455078125,1458.9024658203125,4740.919921875,8044.33349609375,3934.315673828125,4106.591796875,1097.1463623046875,4956.51904296875,1017.4430541992188,107.0,5415.46630859375,650.0,77.0,502.6532287597656,556.8678588867188,1923.5224609375,76.0,381.5851745605469,10031.8271484375,4748.50341796875,5869.04833984375,8281.2421875,2150.112548828125,18702.611328125,1110.098388671875,1545.940673828125,1632.1644287109375,645.0,2360.0,1018.123291015625,933.8206176757812,1143.3953857421875,1786.8023681640625,123.18783569335938,6004.931640625,3075.10595703125,886.8861083984375,18348.9375,3163.466064453125,153.87393188476562
2023-11-09,,1099.1944580078125,1027.361328125,1279.4658203125,6650.0,2833.741455078125,1454.5081787109375,4761.62255859375,8044.33349609375,3918.191650390625,4086.942626953125,1097.1463623046875,4977.7001953125,1067.3177490234375,106.0,5391.60986328125,700.0,73.0,516.6158447265625,591.0615844726562,1932.4278564453125,75.0,387.1693420410156,10007.8837890625,4630.283203125,5845.94189453125,8453.7685546875,2191.011474609375,18740.431640625,1114.70458984375,1550.7266845703125,1642.0264892578125,625.0,2300.0,1073.156982421875,913.3421020507812,1103.81640625,1802.1397705078125,124.01460266113281,6028.57275390625,3083.842041015625,891.5540161132812,18409.298828125,3163.466064453125,154.86666870117188
2023-11-10,,1089.91845703125,1039.9412841796875,1244.7685546875,6825.0,2833.741455078125,1428.1424560546875,4782.3251953125,7887.91552734375,3918.191650390625,3988.69873046875,1101.6800537109375,4892.9736328125,1172.0545654296875,107.0,5343.896484375,700.0,75.0,521.27001953125,586.1767578125,1976.953857421875,76.0,379.7237854003906,10127.5966796875,4571.17333984375,5845.94189453125,8355.1826171875,2144.27001953125,18797.1640625,1110.098388671875,1522.0096435546875,1661.7506103515625,605.0,2260.0,1063.9847412109375,921.5335083007812,1073.0325927734375,1794.4710693359375,124.01460266113281,5934.0068359375,3101.314208984375,872.8827514648438,18590.375,3154.6787109375,154.86666870117188
2023-11-13,,1043.5390625,1039.9412841796875,1262.1171875,7100.0,2843.512939453125,1423.7481689453125,4678.81201171875,7932.6064453125,3942.377685546875,3949.4013671875,1097.1463623046875,4935.3369140625,1147.1171875,111.0,5343.896484375,700.0,73.0,516.6158447265625,600.8311157226562,1959.1434326171875,79.0,379.7237854003906,9936.0576171875,4571.17333984375,5961.474609375,8626.2939453125,2208.539306640625,18664.7890625,1100.8858642578125,1531.58203125,1587.7852783203125,625.0,2260.0,1086.91552734375,921.5335083007812,1081.8280029296875,1809.808349609375,124.84136962890625,6004.931640625,3075.10595703125,886.8861083984375,18711.087890625,3101.954345703125,163.80126953125
2023-11-14,,1099.1944580078125,1039.9412841796875,1262.1171875,7150.0,2814.198486328125,1423.7481689453125,4699.5146484375,7977.2978515625,3934.315673828125,3988.69873046875,1092.6126708984375,4935.3369140625,1137.142333984375,112.0,5224.61279296875,700.0,71.0,502.6532287597656,625.2551879882812,1923.5224609375,81.0,377.8623962402344,10007.8837890625,4709.0966796875,5892.15478515625,8503.0615234375,2173.4833984375,18910.62890625,1119.310791015625,1536.3681640625,1568.0614013671875,630.0,2350.0,1105.260009765625,925.6292114257812,1103.81640625,1832.814453125,125.66813659667969,5886.72412109375,3057.6337890625,868.2149047851562,18711.087890625,3058.017333984375,169.75767517089844
2023-11-15,,1145.573974609375,1052.521240234375,1270.7916259765625,7225.0,2833.741455078125,1441.3253173828125,4761.62255859375,8089.02392578125,4014.936767578125,4126.240234375,1128.8819580078125,5020.06396484375,1162.0794677734375,112.0,5200.75634765625,687.5,73.0,539.8867797851562,620.370361328125,1914.617431640625,86.0,381.5851745605469,10127.5966796875,4482.50830078125,5938.3681640625,8355.1826171875,2214.38232421875,19213.197265625,1114.70458984375,1541.1544189453125,1661.7506103515625,645.0,2460.0,1091.5015869140625,925.6292114257812,1103.81640625,1840.4830322265625,125.66813659667969,5934.0068359375,3101.314208984375,896.2217407226562,18831.806640625,3014.080322265625,170.7504119873047
2023-11-16,,1122.3841552734375,1060.9078369140625,1262.1171875,7225.0,2833.741455078125,1450.11376953125,4823.73095703125,8111.3681640625,3990.750244140625,4126.240234375,1128.8819580078125,5020.06396484375,1152.1046142578125,112.0,5153.04296875,665.0,74.0,539.8867797851562,620.370361328125,1870.091552734375,86.0,368.5554504394531,10127.5966796875,4630.283203125,5961.474609375,8552.3544921875,2173.4833984375,19232.107421875,1110.098388671875,1545.940673828125,1617.3714599609375,615.0,2420.0,1063.9847412109375,929.724853515625,1099.418701171875,1825.145751953125,124.84136962890625,5934.0068359375,3092.578125,896.2217407226562,18872.044921875,3040.4423828125,170.7504119873047
2023-11-17,,1099.1944580078125,1065.10107421875,1240.431396484375,7575.0,2823.969970703125,1436.930908203125,4720.21728515625,8111.3681640625,4014.936767578125,4106.591796875,1169.68505859375,4998.88232421875,1162.0794677734375,111.0,5347.49755859375,680.0,75.0,535.2326049804688,581.2919311523438,1852.2811279296875,84.0,361.10986328125,10031.8271484375,4521.9150390625,5938.3681640625,8379.8291015625,2126.74169921875,19269.927734375,1114.70458984375,1550.7266845703125,1637.095458984375,625.0,2360.0,1027.2955322265625,921.5335083007812,1073.0325927734375,1840.4830322265625,123.18783569335938,6264.9873046875,3101.314208984375,914.89306640625,18409.298828125,3049.22998046875,169.75767517089844
2023-11-20,,1080.6427001953125,1069.2943115234375,1266.454345703125,7300.0,2833.741455078125,1414.9595947265625,4803.02880859375,7932.6064453125,4014.936767578125,4126.240234375,1165.1513671875,4977.7001953125,1137.142333984375,112.0,5250.2705078125,680.0,73.0,539.8867797851562,576.4071044921875,1861.1861572265625,89.0,372.2782287597656,10079.7109375,4581.02490234375,5915.26171875,8379.8291015625,2126.74169921875,19364.484375,1100.8858642578125,1555.512939453125,1627.2333984375,610.0,2350.0,1045.6402587890625,937.916259765625,1095.02099609375,1855.820556640625,124.01460266113281,6335.91162109375,3136.258544921875,914.89306640625,18469.654296875,3040.4423828125,167.772216796875
2023-11-21,,1122.3841552734375,1094.454345703125,1262.1171875,7300.0,2833.741455078125,1423.7481689453125,4782.3251953125,7843.224609375,4091.527099609375,4086.942626953125,1142.4830322265625,4977.7001953125,1037.3929443359375,110.0,5250.2705078125,650.0,71.0,539.8867797851562,586.1767578125,1843.3758544921875,88.0,374.1396179199219,10055.76953125,4581.02490234375,5938.3681640625,8527.7080078125,2138.427001953125,19364.484375,1091.6734619140625,1536.3681640625,1622.3023681640625,620.0,2400.0,1045.6402587890625,933.8206176757812,1090.623291015625,1863.4892578125,124.01460266113281,6264.9873046875,3162.466796875,924.2286987304688,18328.818359375,3058.017333984375,168.76495361328125
2023-11-22,,1117.746337890625,1086.067626953125,1266.454345703125,7050.0,2814.198486328125,1410.5653076171875,4699.5146484375,7932.6064453125,4091.527099609375,4145.88916015625,1142.4830322265625,4977.7001953125,987.5182495117188,109.0,5298.8837890625,650.0,70.0,549.1951904296875,571.5223388671875,1843.3758544921875,84.0,381.5851745605469,10055.76953125,4482.50830078125,5869.04833984375,8429.12109375,2126.74169921875,19307.75,1119.310791015625,1574.65771484375,1651.8885498046875,575.0,2100.0,1027.2955322265625,929.724853515625,971.8861083984375,1855.820556640625,124.84136962890625,6099.4970703125,3153.73095703125,914.89306640625,17966.669921875,3075.592041015625,164.79400634765625
2023-11-23,,1103.83251953125,1069.2943115234375,1257.7801513671875,6900.0,2823.969970703125,1406.1710205078125,4720.21728515625,7977.2978515625,4151.9931640625,4204.8359375,1151.5504150390625,4998.88232421875,992.5056762695312,109.0,5274.57666015625,665.0,73.0,581.7745361328125,556.8678588867188,1861.1861572265625,94.0,381.5851745605469,10103.6533203125,4521.9150390625,5869.04833984375,8330.53515625,2167.640625,19269.927734375,1142.341796875,1569.87158203125,1720.922607421875,575.0,2250.0,1031.8817138671875,937.916259765625,963.0907592773438,1863.4892578125,127.32167053222656,6099.4970703125,3144.994873046875,905.5574340820312,18127.626953125,3110.74169921875,165.7867431640625
2023-11-24,,1094.5565185546875,1065.10107421875,1257.7801513671875,7150.0,2804.427001953125,1410.5653076171875,4740.919921875,7977.2978515625,4192.30322265625,4244.13330078125,1147.0167236328125,4977.7001953125,982.53076171875,107.0,5128.736328125,652.5,72.0,586.4287109375,556.8678588867188,1852.2811279296875,94.0,368.5554504394531,9983.9423828125,4521.9150390625,5938.3681640625,8330.53515625,2126.74169921875,19213.197265625,1110.098388671875,1526.7957763671875,1760.3707275390625,580.0,2270.0,1031.8817138671875,933.8206176757812,923.5116577148438,1886.4951171875,125.66813659667969,6075.85595703125,3162.466796875,910.2252807617188,18208.103515625,3101.954345703125,165.7867431640625
2023-11-27,,1164.1258544921875,1069.2943115234375,1249.105712890625,7550.0,2794.6552734375,1423.7481689453125,4658.109375,7932.6064453125,4252.76953125,4204.8359375,1169.68505859375,4998.88232421875,942.6310424804688,107.0,5128.736328125,670.0,70.0,586.4287109375,561.752685546875,1870.091552734375,95.0,368.5554504394531,10199.4228515625,4452.953125,5915.26171875,8231.94921875,2150.112548828125,19061.912109375,1114.70458984375,1555.512939453125,1755.439697265625,620.0,2250.0,1022.7094116210938,937.916259765625,888.330322265625,1871.1578369140625,133.10899353027344,6146.7802734375,3214.883544921875,905.5574340820312,18067.267578125,3093.166748046875,164.79400634765625
2023-11-28,,1164.1258544921875,1081.8743896484375,1240.431396484375,7725.0,2804.427001953125,1454.5081787109375,4596.00146484375,7932.6064453125,4172.14794921875,4204.8359375,1174.21875,4998.88232421875,1007.4681396484375,111.0,5128.736328125,735.0,70.0,591.0829467773438,571.5223388671875,1914.617431640625,91.0,370.4168395996094,10199.4228515625,4315.02978515625,5892.15478515625,8330.53515625,2138.427001953125,18891.71484375,1091.6734619140625,1536.3681640625,1711.0606689453125,615.0,2390.0,1050.226318359375,925.6292114257812,892.7279663085938,1871.1578369140625,131.45547485351562,6052.2138671875,3293.50830078125,924.2286987304688,18107.505859375,3163.466064453125,164.79400634765625
2023-11-29,,1173.4017333984375,1081.8743896484375,1253.4427490234375,7775.0,2745.797607421875,1494.0567626953125,4575.29833984375,7954.951171875,4212.458984375,4165.5380859375,1160.6177978515625,4956.51904296875,1027.41796875,108.0,4909.97509765625,802.5,69.0,572.4661254882812,571.5223388671875,1923.5224609375,94.0,376.0010070800781,10055.76953125,4620.431640625,5938.3681640625,8675.5869140625,2226.067626953125,18683.69921875,1082.4610595703125,1536.3681640625,1706.129638671875,630.0,2460.0,1105.260009765625,929.724853515625,879.5349731445312,1855.820556640625,132.28225708007812,6052.2138671875,3249.827880859375,924.2286987304688,18067.267578125,3189.828369140625,162.80853271484375
2023-11-30,,1229.0570068359375,1098.6474609375,1244.7685546875,7200.0,2804.427001953125,1529.2109375,4471.78515625,8021.986328125,4252.76953125,4145.88916015625,1174.21875,4956.51904296875,1042.38037109375,102.0,5055.81591796875,882.5,70.0,600.391357421875,542.2134399414062,1887.90185546875,97.0,368.5554504394531,11061.345703125,4433.25,5938.3681640625,8650.94140625,2226.067626953125,18570.234375,1082.4610595703125,1545.940673828125,1720.922607421875,635.0,2530.0,1072.7523193359375,913.3421020507812,927.9093627929688,1855.820556640625,129.8019561767578,6146.7802734375,3284.7724609375,933.5643920898438,17624.640625,3207.403076171875,160.82305908203125
2023-12-01,,1182.677490234375,1073.4876708984375,1244.7685546875,5900.0,2833.741455078125,1498.450927734375,4761.62255859375,7999.642578125,4232.61376953125,4204.8359375,1151.5504150390625,4998.88232421875,1012.4556274414062,99.0,4861.361328125,900.0,71.0,609.6997680664062,556.8678588867188,1852.2811279296875,109.0,364.8326416015625,10079.7109375,4334.7333984375,5845.94189453125,8355.1826171875,2237.753173828125,18570.234375,1091.6734619140625,1593.8026123046875,1715.9915771484375,605.0,2590.0,1044.888671875,917.4378051757812,914.7163696289062,1863.4892578125,126.49488830566406,6194.06298828125,3345.925048828125,877.550537109375,17825.833984375,3189.828369140625,159.83033752441406
2023-12-04,,1205.8673095703125,1073.4876708984375,1218.7454833984375,6375.0,2804.427001953125,1537.99951171875,4761.62255859375,8015.35986328125,4272.9248046875,4322.728515625,1169.68505859375,5083.609375,1012.4556274414062,102.0,4885.66796875,947.5,79.0,600.391357421875,586.1767578125,1843.3758544921875,100.0,389.0307312011719,10055.76953125,4344.5849609375,5869.04833984375,8305.888671875,2173.4833984375,18589.146484375,1100.8858642578125,1569.87158203125,1646.95751953125,580.0,2640.0,979.8734130859375,921.5335083007812,888.330322265625,1886.4951171875,127.32167053222656,6099.4970703125,3328.452880859375,900.8896484375,18047.146484375,3189.828369140625,157.84487915039062
2023-12-05,,1205.8673095703125,1052.521240234375,1218.7454833984375,6600.0,2804.427001953125,1533.6053466796875,4740.919921875,7992.90673828125,4272.9248046875,4283.4306640625,1165.1513671875,5062.427734375,1047.3677978515625,100.0,4958.58837890625,975.0,82.0,586.4287109375,581.2919311523438,1825.5654296875,101.0,374.1396179199219,10223.365234375,4255.919921875,5984.5810546875,8453.7685546875,2196.854248046875,18116.37890625,1114.70458984375,1589.016357421875,1646.95751953125,565.0,2520.0,965.9414672851562,913.3421020507812,901.5233154296875,1855.820556640625,128.14842224121094,6028.57275390625,3363.397216796875,914.89306640625,17745.357421875,3237.224365234375,157.84487915039062
2023-12-06,,1205.8673095703125,1060.9078369140625,1214.4083251953125,6425.0,2823.969970703125,1494.0567626953125,4740.919921875,7903.09912109375,4212.458984375,4263.7822265625,1147.0167236328125,4914.15576171875,1306.716064453125,96.0,4909.97509765625,982.5,85.0,563.1577758789062,566.6375122070312,1905.7122802734375,92.0,370.4168395996094,10199.4228515625,4383.99169921875,6007.6875,8281.2421875,2173.4833984375,18040.73828125,1128.523193359375,1627.3057861328125,1617.3714599609375,595.0,2500.0,956.6536865234375,921.5335083007812,967.4884643554688,1848.1517333984375,128.14842224121094,6075.85595703125,3424.550048828125,886.8861083984375,17403.326171875,3138.85546875,156.85214233398438
2023-12-07,,1210.50537109375,1060.9078369140625,1158.0250244140625,6475.0,2833.741455078125,1436.930908203125,4699.5146484375,7925.55029296875,4252.76953125,4303.0791015625,1110.747314453125,4871.7919921875,1595.9891357421875,97.0,4841.916015625,982.5,80.0,563.1577758789062,551.9830932617188,1843.3758544921875,95.0,361.10986328125,10199.4228515625,4246.068359375,5961.474609375,8182.65625,2191.011474609375,17946.185546875,1123.9169921875,1598.588623046875,1617.3714599609375,565.0,2540.0,914.8580322265625,905.1506958007812,958.693115234375,1855.820556640625,126.49488830566406,5957.6484375,3415.813720703125,844.8758544921875,17463.685546875,3192.510986328125,155.85940551757812
2023-12-08,,1270.7987060546875,1073.4876708984375,1210.0711669921875,6450.0,2784.8837890625,1480.8739013671875,4699.5146484375,7858.19482421875,4091.527099609375,4224.48486328125,1106.2137451171875,4829.4287109375,1745.613037109375,97.0,4885.66796875,1080.0,81.0,539.8867797851562,547.0982666015625,1816.660400390625,108.0,362.97125244140625,10510.6728515625,4295.32666015625,5915.26171875,8034.77685546875,2202.69677734375,18154.201171875,1114.70458984375,1574.65771484375,1637.095458984375,550.0,2470.0,975.2294311523438,905.1506958007812,1029.055908203125,1848.1517333984375,124.01460266113281,5957.6484375,3442.022216796875,844.8758544921875,17946.548828125,3138.85546875,156.85214233398438
2023-12-11,,1289.3505859375,1073.4876708984375,1214.4083251953125,6825.0,2736.0263671875,1454.5081787109375,4637.40625,7858.19482421875,4172.14794921875,4165.5380859375,1097.1463623046875,4892.9736328125,1710.7008056640625,91.0,4934.28173828125,1070.0,75.0,511.9616394042969,517.7894287109375,1732.0609130859375,86.0,353.6643371582031,10079.7109375,4127.84814453125,5892.15478515625,7689.72509765625,2185.168701171875,18002.91796875,1091.6734619140625,1560.2991943359375,1607.5093994140625,540.0,2370.0,961.2974853515625,905.1506958007812,980.681396484375,1817.4771728515625,122.361083984375,5792.158203125,3476.96630859375,877.550537109375,17564.28125,3129.912841796875,158.83761596679688
2023-12-12,,1293.9884033203125,1069.2943115234375,1214.4083251953125,7000.0,2784.8837890625,1428.1424560546875,4616.70361328125,7813.2900390625,4252.76953125,4185.1865234375,1092.6126708984375,4914.15576171875,1750.6005859375,89.0,4861.361328125,1095.0,75.0,502.6532287597656,508.01983642578125,1718.7030029296875,94.0,336.91180419921875,10175.48046875,4157.4033203125,5938.3681640625,7960.83740234375,2261.123779296875,18154.201171875,1100.8858642578125,1541.1544189453125,1592.71630859375,540.0,2340.0,1003.0930786132812,892.863525390625,945.5000610351562,1802.1397705078125,124.01460266113281,5839.44091796875,3415.813720703125,900.8896484375,17584.400390625,3067.314697265625,158.83761596679688
2023-12-13,,1210.50537109375,1027.361328125,1214.4083251953125,7125.0,2814.198486328125,1401.7767333984375,4575.29833984375,7790.83837890625,4172.14794921875,4165.5380859375,1083.54541015625,4850.6103515625,1705.7132568359375,86.0,4909.97509765625,1135.0,74.0,516.6158447265625,493.3653869628906,1714.2506103515625,89.0,327.6048583984375,10103.6533203125,3960.3701171875,5915.26171875,7886.8974609375,2214.38232421875,18002.91796875,1105.4921875,1541.1544189453125,1597.6473388671875,520.0,2290.0,979.8734130859375,884.672119140625,1077.4302978515625,1763.79638671875,122.361083984375,5886.72412109375,3424.550048828125,924.2286987304688,16839.982421875,3085.199951171875,156.85214233398438
2023-12-14,,1280.0745849609375,1044.134521484375,1257.7801513671875,6700.0,2833.741455078125,1441.3253173828125,4658.109375,8127.6181640625,4313.23486328125,4362.025390625,1110.747314453125,5041.24560546875,1610.9515380859375,87.0,4982.8955078125,1192.5,65.0,535.2326049804688,503.135009765625,1732.0609130859375,94.0,333.18902587890625,10127.5966796875,4108.14501953125,5915.26171875,7739.01806640625,2231.91015625,18210.93359375,1110.098388671875,1531.58203125,1696.267578125,530.0,2330.0,1044.888671875,892.863525390625,1095.02099609375,1771.4649658203125,124.01460266113281,5839.44091796875,3442.022216796875,933.5643920898438,17262.490234375,3040.487060546875,156.85214233398438
2023-12-15,,1312.540283203125,1056.714599609375,1270.7916259765625,6325.0,2736.0263671875,1467.6910400390625,4678.81201171875,8284.78125,4252.76953125,4362.025390625,1115.281005859375,4998.88232421875,1605.9639892578125,91.0,4861.361328125,1280.0,61.0,530.578369140625,498.2502136230469,1718.7030029296875,93.0,333.18902587890625,9983.9423828125,4157.4033203125,5845.94189453125,7862.2509765625,2220.224853515625,18494.59375,1096.2796630859375,1531.58203125,1651.8885498046875,550.0,2320.0,1044.888671875,884.672119140625,1147.7930908203125,1771.4649658203125,123.18783569335938,5863.08251953125,3476.96630859375,939.1995849609375,17121.65234375,3129.912841796875,153.87393188476562
2023-12-18,,1284.7125244140625,1052.521240234375,1249.105712890625,6400.0,2667.625732421875,1463.296630859375,4637.40625,8262.3310546875,4192.30322265625,4322.728515625,1106.2137451171875,5020.06396484375,1461.3275146484375,89.0,4832.19287109375,1342.5,61.0,530.578369140625,488.4805908203125,1687.534912109375,86.0,327.6048583984375,10151.5380859375,4147.5517578125,5799.72900390625,7911.5439453125,2185.168701171875,18305.486328125,1096.2796630859375,1545.940673828125,1651.8885498046875,530.0,2290.0,1021.6688232421875,872.385009765625,1055.44189453125,1786.8023681640625,122.361083984375,5792.158203125,3468.23046875,896.9356079101562,17544.162109375,3049.4296875,152.88119506835938
2023-12-19,,1335.7301025390625,1090.2608642578125,1257.7801513671875,6475.0,2755.5693359375,1441.3253173828125,4658.109375,8307.2333984375,4192.30322265625,4362.025390625,1115.281005859375,5062.427734375,1566.0643310546875,86.0,4934.28173828125,1342.5,60.0,525.9242553710938,503.135009765625,1732.0609130859375,87.0,320.1593017578125,10127.5966796875,4108.14501953125,5845.94189453125,7812.9580078125,2196.854248046875,18551.326171875,1100.8858642578125,1589.016357421875,1676.54345703125,525.0,2290.0,1035.6007080078125,896.959228515625,1081.8280029296875,1817.4771728515625,123.18783569335938,5839.44091796875,3468.23046875,911.0235595703125,17564.28125,3067.314697265625,152.88119506835938
2023-12-20,,1307.9022216796875,1081.8743896484375,1257.7801513671875,6500.0,2755.5693359375,1436.930908203125,4658.109375,8352.1376953125,4192.30322265625,4362.025390625,1106.2137451171875,5020.06396484375,1511.2021484375,87.0,4885.66796875,1342.5,59.0,525.9242553710938,517.7894287109375,1758.7764892578125,88.0,318.29791259765625,10127.5966796875,4177.1064453125,5799.72900390625,8281.2421875,2196.854248046875,18759.341796875,1096.2796630859375,1545.940673828125,1691.3365478515625,560.0,2570.0,1058.820556640625,905.1506958007812,1077.4302978515625,1809.808349609375,123.18783569335938,5886.72412109375,3459.494140625,920.41552734375,17544.162109375,3094.142333984375,152.88119506835938
2023-12-21,,1270.7987060546875,1090.2608642578125,1244.7685546875,6300.0,2814.198486328125,1436.930908203125,4596.00146484375,8374.58984375,4151.9931640625,4381.67431640625,1101.6800537109375,5062.427734375,1471.302490234375,86.0,4885.66796875,1342.5,59.0,516.6158447265625,503.135009765625,1763.22900390625,88.0,320.1593017578125,10103.6533203125,4186.95849609375,5799.72900390625,8207.302734375,2196.854248046875,18929.5390625,1096.2796630859375,1531.58203125,1691.3365478515625,540.0,2570.0,1049.5325927734375,901.0549926757812,1077.4302978515625,1825.145751953125,122.361083984375,5815.7998046875,3450.758056640625,896.9356079101562,17705.1171875,3103.085205078125,151.88845825195312
2023-12-22,,1247.60888671875,1086.067626953125,1257.7801513671875,6625.0,2804.427001953125,1463.296630859375,4596.00146484375,8374.58984375,4232.61376953125,4460.26953125,1092.6126708984375,5062.427734375,1406.46533203125,85.0,4861.361328125,1342.5,60.0,507.30743408203125,498.2502136230469,1789.9447021484375,86.0,322.02069091796875,10079.7109375,4206.66162109375,5799.72900390625,8231.94921875,2196.854248046875,19175.375,1100.8858642578125,1517.223388671875,1740.646728515625,545.0,2720.0,1049.5325927734375,901.0549926757812,1046.6466064453125,1840.4830322265625,124.01460266113281,5934.0068359375,3459.494140625,906.3275756835938,17725.23828125,3103.085205078125,151.88845825195312
2023-12-27,,1233.695068359375,1086.067626953125,1253.4427490234375,6450.0,2804.427001953125,1524.816650390625,4596.00146484375,8419.494140625,4252.76953125,4420.9716796875,1097.1463623046875,5083.609375,1421.427734375,87.0,4841.916015625,1342.5,60.0,521.27001953125,512.9046630859375,1754.323974609375,85.0,323.882080078125,10127.5966796875,4275.62353515625,5869.04833984375,8133.36279296875,2191.011474609375,19175.375,1096.2796630859375,1550.7266845703125,1725.8536376953125,530.0,2680.0,1077.3963623046875,901.0549926757812,1051.044189453125,1871.1578369140625,122.361083984375,5934.0068359375,3442.022216796875,906.3275756835938,18047.146484375,3103.085205078125,152.88119506835938
2023-12-28,,1266.1607666015625,1081.8743896484375,1253.4427490234375,6350.0,2843.512939453125,1507.2396240234375,4637.40625,8441.9462890625,4313.23486328125,4499.56689453125,1128.8819580078125,5189.51806640625,1371.5531005859375,86.0,4885.66796875,1342.5,61.0,525.9242553710938,508.01983642578125,1754.323974609375,85.0,323.882080078125,10199.4228515625,4305.17822265625,5961.474609375,8256.595703125,2185.168701171875,19288.83984375,1087.0672607421875,1550.7266845703125,1740.646728515625,545.0,2690.0,1068.1083984375,925.6292114257812,1042.2489013671875,1886.4951171875,124.01460266113281,5934.0068359375,3459.494140625,911.0235595703125,18268.462890625,3165.683349609375,151.88845825195312
2023-12-29,,1261.522705078125,1081.865234375,1279.4658203125,6550.0,2863.055908203125,1498.450927734375,4678.81201171875,8441.9462890625,4333.390625,4499.56689453125,1133.4156494140625,5125.97216796875,1326.6658935546875,85.0,4885.66796875,1342.5,60.0,549.1951904296875,517.7894287109375,1781.0394287109375,86.0,323.882080078125,10127.5966796875,4246.068359375,5961.474609375,8207.302734375,2191.011474609375,19402.302734375,1087.0672607421875,1541.1544189453125,1765.3016357421875,560.0,2700.0,1072.7523193359375,925.6292114257812,1029.055908203125,1871.1578369140625,140.54989624023438,6052.2138671875,3450.758056640625,929.8076782226562,18208.103515625,3156.74072265625,152.88119506835938
2024-01-02,,1307.9022216796875,1131.867431640625,1301.1517333984375,6600.0,2823.969970703125,1524.816650390625,4720.21728515625,8464.3984375,4333.390625,4526.6875,1147.0167236328125,5189.51806640625,1381.528076171875,95.0,4885.66796875,1342.5,68.0,544.5409545898438,547.0982666015625,1781.0394287109375,87.0,331.32763671875,10199.4228515625,4354.4365234375,5961.474609375,8231.94921875,2191.011474609375,19950.7109375,1077.8548583984375,1550.7266845703125,1868.8529052734375,570.0,2690.0,1082.040283203125,933.8206176757812,1112.6116943359375,1940.1759033203125,126.49488830566406,6123.138671875,3485.70263671875,948.5916137695312,18892.166015625,3174.6259765625,153.87393188476562
2024-01-03,,1289.3505859375,1095.502197265625,1314.1632080078125,6450.0,2755.5693359375,1494.0567626953125,4637.40625,8397.0419921875,4313.23486328125,4466.86328125,1137.9493408203125,5168.3359375,1351.603271484375,98.0,4832.19287109375,1342.5,67.0,535.2326049804688,551.9830932617188,1825.5654296875,88.0,327.6048583984375,10175.48046875,4354.4365234375,5915.26171875,8355.1826171875,2196.854248046875,19477.9453125,1068.6424560546875,1536.3681640625,1873.783935546875,555.0,2670.0,1068.1083984375,929.724853515625,1125.8046875,1940.1759033203125,127.32167053222656,6075.85595703125,3459.494140625,953.2875366210938,18690.970703125,3156.74072265625,153.87393188476562
2024-01-04,,1303.264404296875,1118.2303466796875,1370.5465087890625,6425.0,2804.427001953125,1480.8739013671875,4720.21728515625,8509.3017578125,4514.78857421875,4546.62841796875,1174.21875,5380.1533203125,1366.565673828125,99.0,4822.47021484375,1342.5,68.0,525.9242553710938,576.4071044921875,1861.1861572265625,87.0,333.18902587890625,10582.5,4324.8818359375,5961.474609375,8305.888671875,2202.69677734375,20120.908203125,1041.0050048828125,1522.0096435546875,1858.9908447265625,560.0,2710.0,1095.97216796875,937.916259765625,1130.202392578125,2032.2001953125,128.14842224121094,6123.138671875,3468.23046875,957.9835815429688,18731.208984375,3147.798095703125,153.87393188476562
2024-01-05,,1270.7987060546875,1109.13916015625,1357.534912109375,6475.0,2726.254638671875,1472.0853271484375,4658.109375,8599.109375,4494.63330078125,4586.51220703125,1174.21875,5443.69775390625,1346.6158447265625,99.0,4812.748046875,1342.5,66.0,525.9242553710938,556.8678588867188,1870.091552734375,86.0,331.32763671875,10271.25,4246.068359375,5961.474609375,8256.595703125,2167.640625,20253.28125,1045.611328125,1512.437255859375,1770.232666015625,570.0,2810.0,1100.6160888671875,950.2034301757812,1125.8046875,2039.868896484375,127.32167053222656,6028.57275390625,3398.341552734375,934.5036010742188,18711.087890625,3147.798095703125,152.88119506835938
2024-01-08,,1233.695068359375,1109.13916015625,1344.5234375,6550.0,2736.0263671875,1450.11376953125,4616.70361328125,8599.109375,4494.63330078125,4486.80419921875,1165.1513671875,5422.5166015625,1316.6910400390625,97.0,4783.57958984375,1342.5,65.0,516.6158447265625,561.752685546875,1878.9967041015625,86.0,329.46624755859375,10295.1923828125,4216.51318359375,5915.26171875,8010.13037109375,2179.325927734375,20499.12109375,1050.217529296875,1522.0096435546875,1750.5087890625,545.0,2710.0,1133.12353515625,929.724853515625,1081.8280029296875,2016.8626708984375,128.14842224121094,5910.365234375,3398.341552734375,915.7196044921875,18530.015625,3112.02783203125,152.88119506835938
2024-01-09,,1191.9534912109375,1104.5933837890625,1344.5234375,6650.0,2677.39697265625,1445.7196044921875,4616.70361328125,8644.0146484375,4555.09912109375,4546.62841796875,1205.954345703125,5401.3349609375,1077.292724609375,96.0,4686.3525390625,1342.5,66.0,516.6158447265625,551.9830932617188,1878.9967041015625,88.0,325.74346923828125,10558.5576171875,4088.441650390625,5892.15478515625,7886.8974609375,2167.640625,20404.56640625,1036.39892578125,1522.0096435546875,1829.4049072265625,535.0,2510.0,1091.3282470703125,925.6292114257812,1033.4534912109375,2016.8626708984375,132.28225708007812,5957.6484375,3459.494140625,920.41552734375,18590.375,3067.314697265625,149.9029998779297
2024-01-10,,1252.246826171875,1118.2303466796875,1357.534912109375,6900.0,2687.168701171875,1454.5081787109375,4575.29833984375,8576.658203125,4514.78857421875,4546.62841796875,1210.488037109375,5443.69775390625,1112.2049560546875,96.0,4637.73828125,1342.5,65.0,535.2326049804688,556.8678588867188,1914.617431640625,87.0,327.6048583984375,10869.8076171875,4098.29345703125,5869.04833984375,7886.8974609375,2220.224853515625,20404.56640625,1031.7926025390625,1512.437255859375,1829.4049072265625,540.0,2470.0,1091.3282470703125,929.724853515625,1055.44189453125,2032.2001953125,133.93576049804688,5981.28955078125,3494.4384765625,896.9356079101562,18751.33203125,3049.4296875,146.92478942871094
2024-01-11,,1266.1607666015625,1113.684814453125,1340.186279296875,7300.0,2648.08251953125,1436.930908203125,4596.00146484375,8599.109375,4514.78857421875,4586.51220703125,1233.15625,5464.87939453125,1057.3428955078125,91.0,4530.78857421875,1342.5,64.0,521.27001953125,551.9830932617188,2030.3851318359375,91.0,327.6048583984375,10654.3271484375,4039.183349609375,5869.04833984375,7936.1904296875,2249.4384765625,20272.193359375,1022.5802001953125,1526.7957763671875,1819.5428466796875,545.0,2430.0,1133.12353515625,929.724853515625,1059.8397216796875,2009.194091796875,134.76254272460938,5910.365234375,3485.70263671875,915.7196044921875,18751.33203125,3049.4296875,147.9175262451172
2024-01-12,,1256.8848876953125,1127.3216552734375,1353.1978759765625,7325.0,2579.681884765625,1428.1424560546875,4637.40625,8711.37109375,4514.78857421875,4666.27685546875,1224.0889892578125,5570.78857421875,1062.3302001953125,93.0,4550.234375,1342.5,62.0,516.6158447265625,591.0615844726562,1959.1434326171875,91.0,325.74346923828125,10702.2109375,4117.99658203125,5892.15478515625,7985.4833984375,2272.80908203125,20385.65625,1013.3677978515625,1526.7957763671875,1794.8878173828125,575.0,2460.0,1179.563232421875,933.8206176757812,1059.8397216796875,2024.5313720703125,135.58929443359375,5934.0068359375,3503.1748046875,920.41552734375,19234.193359375,3103.085205078125,145.9320526123047
2024-01-15,,1256.8848876953125,1140.9588623046875,1357.534912109375,7325.0,2569.910400390625,1410.5653076171875,4575.29833984375,8733.8232421875,4534.943359375,4646.3359375,1228.6226806640625,5507.2431640625,1012.4556274414062,95.0,4598.84765625,1342.5,64.0,507.30743408203125,576.4071044921875,2030.3851318359375,91.0,340.63458251953125,10654.3271484375,4088.441650390625,5961.474609375,8059.42333984375,2307.865478515625,20763.869140625,1027.1865234375,1522.0096435546875,1878.7149658203125,575.0,2430.0,1160.9873046875,946.107666015625,1059.8397216796875,2078.212158203125,133.10899353027344,5934.0068359375,3494.4384765625,925.1116333007812,19898.138671875,3067.314697265625,145.9320526123047
2024-01-16,,1219.78125,1136.4130859375,1370.5465087890625,7425.0,2608.996337890625,1410.5653076171875,4554.59619140625,8711.37109375,4514.78857421875,4646.3359375,1201.420654296875,5528.42529296875,1062.3302001953125,94.0,4598.84765625,1210.0,64.0,511.9616394042969,576.4071044921875,2021.479736328125,90.0,359.24847412109375,10606.4423828125,4088.441650390625,5961.474609375,7985.4833984375,2313.7080078125,20726.048828125,1041.0050048828125,1517.223388671875,1913.2320556640625,660.0,2410.0,1165.6314697265625,954.299072265625,1095.02099609375,2070.54345703125,130.62872314453125,5839.44091796875,3503.1748046875,896.9356079101562,19797.5390625,3049.4296875,147.9175262451172
2024-01-17,,1191.9534912109375,1131.867431640625,1396.569580078125,7200.0,2589.45361328125,1410.5653076171875,4471.78515625,8756.2734375,4474.47802734375,4606.453125,1210.488037109375,5528.42529296875,1047.3677978515625,94.0,4598.84765625,1090.0,64.0,511.9616394042969,566.6375122070312,2003.6693115234375,87.0,340.63458251953125,10654.3271484375,4039.183349609375,5915.26171875,7862.2509765625,2278.65185546875,20726.048828125,1031.7926025390625,1512.437255859375,1873.783935546875,655.0,2530.0,1137.7677001953125,933.8206176757812,1108.2139892578125,2039.868896484375,128.9751739501953,5744.875,3485.70263671875,892.2395629882812,19495.748046875,2968.946044921875,148.91026306152344
2024-01-18,,1191.9534912109375,1118.2303466796875,1396.569580078125,7475.0,2589.45361328125,1423.7481689453125,4451.08203125,8688.9189453125,4474.47802734375,4586.51220703125,1210.488037109375,5528.42529296875,1107.2174072265625,96.0,4550.234375,982.5,66.0,516.6158447265625,551.9830932617188,2066.005859375,87.0,336.91180419921875,10797.98046875,4068.73828125,5892.15478515625,7862.2509765625,2337.078857421875,20499.12109375,1022.5802001953125,1512.437255859375,1893.508056640625,660.0,2670.0,1160.9873046875,933.8206176757812,1099.418701171875,2024.5313720703125,128.9751739501953,5721.23388671875,3450.758056640625,882.84765625,19395.150390625,2951.06103515625,151.88845825195312
2024-01-19,,1201.2293701171875,1104.5933837890625,1409.5810546875,7475.0,2579.681884765625,1445.7196044921875,4430.37939453125,8644.0146484375,4434.16748046875,4626.39453125,1228.6226806640625,5528.42529296875,1082.280029296875,94.0,4501.62060546875,885.0,65.0,497.9990234375,576.4071044921875,2110.53173828125,86.0,344.3573913574219,11061.345703125,4019.47998046875,5961.474609375,7886.8974609375,2331.236328125,20272.193359375,1036.39892578125,1488.5062255859375,1918.1630859375,690.0,2700.0,1142.4114990234375,942.0120239257812,1090.623291015625,2009.194091796875,131.45547485351562,5721.23388671875,3442.022216796875,882.84765625,19375.03125,2897.4052734375,152.88119506835938
2024-01-22,,1201.2293701171875,1090.95654296875,1418.2554931640625,7475.0,2618.76806640625,1445.7196044921875,4326.8662109375,8644.0146484375,4454.322265625,4606.453125,1246.75732421875,5507.2431640625,1087.267578125,92.0,4433.5615234375,820.0,63.0,497.9990234375,571.5223388671875,2137.24755859375,87.0,361.10986328125,10917.6923828125,3980.0732421875,5938.3681640625,7812.9580078125,2266.966552734375,19856.16015625,1008.7615356445312,1488.5062255859375,1942.818115234375,690.0,2650.0,1091.3282470703125,917.4378051757812,1090.623291015625,1955.5133056640625,133.93576049804688,5673.95068359375,3476.96630859375,896.9356079101562,18711.087890625,2790.09375,153.87393188476562
2024-01-23,,1256.8848876953125,1068.228271484375,1431.2669677734375,7675.0,2657.854248046875,1414.9595947265625,4244.05517578125,8621.5625,4373.701171875,4546.62841796875,1205.954345703125,5507.2431640625,1117.1923828125,91.0,4423.8388671875,900.0,62.0,497.9990234375,556.8678588867188,2163.962890625,85.0,349.9415588378906,10893.7490234375,3881.556640625,5915.26171875,7566.49267578125,2302.0224609375,19591.408203125,994.9429931640625,1488.5062255859375,1967.47314453125,660.0,2630.0,1095.97216796875,913.3421020507812,1095.02099609375,1947.8447265625,130.62872314453125,5650.3095703125,3450.758056640625,906.3275756835938,18268.462890625,2843.749755859375,154.86666870117188
2024-01-24,,1266.1607666015625,1063.6824951171875,1431.2669677734375,7500.0,2608.996337890625,1349.04541015625,4202.64990234375,8554.205078125,4414.01171875,4506.74609375,1169.68505859375,5422.5166015625,1077.292724609375,88.0,4472.4521484375,932.5,60.0,488.6905822753906,532.44384765625,2092.721435546875,84.0,344.3573913574219,10917.6923828125,3989.925048828125,5961.474609375,7665.07861328125,2325.393310546875,19496.857421875,981.124267578125,1526.7957763671875,1967.47314453125,610.0,2710.0,1082.040283203125,921.5335083007812,1090.623291015625,1924.838623046875,131.45547485351562,5697.59228515625,3468.23046875,906.3275756835938,18147.744140625,2861.634521484375,155.85940551757812
2024-01-25,,1275.4365234375,1072.77392578125,1431.2669677734375,7525.0,2608.996337890625,1366.6224365234375,4181.947265625,8531.7529296875,4353.5458984375,4407.03955078125,1169.68505859375,5316.607421875,1062.3302001953125,91.0,4462.7294921875,882.5,59.0,484.03643798828125,522.6742553710938,2101.626708984375,84.0,351.8029479980469,10917.6923828125,4049.034912109375,5915.26171875,7492.552734375,2337.078857421875,20064.17578125,994.9429931640625,1507.6510009765625,1908.301025390625,625.0,2760.0,1105.260009765625,929.724853515625,1103.81640625,1970.8505859375,131.45547485351562,5815.7998046875,3476.96630859375,864.0636596679688,18610.4921875,2825.864501953125,153.87393188476562
2024-01-26,,1210.50537109375,1081.865234375,1457.2900390625,7300.0,2569.910400390625,1384.1995849609375,4202.64990234375,8397.0419921875,4373.701171875,4327.2744140625,1165.1513671875,5337.78955078125,1032.405517578125,88.0,4375.2255859375,825.0,57.0,461.6962890625,498.2502136230469,2074.9111328125,82.0,346.2187805175781,10965.576171875,3920.96337890625,5938.3681640625,7788.31103515625,2325.393310546875,20196.548828125,990.336669921875,1474.147705078125,1849.12890625,675.0,2700.0,1114.5478515625,925.6292114257812,1160.986083984375,1970.8505859375,127.32167053222656,5839.44091796875,3476.96630859375,859.3675537109375,18489.775390625,2825.864501953125,151.88845825195312
2024-01-29,,1280.0745849609375,1090.95654296875,1418.2554931640625,7300.0,2628.53955078125,1375.4110107421875,4082.57373046875,8576.658203125,4494.63330078125,4446.92236328125,1187.8197021484375,5486.0615234375,1022.4305419921875,86.0,4423.8388671875,742.5,58.0,437.4944763183594,503.135009765625,2057.1005859375,78.0,344.3573913574219,10917.6923828125,3802.743408203125,5938.3681640625,7788.31103515625,2249.4384765625,20272.193359375,981.124267578125,1445.4305419921875,1873.783935546875,690.0,2800.0,1156.343505859375,925.6292114257812,1156.5885009765625,1970.8505859375,128.14842224121094,5863.08251953125,3503.1748046875,859.3675537109375,18771.44921875,2754.3232421875,153.87393188476562
2024-01-30,,1377.4715576171875,1086.410888671875,1418.2554931640625,7550.0,2589.45361328125,1375.4110107421875,4223.3525390625,8666.466796875,4555.09912109375,4486.80419921875,1174.21875,5634.33349609375,1012.4556274414062,88.0,4404.39306640625,685.0,59.0,435.6327819824219,488.4805908203125,2003.6693115234375,87.0,342.4960021972656,10750.0966796875,3832.29833984375,5915.26171875,7591.138671875,2208.539306640625,20083.083984375,976.51806640625,1445.4305419921875,1942.818115234375,670.0,2740.0,1133.12353515625,913.3421020507812,1156.5885009765625,1986.1881103515625,128.9751739501953,5839.44091796875,3494.4384765625,821.7996215820312,18389.1796875,2799.03662109375,151.88845825195312
2024-01-31,,1368.195556640625,1090.95654296875,1405.2440185546875,7525.0,2589.45361328125,1362.2281494140625,4244.05517578125,8576.658203125,4635.72021484375,4546.62841796875,1183.2860107421875,5634.33349609375,1057.3428955078125,91.0,4355.77978515625,657.5,59.0,431.909423828125,480.6649169921875,2066.005859375,88.0,340.63458251953125,11276.8271484375,3812.594970703125,5892.15478515625,7714.37158203125,2237.753173828125,20461.298828125,976.51806640625,1445.4305419921875,1928.0250244140625,660.0,2700.0,1133.12353515625,954.299072265625,1152.190673828125,2001.525390625,127.32167053222656,5863.08251953125,3459.494140625,835.8876342773438,18469.654296875,2772.208740234375,151.88845825195312
2024-02-01,,1326.4541015625,1100.0477294921875,1396.569580078125,7600.0,2589.45361328125,1349.04541015625,4244.05517578125,8711.37109375,4615.56494140625,4586.51220703125,1174.21875,5549.6064453125,1052.3553466796875,89.0,4316.888671875,660.0,59.0,459.8345947265625,498.2502136230469,2048.1953125,90.0,344.3573913574219,11085.2890625,3871.705078125,5869.04833984375,7591.138671875,2237.753173828125,20139.81640625,981.124267578125,1445.4305419921875,1932.9560546875,685.0,2520.0,1095.97216796875,950.2034301757812,1156.5885009765625,1963.1820068359375,128.9751739501953,5981.28955078125,3529.383056640625,854.6715698242188,18348.9375,2772.208740234375,152.88119506835938
2024-02-02,,1307.9022216796875,1100.0477294921875,1379.2208251953125,7600.0,2589.45361328125,1340.2567138671875,4409.67626953125,8711.37109375,4655.87548828125,4666.27685546875,1160.6177978515625,5655.51513671875,1047.3677978515625,86.0,4511.34326171875,680.0,57.0,450.5262451171875,493.3653869628906,2057.1005859375,90.0,344.3573913574219,11085.2890625,3832.29833984375,5915.26171875,8010.13037109375,2249.4384765625,19837.24609375,1013.3677978515625,1474.147705078125,1947.7491455078125,700.0,2550.0,1072.7523193359375,929.724853515625,1130.202392578125,1947.8447265625,129.8019561767578,5981.28955078125,3485.70263671875,868.7596435546875,18389.1796875,2834.806884765625,154.86666870117188
2024-02-05,,1382.109619140625,1104.5933837890625,1392.232421875,7525.0,2540.595947265625,1265.5538330078125,4285.46044921875,8599.109375,4635.72021484375,4606.453125,1151.5504150390625,5782.60498046875,1027.41796875,86.0,4589.125,747.5,58.0,430.0477294921875,532.44384765625,2021.479736328125,84.0,340.63458251953125,10989.51953125,3773.188232421875,5822.83544921875,7788.31103515625,2231.91015625,19818.3359375,1031.7926025390625,1478.933837890625,1903.3701171875,670.0,2480.0,1035.6007080078125,933.8206176757812,1073.0325927734375,1947.8447265625,128.9751739501953,5934.0068359375,3476.96630859375,849.9755859375,18248.341796875,2861.634521484375,157.84487915039062
2024-02-06,,1349.6439208984375,1118.2303466796875,1413.9183349609375,7575.0,2540.595947265625,1252.3709716796875,4347.568359375,8644.0146484375,4655.87548828125,4646.3359375,1142.4830322265625,5803.78662109375,1042.38037109375,86.0,4705.79736328125,810.0,57.0,441.2178039550781,517.7894287109375,2110.53173828125,84.0,342.4960021972656,11037.4033203125,3615.561767578125,5869.04833984375,7886.8974609375,2214.38232421875,20158.728515625,1041.0050048828125,1478.933837890625,1928.0250244140625,660.0,2460.0,1035.6007080078125,946.107666015625,1073.0325927734375,1963.1820068359375,128.9751739501953,5910.365234375,3476.96630859375,854.6715698242188,18348.9375,2906.347900390625,157.84487915039062
2024-02-07,,1354.28173828125,1118.2303466796875,1405.2440185546875,7525.0,2569.910400390625,1239.1881103515625,4409.67626953125,8711.37109375,4635.72021484375,4666.27685546875,1137.9493408203125,5888.513671875,1047.3677978515625,85.0,4579.40234375,780.0,56.0,439.35614013671875,512.9046630859375,2048.1953125,84.0,338.773193359375,10941.634765625,3605.7099609375,5869.04833984375,7837.6044921875,2220.224853515625,20196.548828125,1004.1553955078125,1435.858154296875,1947.7491455078125,650.0,2410.0,1068.1083984375,946.107666015625,1037.8511962890625,2001.525390625,125.66813659667969,5815.7998046875,3476.96630859375,826.4956665039062,18429.41796875,2924.23291015625,154.86666870117188
2024-02-12,,1372.8336181640625,1122.7760009765625,1413.9183349609375,7750.0,2521.052734375,1287.525390625,4388.97412109375,8801.177734375,4796.96240234375,4805.86669921875,1233.15625,6015.60400390625,1012.4556274414062,86.0,4618.29345703125,730.0,56.0,441.2178039550781,508.01983642578125,2074.9111328125,86.0,338.773193359375,11157.115234375,3999.776611328125,5915.26171875,7739.01806640625,2290.33740234375,20461.298828125,999.5491333007812,1426.2857666015625,1937.8870849609375,630.0,2440.0,1100.6160888671875,950.2034301757812,1068.635009765625,2032.2001953125,124.01460266113281,5863.08251953125,3494.4384765625,826.4956665039062,18690.970703125,2611.24169921875,155.85940551757812
2024-02-13,,1372.8336181640625,1127.3216552734375,1418.2554931640625,7600.0,2550.367431640625,1357.8338623046875,4306.1630859375,8733.8232421875,4736.4970703125,4785.92529296875,1219.5552978515625,5952.05908203125,972.5558471679688,90.0,4628.01611328125,657.5,57.0,431.909423828125,512.9046630859375,2057.1005859375,86.0,333.18902587890625,10893.7490234375,3989.925048828125,5869.04833984375,7837.6044921875,2290.33740234375,20518.029296875,990.336669921875,1416.71337890625,1942.818115234375,625.0,2410.0,1100.6160888671875,942.0120239257812,1064.2373046875,2024.5313720703125,123.18783569335938,5815.7998046875,3476.96630859375,826.4956665039062,18630.61328125,2503.930419921875,153.87393188476562
2024-02-15,,1419.213134765625,1140.9588623046875,1422.5926513671875,7950.0,2638.31103515625,1353.4395751953125,4244.05517578125,8846.08203125,4837.2734375,4885.6318359375,1255.8245849609375,6100.3310546875,1002.4806518554688,90.0,4764.1337890625,592.5,58.0,437.4944763183594,547.0982666015625,2057.1005859375,85.0,331.32763671875,11157.115234375,3940.666748046875,5915.26171875,7763.6650390625,2337.078857421875,20480.2109375,1008.7615356445312,1392.7823486328125,1972.4041748046875,670.0,2440.0,1114.5478515625,958.3948364257812,1086.2257080078125,2039.868896484375,122.361083984375,6146.7802734375,3520.646728515625,821.7996215820312,18670.8515625,2620.18408203125,153.87393188476562
2024-02-16,,1317.17822265625,1145.50439453125,1409.5810546875,7900.0,2706.7119140625,1344.6510009765625,4306.1630859375,8935.890625,4837.2734375,4905.57275390625,1237.68994140625,6100.3310546875,1007.4681396484375,88.0,4666.90673828125,662.5,58.0,424.46270751953125,532.44384765625,2021.479736328125,83.0,333.18902587890625,10965.576171875,3635.264892578125,5938.3681640625,7862.2509765625,2290.33740234375,20442.38671875,994.9429931640625,1421.49951171875,1908.301025390625,650.0,2400.0,1123.8358154296875,962.490478515625,1059.8397216796875,2055.2060546875,119.88077545166016,6146.7802734375,3634.216064453125,826.4956665039062,18711.087890625,2530.758056640625,153.87393188476562
2024-02-19,,1307.9022216796875,1104.5933837890625,1405.2440185546875,7825.0,2687.168701171875,1331.4681396484375,4244.05517578125,8868.5341796875,4736.4970703125,4865.69091796875,1224.0889892578125,6057.9677734375,997.4931640625,86.0,4618.29345703125,790.0,57.0,424.46270751953125,503.135009765625,1959.1434326171875,84.0,333.18902587890625,11085.2890625,3792.8916015625,5984.5810546875,7739.01806640625,2237.753173828125,20328.923828125,994.9429931640625,1407.140869140625,1873.783935546875,615.0,2330.0,1114.5478515625,966.5862426757812,1064.2373046875,2062.874755859375,120.70755004882812,5981.28955078125,3634.216064453125,821.7996215820312,18469.654296875,2503.930419921875,149.9029998779297
2024-02-20,,1340.367919921875,1104.5933837890625,1400.90673828125,8025.0,2726.254638671875,1322.6796875,4306.1630859375,9003.24609375,4857.42822265625,5025.220703125,1323.82958984375,6057.9677734375,1007.4681396484375,87.0,4666.90673828125,705.0,57.0,433.7711181640625,503.135009765625,1968.048828125,83.0,333.18902587890625,11061.345703125,3723.929931640625,6053.900390625,7615.78564453125,2255.281005859375,20101.994140625,1004.1553955078125,1435.858154296875,1858.9908447265625,630.0,2420.0,1114.5478515625,954.299072265625,1051.044189453125,2024.5313720703125,122.361083984375,5934.0068359375,3677.896484375,868.7596435546875,18429.41796875,2468.15966796875,146.92478942871094
2024-02-21,,1349.6439208984375,1100.0477294921875,1405.2440185546875,7800.0,2706.7119140625,1291.9195556640625,4347.568359375,8958.3427734375,4837.2734375,5025.220703125,1337.4305419921875,6142.6943359375,982.53076171875,86.0,4589.125,695.0,56.0,435.6327819824219,508.01983642578125,1985.8590087890625,80.0,333.18902587890625,10989.51953125,3645.11669921875,6100.11328125,7665.07861328125,2307.865478515625,20026.353515625,999.5491333007812,1426.2857666015625,1903.3701171875,635.0,2360.0,1105.260009765625,966.5862426757812,1037.8511962890625,2001.525390625,124.01460266113281,5886.72412109375,3651.688232421875,864.0636596679688,18530.015625,2405.5615234375,147.9175262451172
2024-02-22,,1349.6439208984375,1109.13916015625,1413.9183349609375,7900.0,2687.168701171875,1318.2852783203125,4368.27099609375,8868.5341796875,4796.96240234375,4985.33837890625,1346.4979248046875,6015.60400390625,982.53076171875,89.0,4666.90673828125,710.0,60.0,430.0477294921875,508.01983642578125,2057.1005859375,79.0,336.91180419921875,11109.23046875,3832.29833984375,6215.64599609375,7788.31103515625,2494.831787109375,19723.78515625,1013.3677978515625,1421.49951171875,1947.7491455078125,665.0,2410.0,1156.343505859375,962.490478515625,1059.8397216796875,2016.8626708984375,125.66813659667969,5815.7998046875,3573.0634765625,873.4556274414062,18610.4921875,2432.3896484375,146.92478942871094
2024-02-23,,1363.5577392578125,1100.0477294921875,1413.9183349609375,8000.0,2618.76806640625,1362.2281494140625,4244.05517578125,8823.630859375,4756.65185546875,4885.6318359375,1323.82958984375,5973.24072265625,972.5558471679688,89.0,4608.57080078125,692.5,60.0,439.35614013671875,517.7894287109375,2083.816162109375,79.0,338.773193359375,11061.345703125,3891.408447265625,6215.64599609375,7812.9580078125,2559.101318359375,19818.3359375,1017.9740600585938,1411.9271240234375,1928.0250244140625,660.0,2360.0,1151.699462890625,950.2034301757812,1077.4302978515625,2016.8626708984375,124.84136962890625,5768.5166015625,3581.7998046875,873.4556274414062,18348.9375,2405.5615234375,146.92478942871094
2024-02-26,,1405.29931640625,1077.319580078125,1405.2440185546875,8050.0,2628.53955078125,1331.4681396484375,4244.05517578125,8801.177734375,4756.65185546875,4925.5146484375,1323.82958984375,5973.24072265625,952.60595703125,90.0,4773.8564453125,700.0,59.0,430.0477294921875,498.2502136230469,2039.2901611328125,78.0,338.773193359375,11061.345703125,3773.188232421875,6123.2197265625,7788.31103515625,2488.989013671875,19515.767578125,1059.429931640625,1407.140869140625,1888.5770263671875,625.0,2300.0,1119.19189453125,929.724853515625,1081.8280029296875,1978.519287109375,123.18783569335938,5721.23388671875,3573.0634765625,873.4556274414062,18509.896484375,2316.135498046875,141.9611053466797
2024-02-27,,1414.5750732421875,1081.865234375,1435.6041259765625,8100.0,2599.224853515625,1300.7081298828125,4285.46044921875,8868.5341796875,4837.2734375,4885.6318359375,1314.76220703125,5994.42236328125,967.5684204101562,89.0,4754.41162109375,680.0,58.0,433.7711181640625,498.2502136230469,2074.9111328125,80.0,335.0504150390625,11109.23046875,3920.96337890625,6077.0068359375,7689.72509765625,2488.989013671875,19723.78515625,1068.6424560546875,1397.568603515625,1893.508056640625,640.0,2300.0,1151.699462890625,921.5335083007812,1073.0325927734375,1986.1881103515625,125.66813659667969,5697.59228515625,3485.70263671875,878.1516723632812,19193.95703125,2342.96337890625,138.98291015625
2024-02-28,,1442.4029541015625,1090.95654296875,1448.6156005859375,8000.0,2638.31103515625,1309.496826171875,4326.8662109375,8980.794921875,4817.1181640625,4965.39697265625,1319.2958984375,6036.78564453125,962.5809326171875,88.0,4754.41162109375,705.0,57.0,426.32440185546875,498.2502136230469,2074.9111328125,75.0,335.0504150390625,11109.23046875,3999.776611328125,6123.2197265625,8010.13037109375,2611.685791015625,19950.7109375,1068.6424560546875,1392.7823486328125,1908.301025390625,625.0,2290.0,1170.2752685546875,913.3421020507812,1081.8280029296875,2009.194091796875,124.84136962890625,5697.59228515625,3485.70263671875,878.1516723632812,19193.95703125,2414.504150390625,138.98291015625
2024-02-29,,1437.764892578125,1100.0477294921875,1474.638671875,8500.0,2687.168701171875,1283.131103515625,4326.8662109375,8868.5341796875,4837.2734375,4885.6318359375,1296.6275634765625,5930.876953125,972.5558471679688,87.0,4705.79736328125,712.5,57.0,437.4944763183594,503.135009765625,2119.43701171875,71.0,335.0504150390625,11061.345703125,3989.925048828125,6123.2197265625,8601.6474609375,2670.112548828125,19818.3359375,1059.429931640625,1426.2857666015625,1893.508056640625,610.0,2260.0,1216.71484375,892.863525390625,1064.2373046875,1963.1820068359375,123.18783569335938,5768.5166015625,3494.4384765625,864.0636596679688,18932.40625,2441.33203125,136.00469970703125
2024-03-01,,1382.109619140625,1131.867431640625,1518.010498046875,8500.0,2657.854248046875,1300.7081298828125,4326.8662109375,8823.630859375,4756.65185546875,4885.6318359375,1305.69482421875,5952.05908203125,1002.4806518554688,86.0,4793.30224609375,710.0,57.0,441.2178039550781,498.2502136230469,2279.730712890625,69.0,331.32763671875,11133.1728515625,4039.183349609375,6169.43310546875,8848.11328125,2687.640625,19856.16015625,1077.8548583984375,1426.2857666015625,1942.818115234375,590.0,2240.0,1267.7982177734375,905.1506958007812,1073.0325927734375,1978.519287109375,125.66813659667969,5792.158203125,3424.550048828125,845.2796630859375,19093.359375,2441.33203125,139.97564697265625
2024-03-04,,1372.8336181640625,1154.5955810546875,1518.010498046875,8500.0,2687.168701171875,1283.131103515625,4306.1630859375,8756.2734375,4736.4970703125,4825.8076171875,1278.492919921875,5952.05908203125,1012.4556274414062,85.0,4764.1337890625,690.0,58.0,430.0477294921875,503.135009765625,2217.394287109375,64.0,333.18902587890625,10965.576171875,4029.331787109375,6053.900390625,8601.6474609375,2711.011474609375,19950.7109375,1096.2796630859375,1435.858154296875,1962.5421142578125,565.0,2280.0,1291.0179443359375,917.4378051757812,1064.2373046875,2062.874755859375,125.66813659667969,5721.23388671875,3442.022216796875,835.8876342773438,19314.67578125,2387.67626953125,141.9611053466797
2024-03-05,,1331.092041015625,1195.5067138671875,1552.707763671875,8525.0,2657.854248046875,1283.131103515625,4223.3525390625,8801.177734375,4756.65185546875,4885.6318359375,1224.0889892578125,5952.05908203125,952.60595703125,89.0,4696.07470703125,640.0,57.0,424.46270751953125,517.7894287109375,2261.920166015625,63.0,335.0504150390625,10893.7490234375,4108.14501953125,6007.6875,8453.7685546875,2705.1689453125,20555.8515625,1073.24853515625,1421.49951171875,1942.818115234375,545.0,2250.0,1272.442138671875,917.4378051757812,1051.044189453125,2101.21826171875,131.45547485351562,5650.3095703125,3380.869384765625,826.4956665039062,19415.271484375,2387.67626953125,143.9465789794922
2024-03-06,,1391.3853759765625,1213.6890869140625,1552.707763671875,8400.0,2687.168701171875,1340.2567138671875,4285.46044921875,8935.890625,4796.96240234375,4945.45556640625,1255.8245849609375,5994.42236328125,977.5433349609375,90.0,4754.41162109375,620.0,59.0,437.4944763183594,537.32861328125,2137.24755859375,74.0,335.0504150390625,10678.26953125,3999.776611328125,6007.6875,8182.65625,2687.640625,20518.029296875,1064.0361328125,1435.858154296875,1947.7491455078125,545.0,2260.0,1267.7982177734375,913.3421020507812,1051.044189453125,2131.89306640625,132.28225708007812,5626.66748046875,3407.07763671875,821.7996215820312,19576.2265625,2405.5615234375,144.93931579589844
2024-03-07,,1363.5577392578125,1227.326171875,1548.3704833984375,8500.0,2696.940185546875,1384.1995849609375,4244.05517578125,9093.0537109375,4817.1181640625,4965.39697265625,1237.68994140625,6015.60400390625,1017.4430541992188,92.0,4958.58837890625,685.0,59.0,428.1860656738281,532.44384765625,2146.152587890625,70.0,348.0801696777344,10247.3076171875,4009.62841796875,5869.04833984375,8256.595703125,2722.69677734375,20952.97265625,1105.4921875,1402.3548583984375,1952.6800537109375,565.0,2320.0,1221.358642578125,913.3421020507812,1055.44189453125,2177.905029296875,129.8019561767578,5603.0263671875,3407.07763671875,831.191650390625,19314.67578125,2441.33203125,142.95384216308594
2024-03-08,,1349.6439208984375,1213.6890869140625,1518.010498046875,8375.0,2726.254638671875,1375.4110107421875,4264.7578125,9115.505859375,4917.89453125,5065.10400390625,1251.2908935546875,6036.78564453125,1007.4681396484375,90.0,5031.5087890625,657.5,58.0,431.909423828125,527.55908203125,2190.6787109375,70.0,359.24847412109375,10319.134765625,3930.81494140625,5869.04833984375,8207.302734375,2728.53955078125,20915.154296875,1119.310791015625,1378.423828125,1858.9908447265625,535.0,2370.0,1244.5784912109375,929.724853515625,1042.2489013671875,2223.9169921875,131.45547485351562,5579.38525390625,3372.13330078125,835.8876342773438,19455.509765625,2378.734130859375,143.9465789794922
2024-03-13,,1233.695068359375,1181.8695068359375,1518.010498046875,8650.0,2755.5693359375,1423.7481689453125,4264.7578125,8980.794921875,5018.6708984375,5104.986328125,1251.2908935546875,6163.8759765625,1022.4305419921875,87.0,5007.2021484375,637.5,58.0,424.46270751953125,566.6375122070312,2199.583740234375,67.0,355.5257263183594,10271.25,4236.216796875,5822.83544921875,8379.8291015625,2816.179931640625,20423.478515625,1105.4921875,1364.065185546875,1893.508056640625,545.0,2410.0,1235.29052734375,954.299072265625,1055.44189453125,2147.230224609375,128.9751739501953,5437.5361328125,3407.07763671875,821.7996215820312,18932.40625,2432.3896484375,140.96836853027344
2024-03-14,,1247.60888671875,1213.6890869140625,1518.010498046875,8725.0,2833.741455078125,1445.7196044921875,4368.27099609375,9272.6689453125,4958.20556640625,5092.56494140625,1292.0938720703125,6269.7841796875,1032.405517578125,88.0,5104.42919921875,620.0,59.0,420.7393798828125,551.9830932617188,2172.8681640625,70.0,361.10986328125,10438.845703125,4186.95849609375,5938.3681640625,8478.4150390625,2804.49462890625,20726.048828125,1105.4921875,1373.6375732421875,1908.301025390625,530.0,2380.0,1346.745361328125,978.8733520507812,1042.2489013671875,2208.579833984375,126.49488830566406,5484.81884765625,3459.494140625,845.2796630859375,19415.271484375,2405.5615234375,138.98291015625
2024-03-15,,1266.1607666015625,1209.1434326171875,1518.010498046875,8725.0,2814.198486328125,1419.3538818359375,4285.46044921875,9115.505859375,4899.49169921875,4947.6552734375,1264.8919677734375,6269.7841796875,982.53076171875,86.0,5080.12255859375,525.0,57.0,385.3674621582031,547.0982666015625,2137.24755859375,71.0,355.5257263183594,10271.25,4147.5517578125,5938.3681640625,8429.12109375,2746.067626953125,20499.12109375,1105.4921875,1368.8514404296875,1903.3701171875,510.0,2290.0,1323.525634765625,1011.6389770507812,1037.8511962890625,2177.905029296875,121.5343246459961,5532.10205078125,3468.23046875,812.4076538085938,19455.509765625,2360.8486328125,136.00469970703125
2024-03-18,,1219.78125,1195.5067138671875,1522.3475341796875,8850.0,2804.427001953125,1454.5081787109375,4264.7578125,9115.505859375,4899.49169921875,4968.35693359375,1237.68994140625,6079.1494140625,957.5934448242188,86.0,5007.2021484375,472.0,56.0,417.0159912109375,556.8678588867188,2146.152587890625,73.0,353.6643371582031,10390.9619140625,4157.4033203125,5961.474609375,9020.638671875,2781.123779296875,20707.13671875,1105.4921875,1354.492919921875,1878.7149658203125,510.0,2280.0,1379.2530517578125,1015.734619140625,1037.8511962890625,2185.57373046875,125.66813659667969,5390.25341796875,3424.550048828125,812.4076538085938,19535.986328125,2477.1025390625,135.011962890625
2024-03-19,,1229.0570068359375,1195.5067138671875,1548.3704833984375,8900.0,2823.969970703125,1458.9024658203125,4326.8662109375,9137.9580078125,4941.728515625,4968.35693359375,1265.8216552734375,6163.8759765625,957.5934448242188,86.0,5177.35009765625,466.0,58.0,405.8459167480469,586.1767578125,2199.583740234375,72.0,357.3870849609375,10534.615234375,4117.99658203125,5938.3681640625,9020.638671875,2816.179931640625,20593.669921875,1156.1605224609375,1354.492919921875,1799.81884765625,492.0,2250.0,1332.8135986328125,1048.500244140625,1037.8511962890625,2246.92333984375,122.361083984375,5342.97021484375,3442.022216796875,803.015625,19616.46484375,2450.274658203125,136.00469970703125
2024-03-20,,1252.246826171875,1204.59765625,1557.044921875,8900.0,2833.741455078125,1458.9024658203125,4368.27099609375,9093.0537109375,4962.84716796875,5051.16259765625,1284.644287109375,6278.7255859375,952.60595703125,86.0,5153.04296875,474.0,60.0,403.9842529296875,591.0615844726562,2172.8681640625,65.0,359.24847412109375,10750.0966796875,4049.034912109375,5984.5810546875,9069.931640625,2792.80908203125,20896.2421875,1123.9169921875,1416.71337890625,1789.956787109375,480.0,2260.0,1328.1695556640625,1052.5960693359375,1042.2489013671875,2216.24853515625,121.5343246459961,5413.89453125,3433.285888671875,798.3196411132812,19757.298828125,2468.15966796875,136.00469970703125
2024-03-21,,1224.419189453125,1204.59765625,1539.6961669921875,8850.0,2833.741455078125,1494.0567626953125,4430.37939453125,9093.0537109375,4899.49169921875,5051.16259765625,1341.1121826171875,6278.7255859375,952.60595703125,86.0,5128.736328125,493.0,63.0,402.1225891113281,620.370361328125,2137.24755859375,67.0,383.4465637207031,10486.73046875,4196.81005859375,5961.474609375,9020.638671875,2699.325927734375,20990.796875,1133.12939453125,1397.568603515625,1780.0947265625,482.0,2400.0,1328.1695556640625,1093.5531005859375,1055.44189453125,2262.260498046875,123.18783569335938,5437.5361328125,3398.341552734375,803.015625,19938.37890625,2432.3896484375,136.9974365234375
2024-03-22,,1205.8673095703125,1204.59765625,1474.638671875,8775.0,2833.741455078125,1467.6910400390625,4451.08203125,9070.6025390625,4941.728515625,5071.86376953125,1468.1649169921875,6278.7255859375,942.6310424804688,86.0,5153.04296875,494.0,62.0,413.29266357421875,639.9096069335938,2128.342041015625,68.0,381.5851745605469,10654.3271484375,4088.441650390625,5938.3681640625,9217.8115234375,2711.011474609375,21028.6171875,1110.098388671875,1421.49951171875,1789.956787109375,488.0,2320.0,1314.23779296875,1081.2659912109375,1051.044189453125,2254.591796875,122.361083984375,5484.81884765625,3407.07763671875,821.7996215820312,19797.5390625,2432.3896484375,135.011962890625
2024-03-25,,1205.8673095703125,1213.6890869140625,1504.9989013671875,8775.0,2833.741455078125,1458.9024658203125,4430.37939453125,9256.6533203125,5005.08447265625,5175.37109375,1491.6932373046875,6456.84521484375,967.5684204101562,86.0,5153.04296875,494.0,61.0,409.56927490234375,635.0247802734375,2146.152587890625,68.0,372.2782287597656,10726.1533203125,4039.183349609375,5961.474609375,9538.216796875,2716.854248046875,20990.796875,1096.2796630859375,1455.0028076171875,1789.956787109375,488.0,2340.0,1304.949951171875,1105.8402099609375,1051.044189453125,2246.92333984375,123.18783569335938,5508.4609375,3258.56396484375,812.4076538085938,19757.298828125,2468.15966796875,135.011962890625
2024-03-26,,1205.8673095703125,1245.5087890625,1496.324462890625,8775.0,2833.741455078125,1463.296630859375,4388.97412109375,9233.6845703125,5026.203125,5216.7744140625,1505.8101806640625,6390.05078125,972.5558471679688,85.0,5080.12255859375,494.0,62.0,409.56927490234375,630.1399536132812,2128.342041015625,68.0,372.2782287597656,10390.9619140625,3999.776611328125,5892.15478515625,9562.86328125,2734.38232421875,21009.705078125,1073.24853515625,1440.644287109375,1799.81884765625,488.0,2290.0,1328.1695556640625,1097.6488037109375,1051.044189453125,2254.591796875,121.5343246459961,5532.10205078125,3162.466796875,817.1036376953125,19556.107421875,2477.1025390625,135.011962890625
2024-03-27,,1233.695068359375,1236.41748046875,1474.638671875,8600.0,2833.741455078125,1436.930908203125,4368.27099609375,9256.6533203125,5005.08447265625,5175.37109375,1501.1044921875,6390.05078125,942.6310424804688,85.0,5031.5087890625,507.5,64.0,402.1225891113281,654.5640258789062,2030.3851318359375,66.0,366.6940612792969,10534.615234375,4009.62841796875,5845.94189453125,9636.802734375,2629.213623046875,21501.3828125,1068.6424560546875,1397.568603515625,1775.1636962890625,490.0,2270.0,1346.745361328125,1109.935791015625,1042.2489013671875,2262.260498046875,119.05401611328125,5603.0263671875,3048.897705078125,803.015625,19797.5390625,2441.33203125,135.011962890625
2024-03-28,,1215.1431884765625,1227.326171875,1491.9874267578125,8750.0,2843.512939453125,1406.1710205078125,4264.7578125,9256.6533203125,4983.9658203125,5009.759765625,1463.459228515625,6456.84521484375,942.6310424804688,84.0,5104.42919921875,496.0,63.0,405.8459167480469,659.4487915039062,2012.57470703125,69.0,362.97125244140625,11109.23046875,4009.62841796875,5892.15478515625,9439.630859375,2611.685791015625,20196.548828125,1096.2796630859375,1411.9271240234375,1794.8878173828125,492.0,2280.0,1328.1695556640625,1114.0316162109375,1033.4534912109375,2277.597900390625,116.57373046875,5579.38525390625,3031.425537109375,807.7117309570312,19455.509765625,2414.504150390625,132.03375244140625
2024-04-01,,1210.50537109375,1200.0521240234375,1483.3131103515625,8850.0,2843.512939453125,1388.5938720703125,4306.1630859375,9049.9296875,4772.7802734375,4906.25244140625,1402.2857666015625,6145.1357421875,947.6185302734375,80.0,5055.81591796875,495.0,63.0,407.7076110839844,649.6063232421875,2021.479736328125,68.0,370.4168395996094,10750.0966796875,4009.62841796875,5938.3681640625,9414.984375,2588.31494140625,19893.978515625,1091.6734619140625,1402.3548583984375,1814.61181640625,486.0,2290.0,1332.8135986328125,1109.935791015625,989.4767456054688,2216.24853515625,113.26667785644531,5555.7431640625,3066.369873046875,798.3196411132812,19334.79296875,2441.33203125,131.041015625
2024-04-02,,1196.591552734375,1222.7803955078125,1552.707763671875,8775.0,2843.512939453125,1441.3253173828125,4368.27099609375,9095.8681640625,4624.951171875,4699.2373046875,1388.168701171875,6145.1357421875,997.4931640625,83.0,5201.65625,500.0,62.0,405.8459167480469,708.6614379882812,2048.1953125,70.0,377.8623962402344,10726.1533203125,4068.73828125,6100.11328125,9513.5703125,2547.416015625,20177.640625,1114.70458984375,1411.9271240234375,1868.8529052734375,484.0,2350.0,1388.5408935546875,1097.6488037109375,993.8745727539062,2239.25439453125,113.26667785644531,5461.177734375,3048.897705078125,803.015625,20038.9765625,2450.274658203125,132.03375244140625
2024-04-03,,1215.1431884765625,1218.2347412109375,1539.6961669921875,8700.0,2823.969970703125,1445.7196044921875,4347.568359375,8751.3271484375,4498.240234375,4657.833984375,1378.7574462890625,6033.81103515625,957.5934448242188,83.0,5080.12255859375,498.0,63.0,394.6758728027344,708.6614379882812,2021.479736328125,68.0,376.0010070800781,10534.615234375,4009.62841796875,6053.900390625,9760.03515625,2547.416015625,20404.56640625,1105.4921875,1435.858154296875,1834.3359375,490.0,2390.0,1444.2684326171875,1118.127197265625,1020.260498046875,2239.25439453125,111.61315155029297,5390.25341796875,2987.7451171875,803.015625,20320.646484375,2405.5615234375,133.0264892578125
2024-04-04,,1252.246826171875,1222.7803955078125,1535.359130859375,8850.0,2833.741455078125,1458.9024658203125,4285.46044921875,9049.9296875,4519.3583984375,4719.9384765625,1425.81396484375,6122.87060546875,967.5684204101562,84.0,5177.35009765625,498.0,63.0,398.3992004394531,718.5039672851562,2083.816162109375,69.0,377.8623962402344,10558.5576171875,4049.034912109375,6007.6875,9513.5703125,2588.31494140625,20347.833984375,1146.9481201171875,1435.858154296875,1873.783935546875,555.0,2680.0,1448.9122314453125,1122.2230224609375,1046.6466064453125,2246.92333984375,113.26667785644531,5390.25341796875,3013.953369140625,803.015625,20159.689453125,2423.44677734375,134.01922607421875
2024-04-05,,1242.9710693359375,1227.326171875,1504.9989013671875,8950.0,2814.198486328125,1467.6910400390625,4368.27099609375,9026.958984375,4477.1220703125,4678.53564453125,1411.697021484375,6078.34033203125,1002.4806518554688,85.0,5128.736328125,542.5,64.0,400.2608947753906,708.6614379882812,2048.1953125,68.0,377.8623962402344,10390.9619140625,4039.183349609375,6007.6875,9439.630859375,2629.213623046875,20310.01171875,1133.12939453125,1416.71337890625,1863.921875,580.0,2620.0,1448.9122314453125,1126.318603515625,1046.6466064453125,2246.92333984375,113.26667785644531,5342.97021484375,2996.481201171875,803.015625,20320.646484375,2396.618896484375,135.011962890625
2024-04-16,,1335.7301025390625,1277.3282470703125,1574.3935546875,8750.0,2638.31103515625,1590.73095703125,4223.3525390625,8705.388671875,4392.6474609375,4430.1181640625,1317.5838623046875,5900.220703125,1007.4681396484375,86.0,4885.66796875,565.0,64.0,383.50579833984375,738.18896484375,2021.479736328125,65.0,394.61492919921875,9672.69140625,4334.7333984375,5684.19677734375,9587.509765625,2547.416015625,20726.048828125,1110.098388671875,1387.9962158203125,1785.0257568359375,595.0,2880.0,1504.6396484375,1122.2230224609375,1046.6466064453125,2377.29052734375,111.61315155029297,5272.0458984375,2813.023193359375,765.4476928710938,21125.42578125,2271.422607421875,132.03375244140625
2024-04-17,,1280.0745849609375,1250.05419921875,1557.044921875,8800.0,2726.254638671875,1577.548095703125,4244.05517578125,8751.3271484375,4434.884765625,4388.71533203125,1294.0556640625,5900.220703125,992.5056762695312,84.0,4934.28173828125,647.5,64.0,370.47406005859375,713.5827026367188,1887.90185546875,62.0,385.3079528808594,9720.5771484375,4206.66162109375,5591.7705078125,9365.6904296875,2477.3037109375,20885.2109375,1073.24853515625,1392.7823486328125,1770.232666015625,540.0,2840.0,1453.5562744140625,1138.6058349609375,1064.2373046875,2369.6220703125,107.47931671142578,5059.2724609375,2795.551025390625,751.3596801757812,20582.19921875,2119.398193359375,144.93931579589844
2024-04-18,,1298.6263427734375,1240.9630126953125,1604.7537841796875,8950.0,2726.254638671875,1516.028076171875,4223.3525390625,8705.388671875,4477.1220703125,4533.625,1336.406494140625,6056.07568359375,957.5934448242188,84.0,4725.2431640625,612.5,64.0,363.0273132324219,738.18896484375,1950.2384033203125,62.0,379.7237854003906,9672.69140625,4246.068359375,5661.08984375,9513.5703125,2500.67431640625,20945.806640625,1059.429931640625,1354.492919921875,1750.5087890625,565.0,2760.0,1393.184814453125,1126.318603515625,1081.8280029296875,2400.296630859375,105.82579803466797,5059.2724609375,2839.2314453125,756.0557250976562,20541.958984375,2137.283447265625,163.80126953125
2024-04-19,,1298.6263427734375,1254.5999755859375,1600.4166259765625,8875.0,2736.0263671875,1546.7882080078125,4057.730712890625,8705.388671875,4413.76611328125,4368.01416015625,1294.0556640625,5989.28076171875,947.6185302734375,85.0,4812.748046875,612.5,63.0,344.4105224609375,738.18896484375,1950.2384033203125,59.0,377.8623962402344,9313.5576171875,4334.7333984375,5637.9833984375,9513.5703125,2477.3037109375,20764.021484375,1045.611328125,1340.13427734375,1671.6124267578125,575.0,2800.0,1444.2684326171875,1105.8402099609375,1073.0325927734375,2407.96533203125,103.34550476074219,4799.216796875,2751.870361328125,751.3596801757812,20401.125,2128.3408203125,143.9465789794922
2024-04-22,,1335.7301025390625,1250.05419921875,1557.044921875,8750.0,2814.198486328125,1555.57666015625,4099.1357421875,8590.5419921875,4519.3583984375,4388.71533203125,1279.9385986328125,5989.28076171875,952.60595703125,85.0,4851.638671875,602.5,64.0,346.2722473144531,733.2677001953125,2048.1953125,59.0,361.10986328125,9385.384765625,4344.5849609375,5684.19677734375,9710.7431640625,2407.191162109375,20663.02734375,1013.3677978515625,1344.92041015625,1651.8885498046875,580.0,2680.0,1374.6090087890625,1097.6488037109375,1059.8397216796875,2361.953369140625,103.34550476074219,4751.93359375,2769.3427734375,732.5756225585938,20360.884765625,2155.168701171875,156.85214233398438
2024-04-23,,1307.9022216796875,1250.05419921875,1561.382080078125,8925.0,2872.82763671875,1529.2109375,4161.244140625,8935.08203125,4434.884765625,4388.71533203125,1289.3499755859375,6078.34033203125,937.6436157226562,103.0,4861.361328125,602.5,66.0,346.2722473144531,718.5039672851562,2128.342041015625,61.0,357.3870849609375,9505.095703125,4285.47509765625,5568.6640625,9587.509765625,2547.416015625,20622.630859375,1013.3677978515625,1364.065185546875,1612.4404296875,580.0,2560.0,1374.6090087890625,1122.2230224609375,1059.8397216796875,2346.615966796875,102.51874542236328,4614.8134765625,2708.18994140625,751.3596801757812,20079.21484375,2083.627685546875,150.89572143554688
2024-04-24,,1252.246826171875,1218.2347412109375,1552.707763671875,9050.0,2833.741455078125,1476.4794921875,4066.01171875,9141.8076171875,4477.1220703125,4326.61083984375,1294.0556640625,6278.7255859375,947.6185302734375,106.0,4812.748046875,627.5,65.0,344.4105224609375,738.18896484375,2119.43701171875,64.0,361.10986328125,9744.5185546875,4147.5517578125,5591.7705078125,9686.095703125,2600.000244140625,20481.2421875,1022.5802001953125,1344.92041015625,1651.8885498046875,565.0,2600.0,1365.3211669921875,1085.3616943359375,1055.44189453125,2269.92919921875,100.86521911621094,4539.16064453125,2655.7734375,751.3596801757812,19998.734375,2137.283447265625,151.88845825195312
2024-04-25,,1205.8673095703125,1190.9608154296875,1504.9989013671875,9500.0,2863.055908203125,1397.3824462890625,4099.1357421875,8981.0205078125,4477.1220703125,4264.50634765625,1270.52734375,6189.66552734375,927.668701171875,103.0,4885.66796875,622.5,63.0,340.68719482421875,762.7952880859375,2119.43701171875,62.0,372.2782287597656,10247.3076171875,4039.183349609375,5730.40966796875,9513.5703125,2617.5283203125,20178.263671875,1054.82373046875,1368.8514404296875,1612.4404296875,555.0,2520.0,1323.525634765625,1081.2659912109375,1077.4302978515625,2216.24853515625,100.86521911621094,4539.16064453125,2655.7734375,765.4476928710938,19515.869140625,2360.8486328125,149.9029998779297
2024-04-26,,1224.419189453125,1181.8695068359375,1387.895263671875,9475.0,2775.112548828125,1401.7767333984375,4041.168701171875,8843.205078125,4350.41064453125,3999.52685546875,1214.0594482421875,6011.5458984375,872.8065185546875,97.0,4686.3525390625,637.5,61.0,325.7937316894531,762.7952880859375,2119.43701171875,61.0,374.1396179199219,10151.5380859375,4029.331787109375,5591.7705078125,8848.11328125,2594.157470703125,19794.494140625,1004.1553955078125,1344.92041015625,1533.544189453125,550.0,2510.0,1309.59375,1048.500244140625,1055.44189453125,2208.579833984375,96.73138427734375,4331.11572265625,2647.037109375,746.6637573242188,19435.388671875,2316.135498046875,142.95384216308594
2024-04-29,,1242.9710693359375,1213.6890869140625,1431.2669677734375,9450.0,2872.82763671875,1419.3538818359375,4161.244140625,9003.9912109375,4413.76611328125,3949.843505859375,1232.882080078125,6167.40087890625,952.60595703125,100.0,4861.361328125,715.0,61.0,348.1339111328125,772.6378173828125,2172.8681640625,63.0,368.5554504394531,10223.365234375,4117.99658203125,5707.30322265625,9341.0439453125,2617.5283203125,20158.068359375,1036.39892578125,1344.92041015625,1632.1644287109375,560.0,2580.0,1263.1541748046875,1081.2659912109375,1064.2373046875,2300.60400390625,103.34550476074219,4368.94189453125,2690.7177734375,756.0557250976562,20018.85546875,2316.135498046875,138.98291015625
2024-04-30,,1247.60888671875,1231.87158203125,1452.952880859375,9700.0,2863.055908203125,1441.3253173828125,4264.7578125,9003.9912109375,4434.884765625,4090.61328125,1242.2933349609375,6145.1357421875,1017.4430541992188,99.0,4812.748046875,745.0,62.0,359.303955078125,767.716552734375,2199.583740234375,63.0,377.8623962402344,10414.9033203125,4186.95849609375,5776.62255859375,9242.4580078125,2570.786865234375,20380.25,1054.82373046875,1392.7823486328125,1553.268310546875,550.0,2630.0,1253.8663330078125,1204.1370849609375,1073.0325927734375,2323.60986328125,106.65255737304688,4416.22509765625,2769.3427734375,756.0557250976562,19978.6171875,2342.96337890625,144.93931579589844
2024-05-02,,1256.8848876953125,1240.9630126953125,1431.2669677734375,9775.0,2804.427001953125,1327.0738525390625,4285.46044921875,8774.2978515625,4080.093994140625,3941.563232421875,1204.648193359375,5633.041015625,997.4931640625,98.0,4725.2431640625,760.0,60.0,351.8572692871094,733.2677001953125,2155.05810546875,63.0,379.7237854003906,10031.8271484375,4058.88671875,5753.51611328125,9094.578125,2547.416015625,20117.66796875,1068.6424560546875,1426.2857666015625,1420.1309814453125,525.0,2580.0,1221.358642578125,1195.9456787109375,1059.8397216796875,2216.24853515625,101.69197845458984,4482.42138671875,2725.662109375,741.9676513671875,19556.107421875,2360.8486328125,140.96836853027344
2024-05-03,,1233.695068359375,1240.9630126953125,1431.2669677734375,9775.0,2833.741455078125,1309.496826171875,4326.8662109375,9049.9296875,4080.093994140625,3933.282470703125,1190.5311279296875,5477.18603515625,977.5433349609375,100.0,4861.361328125,702.5,60.0,349.9955749511719,767.716552734375,2208.48876953125,66.0,377.8623962402344,10390.9619140625,4009.62841796875,5753.51611328125,9193.1650390625,2483.146240234375,20057.07421875,1119.310791015625,1426.2857666015625,1464.5101318359375,525.0,2560.0,1216.71484375,1240.9984130859375,1068.635009765625,2246.92333984375,104.99903106689453,4378.39892578125,2760.6064453125,751.3596801757812,19274.43359375,2325.078369140625,140.96836853027344
2024-05-06,,1247.60888671875,1295.5107421875,1457.2900390625,9900.0,2833.741455078125,1331.4681396484375,4223.3525390625,9003.9912109375,4063.19921875,3966.404541015625,1214.0594482421875,5588.5107421875,1002.4806518554688,103.0,5153.04296875,720.0,60.0,372.3357238769531,772.6378173828125,2146.152587890625,69.0,382.69439697265625,10390.9619140625,4226.365234375,5753.51611328125,9316.3984375,2506.51708984375,19794.494140625,1174.5853271484375,1392.7823486328125,1425.06201171875,525.0,2630.0,1221.358642578125,1232.8070068359375,1174.17919921875,2246.92333984375,105.82579803466797,4444.5947265625,2664.50927734375,751.3596801757812,19290.798828125,2325.078369140625,141.9611053466797
2024-05-07,,1252.246826171875,1277.3282470703125,1439.94140625,9775.0,2814.198486328125,1322.6796875,4181.947265625,8912.11328125,3970.27783203125,3867.037841796875,1195.23681640625,5588.5107421875,977.5433349609375,104.0,5153.04296875,732.5,58.0,409.56927490234375,816.9291381835938,2163.962890625,65.0,380.7615966796875,10319.134765625,4581.02490234375,5684.19677734375,9291.7509765625,2453.932861328125,20036.876953125,1193.01025390625,1383.2099609375,1385.614013671875,555.0,2650.0,1207.4268798828125,1228.7113037109375,1147.7930908203125,2208.579833984375,114.09343719482422,4444.5947265625,2699.453857421875,746.6637573242188,19161.6171875,2271.422607421875,142.95384216308594
2024-05-08,,1219.78125,1304.60205078125,1439.94140625,9500.0,2814.198486328125,1349.04541015625,4244.05517578125,8613.51171875,3944.935546875,3875.318115234375,1152.8858642578125,5588.5107421875,977.5433349609375,103.0,5153.04296875,705.0,58.0,387.2291564941406,807.0866088867188,2208.48876953125,67.0,374.96319580078125,10319.134765625,4512.0634765625,5730.40966796875,9390.3369140625,2453.932861328125,20481.2421875,1183.7977294921875,1359.2789306640625,1474.3721923828125,580.0,2710.0,1221.358642578125,1245.0941162109375,1156.5885009765625,2246.92333984375,109.13285064697266,4236.5498046875,2690.7177734375,746.6637573242188,19032.4375,2289.307861328125,155.85940551757812
2024-05-13,,1224.419189453125,1340.96728515625,1475.7161865234375,9825.0,2765.3408203125,1340.2567138671875,4202.64990234375,8751.3271484375,4037.85693359375,3875.318115234375,1167.0029296875,5521.71630859375,977.5433349609375,100.0,5031.5087890625,750.0,58.0,400.2608947753906,787.401611328125,2324.256591796875,67.0,373.0303955078125,9864.2314453125,4443.1015625,5637.9833984375,9538.216796875,2483.146240234375,19915.685546875,1220.6475830078125,1364.065185546875,1503.9581298828125,560.0,2750.0,1249.222412109375,1245.0941162109375,1108.2139892578125,2246.92333984375,114.09343719482422,4141.98388671875,2699.453857421875,732.5756225585938,19118.55859375,2369.79150390625,164.79400634765625
2024-05-14,,1233.695068359375,1309.147705078125,1462.3006591796875,9825.0,2736.0263671875,1340.2567138671875,4135.82666015625,8774.2978515625,4164.56787109375,3916.721435546875,1167.0029296875,5521.71630859375,957.5934448242188,95.0,5128.736328125,735.0,59.0,396.53753662109375,772.6378173828125,2315.351318359375,65.0,367.2320251464844,9864.2314453125,4423.3984375,5707.30322265625,9341.0439453125,2547.416015625,19794.494140625,1262.103515625,1349.7066650390625,1489.1651611328125,550.0,2730.0,1249.222412109375,1212.3284912109375,1117.0093994140625,2239.25439453125,113.26667785644531,3990.678955078125,2725.662109375,732.5756225585938,19376.916015625,2414.504150390625,179.68502807617188
2024-05-15,,1229.0570068359375,1286.4195556640625,1453.35693359375,10200.0,2726.254638671875,1375.4110107421875,4090.675048828125,8728.359375,4244.81787109375,3991.24658203125,1199.9425048828125,5677.5712890625,1027.41796875,93.0,5225.96337890625,785.0,58.0,387.2291564941406,772.6378173828125,2297.540771484375,66.0,365.2992248535156,10151.5380859375,4423.3984375,5637.9833984375,9562.86328125,2524.045166015625,19471.318359375,1262.103515625,1383.2099609375,1489.1651611328125,550.0,2750.0,1253.8663330078125,1216.4241943359375,1099.418701171875,2231.585693359375,112.43991088867188,3896.11279296875,2708.18994140625,704.3997192382812,19161.6171875,2396.618896484375,178.6923065185547
2024-05-16,,1210.50537109375,1309.147705078125,1413.110107421875,10350.0,2784.8837890625,1375.4110107421875,4253.21875,8820.236328125,4392.6474609375,4007.8076171875,1199.9425048828125,5655.30615234375,1281.7786865234375,94.0,5225.96337890625,825.0,58.0,398.3992004394531,797.2440795898438,2160.127685546875,66.0,369.1648254394531,10127.5966796875,4413.546875,5684.19677734375,9562.86328125,2535.73046875,19552.11328125,1326.5904541015625,1383.2099609375,1464.5101318359375,555.0,2740.0,1272.442138671875,1224.6156005859375,1156.5885009765625,2246.92333984375,117.40049743652344,3977.918701171875,2790.232177734375,713.7916870117188,19075.498046875,2414.504150390625,178.6923065185547
2024-05-17,,1205.8673095703125,1309.147705078125,1413.110107421875,10250.0,2736.0263671875,1423.7481689453125,4334.490234375,8958.0517578125,4371.529296875,4074.052734375,1223.470703125,5855.69091796875,1336.640869140625,92.0,5128.736328125,850.0,59.0,411.43096923828125,802.1653442382812,2214.584716796875,66.0,374.96319580078125,10103.6533203125,4718.9482421875,5684.19677734375,9661.44921875,2518.20263671875,19451.12109375,1345.0155029296875,1435.858154296875,1469.441162109375,605.0,2740.0,1272.442138671875,1240.9984130859375,1134.5999755859375,2239.25439453125,118.22725677490234,3919.98779296875,2771.692626953125,713.7916870117188,19204.67578125,2423.44677734375,183.65597534179688
2024-05-20,,1224.419189453125,1322.784912109375,1439.94140625,10500.0,2736.0263671875,1454.5081787109375,4280.30908203125,8705.388671875,4206.80517578125,3991.24658203125,1195.23681640625,5633.041015625,1196.9918212890625,94.0,5080.12255859375,807.5,60.0,418.8777160644531,821.8504028320312,2232.7373046875,65.0,390.42559814453125,10055.76953125,5073.6083984375,5753.51611328125,9562.86328125,2430.56201171875,19673.3046875,1345.0155029296875,1464.5753173828125,1464.5101318359375,645.0,2840.0,1374.6090087890625,1290.1468505859375,1108.2139892578125,2246.92333984375,117.40049743652344,3852.40185546875,2771.692626953125,718.4876708984375,19678.3359375,2414.504150390625,183.65597534179688
2024-05-21,,1242.9710693359375,1309.147705078125,1404.1663818359375,10500.0,2696.940185546875,1490.773681640625,4244.1884765625,8613.51171875,4029.409423828125,3875.318115234375,1167.0029296875,5365.86083984375,1261.828857421875,92.0,5031.5087890625,812.5,60.0,411.43096923828125,821.8504028320312,2241.813232421875,64.0,380.7615966796875,9960.0,4975.091796875,5684.19677734375,9488.9228515625,2395.505859375,19592.5078125,1308.1656494140625,1440.644287109375,1385.614013671875,645.0,2790.0,1304.949951171875,1281.9554443359375,1125.8046875,2280.385498046875,115.7469711303711,3852.40185546875,2734.613037109375,699.7036743164062,19312.326171875,2602.298828125,174.7213592529297
2024-05-22,,1270.7987060546875,1327.33056640625,1426.525634765625,10550.0,2765.3408203125,1452.6707763671875,4253.21875,8659.4501953125,4020.962158203125,3908.440185546875,1162.2972412109375,5388.1259765625,1182.0294189453125,93.0,5080.12255859375,810.0,59.0,411.43096923828125,802.1653442382812,2241.813232421875,66.0,376.89599609375,10031.8271484375,4827.31689453125,5684.19677734375,9488.9228515625,2354.60693359375,19653.103515625,1321.984375,1493.29248046875,1370.8209228515625,650.0,2820.0,1258.5103759765625,1302.4339599609375,1108.2139892578125,2298.131591796875,116.57373046875,3813.78125,2725.34326171875,718.4876708984375,19463.03515625,2736.438232421875,168.76495361328125
2024-05-27,,1298.6263427734375,1304.60205078125,1413.110107421875,12650.0,2736.0263671875,1424.09375,4108.73583984375,8544.603515625,3944.935546875,3767.67041015625,1129.357666015625,5187.7412109375,1077.292724609375,92.0,5055.81591796875,725.0,58.0,420.7393798828125,762.7952880859375,2232.7373046875,70.0,373.0303955078125,9983.9423828125,4738.65185546875,5661.08984375,9143.8720703125,2290.33740234375,19592.5078125,1285.134521484375,1498.0787353515625,1326.44189453125,620.0,2700.0,1309.59375,1294.2425537109375,1086.2257080078125,2236.02001953125,119.05401611328125,3630.33349609375,2604.834716796875,666.8316650390625,19484.56640625,2915.29052734375,159.83033752441406
2024-05-28,,1377.4715576171875,1318.9735107421875,1413.110107421875,12900.0,2814.198486328125,1443.1451416015625,4072.61474609375,8544.603515625,3978.725341796875,3751.109130859375,1176.4141845703125,5299.06640625,1167.0670166015625,90.0,5104.42919921875,780.0,58.0,409.56927490234375,792.3228149414062,2214.584716796875,74.0,371.09759521484375,10151.5380859375,5024.35009765625,5661.08984375,9464.2763671875,2453.932861328125,19632.908203125,1266.709716796875,1483.7200927734375,1326.44189453125,670.0,2900.0,1309.59375,1339.2952880859375,1108.2139892578125,2227.146728515625,119.05401611328125,3649.643798828125,2651.18408203125,680.919677734375,19355.38671875,2933.175537109375,176.7068328857422
2024-05-29,,1345.005859375,1314.0703125,1475.7161865234375,13200.0,2763.546630859375,1452.6707763671875,4027.464111328125,8406.7880859375,3826.672119140625,3651.7421875,1185.8255615234375,5165.4765625,1062.3302001953125,90.0,5055.81591796875,760.0,59.0,400.2608947753906,792.3228149414062,2187.3564453125,71.0,367.2320251464844,9983.9423828125,5122.86669921875,5661.08984375,9414.984375,2436.40478515625,19693.50390625,1289.7408447265625,1479.81298828125,1282.062744140625,675.0,2900.0,1346.745361328125,1318.8167724609375,1112.6116943359375,2191.654541015625,115.7469711303711,3630.33349609375,2604.834716796875,671.5277099609375,19398.447265625,2691.725341796875,172.7358856201172
2024-05-30,,1377.4715576171875,1343.4898681640625,1453.35693359375,12450.0,2724.0673828125,1419.330810546875,3901.041259765625,8268.9716796875,3792.88232421875,3626.900390625,1162.2972412109375,5232.27099609375,1047.3677978515625,88.0,5055.81591796875,755.0,59.0,392.81414794921875,802.1653442382812,2205.508544921875,67.0,355.6352233886719,9720.5771484375,4906.1298828125,5591.7705078125,9341.0439453125,2377.977783203125,20158.068359375,1312.77197265625,1484.69677734375,1277.1317138671875,645.0,2800.0,1309.59375,1339.2952880859375,1086.2257080078125,2209.400634765625,111.61315155029297,3562.74755859375,2604.834716796875,676.2236938476562,19183.1484375,2781.1513671875,172.7358856201172
2024-05-31,,1345.005859375,1358.1995849609375,1430.9974365234375,12075.0,2615.49951171875,1395.5166015625,3873.950927734375,8498.6640625,3716.855712890625,3593.77783203125,1152.8858642578125,5254.5361328125,1062.3302001953125,91.0,5055.81591796875,750.0,62.0,394.6758728027344,757.8740234375,2096.594482421875,65.0,353.7024230957031,9337.5,4896.2783203125,5430.025390625,8971.345703125,2383.820556640625,20178.263671875,1262.103515625,1455.3935546875,1252.4765625,670.0,2700.0,1295.6619873046875,1294.2425537109375,1042.2489013671875,2209.400634765625,124.01460266113281,3369.644775390625,2688.263671875,648.0476684570312,19010.908203125,2790.09375,169.75767517089844
2024-06-03,,1307.9022216796875,1436.6514892578125,1435.469482421875,11725.0,2763.546630859375,1400.2794189453125,4063.584716796875,8521.6337890625,3902.698486328125,3751.109130859375,1190.5311279296875,5432.65625,1072.30517578125,89.0,5085.1533203125,800.0,61.0,392.81414794921875,777.55908203125,2105.6708984375,64.0,367.2320251464844,9768.4609375,4807.61328125,5591.7705078125,9193.1650390625,2448.242919921875,20380.25,1257.497314453125,1484.69677734375,1331.372802734375,725.0,2740.0,1272.442138671875,1302.4339599609375,1064.2373046875,2289.258544921875,124.01460266113281,3427.575439453125,2716.0732421875,648.0476684570312,19785.984375,2754.3232421875,169.75767517089844
2024-06-04,,1242.9710693359375,1431.7484130859375,1430.9974365234375,12775.0,2753.6767578125,1371.7022705078125,4135.82666015625,8590.5419921875,3919.59326171875,3684.864501953125,1190.5311279296875,5477.18603515625,1042.38037109375,83.0,5085.1533203125,822.5,60.0,392.81414794921875,787.401611328125,2078.442138671875,61.0,357.5680236816406,9888.1728515625,4620.431640625,5637.9833984375,9143.8720703125,2490.2470703125,20521.638671875,1285.134521484375,1504.2322998046875,1429.9930419921875,660.0,2650.0,1230.6466064453125,1327.0081787109375,1064.2373046875,2280.385498046875,121.5343246459961,3697.91943359375,2780.96240234375,671.5277099609375,19785.984375,2799.03662109375,162.80853271484375
2024-06-05,,1242.9710693359375,1407.23193359375,1404.1663818359375,11950.0,2684.588134765625,1276.4451904296875,4153.88671875,8682.4208984375,3894.2509765625,3643.461669921875,1195.23681640625,5343.5966796875,952.60595703125,80.0,5109.60107421875,755.0,60.0,366.75067138671875,703.7401733398438,2096.594482421875,59.0,347.9040222167969,10007.8837890625,4364.28857421875,5661.08984375,8897.40625,2460.244140625,20077.2734375,1257.497314453125,1514.0,1479.30322265625,580.0,2420.0,1230.6466064453125,1298.33837890625,1046.6466064453125,2244.89306640625,114.09343719482422,3726.885009765625,2836.58154296875,662.1356811523438,19441.505859375,2745.380859375,162.80853271484375
2024-06-06,,1247.60888671875,1397.425537109375,1422.0537109375,12150.0,2743.806884765625,1252.630859375,4117.765625,8705.388671875,4029.409423828125,3726.267333984375,1214.0594482421875,5499.451171875,972.5558471679688,80.0,5109.60107421875,747.5,60.0,376.05908203125,708.6614379882812,2042.1376953125,60.0,349.8368225097656,10151.5380859375,4403.69482421875,5730.40966796875,9168.5185546875,2442.2421875,19875.287109375,1229.8599853515625,1538.41943359375,1444.7860107421875,570.0,2460.0,1239.9344482421875,1314.72119140625,1072.09619140625,2227.146728515625,115.7469711303711,3813.78125,2827.311767578125,680.919677734375,19441.505859375,2754.3232421875,171.74314880371094
2024-06-07,,1233.695068359375,1392.5224609375,1430.9974365234375,11625.0,2724.0673828125,1238.34228515625,4117.765625,8567.572265625,3970.27783203125,3602.05859375,1171.70849609375,5588.5107421875,962.5809326171875,81.0,5109.60107421875,780.0,59.0,363.0273132324219,703.7401733398438,2023.9852294921875,58.0,347.9040222167969,10127.5966796875,4383.99169921875,5730.40966796875,9168.5185546875,2490.2470703125,19996.478515625,1252.89111328125,1562.8387451171875,1454.6480712890625,590.0,2500.0,1235.29052734375,1302.4339599609375,1081.2593994140625,2244.89306640625,113.26667785644531,3871.712158203125,2827.311767578125,680.919677734375,19635.2734375,2691.725341796875,165.7867431640625
2024-06-10,,1210.50537109375,1348.3929443359375,1448.885009765625,11950.0,2763.546630859375,1181.1881103515625,4072.61474609375,8751.3271484375,3894.2509765625,3643.461669921875,1162.2972412109375,5588.5107421875,1032.405517578125,77.0,5085.1533203125,860.0,57.0,355.58062744140625,713.5827026367188,2023.9852294921875,56.0,342.1056213378906,10055.76953125,4195.7548828125,5707.30322265625,8995.9921875,2502.248291015625,19733.8984375,1257.497314453125,1557.954833984375,1400.406982421875,570.0,2460.0,1244.1439208984375,1296.3865966796875,1072.09619140625,2200.527587890625,109.13285064697266,3958.6083984375,2790.232177734375,676.2236938476562,19226.20703125,2745.380859375,165.7867431640625
2024-06-11,,1224.419189453125,1333.6834716796875,1435.469482421875,11875.0,2704.32763671875,1195.4766845703125,3928.132080078125,8544.603515625,3784.43505859375,3593.77783203125,1148.1802978515625,5454.92138671875,982.53076171875,78.0,4987.36181640625,857.5,58.0,349.9955749511719,792.3228149414062,2014.9091796875,53.0,340.1728210449219,10103.6533203125,4176.330078125,5661.08984375,8848.11328125,2502.248291015625,19471.318359375,1229.8599853515625,1518.8839111328125,1385.614013671875,605.0,2450.0,1244.1439208984375,1296.3865966796875,1072.09619140625,2165.03515625,107.47931671142578,3746.1953125,2669.723876953125,666.8316650390625,18817.138671875,2736.438232421875,172.7358856201172
2024-06-12,,1284.7125244140625,1368.0059814453125,1422.0537109375,12000.0,2694.4580078125,1209.7652587890625,3937.16162109375,8498.6640625,3742.197998046875,3602.05859375,1152.8858642578125,5276.80126953125,992.5056762695312,76.0,5060.70556640625,832.5,57.0,344.4105224609375,792.3228149414062,1978.6044921875,52.0,332.4416198730469,10127.5966796875,4040.356689453125,5730.40966796875,8355.1826171875,2406.23876953125,19632.908203125,1225.2537841796875,1528.651611328125,1395.4759521484375,605.0,2380.0,1220.4007568359375,1264.7674560546875,1021.698486328125,2156.162109375,105.82579803466797,3485.50634765625,2706.803466796875,652.7437133789062,18946.318359375,2736.438232421875,168.76495361328125
2024-06-13,,1219.78125,1363.1029052734375,1422.0537109375,11825.0,2684.588134765625,1195.4766845703125,4027.464111328125,8452.7255859375,3784.43505859375,3568.93603515625,1167.0029296875,5232.27099609375,977.5433349609375,76.0,4987.36181640625,847.5,57.0,353.71893310546875,782.4803466796875,1960.4521484375,52.0,336.3072204589844,10223.365234375,3991.794677734375,5661.08984375,8626.2939453125,2442.2421875,19552.11328125,1225.2537841796875,1528.651611328125,1449.717041015625,590.0,2370.0,1201.4061279296875,1300.9036865234375,1026.2801513671875,2236.02001953125,111.61315155029297,3533.7822265625,2632.64453125,648.0476684570312,18967.849609375,2736.438232421875,168.76495361328125
2024-06-14,,1210.50537109375,1363.1029052734375,1404.1663818359375,12100.0,2684.588134765625,1152.6109619140625,3991.34326171875,8452.7255859375,3640.8291015625,3461.288330078125,1134.063232421875,5120.9462890625,947.6185302734375,74.0,4791.779296875,817.5,57.0,340.68719482421875,762.7952880859375,1887.8427734375,52.0,330.5088195800781,10055.76953125,3933.52001953125,5614.876953125,8552.3544921875,2442.2421875,19430.921875,1188.404052734375,1528.651611328125,1449.717041015625,565.0,2270.0,1196.657470703125,1282.8355712890625,971.3008422851562,2182.78125,106.65255737304688,3321.368896484375,2521.406005859375,633.9597778320312,18278.890625,2861.634521484375,166.77947998046875
2024-06-19,,1247.60888671875,1304.2637939453125,1413.110107421875,12000.0,2674.71826171875,1157.373779296875,4018.43359375,8314.91015625,3632.381591796875,3395.043701171875,1105.829345703125,5120.9462890625,902.7313232421875,69.0,4713.5458984375,807.5,57.0,327.6554260253906,767.716552734375,1933.2236328125,50.0,340.1728210449219,9768.4609375,4058.88671875,5476.23828125,8601.6474609375,2418.23974609375,19289.533203125,1275.922119140625,1518.8839111328125,1346.165771484375,550.0,2310.0,1163.4169921875,1273.801513671875,920.9031372070312,2156.162109375,106.65255737304688,3388.955078125,2623.37451171875,638.65576171875,18429.6015625,2745.380859375,167.8384552001953
2024-06-20,,1256.8848876953125,1338.586669921875,1399.6944580078125,11775.0,2684.588134765625,1157.373779296875,4018.43359375,8659.4501953125,3716.855712890625,3535.813720703125,1157.591552734375,5299.06640625,912.7062377929688,73.0,4674.42919921875,805.0,57.0,348.1339111328125,752.9527587890625,1942.2996826171875,50.0,342.1056213378906,9744.5185546875,4019.47998046875,5476.23828125,8798.8193359375,2460.244140625,19309.73046875,1285.134521484375,1523.767822265625,1356.02783203125,555.0,2300.0,1177.6629638671875,1291.86962890625,957.5559692382812,2147.2890625,112.43991088867188,3379.2998046875,2632.64453125,638.65576171875,18989.37890625,2718.552978515625,181.8249969482422
2024-06-21,,1252.246826171875,1338.586669921875,1413.110107421875,11000.0,2664.848388671875,1171.662353515625,4054.554443359375,8820.236328125,3835.11962890625,3676.583984375,1176.4141845703125,5454.92138671875,947.6185302734375,76.0,4674.42919921875,827.5,58.0,353.71893310546875,752.9527587890625,1978.6044921875,50.0,342.1056213378906,9864.2314453125,4157.4033203125,5522.451171875,8675.5869140625,2502.248291015625,19592.5078125,1331.19677734375,1533.5355224609375,1410.26904296875,580.0,2310.0,1215.652099609375,1359.625,1058.351318359375,2147.2890625,119.88077545166016,3572.402587890625,2734.613037109375,657.439697265625,18623.37109375,2673.83984375,185.82115173339844
2024-06-24,,1224.419189453125,1333.6834716796875,1457.8287353515625,10800.0,2704.32763671875,1190.7137451171875,4000.37353515625,8820.236328125,3835.11962890625,3643.461669921875,1167.0029296875,5343.5966796875,962.5809326171875,79.0,4987.36181640625,820.0,58.0,361.1656188964844,738.18896484375,1960.4521484375,51.0,340.1728210449219,9864.2314453125,4019.47998046875,5476.23828125,8650.94140625,2520.25,19309.73046875,1340.4091796875,1514.0,1395.4759521484375,595.0,2320.0,1234.646728515625,1382.2100830078125,1053.769775390625,2156.162109375,121.5343246459961,3562.74755859375,2734.613037109375,633.9597778320312,18709.490234375,2691.725341796875,190.81634521484375
2024-06-25,,1215.1431884765625,1328.780029296875,1462.3006591796875,10875.0,2684.588134765625,1166.8995361328125,3973.282958984375,8820.236328125,3784.43505859375,3626.900390625,1167.0029296875,5276.80126953125,942.6310424804688,77.0,4914.0185546875,815.0,58.0,366.808837890625,738.18896484375,1960.4521484375,50.0,334.3744201660156,9696.634765625,3950.518310546875,5499.3447265625,8626.2939453125,2484.246337890625,19067.34765625,1312.77197265625,1489.5806884765625,1380.6829833984375,590.0,2400.0,1263.138427734375,1404.7952880859375,1053.769775390625,2138.415771484375,126.66957092285156,3533.7822265625,2771.692626953125,643.3517456054688,18623.37109375,2691.725341796875,186.8201904296875
2024-06-26,,1229.0570068359375,1348.3929443359375,1466.7725830078125,11450.0,2694.4580078125,1157.373779296875,3991.34326171875,8728.359375,3733.750732421875,3618.61962890625,1171.70849609375,5210.00634765625,957.5934448242188,78.0,4962.9140625,817.5,60.0,363.0467224121094,743.1102294921875,1978.6044921875,50.0,334.3744201660156,9936.0576171875,3970.2216796875,5453.1318359375,8971.345703125,2502.248291015625,19228.939453125,1335.802978515625,1499.348388671875,1385.614013671875,590.0,2340.0,1253.6412353515625,1395.76123046875,1081.2593994140625,2165.03515625,124.10193634033203,3504.816650390625,2780.96240234375,643.3517456054688,18731.021484375,2691.725341796875,187.81922912597656
2024-06-27,,1233.695068359375,1348.3929443359375,1471.244384765625,11250.0,2664.848388671875,1171.662353515625,4000.37353515625,8958.0517578125,3868.90869140625,3693.14501953125,1185.8255615234375,5343.5966796875,965.0,77.0,4914.0185546875,845.0,58.0,366.808837890625,743.1102294921875,1996.7568359375,50.0,332.4416198730469,10055.76953125,3940.666748046875,5568.6640625,8798.8193359375,2484.246337890625,19188.541015625,1335.802978515625,1504.2322998046875,1464.5101318359375,620.0,2360.0,1248.8924560546875,1391.244140625,1099.5858154296875,2156.162109375,121.5343246459961,3475.851318359375,2808.77197265625,671.5277099609375,18731.021484375,2754.3232421875,180.82595825195312
2024-06-28,,1224.419189453125,1368.0059814453125,1448.885009765625,11000.0,2714.197509765625,1190.7137451171875,4027.464111328125,9118.8369140625,3936.48828125,3809.072998046875,1190.5311279296875,5477.18603515625,990.0,78.0,4962.9140625,875.0,59.0,364.92779541015625,757.8740234375,1960.4521484375,50.0,336.3072204589844,9864.2314453125,4157.4033203125,5614.876953125,8823.60546875,2568.254638671875,19309.73046875,1312.77197265625,1489.5806884765625,1454.6480712890625,630.0,2380.0,1267.8870849609375,1391.244140625,1090.422607421875,2173.908203125,121.5343246459961,3601.3681640625,2901.470703125,690.3117065429688,18924.7890625,2700.667724609375,193.81346130371094
2024-07-01,,1242.9710693359375,1372.9093017578125,1430.9974365234375,11525.0,2694.4580078125,1243.105224609375,4171.94677734375,9072.8984375,3978.725341796875,3833.91552734375,1199.9425048828125,5566.24609375,1130.0,78.0,4987.36181640625,967.5,63.0,368.68994140625,777.55908203125,1978.6044921875,50.0,340.1728210449219,9864.2314453125,4137.7001953125,5637.9833984375,8972.3173828125,2520.25,19612.70703125,1349.62158203125,1470.045166015625,1415.199951171875,650.0,2460.0,1272.6357421875,1395.76123046875,1117.9122314453125,2218.273681640625,119.82257080078125,3784.81591796875,2864.391357421875,685.61572265625,19053.966796875,2716.267822265625,194.8125
2024-07-02,,1293.9884033203125,1392.5224609375,1426.525634765625,11500.0,2714.197509765625,1233.5794677734375,4090.675048828125,9095.8681640625,3978.725341796875,3784.2314453125,1199.9425048828125,5521.71630859375,1175.0,81.0,4962.9140625,970.0,63.0,364.92779541015625,787.401611328125,1987.6805419921875,50.0,340.1728210449219,9816.345703125,4039.183349609375,5637.9833984375,8922.7470703125,2490.2470703125,20198.46484375,1335.802978515625,1406.554931640625,1434.9239501953125,625.0,2460.0,1296.37890625,1436.4144287109375,1108.7490234375,2209.400634765625,120.6784439086914,3823.436279296875,2818.0419921875,685.61572265625,19204.67578125,2725.444580078125,190.81634521484375
2024-07-03,,1261.522705078125,1417.03857421875,1422.0537109375,11525.0,2724.0673828125,1252.630859375,4126.7958984375,9187.74609375,3928.040771484375,3809.072998046875,1190.5311279296875,5543.98095703125,1225.0,83.0,5036.2578125,992.5,68.0,372.4520568847656,787.401611328125,1969.5281982421875,50.0,342.1056213378906,9840.2880859375,3970.2216796875,5637.9833984375,9071.458984375,2514.249267578125,20844.814453125,1358.8341064453125,1421.20654296875,1400.406982421875,620.0,2440.0,1267.8870849609375,1445.448486328125,1099.5858154296875,2218.273681640625,120.6784439086914,3900.677490234375,2808.77197265625,699.7036743164062,20151.994140625,2697.914794921875,191.8153839111328
2024-07-04,,1284.7125244140625,1402.328857421875,1413.110107421875,11550.0,2724.0673828125,1262.1566162109375,4108.73583984375,9026.958984375,3978.725341796875,3966.404541015625,1209.353759765625,5566.24609375,1260.0,83.0,5134.048828125,990.0,67.0,395.0249328613281,777.55908203125,2005.8328857421875,50.0,349.8368225097656,9792.404296875,3980.0732421875,5614.876953125,8897.9619140625,2508.248779296875,21127.59375,1437.1397705078125,1435.858154296875,1380.6829833984375,610.0,2470.0,1320.1221923828125,1445.448486328125,1099.5858154296875,2244.89306640625,123.24606323242188,3804.126220703125,2743.8828125,699.7036743164062,20410.3515625,2679.561279296875,192.81442260742188
2024-07-05,,1270.7987060546875,1426.8450927734375,1399.6944580078125,11550.0,2743.806884765625,1247.8680419921875,4135.82666015625,9141.8076171875,3970.27783203125,3974.685302734375,1204.648193359375,5722.1005859375,1220.0,84.0,5158.4970703125,965.0,68.0,391.26275634765625,777.55908203125,1978.6044921875,50.0,355.6352233886719,9840.2880859375,3980.0732421875,5661.08984375,8774.0341796875,2508.248779296875,21127.59375,1418.71484375,1455.3935546875,1380.6829833984375,630.0,2440.0,1320.1221923828125,1454.4825439453125,1127.075439453125,2253.76611328125,120.6784439086914,3813.78125,2799.502197265625,707.5006713867188,20496.47265625,2670.384765625,203.80384826660156
2024-07-08,,1270.7987060546875,1421.9417724609375,1354.975830078125,11100.0,2793.156005859375,1300.259521484375,4190.00732421875,9233.6845703125,3944.935546875,3933.282470703125,1232.882080078125,5543.98095703125,1120.0,85.0,5158.4970703125,910.0,69.0,419.4788513183594,807.0866088867188,2005.8328857421875,50.0,351.7696228027344,9960.0,4009.62841796875,5730.40966796875,8724.4638671875,2520.25,21006.40234375,1432.5335693359375,1523.767822265625,1388.617919921875,610.0,2480.0,1296.37890625,1468.0335693359375,1127.075439453125,2262.63916015625,124.10193634033203,4055.159912109375,2855.121337890625,721.939453125,20668.712890625,2798.857177734375,199.8076934814453
2024-07-09,,1242.9710693359375,1421.9417724609375,1341.5601806640625,11025.0,2822.765380859375,1281.2080078125,4117.765625,9256.6533203125,4105.4365234375,4032.6494140625,1218.76513671875,5677.5712890625,1110.0,83.0,5182.94482421875,910.0,67.0,413.83563232421875,826.7716674804688,2060.2900390625,50.0,351.7696228027344,10082.05859375,3940.666748046875,5746.8291015625,8798.8203125,2538.251708984375,20622.630859375,1450.9583740234375,1514.0,1393.5772705078125,625.0,2440.0,1277.3843994140625,1368.6590576171875,1117.9122314453125,2244.89306640625,123.24606323242188,4035.849609375,2855.121337890625,755.6300048828125,20388.822265625,2752.97412109375,207.8000030517578
2024-07-10,,1256.8848876953125,1421.9417724609375,1350.5040283203125,11350.0,2862.24462890625,1281.2080078125,4099.70556640625,9279.6240234375,4071.646728515625,4016.08837890625,1209.353759765625,5677.5712890625,1110.0,81.0,5305.18408203125,915.0,64.0,404.4302978515625,851.3779296875,2060.2900390625,50.0,353.7024230957031,10057.6474609375,3920.96337890625,5795.12158203125,8650.107421875,2640.261962890625,20723.623046875,1432.5335693359375,1494.464599609375,1393.5772705078125,630.0,2420.0,1272.6357421875,1373.176025390625,1154.5650634765625,2253.76611328125,125.81370544433594,3910.332763671875,2929.280517578125,750.8170166015625,20281.173828125,2716.267822265625,205.8019256591797
2024-07-11,,1261.522705078125,1402.328857421875,1346.0321044921875,11650.0,2901.723876953125,1295.49658203125,4072.61474609375,9256.6533203125,4113.88330078125,4007.8076171875,1218.76513671875,5699.83642578125,1110.0,79.0,5402.9755859375,915.0,70.0,419.4788513183594,816.9291381835938,2060.2900390625,50.0,371.09759521484375,10057.6474609375,3743.63330078125,5722.6826171875,8625.322265625,2760.273681640625,20602.43359375,1492.414306640625,1528.651611328125,1388.617919921875,645.0,2400.0,1263.138427734375,1409.312255859375,1177.47314453125,2262.63916015625,127.52543640136719,3871.712158203125,2947.820068359375,755.6300048828125,20238.11328125,2661.208251953125,207.8000030517578
2024-07-12,,1252.246826171875,1387.6190185546875,1341.5601806640625,11700.0,2891.85400390625,1295.49658203125,4099.70556640625,9256.6533203125,4244.81787109375,4057.4912109375,1279.9385986328125,5722.1005859375,1130.0,79.0,5427.42333984375,905.0,70.0,408.1924133300781,826.7716674804688,2069.3662109375,50.0,371.09759521484375,10130.8828125,3694.375,5746.8291015625,8377.4677734375,2736.271484375,20642.828125,1487.8082275390625,1523.767822265625,1373.7398681640625,635.0,2400.0,1248.8924560546875,1427.38037109375,1177.47314453125,2244.89306640625,124.95781707763672,3948.953369140625,2984.899658203125,779.694580078125,20238.11328125,2679.561279296875,207.8000030517578
2024-07-15,,1256.8848876953125,1407.23193359375,1346.0321044921875,11575.0,2881.984375,1285.970947265625,4036.493896484375,9233.6845703125,4244.81787109375,3991.24658203125,1279.9385986328125,5655.30615234375,1105.0,79.0,5378.52734375,900.0,70.0,415.7167053222656,812.0078735351562,2033.0614013671875,50.0,369.1648254394531,10326.1767578125,3635.264892578125,5770.9755859375,8550.9658203125,2742.27197265625,20602.43359375,1515.4454345703125,1523.767822265625,1324.1463623046875,640.0,2320.0,1220.4007568359375,1427.38037109375,1168.3099365234375,2236.02001953125,124.95781707763672,3919.98779296875,2929.280517578125,770.0687255859375,20453.4140625,2688.738037109375,203.80384826660156
2024-07-16,,1247.60888671875,1407.23193359375,1346.0321044921875,11225.0,2832.63525390625,1276.4451904296875,3955.222412109375,9141.8076171875,4206.80517578125,3916.721435546875,1298.76123046875,5655.30615234375,1095.0,79.0,5305.18408203125,860.0,70.0,413.83563232421875,856.2991943359375,2033.0614013671875,50.0,384.627197265625,10228.529296875,3743.63330078125,5746.8291015625,8575.7509765625,2796.27734375,20966.005859375,1515.4454345703125,1528.651611328125,1398.53662109375,655.0,2390.0,1229.8980712890625,1454.4825439453125,1177.47314453125,2244.89306640625,124.10193634033203,3919.98779296875,2873.6611328125,760.44287109375,20496.47265625,2578.619140625,207.8000030517578
2024-07-17,,1229.0570068359375,1421.9417724609375,1346.0321044921875,11100.0,2822.765380859375,1314.5479736328125,4027.464111328125,9003.9912109375,4223.69970703125,3941.563232421875,1331.7008056640625,5744.36572265625,1055.0,79.0,5354.07958984375,842.5,69.0,419.4788513183594,846.4567260742188,2033.0614013671875,51.0,386.55999755859375,10497.05859375,3802.743408203125,5843.41455078125,8451.82421875,2784.276123046875,20844.814453125,1547.68896484375,1533.5355224609375,1398.53662109375,655.0,2420.0,1225.1494140625,1463.5166015625,1154.5650634765625,2253.76611328125,123.24606323242188,3929.64306640625,3012.709228515625,765.255859375,20496.47265625,2624.502197265625,215.7923126220703
2024-07-18,,1247.60888671875,1485.68408203125,1359.44775390625,11250.0,2842.505126953125,1309.78515625,4099.70556640625,9279.6240234375,4287.05517578125,4049.21044921875,1308.172607421875,5833.42578125,1080.0,80.0,5427.42333984375,890.0,69.0,404.4302978515625,836.6141967773438,2033.0614013671875,51.0,386.55999755859375,10497.05859375,3773.188232421875,5867.56103515625,8427.0390625,2838.281494140625,21147.791015625,1566.1138916015625,1533.5355224609375,1388.617919921875,640.0,2420.0,1248.8924560546875,1458.9996337890625,1177.47314453125,2324.7509765625,122.39019012451172,3939.298095703125,2975.6298828125,765.255859375,20970.12890625,2569.4423828125,199.8076934814453
2024-07-19,,1247.60888671875,1520.0067138671875,1354.975830078125,11300.0,2842.505126953125,1285.970947265625,4090.675048828125,9302.591796875,4308.173828125,4057.4912109375,1289.3499755859375,5811.1611328125,1055.0,78.0,5354.07958984375,885.0,66.0,396.9059753417969,836.6141967773438,1978.6044921875,50.0,378.82879638671875,10545.8828125,3783.0400390625,5867.56103515625,8427.0390625,2760.273681640625,21430.5703125,1552.295166015625,1538.41943359375,1373.7398681640625,620.0,2340.0,1220.4007568359375,1440.9315185546875,1182.0546875,2333.6240234375,119.82257080078125,3919.98779296875,2910.74072265625,750.8170166015625,21228.490234375,2569.4423828125,196.81057739257812
2024-07-22,,1284.7125244140625,1564.135986328125,1350.5040283203125,11175.0,2842.505126953125,1276.4451904296875,4081.645263671875,9279.6240234375,4308.173828125,4065.77197265625,1289.3499755859375,5967.015625,1055.0,79.0,5354.07958984375,885.0,67.0,398.7870788574219,821.8504028320312,1996.7568359375,51.0,388.4927978515625,10643.529296875,3723.929931640625,5819.26806640625,8377.4677734375,2868.284423828125,22097.119140625,1556.9014892578125,1538.41943359375,1358.86181640625,615.0,2390.0,1239.3953857421875,1458.9996337890625,1186.6363525390625,2377.989501953125,118.96669006347656,3977.918701171875,2873.6611328125,750.8170166015625,21788.265625,2514.383056640625,196.81057739257812
2024-07-23,,1247.60888671875,1534.716552734375,1346.0321044921875,11550.0,2832.63525390625,1252.630859375,4018.43359375,9348.53125,4265.9365234375,3966.404541015625,1279.9385986328125,5900.220703125,1065.0,78.0,5280.736328125,880.0,65.0,411.9545593261719,816.9291381835938,2042.1376953125,55.0,386.55999755859375,10472.6474609375,3684.5234375,5891.70703125,8377.4677734375,2796.27734375,21531.5625,1561.507568359375,1538.41943359375,1363.8211669921875,635.0,2380.0,1220.4007568359375,1440.9315185546875,1172.8914794921875,2351.3701171875,120.6784439086914,3919.98779296875,2929.280517578125,765.255859375,21400.7265625,2505.20654296875,199.8076934814453
2024-07-24,,1224.419189453125,1554.3294677734375,1346.0321044921875,11800.0,2812.8955078125,1247.8680419921875,4090.675048828125,9256.6533203125,4308.173828125,3958.124267578125,1275.2330322265625,5766.630859375,1065.0,76.0,5280.736328125,882.5,64.0,406.3113708496094,797.2440795898438,2005.8328857421875,54.0,394.29119873046875,10545.8828125,3684.5234375,5795.12158203125,8129.61376953125,2736.271484375,21289.181640625,1556.9014892578125,1538.41943359375,1334.0650634765625,630.0,2410.0,1206.1549072265625,1431.8974609375,1168.3099365234375,2324.7509765625,119.82257080078125,3919.98779296875,2836.58154296875,755.6300048828125,21379.19921875,2496.030029296875,195.81153869628906
2024-07-25,,1219.78125,1534.716552734375,1350.5040283203125,11525.0,2822.765380859375,1219.2908935546875,4054.554443359375,9463.3779296875,4244.81787109375,3891.879638671875,1246.9990234375,5855.69091796875,1035.0,75.0,5305.18408203125,857.5,63.0,406.3113708496094,777.55908203125,1987.6805419921875,54.0,386.55999755859375,10594.7060546875,3635.264892578125,5891.70703125,7980.9013671875,2760.273681640625,21046.798828125,1566.1138916015625,1553.071044921875,1363.8211669921875,595.0,2430.0,1206.1549072265625,1404.7952880859375,1163.728271484375,2315.877685546875,121.5343246459961,3842.74658203125,2864.391357421875,760.44287109375,21443.791015625,2284.968505859375,197.8096160888672
2024-07-26,,1229.0570068359375,1559.232666015625,1390.750732421875,11650.0,2812.8955078125,1233.5794677734375,4162.9169921875,9486.34765625,4223.69970703125,3941.563232421875,1232.882080078125,5833.42578125,1065.0,78.0,5182.94482421875,860.0,67.0,400.66815185546875,807.0866088867188,1978.6044921875,53.0,388.4927978515625,10594.7060546875,3684.5234375,5915.853515625,8005.68701171875,2808.278564453125,21329.578125,1543.082763671875,1538.41943359375,1363.8211669921875,595.0,2390.0,1258.389892578125,1427.38037109375,1159.146728515625,2360.2431640625,118.96669006347656,3871.712158203125,2873.6611328125,760.44287109375,21508.376953125,2284.968505859375,201.80577087402344
2024-07-29,,1261.522705078125,1559.232666015625,1368.391357421875,12250.0,2803.02587890625,1247.8680419921875,4162.9169921875,9417.439453125,4244.81787109375,3958.124267578125,1232.882080078125,5766.630859375,1090.0,77.0,5060.70556640625,852.5,67.0,402.5491943359375,816.9291381835938,1969.5281982421875,54.0,388.4927978515625,10570.2939453125,3704.2265625,5867.56103515625,7980.9013671875,2808.278564453125,21147.791015625,1529.26416015625,1523.767822265625,1368.780517578125,590.0,2400.0,1244.1439208984375,1449.965576171875,1177.47314453125,2369.116455078125,121.5343246459961,3852.40185546875,2827.311767578125,755.6300048828125,21250.017578125,2257.43896484375,199.8076934814453
2024-07-30,,1238.3330078125,1583.7490234375,1363.9195556640625,11925.0,2803.02587890625,1238.34228515625,4099.70556640625,9348.53125,4181.462890625,3867.037841796875,1232.882080078125,5766.630859375,1075.0,76.0,5085.1533203125,847.5,67.0,396.9059753417969,831.6929321289062,1969.5281982421875,55.0,384.627197265625,10643.529296875,3625.413330078125,5843.41455078125,8154.3994140625,2736.271484375,21289.181640625,1418.71484375,1528.651611328125,1433.2520751953125,580.0,2440.0,1229.8980712890625,1449.965576171875,1172.8914794921875,2342.4970703125,120.6784439086914,3765.505615234375,2669.723876953125,755.6300048828125,21529.908203125,2229.908935546875,199.8076934814453
2024-07-31,,1242.9710693359375,1578.845703125,1354.975830078125,11825.0,2803.02587890625,1252.630859375,4262.2490234375,9440.408203125,4198.357421875,3867.037841796875,1237.5877685546875,5699.83642578125,1090.0,75.0,5109.60107421875,847.5,67.0,383.7384948730469,826.7716674804688,1969.5281982421875,53.0,390.42559814453125,10667.94140625,3684.5234375,5915.853515625,8278.326171875,2664.26416015625,21248.783203125,1510.8392333984375,1553.071044921875,1438.21142578125,595.0,2460.0,1253.6412353515625,1445.448486328125,1204.9627685546875,2377.989501953125,119.82257080078125,3775.16064453125,2669.723876953125,765.255859375,22218.865234375,2239.0859375,231.77691650390625
2024-08-01,,1238.3330078125,1593.5556640625,1359.44775390625,11900.0,2783.2861328125,1281.2080078125,4280.30908203125,9532.2861328125,4287.05517578125,3933.282470703125,1261.115966796875,6011.5458984375,1120.0,75.0,5134.048828125,847.5,67.0,378.09527587890625,826.7716674804688,1969.5281982421875,53.0,378.82879638671875,10741.1767578125,3773.188232421875,5940.0,8030.47216796875,2568.254638671875,21511.36328125,1478.5958251953125,1611.677490234375,1388.617919921875,605.0,2440.0,1272.6357421875,1436.4144287109375,1177.47314453125,2369.116455078125,118.96669006347656,3717.229736328125,2669.723876953125,789.3204956054688,22003.564453125,2294.14501953125,223.78460693359375
2024-08-02,,1252.246826171875,1627.878173828125,1363.9195556640625,11825.0,2674.71826171875,1281.2080078125,4235.15869140625,9371.5009765625,4308.173828125,3900.159423828125,1242.2933349609375,6056.07568359375,1090.0,76.0,5134.048828125,837.5,68.0,378.09527587890625,787.401611328125,1969.5281982421875,53.0,382.69439697265625,10912.05859375,3714.078369140625,5891.70703125,8179.1845703125,2484.246337890625,21794.142578125,1473.989501953125,1601.90966796875,1448.130126953125,590.0,2350.0,1258.389892578125,1431.8974609375,1149.9835205078125,2413.48193359375,118.1108169555664,3726.885009765625,2641.914306640625,803.7592163085938,22089.685546875,2229.908935546875,213.7942352294922
2024-08-05,,1154.849853515625,1515.103515625,1299.1912841796875,11700.0,2664.848388671875,1224.0538330078125,4117.765625,9072.8984375,4189.91015625,3751.109130859375,1171.70849609375,5855.69091796875,1015.0,72.0,5036.2578125,750.0,65.0,355.5224304199219,743.1102294921875,1887.8427734375,51.0,363.3664245605469,10643.529296875,3576.155029296875,5843.41455078125,7807.40380859375,2448.242919921875,20703.423828125,1441.7459716796875,1592.1419677734375,1418.3740234375,550.0,2190.0,1191.908935546875,1382.2100830078125,1108.7490234375,2271.51220703125,111.26380920410156,3649.643798828125,2586.294921875,770.0687255859375,21034.720703125,2211.555908203125,207.8000030517578
2024-08-06,,1164.1258544921875,1559.232666015625,1299.1912841796875,11800.0,2704.32763671875,1233.5794677734375,4162.9169921875,9187.74609375,4244.81787109375,3809.072998046875,1199.9425048828125,5900.220703125,1015.0,73.0,4987.36181640625,775.0,66.0,364.92779541015625,757.8740234375,1987.6805419921875,50.0,369.1648254394531,10741.1767578125,3595.8583984375,5891.70703125,7832.18896484375,2544.25244140625,20622.630859375,1483.201904296875,1606.7935791015625,1413.4146728515625,565.0,2200.0,1206.1549072265625,1386.7271728515625,1140.8203125,2298.131591796875,110.40792846679688,3659.299072265625,2586.294921875,784.507568359375,20797.888671875,2257.43896484375,219.78846740722656
2024-08-07,,1219.78125,1583.7490234375,1331.555419921875,11325.0,2743.806884765625,1233.5794677734375,4180.9775390625,9279.6240234375,4223.69970703125,3825.634765625,1195.23681640625,6033.81103515625,1045.0,75.0,5182.94482421875,787.5,66.0,370.5710144042969,787.401611328125,1969.5281982421875,50.0,367.2320251464844,10790.0,3595.8583984375,5915.853515625,8129.61376953125,2586.256591796875,20844.814453125,1520.0516357421875,1611.677490234375,1418.3740234375,575.0,2200.0,1210.903564453125,1404.7952880859375,1145.40185546875,2315.877685546875,110.40792846679688,3649.643798828125,2614.104736328125,794.1333618164062,21293.080078125,2275.792236328125,223.78460693359375
2024-08-08,,1210.50537109375,1564.135986328125,1313.0615234375,10350.0,2724.0673828125,1209.7652587890625,4280.30908203125,9394.4697265625,4244.81787109375,3858.757080078125,1185.8255615234375,6056.07568359375,1035.0,74.0,5134.048828125,780.0,65.0,364.92779541015625,772.6378173828125,1942.2996826171875,50.0,367.2320251464844,10716.7646484375,3556.45166015625,6012.43896484375,7832.18896484375,2478.245849609375,20865.013671875,1524.6578369140625,1616.561279296875,1393.5772705078125,550.0,2180.0,1220.4007568359375,1413.829345703125,1136.2386474609375,2298.131591796875,107.8403091430664,3620.678466796875,2641.914306640625,794.1333618164062,21206.95703125,2257.43896484375,223.78460693359375
2024-08-09,,1224.419189453125,1559.232666015625,1340.8023681640625,11100.0,2793.156005859375,1224.0538330078125,4298.36962890625,9325.5625,4329.29248046875,3867.037841796875,1190.5311279296875,6100.60546875,1045.0,75.0,5060.70556640625,780.0,67.0,366.808837890625,777.55908203125,1960.4521484375,51.0,373.0303955078125,10936.470703125,3625.413330078125,6060.7314453125,7856.974609375,2448.242919921875,20885.2109375,1469.38330078125,1626.3291015625,1403.4959716796875,570.0,2210.0,1229.8980712890625,1418.3463134765625,1127.075439453125,2289.258544921875,108.69618225097656,3639.98876953125,2623.37451171875,803.7592163085938,21271.548828125,2257.43896484375,229.77883911132812
2024-08-12,,1215.1431884765625,1588.6522216796875,1373.16650390625,10475.0,2763.546630859375,1247.8680419921875,4298.36962890625,9371.5009765625,4329.29248046875,3875.318115234375,1204.648193359375,6145.1357421875,1050.0,76.0,5036.2578125,792.5,66.0,366.808837890625,797.2440795898438,1978.6044921875,51.0,371.09759521484375,10741.1767578125,3792.8916015625,6036.5849609375,8005.68701171875,2562.254150390625,21390.171875,1492.414306640625,1631.212890625,1388.617919921875,580.0,2290.0,1263.138427734375,1431.8974609375,1127.075439453125,2351.3701171875,108.69618225097656,3707.57470703125,2660.4541015625,789.3204956054688,21702.1484375,2257.43896484375,231.77691650390625
2024-08-13,,1210.50537109375,1583.7490234375,1373.16650390625,10200.0,2793.156005859375,1247.8680419921875,4298.36962890625,9463.3779296875,4371.529296875,3908.440185546875,1232.882080078125,6234.1953125,1050.0,76.0,5036.2578125,810.0,67.0,368.68994140625,812.0078735351562,1987.6805419921875,52.0,374.96319580078125,10912.05859375,3812.594970703125,6109.0244140625,8080.04296875,2640.261962890625,21672.951171875,1460.1707763671875,1626.3291015625,1433.2520751953125,575.0,2320.0,1282.133056640625,1436.4144287109375,1122.493896484375,2360.2431640625,108.69618225097656,3862.056884765625,2641.914306640625,803.7592163085938,21551.4375,2248.262451171875,245.76345825195312
2024-08-14,,1201.2293701171875,1578.845703125,1424.0244140625,10425.0,2812.8955078125,1243.105224609375,4415.76171875,9371.5009765625,4456.00341796875,3991.24658203125,1228.1763916015625,6300.99072265625,1125.0,76.0,5060.70556640625,825.0,67.0,376.2142028808594,807.0866088867188,2051.213623046875,53.0,373.0303955078125,11082.94140625,3753.485107421875,6278.048828125,8278.326171875,2772.27490234375,21188.1875,1460.1707763671875,1640.980712890625,1453.0894775390625,565.0,2360.0,1286.8817138671875,1463.5166015625,1145.40185546875,2413.48193359375,109.55206298828125,3919.98779296875,2651.18408203125,808.5722045898438,21572.966796875,2229.908935546875,239.76922607421875
2024-08-15,,1178.0396728515625,1573.9425048828125,1405.5306396484375,10250.0,2812.8955078125,1319.3109130859375,4415.76171875,9394.4697265625,4434.884765625,3999.52685546875,1223.470703125,6256.46044921875,1105.0,80.0,5085.1533203125,802.5,68.0,372.4520568847656,792.3228149414062,2014.9091796875,54.0,365.2992248535156,11009.7060546875,3773.188232421875,6253.90234375,8203.9697265625,2688.2666015625,21167.98828125,1469.38330078125,1631.212890625,1448.130126953125,555.0,2340.0,1267.8870849609375,1449.965576171875,1131.6571044921875,2395.735595703125,109.55206298828125,3871.712158203125,2660.4541015625,794.1333618164062,21357.66796875,2184.026123046875,251.7576904296875
2024-08-16,,1205.8673095703125,1608.26513671875,1400.9072265625,10250.0,2812.8955078125,1390.753662109375,4488.00341796875,9486.34765625,4477.1220703125,3999.52685546875,1228.1763916015625,6300.99072265625,1105.0,88.0,5036.2578125,805.0,68.0,376.2142028808594,787.401611328125,2033.0614013671875,54.0,367.2320251464844,11107.3525390625,3802.743408203125,6302.19482421875,8278.326171875,2688.2666015625,21349.77734375,1473.989501953125,1611.677490234375,1438.21142578125,555.0,2300.0,1267.8870849609375,1445.448486328125,1127.075439453125,2422.35498046875,109.55206298828125,3910.332763671875,2743.8828125,784.507568359375,21594.498046875,2193.20263671875,257.7519226074219
2024-08-19,,1196.591552734375,1608.26513671875,1391.6602783203125,10450.0,2822.765380859375,1400.2794189453125,4537.66943359375,9532.2861328125,4519.3583984375,3991.24658203125,1237.5877685546875,6367.78564453125,1120.0,87.0,4889.5703125,810.0,67.0,376.2142028808594,792.3228149414062,2033.0614013671875,54.0,392.3583984375,11131.7646484375,3753.485107421875,6229.755859375,8476.609375,2646.262451171875,21390.171875,1464.777099609375,1572.6064453125,1408.455322265625,545.0,2340.0,1239.3953857421875,1477.067626953125,1113.3306884765625,2404.608642578125,109.55206298828125,3987.57373046875,2716.0732421875,770.0687255859375,21616.02734375,2165.673095703125,291.71923828125
2024-08-20,,1196.591552734375,1603.3619384765625,1396.2838134765625,10450.0,2832.63525390625,1405.042236328125,4627.9716796875,9578.2255859375,4624.951171875,4098.89404296875,1284.644287109375,6412.3154296875,1125.0,88.0,4987.36181640625,817.5,68.0,391.26275634765625,787.401611328125,2105.6708984375,53.0,392.3583984375,11156.1767578125,3802.743408203125,6302.19482421875,8402.25390625,2688.2666015625,21329.578125,1464.777099609375,1660.51611328125,1507.642333984375,565.0,2340.0,1244.1439208984375,1477.067626953125,1104.16748046875,2413.48193359375,111.26380920410156,4016.539306640625,2762.422607421875,779.694580078125,21680.6171875,2174.849609375,305.7057800292969
2024-08-21,,1187.3155517578125,1598.4586181640625,1387.036865234375,10375.0,2872.114501953125,1400.2794189453125,4582.8203125,9578.2255859375,4603.8330078125,4223.10302734375,1270.52734375,6456.84521484375,1100.0,94.0,4938.46630859375,810.0,69.0,385.61956787109375,782.4803466796875,2078.442138671875,53.0,384.627197265625,11180.587890625,3773.188232421875,6398.7802734375,8377.4677734375,2628.2607421875,21551.76171875,1446.352294921875,1689.8193359375,1507.642333984375,550.0,2350.0,1220.4007568359375,1458.9996337890625,1099.5858154296875,2404.608642578125,110.40792846679688,3929.64306640625,2753.15283203125,784.507568359375,21659.087890625,2165.673095703125,285.7250061035156
2024-08-22,,1178.0396728515625,1647.4912109375,1350.0491943359375,10675.0,2852.374755859375,1371.7022705078125,4515.09375,9486.34765625,4456.00341796875,4181.69970703125,1242.2933349609375,6278.7255859375,1100.0,91.0,4962.9140625,785.0,66.0,372.4520568847656,762.7952880859375,2005.8328857421875,52.0,384.627197265625,11082.94140625,3704.2265625,6422.9267578125,8402.25390625,2544.25244140625,21592.158203125,1464.777099609375,1684.935546875,1507.642333984375,540.0,2290.0,1210.903564453125,1472.5506591796875,1090.422607421875,2413.48193359375,108.69618225097656,3862.056884765625,2706.803466796875,774.8816528320312,22584.87109375,2156.496337890625,283.7269287109375
2024-08-23,,1182.677490234375,1701.427001953125,1340.8023681640625,10750.0,2812.8955078125,1381.22802734375,4605.39599609375,9486.34765625,4603.8330078125,4264.50634765625,1289.3499755859375,6278.7255859375,1115.0,94.0,4914.0185546875,792.5,68.0,376.2142028808594,752.9527587890625,2051.213623046875,53.0,384.627197265625,11205.0,3743.63330078125,6471.21923828125,8600.537109375,2544.25244140625,21551.76171875,1455.564697265625,1680.0516357421875,1492.7642822265625,540.0,2320.0,1225.1494140625,1526.7550048828125,1076.677734375,2448.97412109375,109.55206298828125,3900.677490234375,2734.613037109375,779.694580078125,23187.7109375,2156.496337890625,293.7173156738281
2024-08-26,,1182.677490234375,1711.2333984375,1359.296142578125,10700.0,2773.416259765625,1409.80517578125,4650.546875,9486.34765625,4667.18798828125,4388.71533203125,1350.5234375,6278.7255859375,1125.0,94.0,4889.5703125,805.0,67.0,378.09527587890625,792.3228149414062,2023.9852294921875,52.0,388.4927978515625,11131.7646484375,3753.485107421875,6616.09716796875,8674.892578125,2580.255859375,21814.341796875,1460.1707763671875,1689.8193359375,1487.804931640625,545.0,2470.0,1234.646728515625,1517.720947265625,1085.8409423828125,2457.847412109375,107.8403091430664,3871.712158203125,2762.422607421875,784.507568359375,23209.2421875,2156.496337890625,293.7173156738281
2024-08-27,,1187.3155517578125,1725.9432373046875,1373.16650390625,11050.0,2822.765380859375,1400.2794189453125,4650.546875,9371.5009765625,4561.595703125,4285.20751953125,1317.5838623046875,6256.46044921875,1110.0,92.0,4962.9140625,805.0,67.0,378.09527587890625,792.3228149414062,2033.0614013671875,52.0,382.69439697265625,11156.1767578125,3714.078369140625,6567.8046875,8575.7509765625,2574.25537109375,21814.341796875,1520.0516357421875,1699.587158203125,1497.7236328125,540.0,2450.0,1234.646728515625,1427.38037109375,1081.2593994140625,2466.720458984375,106.12855529785156,3833.091552734375,2771.692626953125,794.1333618164062,23467.599609375,2101.436767578125,283.7269287109375
2024-08-28,,1210.50537109375,1730.846435546875,1391.6602783203125,10775.0,2832.63525390625,1381.22802734375,4537.66943359375,9509.31640625,4540.47705078125,4264.50634765625,1336.406494140625,6434.580078125,1190.0,93.0,4889.5703125,937.5,67.0,376.2142028808594,797.2440795898438,2033.0614013671875,51.0,378.82879638671875,11131.7646484375,3704.2265625,6591.951171875,8526.1806640625,2556.253662109375,21996.125,1510.8392333984375,1684.935546875,1507.642333984375,560.0,2480.0,1220.4007568359375,1422.8634033203125,1058.351318359375,2466.720458984375,106.12855529785156,3881.3671875,2762.422607421875,798.9463500976562,23855.13671875,2064.730712890625,277.7326965332031
2024-08-29,,1210.50537109375,1725.9432373046875,1368.54296875,10825.0,2812.8955078125,1343.1251220703125,4582.8203125,9394.4697265625,4477.1220703125,4243.80419921875,1308.172607421875,6323.25537109375,1140.0,89.0,4840.6748046875,945.0,66.0,368.68994140625,851.3779296875,2023.9852294921875,51.0,374.96319580078125,11131.7646484375,3664.820068359375,6567.8046875,8278.326171875,2484.246337890625,21955.73046875,1487.8082275390625,1660.51611328125,1522.5203857421875,545.0,2400.0,1201.4061279296875,1400.2781982421875,1030.8616943359375,2466.720458984375,104.41680908203125,3881.3671875,2808.77197265625,798.9463500976562,23532.189453125,2055.55419921875,281.7288513183594
2024-08-30,,1191.9534912109375,1745.5562744140625,1382.413330078125,10650.0,2862.24462890625,1324.07373046875,4605.39599609375,9486.34765625,4519.3583984375,4264.50634765625,1326.9952392578125,6345.5205078125,1145.0,89.0,4752.66259765625,950.0,67.0,378.09527587890625,875.9842529296875,2023.9852294921875,52.0,371.09759521484375,11205.0,3783.0400390625,6616.09716796875,8030.47216796875,2490.2470703125,21996.125,1469.38330078125,1611.677490234375,1482.8455810546875,550.0,2360.0,1191.908935546875,1391.244140625,1049.1881103515625,2422.35498046875,104.41680908203125,3871.712158203125,2836.58154296875,803.7592163085938,23295.359375,2083.083740234375,279.73077392578125
2024-09-02,,1191.9534912109375,1770.0723876953125,1382.413330078125,10700.0,2852.374755859375,1328.8365478515625,4695.69775390625,9440.408203125,4519.3583984375,4285.20751953125,1312.8782958984375,6412.3154296875,1120.0,93.0,4742.88330078125,932.5,66.0,395.0249328613281,871.06298828125,2060.2900390625,53.0,380.7615966796875,11229.412109375,3743.63330078125,6495.36572265625,8030.47216796875,2484.246337890625,22359.69921875,1414.1087646484375,1640.980712890625,1487.804931640625,545.0,2370.0,1201.4061279296875,1395.76123046875,1049.1881103515625,2502.212646484375,105.2726821899414,3948.953369140625,2910.74072265625,803.7592163085938,24027.376953125,2101.436767578125,275.734619140625
2024-09-03,,1187.3155517578125,1765.169189453125,1363.9195556640625,10650.0,2832.63525390625,1305.0223388671875,4627.9716796875,9348.53125,4540.47705078125,4285.20751953125,1303.4669189453125,6300.99072265625,1105.0,98.0,4742.88330078125,887.5,68.0,385.61956787109375,851.3779296875,2060.2900390625,52.0,373.0303955078125,11107.3525390625,3694.375,6543.658203125,8030.47216796875,2460.244140625,22460.69140625,1455.564697265625,1640.980712890625,1487.804931640625,540.0,2360.0,1191.908935546875,1404.7952880859375,1035.443359375,2484.466552734375,105.2726821899414,3891.0224609375,2855.121337890625,784.507568359375,23919.7265625,2064.730712890625,281.7288513183594
2024-09-04,,1178.0396728515625,1745.5562744140625,1326.931884765625,10700.0,2862.24462890625,1281.2080078125,4560.24560546875,9463.3779296875,4519.3583984375,4223.10302734375,1284.644287109375,6390.05078125,1110.0,99.0,4723.3251953125,902.5,67.0,378.09527587890625,831.6929321289062,2023.9852294921875,52.0,374.96319580078125,11131.7646484375,3635.264892578125,6471.21923828125,8055.2578125,2586.256591796875,22218.30859375,1437.1397705078125,1689.8193359375,1448.130126953125,535.0,2280.0,1149.1710205078125,1377.693115234375,1040.02490234375,2448.97412109375,103.56092834472656,3842.74658203125,2855.121337890625,784.507568359375,23812.078125,2055.55419921875,271.73846435546875
2024-09-05,,1196.591552734375,1740.6529541015625,1326.931884765625,10675.0,2852.374755859375,1281.2080078125,4582.8203125,9417.439453125,4603.8330078125,4264.50634765625,1322.28955078125,6390.05078125,1095.0,99.0,4742.88330078125,882.5,67.0,379.97637939453125,831.6929321289062,2141.975341796875,52.0,378.82879638671875,11375.8828125,3615.561767578125,6736.8291015625,8228.755859375,2628.2607421875,22036.5234375,1501.6268310546875,1650.7484130859375,1502.6829833984375,540.0,2280.0,1182.41162109375,1382.2100830078125,1044.6065673828125,2440.10107421875,103.56092834472656,3891.0224609375,2799.502197265625,803.7592163085938,23704.427734375,2037.200927734375,273.7365417480469
2024-09-06,,1182.677490234375,1701.427001953125,1313.0615234375,10900.0,2881.984375,1271.682373046875,4560.24560546875,9463.3779296875,4772.7802734375,4326.61083984375,1322.28955078125,6456.84521484375,1085.0,98.0,4684.20849609375,890.0,67.0,378.09527587890625,851.3779296875,2114.746826171875,53.0,367.2320251464844,11180.587890625,3625.413330078125,6785.12158203125,8080.04296875,2616.259521484375,21996.125,1478.5958251953125,1670.283935546875,1487.804931640625,535.0,2280.0,1168.1656494140625,1368.6590576171875,1035.443359375,2404.608642578125,104.41680908203125,3881.3671875,2818.0419921875,808.5722045898438,23295.359375,2037.200927734375,267.7423095703125
2024-09-09,,1191.9534912109375,1711.2333984375,1303.8145751953125,10825.0,2911.59375,1257.393798828125,4537.66943359375,9440.408203125,4836.13623046875,4285.20751953125,1317.5838623046875,6456.84521484375,1090.0,97.0,4693.98779296875,890.0,65.0,370.5710144042969,812.0078735351562,2042.1376953125,53.0,365.2992248535156,11327.05859375,3595.8583984375,6688.53662109375,8352.6826171875,2616.259521484375,21996.125,1464.777099609375,1699.587158203125,1492.7642822265625,525.0,2260.0,1153.9197998046875,1364.1419677734375,1035.443359375,2377.989501953125,103.56092834472656,3862.056884765625,2808.77197265625,808.5722045898438,23467.599609375,2009.6712646484375,249.75961303710938
2024-09-10,,1182.677490234375,1711.2333984375,1326.931884765625,10550.0,3000.421875,1257.393798828125,4537.66943359375,9509.31640625,4815.017578125,4347.3125,1341.1121826171875,6456.84521484375,1100.0,97.0,4723.3251953125,910.0,65.0,370.5710144042969,802.1653442382812,2060.2900390625,56.0,371.09759521484375,11302.6474609375,3576.155029296875,6809.26806640625,8476.609375,2628.2607421875,22083.275390625,1450.9583740234375,1699.587158203125,1651.46337890625,530.0,2260.0,1144.4224853515625,1332.5228271484375,1053.769775390625,2369.116455078125,103.56092834472656,3862.056884765625,2808.77197265625,847.0756225585938,22993.94140625,2028.0242919921875,263.74615478515625
2024-09-11,,1178.0396728515625,1725.9432373046875,1322.308349609375,10325.0,3079.38037109375,1252.630859375,4537.66943359375,9578.2255859375,4772.7802734375,4285.20751953125,1359.934814453125,6568.17041015625,1190.0,94.0,4654.87109375,922.5,65.0,374.3331604003906,821.8504028320312,2060.2900390625,56.0,367.2320251464844,11302.6474609375,3576.155029296875,6760.9755859375,8278.326171875,2598.2578125,21998.666015625,1418.71484375,1680.0516357421875,1656.4227294921875,530.0,2260.0,1134.9251708984375,1341.556884765625,1035.443359375,2360.2431640625,102.7050552368164,3833.091552734375,2818.0419921875,827.8238525390625,22584.87109375,2009.6712646484375,265.7442321777344
2024-09-12,,1196.591552734375,1887.7503662109375,1359.296142578125,10450.0,3178.07861328125,1281.2080078125,4537.66943359375,9624.1640625,4730.5439453125,4285.20751953125,1355.2291259765625,6501.37548828125,1150.0,97.0,4742.88330078125,892.5,65.0,379.97637939453125,807.0866088867188,2078.442138671875,60.0,371.09759521484375,11205.0,3635.264892578125,6905.853515625,8327.8974609375,2610.2587890625,22315.953125,1423.3211669921875,1699.587158203125,1681.219482421875,545.0,2300.0,1177.6629638671875,1350.5909423828125,1044.6065673828125,2413.48193359375,102.7050552368164,3823.436279296875,2827.311767578125,827.8238525390625,22692.521484375,2037.200927734375,263.74615478515625
2024-09-13,,1205.8673095703125,1799.491943359375,1359.296142578125,10325.0,3108.989990234375,1271.682373046875,4582.8203125,9578.2255859375,4751.66259765625,4388.71533203125,1345.81787109375,6479.1103515625,1140.0,99.0,4693.98779296875,887.5,64.0,385.61956787109375,807.0866088867188,2105.6708984375,61.0,373.0303955078125,11058.529296875,3615.561767578125,6857.560546875,8303.111328125,2610.2587890625,22167.884765625,1418.71484375,1665.4000244140625,1646.5040283203125,540.0,2290.0,1163.4169921875,1350.5909423828125,1026.2801513671875,2422.35498046875,103.56092834472656,3813.78125,2882.930908203125,827.8238525390625,22692.521484375,2018.8477783203125,263.74615478515625
2024-09-17,,1238.3330078125,1843.6212158203125,1368.54296875,10275.0,3108.989990234375,1314.5479736328125,4582.8203125,9647.1328125,4772.7802734375,4388.71533203125,1359.934814453125,6612.7001953125,1145.0,105.0,4850.4541015625,890.0,66.0,381.857421875,807.0866088867188,2078.442138671875,65.0,373.0303955078125,11131.7646484375,3664.820068359375,6857.560546875,8203.9697265625,2598.2578125,21871.75,1441.7459716796875,1665.4000244140625,1775.4471435546875,540.0,2300.0,1168.1656494140625,1350.5909423828125,1026.2801513671875,2484.466552734375,104.41680908203125,3823.436279296875,2864.391357421875,813.3850708007812,22972.412109375,2000.4945068359375,279.73077392578125
2024-09-18,,1229.0570068359375,1789.685302734375,1354.6727294921875,10375.0,3118.859619140625,1300.259521484375,4740.8486328125,9761.98046875,4815.017578125,4430.1181640625,1397.580078125,6590.43505859375,1140.0,105.0,4830.8955078125,880.0,66.0,391.26275634765625,797.2440795898438,2069.3662109375,61.0,371.09759521484375,11229.412109375,3625.413330078125,6833.41455078125,8253.541015625,2562.254150390625,21935.20703125,1423.3211669921875,1709.3548583984375,1785.3658447265625,525.0,2280.0,1168.1656494140625,1355.10791015625,1026.2801513671875,2466.720458984375,102.7050552368164,3775.16064453125,2892.200927734375,770.0687255859375,23015.47265625,2028.0242919921875,275.734619140625
2024-09-19,,1261.522705078125,1794.5887451171875,1359.296142578125,10425.0,3079.38037109375,1309.78515625,4763.42431640625,10014.642578125,4920.60986328125,4471.5205078125,1444.6365966796875,6590.43505859375,1195.0,117.0,4938.46630859375,885.0,68.0,385.61956787109375,787.401611328125,2087.5185546875,63.0,376.89599609375,11424.7060546875,3635.264892578125,6833.41455078125,8253.541015625,2556.253662109375,21998.666015625,1423.3211669921875,1689.8193359375,1765.5284423828125,530.0,2270.0,1191.908935546875,1337.0399169921875,1030.8616943359375,2466.720458984375,103.56092834472656,3755.850341796875,2910.74072265625,823.010986328125,22929.353515625,2018.8477783203125,277.7326965332031
2024-09-20,,1252.246826171875,1809.29833984375,1382.413330078125,10325.0,3079.38037109375,1305.0223388671875,4718.2734375,9899.7958984375,4857.2548828125,4450.8193359375,1439.9310302734375,6501.37548828125,1065.0,116.0,4889.5703125,725.0,68.0,370.5710144042969,787.401611328125,2069.3662109375,63.0,376.89599609375,11717.6474609375,3645.11669921875,6905.853515625,8154.3994140625,2556.253662109375,21914.0546875,1437.1397705078125,1680.0516357421875,1834.9593505859375,540.0,2260.0,1201.4061279296875,1346.0738525390625,1021.698486328125,2617.56298828125,104.41680908203125,3775.16064453125,2920.010498046875,808.5722045898438,23187.7109375,1991.3179931640625,273.7365417480469
2024-09-23,,1233.695068359375,1814.20166015625,1405.5306396484375,10175.0,3178.07861328125,1328.8365478515625,4718.2734375,10060.5810546875,4899.49169921875,4554.3271484375,1439.9310302734375,6634.96533203125,1075.0,124.0,4850.4541015625,770.0,72.0,381.857421875,807.0866088867188,2087.5185546875,65.0,380.7615966796875,11912.94140625,3694.375,6857.560546875,8228.755859375,2628.2607421875,22146.732421875,1418.71484375,1694.7032470703125,1795.2845458984375,545.0,2290.0,1191.908935546875,1346.0738525390625,1053.769775390625,2768.405517578125,103.56092834472656,3697.91943359375,2938.55029296875,813.3850708007812,23359.94921875,2028.0242919921875,273.7365417480469
2024-09-24,,1224.419189453125,1833.814697265625,1442.518310546875,10100.0,3286.646484375,1343.1251220703125,4763.42431640625,9922.7646484375,4899.49169921875,4575.0283203125,1425.81396484375,6612.7001953125,1120.0,122.0,4811.33740234375,805.0,71.0,376.2142028808594,812.0078735351562,2078.442138671875,63.0,380.7615966796875,12132.6474609375,3733.78173828125,6930.0,8327.8974609375,2634.26123046875,22760.15625,1441.7459716796875,1704.470947265625,1805.2032470703125,540.0,2340.0,1248.8924560546875,1341.556884765625,1072.09619140625,2750.659423828125,103.56092834472656,3688.264404296875,2929.280517578125,823.010986328125,23575.25,2073.9072265625,273.7365417480469
2024-09-25,,1252.246826171875,1809.29833984375,1414.777587890625,10175.0,3207.68798828125,1371.7022705078125,4718.2734375,9968.703125,4730.5439453125,4409.41650390625,1359.934814453125,6412.3154296875,1105.0,121.0,4811.33740234375,795.0,69.0,389.3817138671875,851.3779296875,2096.594482421875,66.0,380.7615966796875,12157.05859375,3911.111572265625,6930.0,8427.0390625,2658.263671875,22442.8671875,1391.07763671875,1699.587158203125,1780.406494140625,550.0,2450.0,1267.8870849609375,1328.005859375,1062.9329833984375,2732.913330078125,102.7050552368164,3736.5400390625,2957.090087890625,823.010986328125,23639.83984375,2110.61328125,269.7403869628906
2024-09-26,,1321.8160400390625,1853.4276123046875,1410.1541748046875,10100.0,3237.29736328125,1357.4136962890625,4740.8486328125,9830.8876953125,4730.5439453125,4181.69970703125,1378.7574462890625,6390.05078125,1105.0,123.0,4772.220703125,800.0,68.0,391.26275634765625,875.9842529296875,2132.899169921875,70.0,384.627197265625,12474.412109375,3960.3701171875,6978.29248046875,8402.25390625,2712.26904296875,22421.71484375,1317.3780517578125,1699.587158203125,1770.48779296875,575.0,2590.0,1248.8924560546875,1337.0399169921875,1053.769775390625,2759.532470703125,101.84918212890625,3765.505615234375,2938.55029296875,823.010986328125,23510.658203125,2110.61328125,269.7403869628906
2024-09-27,,1400.6612548828125,1917.1697998046875,1433.2713623046875,9525.0,3158.3388671875,1400.2794189453125,4605.39599609375,9784.94921875,4603.8330078125,4223.10302734375,1374.0517578125,6278.7255859375,1090.0,122.0,4693.98779296875,790.0,69.0,387.5006408691406,851.3779296875,2096.594482421875,70.0,382.69439697265625,12352.3525390625,3970.2216796875,6930.0,8451.82421875,2712.26904296875,22421.71484375,1340.4091796875,1694.7032470703125,1815.1219482421875,585.0,2700.0,1234.646728515625,1328.005859375,1040.02490234375,2786.15185546875,104.41680908203125,3717.229736328125,2827.311767578125,823.010986328125,23855.13671875,2083.083740234375,257.7519226074219
2024-09-30,,1345.005859375,1868.1373291015625,1433.2713623046875,9275.0,3118.859619140625,1409.80517578125,4560.24560546875,9486.34765625,4519.3583984375,4098.89404296875,1364.6405029296875,6167.40087890625,1050.0,122.0,4596.1962890625,750.0,70.0,389.3817138671875,871.06298828125,2078.442138671875,66.0,388.4927978515625,12035.0,4019.47998046875,6809.26806640625,8575.7509765625,2628.2607421875,22400.5625,1326.5904541015625,1684.935546875,1745.6910400390625,585.0,2720.0,1201.4061279296875,1296.3865966796875,1040.02490234375,2732.913330078125,104.41680908203125,3659.299072265625,2771.692626953125,823.010986328125,23381.48046875,2028.0242919921875,265.7442321777344
2024-10-01,,1396.0234375,1922.0731201171875,1433.2713623046875,9350.0,3148.46923828125,1428.8565673828125,4673.12255859375,9693.0712890625,4540.47705078125,4202.40185546875,1378.7574462890625,6278.7255859375,1070.0,143.0,4615.75439453125,765.0,75.0,393.14385986328125,949.8031616210938,2051.213623046875,67.0,390.42559814453125,12157.05859375,4157.4033203125,6930.0,8774.0341796875,2616.259521484375,22294.80078125,1326.5904541015625,1699.587158203125,1730.81298828125,590.0,2690.0,1220.4007568359375,1309.937744140625,1030.8616943359375,2724.0400390625,102.7050552368164,3746.1953125,2799.502197265625,837.4497680664062,23639.83984375,2028.0242919921875,265.7442321777344
2024-10-02,,1433.126953125,1897.556884765625,1461.0120849609375,9050.0,3089.250244140625,1462.196533203125,4650.546875,9647.1328125,4519.3583984375,4090.61328125,1331.7008056640625,6211.9306640625,1030.0,138.0,4625.53369140625,745.0,71.0,379.97637939453125,949.8031616210938,1996.7568359375,65.0,388.4927978515625,11912.94140625,4236.216796875,6833.41455078125,8749.2490234375,2508.248779296875,22019.818359375,1321.984375,1684.935546875,1715.9349365234375,575.0,2730.0,1329.6195068359375,1300.9036865234375,1026.2801513671875,2706.2939453125,102.7050552368164,3765.505615234375,2706.803466796875,823.010986328125,23467.599609375,1991.3179931640625,255.75384521484375
2024-10-03,,1419.213134765625,1877.94384765625,1474.882568359375,8900.0,3108.989990234375,1462.196533203125,4740.8486328125,9601.1943359375,4540.47705078125,4074.052734375,1308.172607421875,6278.7255859375,1015.0,133.0,4635.31298828125,727.5,70.0,383.7384948730469,944.8818969726562,2051.213623046875,64.0,403.9552001953125,11717.6474609375,4255.919921875,6857.560546875,8774.0341796875,2532.251220703125,22083.275390625,1340.4091796875,1699.587158203125,1715.9349365234375,580.0,2690.0,1301.127685546875,1318.9718017578125,1026.2801513671875,2715.1669921875,102.7050552368164,3900.677490234375,2678.993896484375,813.3850708007812,23446.068359375,2009.6712646484375,267.7423095703125
2024-10-04,,1396.0234375,1868.1373291015625,1493.3763427734375,8875.0,3108.989990234375,1452.6707763671875,4650.546875,9624.1640625,4498.240234375,4024.36865234375,1284.644287109375,6189.66552734375,1010.0,135.0,4654.87109375,700.0,70.0,376.2142028808594,910.43310546875,2042.1376953125,60.0,448.40960693359375,11839.7060546875,4236.216796875,6809.26806640625,8749.2490234375,2550.2529296875,21977.51171875,1331.19677734375,1699.587158203125,1641.544677734375,560.0,2680.0,1348.6141357421875,1355.10791015625,1049.1881103515625,2653.055419921875,102.7050552368164,3891.0224609375,2669.723876953125,818.1980590820312,23489.12890625,1991.3179931640625,263.74615478515625
2024-10-07,,1414.5750732421875,1907.36328125,1493.3763427734375,9000.0,3118.859619140625,1471.7222900390625,4605.39599609375,9463.3779296875,4392.6474609375,3991.24658203125,1303.4669189453125,6122.87060546875,1010.0,139.0,4733.10400390625,692.5,71.0,402.5491943359375,920.2755737304688,2051.213623046875,60.0,438.74560546875,11717.6474609375,4334.7333984375,6688.53662109375,8699.6787109375,2568.254638671875,22273.6484375,1354.2279052734375,1689.8193359375,1641.544677734375,565.0,2710.0,1348.6141357421875,1359.625,1044.6065673828125,2750.659423828125,108.69618225097656,3891.0224609375,2688.263671875,813.3850708007812,23316.890625,2083.083740234375,269.7403869628906
2024-10-08,,1335.7301025390625,1863.234130859375,1428.64794921875,9025.0,3099.1201171875,1452.6707763671875,4718.2734375,9555.255859375,4519.3583984375,4140.29736328125,1326.9952392578125,6300.99072265625,1010.0,134.0,4742.88330078125,712.5,69.0,425.1220703125,920.2755737304688,2060.2900390625,60.0,440.67840576171875,12010.587890625,4068.73828125,6760.9755859375,8451.82421875,2544.25244140625,22040.970703125,1358.8341064453125,1660.51611328125,1735.7723388671875,545.0,2580.0,1301.127685546875,1359.625,1030.8616943359375,2732.913330078125,107.8403091430664,3881.3671875,2771.692626953125,808.5722045898438,23331.900390625,2119.7900390625,277.7326965332031
2024-10-09,,1368.195556640625,1873.0406494140625,1410.1541748046875,9000.0,3099.1201171875,1443.1451416015625,4582.8203125,9578.2255859375,4498.240234375,4082.3330078125,1308.172607421875,6189.66552734375,1000.0,128.0,4742.88330078125,702.5,67.0,411.9545593261719,930.1181030273438,2087.5185546875,60.0,419.4176025390625,11790.8828125,4088.441650390625,6688.53662109375,8278.326171875,2388.23681640625,22040.970703125,1345.0155029296875,1631.212890625,1696.0975341796875,540.0,2550.0,1296.37890625,1359.625,1067.5145263671875,2706.2939453125,112.11968994140625,3871.712158203125,2743.8828125,808.5722045898438,23486.416015625,2092.260498046875,273.7365417480469
2024-10-10,,1345.005859375,1873.0406494140625,1428.64794921875,8875.0,3099.1201171875,1462.196533203125,4627.9716796875,9647.1328125,4498.240234375,4024.36865234375,1308.172607421875,6189.66552734375,990.0,131.0,4782.0,692.5,67.0,406.3113708496094,930.1181030273438,2105.6708984375,60.0,425.21600341796875,11766.470703125,4078.590087890625,6785.12158203125,8179.1845703125,2448.242919921875,22019.818359375,1386.471435546875,1611.677490234375,1681.219482421875,530.0,2560.0,1282.133056640625,1359.625,1072.09619140625,2679.674560546875,111.26380920410156,3910.332763671875,2734.613037109375,808.5722045898438,22868.3515625,2092.260498046875,273.7365417480469
2024-10-11,,1326.4541015625,1897.556884765625,1424.0244140625,9150.0,3128.7294921875,1490.773681640625,4582.8203125,9532.2861328125,4540.47705078125,4057.4912109375,1364.6405029296875,6189.66552734375,995.0,134.0,4752.66259765625,687.5,72.0,408.1924133300781,925.1968383789062,2096.594482421875,60.0,429.08160400390625,11961.7646484375,4098.29345703125,6760.9755859375,8327.8974609375,2496.24755859375,21935.20703125,1372.6527099609375,1680.0516357421875,1696.0975341796875,540.0,2540.0,1286.8817138671875,1373.176025390625,1085.8409423828125,2688.5478515625,112.11968994140625,4161.3662109375,2725.34326171875,808.5722045898438,23089.087890625,2083.083740234375,275.734619140625
2024-10-14,,1317.17822265625,1897.556884765625,1419.401123046875,9450.0,3158.3388671875,1552.6907958984375,4539.54296875,9647.1328125,4582.71435546875,4057.4912109375,1392.8743896484375,6167.40087890625,1015.0,140.0,4840.6748046875,730.0,77.0,413.83563232421875,920.2755737304688,2078.442138671875,65.0,450.3424072265625,12059.412109375,4147.5517578125,6809.26806640625,8253.541015625,2438.641845703125,21956.359375,1423.3211669921875,1675.167724609375,1706.0162353515625,535.0,2530.0,1273.1888427734375,1395.76123046875,1081.2593994140625,2750.659423828125,112.11968994140625,3997.22900390625,2688.263671875,784.507568359375,22978.720703125,2128.966796875,307.703857421875
2024-10-15,,1335.7301025390625,1902.460205078125,1350.0491943359375,9825.0,3237.29736328125,1524.1136474609375,4539.54296875,9761.98046875,4646.0693359375,4074.052734375,1402.2857666015625,6278.7255859375,1025.0,140.0,4860.23291015625,710.0,82.0,413.83563232421875,939.9606323242188,2078.442138671875,66.0,448.40960693359375,12279.1171875,4108.14501953125,6954.14599609375,8203.9697265625,2390.63720703125,22125.580078125,1483.201904296875,1709.3548583984375,1785.3658447265625,535.0,2510.0,1239.5576171875,1382.2100830078125,1081.2593994140625,2750.659423828125,110.40792846679688,4074.47021484375,2725.34326171875,794.1333618164062,22757.982421875,2156.496337890625,305.7057800292969
2024-10-16,,1340.367919921875,1887.7503662109375,1387.036865234375,9825.0,3237.29736328125,1495.5364990234375,4567.16748046875,9624.1640625,4624.951171875,4098.89404296875,1411.697021484375,6234.1953125,1000.0,137.0,4938.46630859375,735.0,77.0,408.1924133300781,915.3543090820312,2087.5185546875,68.0,475.46881103515625,12205.8828125,4068.73828125,6930.0,8154.3994140625,2361.834228515625,21871.75,1487.8082275390625,1689.8193359375,1780.406494140625,535.0,2530.0,1253.9710693359375,1395.76123046875,1085.8409423828125,2732.913330078125,109.55206298828125,4180.6767578125,2780.96240234375,789.3204956054688,23243.603515625,2239.0859375,315.6961669921875
2024-10-17,,1312.540283203125,1912.2666015625,1377.7899169921875,9700.0,3286.646484375,1543.1650390625,4557.958984375,9853.8583984375,4646.0693359375,4123.736328125,1416.4027099609375,6434.580078125,1030.0,146.0,4889.5703125,765.0,82.0,404.4302978515625,935.0393676757812,2060.2900390625,68.0,475.46881103515625,12205.8828125,4058.88671875,6930.0,8179.1845703125,2313.82958984375,21956.359375,1469.38330078125,1650.7484130859375,1760.569091796875,530.0,2550.0,1244.362060546875,1386.7271728515625,1072.09619140625,2715.1669921875,111.26380920410156,4412.39990234375,2818.0419921875,779.694580078125,23596.78515625,2174.849609375,317.6942443847656
2024-10-18,,1326.4541015625,1853.4276123046875,1336.1788330078125,9800.0,3316.255859375,1547.927978515625,4530.3349609375,9876.826171875,4772.7802734375,4115.45556640625,1411.697021484375,6390.05078125,1020.0,139.0,4987.36181640625,760.0,87.0,411.9545593261719,920.2755737304688,2078.442138671875,68.0,461.939208984375,12498.8232421875,4058.88671875,7171.46337890625,8154.3994140625,2352.2333984375,21935.20703125,1483.201904296875,1675.167724609375,1735.7723388671875,540.0,2520.0,1253.9710693359375,1377.693115234375,1049.1881103515625,2706.2939453125,110.40792846679688,4364.12451171875,2873.6611328125,779.694580078125,23596.78515625,2138.143310546875,355.6576843261719
2024-10-21,,1354.28173828125,1833.814697265625,1336.1788330078125,9750.0,3326.125732421875,1609.8450927734375,4696.0791015625,9807.919921875,4751.66259765625,4132.0166015625,1402.2857666015625,6412.3154296875,1015.0,138.0,4938.46630859375,735.0,96.0,474.970458984375,939.9606323242188,2087.5185546875,68.0,471.60321044921875,12205.8828125,4186.95849609375,7147.31689453125,8129.61376953125,2371.435302734375,21892.90234375,1478.5958251953125,1621.4451904296875,1720.894287109375,545.0,2560.0,1268.3843994140625,1395.76123046875,1049.1881103515625,2679.674560546875,118.1108169555664,4257.91796875,2873.6611328125,784.507568359375,23596.78515625,2138.143310546875,421.59423828125
2024-10-22,,1345.005859375,1828.9114990234375,1340.8023681640625,9475.0,3395.21435546875,1590.7935791015625,4857.21875,9647.1328125,4772.7802734375,4057.4912109375,1383.463134765625,6300.99072265625,1045.0,141.0,4879.79150390625,835.0,109.0,474.970458984375,964.5669555664062,2069.3662109375,72.0,458.0736083984375,12230.2939453125,4196.81005859375,7171.46337890625,8104.82861328125,2323.430419921875,21935.20703125,1517.1259765625,1640.980712890625,1750.650390625,535.0,2570.0,1292.4068603515625,1395.76123046875,1044.6065673828125,2697.4208984375,119.82257080078125,4161.3662109375,2790.232177734375,779.694580078125,23905.81640625,2128.966796875,425.59039306640625
2024-10-23,,1335.7301025390625,1809.29833984375,1331.555419921875,9425.0,3513.652099609375,1571.7421875,4880.23876953125,9784.94921875,4793.89892578125,4024.36865234375,1392.8743896484375,6300.99072265625,1040.0,147.0,4962.9140625,817.5,107.0,457.10028076171875,935.0393676757812,2051.213623046875,74.0,465.8048095703125,12303.529296875,4137.7001953125,7243.90234375,8030.47216796875,2371.435302734375,21723.681640625,1579.737548828125,1636.0968017578125,1725.8536376953125,530.0,2530.0,1287.6024169921875,1400.2781982421875,1040.02490234375,2617.56298828125,118.1108169555664,4132.40087890625,2725.34326171875,770.0687255859375,23861.66796875,2138.143310546875,409.60577392578125
2024-10-24,,1312.540283203125,1804.39501953125,1313.0615234375,9225.0,3503.7822265625,1543.1650390625,4857.21875,9830.8876953125,4751.66259765625,3991.24658203125,1406.9913330078125,6211.9306640625,1020.0,146.0,5036.2578125,765.0,98.0,479.6731262207031,959.6456909179688,2051.213623046875,72.0,458.0736083984375,12230.2939453125,4058.88671875,7268.04833984375,7980.9013671875,2342.63232421875,21723.681640625,1632.716552734375,1606.7935791015625,1720.894287109375,530.0,2530.0,1292.4068603515625,1382.2100830078125,1035.443359375,2590.943603515625,120.6784439086914,4142.05615234375,2688.263671875,774.8816528320312,23729.2265625,1954.611572265625,419.5961608886719
2024-10-25,,1298.6263427734375,1794.5887451171875,1303.8145751953125,9225.0,3434.693603515625,1509.8250732421875,4811.1787109375,9876.826171875,4772.7802734375,3949.843505859375,1383.463134765625,6278.7255859375,1010.0,141.0,5036.2578125,762.5,90.0,462.74346923828125,930.1181030273438,2060.2900390625,70.0,456.14080810546875,12352.3525390625,4009.62841796875,7243.90234375,7956.1162109375,2208.218994140625,21596.765625,1618.2677001953125,1582.374267578125,1681.219482421875,525.0,2450.0,1253.9710693359375,1355.10791015625,1030.8616943359375,2555.451416015625,118.96669006347656,4238.607421875,2697.533447265625,765.255859375,23663.005859375,1927.08203125,409.60577392578125
2024-10-28,,1354.28173828125,1804.39501953125,1257.580078125,9225.0,3523.52197265625,1533.639404296875,4834.19873046875,9739.0107421875,4646.0693359375,3941.563232421875,1364.6405029296875,6078.34033203125,1000.0,139.0,5011.8095703125,722.5,96.0,453.3381042480469,935.0393676757812,2042.1376953125,68.0,456.14080810546875,12352.3525390625,3960.3701171875,7268.04833984375,8104.82861328125,2102.608642578125,21596.765625,1603.81884765625,1592.1419677734375,1686.1788330078125,530.0,2420.0,1196.317138671875,1355.10791015625,1017.116943359375,2546.578125,117.25494384765625,3997.22900390625,2706.803466796875,746.0040893554688,23663.005859375,1853.6693115234375,389.625
2024-10-29,,1349.6439208984375,1779.8787841796875,1248.3331298828125,9425.0,3454.43310546875,1538.4022216796875,4719.09912109375,9647.1328125,4477.1220703125,3891.879638671875,1341.1121826171875,6078.34033203125,1000.0,139.0,5158.4970703125,722.5,93.0,466.5056457519531,925.1968383789062,2069.3662109375,70.0,448.40960693359375,12279.1171875,3930.81494140625,7316.34130859375,8154.3994140625,2227.4208984375,21533.30859375,1762.755859375,1577.4903564453125,1676.2601318359375,525.0,2360.0,1186.7081298828125,1350.5909423828125,1017.116943359375,2528.83203125,113.83143615722656,3968.263427734375,2688.263671875,755.6300048828125,23265.677734375,1853.6693115234375,383.6307678222656
2024-10-30,,1307.9022216796875,1784.7822265625,1289.9442138671875,9275.0,3405.084228515625,1552.6907958984375,4788.1591796875,9509.31640625,4413.76611328125,3900.159423828125,1322.28955078125,6011.5458984375,995.0,140.0,5011.8095703125,717.5,94.0,458.9813232421875,949.8031616210938,2051.213623046875,71.0,461.939208984375,12157.05859375,3812.594970703125,7219.755859375,8055.2578125,2227.4208984375,21279.478515625,1743.49072265625,1567.72265625,1656.4227294921875,520.0,2390.0,1234.7530517578125,1359.625,998.79052734375,2519.958984375,111.26380920410156,3775.16064453125,2688.263671875,760.44287109375,23331.900390625,1798.6097412109375,379.6346130371094
2024-10-31,,1298.6263427734375,1774.9757080078125,1248.3331298828125,9175.0,3276.776611328125,1524.1136474609375,4696.0791015625,9417.439453125,4434.884765625,3974.685302734375,1322.28955078125,5967.015625,995.0,139.0,5134.048828125,760.0,93.0,479.6731262207031,969.4882202148438,2042.1376953125,68.0,448.40960693359375,12035.0,3763.336669921875,7340.48779296875,8005.68701171875,2400.238037109375,21216.021484375,1762.755859375,1577.4903564453125,1567.154541015625,550.0,2420.0,1229.9486083984375,1413.829345703125,998.79052734375,2626.43603515625,118.1108169555664,3813.78125,2614.104736328125,770.0687255859375,24236.921875,1803.197998046875,373.640380859375
2024-11-01,,1289.3505859375,1858.330810546875,1248.3331298828125,9025.0,3197.818115234375,1447.907958984375,4673.05908203125,9578.2255859375,4392.6474609375,3891.879638671875,1331.7008056640625,5922.48583984375,985.0,135.0,4782.0,740.0,92.0,455.2192077636719,949.8031616210938,2042.1376953125,68.0,429.08160400390625,11815.2939453125,3743.63330078125,7050.7314453125,7559.54931640625,2333.031494140625,21575.61328125,1685.695556640625,1533.5355224609375,1591.951171875,540.0,2350.0,1215.53515625,1382.2100830078125,989.6273193359375,2590.943603515625,112.9755630493164,3678.609375,2577.025146484375,770.0687255859375,24060.33203125,1794.021484375,377.63653564453125
2024-11-04,,1266.1607666015625,1926.9764404296875,1202.0986328125,9000.0,3247.167236328125,1452.6707763671875,4719.09912109375,9532.2861328125,4477.1220703125,3908.440185546875,1298.76123046875,6011.5458984375,970.0,135.0,4870.01220703125,722.5,95.0,449.57598876953125,935.0393676757812,2033.0614013671875,65.0,431.014404296875,12035.0,3714.078369140625,7195.609375,7262.12451171875,2313.82958984375,21258.326171875,1729.0419921875,1553.071044921875,1537.3984375,530.0,2320.0,1225.14404296875,1364.1419677734375,975.8824462890625,2546.578125,111.26380920410156,3485.50634765625,2595.56494140625,755.6300048828125,24148.625,1716.0205078125,379.6346130371094
2024-11-05,,1293.9884033203125,1980.912109375,1257.580078125,9000.0,3247.167236328125,1500.2994384765625,4765.13916015625,9647.1328125,4561.595703125,3900.159423828125,1289.3499755859375,6167.40087890625,965.0,138.0,4791.779296875,715.0,102.0,423.2409973144531,915.3543090820312,2023.9852294921875,66.0,425.21600341796875,12303.529296875,3783.0400390625,7606.09716796875,7212.5537109375,2294.627685546875,21469.8515625,1724.2257080078125,1562.8387451171875,1542.3577880859375,525.0,2300.0,1215.53515625,1368.6590576171875,980.464111328125,2564.324462890625,108.69618225097656,3504.816650390625,2567.75537109375,755.6300048828125,23839.595703125,1633.431396484375,371.6423034667969
2024-11-06,,1252.246826171875,1966.2022705078125,1239.0863037109375,9200.0,3089.250244140625,1466.9593505859375,4650.0390625,9601.1943359375,4329.29248046875,3809.072998046875,1251.7047119140625,5833.42578125,930.0,135.0,4962.9140625,700.0,98.0,432.6463317871094,920.2755737304688,2014.9091796875,64.0,417.48480224609375,11864.1171875,3674.671630859375,7533.658203125,7311.6953125,2160.21435546875,21364.087890625,1671.2467041015625,1553.071044921875,1453.0894775390625,525.0,2270.0,1157.8812255859375,1368.6590576171875,966.7191772460938,2537.705078125,107.8403091430664,3524.126953125,2539.945556640625,741.191162109375,24016.185546875,1610.4898681640625,383.6307678222656
2024-11-07,,1261.522705078125,1922.0731201171875,1211.345458984375,8700.0,3089.250244140625,1500.2994384765625,4603.9990234375,9348.53125,4244.81787109375,3767.67041015625,1261.115966796875,5722.1005859375,890.0,130.0,4782.0,655.0,91.0,423.2409973144531,866.1417236328125,2005.8328857421875,61.0,402.02239990234375,11790.8828125,3674.671630859375,7630.24365234375,7336.48095703125,2198.6181640625,21512.15625,1642.3489990234375,1533.5355224609375,1433.2520751953125,505.0,2270.0,1177.0992431640625,1409.312255859375,943.8111572265625,2511.0859375,109.55206298828125,3533.7822265625,2558.4853515625,750.8170166015625,24038.2578125,1592.1368408203125,431.5846252441406
2024-11-08,,1293.9884033203125,1877.94384765625,1271.450439453125,9000.0,3089.250244140625,1509.8250732421875,4567.16748046875,9256.6533203125,4206.80517578125,3742.828369140625,1246.9990234375,5633.041015625,940.0,127.0,4752.66259765625,700.0,96.0,443.9327697753906,826.7716674804688,2005.8328857421875,63.0,405.88800048828125,11815.2939453125,3763.336669921875,7437.07275390625,7237.33935546875,2093.007568359375,21364.087890625,1661.6141357421875,1504.2322998046875,1477.88623046875,515.0,2240.0,1181.9036865234375,1382.2100830078125,948.3927612304688,2484.466552734375,109.55206298828125,3504.816650390625,2549.215576171875,726.7523803710938,24236.921875,1615.078125,405.609619140625
2024-11-11,,1247.60888671875,1833.814697265625,1276.073974609375,9250.0,3069.5107421875,1457.4337158203125,4576.375,9233.6845703125,4215.25244140625,3693.14501953125,1218.76513671875,5655.30615234375,930.0,149.0,4654.87109375,722.5,101.0,460.8624267578125,802.1653442382812,1942.2996826171875,65.0,396.2239990234375,11668.8232421875,3645.11669921875,7533.658203125,7039.05615234375,2054.603759765625,21279.478515625,1666.430419921875,1474.9290771484375,1458.048828125,500.0,2200.0,1162.6856689453125,1350.5909423828125,930.0663452148438,2457.847412109375,108.69618225097656,3427.575439453125,2493.59619140625,721.939453125,23044.94140625,1596.7249755859375,409.60577392578125
2024-11-12,,1275.4365234375,1873.0406494140625,1248.3331298828125,9525.0,3108.989990234375,1490.773681640625,4576.375,9325.5625,4164.56787109375,3726.267333984375,1223.470703125,5677.5712890625,905.0,174.0,4693.98779296875,732.5,119.0,466.5056457519531,856.2991943359375,1933.2236328125,68.0,384.627197265625,11571.1767578125,3625.413330078125,7581.951171875,7063.84130859375,2112.20947265625,21744.833984375,1700.144287109375,1465.161376953125,1453.0894775390625,492.0,2180.0,1133.85888671875,1377.693115234375,957.5559692382812,2546.578125,107.8403091430664,3475.851318359375,2410.16748046875,712.3135986328125,23596.78515625,1674.7259521484375,437.578857421875
2024-11-13,,1266.1607666015625,1922.0731201171875,1266.826904296875,9500.0,2911.59375,1428.8565673828125,4627.01904296875,9325.5625,4189.91015625,3792.512451171875,1251.7047119140625,5722.1005859375,890.0,164.0,4762.44140625,727.5,136.0,470.26776123046875,812.0078735351562,1951.3759765625,67.0,386.55999755859375,11571.1767578125,3684.5234375,7461.21923828125,7138.19775390625,2112.20947265625,22167.884765625,1651.9815673828125,1465.161376953125,1413.4146728515625,540.0,2240.0,1138.663330078125,1359.625,989.6273193359375,2493.339599609375,108.69618225097656,3562.74755859375,2391.627685546875,707.5006713867188,23309.82421875,1651.7845458984375,435.5807800292969
2024-11-14,,1233.695068359375,1877.94384765625,1248.3331298828125,9350.0,2911.59375,1409.80517578125,4557.958984375,9279.6240234375,4181.462890625,3726.267333984375,1228.1763916015625,5677.5712890625,885.0,161.0,4772.220703125,700.0,124.0,470.26776123046875,816.9291381835938,1960.4521484375,65.0,361.4336242675781,11180.587890625,3753.485107421875,7437.07275390625,7039.05615234375,2150.61328125,22252.494140625,1637.53271484375,1416.3226318359375,1393.5772705078125,530.0,2180.0,1100.2274169921875,1337.0399169921875,962.1375732421875,2457.847412109375,107.8403091430664,3504.816650390625,2345.2783203125,697.8748168945312,22934.572265625,1624.2547607421875,457.5596008300781
2024-11-15,,1215.1431884765625,1922.0731201171875,1202.0986328125,9175.0,2842.505126953125,1333.5994873046875,4548.7509765625,9348.53125,4147.6728515625,3701.42578125,1214.0594482421875,5655.30615234375,855.0,149.0,4684.20849609375,685.0,116.0,453.3381042480469,826.7716674804688,1942.2996826171875,64.0,363.3664245605469,11400.2939453125,3763.336669921875,7461.21923828125,7039.05615234375,2169.815185546875,22421.71484375,1647.165283203125,1387.0194091796875,1368.780517578125,525.0,2100.0,1071.4005126953125,1341.556884765625,948.3927612304688,2440.10107421875,108.73155975341797,3417.92041015625,2354.548095703125,693.0618286132812,23442.26953125,1693.0791015625,439.5769348144531
2024-11-18,,1164.1258544921875,1814.20166015625,1239.0863037109375,9525.0,2881.984375,1328.8365478515625,4539.54296875,9187.74609375,4113.88330078125,3602.05859375,1185.8255615234375,5633.041015625,845.0,153.0,4654.87109375,672.5,117.0,432.6463317871094,826.7716674804688,1951.3759765625,68.0,361.4336242675781,11693.2353515625,3635.264892578125,7461.21923828125,7138.19775390625,2150.61328125,22717.8515625,1647.165283203125,1401.6710205078125,1438.21142578125,500.0,2010.0,1023.3555908203125,1323.48876953125,939.2295532226562,2413.48193359375,106.94906616210938,3427.575439453125,2400.8974609375,683.4359741210938,22824.205078125,1670.1376953125,427.5884704589844
2024-11-19,,1201.2293701171875,1819.104736328125,1211.345458984375,9575.0,2921.463623046875,1405.042236328125,4576.375,9118.8369140625,4096.98876953125,3610.33935546875,1204.648193359375,5566.24609375,850.0,150.0,4645.091796875,672.5,113.0,447.6949157714844,841.5354614257812,1978.6044921875,74.0,371.09759521484375,11620.0,3654.96826171875,7533.658203125,7088.626953125,2352.2333984375,22675.546875,1651.9815673828125,1391.9031982421875,1572.1138916015625,505.0,2080.0,1047.3780517578125,1359.625,952.974365234375,2457.847412109375,107.8403091430664,3553.092529296875,2577.025146484375,693.0618286132812,23265.677734375,1656.372802734375,431.5846252441406
2024-11-20,,1215.1431884765625,1809.29833984375,1229.83935546875,9675.0,2872.114501953125,1400.2794189453125,4603.9990234375,9256.6533203125,4096.98876953125,3585.497802734375,1195.23681640625,5543.98095703125,840.0,147.0,4605.9755859375,672.5,122.0,458.9813232421875,821.8504028320312,1969.5281982421875,72.0,367.2320251464844,11522.3525390625,3664.820068359375,7533.658203125,7063.84130859375,2285.026611328125,22590.9375,1637.53271484375,1430.9742431640625,1586.991943359375,500.0,2150.0,1095.4229736328125,1346.0738525390625,952.974365234375,2431.22802734375,106.94906616210938,3495.16162109375,2484.326416015625,693.0618286132812,23331.900390625,1656.372802734375,427.5884704589844
2024-11-21,,1219.78125,1804.39501953125,1206.7220458984375,9575.0,2852.374755859375,1419.330810546875,4502.7109375,9095.06640625,3987.17236328125,3519.252685546875,1171.70849609375,5477.18603515625,800.0,143.0,4557.07958984375,677.5,119.0,451.4570617675781,826.7716674804688,2005.8328857421875,72.0,365.2992248535156,11522.3525390625,3625.413330078125,7364.6337890625,7039.05615234375,2400.238037109375,23162.0546875,1637.53271484375,1416.3226318359375,1537.3984375,510.0,2100.0,1100.2274169921875,1350.5909423828125,934.64794921875,2413.48193359375,109.62279510498047,3475.851318359375,2567.75537109375,693.0618286132812,23552.63671875,1596.7249755859375,439.5769348144531
2024-11-22,,1196.591552734375,1838.7178955078125,1206.7220458984375,9525.0,2852.374755859375,1381.22802734375,4521.126953125,9095.06640625,4088.54150390625,3643.461669921875,1185.8255615234375,5566.24609375,800.0,143.0,4596.1962890625,682.5,120.0,455.2192077636719,821.8504028320312,1978.6044921875,78.0,365.2992248535156,11717.6474609375,3605.7099609375,7219.755859375,7039.05615234375,2342.63232421875,23648.564453125,1695.3280029296875,1435.858154296875,1487.804931640625,550.0,2050.0,1100.2274169921875,1350.5909423828125,943.8111572265625,2457.847412109375,109.62279510498047,3466.196044921875,2549.215576171875,693.0618286132812,23839.595703125,1647.1962890625,433.58270263671875
2024-11-25,,1173.4017333984375,1848.5244140625,1169.734375,9100.0,2941.203125,1414.5679931640625,4765.13916015625,9395.158203125,4215.25244140625,3701.42578125,1214.0594482421875,5855.69091796875,870.0,146.0,4576.63818359375,685.0,117.0,445.8138427734375,807.0866088867188,1987.6805419921875,76.0,363.3664245605469,11668.8232421875,3615.561767578125,7340.48779296875,7162.98291015625,2400.238037109375,23352.427734375,1695.3280029296875,1465.161376953125,1448.130126953125,520.0,2030.0,1124.2498779296875,1418.3463134765625,934.64794921875,2484.466552734375,107.8403091430664,3524.126953125,2539.945556640625,678.6231079101562,24369.36328125,1757.3153076171875,419.5961608886719
2024-11-26,,1178.0396728515625,1799.491943359375,1137.3702392578125,9100.0,2862.24462890625,1381.22802734375,4742.119140625,9233.5712890625,4181.462890625,3643.461669921875,1218.76513671875,5699.83642578125,895.0,141.0,4566.85888671875,677.5,114.0,453.3381042480469,821.8504028320312,1978.6044921875,74.0,357.5680236816406,11693.2353515625,3595.8583984375,7388.7802734375,7113.412109375,2342.63232421875,23204.359375,1637.53271484375,1445.6258544921875,1502.6829833984375,525.0,2000.0,1081.009521484375,1386.7271728515625,930.0663452148438,2448.97412109375,107.8403091430664,3475.851318359375,2512.135986328125,678.6231079101562,24281.068359375,1716.0205078125,425.59039306640625
2024-11-28,,1173.4017333984375,2148.349609375,1132.7467041015625,9250.0,2832.63525390625,1352.65087890625,4719.09912109375,9233.5712890625,4244.81787109375,3585.497802734375,1214.0594482421875,5744.36572265625,890.0,135.0,4645.091796875,680.0,106.0,460.8624267578125,797.2440795898438,1978.6044921875,72.0,357.5680236816406,11620.0,3566.30322265625,7388.7802734375,7336.48095703125,2275.42578125,23098.59765625,1651.9815673828125,1460.2774658203125,1487.804931640625,510.0,1930.0,1081.009521484375,1391.244140625,920.9031372070312,2475.593505859375,115.86148834228516,3485.50634765625,2521.406005859375,678.6231079101562,24170.701171875,1729.785400390625,423.5923156738281
2024-11-29,,1136.2979736328125,1619.046142578125,1137.3702392578125,9000.0,2812.8955078125,1362.1766357421875,4696.0791015625,9233.5712890625,4206.80517578125,3519.252685546875,1209.353759765625,5477.18603515625,855.0,147.0,4566.85888671875,670.0,106.0,457.10028076171875,807.0866088867188,2014.9091796875,71.0,349.8368225097656,11620.0,3546.60009765625,7292.19482421875,7187.7685546875,2304.228515625,22548.630859375,1647.165283203125,1465.161376953125,1562.1951904296875,500.0,1840.0,1047.3780517578125,1373.176025390625,907.1583251953125,2395.735595703125,115.86148834228516,3379.2998046875,2512.135986328125,678.6231079101562,23640.931640625,1711.4322509765625,429.5865478515625
2024-12-02,,1159.48779296875,1798.0753173828125,1132.7467041015625,9025.0,2832.63525390625,1343.1251220703125,4548.7509765625,9002.73046875,3978.725341796875,3453.007568359375,1148.1802978515625,5343.5966796875,810.0,138.0,4615.75439453125,655.0,103.0,479.6731262207031,816.9291381835938,2023.9852294921875,70.0,342.1056213378906,11571.1767578125,3497.341552734375,7292.19482421875,7162.98291015625,2285.026611328125,22760.15625,1647.165283203125,1440.741943359375,1448.130126953125,505.0,1840.0,1008.9421997070312,1418.3463134765625,884.250244140625,2369.116455078125,116.75273895263672,3302.05859375,2484.326416015625,664.1842651367188,24192.775390625,1720.60888671875,421.59423828125
2024-12-03,,1159.48779296875,1836.99462890625,1132.7467041015625,9350.0,2862.24462890625,1381.22802734375,4719.09912109375,9418.2421875,4037.85693359375,3510.97216796875,1134.063232421875,5588.5107421875,865.0,137.0,4635.31298828125,660.0,103.0,517.2945556640625,826.7716674804688,2033.0614013671875,75.0,355.6352233886719,11644.412109375,3457.93505859375,7509.51220703125,7187.7685546875,2409.839111328125,22929.376953125,1695.3280029296875,1445.6258544921875,1418.3740234375,515.0,1860.0,1028.1600341796875,1431.8974609375,879.6686401367188,2395.735595703125,119.42646026611328,3176.541748046875,2614.104736328125,664.1842651367188,23972.037109375,1720.60888671875,427.5884704589844
2024-12-04,,1182.677490234375,1836.99462890625,1174.35791015625,9575.0,2980.682373046875,1395.5166015625,4811.1787109375,9418.2421875,4181.462890625,3602.05859375,1148.1802978515625,5677.5712890625,925.0,139.0,4870.01220703125,710.0,115.0,507.8891906738281,812.0078735351562,2023.9852294921875,75.0,353.7024230957031,11522.3525390625,3625.413330078125,7581.951171875,7237.33935546875,2457.84375,23267.818359375,1748.3070068359375,1450.509765625,1423.3333740234375,530.0,1930.0,1085.81396484375,1440.9315185546875,916.321533203125,2404.608642578125,123.88267517089844,3321.368896484375,2632.64453125,683.4359741210938,24391.4375,1752.7269287109375,427.5884704589844
2024-12-05,6241.05908203125,1224.419189453125,1821.4267578125,1215.968994140625,9550.0,2951.072998046875,1419.330810546875,4788.1591796875,9464.4091796875,4071.646728515625,3527.532958984375,1138.7689208984375,5477.18603515625,930.0,139.0,4821.11669921875,717.5,119.0,498.48382568359375,797.2440795898438,2042.1376953125,75.0,353.7024230957031,11620.0,3586.006591796875,7606.09716796875,7237.33935546875,2429.041015625,23225.513671875,1757.9395751953125,1470.045166015625,1433.2520751953125,520.0,1920.0,1081.009521484375,1418.3463134765625,902.5767211914062,2431.22802734375,120.31771087646484,3253.782958984375,2567.75537109375,693.0618286132812,24391.4375,1758.3536376953125,431.5846252441406
2024-12-06,7484.578125,1219.78125,1790.2913818359375,1220.592529296875,9525.0,3030.031494140625,1414.5679931640625,4742.119140625,9302.822265625,4105.4365234375,3568.93603515625,1138.7689208984375,5543.98095703125,955.0,138.0,4801.55810546875,750.0,116.0,540.8079223632812,802.1653442382812,2096.594482421875,77.0,355.6352233886719,11546.7646484375,3586.006591796875,7654.39013671875,7063.84130859375,2400.238037109375,23437.0390625,1782.02099609375,1430.9742431640625,1403.4959716796875,510.0,1910.0,1105.031982421875,1468.0335693359375,893.4134521484375,2422.35498046875,126.55640411376953,3166.88671875,2558.4853515625,683.4359741210938,24678.39453125,1753.6646728515625,429.5865478515625
2024-12-09,8962.7236328125,1247.60888671875,2086.07861328125,1243.7095947265625,9325.0,2901.723876953125,1419.330810546875,4811.1787109375,9556.7451171875,4223.69970703125,3635.180908203125,1162.2972412109375,5677.5712890625,935.0,142.0,4801.55810546875,730.0,120.0,540.8079223632812,802.1653442382812,2087.5185546875,78.0,353.7024230957031,11497.94140625,3566.30322265625,7920.0,7063.84130859375,2381.0361328125,23563.953125,1883.1627197265625,1450.509765625,1373.7398681640625,515.0,1920.0,1090.618408203125,1504.1697998046875,893.4134521484375,2440.10107421875,136.3600616455078,3195.85205078125,2539.945556640625,702.687744140625,25164.015625,1777.109375,429.5865478515625
2024-12-10,9643.1396484375,1224.419189453125,2124.998046875,1252.9566650390625,9375.0,3010.291748046875,1547.927978515625,4811.1787109375,9556.7451171875,4308.173828125,3610.33935546875,1162.2972412109375,5610.77587890625,935.0,148.0,4821.11669921875,730.0,124.0,583.1320190429688,802.1653442382812,2078.442138671875,80.0,359.5008239746094,11449.1171875,3704.2265625,7871.70703125,7187.7685546875,2371.435302734375,23585.10546875,1859.081298828125,1470.045166015625,1393.5772705078125,535.0,1990.0,1105.031982421875,1436.4144287109375,888.8318481445312,2511.0859375,161.31484985351562,3195.85205078125,2567.75537109375,693.0618286132812,24899.1328125,1875.5771484375,419.5961608886719
2024-12-11,9009.6494140625,1205.8673095703125,2031.591552734375,1234.4627685546875,9225.0,2931.333251953125,1524.1136474609375,4834.19873046875,9625.99609375,4287.05517578125,3626.900390625,1176.4141845703125,5610.77587890625,910.0,145.0,4879.79150390625,750.0,121.0,564.3213500976562,797.2440795898438,2033.0614013671875,78.0,357.5680236816406,11449.1171875,3694.375,7920.0,7138.19775390625,2381.0361328125,23860.087890625,1854.2650146484375,1470.045166015625,1403.4959716796875,520.0,1985.0,1095.4229736328125,1449.965576171875,884.250244140625,2484.466552734375,160.42359924316406,3321.368896484375,2651.18408203125,688.2489013671875,24523.87890625,1823.998779296875,417.59808349609375
2024-12-12,8634.2470703125,1178.0396728515625,1969.3206787109375,1234.4627685546875,9300.0,2901.723876953125,1538.4022216796875,4696.0791015625,9395.158203125,4122.33056640625,3527.532958984375,1157.591552734375,5454.92138671875,900.0,145.0,4840.6748046875,810.0,123.0,573.7266235351562,797.2440795898438,2051.213623046875,77.0,351.7696228027344,11327.05859375,3842.14990234375,7920.0,7138.19775390625,2419.43994140625,23712.021484375,1887.97900390625,1421.20654296875,1443.1707763671875,520.0,1945.0,1076.2049560546875,1458.9996337890625,879.6686401367188,2484.466552734375,174.68348693847656,3263.438232421875,2614.104736328125,659.3713989257812,24678.39453125,1786.4873046875,419.5961608886719
2024-12-13,8634.2470703125,1150.2120361328125,2008.2398681640625,1215.968994140625,9150.0,2921.463623046875,1509.8250732421875,4719.09912109375,9279.7373046875,3995.619873046875,3453.007568359375,1138.7689208984375,5365.86083984375,890.0,143.0,4840.6748046875,895.0,117.0,550.2132568359375,792.3228149414062,2060.2900390625,76.0,344.0384216308594,11571.1767578125,3891.408447265625,7895.853515625,7088.626953125,2525.050537109375,23563.953125,1878.346435546875,1411.438720703125,1433.2520751953125,505.0,1925.0,1047.3780517578125,1449.965576171875,875.0870361328125,2466.720458984375,164.87982177734375,3282.74853515625,2586.294921875,664.1842651367188,24832.91015625,1753.6646728515625,415.6000061035156
2024-12-16,8681.171875,1113.1082763671875,2023.8076171875,1183.604736328125,9150.0,2931.333251953125,1486.0108642578125,4719.09912109375,9325.90625,3919.59326171875,3519.252685546875,1129.357666015625,5410.39111328125,880.0,139.0,4772.220703125,932.5,118.0,540.8079223632812,787.401611328125,2060.2900390625,72.0,334.3744201660156,11522.3525390625,3792.8916015625,7847.560546875,7113.412109375,2486.646728515625,23479.34375,1878.346435546875,1406.554931640625,1378.69921875,496.0,1900.0,1028.1600341796875,1422.8634033203125,856.7606201171875,2431.22802734375,158.64112854003906,3244.1279296875,2465.78662109375,654.5584106445312,24744.615234375,1711.4642333984375,417.59808349609375
2024-12-17,8376.158203125,1080.6427001953125,1953.7529296875,1132.7467041015625,9000.0,2812.8955078125,1438.3822021484375,4585.5830078125,9141.234375,3775.987548828125,3436.44677734375,1101.1236572265625,5299.06640625,885.0,135.0,4733.10400390625,950.0,114.0,521.9972534179688,777.55908203125,2069.3662109375,70.0,328.5760192871094,11253.8232421875,3704.2265625,7775.12158203125,6939.91455078125,2448.242919921875,23056.291015625,1772.388427734375,1367.48388671875,1348.943115234375,488.0,1840.0,1004.1376953125,1377.693115234375,824.6893920898438,2369.116455078125,163.0973358154297,3176.541748046875,2428.707275390625,654.5584106445312,23177.384765625,1650.5079345703125,405.609619140625
2024-12-18,8118.0693359375,1057.4530029296875,2016.02392578125,1081.8887939453125,8850.0,2773.416259765625,1443.1451416015625,4603.9990234375,9048.8994140625,3742.197998046875,3436.44677734375,1087.0067138671875,5187.7412109375,875.0,132.0,4645.091796875,987.5,114.0,526.6998901367188,757.8740234375,2051.213623046875,70.0,324.7104187011719,11058.529296875,3694.375,7557.8046875,6766.41650390625,2333.031494140625,22971.681640625,1859.081298828125,1347.9483642578125,1378.69921875,480.0,1760.0,989.7242431640625,1400.2781982421875,824.6893920898438,2377.989501953125,158.64112854003906,3263.438232421875,2382.35791015625,635.3067016601562,23199.45703125,1692.7083740234375,411.6038513183594
2024-12-19,7836.517578125,1048.177001953125,1977.104248046875,1035.6541748046875,8950.0,2773.416259765625,1400.2794189453125,4493.5029296875,8933.478515625,3640.8291015625,3386.76318359375,1044.65576171875,5054.1513671875,830.0,122.0,4498.40478515625,945.0,108.0,498.48382568359375,743.1102294921875,2033.0614013671875,68.0,313.1136169433594,10936.470703125,3546.60009765625,7388.7802734375,6692.06005859375,2285.026611328125,22273.6484375,1782.02099609375,1289.3419189453125,1319.18701171875,452.0,1615.0,1008.9421997070312,1386.7271728515625,884.250244140625,2289.258544921875,147.0549774169922,3166.88671875,2345.2783203125,625.680908203125,23221.53125,1659.8857421875,399.6153869628906
2024-12-20,7578.4287109375,1066.728759765625,1984.88818359375,1054.14794921875,9000.0,2743.806884765625,1352.65087890625,4484.294921875,8910.39453125,3598.59228515625,3361.921142578125,1058.7728271484375,5054.1513671875,820.0,115.0,4557.07958984375,1040.0,108.0,493.7811279296875,802.1653442382812,2069.3662109375,69.0,315.0464172363281,10985.2939453125,3487.489990234375,7364.6337890625,6543.34765625,2275.42578125,21596.765625,1820.5511474609375,1245.3870849609375,1358.86181640625,462.0,1595.0,1047.3780517578125,1400.2781982421875,893.4134521484375,2298.131591796875,143.489990234375,3147.576416015625,2363.818115234375,587.1774291992188,22669.689453125,1641.1300048828125,397.6173095703125
2024-12-23,7132.638671875,1038.901123046875,1977.104248046875,1044.9010009765625,9000.0,2901.723876953125,1385.9908447265625,4557.958984375,9025.8154296875,3699.9609375,3486.130126953125,1072.8897705078125,5187.7412109375,870.0,116.0,4742.88330078125,1100.0,106.0,512.5918579101562,826.7716674804688,2069.3662109375,71.0,326.6432189941406,11156.1767578125,3457.93505859375,7461.21923828125,6741.630859375,2381.0361328125,21702.52734375,1839.8162841796875,1299.1097412109375,1358.86181640625,468.0,1630.0,1052.1824951171875,1409.312255859375,879.6686401367188,2298.131591796875,145.27249145507812,3234.47265625,2456.516845703125,591.9903564453125,22471.025390625,1673.95263671875,403.6115417480469
2024-12-24,7249.9521484375,1066.728759765625,1953.7529296875,1035.6541748046875,8850.0,2743.806884765625,1366.939453125,4493.5029296875,9002.73046875,3699.9609375,3477.849609375,1063.4783935546875,5120.9462890625,895.0,116.0,4625.53369140625,1080.0,107.0,484.3758239746094,792.3228149414062,2051.213623046875,68.0,322.7776184082031,11302.6474609375,3467.78662109375,7364.6337890625,6667.27490234375,2342.63232421875,21406.392578125,1820.5511474609375,1367.48388671875,1398.53662109375,454.0,1580.0,1047.3780517578125,1395.76123046875,875.0870361328125,2298.131591796875,142.59877014160156,3128.26611328125,2539.945556640625,596.8032836914062,22250.2890625,1669.263671875,403.6115417480469
2024-12-27,7672.279296875,1052.81494140625,1977.104248046875,1035.6541748046875,8275.0,2763.546630859375,1452.6707763671875,4539.54296875,9048.8994140625,3683.066162109375,3507.794189453125,1068.18408203125,5165.4765625,910.0,116.0,4654.87109375,1062.5,105.0,457.10028076171875,807.0866088867188,2042.1376953125,63.0,318.9120178222656,11156.1767578125,3526.896728515625,7437.07275390625,6692.06005859375,2361.834228515625,21871.75,1806.102294921875,1323.529052734375,1339.0244140625,454.0,1570.0,1061.79150390625,1436.4144287109375,870.5054321289062,2324.7509765625,136.3600616455078,3186.197021484375,2549.215576171875,611.2420654296875,22426.87890625,1725.531005859375,417.59808349609375
2024-12-30,7953.8310546875,1113.1082763671875,1974.2447509765625,1035.6541748046875,8475.0,2812.8955078125,1452.6707763671875,4511.9189453125,8933.478515625,3674.618896484375,3490.68310546875,1072.8897705078125,5076.41650390625,920.0,118.0,4654.87109375,1112.5,111.0,462.74346923828125,797.2440795898438,2042.1376953125,70.0,342.1056213378906,11107.3525390625,3566.30322265625,7437.07275390625,6741.630859375,2381.0361328125,22590.9375,1868.7138671875,1328.4129638671875,1398.53662109375,458.0,1615.0,1056.987060546875,1436.4144287109375,856.7606201171875,2440.10107421875,148.8374481201172,3176.541748046875,2512.135986328125,630.4937744140625,23640.931640625,1767.7314453125,409.60577392578125
2025-01-02,7719.20458984375,1080.6427001953125,2055.4892578125,1068.018310546875,8475.0,2783.2861328125,1471.7222900390625,4557.958984375,9141.234375,3877.356201171875,3601.90576171875,1119.9462890625,5210.00634765625,940.0,123.0,4703.7666015625,1180.0,118.0,493.7811279296875,812.0078735351562,2042.1376953125,71.0,316.9792175292969,10960.8828125,3517.044921875,7219.755859375,6766.41650390625,2285.026611328125,22146.732421875,1815.73486328125,1308.87744140625,1348.943115234375,458.0,1595.0,1076.2049560546875,1454.4825439453125,861.3422241210938,2377.989501953125,148.8374481201172,3166.88671875,2502.8662109375,616.0549926757812,22691.76171875,1720.8421630859375,409.60577392578125
2025-01-03,7367.26513671875,1048.177001953125,1998.617919921875,1040.2777099609375,8500.0,2812.8955078125,1447.907958984375,4557.958984375,9095.06640625,3835.11962890625,3550.572265625,1115.2406005859375,5165.4765625,935.0,124.0,4684.20849609375,1200.0,119.0,493.7811279296875,826.7716674804688,2023.9852294921875,78.0,316.9792175292969,11107.3525390625,3507.193359375,7292.19482421875,6642.4892578125,2294.627685546875,22252.494140625,1806.102294921875,1294.225830078125,1334.0650634765625,458.0,1600.0,1090.618408203125,1440.9315185546875,856.7606201171875,2395.735595703125,147.0549774169922,3157.231689453125,2549.215576171875,693.0618286132812,22581.39453125,1664.57470703125,399.6153869628906
2025-01-06,7203.02685546875,1024.9873046875,1933.6221923828125,966.3023681640625,8300.0,2822.765380859375,1395.5166015625,4475.0869140625,8933.478515625,3742.197998046875,3507.794189453125,1091.71240234375,5054.1513671875,980.0,119.0,4713.5458984375,1270.0,115.0,517.2945556640625,792.3228149414062,2033.0614013671875,80.0,315.0464172363281,10912.05859375,3428.380126953125,7123.17041015625,6592.91845703125,2256.223876953125,21829.443359375,1782.02099609375,1250.27099609375,1348.943115234375,442.0,1550.0,1095.4229736328125,1549.340087890625,847.597412109375,2351.3701171875,148.8374481201172,3108.955810546875,2493.59619140625,673.8101806640625,22426.87890625,1636.4410400390625,393.62115478515625
2025-01-07,7390.7275390625,1001.7974853515625,2006.742431640625,1017.160400390625,8700.0,2812.8955078125,1366.939453125,4530.3349609375,8794.9755859375,3683.066162109375,3447.9052734375,1087.0067138671875,4987.3564453125,995.0,120.0,4713.5458984375,1230.0,114.0,493.7811279296875,802.1653442382812,2023.9852294921875,80.0,318.9120178222656,10667.94140625,3418.5283203125,7195.609375,6518.5625,2246.622802734375,21829.443359375,1806.102294921875,1260.0386962890625,1358.86181640625,440.0,1510.0,1085.81396484375,1486.1016845703125,824.6893920898438,2342.4970703125,147.9462127685547,3070.335205078125,2382.35791015625,674.7810668945312,22824.205078125,1669.263671875,395.6192321777344
2025-01-08,7320.33984375,973.9697875976562,1949.87109375,1081.8887939453125,8300.0,2842.505126953125,1362.1766357421875,4429.046875,8933.478515625,3691.513427734375,3490.68310546875,1077.595458984375,5120.9462890625,975.0,115.0,4723.3251953125,1380.0,108.0,493.7811279296875,782.4803466796875,2042.1376953125,80.0,311.1808166503906,10838.8232421875,3369.27001953125,7219.755859375,6419.4208984375,2246.622802734375,21469.8515625,1767.5721435546875,1245.3870849609375,1348.943115234375,412.0,1360.0,1085.81396484375,1504.1697998046875,829.27099609375,2342.4970703125,143.489990234375,2944.818359375,2456.516845703125,655.3629150390625,22228.21484375,1617.685302734375,373.640380859375
2025-01-09,7226.4892578125,955.41796875,1901.124267578125,1086.51220703125,8275.0,2763.546630859375,1352.65087890625,4539.54296875,9095.06640625,3699.9609375,3447.9052734375,1063.4783935546875,5120.9462890625,975.0,108.0,4693.98779296875,1310.0,106.0,489.0784912109375,797.2440795898438,2023.9852294921875,80.0,305.3824157714844,10765.587890625,3359.41845703125,7243.90234375,6320.279296875,2294.627685546875,21406.392578125,1748.3070068359375,1240.5032958984375,1353.9024658203125,412.0,1340.0,1085.81396484375,1513.203857421875,824.6893920898438,2324.7509765625,139.03378295898438,2867.577392578125,2428.707275390625,650.5083618164062,22051.625,1584.8626708984375,373.640380859375
2025-01-10,7953.8310546875,973.9697875976562,1884.87548828125,1109.6295166015625,8450.0,2783.2861328125,1395.5166015625,4511.9189453125,8979.6474609375,3674.618896484375,3430.7939453125,1054.067138671875,4987.3564453125,985.0,122.0,4615.75439453125,1332.5,116.0,493.7811279296875,797.2440795898438,2023.9852294921875,81.0,307.3152160644531,10814.412109375,3379.12158203125,7461.21923828125,6345.064453125,2285.026611328125,21385.240234375,1767.5721435546875,1230.7354736328125,1334.0650634765625,420.0,1410.0,1076.2049560546875,1540.3060302734375,824.6893920898438,2386.862548828125,145.27249145507812,2877.232421875,2484.326416015625,655.3629150390625,22161.994140625,1598.9295654296875,379.6346130371094
2025-01-13,7836.517578125,955.41796875,1909.248779296875,1081.8887939453125,8500.0,2793.156005859375,1409.80517578125,4373.798828125,8933.478515625,3556.355224609375,3293.904296875,1016.421875,4920.5615234375,1010.0,117.0,4459.2880859375,1310.0,111.0,470.26776123046875,812.0078735351562,2060.2900390625,79.0,347.9040222167969,10838.8232421875,3379.12158203125,7461.21923828125,6642.4892578125,2294.627685546875,21342.935546875,1801.2860107421875,1235.619384765625,1329.105712890625,416.0,1475.0,1153.0767822265625,1549.340087890625,833.8526000976562,2315.877685546875,148.8374481201172,2819.301513671875,2475.056640625,631.0902099609375,22426.87890625,1612.9964599609375,473.5442199707031
2025-01-14,8188.45703125,960.0559692382812,1917.373291015625,1118.87646484375,8200.0,2793.156005859375,1447.907958984375,4373.798828125,8794.9755859375,3488.776123046875,3251.12646484375,988.1879272460938,4809.23681640625,970.0,124.0,4400.61328125,1357.5,113.0,507.8891906738281,851.3779296875,2042.1376953125,80.0,340.1728210449219,10497.05859375,3625.413330078125,7268.04833984375,6369.85009765625,2265.82470703125,21491.00390625,1796.4697265625,1196.5484619140625,1319.18701171875,440.0,1635.0,1143.4677734375,1495.1357421875,833.8526000976562,2324.7509765625,162.20608520507812,2684.129638671875,2428.707275390625,626.2356567382812,22515.171875,1636.4410400390625,589.4326782226562
2025-01-15,8282.3076171875,964.69384765625,1949.87109375,1128.123291015625,8325.0,2812.8955078125,1457.4337158203125,4548.7509765625,9048.8994140625,3725.30322265625,3499.23876953125,1030.538818359375,5120.9462890625,950.0,122.0,4498.40478515625,1360.0,110.0,531.402587890625,851.3779296875,2060.2900390625,80.0,357.5680236816406,10521.470703125,3595.8583984375,7437.07275390625,6468.99169921875,2285.026611328125,21787.138671875,1806.102294921875,1225.8516845703125,1358.86181640625,436.0,1610.0,1148.272216796875,1495.1357421875,847.597412109375,2369.116455078125,155.96739196777344,2780.680908203125,2437.97705078125,655.3629150390625,22691.76171875,1627.063232421875,734.2932739257812
2025-01-16,8258.8447265625,973.9697875976562,1957.99560546875,1109.6295166015625,8200.0,2733.937255859375,1447.907958984375,4493.5029296875,9002.73046875,3801.329833984375,3559.1279296875,1039.9501953125,5232.27099609375,955.0,124.0,4429.95068359375,1372.5,115.0,503.1864929199219,831.6929321289062,2060.2900390625,80.0,353.7024230957031,10667.94140625,3536.748291015625,7316.34130859375,6592.91845703125,2256.223876953125,21998.666015625,1782.02099609375,1206.316162109375,1348.943115234375,422.0,1600.0,1133.85888671875,1486.1016845703125,856.7606201171875,2386.862548828125,150.61993408203125,2751.715576171875,2400.8974609375,660.2174682617188,23111.162109375,1673.95263671875,914.1201782226562
2025-01-17,8352.6953125,969.331787109375,1949.87109375,1109.6295166015625,8275.0,2803.02587890625,1447.907958984375,4548.7509765625,9141.234375,3775.987548828125,3499.23876953125,1021.1275024414062,5232.27099609375,940.0,119.0,4557.07958984375,1372.5,111.0,507.8891906738281,841.5354614257812,2060.2900390625,84.0,349.8368225097656,10570.2939453125,3517.044921875,7340.48779296875,6493.77685546875,2189.01708984375,22083.275390625,1786.8372802734375,1196.5484619140625,1358.86181640625,418.0,1610.0,1138.663330078125,1472.5506591796875,843.0158081054688,2377.989501953125,155.07614135742188,2751.715576171875,2465.78662109375,640.79931640625,23331.900390625,1678.6416015625,919.1153564453125
2025-01-20,8376.158203125,950.780029296875,1909.248779296875,1155.864013671875,8250.0,2743.806884765625,1438.3822021484375,4521.126953125,8887.3115234375,3902.698486328125,3610.461669921875,1030.538818359375,5343.5966796875,940.0,121.0,4527.7421875,1410.0,115.0,517.2945556640625,831.6929321289062,2042.1376953125,86.0,347.9040222167969,10277.3525390625,3526.896728515625,7123.17041015625,6667.27490234375,2160.21435546875,21914.0546875,1883.1627197265625,1191.66455078125,1343.9837646484375,426.0,1700.0,1124.2498779296875,1454.4825439453125,838.4342041015625,2360.2431640625,157.7498779296875,2838.61181640625,2419.437255859375,645.65380859375,22934.572265625,1641.1300048828125,984.0528564453125
2025-01-21,8305.7705078125,927.5902709960938,1876.7510986328125,1151.2406005859375,8150.0,2684.588134765625,1438.3822021484375,4521.126953125,8841.1435546875,4004.067138671875,3644.68359375,1030.538818359375,5388.1259765625,920.0,122.0,4508.18408203125,1425.0,113.0,526.6998901367188,831.6929321289062,2060.2900390625,84.0,347.9040222167969,10741.1767578125,3526.896728515625,7195.609375,6667.27490234375,2198.6181640625,22104.427734375,1859.081298828125,1211.2000732421875,1314.2276611328125,422.0,1650.0,1052.1824951171875,1454.4825439453125,847.597412109375,2386.862548828125,157.7498779296875,2906.19775390625,2437.97705078125,650.5083618164062,22691.76171875,1622.374267578125,979.0576782226562
2025-01-22,8376.158203125,946.1420288085938,1884.87548828125,1137.3702392578125,8600.0,2862.24462890625,1447.907958984375,4567.16748046875,8864.2275390625,4046.304443359375,3644.68359375,1021.1275024414062,5477.18603515625,930.0,124.0,4693.98779296875,1465.0,114.0,521.9972534179688,856.2991943359375,2069.3662109375,84.0,363.3664245605469,11107.3525390625,3487.489990234375,7364.6337890625,6716.845703125,2208.218994140625,22358.2578125,1835.0,1230.7354736328125,1343.9837646484375,416.0,1650.0,1061.79150390625,1431.8974609375,971.3008422851562,2404.608642578125,156.858642578125,2848.26708984375,2530.67578125,665.072021484375,22890.42578125,1589.5516357421875,904.1298217773438
2025-01-23,8540.396484375,955.41796875,1901.124267578125,1137.3702392578125,8400.0,2773.416259765625,1419.330810546875,4511.9189453125,8864.2275390625,3928.040771484375,3678.90625,1021.1275024414062,5499.451171875,915.0,125.0,4605.9755859375,1480.0,116.0,521.9972534179688,836.6141967773438,2096.594482421875,86.0,349.8368225097656,11009.7060546875,3369.27001953125,7243.90234375,6692.06005859375,2237.02197265625,22337.10546875,1806.102294921875,1206.316162109375,1353.9024658203125,416.0,1605.0,1081.009521484375,1490.6187744140625,962.1375732421875,2395.735595703125,154.18490600585938,2886.8876953125,2512.135986328125,674.7810668945312,22471.025390625,1631.7520751953125,904.1298217773438
2025-01-24,8516.93359375,946.1420288085938,1868.6265869140625,1100.382568359375,8450.0,2704.32763671875,1419.330810546875,4484.294921875,8633.3876953125,3894.2509765625,3584.794677734375,1002.3048706054688,5454.92138671875,905.0,120.0,4645.091796875,1430.0,113.0,507.8891906738281,836.6141967773438,2078.442138671875,83.0,347.9040222167969,11156.1767578125,3162.385009765625,7292.19482421875,6692.06005859375,2237.02197265625,22273.6484375,1945.7742919921875,1191.66455078125,1324.1463623046875,410.0,1600.0,1061.79150390625,1490.6187744140625,916.321533203125,2395.735595703125,151.5111846923828,2838.61181640625,2493.59619140625,660.2174682617188,22161.994140625,1584.8626708984375,979.0576782226562
2025-01-30,9033.111328125,936.8662109375,1868.6265869140625,1035.6541748046875,7975.0,2724.0673828125,1328.8365478515625,4401.4228515625,8448.716796875,3919.59326171875,3524.905517578125,959.9539794921875,5432.65625,925.0,118.0,4517.962890625,1440.0,111.0,540.8079223632812,836.6141967773438,2060.2900390625,80.0,361.4336242675781,11302.6474609375,2994.90673828125,7364.6337890625,6543.34765625,2198.6181640625,21914.0546875,1926.5091552734375,1206.316162109375,1329.105712890625,390.0,1580.0,1008.9421997070312,1472.5506591796875,893.4134521484375,2377.989501953125,159.53236389160156,2742.060546875,2447.246826171875,650.5083618164062,21610.150390625,1547.35107421875,1223.8221435546875
2025-01-31,8868.873046875,932.2282104492188,1892.9998779296875,1026.4072265625,7525.0,2832.63525390625,1324.07373046875,4419.8388671875,8725.72265625,4029.409423828125,3610.461669921875,983.4822387695312,5365.86083984375,920.0,118.0,4566.85888671875,1442.5,112.0,531.402587890625,836.6141967773438,2060.2900390625,81.0,413.61920166015625,11229.412109375,2955.5,7581.951171875,6692.06005859375,2217.820068359375,21892.90234375,1921.69287109375,1235.619384765625,1274.5528564453125,382.0,1565.0,1037.76904296875,1445.448486328125,870.5054321289062,2386.862548828125,161.31484985351562,2713.094970703125,2465.78662109375,616.5265502929688,21963.33203125,1528.595458984375,1223.8221435546875
2025-02-03,8493.4716796875,876.57275390625,1876.7510986328125,1012.536865234375,7075.0,2842.505126953125,1314.5479736328125,4383.0068359375,8633.3876953125,4037.85693359375,3636.12841796875,950.5426635742188,5165.4765625,910.0,115.0,4576.63818359375,1392.5,112.0,503.1864929199219,812.0078735351562,2078.442138671875,81.0,417.48480224609375,10960.8828125,2797.873291015625,7364.6337890625,6692.06005859375,2150.61328125,22062.123046875,1926.5091552734375,1172.1290283203125,1269.593505859375,376.0,1450.0,1032.964599609375,1436.4144287109375,838.4342041015625,2369.116455078125,158.64112854003906,2664.8193359375,2437.97705078125,611.6720581054688,22073.69921875,1481.7059326171875,1393.65869140625
2025-02-04,8423.0830078125,844.107177734375,1892.9998779296875,1021.7837524414062,6900.0,2852.374755859375,1333.5994873046875,4419.8388671875,8471.80078125,3970.27783203125,3644.68359375,945.8370361328125,5054.1513671875,925.0,115.0,4576.63818359375,1422.5,117.0,517.2945556640625,812.0078735351562,2078.442138671875,87.0,423.283203125,10838.8232421875,2778.169921875,7437.07275390625,6518.5625,2160.21435546875,21892.90234375,1955.40673828125,1220.9677734375,1239.83740234375,386.0,1500.0,1008.9421997070312,1431.8974609375,833.8526000976562,2386.862548828125,163.0973358154297,2780.680908203125,2447.246826171875,611.6720581054688,22073.69921875,1467.63916015625,1393.65869140625
2025-02-05,8305.7705078125,844.107177734375,1917.373291015625,1040.2777099609375,7250.0,2891.85400390625,1381.22802734375,4364.5908203125,8425.6328125,3801.329833984375,3542.016845703125,936.4257202148438,4920.5615234375,935.0,115.0,4576.63818359375,1395.0,113.0,536.105224609375,797.2440795898438,2060.2900390625,85.0,454.2080078125,10643.529296875,2797.873291015625,7268.04833984375,6369.85009765625,2141.012451171875,22040.970703125,2013.2020263671875,1181.8968505859375,1180.3251953125,380.0,1475.0,1028.1600341796875,1472.5506591796875,852.1790161132812,2413.48193359375,166.66229248046875,2780.680908203125,2428.707275390625,611.6720581054688,22206.142578125,1467.63916015625,1393.65869140625
2025-02-06,7813.05517578125,820.9174194335938,1860.502197265625,1040.2777099609375,7125.0,2921.463623046875,1333.5994873046875,4189.63916015625,8264.0458984375,3623.934326171875,3396.571533203125,912.8973999023438,4542.056640625,910.0,113.0,4498.40478515625,1415.0,112.0,540.8079223632812,792.3228149414062,2078.442138671875,83.0,448.40960693359375,10692.3525390625,2797.873291015625,7268.04833984375,6097.21044921875,2102.608642578125,21533.30859375,1984.304443359375,1269.8065185546875,1239.83740234375,370.0,1430.0,989.7242431640625,1413.829345703125,829.27099609375,2351.3701171875,170.22727966308594,2674.474365234375,2373.087890625,611.6720581054688,21566.00390625,1416.060791015625,1528.52880859375
2025-02-07,7648.81689453125,807.0034790039062,1844.2530517578125,1044.9010009765625,6875.0,2872.114501953125,1362.1766357421875,4281.71923828125,8633.3876953125,3607.03955078125,3447.9052734375,908.1917724609375,4586.5869140625,815.0,109.0,4498.40478515625,1132.5,110.0,554.9159545898438,826.7716674804688,2078.442138671875,83.0,442.6112060546875,11107.3525390625,2886.538330078125,7388.7802734375,5998.06884765625,2131.411376953125,21723.681640625,2003.5694580078125,1235.619384765625,1289.430908203125,376.0,1420.0,994.5286865234375,1422.8634033203125,815.5261840820312,2369.116455078125,181.81341552734375,2606.888427734375,2400.8974609375,611.6720581054688,21897.109375,1336.3487548828125,1678.3846435546875
2025-02-10,7484.578125,788.4517211914062,1795.5062255859375,1021.7837524414062,7125.0,2941.203125,1319.3109130859375,4208.05517578125,8448.716796875,3505.670654296875,3396.571533203125,889.369140625,4452.9970703125,815.0,101.0,4508.18408203125,907.5,103.0,540.8079223632812,797.2440795898438,2069.3662109375,82.0,432.94720458984375,11009.7060546875,2788.021728515625,7509.51220703125,6097.21044921875,1843.3828125,21321.783203125,2032.4671630859375,1289.3419189453125,1289.430908203125,374.0,1490.0,1018.5512084960938,1440.9315185546875,797.1997680664062,2324.7509765625,183.5959014892578,2558.61279296875,2261.849365234375,597.1083984375,21301.119140625,1411.371826171875,1513.543212890625
2025-02-11,7273.41455078125,746.7101440429688,1746.759521484375,1021.7837524414062,6775.0,2980.682373046875,1333.5994873046875,4244.88720703125,8379.4638671875,3438.091552734375,3430.7939453125,865.8408203125,4346.125,810.0,96.0,4439.72998046875,735.0,112.0,545.5106201171875,807.0866088867188,2060.2900390625,81.0,450.3424072265625,10960.8828125,2669.8017578125,7437.07275390625,5948.498046875,1560.15478515625,21216.021484375,1984.304443359375,1220.9677734375,1264.6341552734375,386.0,1455.0,1008.9421997070312,1472.5506591796875,755.9652099609375,2324.7509765625,187.16087341308594,2500.681884765625,2150.61083984375,577.6902465820312,21566.00390625,1336.3487548828125,1363.6875
2025-02-12,7554.96630859375,765.261962890625,1819.8797607421875,1021.7837524414062,7175.0,2980.682373046875,1328.8365478515625,4272.51123046875,8448.716796875,3632.381591796875,3447.9052734375,875.2521362304688,4399.56103515625,820.0,99.0,4498.40478515625,742.5,110.0,564.3213500976562,807.0866088867188,2060.2900390625,83.0,440.67840576171875,10887.6474609375,2669.8017578125,7533.658203125,5799.78564453125,1670.565673828125,21448.69921875,1974.671875,1255.1549072265625,1269.593505859375,390.0,1505.0,999.3331909179688,1481.584716796875,760.546875,2342.4970703125,197.85577392578125,2462.061279296875,2298.928955078125,592.2538452148438,21963.33203125,1289.4593505859375,1498.5577392578125
2025-02-13,7461.11572265625,746.7101440429688,1795.5062255859375,1021.7837524414062,6750.0,2832.63525390625,1400.2794189453125,4290.92724609375,8310.212890625,3590.144775390625,3413.682861328125,884.6634521484375,4475.26171875,800.0,101.0,4429.95068359375,705.0,118.0,578.4293212890625,792.3228149414062,2069.3662109375,81.0,446.476806640625,10960.8828125,2738.763427734375,7533.658203125,6097.21044921875,1665.7652587890625,21512.15625,2003.5694580078125,1260.0386962890625,1284.4715576171875,392.0,1670.0,999.3331909179688,1468.0335693359375,810.944580078125,2386.862548828125,199.6382598876953,2558.61279296875,2243.3095703125,592.2538452148438,21632.224609375,1326.9708251953125,1648.4134521484375
2025-02-14,7508.041015625,769.89990234375,1819.8797607421875,1026.4072265625,6825.0,2793.156005859375,1457.4337158203125,4309.34326171875,8287.12890625,3691.513427734375,3302.460205078125,917.6030883789062,4564.32177734375,810.0,103.0,4469.0673828125,750.0,122.0,583.1320190429688,792.3228149414062,2069.3662109375,81.0,473.5360107421875,11253.8232421875,2738.763427734375,7485.36572265625,5998.06884765625,1636.96240234375,21660.22265625,1907.2440185546875,1260.0386962890625,1200.16259765625,384.0,1650.0,1028.1600341796875,1486.1016845703125,810.944580078125,2404.608642578125,199.6382598876953,2693.78466796875,2345.2783203125,597.1083984375,22117.845703125,1373.8602294921875,1798.2691650390625
2025-02-17,7742.6669921875,788.4517211914062,1852.3775634765625,1031.03076171875,7025.0,2724.0673828125,1481.2479248046875,4364.5908203125,8610.3046875,3860.46142578125,3447.9052734375,931.7200317382812,4831.50146484375,870.0,107.0,4488.62548828125,860.0,135.0,573.7266235351562,792.3228149414062,2060.2900390625,82.0,473.5360107421875,11229.412109375,2925.945068359375,7557.8046875,6295.49365234375,1670.565673828125,21765.986328125,1902.427734375,1255.1549072265625,1200.16259765625,384.0,1800.0,1047.3780517578125,1522.2379150390625,815.5261840820312,2404.608642578125,199.6382598876953,2693.78466796875,2456.516845703125,611.6720581054688,21897.109375,1350.4156494140625,1723.34130859375
2025-02-18,7859.98046875,797.7276611328125,1836.128662109375,1109.6295166015625,7350.0,2664.848388671875,1476.485107421875,4419.8388671875,8587.2197265625,4012.5146484375,3550.572265625,936.4257202148438,4853.7666015625,860.0,110.0,4547.30078125,835.0,144.0,587.834716796875,792.3228149414062,2060.2900390625,79.0,471.60321044921875,11253.8232421875,2945.6484375,7581.951171875,6270.70849609375,1660.9647216796875,21808.291015625,1921.69287109375,1264.922607421875,1378.69921875,388.0,1800.0,1042.573486328125,1535.7890625,797.1997680664062,2386.862548828125,199.6382598876953,2703.43994140625,2484.326416015625,606.8175048828125,21830.888671875,1359.79345703125,1673.389404296875
2025-02-19,7578.4287109375,783.8137817382812,1828.0042724609375,1114.2529296875,7025.0,2447.712646484375,1500.2994384765625,4327.75927734375,8264.0458984375,3818.224609375,3439.349365234375,908.1917724609375,4608.85205078125,855.0,113.0,4537.521484375,815.0,145.0,592.5374145507812,797.2440795898438,2051.213623046875,80.0,546.0159912109375,11375.8828125,2847.131591796875,7726.8291015625,6295.49365234375,1632.161865234375,21744.833984375,1897.6114501953125,1206.316162109375,1368.780517578125,374.0,1750.0,1028.1600341796875,1522.2379150390625,833.8526000976562,2360.2431640625,206.76820373535156,2732.4052734375,2475.056640625,582.5447998046875,22250.2890625,1289.4593505859375,1768.298095703125
2025-02-20,7179.56396484375,760.6240234375,1787.3818359375,1141.9937744140625,7225.0,2506.931640625,1605.0821533203125,4346.17529296875,8310.212890625,3767.5400390625,3345.238037109375,903.486083984375,4586.5869140625,840.0,111.0,4508.18408203125,790.0,145.0,601.9427490234375,787.401611328125,2060.2900390625,80.0,555.6799926757812,11278.2353515625,2876.686767578125,7702.6826171875,6270.70849609375,1684.9671630859375,21342.935546875,1916.8765869140625,1181.8968505859375,1378.69921875,378.0,1810.0,1023.3555908203125,1522.2379150390625,856.7606201171875,2369.116455078125,203.20323181152344,2684.129638671875,2475.056640625,592.2538452148438,21852.962890625,1266.0145263671875,2068.009521484375
2025-02-21,7203.02685546875,769.89990234375,1771.1329345703125,1137.3702392578125,7275.0,2477.322021484375,1543.1650390625,4373.798828125,8310.212890625,3632.381591796875,3328.126708984375,879.9578247070312,4519.79150390625,850.0,110.0,4557.07958984375,780.0,145.0,601.9427490234375,767.716552734375,2042.1376953125,80.0,541.1840209960938,11229.412109375,3004.75830078125,7437.07275390625,6245.9228515625,1660.9647216796875,21385.240234375,1892.7952880859375,1191.66455078125,1418.3740234375,378.0,1825.0,1018.5512084960938,1499.65283203125,838.4342041015625,2360.2431640625,206.76820373535156,2693.78466796875,2456.516845703125,577.6902465820312,21698.4453125,1209.747314453125,2327.759521484375
2025-02-24,7132.638671875,755.986083984375,1779.2574462890625,1123.499755859375,6900.0,2487.19189453125,1562.216552734375,4327.75927734375,8240.9609375,3547.907958984375,3353.793701171875,865.8408203125,4475.26171875,825.0,108.0,4547.30078125,740.0,140.0,601.9427490234375,738.18896484375,2051.213623046875,79.0,517.0239868164062,11595.587890625,2896.389892578125,7630.24365234375,6146.78125,1608.1595458984375,21321.783203125,1902.427734375,1181.8968505859375,1467.967529296875,372.0,1715.0,1013.7467041015625,1504.1697998046875,865.923828125,2342.4970703125,206.76820373535156,2684.129638671875,2410.16748046875,563.1266479492188,22073.69921875,1186.302490234375,2447.644287109375
2025-02-25,6874.5498046875,737.4342651367188,1706.1373291015625,1109.6295166015625,6575.0,2378.6240234375,1557.45361328125,4198.84716796875,8148.6259765625,3573.25,3251.12646484375,856.4295043945312,4337.21875,815.0,102.0,4390.83447265625,720.0,135.0,521.9972534179688,738.18896484375,2033.0614013671875,78.0,517.0239868164062,11058.529296875,2709.208251953125,7557.8046875,5750.21484375,1550.5538330078125,21004.494140625,1902.427734375,1133.05810546875,1438.21142578125,354.0,1545.0,994.5286865234375,1477.067626953125,847.597412109375,2324.7509765625,183.5959014892578,2693.78466796875,2280.38916015625,553.4176025390625,20749.27734375,1078.456787109375,2207.875
2025-02-26,6710.3115234375,737.4342651367188,1714.26171875,1114.2529296875,6525.0,2210.837158203125,1552.6907958984375,4217.26318359375,8102.45751953125,3674.618896484375,3268.237548828125,847.0181884765625,4381.7490234375,825.0,100.0,4410.392578125,730.0,140.0,521.9972534179688,728.346435546875,2033.0614013671875,77.0,517.0239868164062,10252.94140625,2837.280029296875,7461.21923828125,5527.14599609375,1560.15478515625,20877.580078125,1859.081298828125,1157.4774169921875,1453.0894775390625,354.0,1595.0,1004.1376953125,1458.9996337890625,847.597412109375,2315.877685546875,185.37838745117188,2587.578125,2336.00830078125,553.4176025390625,20660.982421875,1125.3463134765625,2607.490478515625
2025-02-27,6804.162109375,760.6240234375,1681.763916015625,1211.345458984375,6900.0,2161.48828125,1547.927978515625,4226.47119140625,7871.6181640625,3666.17138671875,3105.681396484375,842.3125610351562,4150.19287109375,800.0,100.0,4332.15966796875,710.0,135.0,531.402587890625,718.5039672851562,2033.0614013671875,76.0,460.00640869140625,10155.2939453125,2916.09326171875,7340.48779296875,5527.14599609375,1521.7509765625,21004.494140625,1825.367431640625,1113.5225830078125,1448.130126953125,338.0,1455.0,989.7242431640625,1382.2100830078125,833.8526000976562,2324.7509765625,176.46595764160156,2500.681884765625,2308.19873046875,538.8539428710938,20683.056640625,1125.3463134765625,2567.52880859375
2025-02-28,6311.44677734375,718.8824462890625,1681.763916015625,1146.6170654296875,6550.0,2171.35791015625,1509.8250732421875,4171.22314453125,7779.28271484375,3404.302001953125,2874.68017578125,785.8446655273438,4096.75732421875,785.0,94.0,4097.4599609375,670.0,124.0,512.5918579101562,718.5039672851562,2005.8328857421875,75.0,456.14080810546875,10204.1171875,2866.8349609375,6881.70703125,4659.65673828125,1420.94091796875,20052.630859375,1796.4697265625,1054.9161376953125,1423.3333740234375,328.0,1400.0,960.8973388671875,1359.625,801.7813720703125,2298.131591796875,169.33602905273438,2249.648193359375,2178.420654296875,504.8721618652344,19733.88671875,951.85546875,2377.71142578125
2025-03-03,6217.59619140625,732.7963256835938,1665.514892578125,1141.9937744140625,6800.0,2329.27490234375,1509.8250732421875,4309.34326171875,8125.54150390625,3598.59228515625,3139.90380859375,828.1956176757812,4363.93701171875,820.0,98.0,4322.38037109375,745.0,135.0,526.6998901367188,698.8189086914062,2014.9091796875,80.0,507.3600158691406,10326.1767578125,2856.9833984375,7099.0244140625,4897.5966796875,1536.15234375,20327.61328125,1945.7742919921875,1084.2193603515625,1408.455322265625,328.0,1525.0,970.5062866210938,1373.176025390625,820.1077880859375,2289.258544921875,180.03094482421875,2259.30322265625,2224.77001953125,538.8539428710938,19800.107421875,1055.01220703125,2507.58642578125
2025-03-04,5842.1943359375,653.9511108398438,1551.7724609375,1118.87646484375,6000.0,2358.88427734375,1466.9593505859375,4318.55126953125,8171.70849609375,3564.802490234375,3139.90380859375,804.6672973632812,4310.5009765625,800.0,93.0,4165.9140625,690.0,127.0,507.8891906738281,634.842529296875,2014.9091796875,77.0,492.864013671875,10326.1767578125,2709.208251953125,7074.8779296875,4629.9140625,1507.3494873046875,19523.814453125,1945.7742919921875,1084.2193603515625,1368.780517578125,308.0,1470.0,960.8973388671875,1373.176025390625,783.4548950195312,2227.146728515625,176.46595764160156,2133.786376953125,2206.230224609375,519.435791015625,19579.37109375,1022.1895751953125,2068.009521484375
2025-03-05,5982.97021484375,681.7788696289062,1543.6480712890625,1114.2529296875,6500.0,2358.88427734375,1543.1650390625,4511.9189453125,8310.212890625,3767.5400390625,3285.3486328125,828.1956176757812,4328.31298828125,795.0,93.0,4684.20849609375,712.5,128.0,517.2945556640625,629.9212646484375,2060.2900390625,82.0,492.864013671875,10155.2939453125,2807.72509765625,7171.46337890625,4877.7685546875,1516.950439453125,19650.728515625,2032.4671630859375,1064.683837890625,1413.4146728515625,286.0,1480.0,970.5062866210938,1373.176025390625,792.6181030273438,2289.258544921875,178.24844360351562,2191.71728515625,2271.119384765625,529.1448974609375,20903.79296875,1050.3232421875,2157.923095703125
2025-03-06,6358.3720703125,793.0896606445312,1665.514892578125,1183.604736328125,6700.0,2339.144775390625,1547.927978515625,4511.9189453125,8287.12890625,3877.356201171875,3379.460205078125,823.4899291992188,4337.21875,815.0,96.0,4293.04296875,730.0,129.0,540.8079223632812,644.68505859375,2042.1376953125,82.0,507.3600158691406,10106.470703125,2797.873291015625,7050.7314453125,5006.65234375,1478.546630859375,19883.41015625,2051.732177734375,1123.2904052734375,1423.3333740234375,306.0,1475.0,960.8973388671875,1359.625,792.6181030273438,2289.258544921875,188.943359375,2249.648193359375,2224.77001953125,519.435791015625,22007.478515625,1069.0791015625,2227.855712890625
2025-03-07,6076.82080078125,825.5553588867188,1624.892578125,1206.7220458984375,6550.0,2388.493896484375,1552.6907958984375,4539.54296875,8240.9609375,3835.11962890625,3259.682373046875,804.6672973632812,4310.5009765625,820.0,94.0,4214.8095703125,832.5,130.0,507.8891906738281,659.4488525390625,2042.1376953125,86.0,483.20001220703125,10301.7646484375,3054.0166015625,7002.43896484375,5353.6484375,1478.546630859375,20052.630859375,2042.0997314453125,1133.05810546875,1443.1707763671875,310.0,1530.0,965.7017822265625,1364.1419677734375,769.7100830078125,2262.63916015625,183.5959014892578,2278.613525390625,2234.039794921875,519.435791015625,21234.8984375,1125.3463134765625,2327.759521484375
2025-03-10,6264.521484375,797.7276611328125,1555.834716796875,1192.8516845703125,6325.0,2408.2333984375,1419.330810546875,4392.21484375,8240.9609375,3759.0927734375,3216.904052734375,804.6672973632812,4194.72314453125,810.0,102.0,4420.171875,767.5,130.0,517.2945556640625,639.7637939453125,2060.2900390625,85.0,483.20001220703125,10350.587890625,2758.466552734375,7292.19482421875,5081.0087890625,1478.546630859375,20179.544921875,2099.89501953125,1054.9161376953125,1467.967529296875,296.0,1400.0,980.1152954101562,1341.556884765625,755.9652099609375,2227.146728515625,183.5959014892578,2355.854736328125,2215.5,509.7267150878906,20881.71875,1106.590576171875,2147.9326171875
2025-03-11,6170.6708984375,802.3656005859375,1503.025634765625,1183.604736328125,6175.0,2289.795654296875,1447.907958984375,4419.8388671875,8240.9609375,3759.0927734375,3242.57080078125,795.2559814453125,4221.44091796875,800.0,99.0,4214.8095703125,740.0,127.0,507.8891906738281,590.5512084960938,2051.213623046875,80.0,465.8048095703125,10179.7060546875,2561.433349609375,7026.5849609375,4828.19775390625,1454.5443115234375,20221.849609375,2042.0997314453125,1035.380615234375,1453.0894775390625,286.0,1310.0,960.8973388671875,1309.937744140625,746.802001953125,2209.400634765625,177.35720825195312,2249.648193359375,2196.960205078125,495.1630859375,20925.865234375,1115.9683837890625,1878.1922607421875
2025-03-12,6100.283203125,802.3656005859375,1503.025634765625,1206.7220458984375,6425.0,2368.754150390625,1471.7222900390625,4429.046875,8425.6328125,3826.672119140625,3328.126708984375,799.961669921875,4346.125,795.0,97.0,4263.70556640625,737.5,123.0,498.48382568359375,590.5512084960938,2060.2900390625,83.0,456.14080810546875,10667.94140625,2512.175048828125,7219.755859375,4768.71240234375,1468.9456787109375,19693.03515625,2042.0997314453125,1045.1484375,1547.317138671875,280.0,1330.0,960.8973388671875,1364.1419677734375,746.802001953125,2200.527587890625,171.11849975585938,2259.30322265625,2271.119384765625,495.1630859375,20616.8359375,1078.456787109375,1623.4375
2025-03-13,6170.6708984375,830.1932373046875,1515.21240234375,1086.51220703125,6450.0,2368.754150390625,1462.196533203125,4355.3828125,8287.12890625,3826.672119140625,3251.12646484375,781.1390380859375,4221.44091796875,800.0,94.0,4283.263671875,730.0,120.0,489.0784912109375,585.6299438476562,2042.1376953125,81.0,461.939208984375,10741.1767578125,2492.4716796875,7050.7314453125,4758.79833984375,1468.9456787109375,19798.798828125,2042.0997314453125,1059.800048828125,1482.8455810546875,276.0,1340.0,960.8973388671875,1404.7952880859375,737.6387939453125,2173.908203125,167.5535430908203,2249.648193359375,2252.57958984375,500.0176086425781,20351.951171875,1181.6136474609375,1933.139404296875
2025-03-14,6076.82080078125,820.9174194335938,1470.52783203125,1054.14794921875,6175.0,2329.27490234375,1514.587890625,4254.09521484375,8079.37353515625,3742.197998046875,3208.3486328125,771.7277221679688,4221.44091796875,780.0,92.0,4146.35595703125,710.0,118.0,479.6731262207031,575.7874145507812,2051.213623046875,80.0,512.1920166015625,10497.05859375,2423.510009765625,6930.0,4778.626953125,1507.3494873046875,19566.119140625,2013.2020263671875,1025.6129150390625,1487.804931640625,290.0,1340.0,956.0928344726562,1386.7271728515625,700.9859619140625,2173.908203125,166.66229248046875,2182.062255859375,2243.3095703125,490.30853271484375,20064.9921875,1219.1251220703125,1733.3316650390625
2025-03-17,6287.984375,820.9174194335938,1474.5899658203125,1040.2777099609375,6350.0,2398.363525390625,1576.5050048828125,4254.09521484375,7940.87060546875,3657.723876953125,3276.793212890625,781.1390380859375,4168.0048828125,775.0,94.0,4224.5888671875,687.5,122.0,489.0784912109375,556.1023559570312,2060.2900390625,79.0,497.6960144042969,10692.3525390625,2502.3232421875,7026.5849609375,4857.93994140625,1531.3519287109375,19396.8984375,1974.671875,1035.380615234375,1448.130126953125,322.0,1440.0,960.8973388671875,1377.693115234375,696.4043579101562,2173.908203125,176.46595764160156,2182.062255859375,2243.3095703125,504.8721618652344,20506.466796875,1280.0814208984375,1698.3653564453125
2025-03-18,5959.50732421875,820.9174194335938,1458.3411865234375,1003.2899780273438,5925.0,2210.837158203125,1557.45361328125,4281.71923828125,7663.86328125,3539.46044921875,3148.459228515625,776.433349609375,4034.4150390625,655.0,86.0,4244.14697265625,607.5,109.0,462.74346923828125,546.2598266601562,2042.1376953125,83.0,475.46881103515625,10570.2939453125,2393.955078125,6833.41455078125,4758.79833984375,1454.5443115234375,19037.3046875,1916.8765869140625,991.4258422851562,1329.105712890625,310.0,1420.0,951.288330078125,1364.1419677734375,668.9147338867188,2147.2890625,172.9010009765625,2133.786376953125,2243.3095703125,500.0176086425781,19822.181640625,1275.3924560546875,1773.293212890625
2025-03-19,6405.29736328125,830.1932373046875,1462.4034423828125,1012.536865234375,5725.0,2141.74853515625,1581.2679443359375,4318.55126953125,7686.94677734375,3522.565673828125,3174.1259765625,781.1390380859375,4168.0048828125,670.0,89.0,4400.61328125,647.5,108.0,493.7811279296875,551.1810913085938,2060.2900390625,82.0,479.33441162109375,10472.6474609375,2364.39990234375,6954.14599609375,4778.626953125,1411.3399658203125,19164.220703125,1912.060302734375,1006.0774536132812,1319.18701171875,304.0,1410.0,932.0703735351562,1355.10791015625,687.2411499023438,2156.162109375,177.35720825195312,2153.0966796875,2252.57958984375,504.8721618652344,19711.8125,1275.3924560546875,1923.1490478515625
2025-03-20,6405.29736328125,839.4691772460938,1462.4034423828125,1017.160400390625,6250.0,2102.269287109375,1566.9793701171875,4336.96728515625,7733.11474609375,3446.5390625,3131.347900390625,767.0220336914062,4114.5693359375,675.0,89.0,4400.61328125,672.5,106.0,503.1864929199219,570.8661499023438,2060.2900390625,81.0,475.46881103515625,10350.587890625,2265.88330078125,6785.12158203125,4838.11181640625,1353.7342529296875,19375.74609375,1921.69287109375,1064.683837890625,1274.5528564453125,296.0,1430.0,960.8973388671875,1391.244140625,691.82275390625,2138.415771484375,180.03094482421875,2172.406982421875,2215.5,504.8721618652344,19976.697265625,1223.8140869140625,2048.02880859375
2025-03-21,6381.8349609375,834.8312377929688,1462.4034423828125,1017.160400390625,5875.0,1914.742919921875,1509.8250732421875,4456.6708984375,7518.96728515625,3184.669677734375,3165.570556640625,724.671142578125,3927.543212890625,700.0,90.0,4381.05517578125,675.0,104.0,503.1864929199219,556.1023559570312,2051.213623046875,81.0,460.00640869140625,10326.1767578125,2108.256591796875,6736.8291015625,4758.79833984375,1281.7271728515625,19016.15234375,1907.2440185546875,1093.987060546875,1239.83740234375,284.0,1375.0,936.8748779296875,1391.244140625,719.3123779296875,2058.55810546875,178.24844360351562,2046.89013671875,2141.341064453125,509.7267150878906,20197.43359375,1214.436279296875,1943.1297607421875
2025-03-24,6147.20849609375,820.9174194335938,1421.781005859375,1012.536865234375,5100.0,1796.3052978515625,1514.587890625,4318.55126953125,7566.55517578125,3142.4326171875,3088.570068359375,738.7880859375,3972.0732421875,655.0,84.0,4302.82177734375,630.0,97.0,484.3758239746094,551.1810913085938,2051.213623046875,80.0,436.81280517578125,10179.7060546875,2068.85009765625,6567.8046875,4689.3994140625,1358.5347900390625,18508.4921875,1907.2440185546875,1079.33544921875,1249.756103515625,270.0,1345.0,917.6569213867188,1377.693115234375,700.9859619140625,2040.8118896484375,173.792236328125,2143.441650390625,2159.880859375,490.30853271484375,20042.91796875,1172.2357177734375,1828.2403564453125
2025-03-25,5982.97021484375,825.5553588867188,1417.7188720703125,1049.5245361328125,5125.0,1845.654296875,1524.1136474609375,4281.71923828125,7661.732421875,3294.48583984375,3251.12646484375,771.7277221679688,4221.44091796875,645.0,85.0,4302.82177734375,617.5,101.0,468.3866882324219,546.2598266601562,2023.9852294921875,79.0,448.40960693359375,10130.8828125,2137.811767578125,6567.8046875,4778.626953125,1401.739013671875,18995.0,1883.1627197265625,1108.6387939453125,1294.3902587890625,288.0,1350.0,941.6793212890625,1355.10791015625,714.7307739257812,2173.908203125,169.33602905273438,2423.440673828125,2169.150634765625,490.30853271484375,20153.28515625,1167.5467529296875,1768.298095703125
2025-03-26,6170.6708984375,834.8312377929688,1494.9012451171875,1021.7837524414062,5200.0,1983.8316650390625,1571.7421875,4419.8388671875,8113.82177734375,3590.144775390625,3422.23828125,842.3125610351562,4586.5869140625,680.0,90.0,4381.05517578125,645.0,103.0,498.48382568359375,561.0236206054688,2042.1376953125,83.0,454.2080078125,10301.7646484375,2275.735107421875,6688.53662109375,4808.369140625,1449.7437744140625,19418.05078125,1936.1417236328125,1074.45166015625,1314.2276611328125,302.0,1450.0,989.7242431640625,1400.2781982421875,751.3836059570312,2227.146728515625,172.00975036621094,2655.1640625,2261.849365234375,509.7267150878906,20749.27734375,1162.85791015625,1788.27880859375
2025-03-27,6123.74609375,834.8312377929688,1498.96337890625,1012.536865234375,5375.0,2023.3109130859375,1557.45361328125,4530.3349609375,8090.02783203125,3581.697265625,3465.016357421875,832.9012451171875,4631.11669921875,710.0,93.0,4293.04296875,645.0,106.0,512.5918579101562,590.5512084960938,2069.3662109375,83.0,502.52801513671875,9935.587890625,2236.328369140625,6857.560546875,4877.7685546875,1396.9385986328125,19418.05078125,1936.1417236328125,1108.6387939453125,1339.0244140625,300.0,1430.0,984.9197387695312,1404.7952880859375,737.6387939453125,2236.02001953125,178.24844360351562,2558.61279296875,2234.039794921875,490.30853271484375,20793.42578125,1186.302490234375,1798.2691650390625
2025-04-08,5396.404296875,732.7963256835938,1336.4742431640625,896.9505004882812,4610.0,2003.5712890625,1333.5994873046875,4125.18310546875,7399.99609375,3404.302001953125,3114.237060546875,762.31640625,4159.09912109375,645.0,80.0,3892.09814453125,555.0,91.0,453.3381042480469,531.49609375,1996.7568359375,71.0,461.939208984375,9471.7646484375,1901.3717041015625,6954.14599609375,4421.716796875,1204.9195556640625,18466.1875,1825.367431640625,1030.496826171875,1140.650390625,256.0,1220.0,932.0703735351562,1305.420654296875,700.9859619140625,2147.2890625,155.07614135742188,2182.062255859375,2122.80126953125,446.61767578125,17747.25390625,1106.590576171875,1588.47119140625
2025-04-09,5396.404296875,732.7963256835938,1340.536376953125,832.2221069335938,4630.0,2043.050537109375,1405.042236328125,4254.09521484375,7542.76123046875,3412.74951171875,3105.681396484375,776.433349609375,4194.72314453125,600.0,77.0,3960.552001953125,474.0,86.0,451.4570617675781,570.8661499023438,2042.1376953125,67.0,465.8048095703125,9349.7060546875,1812.7066650390625,6447.07275390625,4312.6611328125,1296.1285400390625,19269.984375,1810.9185791015625,1079.33544921875,1091.056884765625,242.0,1040.0,898.43896484375,1346.0738525390625,705.5675659179688,2182.78125,163.98858642578125,2017.9248046875,2150.61083984375,454.38494873046875,18144.580078125,1083.145751953125,1583.4759521484375
2025-04-10,5631.03076171875,769.89990234375,1381.15869140625,1017.160400390625,5000.0,2260.186279296875,1552.6907958984375,4336.96728515625,7828.2919921875,3598.59228515625,3251.12646484375,828.1956176757812,4475.26171875,655.0,81.0,4087.680908203125,552.5,93.0,489.0784912109375,615.157470703125,2069.3662109375,76.0,512.1920166015625,9764.7060546875,2009.739990234375,6833.41455078125,4748.88427734375,1396.9385986328125,19693.03515625,1897.6114501953125,1118.406494140625,1264.6341552734375,262.0,1220.0,975.310791015625,1400.2781982421875,737.6387939453125,2377.989501953125,173.792236328125,2085.5107421875,2178.420654296875,500.0176086425781,19248.265625,1205.058349609375,1978.09619140625
2025-04-11,5537.18017578125,765.261962890625,1393.345458984375,970.92578125,5250.0,2181.227783203125,1609.8450927734375,4336.96728515625,7875.8798828125,3708.408447265625,3285.88623046875,828.1956176757812,4542.056640625,665.0,83.0,4029.006103515625,600.0,99.0,479.6731262207031,605.31494140625,1996.7568359375,77.0,546.0159912109375,9691.470703125,2157.514892578125,6664.39013671875,4957.08154296875,1377.7366943359375,19798.798828125,1873.5301513671875,1152.5936279296875,1294.3902587890625,252.0,1305.0,975.310791015625,1427.38037109375,737.6387939453125,2377.989501953125,166.66229248046875,2066.200439453125,2159.880859375,495.1630859375,19292.412109375,1228.5030517578125,2247.83642578125
2025-04-14,5959.50732421875,816.2794189453125,1433.9677734375,994.0430908203125,6000.0,2141.74853515625,1743.2049560546875,4539.54296875,7994.85107421875,3843.56689453125,3340.198486328125,856.4295043945312,4655.9404296875,695.0,93.0,4224.5888671875,645.0,110.0,484.3758239746094,615.157470703125,2068.248291015625,80.0,555.6799926757812,10082.05859375,2246.179931640625,6881.70703125,4981.8671875,1444.943359375,20983.341796875,1974.671875,1211.2000732421875,1348.943115234375,278.0,1440.0,999.3331909179688,1481.584716796875,769.7100830078125,2431.22802734375,168.44479370117188,2375.1650390625,2252.57958984375,509.7267150878906,19998.771484375,1275.3924560546875,2327.759521484375
2025-04-15,6076.82080078125,820.9174194335938,1462.4034423828125,970.92578125,6050.0,2052.92041015625,1771.7821044921875,4484.294921875,8161.41064453125,3939.342041015625,3340.198486328125,885.0,4616.73291015625,705.0,95.0,4156.134765625,667.5,107.0,474.970458984375,625.0,2049.360107421875,79.0,541.1840209960938,10228.529296875,2265.88330078125,7050.7314453125,4927.33935546875,1507.3494873046875,20898.732421875,1926.5091552734375,1167.2452392578125,1353.9024658203125,278.0,1430.0,1013.7467041015625,1522.2379150390625,788.0364990234375,2448.97412109375,168.44479370117188,2413.78564453125,2271.119384765625,509.7267150878906,20153.28515625,1247.2589111328125,2197.884521484375
2025-04-16,6499.14794921875,839.4691772460938,1462.4034423828125,966.3023681640625,6075.0,1929.5477294921875,1833.69921875,4401.4228515625,8066.2333984375,3773.668701171875,3303.990234375,965.0,4538.31689453125,730.0,100.0,4165.9140625,650.0,109.0,466.5056457519531,600.3936767578125,2068.248291015625,80.0,579.8400268554688,10008.8232421875,2305.2900390625,7147.31689453125,4778.626953125,1531.3519287109375,20814.12109375,1974.671875,1225.8516845703125,1353.9024658203125,278.0,1415.0,980.1152954101562,1508.6868896484375,765.1284790039062,2404.608642578125,164.87982177734375,2365.510009765625,2298.928955078125,500.0176086425781,19623.517578125,1237.8809814453125,2217.865478515625
2025-04-17,6428.76025390625,834.8312377929688,1462.4034423828125,970.92578125,6425.0,1934.4825439453125,1852.7506103515625,4373.798828125,8090.02783203125,3718.4443359375,3294.9384765625,945.0,4508.9111328125,765.0,97.0,4146.35595703125,640.0,108.0,484.3758239746094,605.31494140625,2058.80419921875,80.0,560.5120239257812,10350.587890625,2354.54833984375,7050.7314453125,4768.71240234375,1665.7652587890625,20983.341796875,1936.1417236328125,1172.1290283203125,1358.86181640625,282.0,1645.0,999.3331909179688,1513.203857421875,769.7100830078125,2422.35498046875,166.66229248046875,2365.510009765625,2363.818115234375,519.435791015625,19623.517578125,1237.8809814453125,2207.875
2025-04-21,6334.90966796875,834.8312377929688,1466.465576171875,994.0430908203125,6650.0,1909.80810546875,1990.8734130859375,4410.630859375,7899.673828125,3672.423828125,3276.834228515625,920.0,4518.712890625,765.0,100.0,4068.12255859375,647.5,110.0,479.6731262207031,580.7086791992188,2002.139892578125,79.0,584.6719970703125,10301.7646484375,2354.54833984375,7099.0244140625,4709.2275390625,1612.9599609375,20629.8203125,1835.0,1196.5484619140625,1368.780517578125,290.0,1695.0,1008.9421997070312,1517.720947265625,778.873291015625,2422.35498046875,167.5535430908203,2288.268798828125,2382.35791015625,519.435791015625,20219.5078125,1261.3255615234375,2187.894287109375
2025-04-22,6804.162109375,909.0384521484375,1527.3990478515625,1021.7837524414062,7100.0,1885.133544921875,2086.130615234375,4364.5908203125,8090.02783203125,3690.83203125,3285.88623046875,965.0,4626.53466796875,770.0,112.0,3960.552001953125,680.0,117.0,474.970458984375,610.2362060546875,1983.2518310546875,79.0,594.3359985351562,10228.529296875,2522.026611328125,6954.14599609375,4981.8671875,1656.164306640625,20769.3671875,1715.0,1172.1290283203125,1368.780517578125,324.0,1665.0,1028.1600341796875,1513.203857421875,792.6181030273438,2448.97412109375,165.77105712890625,2452.40625,2363.818115234375,524.2903442382812,20329.876953125,1298.837158203125,2177.90380859375
2025-04-23,6639.923828125,885.8486938476562,1503.025634765625,1049.5245361328125,6825.0,1973.9617919921875,1971.822021484375,4438.2548828125,8304.17578125,3819.68896484375,3403.5625,1010.0,4802.97021484375,775.0,108.0,4097.4599609375,700.0,115.0,474.970458984375,620.0787353515625,1992.69580078125,80.0,560.5120239257812,10448.2353515625,2413.658447265625,7099.0244140625,5031.43798828125,1665.7652587890625,20746.109375,1720.0,1250.27099609375,1343.9837646484375,312.0,1570.0,1052.1824951171875,1549.340087890625,792.6181030273438,2466.720458984375,164.87982177734375,2462.061279296875,2437.97705078125,533.9993896484375,20351.951171875,1336.3487548828125,2197.884521484375
2025-04-24,6616.4609375,871.9348754882812,1523.3367919921875,1105.0059814453125,6825.0,2003.5712890625,2048.02783203125,4392.21484375,8066.2333984375,3838.09716796875,3376.406494140625,1015.0,4793.16845703125,765.0,105.0,4185.47216796875,682.5,112.0,474.970458984375,615.157470703125,1973.8077392578125,80.0,560.5120239257812,10741.1767578125,2403.806640625,7002.43896484375,5006.65234375,1780.9766845703125,20513.529296875,1730.0,1235.619384765625,1324.1463623046875,312.0,1610.0,1032.964599609375,1599.02734375,843.0158081054688,2466.720458984375,163.0973358154297,2442.7509765625,2437.97705078125,529.1448974609375,20351.951171875,1401.993896484375,2177.90380859375
2025-04-25,6639.923828125,890.4866943359375,1527.3990478515625,1095.7591552734375,6875.0,2062.7900390625,2038.501953125,4475.0869140625,8185.20458984375,3865.70947265625,3385.45849609375,1035.0,4802.97021484375,750.0,107.0,4322.38037109375,697.5,114.0,503.1864929199219,625.0,1983.2518310546875,84.0,584.6719970703125,10741.1767578125,2472.768310546875,7219.755859375,5229.72119140625,1771.375732421875,20560.046875,1780.0,1211.2000732421875,1334.0650634765625,316.0,1680.0,1018.5512084960938,1558.3741455078125,884.250244140625,2466.720458984375,177.35720825195312,2510.3369140625,2410.16748046875,538.8539428710938,20396.099609375,1641.1300048828125,2227.855712890625
2025-04-28,6616.4609375,885.8486938476562,1543.6480712890625,1109.6295166015625,6875.0,2013.4410400390625,2028.976318359375,4502.7109375,8351.763671875,3856.50537109375,3475.978759765625,1100.0,4822.57421875,755.0,105.0,4361.4970703125,715.0,114.0,507.8891906738281,625.0,1983.2518310546875,82.0,599.1680297851562,10741.1767578125,2472.768310546875,7171.46337890625,5130.57958984375,1776.1761474609375,20536.7890625,1885.0,1230.7354736328125,1334.0650634765625,328.0,1660.0,1018.5512084960938,1544.8231201171875,847.597412109375,2457.847412109375,181.81341552734375,2481.37158203125,2373.087890625,548.5630493164062,20219.5078125,1561.41796875,2257.826904296875
2025-04-29,6475.68505859375,881.2107543945312,1543.6480712890625,1146.6170654296875,7000.0,2062.7900390625,2076.604736328125,4419.8388671875,8304.17578125,3810.48486328125,3485.03076171875,1085.0,4842.17822265625,755.0,108.0,4341.9384765625,697.5,129.0,503.1864929199219,620.0,2011.583984375,85.0,657.1520385742188,10985.2939453125,2472.768310546875,7243.90234375,5155.36474609375,1857.7843017578125,20513.529296875,1845.0,1230.7354736328125,1343.9837646484375,322.0,1720.0,1028.1600341796875,1553.857177734375,861.3422241210938,2475.593505859375,181.81341552734375,2471.716552734375,2400.8974609375,572.8357543945312,20020.84375,1575.48486328125,2267.8173828125
2025-04-30,6311.44677734375,834.8312377929688,1543.6480712890625,1165.1109619140625,7125.0,2131.878662109375,2067.0791015625,4419.8388671875,8399.3525390625,3847.30126953125,3485.03076171875,1055.0,4793.16845703125,745.0,107.0,4625.53369140625,712.5,131.0,503.1864929199219,605.0,2030.4720458984375,85.0,681.31201171875,11082.94140625,2453.06494140625,7726.8291015625,5105.7939453125,1680.1666259765625,20467.013671875,1820.0,1333.2967529296875,1353.9024658203125,310.0,1670.0,1008.9421997070312,1522.2379150390625,833.8526000976562,2448.97412109375,181.81341552734375,2519.9921875,2447.246826171875,553.4176025390625,20042.91796875,1608.3074951171875,2207.875
2025-05-02,6311.44677734375,839.4691772460938,1531.4613037109375,1151.2406005859375,6975.0,2092.399658203125,2181.3876953125,4410.630859375,8542.1171875,3865.70947265625,3512.18701171875,1050.0,4861.7822265625,755.0,112.0,4635.31298828125,767.5,138.0,545.5106201171875,590.0,2096.58056640625,82.0,632.9920043945312,10741.1767578125,2443.21337890625,7437.07275390625,5328.86279296875,1814.5799560546875,20420.498046875,1750.0,1284.4581298828125,1324.1463623046875,306.0,1690.0,1004.1376953125,1477.067626953125,838.4342041015625,2431.22802734375,181.81341552734375,2452.40625,2484.326416015625,567.981201171875,20109.138671875,1645.8189697265625,2167.91357421875
2025-05-05,6546.0732421875,839.4691772460938,1511.150146484375,1174.35791015625,7075.0,2151.618408203125,2209.96484375,4401.4228515625,8542.1171875,3874.91357421875,3494.0830078125,1055.0,4881.38623046875,770.0,109.0,4547.30078125,777.5,135.0,559.61865234375,615.0,2077.6923828125,83.0,637.8240356445312,10936.470703125,2462.916748046875,7340.48779296875,5799.78564453125,1838.5823974609375,20513.529296875,1745.0,1357.7161865234375,1324.1463623046875,348.0,1680.0,994.5286865234375,1472.5506591796875,838.4342041015625,2413.48193359375,181.81341552734375,2462.061279296875,2502.8662109375,572.820556640625,20131.2109375,1664.57470703125,2187.894287109375
2025-05-06,6499.14794921875,844.107177734375,1523.3367919921875,1174.35791015625,7550.0,2250.31640625,2419.530517578125,4373.798828125,8589.7060546875,3847.30126953125,3512.18701171875,1055.0,4881.38623046875,780.0,111.0,4693.98779296875,877.5,142.0,559.61865234375,645.0,2058.80419921875,83.0,681.31201171875,11009.7060546875,2610.691650390625,7268.04833984375,5775.0,1872.1856689453125,20722.8515625,1765.0,1377.2515869140625,1339.0244140625,360.0,1780.0,999.3331909179688,1463.5166015625,861.3422241210938,2404.608642578125,183.5959014892578,2462.061279296875,2484.326416015625,567.8824462890625,20197.43359375,1720.8421630859375,2167.91357421875
2025-05-07,6546.0732421875,848.7451171875,1543.6480712890625,1192.8516845703125,7400.0,2279.926025390625,2619.5703125,4447.462890625,8637.2939453125,3828.89306640625,3539.343017578125,1055.0,4851.98046875,845.0,110.0,4742.88330078125,880.0,143.0,559.61865234375,630.0,2058.80419921875,84.0,686.14404296875,10814.412109375,2807.72509765625,7485.36572265625,5601.50244140625,1872.1856689453125,20792.625,1795.0,1372.3677978515625,1348.943115234375,354.0,1855.0,1013.7467041015625,1477.067626953125,865.923828125,2448.97412109375,185.37838745117188,2423.440673828125,2428.707275390625,582.69677734375,20536.40234375,1697.3973388671875,2107.97119140625
2025-05-08,6710.3115234375,834.8312377929688,1539.5858154296875,1192.8516845703125,7375.0,2319.405029296875,2486.21044921875,4401.4228515625,8542.1171875,3792.076904296875,3430.71875,1160.0,4695.1484375,820.0,112.0,4742.88330078125,852.5,147.0,572.5635375976562,610.0,2011.583984375,81.0,657.1520385742188,11131.7646484375,2719.06005859375,7509.51220703125,5601.50244140625,1790.57763671875,20583.3046875,1755.0,1406.554931640625,1329.105712890625,346.0,1800.0,1023.3555908203125,1445.448486328125,875.0870361328125,2413.48193359375,187.32974243164062,2404.13037109375,2382.35791015625,592.5729370117188,20276.748046875,1669.263671875,2087.990478515625
2025-05-09,6546.0732421875,834.8312377929688,1507.087890625,1197.66162109375,7275.0,2329.27490234375,2552.890380859375,4401.4228515625,8565.9111328125,3773.668701171875,3475.978759765625,1150.0,4675.54443359375,820.0,110.0,4693.98779296875,877.5,151.0,582.5211791992188,560.0,2039.9161376953125,81.0,647.488037109375,10936.470703125,2817.57666015625,7702.6826171875,5725.42919921875,1747.373291015625,20560.046875,1780.0,1416.3226318359375,1299.349609375,340.0,1805.0,1052.1824951171875,1449.965576171875,865.923828125,2404.608642578125,177.57298278808594,2326.889404296875,2410.16748046875,592.5729370117188,20064.30078125,1669.263671875,2018.0577392578125
2025-05-14,6874.5498046875,839.4691772460938,1555.834716796875,1207.2813720703125,7225.0,2447.712646484375,2429.05615234375,4429.046875,8827.6474609375,4022.178466796875,3702.279541015625,1220.0,4950.0,855.0,117.0,4830.8955078125,967.5,169.0,577.5423583984375,585.0,2087.136474609375,79.0,579.8400268554688,10912.05859375,2856.9833984375,7606.09716796875,5750.21484375,1809.779541015625,20908.916015625,1765.0,1445.6258544921875,1339.0244140625,360.0,1770.0,1085.81396484375,1499.65283203125,893.4134521484375,2475.593505859375,180.5,2433.095947265625,2400.8974609375,617.2634887695312,20725.2421875,1673.95263671875,2048.02880859375
2025-05-15,6851.08740234375,834.8312377929688,1555.834716796875,1202.471435546875,7025.0,2378.6240234375,2429.05615234375,4438.2548828125,8827.6474609375,4141.83154296875,3865.216064453125,1240.0,5219.5546875,860.0,127.0,4801.55810546875,1015.0,165.0,572.5635375976562,575.0,2039.9161376953125,73.0,555.6799926757812,10790.0,2797.873291015625,7823.41455078125,5799.78564453125,1881.78662109375,20885.658203125,1835.0,1489.5806884765625,1299.349609375,362.0,1830.0,1095.4229736328125,1504.1697998046875,989.6273193359375,2457.847412109375,177.57298278808594,2433.095947265625,2465.78662109375,607.3872680664062,20418.376953125,1678.6416015625,2018.0577392578125
2025-05-16,6851.08740234375,881.2107543945312,1746.759521484375,1226.5208740234375,7025.0,2467.452392578125,2514.78759765625,4493.5029296875,8851.44140625,4141.83154296875,3847.112060546875,1250.0,5366.583984375,875.0,121.0,4821.11669921875,1030.0,163.0,562.60595703125,575.0,2058.80419921875,73.0,570.176025390625,10814.412109375,2906.24169921875,8161.46337890625,5923.71240234375,1939.392333984375,21025.205078125,1795.0,1470.045166015625,1329.105712890625,358.0,1935.0,1085.81396484375,1526.7550048828125,1163.728271484375,2537.705078125,169.767578125,2481.37158203125,2539.945556640625,607.3872680664062,20678.033203125,1655.19677734375,2028.048095703125
2025-05-19,7296.87744140625,927.5902709960938,1884.87548828125,1221.7110595703125,6900.0,2467.452392578125,2590.9931640625,4548.7509765625,9041.7958984375,4105.01513671875,3829.0078125,1240.0,5415.59423828125,880.0,125.0,4752.66259765625,995.0,163.0,567.584716796875,610.0,2087.136474609375,71.0,608.83203125,10692.3525390625,2955.5,7944.14599609375,6097.21044921875,2016.199951171875,21211.26953125,1800.0,1421.20654296875,1309.268310546875,366.0,2070.0,1105.031982421875,1571.92529296875,1136.2386474609375,2573.197509765625,167.81622314453125,2616.543701171875,2614.104736328125,592.5729370117188,20866.873046875,1655.19677734375,2078.0
2025-05-20,6944.93798828125,918.3143920898438,1795.5062255859375,1221.7110595703125,6700.0,2467.452392578125,2600.51904296875,4475.0869140625,9018.001953125,4095.81103515625,3810.90380859375,1230.0,5293.0693359375,930.0,122.0,4713.5458984375,1167.5,156.0,547.6694946289062,630.0,2049.360107421875,72.0,604.0,10497.05859375,2886.538330078125,7606.09716796875,6121.99609375,1968.1951904296875,20769.3671875,1800.0,1465.161376953125,1284.4715576171875,354.0,2020.0,1071.4005126953125,1558.3741455078125,1191.2178955078125,2502.212646484375,165.8648681640625,2442.7509765625,2539.945556640625,602.4491577148438,20536.40234375,1603.6185302734375,2048.02880859375
2025-05-21,6968.400390625,1011.0734252929688,1754.8841552734375,1322.7186279296875,6900.0,2576.020263671875,2771.981689453125,4591.09326171875,9232.1494140625,4160.23974609375,3856.163818359375,1275.0,5342.0791015625,980.0,118.0,4782.0,1117.5,157.0,537.7118530273438,635.0,2058.80419921875,70.0,623.3280029296875,10570.2939453125,3251.050048828125,7702.6826171875,6121.99609375,2016.199951171875,20978.689453125,1765.0,1494.464599609375,1294.3902587890625,354.0,2050.0,1105.031982421875,1576.4422607421875,1278.2685546875,2475.593505859375,164.88919067382812,2481.37158203125,2549.215576171875,607.3872680664062,20583.61328125,1650.5079345703125,2018.0577392578125
2025-05-22,6804.162109375,1015.7113037109375,1746.759521484375,1289.0494384765625,6850.0,2566.150390625,2819.6103515625,4551.76904296875,9184.560546875,4114.21923828125,3892.3720703125,1275.0,5342.0791015625,1080.0,116.0,4772.220703125,1110.0,152.0,532.7330322265625,625.0,2049.360107421875,72.0,608.83203125,10545.8828125,3349.566650390625,7630.24365234375,6221.1376953125,1996.998046875,21071.720703125,1715.0,1406.554931640625,1339.0244140625,352.0,2030.0,1177.0992431640625,1626.1295166015625,1250.7789306640625,2502.212646484375,169.767578125,2577.923095703125,2595.56494140625,592.5729370117188,20654.427734375,1702.0863037109375,1998.076904296875
2025-05-23,6757.23681640625,1001.7974853515625,1706.1373291015625,1250.5703125,6900.0,2566.150390625,2981.54736328125,4659.91015625,9208.3544921875,4151.03564453125,3937.63232421875,1270.0,5317.57421875,1155.0,118.0,4772.220703125,1115.0,161.0,542.690673828125,620.0,2049.360107421875,72.0,613.6640014648438,10570.2939453125,3487.489990234375,7581.951171875,6121.99609375,2035.40185546875,20932.173828125,1650.0,1426.09033203125,1329.105712890625,360.0,2040.0,1157.8812255859375,1599.02734375,1223.2891845703125,2519.958984375,167.81622314453125,2626.19873046875,2493.59619140625,587.6348266601562,20725.2421875,1673.95263671875,1998.076904296875
2025-05-26,6898.0126953125,987.8836059570312,1698.0126953125,1245.760498046875,6775.0,2566.150390625,2962.495849609375,4650.0791015625,9160.767578125,4141.83154296875,3910.476318359375,1265.0,5366.583984375,1220.0,118.0,4723.3251953125,1137.5,163.0,547.6694946289062,605.0,2049.360107421875,68.0,613.6640014648438,10765.587890625,3546.60009765625,7581.951171875,6196.35205078125,2006.5989990234375,20839.142578125,1620.0,1484.69677734375,1294.3902587890625,360.0,2060.0,1210.7305908203125,1639.6806640625,1237.0340576171875,2511.0859375,163.91351318359375,2761.370849609375,2595.56494140625,572.820556640625,20512.796875,1655.19677734375,1998.076904296875
2025-05-27,6874.5498046875,997.1594848632812,1860.502197265625,1240.9505615234375,6900.0,2516.80126953125,2886.290283203125,4620.58642578125,8994.20703125,4169.44384765625,3955.736083984375,1275.0,5293.0693359375,1350.0,119.0,4733.10400390625,1135.0,172.0,547.6694946289062,600.0,2058.80419921875,66.0,594.3359985351562,10863.2353515625,3520.0,7606.09716796875,6270.70849609375,2064.204833984375,20955.431640625,1675.0,1533.5355224609375,1339.0244140625,354.0,2040.0,1205.9261474609375,1648.7147216796875,1232.452392578125,2528.83203125,160.0108184814453,2742.060546875,2623.37451171875,572.820556640625,20678.033203125,1631.7520751953125,2008.0672607421875
2025-05-28,6780.69921875,955.41796875,1787.3818359375,1226.5208740234375,6925.0,2398.363525390625,2962.495849609375,4768.0517578125,8946.619140625,4132.62744140625,4028.15234375,1255.0,5195.04931640625,1260.0,118.0,4733.10400390625,1140.0,167.0,567.584716796875,590.0,2077.6923828125,64.0,584.6719970703125,10643.529296875,3510.0,7606.09716796875,6369.85009765625,2006.5989990234375,21001.947265625,1605.0,1479.81298828125,1289.430908203125,360.0,2020.0,1181.9036865234375,1644.1976318359375,1237.0340576171875,2564.324462890625,158.05946350097656,2713.094970703125,2614.104736328125,577.7586669921875,21197.345703125,1622.374267578125,2008.0672607421875
2025-06-02,6663.38623046875,960.0559692382812,1730.5106201171875,1188.0418701171875,6900.0,2497.061767578125,3162.535888671875,4699.234375,8661.0888671875,4022.178466796875,3801.851806640625,1200.0,4974.5048828125,1250.0,123.0,4782.0,1172.5,165.0,567.584716796875,580.0,2058.80419921875,62.0,618.4960327148438,10545.8828125,3530.0,7412.9267578125,6196.35205078125,1987.3970947265625,20676.3359375,1575.0,1523.767822265625,1274.5528564453125,354.0,2120.0,1191.5126953125,1644.1976318359375,1195.799560546875,2537.705078125,157.0837860107422,2664.8193359375,2577.025146484375,562.9443359375,20678.033203125,1622.374267578125,2078.0
2025-06-03,6592.99853515625,941.504150390625,1706.1373291015625,1216.901123046875,6925.0,2585.889892578125,3200.638671875,4620.58642578125,8613.5,4022.178466796875,3801.851806640625,1200.0,4950.0,1290.0,118.0,4790.0,1180.0,166.0,557.6271362304688,565.0,2039.9161376953125,62.0,604.0,10375.0,3590.0,7557.8046875,6146.78125,1996.998046875,20653.078125,1580.0,1514.0,1259.6748046875,362.0,2070.0,1205.9261474609375,1675.81689453125,1204.9627685546875,2537.705078125,155.13243103027344,2732.4052734375,2595.56494140625,543.19189453125,20205.931640625,1584.8626708984375,2227.855712890625
2025-06-04,6546.0732421875,983.2457275390625,1706.1373291015625,1188.0418701171875,7425.0,2550.0,3381.627197265625,4532.10693359375,8542.1171875,3957.75,3693.2275390625,1190.0,4925.4951171875,1290.0,120.0,4940.0,1152.5,191.0,572.5635375976562,600.0,2068.248291015625,62.0,608.83203125,10570.2939453125,3870.0,7944.14599609375,6617.7041015625,1987.3970947265625,20746.109375,1550.0,1600.0,1259.6748046875,452.0,2240.0,1196.317138671875,1662.2657470703125,1200.381103515625,2528.83203125,160.9864959716797,2693.78466796875,2614.104736328125,548.1300048828125,20205.931640625,1542.6622314453125,2087.990478515625
2025-06-05,6428.76025390625,955.41796875,1722.3861083984375,1163.992431640625,7900.0,2540.0,3286.3701171875,4532.10693359375,8494.5283203125,4068.198974609375,3711.33154296875,1145.0,4974.5048828125,1510.0,123.0,4860.0,1185.0,184.0,562.60595703125,595.0,2077.6923828125,61.0,608.83203125,10448.2353515625,3710.0,7871.70703125,6369.85009765625,1996.998046875,20653.078125,1550.0,1600.0,1249.756103515625,450.0,2160.0,1201.12158203125,1657.748779296875,1223.2891845703125,2546.578125,157.0837860107422,2740.0,2632.64453125,523.439453125,20229.537109375,1523.906494140625,2038.0384521484375
2025-06-10,6592.99853515625,936.8662109375,1714.26171875,1173.6121826171875,8000.0,2520.0,3105.381591796875,4522.27587890625,8661.0888671875,4160.23974609375,3756.591796875,1190.0,5146.03955078125,1505.0,122.0,4830.0,1285.0,192.0,577.5423583984375,585.0,2058.80419921875,66.0,589.5040283203125,10399.412109375,3500.0,7920.0,6444.2060546875,2025.8009033203125,20885.658203125,1600.0,1580.0,1269.593505859375,414.0,2140.0,1229.9486083984375,1693.885009765625,1246.1973876953125,2626.43603515625,160.9864959716797,2870.0,2697.533447265625,518.5013427734375,20276.748046875,1519.217529296875,2048.02880859375
2025-06-11,6780.69921875,950.780029296875,1722.3861083984375,1202.471435546875,8025.0,2480.0,3124.43310546875,4532.10693359375,8613.5,4178.64794921875,3684.175537109375,1180.0,5097.02978515625,1495.0,132.0,4920.0,1190.0,202.0,567.584716796875,590.0,2096.58056640625,68.0,594.3359985351562,10448.2353515625,3520.0,8209.755859375,6592.91845703125,2016.199951171875,21025.205078125,1625.0,1540.0,1249.756103515625,478.0,2230.0,1229.9486083984375,1702.9190673828125,1241.61572265625,2670.801513671875,161.96217346191406,2830.0,2800.0,543.19189453125,20418.376953125,1514.528564453125,2147.9326171875
2025-06-12,6663.38623046875,946.1420288085938,1722.3861083984375,1236.140625,8200.0,2480.0,3019.650146484375,4482.95166015625,8684.8828125,4178.64794921875,3684.175537109375,1180.0,5072.52490234375,1485.0,138.0,4970.0,1187.5,198.0,567.584716796875,590.0,2068.248291015625,67.0,608.83203125,10423.8232421875,3460.0,7944.14599609375,6444.2060546875,2060.0,21094.978515625,1595.0,1535.0,1254.7154541015625,460.0,2190.0,1229.9486083984375,1680.0,1369.900634765625,2644.182373046875,162.93783569335938,2920.0,2780.0,538.2537841796875,20418.376953125,1523.906494140625,2058.019287109375
2025-06-13,6686.84912109375,958.6187133789062,1759.1474609375,1265.0,8200.0,2440.0,3143.484375,4492.78271484375,8589.7060546875,4178.64794921875,3620.811279296875,1160.0,5048.02001953125,1525.0,133.0,4900.0,1175.0,195.0,547.6694946289062,635.0,2068.248291015625,64.0,700.6400146484375,10350.587890625,3430.0,8040.7314453125,6221.1376953125,2090.0,21350.81640625,1580.0,1530.0,1249.756103515625,456.0,2230.0,1345.2562255859375,1670.0,1314.92138671875,2635.30908203125,160.9864959716797,2900.0,2740.0,528.3775634765625,20748.84765625,1462.9501953125,2058.019287109375
2025-06-16,6804.162109375,992.6812744140625,1763.556396484375,1231.330810546875,7575.0,2400.0,3124.43310546875,4532.10693359375,8494.5283203125,4049.790771484375,3611.75927734375,1150.0,5048.02001953125,1560.0,128.0,4800.0,1202.5,192.0,537.7118530273438,615.0,2096.58056640625,64.0,661.9840087890625,10326.1767578125,3630.0,7944.14599609375,6121.99609375,2090.0,21955.525390625,1550.0,1530.0,1200.16259765625,458.0,2200.0,1394.1746826171875,1685.0,1489.1400146484375,2670.801513671875,158.05946350097656,2880.0,2740.0,523.439453125,20866.873046875,1450.3802490234375,2038.0384521484375
2025-06-17,6733.7744140625,982.9490966796875,1763.556396484375,1245.760498046875,8125.0,2310.0,3305.42138671875,4522.27587890625,8637.2939453125,4012.974609375,3584.603271484375,1200.0,4999.009765625,1525.0,127.0,4860.0,1187.5,190.0,552.6483154296875,610.0,2115.468505859375,64.0,661.9840087890625,10375.0,3630.0,7920.0,6171.56689453125,2090.0,21792.720703125,1560.0,1595.0,1215.0406494140625,456.0,2250.0,1359.9317626953125,1685.0,1531.958740234375,2688.5478515625,163.91351318359375,2910.0,2760.0,528.3775634765625,20630.822265625,1431.041748046875,2028.048095703125
2025-06-18,6733.7744140625,1007.279541015625,1754.7386474609375,1255.3802490234375,7800.0,2330.0,3381.627197265625,4512.44482421875,8470.7353515625,3957.75,3566.499267578125,1175.0,4974.5048828125,1540.0,127.0,4790.0,1187.5,185.0,537.7118530273438,705.0,2096.58056640625,63.0,642.656005859375,10399.412109375,3460.0,7847.560546875,5973.283203125,2090.0,21932.267578125,1550.0,1550.0,1234.8780517578125,452.0,2240.0,1384.3909912109375,1670.0,1484.3824462890625,2679.674560546875,162.93783569335938,2870.0,2770.0,503.68701171875,20583.61328125,1421.37255859375,2008.0672607421875
2025-06-19,6639.923828125,978.0830078125,1697.4229736328125,1226.5208740234375,7900.0,2290.0,3172.0615234375,4453.45849609375,8351.763671875,3801.281005859375,3439.770751953125,1145.0,4871.583984375,1485.0,121.0,4710.0,1165.0,178.0,517.796630859375,690.0,2106.0244140625,61.0,608.83203125,10204.1171875,3310.0,7775.12158203125,5700.64404296875,2090.0,21188.01171875,1525.0,1515.0,1175.3658447265625,430.0,2140.0,1418.6337890625,1645.0,1398.7449951171875,2653.055419921875,158.05946350097656,2730.0,2690.0,493.810791015625,20253.140625,1402.0341796875,1993.0816650390625
2025-06-20,6639.923828125,992.6812744140625,1640.107421875,1168.80224609375,7625.0,2280.0,3048.227294921875,4414.13427734375,8280.3818359375,3782.872802734375,3430.71875,1110.0,4832.37646484375,1500.0,120.0,4650.0,1180.0,178.0,507.8389892578125,665.0,2115.468505859375,59.0,604.0,10179.7060546875,3250.0,7775.12158203125,5750.21484375,2100.0,20815.8828125,1500.0,1500.0,1160.48779296875,412.0,2020.0,1399.0665283203125,1590.0,1317.8651123046875,2617.56298828125,154.15675354003906,2680.0,2640.0,479.9841003417969,20253.140625,1334.3497314453125,2078.0
2025-06-23,6522.6103515625,968.3508911132812,1587.2008056640625,1212.09130859375,7825.0,2230.0,3190.0,4355.1484375,8208.9990234375,3736.852294921875,3367.3544921875,1085.0,4822.57421875,1500.0,118.0,4410.0,1127.5,175.0,483.940673828125,680.0,2124.91259765625,57.0,630.0,9715.8828125,3100.0,7654.39013671875,5725.42919921875,2020.0,20769.3671875,1445.0,1430.0,1086.0975341796875,404.0,2040.0,1418.6337890625,1615.0,1256.015869140625,2510.0,146.35134887695312,2530.0,2580.0,474.0583801269531,19733.830078125,1319.845947265625,2050.0
2025-06-24,6592.99853515625,992.6812744140625,1600.4273681640625,1163.992431640625,8075.0,2260.0,3090.0,4394.47265625,8351.763671875,3810.48486328125,3421.666748046875,1115.0,4925.4951171875,1520.0,117.0,4590.0,1175.0,180.0,483.940673828125,615.0,2096.58056640625,57.0,615.0,9984.412109375,3170.0,7654.39013671875,5775.0,2060.0,20653.078125,1455.0,1495.0,1145.6097412109375,398.0,1995.0,1291.4459228515625,1585.0,1260.7735595703125,2440.0,146.35134887695312,2600.0,2590.0,481.9593505859375,19993.486328125,1397.1995849609375,2150.0
2025-06-25,6405.29736328125,963.4848022460938,1573.9739990234375,1111.0836181640625,8400.0,2280.0,2930.0,4394.47265625,8185.20458984375,3782.872802734375,3403.5625,1100.0,4783.3662109375,1585.0,112.0,4610.0,1190.0,177.0,470.0,580.0,2124.91259765625,59.0,570.0,9984.412109375,3090.0,7775.12158203125,5650.0,2050.0,20560.046875,1425.0,1540.0,1100.9755859375,376.0,1805.0,1232.743896484375,1530.0,1256.015869140625,2420.0,140.49729919433594,2600.0,2620.0,487.88507080078125,19922.671875,1406.8687744140625,2060.0
2025-06-26,6287.984375,968.3508911132812,1578.3829345703125,1144.7528076171875,8525.0,2320.0,2940.0,4374.810546875,8232.79296875,3792.076904296875,3466.9267578125,1150.0,4925.4951171875,1595.0,113.0,4650.0,1192.5,176.0,471.99151611328125,570.0,2115.468505859375,60.0,590.0,9911.1767578125,3230.0,7775.12158203125,5725.0,2090.0,20490.271484375,1495.0,1515.0,1115.8536376953125,400.0,1830.0,1242.527587890625,1550.0,1260.7735595703125,2400.0,143.42433166503906,2580.0,2710.0,489.8603210449219,19922.671875,1411.703369140625,2060.0
2025-06-30,6334.90966796875,973.2169799804688,1613.6541748046875,1115.8935546875,8450.0,2390.0,3040.0,4423.96533203125,8256.5869140625,3792.076904296875,3385.45849609375,1115.0,4783.3662109375,1660.0,119.0,4700.0,1260.0,180.0,481.94915771484375,580.0,2124.91259765625,58.0,605.0,10252.94140625,3450.0,7847.560546875,5750.0,2090.0,20467.013671875,1515.0,1525.0,1170.406494140625,460.0,2000.0,1218.068359375,1615.0,1346.4110107421875,2460.0,146.35134887695312,2690.0,2780.0,487.88507080078125,20253.140625,1402.0341796875,2020.0
2025-07-01,6311.44677734375,958.6187133789062,1613.6541748046875,1125.5133056640625,8675.0,2380.0,3070.0,4374.810546875,8280.3818359375,3690.83203125,3349.25048828125,1095.0,4655.9404296875,1655.0,114.0,4660.0,1280.0,177.0,479.9576110839844,585.0,2181.576904296875,59.0,615.0,10375.0,3500.0,7920.0,5525.0,2100.0,20536.7890625,1435.0,1520.0,1210.081298828125,438.0,2030.0,1232.743896484375,1585.0,1317.8651123046875,2460.0,147.3270263671875,2650.0,2810.0,487.88507080078125,20276.748046875,1421.37255859375,1995.0
2025-07-02,6287.984375,900.2257080078125,1565.15625,1120.703369140625,8575.0,2410.0,2990.0,4463.28955078125,8256.5869140625,3700.0361328125,3331.146240234375,1090.0,4675.54443359375,1580.0,114.0,4650.0,1205.0,174.0,475.9745788574219,570.0,2153.244873046875,57.0,595.0,10500.0,3430.0,7975.0,5475.0,2120.0,20722.8515625,1460.0,1510.0,1239.83740234375,438.0,1995.0,1218.068359375,1580.0,1294.076904296875,2440.0,146.35134887695312,2620.0,2780.0,543.19189453125,20111.51171875,1421.37255859375,1980.0
2025-07-03,6499.14794921875,939.1543579101562,1551.9296875,1135.133056640625,8525.0,2380.0,3120.0,4492.78271484375,8185.20458984375,3654.015869140625,3331.146240234375,1080.0,4646.138671875,1540.0,113.0,4760.0,1182.5,186.0,475.9745788574219,590.0,2172.1328125,57.0,600.0,10750.0,3450.0,8100.0,5450.0,2110.0,20536.7890625,1500.0,1560.0,1224.9593505859375,454.0,2090.0,1232.743896484375,1595.0,1370.1990966796875,2420.0,145.3756866455078,2680.0,2710.0,528.3775634765625,20300.3515625,1542.2376708984375,1990.0
2025-07-04,6569.53564453125,934.2882690429688,1547.520751953125,1144.7528076171875,8500.0,2330.0,3000.0,4541.93798828125,8232.79296875,3681.6279296875,3322.094482421875,1085.0,4646.138671875,1550.0,113.0,4580.0,1185.0,182.0,470.0,575.0,2172.1328125,59.0,595.0,10650.0,3560.0,8100.0,5375.0,2090.0,20560.046875,1480.0,1515.0,1229.918701171875,468.0,2070.0,1218.068359375,1605.0,1336.8956298828125,2430.0,144.40000915527344,2660.0,2630.0,513.563232421875,20347.560546875,1493.8916015625,2000.0
2025-07-07,6522.6103515625,909.9578247070312,1534.2940673828125,1125.5133056640625,8400.0,2400.0,2910.0,4600.92431640625,8208.9990234375,3681.6279296875,3349.25048828125,1085.0,4646.138671875,1660.0,113.0,4740.0,1235.0,185.0,473.9830627441406,570.0,2162.68896484375,60.0,585.0,10500.0,3420.0,8100.0,5375.0,2080.0,20560.046875,1505.0,1500.0,1239.83740234375,466.0,2050.0,1203.392822265625,1585.0,1360.683837890625,2440.0,144.40000915527344,2680.0,2700.0,513.563232421875,20253.140625,1508.3953857421875,2020.0
2025-07-08,6475.68505859375,924.5560913085938,1538.7030029296875,1115.8935546875,8350.0,2370.0,2930.0,4581.26220703125,8090.02783203125,3654.015869140625,3322.094482421875,1080.0,4626.53466796875,1685.0,116.0,4710.0,1295.0,186.0,475.9745788574219,580.0,2134.356689453125,60.0,595.0,10500.0,3320.0,8025.0,5450.0,2110.0,20490.271484375,1560.0,1500.0,1220.0,448.0,2080.0,1213.176513671875,1575.0,1393.9873046875,2400.0,145.3756866455078,2680.0,2650.0,528.3775634765625,20394.771484375,1469.7186279296875,2020.0
2025-07-09,6428.76025390625,929.4221801757812,1534.2940673828125,1111.0836181640625,8750.0,2370.0,2920.0,4640.24853515625,8090.02783203125,3681.6279296875,3331.146240234375,1100.0,4616.73291015625,1740.0,115.0,4860.0,1340.0,182.0,479.9576110839844,585.0,2162.68896484375,59.0,590.0,10525.0,3310.0,8175.0,5500.0,2090.0,20513.529296875,1615.0,1510.0,1240.0,476.0,2110.0,1232.743896484375,1565.0,1403.5025634765625,2390.0,153.18109130859375,2730.0,2670.0,518.5013427734375,20748.84765625,1464.884033203125,2010.0
2025-07-10,6546.0732421875,992.6812744140625,1622.471923828125,1125.5133056640625,8500.0,2270.0,2990.0,4600.92431640625,8185.20458984375,3782.872802734375,3503.134765625,1155.0,4724.5546875,1740.0,114.0,4860.0,1420.0,178.0,485.93218994140625,595.0,2172.1328125,60.0,590.0,10450.0,3360.0,8150.0,5575.0,2100.0,20722.8515625,1630.0,1505.0,1185.0,505.0,2110.0,1227.85205078125,1595.0,1408.26025390625,2430.0,156.1081085205078,2750.0,2690.0,538.2537841796875,20961.29296875,1527.7337646484375,2020.0
2025-07-11,6569.53564453125,978.0830078125,1648.92529296875,1144.7528076171875,8375.0,2300.0,2990.0,4630.41748046875,8208.9990234375,3847.30126953125,3512.18701171875,1195.0,4871.583984375,1800.0,114.0,4940.0,1440.0,176.0,487.9237365722656,600.0,2162.68896484375,59.0,590.0,10325.0,3410.0,8250.0,5800.0,2100.0,20932.173828125,1585.0,1595.0,1205.0,515.0,2110.0,1232.743896484375,1595.0,1417.7755126953125,2480.0,154.15675354003906,2800.0,2730.0,538.2537841796875,21150.134765625,1522.899169921875,2050.0
2025-07-14,6499.14794921875,958.6187133789062,1609.2451171875,1168.80224609375,8400.0,2290.0,3030.0,4620.58642578125,8113.82177734375,3718.4443359375,3421.666748046875,1185.0,4597.12890625,2100.0,115.0,4830.0,1687.5,175.0,487.9237365722656,580.0,2191.02099609375,59.0,595.0,10400.0,3460.0,8350.0,5725.0,2050.0,20885.658203125,1600.0,1560.0,1195.0,500.0,2090.0,1222.960205078125,1580.0,1408.26025390625,2490.0,152.20541381835938,2740.0,2690.0,548.1300048828125,21315.369140625,1522.899169921875,2040.0
2025-07-15,6592.99853515625,963.4848022460938,1600.4273681640625,1192.8516845703125,8200.0,2220.0,3000.0,4620.58642578125,8137.6162109375,3727.6484375,3512.18701171875,1210.0,4606.9306640625,2030.0,113.0,4820.0,1625.0,180.0,489.9152526855469,585.0,2351.570068359375,59.0,585.0,10400.0,3470.0,8325.0,5725.0,2040.0,20839.142578125,1575.0,1530.0,1220.0,565.0,2150.0,1227.85205078125,1565.0,1555.7469482421875,2470.0,158.05946350097656,2730.0,2640.0,577.7586669921875,21338.974609375,1518.0645751953125,2110.0
2025-07-16,6499.14794921875,963.4848022460938,1622.471923828125,1173.6121826171875,8225.0,2150.0,2990.0,4669.7412109375,8113.82177734375,3801.281005859375,3512.18701171875,1240.0,4597.12890625,2010.0,121.0,4770.0,1665.0,190.0,517.796630859375,585.0,2427.122314453125,59.0,585.0,10350.0,3500.0,8275.0,5675.0,2090.0,20908.916015625,1620.0,1510.0,1190.0,545.0,2130.0,1266.98681640625,1570.0,1531.958740234375,2460.0,160.0108184814453,2800.0,2650.0,572.820556640625,21315.369140625,1508.3953857421875,2060.0
2025-07-17,6405.29736328125,968.3508911132812,1613.6541748046875,1168.80224609375,8100.0,2260.0,3010.0,4709.0654296875,8113.82177734375,3782.872802734375,3521.239013671875,1220.0,4626.53466796875,2180.0,119.0,5025.0,1650.0,186.0,542.690673828125,585.0,2521.56298828125,60.0,625.0,10350.0,3420.0,8225.0,5725.0,2260.0,20885.658203125,1690.0,1505.0,1185.0,550.0,2210.0,1296.3377685546875,1575.0,1550.9892578125,2440.0,166.84054565429688,2700.0,2770.0,582.69677734375,21338.974609375,1522.899169921875,2200.0
2025-07-18,6405.29736328125,948.8865356445312,1618.06298828125,1144.7528076171875,8025.0,2250.0,2970.0,4669.7412109375,8018.6455078125,3792.076904296875,3494.0830078125,1205.0,4646.138671875,2260.0,117.0,4950.0,1655.0,187.0,577.5423583984375,585.0,2483.786865234375,58.0,615.0,10400.0,3330.0,8225.0,5750.0,2350.0,20955.431640625,1680.0,1510.0,1130.0,550.0,2420.0,1271.878662109375,1635.0,1574.7774658203125,2450.0,174.6459503173828,2590.0,2770.0,567.8824462890625,21220.94921875,1460.0494384765625,2700.0
2025-07-21,6334.90966796875,973.2169799804688,1662.15185546875,1168.80224609375,8050.0,2230.0,3190.0,4679.572265625,8042.43896484375,3746.056396484375,3466.9267578125,1175.0,4587.32666015625,2390.0,118.0,4950.0,1605.0,214.0,612.39404296875,575.0,2464.898681640625,57.0,640.0,10500.0,3650.0,8300.0,5825.0,2450.0,20978.689453125,1720.0,1505.0,1140.0,580.0,2450.0,1257.203125,1630.0,1589.0504150390625,2420.0,185.37838745117188,2490.0,2800.0,651.8302612304688,21669.4453125,1498.7261962890625,2950.0
2025-07-22,6546.0732421875,1055.9404296875,1732.6942138671875,1173.6121826171875,7950.0,2210.0,2960.0,4610.75537109375,7994.85107421875,3727.6484375,3475.978759765625,1175.0,4567.72265625,2200.0,120.0,4940.0,1575.0,204.0,602.4364624023438,575.0,2427.122314453125,58.0,625.0,10350.0,3630.0,8225.0,5750.0,2460.0,21211.26953125,1705.0,1460.0,1110.0,525.0,2340.0,1232.743896484375,1605.0,1508.1705322265625,2420.0,176.59730529785156,2410.0,2850.0,641.9540405273438,21763.865234375,1518.0645751953125,2830.0
2025-07-23,6733.7744140625,1192.1907958984375,1781.19189453125,1212.09130859375,8050.0,2250.0,3040.0,4866.3623046875,8018.6455078125,3773.668701171875,3439.770751953125,1190.0,4587.32666015625,2210.0,119.0,5025.0,1555.0,222.0,607.4152221679688,570.0,2436.56640625,60.0,635.0,10450.0,3690.0,8350.0,6275.0,2310.0,21327.55859375,1670.0,1495.0,1155.0,520.0,2440.0,1242.527587890625,1610.0,1555.7469482421875,2440.0,178.5486602783203,2470.0,2850.0,666.6445922851562,22660.857421875,1518.0645751953125,2760.0
2025-07-24,6499.14794921875,1158.128173828125,1741.511962890625,1192.8516845703125,8250.0,2190.0,3030.0,4964.67236328125,8090.02783203125,3884.117431640625,3575.551025390625,1215.0,4704.95068359375,2220.0,116.0,4950.0,1535.0,216.0,587.5,620.0,2464.898681640625,59.0,625.0,10350.0,3710.0,8350.0,6175.0,2290.0,21490.365234375,1655.0,1510.0,1145.0,505.0,2420.0,1257.203125,1625.0,1522.4434814453125,2470.0,173.67027282714844,2500.0,2840.0,651.8302612304688,22873.3046875,1532.568359375,2760.0
2025-07-25,6452.22265625,1148.39599609375,1688.605224609375,1192.8516845703125,8250.0,2200.0,2970.0,4915.51708984375,8042.43896484375,3764.464599609375,3512.18701171875,1195.0,4597.12890625,2480.0,114.0,4990.0,1530.0,218.0,607.4152221679688,635.0,2408.234375,58.0,610.0,10550.0,3650.0,8400.0,6100.0,2270.0,21350.81640625,1610.0,1485.0,1160.0,500.0,2370.0,1222.960205078125,1605.0,1541.4739990234375,2450.0,174.6459503173828,2470.0,2820.0,651.8302612304688,22519.228515625,1493.8916015625,2850.0
2025-07-28,6592.99853515625,1124.0655517578125,1697.4229736328125,1269.8099365234375,8300.0,2210.0,2970.0,5013.82763671875,8090.02783203125,3874.91357421875,3566.499267578125,1185.0,4606.9306640625,2470.0,115.0,4970.0,1560.0,236.0,617.3728637695312,620.0,2379.902099609375,59.0,625.0,10225.0,3720.0,8375.0,6800.0,2280.0,21629.9140625,1650.0,1475.0,1125.0,530.0,2590.0,1242.527587890625,1610.0,1608.0809326171875,2460.0,190.2567596435547,2480.0,2860.0,666.6445922851562,22826.09375,1503.560791015625,2670.0
2025-07-29,6522.6103515625,1099.735107421875,1693.01416015625,1293.8592529296875,8350.0,2280.0,3000.0,5013.82763671875,7994.85107421875,3819.68896484375,3548.395263671875,1175.0,4616.73291015625,2610.0,116.0,4910.0,1625.0,232.0,607.4152221679688,625.0,2408.234375,59.0,645.0,10000.0,3760.0,8300.0,6775.0,2270.0,21606.654296875,1685.0,1490.0,1120.0,530.0,2640.0,1291.4459228515625,1630.0,1741.294677734375,2460.0,186.35406494140625,2560.0,2880.0,666.6445922851562,22802.48828125,1503.560791015625,2840.0
2025-07-30,6452.22265625,1075.40478515625,1675.378662109375,1274.6197509765625,8300.0,2180.0,2990.0,5062.98291015625,7971.056640625,3792.076904296875,3421.666748046875,1150.0,4528.5146484375,2610.0,115.0,4890.0,1570.0,232.0,632.309326171875,635.0,2370.4580078125,64.0,640.0,9925.0,3670.0,8375.0,7125.0,2160.0,21815.978515625,1635.0,1485.0,1110.0,515.0,2550.0,1296.3377685546875,1620.0,1622.3538818359375,2450.0,188.30540466308594,2510.0,2880.0,651.8302612304688,23014.93359375,1479.3878173828125,2890.0
2025-07-31,6381.8349609375,1080.2708740234375,1631.2896728515625,1289.0494384765625,8400.0,2320.0,2850.0,5013.82763671875,7875.8798828125,3690.83203125,3358.302490234375,1115.0,4420.69287109375,2630.0,111.0,4930.0,1535.0,220.0,622.3516845703125,630.0,2379.902099609375,65.0,625.0,9800.0,3450.0,8525.0,6800.0,2200.0,21397.33203125,1600.0,1430.0,1175.0,480.0,2360.0,1257.203125,1630.0,1574.7774658203125,2420.0,180.5,2460.0,2880.0,602.4491577148438,22802.48828125,1653.4334716796875,2800.0
2025-08-01,6428.76025390625,1080.2708740234375,1644.516357421875,1274.6197509765625,8475.0,2320.0,2880.0,4915.51708984375,7899.673828125,3690.83203125,3385.45849609375,1115.0,4440.296875,2690.0,111.0,4770.0,1525.0,222.0,662.1821899414062,635.0,2427.122314453125,65.0,650.0,9900.0,3560.0,8475.0,7300.0,2290.0,21327.55859375,1685.0,1430.0,1205.0,510.0,2450.0,1198.5009765625,1620.0,1603.3232421875,2420.0,206.84324645996094,2510.0,2980.0,622.2015991210938,22684.462890625,1711.4486083984375,2820.0
2025-08-04,6358.3720703125,1094.8690185546875,1675.378662109375,1245.760498046875,7225.0,2290.0,2910.0,4940.0947265625,7875.8798828125,3690.83203125,3358.302490234375,1095.0,4528.5146484375,2570.0,111.0,4800.0,1415.0,230.0,756.7796630859375,640.0,2474.3427734375,63.0,675.0,9550.0,3770.0,8375.0,7700.0,2220.0,21490.365234375,1700.0,1415.0,1165.0,515.0,2360.0,1178.93359375,1635.0,1531.958740234375,2400.0,218.55136108398438,2460.0,3030.0,627.1397094726562,23132.9609375,1701.7794189453125,2790.0
2025-08-05,6546.0732421875,1085.1368408203125,1644.516357421875,1265.0,7600.0,2420.0,2940.0,4940.0947265625,8018.6455078125,3884.117431640625,3385.45849609375,1115.0,4655.9404296875,2460.0,112.0,4700.0,1450.0,216.0,791.63134765625,640.0,2436.56640625,65.0,665.0,9575.0,3690.0,8325.0,7375.0,2210.0,21420.58984375,1650.0,1415.0,1150.0,498.0,2330.0,1149.5826416015625,1625.0,1508.1705322265625,2400.0,230.25946044921875,2510.0,3030.0,612.3253784179688,22991.328125,1740.456298828125,2700.0
2025-08-06,6663.38623046875,1080.2708740234375,1640.107421875,1270.0,7575.0,2320.0,3080.0,4817.20703125,7899.673828125,3773.668701171875,3358.302490234375,1130.0,4606.9306640625,2490.0,113.0,4620.0,1530.0,226.0,776.6948852539062,630.0,2436.56640625,65.0,720.0,9550.0,3890.0,8200.0,7450.0,2280.0,21467.107421875,1620.0,1395.0,1185.0,480.0,2400.0,1149.5826416015625,1690.0,1527.201171875,2420.0,230.25946044921875,2520.0,2990.0,602.4491577148438,22708.068359375,1677.6064453125,2730.0
2025-08-07,6686.84912109375,1114.3333740234375,1648.92529296875,1305.0,8800.0,2380.0,3150.0,4876.193359375,7899.673828125,3792.076904296875,3358.302490234375,1115.0,4587.32666015625,2380.0,112.0,4530.0,1460.0,226.0,801.5889892578125,620.0,2389.34619140625,63.0,735.0,9500.0,4100.0,8200.0,7400.0,2290.0,21513.623046875,1600.0,1380.0,1215.0,464.0,2490.0,1213.176513671875,1690.0,1517.685791015625,2400.0,222.4540557861328,2490.0,2950.0,612.3253784179688,22755.27734375,1706.614013671875,2620.0
2025-08-08,6874.5498046875,1090.0029296875,1578.3829345703125,1305.0,8700.0,2350.0,3090.0,4836.869140625,7899.673828125,3746.056396484375,3349.25048828125,1115.0,4577.52490234375,2460.0,110.0,4500.0,1565.0,222.0,876.2711791992188,600.0,2493.230712890625,62.0,735.0,9350.0,4010.0,8150.0,8000.0,2270.0,21722.9453125,1590.0,1375.0,1200.0,430.0,2470.0,1178.93359375,1685.0,1546.231689453125,2400.0,230.25946044921875,2480.0,2940.0,612.3253784179688,22802.48828125,1692.1102294921875,2560.0
2025-08-11,6757.23681640625,1080.2708740234375,1596.0185546875,1285.0,8300.0,2380.0,2940.0,4817.20703125,8137.6162109375,3865.70947265625,3448.822998046875,1205.0,4626.53466796875,2350.0,108.0,4460.0,1535.0,224.0,955.9321899414062,595.0,2549.895263671875,62.0,705.0,9550.0,3920.0,8075.0,8125.0,2260.0,22048.55859375,1585.0,1370.0,1215.0,434.0,2390.0,1213.176513671875,1670.0,1489.1400146484375,2410.0,241.9675750732422,2670.0,2990.0,637.0159301757812,22920.513671875,1701.7794189453125,2700.0
2025-08-12,6639.923828125,1080.2708740234375,1640.107421875,1260.0,8475.0,2390.0,2900.0,4905.68603515625,8423.146484375,4012.974609375,3666.071533203125,1260.0,4812.7724609375,2340.0,110.0,4460.0,1575.0,228.0,945.9745483398438,590.0,2691.555908203125,65.0,690.0,9550.0,3920.0,8050.0,8375.0,2310.0,20978.689453125,1575.0,1380.0,1200.0,420.0,2280.0,1193.609130859375,1680.0,1503.4129638671875,2440.0,232.2108154296875,2630.0,3180.0,632.0778198242188,22849.69921875,1730.7869873046875,2710.0
2025-08-13,6522.6103515625,1026.743896484375,1613.6541748046875,1280.0,8575.0,2350.0,2910.0,5087.560546875,8494.5283203125,4022.178466796875,3693.2275390625,1335.0,4773.564453125,2320.0,108.0,4480.0,1625.0,222.0,970.86865234375,585.0,2748.220458984375,64.0,695.0,9475.0,3930.0,8025.0,8000.0,2260.0,20908.916015625,1565.0,1400.0,1250.0,416.0,2280.0,1232.743896484375,1680.0,1451.0789794921875,2450.0,234.16217041015625,2630.0,3360.0,637.0159301757812,22660.857421875,1725.952392578125,2710.0
2025-08-14,6546.0732421875,1021.8778076171875,1622.471923828125,1255.0,8600.0,2310.0,2890.0,5013.82763671875,8351.763671875,4040.586669921875,3675.123291015625,1350.0,4753.96044921875,2300.0,108.0,4450.0,1610.0,226.0,1010.6991577148438,585.0,2795.440673828125,62.0,725.0,9725.0,3930.0,8150.0,7800.0,2220.0,20839.142578125,1535.0,1435.0,1320.0,416.0,2270.0,1198.5009765625,1660.0,1465.351806640625,2420.0,236.113525390625,2650.0,3420.0,627.1397094726562,22826.09375,1769.4638671875,2900.0
2025-08-15,6452.22265625,982.9490966796875,1596.0185546875,1260.0,8550.0,2260.0,2900.0,4940.0947265625,8280.3818359375,4022.178466796875,3729.435546875,1280.0,4753.96044921875,2280.0,108.0,4440.0,1550.0,220.0,950.953369140625,575.0,2757.664306640625,62.0,685.0,9900.0,3690.0,8050.0,7975.0,2180.0,20699.59375,1550.0,1385.0,1360.0,410.0,2220.0,1198.5009765625,1655.0,1441.563720703125,2420.0,228.30812072753906,2600.0,3310.0,607.3872680664062,22660.857421875,1692.1102294921875,2770.0
2025-08-19,6452.22265625,987.815185546875,1587.2008056640625,1220.0,8400.0,2210.0,2810.0,5431.646484375,8090.02783203125,3985.3623046875,3657.019287109375,1255.0,4704.95068359375,2230.0,112.0,4520.0,1555.0,224.0,1075.4237060546875,585.0,2795.440673828125,61.0,670.0,9775.0,3720.0,7925.0,8000.0,2210.0,20513.529296875,1530.0,1365.0,1320.0,416.0,2310.0,1198.5009765625,1665.0,1393.9873046875,2400.0,277.0918884277344,2700.0,3250.0,607.3872680664062,22353.9921875,1769.4638671875,2720.0
2025-08-20,6428.76025390625,1021.8778076171875,1596.0185546875,1230.0,8500.0,2360.0,2840.0,5431.646484375,8113.82177734375,4077.403076171875,3756.591796875,1320.0,4851.98046875,2350.0,114.0,4510.0,1615.0,236.0,1080.402587890625,590.0,2785.99658203125,61.0,660.0,9650.0,3740.0,7975.0,7975.0,2210.0,20722.8515625,1570.0,1400.0,1315.0,434.0,2320.0,1159.3663330078125,1690.0,1346.4110107421875,2430.0,275.1405334472656,2820.0,3220.0,617.2634887695312,23038.5390625,1745.2908935546875,2760.0
2025-08-21,6428.76025390625,992.6812744140625,1569.565185546875,1225.0,8725.0,2410.0,2830.0,5529.95703125,8137.6162109375,4132.62744140625,3756.591796875,1280.0,4802.97021484375,2280.0,110.0,4530.0,1645.0,226.0,1045.55078125,585.0,2767.1083984375,61.0,645.0,9550.0,3700.0,7925.0,7700.0,2170.0,20722.8515625,1645.0,1410.0,1330.0,428.0,2280.0,1174.041748046875,1725.0,1351.1685791015625,2430.0,275.1405334472656,2770.0,3250.0,607.3872680664062,24360.421875,1754.9600830078125,2780.0
2025-08-22,6405.29736328125,997.54736328125,1565.15625,1230.0,8600.0,2300.0,2820.0,5603.689453125,8042.43896484375,4040.586669921875,3711.33154296875,1270.0,4793.16845703125,2250.0,110.0,4520.0,1635.0,220.0,1165.0423583984375,585.0,2767.1083984375,61.0,640.0,9575.0,3690.0,7850.0,7750.0,2090.0,20746.109375,1645.0,1355.0,1350.0,414.0,2280.0,1213.176513671875,1720.0,1346.4110107421875,2420.0,292.70269775390625,2750.0,3240.0,597.5110473632812,24360.421875,1711.4486083984375,2740.0
2025-08-25,6405.29736328125,982.9490966796875,1534.2940673828125,1250.0,8500.0,2280.0,2870.0,5652.8447265625,8066.2333984375,4095.81103515625,3810.90380859375,1300.0,4851.98046875,2270.0,112.0,4480.0,1630.0,226.0,1374.152587890625,575.0,2767.1083984375,60.0,650.0,9500.0,3690.0,7700.0,7850.0,2060.0,20839.142578125,1615.0,1300.0,1355.0,416.0,2260.0,1213.176513671875,1720.0,1370.1990966796875,2420.0,327.8270263671875,2810.0,3310.0,676.5208129882812,23817.505859375,1716.283203125,2800.0
2025-08-26,6827.62451171875,987.815185546875,1529.88525390625,1225.0,8075.0,2280.0,2880.0,5529.95703125,7852.0859375,4178.64794921875,3774.695556640625,1260.0,4802.97021484375,2180.0,112.0,4430.0,1700.0,226.0,1354.2373046875,575.0,2795.440673828125,61.0,640.0,9375.0,3620.0,7800.0,7650.0,2080.0,20815.8828125,1605.0,1290.0,1320.0,410.0,2230.0,1198.5009765625,1705.0,1479.624755859375,2500.0,329.77838134765625,2770.0,3260.0,627.1397094726562,23227.380859375,1730.7869873046875,2870.0
2025-08-27,6592.99853515625,1002.4134521484375,1591.609619140625,1215.0,8150.0,2250.0,2960.0,5407.06884765625,7899.673828125,4095.81103515625,3738.48779296875,1240.0,4704.95068359375,2290.0,111.0,4380.0,1625.0,226.0,1284.533935546875,590.0,2606.5595703125,60.0,645.0,9325.0,3840.0,7600.0,7950.0,2080.0,20839.142578125,1665.0,1290.0,1265.0,434.0,2390.0,1183.825439453125,1665.0,1465.351806640625,2450.0,327.8270263671875,2730.0,3170.0,641.9540405273438,23605.060546875,1696.94482421875,3050.0
2025-08-28,6546.0732421875,992.6812744140625,1560.7474365234375,1225.0,7750.0,2230.0,2980.0,5480.8017578125,7923.46826171875,4105.01513671875,3747.539794921875,1305.0,4675.54443359375,2260.0,112.0,4380.0,1615.0,230.0,1294.4915771484375,580.0,2616.003662109375,59.0,685.0,9300.0,3800.0,7600.0,7975.0,2020.0,20862.400390625,1650.0,1270.0,1250.0,436.0,2510.0,1169.14990234375,1715.0,1441.563720703125,2430.0,331.729736328125,2730.0,3180.0,637.0159301757812,23298.193359375,1692.1102294921875,2880.0
2025-08-29,6475.68505859375,978.0830078125,1547.520751953125,1195.0,7850.0,2200.0,3040.0,5407.06884765625,7685.52685546875,4031.382568359375,3666.071533203125,1300.0,4636.33642578125,2190.0,109.0,4270.0,1560.0,224.0,1209.8516845703125,565.0,2597.115478515625,58.0,690.0,8975.0,3740.0,7450.0,7650.0,2020.0,20583.3046875,1640.0,1215.0,1205.0,426.0,2470.0,1139.7989501953125,1710.0,1389.229736328125,2400.0,310.2648620605469,2650.0,3130.0,607.3872680664062,23038.5390625,1643.7642822265625,2690.0
2025-09-01,6616.4609375,963.4848022460938,1516.658447265625,1190.0,7850.0,2160.0,3200.0,5357.9140625,7614.14404296875,3976.158203125,3602.707275390625,1280.0,4508.9111328125,2130.0,107.0,4300.0,1505.0,218.0,1244.703369140625,560.0,2568.783203125,58.0,700.0,9200.0,3710.0,7400.0,7850.0,1995.0,20653.078125,1620.0,1175.0,1190.0,414.0,2490.0,1110.4478759765625,1665.0,1346.4110107421875,2400.0,314.1675720214844,2720.0,3110.0,597.5110473632812,23109.353515625,1643.7642822265625,2530.0
2025-09-02,6733.7744140625,968.3508911132812,1516.658447265625,1200.0,8000.0,2110.0,3470.0,5382.4912109375,7614.14404296875,3966.9541015625,3584.603271484375,1275.0,4479.5048828125,2280.0,111.0,4330.0,1525.0,224.0,1309.427978515625,575.0,2616.003662109375,58.0,730.0,9200.0,3690.0,7500.0,8150.0,1965.0,20792.625,1715.0,1160.0,1180.0,424.0,2570.0,1198.5009765625,1700.0,1393.9873046875,2420.0,316.1189270019531,2710.0,3070.0,587.6348266601562,24454.841796875,1643.7642822265625,2600.0
2025-09-03,6733.7744140625,997.54736328125,1525.476318359375,1235.0,8025.0,2140.0,3480.0,5407.06884765625,7590.349609375,4058.994873046875,3647.967529296875,1270.0,4528.5146484375,2200.0,113.0,4430.0,1520.0,226.0,1334.322021484375,590.0,2597.115478515625,58.0,910.0,9300.0,3940.0,7700.0,8000.0,1950.0,20722.8515625,1680.0,1180.0,1180.0,438.0,2550.0,1222.960205078125,1760.0,1365.4415283203125,2420.0,323.9243469238281,2800.0,3110.0,587.6348266601562,24171.58203125,1653.4334716796875,2560.0
2025-09-04,6804.162109375,997.54736328125,1551.9296875,1230.0,8075.0,2080.0,3390.0,5407.06884765625,7614.14404296875,4022.178466796875,3620.811279296875,1280.0,4587.32666015625,2200.0,112.0,4520.0,1530.0,222.0,1299.4703369140625,605.0,2587.67138671875,59.0,835.0,9250.0,3910.0,7525.0,7900.0,1965.0,20792.625,1760.0,1180.0,1170.0,428.0,2620.0,1222.960205078125,1770.0,1374.956787109375,2410.0,314.1675720214844,2780.0,3150.0,592.5729370117188,23935.53125,1648.598876953125,2580.0
2025-09-08,6639.923828125,973.2169799804688,1516.658447265625,1220.0,8100.0,2080.0,3610.0,5333.33642578125,7328.61376953125,3847.30126953125,3530.291015625,1155.0,4401.08935546875,2150.0,108.0,4530.0,1475.0,216.0,1239.724609375,605.0,2531.007080078125,58.0,840.0,9375.0,3900.0,7425.0,7875.0,1925.0,20722.8515625,1690.0,1150.0,1140.0,428.0,2640.0,1188.71728515625,1725.0,1327.38037109375,2410.0,304.41082763671875,2780.0,3090.0,582.69677734375,24974.154296875,1638.9296875,2510.0
2025-09-09,6592.99853515625,963.4848022460938,1485.7962646484375,1220.0,7725.0,2050.0,3660.0,5431.646484375,7162.05419921875,3755.260498046875,3430.71875,1220.0,4224.6533203125,2150.0,110.0,4480.0,1430.0,218.0,1234.7457275390625,625.0,2446.010498046875,56.0,855.0,9225.0,3950.0,7350.0,7600.0,1850.0,20699.59375,1785.0,1140.0,1120.0,432.0,2700.0,1203.392822265625,1725.0,1313.1075439453125,2400.0,306.3621826171875,2740.0,3050.0,582.69677734375,25682.3046875,1600.2528076171875,2570.0
2025-09-10,6569.53564453125,973.2169799804688,1485.7962646484375,1230.0,7850.0,2130.0,3510.0,5382.4912109375,7423.7900390625,3773.668701171875,3512.18701171875,1275.0,4312.87109375,2260.0,109.0,4490.0,1420.0,218.0,1224.7880859375,610.0,2455.45458984375,56.0,845.0,9225.0,3870.0,7425.0,7600.0,1900.0,20653.078125,1770.0,1160.0,1175.0,430.0,2600.0,1203.392822265625,1710.0,1327.38037109375,2380.0,298.5567626953125,2710.0,3150.0,572.820556640625,24879.734375,1643.7642822265625,2570.0
2025-09-11,6616.4609375,963.4848022460938,1481.3873291015625,1220.0,8050.0,2170.0,3390.0,5456.22412109375,7471.37890625,4068.198974609375,3693.2275390625,1355.0,4391.287109375,2250.0,108.0,4680.0,1420.0,214.0,1214.8304443359375,685.0,2446.010498046875,57.0,825.0,9300.0,3740.0,7475.0,7575.0,1900.0,20769.3671875,1885.0,1200.0,1175.0,424.0,2500.0,1193.609130859375,1750.0,1336.8956298828125,2370.0,298.5567626953125,2780.0,3080.0,577.7586669921875,25044.96875,1663.1026611328125,2580.0
2025-09-12,6569.53564453125,963.4848022460938,1472.569580078125,1205.0,8175.0,2150.0,3490.0,5579.1123046875,7542.76123046875,4160.23974609375,3783.747802734375,1410.0,4430.4951171875,2260.0,110.0,4700.0,1430.0,220.0,1219.809326171875,680.0,2446.010498046875,57.0,860.0,9250.0,4000.0,7550.0,7775.0,1890.0,20769.3671875,1935.0,1180.0,1180.0,462.0,2530.0,1203.392822265625,1795.0,1332.1380615234375,2390.0,302.45947265625,2870.0,3100.0,577.7586669921875,24997.759765625,1638.9296875,2600.0
2025-09-15,6592.99853515625,1002.4134521484375,1481.3873291015625,1200.0,8125.0,2130.0,3490.0,5529.95703125,7637.93798828125,4058.994873046875,3747.539794921875,1390.0,4440.296875,2340.0,114.0,4750.0,1505.0,226.0,1264.61865234375,660.0,2446.010498046875,57.0,850.0,9225.0,4290.0,7650.0,7550.0,1905.0,20885.658203125,1895.0,1175.0,1200.0,486.0,2520.0,1218.068359375,1770.0,1322.622802734375,2380.0,298.5567626953125,2890.0,3260.0,582.69677734375,24832.5234375,1634.0950927734375,2670.0
2025-09-16,6546.0732421875,992.6812744140625,1454.9339599609375,1240.0,8025.0,2110.0,3600.0,5554.53466796875,7542.76123046875,4022.178466796875,3738.48779296875,1345.0,4391.287109375,2320.0,115.0,4810.0,1470.0,224.0,1145.1270751953125,655.0,2502.6748046875,57.0,890.0,9300.0,4070.0,7650.0,7500.0,1900.0,20792.625,1950.0,1190.0,1230.0,474.0,2540.0,1271.878662109375,1745.0,1294.076904296875,2380.0,294.654052734375,2930.0,3300.0,592.5729370117188,25210.205078125,1682.4410400390625,2650.0
2025-09-17,6663.38623046875,997.54736328125,1476.978515625,1245.0,8050.0,2160.0,3460.0,5603.689453125,7471.37890625,4095.81103515625,3819.9560546875,1390.0,4420.69287109375,2480.0,113.0,4860.0,1505.0,222.0,1120.2330322265625,660.0,2606.5595703125,57.0,860.0,9500.0,4020.0,7775.0,7600.0,1920.0,21001.947265625,1990.0,1190.0,1270.0,480.0,2490.0,1291.4459228515625,1760.0,1275.04638671875,2380.0,288.8000183105469,2940.0,3340.0,602.4491577148438,25493.46484375,1677.6064453125,2580.0
2025-09-18,6546.0732421875,987.815185546875,1446.1162109375,1240.0,8075.0,2040.0,3420.0,5480.8017578125,7328.61376953125,3994.56640625,3847.112060546875,1325.0,4332.47509765625,2900.0,113.0,4940.0,1580.0,216.0,1239.724609375,635.0,2653.77978515625,56.0,835.0,9425.0,3990.0,7650.0,7450.0,1830.0,21094.978515625,2100.0,1160.0,1220.0,470.0,2370.0,1257.203125,1765.0,1260.7735595703125,2360.0,329.77838134765625,2890.0,3250.0,582.69677734375,24926.943359375,1653.4334716796875,2640.0
2025-09-19,6663.38623046875,963.4848022460938,1468.1607666015625,1225.0,7675.0,2000.0,3450.0,5628.26708984375,7423.7900390625,3930.137939453125,3847.112060546875,1335.0,4293.267578125,3000.0,114.0,5075.0,1590.0,214.0,1219.809326171875,635.0,2644.335693359375,55.0,840.0,9700.0,4040.0,7825.0,7300.0,1890.0,21490.365234375,2050.0,1180.0,1205.0,470.0,2380.0,1266.98681640625,1745.0,1275.04638671875,2380.0,323.9243469238281,2870.0,3230.0,602.4491577148438,25257.416015625,1658.26806640625,2660.0
2025-09-22,6639.923828125,968.3508911132812,1463.7518310546875,1200.0,7050.0,1905.0,3580.0,5603.689453125,7352.4072265625,3874.91357421875,3765.643798828125,1305.0,4332.47509765625,3220.0,121.0,4750.0,1640.0,238.0,1229.7669677734375,630.0,2578.227294921875,54.0,885.0,9625.0,4190.0,7850.0,7375.0,1860.0,21490.365234375,1965.0,1180.0,1175.0,510.0,2520.0,1286.5540771484375,1725.0,1256.015869140625,2370.0,337.58380126953125,2910.0,3220.0,602.4491577148438,25257.416015625,1658.26806640625,2760.0
2025-09-23,6804.162109375,1012.1456298828125,1551.9296875,1210.0,7200.0,1925.0,3670.0,5800.310546875,7495.1728515625,3865.70947265625,3747.539794921875,1305.0,4322.67333984375,3370.0,140.0,4790.0,1615.0,270.0,1219.809326171875,635.0,2549.895263671875,54.0,945.0,9700.0,4270.0,7775.0,7300.0,1865.0,21374.07421875,1960.0,1190.0,1165.0,496.0,2450.0,1281.662353515625,1725.0,1341.6533203125,2380.0,329.77838134765625,2910.0,3190.0,607.3872680664062,25682.3046875,1716.283203125,2850.0
2025-09-24,6991.86328125,992.6812744140625,1525.476318359375,1210.0,7050.0,1905.0,3470.0,5800.310546875,7399.99609375,3856.50537109375,3774.695556640625,1275.0,4303.0693359375,3770.0,149.0,4680.0,1595.0,264.0,1199.89404296875,620.0,2578.227294921875,53.0,930.0,9550.0,4280.0,7875.0,7325.0,1830.0,21234.52734375,1915.0,1165.0,1130.0,480.0,2280.0,1286.5540771484375,1720.0,1313.1075439453125,2380.0,335.6324462890625,2890.0,3160.0,592.5729370117188,25162.99609375,1677.6064453125,2660.0
2025-09-25,7132.638671875,987.815185546875,1521.0675048828125,1220.0,6800.0,1860.0,3170.0,5677.42236328125,7328.61376953125,3856.50537109375,3684.175537109375,1275.0,4273.66357421875,3510.0,146.0,4820.0,1590.0,280.0,1219.809326171875,670.0,2549.895263671875,55.0,890.0,9800.0,4220.0,7750.0,7775.0,1805.0,21094.978515625,2010.0,1145.0,1135.0,464.0,2070.0,1306.1214599609375,1715.0,1260.7735595703125,2350.0,339.53515625,2860.0,3120.0,577.7586669921875,25186.599609375,1677.6064453125,2590.0
2025-09-26,7156.1015625,987.815185546875,1499.02294921875,1235.0,7000.0,1875.0,3210.0,5775.73291015625,7257.23095703125,3847.30126953125,3657.019287109375,1300.0,4332.47509765625,3690.0,147.0,4840.0,1600.0,278.0,1309.427978515625,650.0,2568.783203125,57.0,885.0,10000.0,4280.0,7650.0,7475.0,1710.0,21164.75390625,2050.0,1165.0,1135.0,580.0,2220.0,1320.7969970703125,1710.0,1279.8040771484375,2350.0,347.3405456542969,2840.0,3110.0,582.69677734375,24879.734375,1769.4638671875,2630.0
2025-09-29,6991.86328125,1041.3421630859375,1521.0675048828125,1215.0,7025.0,1880.0,3300.0,5677.42236328125,7399.99609375,3838.09716796875,3602.707275390625,1290.0,4312.87109375,3760.0,154.0,4800.0,1610.0,290.0,1289.5126953125,705.0,2559.339111328125,56.0,930.0,9650.0,4480.0,7575.0,7500.0,1780.0,21234.52734375,1955.0,1120.0,1140.0,655.0,2200.0,1355.0399169921875,1695.0,1313.1075439453125,2330.0,335.6324462890625,2880.0,3080.0,582.69677734375,25422.6484375,1701.7794189453125,2770.0
2025-09-30,6991.86328125,1021.8778076171875,1490.2052001953125,1210.0,7225.0,1930.0,3160.0,5677.42236328125,7257.23095703125,3773.668701171875,3530.291015625,1285.0,4312.87109375,3750.0,149.0,4660.0,1620.0,272.0,1249.6822509765625,700.0,2512.118896484375,54.0,915.0,9475.0,4400.0,7225.0,7350.0,1750.0,21281.04296875,1960.0,1130.0,1125.0,645.0,2110.0,1340.3643798828125,1690.0,1327.38037109375,2350.0,327.8270263671875,2840.0,3060.0,577.7586669921875,25281.01953125,1721.1177978515625,2810.0
2025-10-01,6944.93798828125,1036.47607421875,1472.569580078125,1135.0,6950.0,1850.0,3210.0,5579.1123046875,7138.259765625,3727.6484375,3448.822998046875,1265.0,4293.267578125,3790.0,161.0,4680.0,1610.0,294.0,1558.36865234375,745.0,2464.898681640625,55.0,940.0,9325.0,4260.0,7100.0,7400.0,1705.0,20955.431640625,2050.0,1100.0,1140.0,625.0,2060.0,1364.8236083984375,1670.0,1308.349853515625,2330.0,386.3675842285156,2820.0,3060.0,567.8824462890625,24596.47265625,1721.1177978515625,2720.0
2025-10-02,7132.638671875,1060.8065185546875,1472.569580078125,1115.0,6825.0,1940.0,3110.0,5603.689453125,7138.259765625,3718.4443359375,3358.302490234375,1265.0,4273.66357421875,3850.0,163.0,4680.0,1610.0,334.0,1533.474609375,720.0,2370.4580078125,54.0,955.0,9500.0,4370.0,7025.0,7400.0,1695.0,21025.205078125,2100.0,1100.0,1160.0,650.0,2120.0,1389.2828369140625,1635.0,1289.3193359375,2310.0,384.4162292480469,2730.0,3130.0,558.0062255859375,24690.892578125,1730.7869873046875,2850.0
2025-10-03,6991.86328125,1055.9404296875,1463.7518310546875,1135.0,6925.0,1955.0,3200.0,5726.57763671875,7162.05419921875,3718.4443359375,3340.198486328125,1215.0,4224.6533203125,3850.0,161.0,4840.0,1600.0,336.0,1493.64404296875,715.0,2483.786865234375,57.0,940.0,9550.0,4390.0,7150.0,7500.0,1695.0,21118.236328125,2100.0,1080.0,1155.0,625.0,2120.0,1482.227783203125,1605.0,1332.1380615234375,2320.0,390.2702941894531,2710.0,3070.0,518.5013427734375,25021.36328125,1774.2984619140625,3140.0
2025-10-06,6898.0126953125,1075.40478515625,1459.3428955078125,1115.0,6925.0,1960.0,3190.0,5726.57763671875,7138.259765625,3681.6279296875,3313.042236328125,1195.0,4175.6435546875,4000.0,150.0,4760.0,1780.0,326.0,1498.6229248046875,720.0,2483.786865234375,57.0,1055.0,9500.0,4350.0,7100.0,7525.0,1645.0,20932.173828125,2080.0,1070.0,1175.0,615.0,2130.0,1482.227783203125,1635.0,1384.4720458984375,2310.0,386.3675842285156,2710.0,3010.0,508.6251220703125,24926.943359375,1798.471435546875,3310.0
2025-10-07,7038.78857421875,1075.40478515625,1454.9339599609375,1130.0,6925.0,1900.0,3140.0,5652.8447265625,7209.64208984375,3672.423828125,3358.302490234375,1200.0,4205.04931640625,4140.0,144.0,4750.0,2220.0,354.0,1478.7076416015625,695.0,2474.3427734375,56.0,1020.0,9200.0,4250.0,7225.0,7400.0,1725.0,20862.400390625,2110.0,1060.0,1175.0,615.0,2240.0,1565.3890380859375,1625.0,1384.4720458984375,2270.0,429.29730224609375,2610.0,3010.0,508.6251220703125,24171.58203125,1769.4638671875,3400.0
2025-10-08,7813.05517578125,1343.0394287109375,1631.2896728515625,1125.0,6975.0,1930.0,3330.0,5628.26708984375,7019.28857421875,3626.403564453125,3367.3544921875,1180.0,4165.841796875,4110.0,142.0,4730.0,2240.0,356.0,1418.9619140625,720.0,2502.6748046875,56.0,1100.0,9200.0,4460.0,7250.0,7400.0,1820.0,20606.5625,2130.0,1060.0,1165.0,615.0,2280.0,1545.8216552734375,1675.0,1384.4720458984375,2270.0,448.8108215332031,2570.0,2990.0,503.68701171875,24308.6953125,1793.6368408203125,3210.0
2025-10-09,7179.56396484375,1265.1820068359375,1525.476318359375,1130.0,7400.0,1920.0,3220.0,5824.88818359375,7185.84814453125,3773.668701171875,3494.0830078125,1235.0,4303.0693359375,4120.0,142.0,4860.0,2230.0,354.0,1438.8770751953125,700.0,2436.56640625,55.0,1060.0,9100.0,4440.0,7150.0,7475.0,1895.0,20885.658203125,2160.0,1085.0,1180.0,620.0,2300.0,1492.011474609375,1705.0,1374.956787109375,2340.0,435.1513671875,2580.0,3010.0,523.439453125,24960.466796875,1851.652099609375,3260.0
2025-10-10,7226.4892578125,1333.3072509765625,1543.11181640625,1105.0,7400.0,1940.0,3310.0,5800.310546875,7043.0830078125,3654.015869140625,3376.406494140625,1185.0,4165.841796875,4280.0,138.0,4730.0,2430.0,356.0,1418.9619140625,690.0,2549.895263671875,54.0,1035.0,8850.0,4540.0,7200.0,7850.0,1945.0,21188.01171875,2100.0,1085.0,1195.0,630.0,2370.0,1457.7685546875,1705.0,1389.229736328125,2380.0,435.1513671875,2590.0,3040.0,518.5013427734375,24719.0703125,1837.1483154296875,3930.0
2025-10-13,7343.802734375,1333.3072509765625,1521.0675048828125,1090.0,7450.0,2090.0,3370.0,5702.0,6971.70068359375,3589.58740234375,3313.042236328125,1140.0,4146.23779296875,4210.0,142.0,4700.0,2770.0,362.0,1379.13134765625,660.0,2455.45458984375,55.0,1135.0,8800.0,4540.0,7200.0,7550.0,1820.0,21025.205078125,2160.0,1085.0,1180.0,615.0,2370.0,1501.795166015625,1670.0,1389.229736328125,2340.0,413.6864929199219,2540.0,3020.0,518.5013427734375,25105.306640625,1788.80224609375,3820.0
2025-10-14,7320.33984375,1313.8428955078125,1503.431884765625,1075.0,7350.0,2140.0,3350.0,5825.0,6900.31787109375,3497.546630859375,3213.469970703125,1130.0,4009.010009765625,3940.0,137.0,4660.0,2410.0,334.0,1304.4490966796875,625.0,2398.790283203125,55.0,1365.0,8475.0,4270.0,7050.0,7350.0,1755.0,20746.109375,2230.0,1055.0,1160.0,585.0,2350.0,1467.55224609375,1660.0,1294.076904296875,2300.0,392.22161865234375,2470.0,2960.0,533.315673828125,24646.650390625,1740.456298828125,3760.0
2025-10-15,7390.7275390625,1240.8515625,1481.3873291015625,1065.0,7250.0,2220.0,3400.0,5775.0,6900.31787109375,3469.934326171875,3168.2099609375,1140.0,3969.802001953125,3890.0,136.0,4640.0,2480.0,318.0,1364.1949462890625,605.0,2332.681884765625,54.0,1430.0,8675.0,4460.0,6900.0,7450.0,1925.0,20467.013671875,2380.0,1085.0,1150.0,610.0,2350.0,1364.8236083984375,1615.0,1265.5311279296875,2170.0,400.02703857421875,2560.0,3080.0,548.1300048828125,25057.02734375,1774.2984619140625,3300.0
2025-10-16,7367.26513671875,1284.6463623046875,1476.978515625,1085.0,7925.0,2220.0,3430.0,5750.0,6947.90625,3543.56689453125,3195.365966796875,1150.0,4009.010009765625,3930.0,136.0,4860.0,2380.0,326.0,1379.13134765625,605.0,2370.4580078125,55.0,1650.0,9250.0,4430.0,7075.0,7400.0,1835.0,20815.8828125,2360.0,1190.0,1250.0,595.0,2400.0,1369.7154541015625,1625.0,1260.7735595703125,2210.0,382.4648742675781,2420.0,2950.0,548.1300048828125,25081.166015625,1919.33642578125,3240.0
2025-10-17,7320.33984375,1162.9942626953125,1454.9339599609375,1070.0,8000.0,2130.0,3450.0,5625.0,7138.259765625,3497.546630859375,3168.2099609375,1140.0,3969.802001953125,3650.0,128.0,4970.0,2150.0,300.0,1239.724609375,590.0,2285.461669921875,55.0,1510.0,9400.0,4220.0,7125.0,7250.0,1755.0,20676.3359375,2370.0,1190.0,1265.0,550.0,2340.0,1315.9051513671875,1620.0,1208.4395751953125,2210.0,349.2919006347656,2390.0,2880.0,538.2537841796875,26022.615234375,1837.1483154296875,2770.0
2025-10-20,7414.1904296875,1226.25341796875,1494.6141357421875,1090.0,7650.0,2250.0,3270.0,5925.0,7495.1728515625,3718.4443359375,3331.146240234375,1235.0,4214.8515625,3770.0,130.0,4940.0,2310.0,316.0,1334.322021484375,600.0,2285.461669921875,55.0,1360.0,9375.0,4270.0,7250.0,7500.0,1805.0,20885.658203125,2410.0,1200.0,1270.0,580.0,2280.0,1340.3643798828125,1695.0,1241.742919921875,2270.0,361.0,2510.0,2940.0,538.2537841796875,25684.658203125,2011.19384765625,3200.0
2025-10-21,7531.50341796875,1333.3072509765625,1591.609619140625,1130.0,7675.0,2210.0,3290.0,6000.0,8066.2333984375,3727.6484375,3403.5625,1225.0,4263.861328125,3790.0,132.0,4890.0,2270.0,322.0,1294.4915771484375,615.0,2361.01416015625,56.0,1355.0,9275.0,4320.0,7275.0,7450.0,1920.0,20978.689453125,2390.0,1220.0,1240.0,605.0,2370.0,1369.7154541015625,1710.0,1270.288818359375,2340.0,359.04864501953125,2570.0,3280.0,538.2537841796875,26022.615234375,1982.186279296875,3200.0
2025-10-22,7461.11572265625,1270.048095703125,1565.15625,1095.0,7400.0,2190.0,3170.0,6175.0,7804.49755859375,3709.240234375,3349.25048828125,1170.0,4244.25732421875,3750.0,136.0,5175.0,2240.0,320.0,1239.724609375,605.0,2285.461669921875,54.0,1340.0,8900.0,4200.0,7175.0,7550.0,1855.0,20978.689453125,2540.0,1180.0,1215.0,580.0,2270.0,1359.9317626953125,1675.0,1246.5006103515625,2290.0,351.2432556152344,2570.0,3150.0,533.315673828125,25950.1953125,2001.524658203125,3110.0
2025-10-23,7414.1904296875,1299.24462890625,1578.3829345703125,1115.0,7800.0,2210.0,3190.0,6325.0,7923.46826171875,3902.525634765625,3457.874755859375,1195.0,4342.27734375,3740.0,133.0,5225.0,2200.0,320.0,1199.89404296875,605.0,2464.898681640625,56.0,1320.0,8825.0,4220.0,7375.0,7675.0,1970.0,21094.978515625,2640.0,1185.0,1240.0,585.0,2230.0,1399.0665283203125,1770.0,1284.5616455078125,2320.0,343.4378356933594,2660.0,3360.0,538.2537841796875,26360.5703125,2185.239501953125,3260.0
2025-10-24,7343.802734375,1279.7802734375,1551.9296875,1210.0,7675.0,2180.0,3130.0,6575.0,7875.8798828125,4022.178466796875,3485.03076171875,1205.0,4459.90087890625,3640.0,134.0,5150.0,2190.0,316.0,1095.3389892578125,610.0,2446.010498046875,55.0,1250.0,8800.0,4210.0,7300.0,7500.0,1910.0,21118.236328125,2610.0,1225.0,1190.0,585.0,2220.0,1345.2562255859375,1725.0,1265.5311279296875,2350.0,337.58380126953125,2660.0,3290.0,528.3775634765625,26191.59375,2446.307861328125,3200.0
2025-10-27,7484.578125,1381.968017578125,1573.9739990234375,1215.0,7200.0,2130.0,3150.0,6600.0,7947.2626953125,4022.178466796875,3494.0830078125,1205.0,4381.4853515625,3300.0,132.0,5125.0,2030.0,296.0,1065.466064453125,590.0,2313.793701171875,55.0,1220.0,8850.0,4280.0,7450.0,7625.0,1945.0,21141.49609375,2650.0,1275.0,1185.0,610.0,2250.0,1301.2296142578125,1700.0,1222.71240234375,2340.0,316.1189270019531,2740.0,3330.0,518.5013427734375,26939.923828125,2620.353515625,3020.0
2025-10-28,7648.81689453125,1396.5662841796875,1573.9739990234375,1210.0,6875.0,2080.0,3100.0,6325.0,7875.8798828125,4022.178466796875,3485.03076171875,1195.0,4420.69287109375,3420.0,141.0,5075.0,2000.0,308.0,1175.0,590.0,2294.90576171875,55.0,1180.0,8775.0,4420.0,7500.0,7750.0,1950.0,21211.26953125,2680.0,1330.0,1275.0,635.0,2170.0,1281.662353515625,1705.0,1260.7735595703125,2350.0,321.9729919433594,2710.0,3400.0,518.5013427734375,26674.38671875,2407.631103515625,3050.0
2025-10-29,7836.517578125,1454.9593505859375,1706.2408447265625,1220.0,7025.0,2010.0,3200.0,6475.0,8185.20458984375,4086.607177734375,3521.239013671875,1235.0,4557.9208984375,3560.0,139.0,5050.0,2010.0,308.0,1145.1270751953125,610.0,2408.234375,56.0,1295.0,8700.0,4540.0,7425.0,7775.0,1905.0,21374.07421875,2710.0,1325.0,1290.0,640.0,2460.0,1281.662353515625,1730.0,1251.2581787109375,2370.0,337.58380126953125,2710.0,3290.0,523.439453125,26674.38671875,2494.654052734375,3100.0
2025-10-30,8094.6064453125,1425.7628173828125,1745.9208984375,1205.0,6950.0,2040.0,3120.0,6275.0,8113.82177734375,4058.994873046875,3539.343017578125,1235.0,4704.95068359375,3540.0,141.0,4790.0,2000.0,324.0,1179.978759765625,630.0,2483.786865234375,60.0,1240.0,8800.0,4700.0,7400.0,7700.0,1885.0,21862.494140625,2430.0,1315.0,1320.0,660.0,2500.0,1306.1214599609375,1755.0,1227.4700927734375,2430.0,339.53515625,2720.0,3250.0,543.19189453125,27012.34375,2475.3154296875,3080.0
2025-10-31,8024.21875,1357.6376953125,1662.15185546875,1220.0,7100.0,2010.0,3100.0,6150.0,8113.82177734375,4031.382568359375,3602.707275390625,1225.0,4626.53466796875,3450.0,142.0,4670.0,2010.0,334.0,1179.978759765625,615.0,2464.898681640625,60.0,1270.0,8700.0,4750.0,7400.0,7450.0,1885.0,21862.494140625,2510.0,1275.0,1290.0,630.0,2440.0,1301.2296142578125,1740.0,1241.742919921875,2400.0,329.77838134765625,2760.0,3210.0,538.2537841796875,25974.3359375,2494.654052734375,3070.0
2025-11-03,7813.05517578125,1343.0394287109375,1710.6497802734375,1250.0,7025.0,1925.0,3110.0,6350.0,8232.79296875,4077.403076171875,3657.019287109375,1215.0,4665.74267578125,3670.0,141.0,4770.0,2090.0,336.0,1199.89404296875,630.0,2540.451171875,59.0,1270.0,8500.0,4550.0,7200.0,7475.0,1925.0,21420.58984375,2450.0,1250.0,1310.0,640.0,2420.0,1311.0133056640625,1755.0,1236.9853515625,2400.0,359.04864501953125,2800.0,3350.0,543.19189453125,26336.431640625,2581.6767578125,3130.0
2025-11-04,7766.1298828125,1352.7716064453125,1679.7874755859375,1270.0,6950.0,1900.0,2960.0,6300.0,8232.79296875,4095.81103515625,3593.6552734375,1215.0,4636.33642578125,3500.0,140.0,4730.0,2050.0,334.0,1160.0635986328125,615.0,2578.227294921875,57.0,1215.0,8475.0,4600.0,7075.0,7450.0,1925.0,21583.396484375,2430.0,1225.0,1320.0,630.0,2420.0,1350.1480712890625,1740.0,1194.1666259765625,2400.0,353.1946105957031,2770.0,3500.0,533.315673828125,26264.01171875,2601.01513671875,3190.0
2025-11-05,7719.20458984375,1333.3072509765625,1666.560791015625,1235.0,7150.0,1935.0,2980.0,6250.0,8280.3818359375,4105.01513671875,3602.707275390625,1220.0,4675.54443359375,3560.0,142.0,4810.0,2080.0,356.0,1209.8516845703125,615.0,2549.895263671875,62.0,1245.0,8700.0,4660.0,7125.0,7450.0,1945.0,21955.525390625,2440.0,1320.0,1410.0,645.0,2430.0,1311.0133056640625,1705.0,1208.4395751953125,2380.0,355.1459655761719,2800.0,3540.0,533.315673828125,26070.89453125,2601.01513671875,3260.0
2025-11-06,8141.53173828125,1362.5037841796875,1693.01416015625,1245.0,7025.0,1900.0,2930.0,6325.0,8137.6162109375,4086.607177734375,3620.811279296875,1225.0,4655.9404296875,3570.0,141.0,4760.0,2120.0,342.0,1170.021240234375,625.0,2587.67138671875,61.0,1240.0,8575.0,4550.0,7025.0,7475.0,1975.0,21769.462890625,2420.0,1250.0,1440.0,645.0,2430.0,1301.2296142578125,1725.0,1213.1971435546875,2400.0,357.0973205566406,2890.0,3480.0,528.3775634765625,26432.990234375,2533.330810546875,3360.0
2025-11-07,8000.755859375,1362.5037841796875,1715.05859375,1250.0,7025.0,1910.0,2900.0,6425.0,8256.5869140625,4141.83154296875,3602.707275390625,1230.0,4655.9404296875,3590.0,141.0,4620.0,2290.0,348.0,1269.597412109375,655.0,2587.67138671875,61.0,1220.0,8600.0,4510.0,7125.0,7500.0,2150.0,21769.462890625,2300.0,1265.0,1390.0,645.0,2420.0,1291.4459228515625,1760.0,1208.4395751953125,2390.0,372.7081298828125,2880.0,3470.0,533.315673828125,26553.689453125,2446.307861328125,3340.0
2025-11-10,8188.45703125,1343.0394287109375,1728.2852783203125,1210.0,7075.0,1885.0,2910.0,6425.0,8161.41064453125,4068.198974609375,3557.447021484375,1220.0,4636.33642578125,3590.0,150.0,4670.0,2280.0,398.0,1289.5126953125,665.0,2597.115478515625,67.0,1415.0,8650.0,4500.0,7100.0,7425.0,2070.0,21722.9453125,2320.0,1270.0,1420.0,685.0,2500.0,1286.5540771484375,1730.0,1198.9241943359375,2390.0,368.805419921875,2760.0,3440.0,562.9443359375,26915.78515625,2446.307861328125,3520.0
2025-11-11,8164.99462890625,1391.7001953125,1719.467529296875,1225.0,7025.0,1855.0,2880.0,6525.0,7994.85107421875,4068.198974609375,3521.239013671875,1200.0,4587.32666015625,3530.0,198.0,4700.0,2200.0,446.0,1264.61865234375,670.0,2597.115478515625,67.0,1365.0,8550.0,4400.0,7050.0,7525.0,2220.0,21583.396484375,2360.0,1285.0,1350.0,680.0,2500.0,1275.0,1755.0,1184.6513671875,2390.0,357.0973205566406,2690.0,3520.0,558.0062255859375,26988.203125,2407.631103515625,3440.0
2025-11-12,8164.99462890625,1381.968017578125,1732.6942138671875,1255.0,6825.0,1910.0,2880.0,6450.0,8090.02783203125,4105.01513671875,3530.291015625,1210.0,4665.74267578125,3780.0,192.0,4740.0,2190.0,418.0,1279.5550537109375,665.0,2597.115478515625,65.0,1385.0,8525.0,4300.0,7175.0,7725.0,2160.0,21490.365234375,2510.0,1265.0,1340.0,670.0,2420.0,1280.0,1770.0,1179.8936767578125,2380.0,359.04864501953125,2690.0,3560.0,553.068115234375,27326.16015625,2465.646240234375,3400.0
2025-11-13,8211.919921875,1347.905517578125,1701.83203125,1240.0,6850.0,1895.0,2890.0,6375.0,7971.056640625,4068.198974609375,3503.134765625,1200.0,4606.9306640625,3720.0,224.0,4760.0,2180.0,430.0,1254.6610107421875,655.0,2597.115478515625,64.0,1425.0,8475.0,4310.0,7150.0,7550.0,2100.0,21767.138671875,2440.0,1285.0,1325.0,660.0,2460.0,1285.0,1740.0,1146.5902099609375,2360.0,351.2432556152344,2660.0,3500.0,538.2537841796875,27277.880859375,2407.631103515625,3370.0
2025-11-14,8164.99462890625,1304.1107177734375,1657.7430419921875,1230.0,6600.0,1865.0,3040.0,6400.0,8018.6455078125,4040.586669921875,3530.291015625,1195.0,4655.9404296875,3780.0,220.0,4810.0,2150.0,410.0,1224.7880859375,680.0,2568.783203125,65.0,1365.0,8425.0,4240.0,7100.0,7575.0,2040.0,21550.91015625,2420.0,1235.0,1300.0,635.0,2410.0,1295.0,1730.0,1122.8021240234375,2340.0,335.6324462890625,2600.0,3550.0,533.315673828125,27084.763671875,2426.969482421875,3360.0
2025-11-17,8211.919921875,1294.3785400390625,1684.1964111328125,1275.0,6300.0,1855.0,3060.0,6450.0,8161.41064453125,4040.586669921875,3566.499267578125,1210.0,4724.5546875,3770.0,222.0,4610.0,2200.0,408.0,1204.8729248046875,695.0,2578.227294921875,62.0,1295.0,8375.0,4100.0,7100.0,7575.0,2040.0,21526.884765625,2330.0,1225.0,1340.0,585.0,2260.0,1290.0,1750.0,1141.8326416015625,2350.0,355.1459655761719,2600.0,3610.0,538.2537841796875,27060.623046875,2504.3232421875,3430.0
2025-11-18,8000.0,1260.31591796875,1657.7430419921875,1345.0,6300.0,1860.0,3010.0,6425.0,7994.85107421875,4105.01513671875,3593.6552734375,1210.0,4695.1484375,3580.0,214.0,4700.0,2100.0,410.0,1184.9576416015625,665.0,2559.339111328125,61.0,1295.0,8325.0,3890.0,7000.0,7625.0,2050.0,21238.578125,2350.0,1180.0,1320.0,575.0,2170.0,1260.0,1730.0,1132.3173828125,2310.0,361.0,2540.0,3620.0,533.315673828125,26312.291015625,2426.969482421875,3370.0
2025-11-19,7850.0,1284.6463623046875,1693.01416015625,1340.0,6475.0,1885.0,3000.0,6400.0,8066.2333984375,4105.01513671875,3620.811279296875,1200.0,4753.96044921875,3500.0,228.0,4750.0,2160.0,426.0,1175.0,670.0,2597.115478515625,60.0,1370.0,8400.0,3890.0,7025.0,7500.0,2120.0,21286.62890625,2450.0,1230.0,1325.0,565.0,2240.0,1270.0,1750.0,1132.3173828125,2320.0,368.0,2710.0,3650.0,543.19189453125,26360.5703125,2494.654052734375,3320.0
2025-11-20,7725.0,1294.3785400390625,1679.7874755859375,1275.0,6475.0,1840.0,2980.0,6425.0,8018.6455078125,4105.01513671875,3611.75927734375,1200.0,4842.17822265625,3470.0,226.0,4730.0,2230.0,412.0,1160.0,650.0,2606.5595703125,60.0,1380.0,8325.0,3810.0,7075.0,7675.0,2140.0,21238.578125,2430.0,1210.0,1320.0,565.0,2170.0,1285.0,1750.0,1141.8326416015625,2330.0,360.0,2650.0,3640.0,543.19189453125,26070.89453125,2513.992431640625,3700.0
2025-11-21,7650.0,1265.1820068359375,1648.92529296875,1290.0,6475.0,1830.0,2910.0,6425.0,7994.85107421875,4040.586669921875,3584.603271484375,1185.0,4851.98046875,3490.0,220.0,4740.0,2260.0,416.0,1260.0,630.0,2578.227294921875,64.0,1355.0,8350.0,3940.0,7125.0,7600.0,2060.0,21262.603515625,2460.0,1210.0,1295.0,560.0,2270.0,1265.0,1720.0,1151.347900390625,2320.0,380.0,2700.0,3500.0,533.315673828125,26095.03515625,2455.97705078125,3610.0
2025-11-24,7750.0,1284.6463623046875,1653.3341064453125,1260.0,7100.0,1870.0,2930.0,6475.0,8066.2333984375,4040.586669921875,3602.707275390625,1210.0,4999.009765625,3500.0,218.0,4730.0,2380.0,416.0,1295.0,635.0,2606.5595703125,65.0,1385.0,8350.0,3860.0,7450.0,7625.0,2170.0,21382.73046875,2410.0,1170.0,1300.0,550.0,2300.0,1320.0,1735.0,1137.074951171875,2330.0,382.0,2620.0,3700.0,533.315673828125,26360.5703125,2581.6767578125,3730.0
2025-11-25,7675.0,1274.9141845703125,1635.698486328125,1260.0,6800.0,1850.0,3000.0,6450.0,8090.02783203125,4068.198974609375,3466.9267578125,1200.0,4925.4951171875,3430.0,236.0,4710.0,2350.0,418.0,1255.0,625.0,2597.115478515625,65.0,1425.0,8575.0,3830.0,7250.0,7900.0,2260.0,21238.578125,2380.0,1230.0,1290.0,585.0,2300.0,1325.0,1735.0,1156.10546875,2310.0,390.0,2550.0,3650.0,528.3775634765625,26432.990234375,2543.0,3730.0
2025-11-26,7750.0,1270.048095703125,1626.8807373046875,1270.0,6950.0,1835.0,3030.0,6600.0,8018.6455078125,4058.994873046875,3430.71875,1195.0,4925.4951171875,3510.0,260.0,4760.0,2390.0,428.0,1270.0,635.0,2701.0,65.0,1515.0,8600.0,3830.0,7425.0,7900.0,2270.0,21190.525390625,2470.0,1255.0,1245.0,585.0,2340.0,1325.0,1755.0,1151.347900390625,2320.0,380.0,2960.0,3720.0,533.315673828125,26843.365234375,2513.992431640625,3800.0
2025-11-27,7425.0,1235.9854736328125,1596.0185546875,1240.0,6950.0,1810.0,3000.0,6575.0,7923.46826171875,4003.7705078125,3385.45849609375,1190.0,4763.76220703125,3600.0,242.0,4670.0,2580.0,426.0,1265.0,620.0,2682.112060546875,65.0,1490.0,8550.0,3950.0,7375.0,8025.0,2300.0,21142.474609375,2410.0,1225.0,1235.0,570.0,2350.0,1325.0,1740.0,1127.5596923828125,2300.0,388.0,2870.0,3570.0,533.315673828125,27374.439453125,2513.992431640625,3780.0
2025-11-28,7500.0,1235.9854736328125,1596.0185546875,1240.0,6600.0,1800.0,2910.0,6550.0,7875.8798828125,3920.933837890625,3331.146240234375,1195.0,4734.3564453125,3580.0,244.0,4630.0,2680.0,432.0,1225.0,620.0,2729.332275390625,64.0,1495.0,8450.0,3820.0,7350.0,8775.0,2390.0,21190.525390625,2440.0,1200.0,1230.0,545.0,2280.0,1325.0,1805.0,1103.771484375,2310.0,386.0,2910.0,3510.0,538.2537841796875,27036.482421875,2513.992431640625,3730.0
2025-12-01,7425.0,1226.25341796875,1604.8363037109375,1220.0,6450.0,1785.0,2990.0,6375.0,7994.85107421875,3966.9541015625,3322.094482421875,1185.0,4763.76220703125,3470.0,246.0,4710.0,2670.0,462.0,1210.0,610.0,2701.0,67.0,1575.0,8400.0,3820.0,7350.0,8700.0,2340.0,21046.373046875,2630.0,1205.0,1220.0,550.0,2310.0,1335.0,1870.0,1094.2562255859375,2290.0,376.0,2870.0,3650.0,538.2537841796875,27012.34375,2533.330810546875,3710.0
2025-12-02,7600.0,1270.048095703125,1622.471923828125,1240.0,6675.0,1805.0,2980.0,6625.0,7971.056640625,3930.137939453125,3358.302490234375,1180.0,4753.96044921875,3500.0,242.0,4750.0,2740.0,468.0,1295.0,610.0,2810.0,65.0,1535.0,8100.0,3960.0,7200.0,8650.0,2350.0,21142.474609375,2750.0,1140.0,1220.0,545.0,2280.0,1335.0,1830.0,1108.5291748046875,2310.0,404.0,2810.0,3560.0,548.1300048828125,27543.41796875,2562.33837890625,3680.0
2025-12-03,7600.0,1255.4498291015625,1631.2896728515625,1235.0,6525.0,1840.0,2920.0,6600.0,7951.8955078125,3920.933837890625,3313.042236328125,1180.0,4783.3662109375,3490.0,240.0,4780.0,2640.0,460.0,1290.0,635.0,2790.0,64.0,1525.0,8125.0,3920.0,7050.0,8750.0,2310.0,21118.44921875,2710.0,1175.0,1225.0,530.0,2260.0,1310.0,1870.0,1118.04443359375,2310.0,406.0,2860.0,3580.0,548.1300048828125,27712.39453125,2678.368896484375,3730.0
2025-12-04,7525.0,1240.8515625,1596.0185546875,1315.0,6400.0,1850.0,2900.0,6725.0,7880.04150390625,3966.9541015625,3340.198486328125,1175.0,4822.57421875,3500.0,242.0,4770.0,2690.0,428.0,1290.0,625.0,2890.0,64.0,1515.0,8200.0,3880.0,7025.0,8625.0,2310.0,21094.423828125,2630.0,1190.0,1265.0,535.0,2250.0,1285.0,1850.0,1103.771484375,2300.0,404.0,2800.0,3630.0,553.068115234375,29619.43359375,2678.368896484375,3720.0
2025-12-05,7450.0,1255.4498291015625,1600.4273681640625,1280.0,6475.0,1845.0,2910.0,6700.0,7951.8955078125,3948.5458984375,3303.990234375,1165.0,4802.97021484375,3500.0,238.0,4770.0,2690.0,412.0,1345.0,630.0,3200.0,64.0,1565.0,8050.0,3890.0,7100.0,8525.0,2350.0,21142.474609375,2640.0,1160.0,1225.0,535.0,2230.0,1320.0,1825.0,1156.10546875,2300.0,400.0,2910.0,3700.0,548.1300048828125,29788.41015625,2620.353515625,3820.0
2025-12-08,7575.0,1406.2984619140625,1675.378662109375,1285.0,6300.0,1935.0,2970.0,6725.0,7951.8955078125,3966.9541015625,3322.094482421875,1150.0,4851.98046875,3400.0,252.0,4800.0,2650.0,458.0,1315.0,640.0,3300.0,70.0,1580.0,8075.0,3990.0,6975.0,8800.0,2440.0,21142.474609375,2600.0,1190.0,1215.0,555.0,2330.0,1320.0,1830.0,1137.074951171875,2300.0,388.0,2890.0,3630.0,558.0062255859375,28340.02734375,2533.330810546875,3880.0
2025-12-09,7425.0,1343.0394287109375,1618.06298828125,1235.0,6200.0,1930.0,2920.0,6600.0,7760.28369140625,3976.158203125,3331.146240234375,1130.0,4793.16845703125,3500.0,272.0,4670.0,2610.0,505.0,1335.0,635.0,3440.0,71.0,1530.0,8000.0,3850.0,6850.0,8200.0,2400.0,21070.3984375,2720.0,1170.0,1185.0,540.0,2240.0,1285.0,1805.0,1108.5291748046875,2290.0,380.0,2910.0,3570.0,548.1300048828125,28484.8671875,2581.6767578125,4160.0
2025-12-10,7375.0,1367.369873046875,1613.6541748046875,1270.0,6300.0,1925.0,2930.0,6625.0,7736.33251953125,3966.9541015625,3313.042236328125,1100.0,4871.583984375,3720.0,326.0,4610.0,2540.0,496.0,1420.0,630.0,3710.0,70.0,1460.0,8025.0,3900.0,6900.0,7900.0,2400.0,21046.373046875,2630.0,1175.0,1190.0,560.0,2280.0,1275.0,1855.0,1113.2867431640625,2290.0,398.0,2810.0,3640.0,545.0,28967.66015625,2639.69189453125,4250.0
2025-12-11,7075.0,1323.5750732421875,1569.565185546875,1235.0,6350.0,1910.0,2890.0,6450.0,7664.47802734375,3893.321533203125,3276.834228515625,1095.0,4851.98046875,3640.0,360.0,4470.0,2530.0,545.0,1375.0,610.0,3700.0,68.0,1455.0,8025.0,3860.0,6575.0,7875.0,2380.0,20902.220703125,2590.0,1135.0,1165.0,535.0,2200.0,1230.0,1825.0,1103.771484375,2260.0,426.0,2830.0,3570.0,535.0,28412.447265625,2552.669189453125,4250.0
2025-12-12,7125.0,1362.5037841796875,1569.565185546875,1235.0,6725.0,1900.0,3050.0,6600.0,7664.47802734375,3902.525634765625,3285.88623046875,1090.0,4724.5546875,3710.0,368.0,4500.0,2530.0,605.0,1355.0,610.0,3790.0,66.0,1800.0,8075.0,3840.0,6775.0,8200.0,2360.0,20878.193359375,2640.0,1160.0,1190.0,535.0,2250.0,1315.0,1830.0,1108.5291748046875,2260.0,428.0,2770.0,3550.0,540.0,27881.373046875,2543.0,3620.0
2025-12-15,7175.0,1352.7716064453125,1609.2451171875,1235.0,6500.0,1900.0,3030.0,6600.0,7951.8955078125,4086.607177734375,3421.666748046875,1170.0,4891.18798828125,3600.0,344.0,4590.0,2350.0,540.0,1350.0,655.0,3710.0,65.0,1755.0,8300.0,3890.0,6775.0,7950.0,2370.0,20710.015625,2650.0,1220.0,1175.0,535.0,2350.0,1285.0,1820.0,1108.5291748046875,2260.0,428.0,2750.0,3470.0,570.0,27374.439453125,2580.0,3540.0
2025-12-16,7100.0,1352.7716064453125,1591.609619140625,1235.0,6650.0,1905.0,2970.0,6600.0,7736.33251953125,4049.790771484375,3340.198486328125,1145.0,4900.990234375,3640.0,348.0,4560.0,2420.0,540.0,1470.0,635.0,3700.0,68.0,1710.0,8350.0,3840.0,6775.0,8000.0,2380.0,20325.607421875,2650.0,1200.0,1155.0,530.0,2310.0,1250.0,1810.0,1122.8021240234375,2280.0,442.0,2770.0,3520.0,545.0,27181.322265625,2710.0,3540.0
2025-12-17,7025.0,1386.8341064453125,1600.4273681640625,1245.0,6550.0,1910.0,3020.0,6600.0,7688.42919921875,4022.178466796875,3394.5107421875,1160.0,4925.4951171875,3510.0,348.0,4530.0,2330.0,560.0,1335.0,635.0,3850.0,66.0,1725.0,8325.0,3920.0,6775.0,8075.0,2470.0,20565.861328125,2770.0,1225.0,1225.0,535.0,2290.0,1280.0,1865.0,1099.013916015625,2270.0,410.0,2750.0,3500.0,555.0,27084.763671875,2630.0,3470.0
2025-12-18,7075.0,1352.7716064453125,1675.378662109375,1235.0,6150.0,1915.0,3110.0,6500.0,7832.13818359375,4031.382568359375,3421.666748046875,1185.0,5048.02001953125,3450.0,340.0,4580.0,2230.0,535.0,1235.0,620.0,3690.0,65.0,1715.0,8250.0,4360.0,6875.0,7950.0,2390.0,20493.78515625,2700.0,1225.0,1195.0,545.0,2200.0,1265.0,1840.0,1084.740966796875,2260.0,394.0,2660.0,3460.0,570.0,27977.931640625,2650.0,3320.0
2025-12-19,7050.0,1323.5750732421875,1675.378662109375,1230.0,6325.0,1920.0,3070.0,6525.0,7712.380859375,3994.56640625,3412.61474609375,1170.0,5072.52490234375,3510.0,344.0,4640.0,2240.0,545.0,1225.0,610.0,3900.0,65.0,1695.0,8425.0,4110.0,6750.0,8050.0,2430.0,20734.041015625,2700.0,1200.0,1180.0,530.0,2190.0,1280.0,1860.0,1070.468017578125,2270.0,352.0,2670.0,3410.0,580.0,28774.54296875,2770.0,3270.0
2025-12-22,7050.0,1377.1019287109375,1670.9697265625,1240.0,6500.0,1965.0,3190.0,6575.0,7832.13818359375,3985.3623046875,3403.5625,1155.0,4999.009765625,3440.0,394.0,4550.0,2250.0,575.0,1140.0,645.0,3760.0,64.0,1875.0,8350.0,4440.0,6850.0,8125.0,2440.0,20710.015625,2650.0,1225.0,1205.0,540.0,2260.0,1295.0,1905.0,1060.9527587890625,2280.0,340.0,2700.0,3470.0,580.0,28943.521484375,2700.0,3190.0
2025-12-23,7025.0,1352.7716064453125,1679.7874755859375,1250.0,6350.0,1955.0,3190.0,6500.0,7688.42919921875,3948.5458984375,3412.61474609375,1155.0,4950.0,3280.0,380.0,4530.0,2260.0,585.0,1110.0,625.0,3740.0,64.0,1925.0,8250.0,4990.0,6800.0,8100.0,2420.0,21022.34765625,2690.0,1215.0,1180.0,560.0,2230.0,1305.0,1880.0,1056.1951904296875,2280.0,330.0,2630.0,3470.0,585.0,28774.54296875,2610.0,3490.0
2025-12-24,6975.0,1347.905517578125,1666.560791015625,1250.0,6200.0,1960.0,3220.0,6625.0,7688.42919921875,3930.137939453125,3412.61474609375,1160.0,4950.0,3130.0,362.0,4590.0,2220.0,560.0,1085.0,620.0,3750.0,65.0,2050.0,8250.0,5050.0,6800.0,8050.0,2400.0,21142.474609375,2650.0,1210.0,1190.0,545.0,2200.0,1310.0,1890.0,1032.406982421875,2280.0,332.0,2670.0,3460.0,585.0,28629.705078125,2600.0,3250.0
2025-12-29,7025.0,1557.1470947265625,1715.05859375,1250.0,6650.0,1955.0,3300.0,6675.0,7688.42919921875,3920.933837890625,3421.666748046875,1150.0,4974.5048828125,3280.0,366.0,4540.0,2380.0,690.0,1115.0,620.0,3830.0,64.0,2300.0,8300.0,5075.0,6775.0,8350.0,2440.0,21118.44921875,2630.0,1230.0,1175.0,580.0,2320.0,1355.0,1900.0,1060.9527587890625,2320.0,338.0,2620.0,3490.0,595.0,28581.42578125,2600.0,3270.0
2025-12-30,6975.0,1518.2183837890625,1724.7208251953125,1260.0,6425.0,1975.0,3150.0,6700.0,7736.33251953125,4022.178466796875,3437.6337890625,1175.0,4999.009765625,3270.0,366.0,4510.0,2340.0,670.0,1085.0,605.0,3750.0,64.0,2150.0,8200.0,5175.0,6775.0,8500.0,2320.0,21022.34765625,2620.0,1205.0,1165.0,570.0,2280.0,1345.0,1910.0,1070.468017578125,2310.0,338.0,2640.0,3480.0,585.0,28484.8671875,2600.0,3250.0
2026-01-02,7050.0,1600.94189453125,1734.2496337890625,1280.0,6800.0,1985.0,3210.0,6800.0,7688.42919921875,3920.933837890625,3418.848876953125,1160.0,4974.5048828125,3190.0,420.0,4540.0,2290.0,750.0,1100.0,615.0,3750.0,69.0,2150.0,8075.0,5300.0,6675.0,8775.0,2360.0,21166.5,2900.0,1205.0,1180.0,620.0,2330.0,1450.0,1930.0,1075.2257080078125,2320.0,346.0,2660.0,3470.0,585.0,29064.21875,2620.0,3330.0
2026-01-05,7025.0,1600.94189453125,1753.307373046875,1300.0,7000.0,2000.0,3390.0,6875.0,7736.33251953125,3893.321533203125,3409.45654296875,1160.0,4950.0,3190.0,464.0,4570.0,2240.0,755.0,1075.0,620.0,3820.0,68.0,2270.0,8100.0,5600.0,6850.0,8925.0,2330.0,21070.3984375,2850.0,1225.0,1185.0,625.0,2480.0,1485.0,1955.0,1103.771484375,2340.0,340.0,2650.0,3580.0,575.0,29740.130859375,2580.0,3530.0
2026-01-06,7075.0,1756.6566162109375,1777.1295166015625,1285.0,7750.0,1995.0,3450.0,6900.0,7832.13818359375,3902.525634765625,3456.418701171875,1170.0,4880.0,3150.0,464.0,4580.0,2200.0,815.0,1125.0,640.0,3800.0,68.0,2250.0,8100.0,5625.0,7000.0,9550.0,2160.0,21118.44921875,2740.0,1195.0,1175.0,660.0,2700.0,1500.0,1900.0,1118.04443359375,2370.0,354.0,2610.0,3520.0,565.0,30198.787109375,2610.0,3460.0
2026-01-07,7350.0,1805.3175048828125,1915.2977294921875,1265.0,7975.0,1995.0,3850.0,7025.0,7808.18701171875,3865.70947265625,3475.20361328125,1165.0,4810.0,3050.0,452.0,4550.0,2080.0,800.0,1160.0,635.0,4000.0,67.0,2220.0,8050.0,6325.0,6725.0,9825.0,2150.0,21166.5,2550.0,1195.0,1170.0,670.0,2720.0,1470.0,1945.0,1141.8326416015625,2420.0,350.0,2630.0,3540.0,565.0,30416.04296875,2600.0,3340.0
2026-01-08,7400.0,1664.200927734375,1934.3553466796875,1245.0,7900.0,1975.0,3490.0,7000.0,7712.380859375,3874.91357421875,3484.595947265625,1160.0,4810.0,3090.0,460.0,4500.0,2050.0,800.0,1150.0,620.0,4300.0,66.0,2220.0,8025.0,6000.0,6625.0,9700.0,2170.0,21142.474609375,2540.0,1190.0,1145.0,630.0,2560.0,1405.0,1960.0,1122.8021240234375,2390.0,340.0,2610.0,3530.0,555.0,30560.8828125,2620.0,3360.0
2026-01-09,7250.0,1703.129638671875,2001.057373046875,1235.0,8150.0,1955.0,3630.0,6875.0,7784.2353515625,3847.30126953125,3456.418701171875,1160.0,4760.0,3100.0,462.0,4490.0,2010.0,810.0,1140.0,620.0,4260.0,66.0,2380.0,8000.0,6300.0,6600.0,9675.0,2160.0,21070.3984375,2590.0,1185.0,1145.0,650.0,2700.0,1485.0,1975.0,1137.074951171875,2390.0,338.0,2630.0,3450.0,570.0,30416.04296875,2620.0,3370.0
2026-01-12,7150.0,1888.0408935546875,2048.701416015625,1245.0,7925.0,1940.0,3830.0,7000.0,7688.42919921875,3884.117431640625,3475.20361328125,1160.0,4770.0,2880.0,436.0,4480.0,1915.0,790.0,1065.0,625.0,4010.0,66.0,2770.0,7900.0,6400.0,6600.0,9900.0,2170.0,20998.322265625,2600.0,1220.0,1155.0,650.0,2890.0,1530.0,1965.0,1108.5291748046875,2380.0,326.0,2650.0,3520.0,560.0,30271.205078125,2600.0,3200.0
2026-01-13,7450.0,1956.166015625,2182.10546875,1240.0,8100.0,1975.0,3880.0,7300.0,7736.33251953125,3994.56640625,3493.988525390625,1165.0,4820.0,2810.0,406.0,4520.0,1930.0,710.0,1015.0,670.0,3910.0,67.0,2580.0,7975.0,6575.0,6700.0,10200.0,2160.0,21142.474609375,2740.0,1230.0,1150.0,775.0,3120.0,1500.0,1980.0,1208.4395751953125,2420.0,318.0,2630.0,3620.0,555.0,30367.763671875,2600.0,3030.0
2026-01-14,7450.0,1922.103515625,2124.932373046875,1245.0,8075.0,1990.0,4090.0,7125.0,7664.47802734375,4012.974609375,3493.988525390625,1200.0,4840.0,2830.0,422.0,4550.0,1910.0,750.0,1045.0,695.0,4110.0,69.0,2600.0,7950.0,6400.0,6725.0,10150.0,2230.0,21286.62890625,2610.0,1230.0,1180.0,770.0,3060.0,1480.0,2030.0,1198.9241943359375,2440.0,324.0,2610.0,3650.0,550.0,30416.04296875,2580.0,3110.0
2026-01-15,7500.0,1926.9696044921875,2124.932373046875,1250.0,8025.0,1980.0,4050.0,7050.0,7736.33251953125,4178.64794921875,3587.912841796875,1220.0,4990.0,2830.0,410.0,4570.0,1850.0,765.0,1050.0,660.0,4010.0,68.0,2520.0,8050.0,6350.0,6750.0,10000.0,2260.0,21406.755859375,2700.0,1205.0,1180.0,790.0,2990.0,1460.0,2020.0,1236.9853515625,2450.0,330.0,2640.0,3660.0,550.0,29981.529296875,2450.0,3070.0
2026-01-19,7500.0,1883.1748046875,2067.75927734375,1295.0,7650.0,1940.0,4000.0,7400.0,7784.2353515625,4252.2802734375,3606.69775390625,1220.0,5000.0,2950.0,412.0,4430.0,2020.0,755.0,1035.0,675.0,3940.0,66.0,2560.0,8100.0,6400.0,6825.0,10000.0,2260.0,21454.806640625,2780.0,1215.0,1175.0,770.0,3060.0,1480.0,2040.0,1213.1971435546875,2460.0,322.0,2670.0,3620.0,545.0,30416.04296875,2330.0,3150.0
2026-01-20,7500.0,2004.826904296875,2134.461181640625,1330.0,7625.0,1930.0,4120.0,7275.0,7664.47802734375,4206.259765625,3616.09033203125,1220.0,5025.0,2900.0,414.0,4420.0,1970.0,770.0,1040.0,665.0,4270.0,66.0,2620.0,8125.0,6225.0,6700.0,10100.0,2240.0,21526.884765625,2930.0,1190.0,1200.0,770.0,3210.0,1470.0,2080.0,1198.9241943359375,2470.0,322.0,2640.0,3600.0,560.0,30874.69921875,2320.0,3100.0
2026-01-21,7425.0,1946.4339599609375,2153.518798828125,1295.0,7600.0,1940.0,4270.0,6600.0,7377.06005859375,4224.66796875,3587.912841796875,1215.0,4990.0,2860.0,386.0,4450.0,1895.0,735.0,1075.0,665.0,4150.0,64.0,2550.0,8100.0,6450.0,6700.0,10075.0,2230.0,21430.78125,2930.0,1200.0,1210.0,780.0,3310.0,1480.0,2090.0,1170.37841796875,2480.0,314.0,2610.0,3600.0,575.0,26264.01171875,2290.0,2980.0
2026-01-22,7975.0,2111.880859375,2239.2783203125,1320.0,7675.0,1950.0,4220.0,6775.0,7329.15673828125,4224.66796875,3578.5205078125,1230.0,4980.0,2750.0,348.0,4500.0,1815.0,665.0,1045.0,670.0,4310.0,62.0,2320.0,8325.0,6525.0,6750.0,10600.0,2420.0,21839.216796875,2880.0,1225.0,1265.0,790.0,3240.0,1520.0,2160.0,1170.37841796875,2530.0,304.0,2650.0,3740.0,620.0,26505.41015625,2280.0,2870.0
2026-01-23,8450.0,2218.9345703125,2286.922607421875,1305.0,7200.0,1935.0,4290.0,6825.0,7329.15673828125,4233.8720703125,3616.09033203125,1230.0,4990.0,2590.0,360.0,4360.0,1735.0,685.0,1035.0,705.0,4360.0,60.0,2330.0,8275.0,6775.0,6825.0,10575.0,2400.0,21622.986328125,2900.0,1220.0,1255.0,795.0,3300.0,1515.0,2270.0,1146.5902099609375,2560.0,302.0,2730.0,3770.0,625.0,26336.431640625,2250.0,2930.0
2026-01-26,8425.0,2218.9345703125,2277.393798828125,1355.0,7850.0,1925.0,4760.0,6875.0,7329.15673828125,4169.44384765625,3616.09033203125,1230.0,4910.0,2580.0,332.0,4390.0,1710.0,630.0,1010.0,730.0,4360.0,60.0,2440.0,8400.0,6825.0,6800.0,10500.0,2400.0,21767.138671875,2840.0,1180.0,1275.0,805.0,3450.0,1575.0,2260.0,1184.6513671875,2590.0,286.0,2690.0,3850.0,625.0,26336.431640625,2150.0,2780.0
2026-01-27,7950.0,2160.541748046875,2182.10546875,1345.0,7800.0,1870.0,4610.0,6300.0,7185.44775390625,4141.83154296875,3587.912841796875,1245.0,4810.0,2700.0,344.0,4360.0,1780.0,670.0,1040.0,715.0,4490.0,65.0,2410.0,8225.0,6800.0,6700.0,10525.0,2460.0,21334.6796875,2880.0,1135.0,1240.0,765.0,3210.0,1530.0,2160.0,1184.6513671875,2590.0,304.0,2660.0,3940.0,600.0,24791.490234375,2060.0,2770.0
2026-01-28,7700.0,2024.291259765625,2105.87451171875,1280.0,7000.0,1735.0,4420.0,6175.0,6730.36962890625,4086.607177734375,3371.88671875,1195.0,4560.0,2300.0,294.0,4360.0,1560.0,570.0,885.0,645.0,3820.0,60.0,2400.0,7775.0,6375.0,6850.0,9325.0,2200.0,21070.3984375,2750.0,1100.0,1175.0,755.0,3240.0,1515.0,2120.0,1075.2257080078125,2450.0,260.0,2500.0,3470.0,555.0,24091.4375,1980.0,2530.0
2026-01-29,7400.0,2043.755615234375,2115.403564453125,1205.0,7150.0,1640.0,4320.0,6475.0,6898.0302734375,4068.198974609375,3550.343017578125,1180.0,4630.0,2200.0,250.0,4310.0,1850.0,525.0,855.0,670.0,3250.0,63.0,2330.0,7675.0,6100.0,6775.0,9100.0,2240.0,21334.6796875,2600.0,1085.0,1160.0,720.0,3170.0,1505.0,2080.0,980.072998046875,2440.0,242.0,2420.0,3450.0,520.0,23560.36328125,1860.0,2510.0
2026-01-30,7600.0,1931.835693359375,2105.87451171875,1260.0,7600.0,1745.0,4210.0,6350.0,7089.64208984375,4132.62744140625,3578.5205078125,1230.0,4820.0,2160.0,258.0,4430.0,1800.0,540.0,975.0,655.0,3300.0,64.0,2230.0,7950.0,6450.0,6800.0,9100.0,2230.0,21094.423828125,2770.0,1145.0,1185.0,700.0,3210.0,1520.0,2120.0,1060.9527587890625,2480.0,250.0,2450.0,3600.0,525.0,25153.5859375,1925.0,2500.0
2026-02-02,8075.0,1800.451416015625,2039.1727294921875,1240.0,6475.0,1725.0,3810.0,6275.0,7281.25390625,4141.83154296875,3597.305419921875,1220.0,4800.0,1840.0,220.0,4440.0,1530.0,460.0,830.0,585.0,2910.0,61.0,1900.0,8375.0,5925.0,7025.0,8200.0,2220.0,21046.373046875,2670.0,1140.0,1205.0,595.0,2730.0,1425.0,2180.0,1065.71044921875,2540.0,214.0,2580.0,3500.0,530.0,23608.642578125,2030.0,2260.0
2026-02-03,8300.0,1844.24609375,2048.701416015625,1325.0,6875.0,1750.0,3930.0,6800.0,7329.15673828125,4224.66796875,3569.1279296875,1225.0,4830.0,1980.0,264.0,4530.0,1665.0,525.0,875.0,610.0,3130.0,62.0,2160.0,8575.0,6200.0,7200.0,9025.0,2200.0,21166.5,2790.0,1150.0,1225.0,650.0,2950.0,1455.0,2160.0,1065.71044921875,2520.0,252.0,2540.0,3450.0,540.0,25274.283203125,2010.0,2390.0
2026-02-04,8200.0,1868.5765380859375,2077.2880859375,1295.0,7475.0,1730.0,3990.0,6675.0,7472.86572265625,4261.484375,3634.875,1340.0,5000.0,2130.0,246.0,4450.0,1715.0,505.0,890.0,635.0,3100.0,62.0,2260.0,8300.0,6600.0,7050.0,8900.0,2140.0,21190.525390625,2600.0,1140.0,1245.0,670.0,3030.0,1490.0,2200.0,1065.71044921875,2550.0,246.0,2550.0,3330.0,530.0,26891.64453125,2050.0,2340.0
2026-02-05,8200.0,1751.79052734375,2001.057373046875,1285.0,7350.0,1770.0,3810.0,6950.0,7472.86572265625,4206.259765625,3616.09033203125,1320.0,5050.0,2100.0,240.0,4520.0,1710.0,500.0,910.0,630.0,2920.0,60.0,2120.0,8300.0,6300.0,7000.0,9100.0,2130.0,21262.603515625,2590.0,1115.0,1235.0,650.0,3060.0,1430.0,2200.0,1084.740966796875,2590.0,260.0,2600.0,3290.0,535.0,26457.130859375,2210.0,2330.0
2026-02-06,8025.0,1693.3974609375,1981.9996337890625,1270.0,7250.0,1810.0,3710.0,6700.0,7353.1083984375,4169.44384765625,3550.343017578125,1280.0,5050.0,1945.0,226.0,4490.0,1630.0,464.0,855.0,610.0,2890.0,60.0,2260.0,8075.0,6100.0,6850.0,8850.0,2150.0,21094.423828125,2500.0,1120.0,1215.0,615.0,2850.0,1480.0,2230.0,1070.468017578125,2550.0,238.0,2630.0,3380.0,525.0,25491.541015625,2300.0,2200.0
2026-02-09,7975.0,1746.9244384765625,2029.643798828125,1265.0,7425.0,1920.0,3890.0,6650.0,7185.44775390625,4160.23974609375,3540.95068359375,1255.0,5000.0,1995.0,240.0,4530.0,1645.0,500.0,855.0,615.0,2930.0,60.0,2250.0,8075.0,6275.0,6825.0,9175.0,2110.0,21166.5,2550.0,1105.0,1200.0,655.0,3040.0,1475.0,2220.0,1070.468017578125,2580.0,256.0,2570.0,3350.0,530.0,26070.89453125,2300.0,2250.0
2026-02-10,8275.0,1839.3800048828125,2067.75927734375,1305.0,7650.0,1950.0,3890.0,6850.0,7161.49658203125,4151.03564453125,3550.343017578125,1295.0,5100.0,2030.0,248.0,4450.0,1640.0,505.0,895.0,620.0,2900.0,59.0,2500.0,8125.0,6350.0,6900.0,9100.0,2200.0,21238.578125,2580.0,1110.0,1200.0,685.0,3090.0,1550.0,2220.0,1084.740966796875,2580.0,288.0,2800.0,3400.0,525.0,26529.548828125,2300.0,2310.0
2026-02-11,8600.0,1883.1748046875,2115.403564453125,1295.0,7800.0,1930.0,3990.0,6750.0,7137.544921875,4123.42333984375,3569.1279296875,1345.0,5025.0,2280.0,272.0,4480.0,1925.0,565.0,925.0,615.0,3010.0,60.0,2530.0,8175.0,6850.0,6700.0,9375.0,2210.0,21382.73046875,2580.0,1105.0,1330.0,730.0,3160.0,1580.0,2230.0,1132.3173828125,2550.0,308.0,2830.0,3530.0,525.0,27470.998046875,2260.0,2440.0
2026-02-12,8650.0,1873.442626953125,2115.403564453125,1285.0,7775.0,1885.0,4120.0,6775.0,7017.78759765625,4151.03564453125,3559.735595703125,1360.0,5075.0,2200.0,270.0,4410.0,1825.0,565.0,925.0,620.0,3010.0,60.0,2650.0,8200.0,7100.0,6775.0,9550.0,2220.0,21166.5,2550.0,1100.0,1295.0,735.0,3190.0,1580.0,2220.0,1146.5902099609375,2550.0,308.0,3200.0,3560.0,525.0,27760.673828125,2300.0,2470.0
2026-02-13,8700.0,1815.049560546875,2115.403564453125,1280.0,7550.0,1845.0,4050.0,6650.0,6898.0302734375,4123.42333984375,3550.343017578125,1365.0,5075.0,2150.0,292.0,4300.0,1810.0,620.0,925.0,610.0,2850.0,59.0,2580.0,8200.0,6975.0,6675.0,9850.0,2230.0,21334.6796875,2560.0,1080.0,1325.0,725.0,3220.0,1580.0,2130.0,1122.8021240234375,2550.0,306.0,3010.0,3450.0,525.0,28388.306640625,2300.0,2450.0
2026-02-18,8900.0,1912.371337890625,2143.989990234375,1300.0,7525.0,1910.0,4050.0,6700.0,6969.884765625,4132.62744140625,3597.305419921875,1390.0,5275.0,2150.0,284.0,4270.0,1795.0,630.0,980.0,620.0,2890.0,60.0,2600.0,8200.0,6850.0,6750.0,9875.0,2240.0,21478.83203125,2560.0,1080.0,1320.0,785.0,3290.0,1685.0,2160.0,1103.771484375,2620.0,308.0,2950.0,3490.0,525.0,28943.521484375,2260.0,2560.0
2026-02-19,9550.0,1975.63037109375,2191.63427734375,1315.0,7675.0,1900.0,4230.0,6600.0,6874.07861328125,4095.81103515625,3540.95068359375,1365.0,5075.0,2100.0,300.0,4270.0,1755.0,640.0,990.0,630.0,2860.0,61.0,2700.0,8125.0,6850.0,6725.0,10300.0,2220.0,21719.087890625,2480.0,1080.0,1330.0,905.0,3530.0,1710.0,2180.0,1099.013916015625,2640.0,312.0,2860.0,3480.0,515.0,29233.197265625,2220.0,2510.0
2026-02-20,9325.0,2014.55908203125,2191.63427734375,1315.0,7900.0,1815.0,4220.0,6550.0,6921.9814453125,4114.21923828125,3606.69775390625,1365.0,5125.0,2020.0,294.0,4330.0,1735.0,615.0,970.0,630.0,3120.0,61.0,2750.0,8025.0,6900.0,6650.0,9800.0,2260.0,21598.9609375,2380.0,1055.0,1315.0,855.0,3590.0,1730.0,2190.0,1084.740966796875,2620.0,306.0,3070.0,3480.0,515.0,29667.712890625,2240.0,2500.0
2026-02-23,9300.0,2034.0234375,2210.69189453125,1325.0,7800.0,1800.0,4390.0,6625.0,6993.8359375,4141.83154296875,3663.052490234375,1380.0,5275.0,2140.0,296.0,4430.0,1800.0,615.0,990.0,660.0,3280.0,62.0,2850.0,8150.0,7100.0,6650.0,10250.0,2330.0,21743.11328125,2420.0,1080.0,1360.0,875.0,3740.0,1730.0,2270.0,1089.4986572265625,2630.0,308.0,3200.0,3550.0,520.0,29667.712890625,2370.0,2550.0
2026-02-24,8950.0,1965.898193359375,2182.10546875,1300.0,7450.0,1785.0,4380.0,6550.0,6921.9814453125,4095.81103515625,3634.875,1380.0,5375.0,2030.0,274.0,4360.0,1720.0,560.0,925.0,630.0,3170.0,61.0,2830.0,7950.0,7000.0,6600.0,10300.0,2330.0,21767.138671875,2420.0,1060.0,1300.0,880.0,3790.0,1685.0,2250.0,1056.1951904296875,2590.0,292.0,3110.0,3580.0,510.0,29740.130859375,2350.0,2480.0
2026-02-25,9225.0,2092.41650390625,2258.336181640625,1305.0,7300.0,1735.0,4460.0,6650.0,7017.78759765625,4141.83154296875,3728.799560546875,1395.0,5300.0,2020.0,270.0,4340.0,1680.0,555.0,920.0,630.0,3360.0,60.0,2980.0,8025.0,7350.0,6575.0,12000.0,2380.0,21695.0625,2410.0,1115.0,1320.0,845.0,3820.0,1730.0,2290.0,1060.9527587890625,2630.0,284.0,3030.0,3600.0,515.0,30416.04296875,2330.0,2640.0
2026-02-26,9250.0,2024.291259765625,2210.69189453125,1250.0,7300.0,1720.0,4330.0,6725.0,6993.8359375,4105.01513671875,3710.0146484375,1405.0,5325.0,1950.0,258.0,4410.0,1650.0,525.0,900.0,615.0,3180.0,60.0,3200.0,7900.0,7100.0,6725.0,11825.0,2320.0,21574.935546875,2350.0,1075.0,1300.0,820.0,3640.0,1680.0,2300.0,1046.679931640625,2610.0,278.0,2890.0,3650.0,510.0,29353.896484375,2310.0,2510.0
2026-02-27,9250.0,2043.755615234375,2229.74951171875,1295.0,7650.0,1670.0,4350.0,6675.0,6874.07861328125,4049.790771484375,3672.44482421875,1390.0,5275.0,1990.0,258.0,4250.0,1600.0,525.0,890.0,645.0,3170.0,61.0,3240.0,7850.0,7900.0,6450.0,11600.0,2310.0,21887.267578125,2380.0,1100.0,1340.0,855.0,3750.0,1725.0,2390.0,1032.406982421875,2600.0,276.0,2920.0,3540.0,505.0,27615.8359375,2380.0,2570.0
2026-03-02,9900.0,2063.219970703125,2296.451416015625,1370.0,7300.0,1600.0,4610.0,6300.0,6730.36962890625,3957.75,3587.912841796875,1315.0,5075.0,1810.0,248.0,3940.0,1470.0,500.0,830.0,725.0,2960.0,59.0,3250.0,7600.0,7325.0,6400.0,11075.0,2210.0,22584.0078125,2370.0,1050.0,1200.0,815.0,3940.0,1995.0,2450.0,1037.1646728515625,2750.0,256.0,2780.0,3450.0,500.0,27712.39453125,2250.0,2350.0
2026-03-03,10575.0,2072.9521484375,2353.62451171875,1325.0,6825.0,1600.0,4410.0,6275.0,6778.2724609375,3957.75,3540.95068359375,1340.0,5100.0,1780.0,252.0,4000.0,1450.0,500.0,820.0,750.0,2930.0,58.0,3090.0,7700.0,7200.0,6400.0,10825.0,2290.0,24025.541015625,2430.0,1035.0,1215.0,770.0,3660.0,1900.0,2400.0,1037.1646728515625,2920.0,254.0,2720.0,3450.0,494.0,28436.5859375,2080.0,2270.0
2026-03-04,10300.0,1956.166015625,2286.922607421875,1220.0,6100.0,1550.0,4050.0,6150.0,6586.66064453125,3819.68896484375,3465.81103515625,1255.0,4980.0,1640.0,234.0,3670.0,1335.0,466.0,780.0,740.0,2820.0,57.0,3000.0,7475.0,6475.0,6125.0,9725.0,2180.0,24025.541015625,2280.0,1015.0,1155.0,710.0,3430.0,1820.0,2340.0,989.5882568359375,2860.0,234.0,2500.0,3200.0,474.0,27905.513671875,1935.0,2160.0
2026-03-05,10325.0,1965.898193359375,2315.50927734375,1265.0,6300.0,1555.0,4130.0,6325.0,6802.22412109375,3939.342041015625,3522.165771484375,1315.0,5125.0,1635.0,240.0,3680.0,1320.0,468.0,770.0,785.0,2870.0,57.0,2950.0,7475.0,6325.0,6225.0,10050.0,2240.0,24962.53515625,2330.0,1040.0,1175.0,725.0,3620.0,1820.0,2400.0,989.5882568359375,2970.0,246.0,2670.0,3260.0,484.0,28605.564453125,1990.0,2190.0
2026-03-06,10300.0,1926.9696044921875,2286.922607421875,1255.0,6125.0,1520.0,4040.0,6125.0,6706.41796875,3930.137939453125,3447.0263671875,1340.0,4980.0,1555.0,230.0,3620.0,1320.0,438.0,735.0,770.0,2760.0,56.0,2760.0,7450.0,6200.0,6275.0,9200.0,2160.0,25923.55859375,2350.0,1025.0,1125.0,715.0,3480.0,1765.0,2370.0,975.3153686523438,2980.0,242.0,2660.0,3190.0,480.0,28677.984375,1975.0,2100.0
2026-03-09,10450.0,1892.906982421875,2239.2783203125,1260.0,5700.0,1435.0,3820.0,5850.0,6586.66064453125,3948.5458984375,3353.101806640625,1275.0,4820.0,1500.0,220.0,3510.0,1280.0,410.0,705.0,755.0,2580.0,55.0,2600.0,7125.0,6075.0,6050.0,8875.0,2000.0,27196.912109375,2170.0,995.0,1125.0,660.0,3330.0,1690.0,2050.0,927.739013671875,2950.0,230.0,2520.0,3100.0,458.0,28557.28515625,1880.0,1945.0
2026-03-10,10375.0,1907.5052490234375,2267.864990234375,1245.0,5825.0,1435.0,4020.0,6000.0,6682.466796875,3920.933837890625,3343.70947265625,1285.0,4910.0,1500.0,240.0,3500.0,1275.0,460.0,730.0,735.0,2850.0,55.0,2700.0,7250.0,6325.0,6000.0,9700.0,2050.0,26932.630859375,2330.0,1000.0,1195.0,755.0,3500.0,1725.0,1970.0,951.5271606445312,2950.0,248.0,2650.0,2960.0,466.0,28750.40234375,1945.0,2090.0
2026-03-11,9625.0,1810.1834716796875,2239.2783203125,1235.0,5500.0,1440.0,3970.0,5950.0,6538.7578125,3948.5458984375,3362.494384765625,1290.0,4880.0,1470.0,226.0,3630.0,1305.0,428.0,745.0,720.0,2780.0,57.0,2680.0,7250.0,6425.0,6025.0,9225.0,2030.0,25226.81640625,2280.0,1000.0,1170.0,740.0,3370.0,1665.0,1955.0,951.5271606445312,2870.0,254.0,2590.0,3000.0,466.0,28002.072265625,2000.0,2280.0
2026-03-12,10175.0,1829.6478271484375,2382.211181640625,1235.0,5525.0,1450.0,3890.0,5950.0,6610.6123046875,3939.342041015625,3353.101806640625,1270.0,4960.0,1435.0,218.0,3680.0,1230.0,410.0,725.0,755.0,2820.0,56.0,2630.0,7575.0,6025.0,6050.0,9175.0,2140.0,26644.32421875,2280.0,1000.0,1140.0,725.0,3370.0,1730.0,2040.0,942.0119018554688,2910.0,254.0,2550.0,3020.0,462.0,28943.521484375,1890.0,2100.0
2026-03-13,10375.0,1888.0408935546875,2363.1533203125,1240.0,4950.0,1460.0,3810.0,5825.0,6586.66064453125,3902.525634765625,3296.7470703125,1260.0,4750.0,1370.0,210.0,3600.0,1195.0,396.0,705.0,735.0,2650.0,55.0,2490.0,7250.0,5650.0,5900.0,9025.0,2000.0,26644.32421875,2250.0,965.0,1090.0,705.0,3190.0,1700.0,1940.0,908.7084350585938,2910.0,256.0,2490.0,2970.0,452.0,28074.490234375,1870.0,2040.0
2026-03-16,10350.0,1824.78173828125,2325.0380859375,1285.0,4510.0,1420.0,3640.0,5850.0,6466.9033203125,3976.158203125,3268.56982421875,1250.0,4700.0,1250.0,204.0,3970.0,1095.0,394.0,710.0,745.0,2560.0,52.0,2600.0,7075.0,5350.0,5975.0,8975.0,2020.0,26740.42578125,2190.0,970.0,1080.0,685.0,3060.0,1750.0,1935.0,903.9508056640625,2920.0,274.0,2430.0,2960.0,446.0,28460.7265625,1855.0,1995.0
2026-03-17,10500.0,1912.371337890625,2334.56689453125,1265.0,4630.0,1445.0,3750.0,5800.0,6490.8544921875,4040.586669921875,3268.56982421875,1270.0,4730.0,1355.0,206.0,3970.0,1125.0,394.0,795.0,740.0,2960.0,51.0,2510.0,7100.0,5575.0,5975.0,9500.0,2150.0,26908.60546875,2240.0,985.0,1105.0,700.0,3310.0,1800.0,1995.0,899.1931762695312,2910.0,270.0,2520.0,3050.0,478.0,28967.66015625,2000.0,2000.0
2026-03-25,11175.0,1956.166015625,2506.086181640625,1330.0,5000.0,1525.0,3620.0,6600.0,6610.6123046875,4040.0,3324.924560546875,1285.0,4970.0,1405.0,226.0,4140.0,1175.0,460.0,835.0,755.0,2920.0,53.0,2440.0,7250.0,5725.0,6025.0,9700.0,2200.0,28878.69921875,2300.0,995.0,1185.0,730.0,3190.0,1750.0,1955.0,946.76953125,3160.0,278.0,2610.0,3300.0,500.0,29715.9921875,1935.0,2200.0
2026-03-26,10975.0,1892.906982421875,2458.44189453125,1330.0,4900.0,1460.0,3430.0,6250.0,6586.66064453125,4000.0,3277.96240234375,1290.0,4840.0,1315.0,214.0,4030.0,1125.0,440.0,845.0,750.0,2910.0,52.0,2350.0,7275.0,5600.0,6075.0,9950.0,2130.0,28350.13671875,2490.0,985.0,1130.0,690.0,3240.0,1830.0,1865.0,946.76953125,3130.0,270.0,2580.0,3170.0,498.0,29740.130859375,1940.0,2180.0
2026-03-27,10725.0,1917.2374267578125,2420.326416015625,1355.0,4850.0,1455.0,3500.0,6125.0,6419.0,3900.0,3212.215087890625,1260.0,4760.0,1330.0,214.0,4100.0,1150.0,448.0,820.0,755.0,2830.0,51.0,2390.0,7100.0,5350.0,5975.0,9875.0,2090.0,27701.447265625,2470.0,960.0,1090.0,665.0,3230.0,1840.0,1835.0,956.2847900390625,3100.0,262.0,2500.0,3050.0,490.0,29547.013671875,1860.0,2200.0
2026-03-30,11675.0,1965.898193359375,2496.55712890625,1425.0,4880.0,1405.0,3500.0,6350.0,6450.0,3850.0,3155.860595703125,1265.0,4700.0,1330.0,226.0,4010.0,1130.0,456.0,800.0,760.0,2850.0,52.0,2200.0,7225.0,5100.0,5950.0,9900.0,2080.0,28902.724609375,2440.0,940.0,1160.0,680.0,3100.0,1930.0,1895.0,970.5577392578125,3150.0,256.0,2460.0,3040.0,490.0,30053.947265625,1835.0,2170.0
2026-03-31,11275.0,1931.835693359375,2458.44189453125,1405.0,4920.0,1480.0,3500.0,6250.0,6450.0,3760.0,3127.68310546875,1255.0,4720.0,1365.0,216.0,4100.0,1060.0,436.0,765.0,710.0,2950.0,51.0,2180.0,7350.0,5350.0,6350.0,10150.0,2090.0,28566.3671875,2350.0,970.0,1205.0,730.0,3140.0,1825.0,1845.0,970.5577392578125,3180.0,260.0,2460.0,3060.0,488.0,29981.529296875,1820.0,2130.0
2026-04-01,10625.0,1956.166015625,2372.68212890625,1345.0,5125.0,1475.0,3710.0,6250.0,6500.0,3720.0,3146.468017578125,1275.0,4720.0,1460.0,238.0,4150.0,1130.0,505.0,760.0,670.0,3000.0,53.0,2540.0,7400.0,5750.0,6575.0,9950.0,2100.0,26692.375,2460.0,980.0,1250.0,730.0,3340.0,1685.0,1840.0,1003.8611450195312,2980.0,272.0,2480.0,3150.0,498.0,29860.830078125,1910.0,2260.0
2026-04-02,10850.0,1829.6478271484375,2382.211181640625,1350.0,4700.0,1440.0,3640.0,6075.0,6575.0,3700.0,3118.290771484375,1265.0,4650.0,1280.0,228.0,4250.0,1045.0,468.0,735.0,675.0,2900.0,53.0,2340.0,7375.0,5500.0,6625.0,9625.0,2080.0,26259.916015625,2440.0,970.0,1305.0,730.0,3260.0,1605.0,1795.0,970.5577392578125,2910.0,260.0,2460.0,3130.0,494.0,29691.8515625,1930.0,2130.0
2026-04-06,10875.0,1761.522705078125,2391.739990234375,1325.0,5025.0,1455.0,3650.0,6100.0,6500.0,3640.0,3108.8984375,1255.0,4610.0,1345.0,242.0,4150.0,1110.0,484.0,740.0,665.0,2900.0,52.0,2430.0,7425.0,5675.0,6575.0,9675.0,2030.0,25611.2265625,2440.0,960.0,1240.0,710.0,3250.0,1600.0,1800.0,961.04248046875,2980.0,260.0,2430.0,3160.0,492.0,29498.734375,1915.0,2140.0
2026-04-07,10550.0,1669.0670166015625,2296.451416015625,1400.0,4870.0,1405.0,3470.0,5900.0,6500.0,3510.0,3033.7587890625,1265.0,4510.0,1460.0,236.0,4230.0,1170.0,476.0,720.0,725.0,2830.0,51.0,2420.0,7325.0,5725.0,6575.0,9775.0,2080.0,25611.2265625,2460.0,950.0,1270.0,695.0,3160.0,1630.0,1755.0,965.8001098632812,2930.0,258.0,2360.0,3100.0,486.0,28967.66015625,1905.0,2140.0
2026-04-08,10200.0,1727.4600830078125,2305.980224609375,1410.0,5525.0,1530.0,3740.0,6200.0,6750.0,3780.0,3137.07568359375,1295.0,4670.0,1765.0,252.0,4490.0,1230.0,515.0,785.0,720.0,3120.0,52.0,2570.0,7525.0,6200.0,6650.0,10025.0,2170.0,25154.740234375,2590.0,985.0,1320.0,780.0,3300.0,1555.0,1830.0,999.103515625,2860.0,280.0,2400.0,3160.0,496.0,30029.80859375,1955.0,2310.0
2026-04-09,10200.0,1712.86181640625,2296.451416015625,1390.0,5350.0,1505.0,3750.0,6175.0,6475.0,3710.0,3080.720947265625,1295.0,4570.0,1855.0,244.0,4400.0,1270.0,500.0,815.0,730.0,3090.0,52.0,2590.0,7450.0,6100.0,6600.0,9800.0,2120.0,26067.7109375,2540.0,980.0,1265.0,745.0,3230.0,1550.0,1790.0,984.8306274414062,2880.0,284.0,2380.0,3190.0,486.0,28991.80078125,1910.0,2260.0
2026-04-10,10125.0,1732.326171875,2325.0380859375,1390.0,5425.0,1490.0,3710.0,6300.0,6700.0,3730.0,3184.037841796875,1290.0,4670.0,1915.0,246.0,4400.0,1345.0,515.0,875.0,730.0,3160.0,52.0,2530.0,7375.0,6150.0,6700.0,9725.0,2160.0,25947.583984375,2590.0,985.0,1255.0,745.0,3220.0,1555.0,1820.0,999.103515625,2890.0,290.0,2410.0,3210.0,492.0,30222.92578125,1920.0,2340.0
2026-04-13,10450.0,1790.71923828125,2363.1533203125,1440.0,5425.0,1500.0,3750.0,6175.0,6575.0,3680.0,3165.2529296875,1275.0,4600.0,2190.0,244.0,4310.0,1430.0,525.0,925.0,765.0,3110.0,52.0,2480.0,7225.0,6150.0,6750.0,9675.0,2140.0,25611.2265625,2610.0,980.0,1255.0,730.0,3150.0,1650.0,1830.0,1013.37646484375,2920.0,290.0,2370.0,3190.0,486.0,29812.55078125,1910.0,2380.0
2026-04-14,10300.0,1863.71044921875,2334.56689453125,1440.0,5725.0,1530.0,3900.0,6150.0,6750.0,3740.0,3249.784912109375,1345.0,4710.0,2440.0,262.0,4330.0,1515.0,580.0,920.0,830.0,3190.0,52.0,2550.0,7225.0,6425.0,6825.0,9725.0,2100.0,26187.837890625,2670.0,980.0,1270.0,745.0,3210.0,1685.0,1845.0,1032.406982421875,2930.0,286.0,2380.0,3120.0,505.0,30222.92578125,1910.0,2470.0
2026-04-15,10800.0,1902.63916015625,2401.268798828125,1480.0,5600.0,1530.0,3940.0,6300.0,6550.0,3670.0,3193.430419921875,1345.0,4650.0,2380.0,252.0,4400.0,1495.0,555.0,920.0,785.0,3190.0,52.0,2580.0,7200.0,6800.0,6825.0,10000.0,2070.0,26356.017578125,2710.0,990.0,1300.0,740.0,3350.0,1685.0,1895.0,1041.9222412109375,2900.0,282.0,2400.0,3090.0,500.0,30391.904296875,1895.0,2470.0
2026-04-16,10950.0,1888.0408935546875,2391.739990234375,1445.0,5600.0,1540.0,4060.0,6200.0,6525.0,3700.0,3202.82275390625,1335.0,4640.0,2270.0,250.0,4470.0,1545.0,555.0,955.0,760.0,3160.0,52.0,2740.0,7275.0,6775.0,6975.0,10050.0,2070.0,25779.404296875,2670.0,975.0,1290.0,735.0,3320.0,1710.0,1905.0,1022.8917236328125,2870.0,290.0,2490.0,3120.0,510.0,30391.904296875,1860.0,2420.0
2026-04-17,11300.0,1883.1748046875,2439.38427734375,1480.0,5550.0,1530.0,4070.0,6375.0,6425.0,3710.0,3221.607666015625,1310.0,4620.0,2230.0,248.0,4530.0,1590.0,550.0,950.0,770.0,3280.0,52.0,2780.0,7300.0,6900.0,6975.0,9925.0,2050.0,25539.1484375,2730.0,960.0,1290.0,755.0,3370.0,1700.0,1910.0,989.5882568359375,2900.0,308.0,2480.0,3100.0,510.0,30609.162109375,1865.0,2520.0
2026-04-20,10950.0,1853.978271484375,2410.797607421875,1485.0,5550.0,1460.0,4010.0,6350.0,6475.0,3670.0,3231.0,1305.0,4620.0,2140.0,242.0,4480.0,1535.0,550.0,915.0,770.0,3200.0,53.0,2880.0,7175.0,6800.0,6925.0,10000.0,2020.0,25058.638671875,2690.0,935.0,1255.0,730.0,3350.0,1700.0,1910.0,989.5882568359375,2870.0,294.0,2390.0,3100.0,498.0,30512.603515625,1820.0,2480.0
2026-04-21,10875.0,1815.049560546875,2382.211181640625,1460.0,5650.0,1490.0,4030.0,6325.0,6500.0,3730.0,3270.0,1330.0,4700.0,2300.0,240.0,4500.0,1530.0,560.0,905.0,840.0,3210.0,56.0,2970.0,7150.0,6925.0,7000.0,10000.0,2020.0,25226.81640625,2650.0,940.0,1310.0,730.0,3370.0,1725.0,1915.0,980.072998046875,2910.0,286.0,2380.0,3010.0,505.0,30874.69921875,1800.0,2470.0
2026-04-22,10975.0,1805.3175048828125,2401.268798828125,1475.0,5475.0,1465.0,4100.0,6600.0,6450.0,3830.0,3240.0,1415.0,4750.0,2260.0,240.0,4390.0,1510.0,550.0,905.0,860.0,3170.0,56.0,3040.0,7100.0,6875.0,7025.0,9825.0,1985.0,25755.37890625,2600.0,940.0,1310.0,705.0,3400.0,1700.0,1945.0,980.072998046875,3000.0,286.0,2390.0,3000.0,505.0,31381.6328125,1765.0,2530.0
2026-04-23,10925.0,1795.5853271484375,2391.739990234375,1490.0,5225.0,1430.0,4020.0,6325.0,6425.0,3870.0,3160.0,1490.0,4630.0,2190.0,230.0,4290.0,1400.0,515.0,870.0,925.0,3140.0,54.0,3010.0,7075.0,6700.0,6975.0,9925.0,1955.0,25707.328125,2680.0,910.0,1305.0,675.0,3380.0,1800.0,1940.0,975.3153686523438,2960.0,268.0,2260.0,2880.0,505.0,31381.6328125,1675.0,2400.0
2026-04-24,10850.0,1829.6478271484375,2391.739990234375,1480.0,5000.0,1410.0,4050.0,6325.0,6050.0,3770.0,3070.0,1400.0,4500.0,2020.0,216.0,4140.0,1315.0,486.0,850.0,945.0,3070.0,52.0,2930.0,6825.0,6700.0,6900.0,9775.0,1970.0,25370.970703125,2630.0,875.0,1285.0,660.0,3380.0,1725.0,1930.0,951.5271606445312,2900.0,256.0,2130.0,2810.0,488.0,30754.0,1575.0,2250.0
2026-04-27,11000.0,1839.3800048828125,2391.739990234375,1560.0,5400.0,1405.0,4120.0,6125.0,5975.0,3720.0,3050.0,1380.0,4400.0,2000.0,224.0,4070.0,1315.0,500.0,830.0,960.0,3140.0,53.0,2900.0,6900.0,6850.0,6900.0,9900.0,2010.0,24458.0,2530.0,875.0,1330.0,680.0,3470.0,1740.0,1880.0,961.04248046875,2910.0,260.0,2060.0,2830.0,482.0,30675.0,1520.0,2320.0
2026-04-28,10900.0,1845.0,2410.0,1530.0,5125.0,1325.0,4040.0,6025.0,6000.0,3790.0,3070.0,1395.0,4430.0,2010.0,228.0,4090.0,1285.0,505.0,825.0,960.0,3030.0,53.0,2830.0,6775.0,6800.0,6825.0,9675.0,1950.0,25475.0,2350.0,885.0,1290.0,705.0,3420.0,1725.0,1905.0,975.3153686523438,2890.0,262.0,2040.0,2820.0,476.0,30175.0,1485.0,2330.0
2026-04-29,11300.0,1860.0,2440.0,1550.0,5200.0,1360.0,3880.0,6050.0,5975.0,3800.0,3070.0,1410.0,4430.0,1950.0,230.0,4110.0,1300.0,500.0,815.0,955.0,3000.0,55.0,2760.0,6725.0,6825.0,6850.0,9675.0,1985.0,26200.0,2440.0,875.0,1290.0,690.0,3400.0,1800.0,1920.0,970.5577392578125,2910.0,256.0,2090.0,2870.0,478.0,30425.0,1575.0,2370.0
2026-04-30,11600.0,1850.0,2520.0,1580.0,5100.0,1320.0,3740.0,5975.0,5850.0,3720.0,2990.0,1355.0,4390.0,1835.0,240.0,4010.0,1200.0,496.0,825.0,870.0,2940.0,54.0,2740.0,6775.0,6850.0,6750.0,9750.0,1995.0,26650.0,2480.0,865.0,1215.0,675.0,3230.0,1750.0,1940.0,980.0,2870.0,250.0,2000.0,2810.0,476.0,29050.0,1535.0,2350.0
